mtllib model_0.mtl
o model_0
v -0.9106302261352539 -0.8230987787246704 -0.39682668447494507 
v -0.7894848585128784 -0.8127622604370117 -0.5838043093681335 
v -0.7438358664512634 -0.8386034965515137 -0.5514622330665588 
v -0.6507821679115295 -0.7869210243225098 -0.7364185452461243 
v -0.5875759124755859 -0.8127622604370117 -0.7232795357704163 
v -0.6367363333702087 -0.8179305195808411 -0.4524146318435669 
v -0.529636800289154 -0.7920892238616943 -0.582793653011322 
v -0.40498000383377075 -0.8230987787246704 -0.5686439871788025 
v -0.38391122221946716 -0.8230987787246704 -0.7172154188156128 
v -0.45414042472839355 -0.802425742149353 -0.8486050963401794 
v -0.7578817009925842 -0.8386034965515137 -0.19569936394691467 
v -0.9036073088645935 -0.8592764735221863 -0.24320180714130402 
v -0.9913938045501709 -0.8230987787246704 -0.06633105129003525 
v -0.9457448124885559 -0.869612991809845 0.04787692055106163 
v -0.792996346950531 -0.8592764735221863 0.03271656855940819 
v -0.8474239706993103 -0.8592764735221863 0.41172531247138977 
v -0.7438358664512634 -0.843771755695343 0.35613736510276794 
v -0.6349806189537048 -0.8541082739830017 0.5906174778938293 
v -0.575285792350769 -0.8954542279243469 0.5734357237815857 
v -0.46116334199905396 -0.8489400148391724 0.40465047955513 
v -0.5559727549552917 -0.8179305195808411 0.15298868715763092 
v -0.6367363333702087 -0.8747812509536743 -0.07340587675571442 
v -0.29963618516921997 -0.9316319823265076 -0.37358081340789795 
v -0.34528517723083496 -0.8592764735221863 -0.6050288081169128 
v -0.11352881044149399 -0.8179305195808411 -0.7263116240501404 
v -0.12757465243339539 -0.8334352374076843 -0.891054093837738 
v -0.25047576427459717 -0.7817527651786804 -0.9355244636535645 
v 0.011128019541501999 -0.828266978263855 -0.9456313252449036 
v 0.08662440627813339 -0.843771755695343 -0.7748247385025024 
v 0.16738799214363098 -0.885117769241333 -0.4190618693828583 
v -0.9913938045501709 -0.7765845060348511 0.2540576756000519 
v -0.9316989779472351 -0.802425742149353 0.41172531247138977 
v -0.8105536103248596 -0.8386034965515137 0.5542325973510742 
v 0.1498306840658188 -0.7869210243225098 -0.9719092845916748 
v 0.34998390078544617 -0.8386034965515137 -0.8324340581893921 
v 0.43425893783569336 -0.8644447326660156 -0.6646595597267151 
v 0.34647244215011597 -0.9006224870681763 -0.5706653594970703 
v 0.39563289284706116 -0.7714162468910217 -0.8981289267539978 
v 0.6028090119361877 -0.8386034965515137 -0.6909374594688416 
v 0.7871606945991516 -0.8386034965515137 -0.46050015091896057 
v 0.6747939586639404 -0.7765845060348511 -0.68992680311203 
v 0.6870840787887573 -0.869612991809845 -0.44938257336616516 
v 0.8275424838066101 -0.8592764735221863 -0.32102492451667786 
v 0.7362444996833801 -0.885117769241333 -0.18357108533382416 
v 0.597541868686676 -0.8592764735221863 -0.471617728471756 
v 0.49922096729278564 -0.8747812509536743 0.2762928605079651 
v -0.19955958425998688 -0.9936509728431702 -0.06936311721801758 
v -0.35757526755332947 -0.869612991809845 0.16915972530841827 
v -0.48223212361335754 -0.8799495100975037 0.21767283976078033 
v -0.34177371859550476 -0.9006224870681763 0.43294981122016907 
v -0.33475080132484436 -0.9212955236434937 0.6532802581787109 
v -0.47169771790504456 -0.8644447326660156 0.6896650791168213 
v -0.5787972807884216 -0.8592764735221863 0.7492957711219788 
v -0.6384921073913574 -0.8179305195808411 0.7765843868255615 
v -0.45062896609306335 -0.843771755695343 0.8665358424186707 
v -0.36459821462631226 -0.885117769241333 0.8503648042678833 
v -0.26101014018058777 -0.8747812509536743 0.7715309858322144 
v -0.12230745702981949 -0.8902860283851624 0.8998885750770569 
v -0.2662773132324219 -0.7817527651786804 0.9696261882781982 
v 0.014639480039477348 -0.8386034965515137 0.9645727276802063 
v 0.13402912020683289 -0.8902860283851624 0.8776534199714661 
v 0.20601405203342438 -0.828266978263855 0.9554765224456787 
v 0.40441155433654785 -0.8075940012931824 0.9150489568710327 
v 0.44303759932518005 -0.885117769241333 0.8048837184906006 
v 0.6168548464775085 -0.828266978263855 0.7947768568992615 
v 0.738000214099884 -0.8592764735221863 0.6654084920883179 
v 0.7011299133300781 -0.9057907462120056 0.6290236711502075 
v 0.8960159420967102 -0.7972574830055237 0.45417430996894836 
v 0.8433440327644348 -0.885117769241333 0.4248642921447754 
v 0.6607481241226196 -0.9212955236434937 0.5542325973510742 
v 0.7731148600578308 -0.910959005355835 0.3217739164829254 
v 0.6712824702262878 -0.8902860283851624 0.3915115296840668 
v 0.5185340046882629 -0.8799495100975037 0.6199274659156799 
v 0.36051827669143677 -0.869612991809845 0.742220938205719 
v -0.038032419979572296 -0.8747812509536743 0.7836592197418213 
v -0.15391060709953308 -0.910959005355835 0.701793372631073 
v 0.9276190996170044 -0.8489400148391724 0.09032589942216873 
v 0.20425832271575928 -0.8954542279243469 0.7007826566696167 
v 0.39563289284706116 -0.9419685006141663 0.5976922512054443 
v 0.17265518009662628 -0.9006224870681763 0.28235700726509094 
v -0.1521548628807068 -0.9057907462120056 0.4996553361415863 
v 0.9328862428665161 -0.761079728603363 -0.24522317945957184 
v 0.8328096866607666 -0.910959005355835 0.060005199164152145 
v 0.702885627746582 -0.9006224870681763 0.1075076311826706 
v -0.6981868743896484 -0.5078355073928833 -0.7748247385025024 
v -0.8263552188873291 -0.6835560202598572 -0.6181678175926208 
v -0.8000192642211914 0.06584025174379349 -0.6535419225692749 
v -0.9229203462600708 -0.3011054992675781 -0.4857673943042755 
v -0.9633021354675293 -0.7300702333450317 -0.37257012724876404 
v -1.0177297592163086 -0.49233075976371765 -0.2320842146873474 
v -0.9913938045501709 -0.8230987787246704 -0.06633105129003525 
v -0.9106302261352539 -0.8230987787246704 -0.39682668447494507 
v -0.7894848585128784 -0.8127622604370117 -0.5838043093681335 
v -0.6507821679115295 -0.7869210243225098 -0.7364185452461243 
v -0.90887451171875 0.38627174496650696 -0.4392756521701813 
v -0.7526145577430725 1.2597060203552246 -0.5858256816864014 
v -0.6279577016830444 0.25189724564552307 -0.8061561584472656 
v -0.6156675815582275 1.1563409566879272 -0.743493378162384 
v -0.6068889498710632 2.143476724624634 -0.6171571016311646 
v -0.7245228290557861 2.050448179244995 -0.4837460219860077 
v -0.8070421814918518 1.2183599472045898 -0.5080025792121887 
v -0.9738364815711975 0.43795424699783325 -0.2603835165500641 
v -1.0300198793411255 0.09684974700212479 0.022609669715166092 
v -1.0405542850494385 -0.6628829836845398 -0.005689649842679501 
v -0.9738364815711975 -0.027188250795006752 0.36826565861701965 
v -0.9913938045501709 -0.7765845060348511 0.2540576756000519 
v -0.9264317750930786 -0.5750227570533752 0.49359121918678284 
v -0.9316989779472351 -0.802425742149353 0.41172531247138977 
v -0.7403244376182556 -0.7352384924888611 0.7311033606529236 
v -0.8105536103248596 -0.8386034965515137 0.5542325973510742 
v -0.6384921073913574 -0.8179305195808411 0.7765843868255615 
v -0.9457448124885559 -0.869612991809845 0.04787692055106163 
v -0.8421567678451538 -0.0013470000121742487 0.6168953776359558 
v -0.8333781361579895 0.9599475264549255 0.5330080986022949 
v -0.7192556858062744 -0.047861248254776 0.7604133486747742 
v -0.6964311599731445 1.0167982578277588 0.701793372631073 
v -0.6981868743896484 1.559464454650879 0.6199274659156799 
v -0.7807062268257141 1.6111470460891724 0.4976339638233185 
v -0.6262019872665405 2.494917631149292 0.5279546976089478 
v -0.8702484369277954 1.4147535562515259 0.35916945338249207 
v -0.9422333836555481 0.5723287463188171 0.35613736510276794 
v -0.9194088578224182 1.332061529159546 0.21868352591991425 
v -1.0089510679244995 0.23639249801635742 0.17825593054294586 
v -0.9527677297592163 1.2028552293777466 -0.023882070556282997 
v -0.9211646318435669 1.146004557609558 -0.2603835165500641 
v -0.8087978959083557 1.7868674993515015 -0.38671979308128357 
v -0.852691113948822 2.0607848167419434 0.021598979830741882 
v -0.8825385570526123 1.7610262632369995 -0.13910073041915894 
v -0.81757652759552 2.1072990894317627 -0.25735145807266235 
v -0.8228437304496765 2.153813362121582 0.1833093762397766 
v -0.7578817009925842 2.2623465061187744 0.360180139541626 
v -0.6314691305160522 2.8670318126678467 0.44002464413642883 
v -0.506812334060669 3.316669464111328 0.5036981105804443 
v -0.5717743635177612 3.7921485900878906 0.33592358231544495 
v -0.49978941679000854 4.0453925132751465 0.4056611657142639 
v -0.6630722880363464 3.0479204654693604 0.33592358231544495 
v -0.6788738965988159 3.17712664604187 0.24395078420639038 
v -0.736812949180603 2.96522855758667 0.0660693421959877 
v -0.7771947383880615 2.6137874126434326 -0.1350579708814621 
v -0.7245228290557861 2.6447970867156982 -0.33012112975120544 
v -0.6156675815582275 2.9703967571258545 -0.44837185740470886 
v -0.5208581686019897 2.9859015941619873 -0.5575264096260071 
v -0.5261253714561462 3.6371009349823 -0.4342222213745117 
v -0.6174232959747314 3.5027265548706055 -0.3058645725250244 
v -0.6736066937446594 3.4872217178344727 -0.11585485935211182 
v -0.6613165736198425 3.6009232997894287 0.11761453002691269 
v -0.5875759124755859 4.081570625305176 0.24900422990322113 
v -0.5278810858726501 4.6035637855529785 0.3207632303237915 
v -0.41727009415626526 4.453684329986572 0.44305670261383057 
v -0.49452221393585205 5.032528400421143 0.36523357033729553 
v -0.5928431153297424 4.71209716796875 0.20150180160999298 
v -0.6226904988288879 4.13325309753418 0.0872938334941864 
v -0.6191790699958801 4.035056114196777 -0.14011141657829285 
v -0.6226904988288879 4.58289098739624 -0.01680723950266838 
v -0.6718509793281555 5.079042911529541 0.03473794832825661 
v -0.6525379419326782 5.358128070831299 0.23081180453300476 
v -0.5665071606636047 5.461493015289307 0.3419876992702484 
v -0.8386452794075012 5.849112033843994 0.14288178086280823 
v -0.7771947383880615 5.88012170791626 0.25102561712265015 
v -0.933454692363739 6.226394176483154 0.14793522655963898 
v -0.9597906470298767 6.200552940368652 0.002395869931206107 
v -0.8263552188873291 5.709569454193115 0.036759331822395325 
v -0.8667370080947876 5.854280471801758 -0.03702104091644287 
v -0.7262786030769348 5.378801345825195 -0.03196759149432182 
v -0.712232768535614 5.3891377449035645 0.10245417803525925 
v -0.9141417145729065 6.38661003112793 0.24294008314609528 
v -1.070401668548584 6.779397010803223 0.18027730286121368 
v -1.06864595413208 6.608844757080078 0.07516554743051529 
v -0.9457448124885559 6.221226215362549 -0.13202589750289917 
v -1.0194854736328125 6.841415882110596 0.26113250851631165 
v -1.1090277433395386 7.146342754364014 0.22272628545761108 
v -1.1915470361709595 7.2497076988220215 0.09942211210727692 
v -1.1652110815048218 6.986126899719238 0.05090899020433426 
v -1.2477303743362427 7.394418716430664 -0.03702104091644287 
v -1.2951351404190063 7.626989841461182 0.00441724993288517 
v -1.2670434713363647 7.5546345710754395 -0.1037265807390213 
v -1.3302496671676636 7.818215370178223 -0.08048070967197418 
v -1.2740663290023804 7.725186824798584 0.07314416766166687 
v -1.3636085987091064 7.9215803146362305 -0.09968382120132446 
v -1.3162038326263428 7.8957390785217285 0.020588289946317673 
v -1.402234673500061 8.045618057250977 -0.024892760440707207 
v -1.495288372039795 8.283357620239258 -0.17245349287986755 
v -1.4671965837478638 8.448741912841797 -0.1027158871293068 
v -1.5233800411224365 8.490087509155273 -0.3159714937210083 
v -1.5128456354141235 8.577947616577148 -0.19266730546951294 
v -1.4865096807479858 8.66580867767334 -0.2189452350139618 
v -1.5198684930801392 8.629630088806152 -0.31900355219841003 
v -1.1845240592956543 7.446101188659668 0.12266798317432404 
v -1.4233033657073975 8.376386642456055 -0.3361852765083313 
v -1.4408607482910156 8.195497512817383 -0.22298799455165863 
v -1.3039137125015259 7.880234241485596 -0.16436797380447388 
v -1.1897913217544556 7.570139408111572 -0.18660315871238708 
v -1.1897913217544556 7.2238664627075195 -0.16537867486476898 
v -1.128340721130371 7.322063446044922 -0.2624049186706543 
v -1.3372726440429688 8.12314224243164 -0.2522979974746704 
v -1.1757454872131348 6.991295337677002 -0.06329897791147232 
v -1.117806315422058 6.841415882110596 -0.1674000471830368 
v -1.1037604808807373 6.696704864501953 -0.06734173744916916 
v -1.0458214282989502 6.851752281188965 -0.2826187014579773 
v -0.9018515944480896 6.25740385055542 -0.24724456667900085 
v -0.8158208131790161 6.340095520019531 -0.36448460817337036 
v -0.7543702721595764 5.936972141265869 -0.30990734696388245 
v -0.6929197311401367 5.492502689361572 -0.2401697337627411 
v -0.5120795369148254 5.29094123840332 -0.39581599831581116 
v -0.6753624081611633 5.342623710632324 -0.19468867778778076 
v -0.41375863552093506 4.686255931854248 -0.43826496601104736 
v -0.5454384088516235 4.75861120223999 -0.29777905344963074 
v -0.5507055521011353 4.407170295715332 -0.2856507897377014 
v -0.44185033440589905 4.417506694793701 -0.42512598633766174 
v -0.43482738733291626 3.83866286277771 -0.500927746295929 
v -0.39093413949012756 3.3528473377227783 -0.6009860634803772 
v -0.8351338505744934 5.807765960693359 -0.1259617656469345 
v -0.6279577016830444 4.861976146697998 -0.12899382412433624 
v -0.5875759124755859 -0.8127622604370117 -0.7232795357704163 
v -0.6507821679115295 -0.7869210243225098 -0.7364185452461243 
v -0.45414042472839355 -0.802425742149353 -0.8486050963401794 
v -0.577041506767273 -0.6680512428283691 -0.8475944399833679 
v -0.33650651574134827 -0.6370417475700378 -0.9587703347206116 
v -0.33475080132484436 -0.3269467353820801 -0.9749413728713989 
v -0.0327652283012867 -0.6680512428283691 -1.0234544277191162 
v -0.25047576427459717 -0.7817527651786804 -0.9355244636535645 
v 0.011128019541501999 -0.828266978263855 -0.9456313252449036 
v 0.17616663873195648 -0.6422100067138672 -1.0143582820892334 
v 0.1498306840658188 -0.7869210243225098 -0.9719092845916748 
v 0.39563289284706116 -0.7714162468910217 -0.8981289267539978 
v 0.47288501262664795 -0.5801910161972046 -0.9041930437088013 
v 0.26395314931869507 -0.1305532455444336 -1.0022300481796265 
v 0.021662399172782898 0.06584025174379349 -1.031540036201477 
v -0.19078092277050018 0.3294210135936737 -0.9951551556587219 
v -0.529636800289154 -0.3527880012989044 -0.891054093837738 
v -0.6981868743896484 -0.5078355073928833 -0.7748247385025024 
v -0.8263552188873291 -0.6835560202598572 -0.6181678175926208 
v 0.40265581011772156 0.26223376393318176 -0.9425992965698242 
v 0.13227339088916779 0.4637955129146576 -1.0002086162567139 
v 0.6168548464775085 0.04516724869608879 -0.8263699412345886 
v 0.7309772968292236 -0.5130037665367126 -0.7111512422561646 
v 0.6747939586639404 -0.7765845060348511 -0.68992680311203 
v 0.6028090119361877 -0.8386034965515137 -0.6909374594688416 
v 0.794183611869812 0.17954175174236298 -0.6454564332962036 
v 0.6976184248924255 0.773890495300293 -0.7040764689445496 
v 0.5273126363754272 0.8307412266731262 -0.8344554305076599 
v 0.5290683507919312 1.7868674993515015 -0.7384399175643921 
v 0.38334277272224426 1.4044170379638672 -0.8597226738929749 
v 0.35525110363960266 2.737825393676758 -0.7242902517318726 
v 0.47639647126197815 2.7429938316345215 -0.6535419225692749 
v 0.6098319292068481 2.2881877422332764 -0.6060395240783691 
v 0.7467789053916931 1.2286964654922485 -0.6009860634803772 
v 0.2621974050998688 0.8410777449607849 -0.9486634135246277 
v 0.1410520374774933 1.4354264736175537 -0.9284496307373047 
v -0.045055340975522995 1.249369502067566 -0.9527061581611633 
v -0.45414042472839355 0.5309827327728271 -0.9001502990722656 
v -0.6279577016830444 0.25189724564552307 -0.8061561584472656 
v -0.8000192642211914 0.06584025174379349 -0.6535419225692749 
v -0.6156675815582275 1.1563409566879272 -0.743493378162384 
v -0.47696492075920105 1.7403532266616821 -0.7758354544639587 
v -0.6068889498710632 2.143476724624634 -0.6171571016311646 
v -0.47345346212387085 2.556936740875244 -0.6676915884017944 
v -0.5208581686019897 2.9859015941619873 -0.5575264096260071 
v -0.39093413949012756 3.3528473377227783 -0.6009860634803772 
v -0.5261253714561462 3.6371009349823 -0.4342222213745117 
v 0.28326615691185 1.8850642442703247 -0.8526478409767151 
v -0.28910180926322937 2.8722000122070312 -0.7253009080886841 
v -0.43482738733291626 3.83866286277771 -0.500927746295929 
v -0.29261326789855957 4.438179969787598 -0.529227077960968 
v -0.26101014018058777 3.735297679901123 -0.6191784739494324 
v -0.44185033440589905 4.417506694793701 -0.42512598633766174 
v -0.41375863552093506 4.686255931854248 -0.43826496601104736 
v -0.17146790027618408 4.593227386474609 -0.5595477819442749 
v -0.40322425961494446 5.445988655090332 -0.46959635615348816 
v -0.5120795369148254 5.29094123840332 -0.39581599831581116 
v -0.6384921073913574 5.79742956161499 -0.3766128718852997 
v -0.7543702721595764 5.936972141265869 -0.30990734696388245 
v -0.8158208131790161 6.340095520019531 -0.36448460817337036 
v -0.6736066937446594 6.417619705200195 -0.45847877860069275 
v -1.0458214282989502 6.851752281188965 -0.2826187014579773 
v -0.9931495189666748 7.1360063552856445 -0.344270795583725 
v -1.128340721130371 7.322063446044922 -0.2624049186706543 
v -0.9808594584465027 7.456437587738037 -0.3159714937210083 
v -1.1897913217544556 7.570139408111572 -0.18660315871238708 
v -0.21536114811897278 5.487334728240967 -0.5322591662406921 
v -0.015207929536700249 4.991182327270508 -0.5726867318153381 
v 0.002349369926378131 4.613900184631348 -0.5817829370498657 
v -0.13108611106872559 3.8024849891662598 -0.6494991779327393 
v -0.0327652283012867 3.1099395751953125 -0.7546109557151794 
v 0.058532729744911194 3.5027265548706055 -0.702055037021637 
v 0.023418130353093147 3.9316911697387695 -0.6545526385307312 
v 0.08838014304637909 4.334814548492432 -0.6060395240783691 
v 0.17967809736728668 4.536376476287842 -0.569654643535614 
v 0.29204481840133667 4.422675132751465 -0.5413553714752197 
v 0.21303696930408478 3.569913864135742 -0.6666809320449829 
v 0.19021247327327728 3.016911029815674 -0.7475361227989197 
v -0.8070421814918518 6.9706220626831055 -0.40592288970947266 
v -0.5577285289764404 6.877593517303467 -0.5059812068939209 
v -0.5313925743103027 6.458965301513672 -0.521141529083252 
v 0.34471672773361206 3.647437572479248 -0.6019967794418335 
v 0.46586209535598755 4.675919055938721 -0.4028908312320709 
v 0.40090006589889526 4.965341091156006 -0.46050015091896057 
v 0.5167782306671143 5.445988655090332 -0.4109763503074646 
v 0.43250322341918945 3.657773971557617 -0.5423660278320312 
v 0.27448752522468567 4.934331893920898 -0.5282163619995117 
v 0.23410573601722717 5.445988655090332 -0.5332698225975037 
v 0.39212143421173096 5.508007526397705 -0.48879948258399963 
v 0.37105268239974976 6.030000686645508 -0.5676332712173462 
v -0.00467354990541935 6.050673961639404 -0.5959326028823853 
v -0.0626126378774643 5.414978981018066 -0.554494321346283 
v -0.36986538767814636 6.38661003112793 -0.554494321346283 
v -0.34177371859550476 6.820743083953857 -0.53428053855896 
v -0.37337684631347656 7.09466028213501 -0.5049704909324646 
v -0.5945988297462463 7.244539737701416 -0.41501909494400024 
v -0.7420801520347595 7.394418716430664 -0.3907625377178192 
v -0.5349040031433105 7.657999515533447 -0.3078859746456146 
v -0.6507821679115295 7.7045135498046875 -0.27554386854171753 
v -0.6262019872665405 7.9319167137146 -0.24825525283813477 
v -0.7052097916603088 7.869897842407227 -0.21591317653656006 
v -0.7350572347640991 8.453909873962402 -0.24522317945957184 
v -0.8052864074707031 8.231675148010254 -0.16234660148620605 
v -0.8544468879699707 8.686481475830078 -0.21187041699886322 
v -0.7438358664512634 7.5908122062683105 -0.2927256226539612 
v -0.8667370080947876 7.606317043304443 -0.20075282454490662 
v -0.8087978959083557 8.753668785095215 -0.2846401035785675 
v -0.9000958204269409 9.068931579589844 -0.36044183373451233 
v -0.8474239706993103 9.094773292541504 -0.41501909494400024 
v -0.7157441973686218 8.696817398071289 -0.28969353437423706 
v -0.7438358664512634 9.13611888885498 -0.44736117124557495 
v -0.8368895649909973 9.280830383300781 -0.43523290753364563 
v -0.6771181225776672 9.280830383300781 -0.4190618693828583 
v -0.8562026023864746 9.322175979614258 -0.38671979308128357 
v -0.7754390239715576 9.379026412963867 -0.36044183373451233 
v -0.6086446642875671 8.340208053588867 -0.23410558700561523 
v -0.5577285289764404 8.526265144348145 -0.2078276425600052 
v -0.46818625926971436 8.319535255432129 -0.09968382120132446 
v -0.47345346212387085 7.844056606292725 -0.20479558408260345 
v -0.41902583837509155 7.766532897949219 -0.22197730839252472 
v -0.29788047075271606 7.595980644226074 -0.3169821798801422 
v -0.25749868154525757 7.797542095184326 -0.1663893610239029 
v -0.6349806189537048 9.068931579589844 -0.3776235580444336 
v -0.6279577016830444 8.774341583251953 -0.28767216205596924 
v -0.5524613261222839 8.764004707336426 -0.20681695640087128 
v -0.21009396016597748 7.487447261810303 -0.37560218572616577 
v -0.11528453975915909 7.177352428436279 -0.48172464966773987 
v -0.07841420918703079 6.83624792098999 -0.49890637397766113 
v -0.09421578049659729 6.614013195037842 -0.5201308727264404 
v 0.12700620293617249 6.345263957977295 -0.5817829370498657 
v 0.49570950865745544 6.422787666320801 -0.6373708844184875 
v 0.41143447160720825 6.614013195037842 -0.6717343330383301 
v 0.16914372146129608 6.707041263580322 -0.6211998462677002 
v 0.25341877341270447 7.006800174713135 -0.5999753475189209 
v 0.0673113763332367 7.172183990478516 -0.4746498167514801 
v 0.28853335976600647 7.497783660888672 -0.38671979308128357 
v 0.38334277272224426 6.841415882110596 -0.6646595597267151 
v 0.5694501399993896 7.265212535858154 -0.5555050373077393 
v 0.8714357018470764 6.748387336730957 -0.6747664213180542 
v 0.6941069960594177 6.278076648712158 -0.5241736173629761 
v 0.47288501262664795 6.272908687591553 -0.5929005146026611 
v 0.6309006810188293 5.332286834716797 -0.25533008575439453 
v 0.597541868686676 5.461493015289307 -0.3452814817428589 
v 0.7748705744743347 6.040337085723877 -0.3887411653995514 
v 0.6467022895812988 6.004159450531006 -0.46050015091896057 
v 0.8152523636817932 5.905962944030762 -0.2866614758968353 
v 0.9521992802619934 6.262571811676025 -0.32911044359207153 
v 0.8415883183479309 6.3762736320495605 -0.5049704909324646 
v 1.1400624513626099 6.707041263580322 -0.5868363976478577 
v 0.9574664831161499 6.4021148681640625 -0.44837185740470886 
v 1.09441339969635 6.536489486694336 -0.44837185740470886 
v 1.4367808103561401 6.986126899719238 -0.6353495121002197 
v 1.3244140148162842 6.996463298797607 -0.6949802041053772 
v 1.1470853090286255 6.877593517303467 -0.6788091659545898 
v 1.6773158311843872 7.29622220993042 -0.8243485689163208 
v 1.6790715456008911 7.477110862731934 -0.936535120010376 
v 1.8370872735977173 7.508120059967041 -0.9294602870941162 
v 1.840598702430725 7.621821880340576 -0.9779734015464783 
v 1.9529653787612915 7.564970970153809 -0.857701301574707 
v 1.981057047843933 7.657999515533447 -0.9193534255027771 
v 1.9652554988861084 7.766532897949219 -0.9385564923286438 
v 1.7651022672653198 7.7045135498046875 -0.9779734015464783 
v 1.8967820405960083 7.854393005371094 -0.936535120010376 
v 1.6755601167678833 7.8337202072143555 -0.8900433778762817 
v 1.6685371398925781 7.735523223876953 -0.9314817190170288 
v 1.5983079671859741 7.497783660888672 -0.9183427095413208 
v 1.508765697479248 7.539129734039307 -0.8607333898544312 
v 1.2436504364013672 7.265212535858154 -0.6777985095977783 
v 1.2699863910675049 7.125669956207275 -0.7242902517318726 
v 0.9644894003868103 6.949949264526367 -0.6666809320449829 
v 0.8819701075553894 7.172183990478516 -0.5767294764518738 
v 1.0434972047805786 7.120501518249512 -0.6252425909042358 
v 1.175176978111267 7.177352428436279 -0.6676915884017944 
v 2.070599317550659 7.792374134063721 -0.8061561584472656 
v 2.014415979385376 7.890570640563965 -0.8304126858711243 
v 0.541358470916748 7.409923553466797 -0.4544360041618347 
v 0.48166367411613464 7.637326717376709 -0.3038432002067566 
v 0.6291449666023254 7.446101188659668 -0.3806556463241577 
v 0.7063971161842346 7.595980644226074 -0.2189452350139618 
v 0.7608247399330139 7.477110862731934 -0.25735145807266235 
v 0.7906721234321594 7.4667744636535645 -0.1977207511663437 
v 0.75906902551651 7.937085151672363 -0.09564106166362762 
v 0.597541868686676 8.0042724609375 -0.16942143440246582 
v 0.6010532975196838 7.745859622955322 -0.20479558408260345 
v 0.45006051659584045 7.792374134063721 -0.16436797380447388 
v 0.7748705744743347 8.252347946166992 -0.13101521134376526 
v 0.6379236578941345 8.46424674987793 -0.21085971593856812 
v 0.7520461082458496 8.552106857299805 -0.19468867778778076 
v 0.6923512816429138 8.743331909179688 -0.27857595682144165 
v 0.7889164090156555 8.629630088806152 -0.18256039917469025 
v 0.7327330708503723 9.012081146240234 -0.3695380389690399 
v 0.6361678838729858 8.836360931396484 -0.3230462968349457 
v 0.5396027565002441 8.645134925842285 -0.2320842146873474 
v 0.5185340046882629 8.288525581359863 -0.15426108241081238 
v 0.44654905796051025 7.968094348907471 -0.06430967152118683 
v 0.37983131408691406 7.854393005371094 -0.049149319529533386 
v 0.46586209535598755 8.701986312866211 -0.1775069534778595 
v 0.5483813881874084 8.93455696105957 -0.3452814817428589 
v 0.6449465751647949 9.115446090698242 -0.4342222213745117 
v 0.7221986651420593 9.234315872192383 -0.41805118322372437 
v 0.5448699593544006 9.223978996276855 -0.4129977226257324 
v 0.6150991320610046 9.317008018493652 -0.4018801152706146 
v 0.6835725903511047 9.33768081665039 -0.3563990890979767 
v 0.49922096729278564 9.048258781433105 -0.34326010942459106 
v 0.7994508147239685 9.089604377746582 -0.32203561067581177 
v -0.5910873413085938 0.360430508852005 0.8422792553901672 
v -0.7192556858062744 -0.047861248254776 0.7604133486747742 
v -0.577041506767273 -0.5078355073928833 0.8756320476531982 
v -0.7403244376182556 -0.7352384924888611 0.7311033606529236 
v -0.45238471031188965 -0.6680512428283691 0.9352627396583557 
v -0.6384921073913574 -0.8179305195808411 0.7765843868255615 
v -0.45062896609306335 -0.843771755695343 0.8665358424186707 
v -0.36459821462631226 -0.885117769241333 0.8503648042678833 
v -0.2662773132324219 -0.7817527651786804 0.9696261882781982 
v -0.2627658545970917 -0.5491815209388733 1.005000352859497 
v -0.0099407397210598 -0.6732195019721985 1.0292569398880005 
v 0.014639480039477348 -0.8386034965515137 0.9645727276802063 
v 0.20601405203342438 -0.828266978263855 0.9554765224456787 
v 0.16914372146129608 -0.6267052292823792 1.0221821069717407 
v 0.40441155433654785 -0.8075940012931824 0.9150489568710327 
v -0.6964311599731445 1.0167982578277588 0.701793372631073 
v -0.36810967326164246 0.5774970054626465 0.9433482885360718 
v -0.2803231477737427 0.11752274632453918 0.9959041476249695 
v -0.018719390034675598 0.03999900072813034 1.0373424291610718 
v 0.17967809736728668 0.3294210135936737 1.0060110092163086 
v 0.35349535942077637 0.30357974767684937 0.9645727276802063 
v 0.41845738887786865 -0.5233402252197266 0.9595193266868591 
v 0.6888397932052612 -0.5388450026512146 0.7947768568992615 
v 0.6168548464775085 -0.828266978263855 0.7947768568992615 
v 0.8134966492652893 -0.6163687705993652 0.6694512963294983 
v 0.738000214099884 -0.8592764735221863 0.6654084920883179 
v 0.7731148600578308 0.2880750000476837 0.6947185397148132 
v 0.5589157938957214 0.11235450208187103 0.8796747922897339 
v 0.6923512816429138 1.1098268032073975 0.7119002342224121 
v 0.5905188918113708 1.2338647842407227 0.7806271910667419 
v 0.6730382442474365 2.0452799797058105 0.5865746736526489 
v 0.5747173428535461 2.2003273963928223 0.6583336591720581 
v 0.46235063672065735 2.0969624519348145 0.7492957711219788 
v 0.42899176478385925 2.825685739517212 0.6694512963294983 
v 0.5799845457077026 2.9859015941619873 0.5239118933677673 
v 0.36227402091026306 3.6629421710968018 0.5845533013343811 
v 0.49922096729278564 3.6422691345214844 0.4895484447479248 
v 0.37456414103507996 4.2624592781066895 0.5087515711784363 
v 0.50799959897995 4.55704927444458 0.3440091013908386 
v 0.40967872738838196 4.55704927444458 0.4369925558567047 
v 0.5676944255828857 5.239258289337158 0.31570976972579956 
v 0.22883853316307068 4.6035637855529785 0.5370509028434753 
v 0.45708343386650085 5.29094123840332 0.41071462631225586 
v 0.34998390078544617 5.3632965087890625 0.4673132598400116 
v 0.6747939586639404 5.859448432922363 0.3096456229686737 
v 0.5238012075424194 6.05584192276001 0.40970394015312195 
v -0.19253666698932648 0.8669189810752869 0.9756903648376465 
v 0.014639480039477348 0.9134332537651062 0.9908506870269775 
v 0.9188404083251953 7.208361625671387 0.12671074271202087 
v 1.1453295946121216 7.032641410827637 0.039791401475667953 
v 0.8696799874305725 7.058482646942139 0.19846972823143005 
v 0.9644894003868103 6.727714538574219 0.19038420915603638 
v 0.7169314622879028 6.800069808959961 0.3005494177341461 
v 0.748534619808197 6.247067451477051 0.2975173592567444 
v 0.9890696406364441 6.453797340393066 0.15804213285446167 
v 1.1611311435699463 6.820743083953857 0.03473794832825661 
v 0.7344887852668762 7.239371299743652 0.3177311420440674 
v 0.6344121694564819 7.2497076988220215 0.38645806908607483 
v 0.45532771944999695 6.645022392272949 0.43193912506103516 
v 0.49570950865745544 7.172183990478516 0.43193912506103516 
v 0.6449465751647949 7.533961296081543 0.3288487493991852 
v 0.7924278974533081 7.42542839050293 0.21261939406394958 
v 0.7555575370788574 7.84922456741333 0.21261939406394958 
v 0.37983131408691406 6.014495849609375 0.4663025736808777 
v 0.20776978135108948 5.234090328216553 0.50774085521698 
v 0.019906669855117798 4.898153781890869 0.5522112250328064 
v 0.1445634961128235 5.688896179199219 0.5087515711784363 
v 0.25693023204803467 6.30391788482666 0.49359121918678284 
v 0.35349535942077637 6.743219375610352 0.4572063684463501 
v 0.22181561589241028 7.172183990478516 0.4147574007511139 
v 0.5167782306671143 7.663167953491211 0.3419876992702484 
v 0.6695267558097839 8.024945259094238 0.25102561712265015 
v 0.8117408752441406 8.314367294311523 0.13277487456798553 
v 0.33769381046295166 7.838888168334961 0.21767283976078033 
v 0.44830480217933655 7.854393005371094 0.24900422990322113 
v 0.30257919430732727 7.6424946784973145 0.3490625321865082 
v 0.22532707452774048 7.890570640563965 0.21767283976078033 
v 0.15860934555530548 7.880234241485596 0.2752821743488312 
v 0.16563226282596588 8.12314224243164 0.2358652651309967 
v 0.07960148900747299 7.869897842407227 0.29246389865875244 
v 0.09189160168170929 8.102469444274902 0.2762928605079651 
v -0.11001735180616379 8.148983001708984 0.13782833516597748 
v -0.0643683671951294 8.55727481842041 0.19948041439056396 
v 0.10067024827003479 8.371217727661133 0.225758358836174 
v 0.014639480039477348 8.577947616577148 0.2358652651309967 
v 0.10418170690536499 8.629630088806152 0.21666215360164642 
v 0.13402912020683289 8.8518648147583 0.12165728956460953 
v -0.0099407397210598 8.810519218444824 0.16410626471042633 
v 0.025173859670758247 9.012081146240234 0.04181278124451637 
v -0.10650589317083359 8.789846420288086 0.10548625141382217 
v 0.13051766157150269 9.006913185119629 0.01553483959287405 
v -0.018719390034675598 9.234315872192383 -0.023882070556282997 
v -0.0661240965127945 8.986239433288574 0.0064386301673948765 
v 0.12700620293617249 9.203306198120117 -0.04611724987626076 
v 0.10944890230894089 9.39453125 -0.14819693565368652 
v 0.019906669855117798 9.523737907409668 -0.20277419686317444 
v -0.09070432186126709 9.404868125915527 -0.1562824547290802 
v -0.10650589317083359 9.534073829650879 -0.3169821798801422 
v -0.013452200219035149 9.585756301879883 -0.27958664298057556 
v -0.1451319456100464 9.16196060180664 -0.08351278305053711 
v -0.13284184038639069 8.955230712890625 -0.054202768951654434 
v -0.0661240965127945 8.986239433288574 0.0064386301673948765 
v -0.13284184038639069 8.955230712890625 -0.054202768951654434 
v -0.10650589317083359 8.789846420288086 0.10548625141382217 
v -0.15917779505252838 8.681312561035156 0.06708002835512161 
v -0.0643683671951294 8.55727481842041 0.19948041439056396 
v -0.11001735180616379 8.148983001708984 0.13782833516597748 
v -0.018719390034675598 9.234315872192383 -0.023882070556282997 
v -0.09070432186126709 9.404868125915527 -0.1562824547290802 
v -0.1451319456100464 9.16196060180664 -0.08351278305053711 
v -0.16795644164085388 9.30150318145752 -0.2512873113155365 
v -0.16093352437019348 8.944893836975098 -0.15325039625167847 
v -0.17673508822917938 8.63996696472168 -0.08048070967197418 
v -0.060856908559799194 9.51340103149414 -0.41805118322372437 
v -0.10650589317083359 9.534073829650879 -0.3169821798801422 
v -0.13284184038639069 9.446213722229004 -0.35235631465911865 
v -0.10123869776725769 9.280830383300781 -0.38671979308128357 
v -0.11352881044149399 8.882874488830566 -0.22804145514965057 
v -0.138109028339386 8.495256423950195 -0.1461755633354187 
v -0.15566633641719818 8.159319877624512 -0.010743100196123123 
v -0.1468876749277115 7.937085151672363 -0.136068657040596 
v -0.19078092277050018 7.947421550750732 -0.03803173080086708 
v -0.18902519345283508 7.9319167137146 0.058994509279727936 
v -0.09246005117893219 7.937085151672363 0.19543765485286713 
v -0.25749868154525757 7.797542095184326 -0.1663893610239029 
v -1.402234673500061 8.691649436950684 -0.3371959626674652 
v -1.4373492002487183 8.608957290649414 -0.39278391003608704 
v -1.4759752750396729 8.686481475830078 -0.33113181591033936 
v -1.5198684930801392 8.629630088806152 -0.31900355219841003 
v -1.5233800411224365 8.490087509155273 -0.3159714937210083 
v -1.4233033657073975 8.376386642456055 -0.3361852765083313 
v -1.323226809501648 8.469414710998535 -0.3594311475753784 
v -1.3074252605438232 8.26268482208252 -0.2967683672904968 
v -1.2038371562957764 8.143815040588379 -0.2300628274679184 
v -1.3372726440429688 8.12314224243164 -0.2522979974746704 
v -1.2284173965454102 7.937085151672363 -0.2098490297794342 
v -1.3039137125015259 7.880234241485596 -0.16436797380447388 
v -1.0862032175064087 7.652831077575684 -0.1977207511663437 
v -1.0914703607559204 7.844056606292725 -0.15426108241081238 
v -1.0300198793411255 7.766532897949219 -0.08351278305053711 
v -0.9720807671546936 7.632158279418945 -0.15021832287311554 
v -1.0370427370071411 7.549466133117676 -0.24421249330043793 
v -1.3144481182098389 8.593452453613281 -0.3473028838634491 
v -1.4408607482910156 8.195497512817383 -0.22298799455165863 
v -0.35055235028266907 1.3682392835617065 -0.8799365162849426 
v -0.23818564414978027 1.1770139932632446 -0.9335030913352966 
v -0.018719390034675598 1.8282134532928467 -0.8991395831108093 
v 0.13227339088916779 2.381216287612915 -0.8324340581893921 
v -0.011696469970047474 2.458739995956421 -0.8324340581893921 
v -0.18902519345283508 1.9367467164993286 -0.8657868504524231 
v -0.32421639561653137 2.1228036880493164 -0.804134726524353 
v -0.1398647576570511 2.582777976989746 -0.804134726524353 
v 0.5150225162506104 3.47171688079834 -0.4978956878185272 
v 0.6150991320610046 3.0117428302764893 -0.4736391305923462 
v 0.49395376443862915 4.1229166984558105 -0.42714738845825195 
v -1.5128456354141235 8.577947616577148 -0.19266730546951294 
v -1.4671965837478638 8.448741912841797 -0.1027158871293068 
v -1.4865096807479858 8.66580867767334 -0.2189452350139618 
v -1.3776544332504272 8.505592346191406 -0.09159830212593079 
v -1.4338377714157104 8.712322235107422 -0.2310735136270523 
v -1.2933794260025024 8.526265144348145 -0.13809004426002502 
v -1.2758220434188843 8.293694496154785 -0.03803173080086708 
v -1.3671200275421143 8.26268482208252 -0.008721720427274704 
v -1.402234673500061 8.045618057250977 -0.024892760440707207 
v -1.2512418031692505 8.030113220214844 0.07112278789281845 
v -1.2336845397949219 7.8957390785217285 0.07920830696821213 
v -1.1125391721725464 7.875065803527832 0.05293036997318268 
v -1.0879589319229126 7.606317043304443 0.15298868715763092 
v -0.9966610074043274 7.647663116455078 0.11559315025806427 
v -0.9510120153427124 7.4667744636535645 0.2358652651309967 
v -0.8333781361579895 7.67350435256958 0.13277487456798553 
v -0.8158208131790161 7.575307369232178 0.2581004500389099 
v -0.7174999117851257 7.42542839050293 0.33390218019485474 
v -0.8087978959083557 7.115333080291748 0.34704115986824036 
v -0.6262019872665405 7.265212535858154 0.39050084352493286 
v -0.5015451312065125 7.632158279418945 0.2793249189853668 
v -0.6841410398483276 7.7303547859191895 0.22070491313934326 
v -0.7526145577430725 7.740691661834717 0.17522385716438293 
v -0.7754390239715576 8.030113220214844 0.09841141849756241 
v -0.6525379419326782 8.071459770202637 0.20554456114768982 
v -0.5542170405387878 7.761364459991455 0.2459721565246582 
v -1.1880356073379517 8.12314224243164 0.01452414970844984 
v -1.3162038326263428 7.8957390785217285 0.020588289946317673 
v -1.2740663290023804 7.725186824798584 0.07314416766166687 
v -0.34704089164733887 7.844056606292725 0.10447555780410767 
v -0.40498000383377075 7.782037734985352 0.20857663452625275 
v -0.42780447006225586 7.869897842407227 0.13782833516597748 
v -0.5805529952049255 8.154151916503906 0.1711810976266861 
v -0.6332249045372009 8.386722564697266 0.12468936294317245 
v -0.5261253714561462 8.376386642456055 0.09335797280073166 
v -0.5981103181838989 8.650303840637207 0.09335797280073166 
v -0.5208581686019897 8.634799003601074 0.007449320051819086 
v -0.7455915808677673 8.350544929504395 0.09841141849756241 
v -0.7842176556587219 8.614126205444336 0.08021900057792664 
v -0.6806296110153198 8.707154273986816 0.07819762080907822 
v -0.6314691305160522 8.862201690673828 -0.01680723950266838 
v -0.7455915808677673 8.84152889251709 -0.007711030077189207 
v -0.7174999117851257 9.048258781433105 -0.06633105129003525 
v -0.8245994448661804 9.022417068481445 -0.0825020894408226 
v -0.8386452794075012 8.789846420288086 -0.06026690825819969 
v -0.9176531434059143 8.96039867401123 -0.19367799162864685 
v -0.6156675815582275 9.0430908203125 -0.10473726689815521 
v -0.7631489038467407 9.254988670349121 -0.18357108533382416 
v -0.8509353995323181 9.182633399963379 -0.17144280672073364 
v -0.8684927225112915 9.31183910369873 -0.27857595682144165 
v -0.656049370765686 9.213643074035645 -0.18963523209095 
v -0.7262786030769348 9.348017692565918 -0.26947975158691406 
v -1.3144481182098389 8.593452453613281 -0.3473028838634491 
v -1.3039137125015259 8.624462127685547 -0.2735224962234497 
v -1.402234673500061 8.691649436950684 -0.3371959626674652 
v -1.4338377714157104 8.712322235107422 -0.2310735136270523 
v -1.4759752750396729 8.686481475830078 -0.33113181591033936 
v -1.4865096807479858 8.66580867767334 -0.2189452350139618 
v -1.5198684930801392 8.629630088806152 -0.31900355219841003 
v -0.9720807671546936 7.632158279418945 -0.15021832287311554 
v -1.0300198793411255 7.766532897949219 -0.08351278305053711 
v -0.9527677297592163 7.6786723136901855 -0.008721720427274704 
v -1.0089510679244995 7.714850425720215 0.05394105985760689 
v -0.9966610074043274 7.647663116455078 0.11559315025806427 
v -1.1125391721725464 7.875065803527832 0.05293036997318268 
v -1.070401668548584 7.890570640563965 -0.06026690825819969 
v -1.1880356073379517 8.12314224243164 0.01452414970844984 
v -1.142386555671692 8.107637405395508 -0.16942143440246582 
v -1.198569893836975 8.257516860961914 -0.10170520097017288 
v -1.240707516670227 8.495256423950195 -0.1987314373254776 
v -1.2758220434188843 8.293694496154785 -0.03803173080086708 
v -1.2933794260025024 8.526265144348145 -0.13809004426002502 
v -1.3039137125015259 8.624462127685547 -0.2735224962234497 
v -1.4338377714157104 8.712322235107422 -0.2310735136270523 
v -1.0914703607559204 7.844056606292725 -0.15426108241081238 
v -1.2038371562957764 8.143815040588379 -0.2300628274679184 
v -1.242463231086731 8.459077835083008 -0.26947975158691406 
v -1.3144481182098389 8.593452453613281 -0.3473028838634491 
v -1.323226809501648 8.469414710998535 -0.3594311475753784 
v -0.7455915808677673 8.350544929504395 0.09841141849756241 
v -0.7842176556587219 8.614126205444336 0.08021900057792664 
v -0.8597140312194824 8.479751586914062 -0.053192079067230225 
v -0.8720041513442993 8.629630088806152 -0.14112210273742676 
v -0.8052864074707031 8.231675148010254 -0.16234660148620605 
v -0.8544468879699707 8.686481475830078 -0.21187041699886322 
v -0.9176531434059143 8.96039867401123 -0.19367799162864685 
v -0.9000958204269409 9.068931579589844 -0.36044183373451233 
v -0.9281875491142273 9.115446090698242 -0.25735145807266235 
v -0.8684927225112915 9.31183910369873 -0.27857595682144165 
v -0.8509353995323181 9.182633399963379 -0.17144280672073364 
v -0.8245994448661804 9.022417068481445 -0.0825020894408226 
v -0.8386452794075012 8.789846420288086 -0.06026690825819969 
v -0.8562026023864746 9.322175979614258 -0.38671979308128357 
v -0.8368895649909973 9.280830383300781 -0.43523290753364563 
v -0.8474239706993103 9.094773292541504 -0.41501909494400024 
v -0.7754390239715576 8.030113220214844 0.09841141849756241 
v -0.782461941242218 7.859561443328857 -0.071384496986866 
v -0.7052097916603088 7.869897842407227 -0.21591317653656006 
v -0.782461941242218 7.683840751647949 -0.1775069534778595 
v -0.6507821679115295 7.7045135498046875 -0.27554386854171753 
v -0.8017749786376953 7.756196022033691 0.0034065600484609604 
v -0.7526145577430725 7.740691661834717 0.17522385716438293 
v -0.8790270686149597 7.663167953491211 -0.029946209862828255 
v -0.8333781361579895 7.67350435256958 0.13277487456798553 
v -0.8158208131790161 7.575307369232178 0.2581004500389099 
v -0.41902583837509155 7.766532897949219 -0.22197730839252472 
v -0.25749868154525757 7.797542095184326 -0.1663893610239029 
v -0.34704089164733887 7.838888168334961 -0.06936311721801758 
v -0.18902519345283508 7.9319167137146 0.058994509279727936 
v -0.22238406538963318 7.869897842407227 0.12266798317432404 
v -0.09246005117893219 7.937085151672363 0.19543765485286713 
v -0.42780447006225586 7.869897842407227 0.13782833516597748 
v -0.34704089164733887 7.844056606292725 0.10447555780410767 
v -0.17673508822917938 7.8078789710998535 0.23081180453300476 
v -0.40498000383377075 7.782037734985352 0.20857663452625275 
v -0.6279577016830444 8.774341583251953 -0.28767216205596924 
v -0.5524613261222839 8.764004707336426 -0.20681695640087128 
v -0.5577285289764404 8.526265144348145 -0.2078276425600052 
v -0.46818625926971436 8.319535255432129 -0.09968382120132446 
v -0.5208581686019897 8.634799003601074 0.007449320051819086 
v -0.5436826348304749 8.831192016601562 -0.10574796050786972 
v -0.5594842433929443 8.970734596252441 -0.19266730546951294 
v -0.6349806189537048 9.068931579589844 -0.3776235580444336 
v -0.5893316268920898 9.151623725891113 -0.26644766330718994 
v -0.6771181225776672 9.280830383300781 -0.4190618693828583 
v -0.6525379419326782 9.306671142578125 -0.3392173647880554 
v -0.656049370765686 9.213643074035645 -0.18963523209095 
v -0.7262786030769348 9.348017692565918 -0.26947975158691406 
v -0.6156675815582275 9.0430908203125 -0.10473726689815521 
v -0.6314691305160522 8.862201690673828 -0.01680723950266838 
v -0.5981103181838989 8.650303840637207 0.09335797280073166 
v -0.46467480063438416 8.350544929504395 0.0003744899877347052 
v -0.5261253714561462 8.376386642456055 0.09335797280073166 
v -0.44711750745773315 7.999104022979736 0.08527244627475739 
v -0.42780447006225586 7.869897842407227 0.13782833516597748 
v -0.40849146246910095 7.900907039642334 -0.06734173744916916 
v -0.34704089164733887 7.838888168334961 -0.06936311721801758 
v -0.47345346212387085 7.844056606292725 -0.20479558408260345 
v -0.41902583837509155 7.766532897949219 -0.22197730839252472 
v -0.19078092277050018 7.947421550750732 -0.03803173080086708 
v -0.25749868154525757 7.797542095184326 -0.1663893610239029 
v -0.1468876749277115 7.937085151672363 -0.136068657040596 
v 0.1515864133834839 8.309199333190918 -0.1451648771762848 
v 0.13754057884216309 8.035282135009766 -0.14920763671398163 
v 0.028685320168733597 8.567611694335938 -0.21389178931713104 
v 0.08838014304637909 7.916411876678467 -0.19468867778778076 
v 0.11647181957960129 8.831192016601562 -0.2209666222333908 
v 0.037463970482349396 8.903547286987305 -0.27554386854171753 
v 0.11998327821493149 9.358353614807129 -0.3907625377178192 
v 0.018150940537452698 9.239483833312988 -0.4028908312320709 
v -0.00467354990541935 9.435877799987793 -0.45847877860069275 
v -0.10123869776725769 9.280830383300781 -0.38671979308128357 
v -0.060856908559799194 9.51340103149414 -0.41805118322372437 
v -0.13284184038639069 9.446213722229004 -0.35235631465911865 
v 0.07960148900747299 9.497896194458008 -0.4079442620277405 
v 0.004105099942535162 9.585756301879883 -0.37358081340789795 
v -0.0626126378774643 8.908716201782227 -0.26543697714805603 
v -0.11352881044149399 8.882874488830566 -0.22804145514965057 
v -0.06963556259870529 8.360881805419922 -0.18660315871238708 
v -0.138109028339386 8.495256423950195 -0.1461755633354187 
v -0.1468876749277115 7.937085151672363 -0.136068657040596 
v -0.055589720606803894 7.968094348907471 -0.20075282454490662 
v -0.1451319456100464 7.756196022033691 -0.24926593899726868 
v 0.037463970482349396 7.745859622955322 -0.2715011239051819 
v 0.24815157055854797 7.761364459991455 -0.21490247547626495 
v 0.21128123998641968 7.869897842407227 -0.13202589750289917 
v 0.20776978135108948 7.999104022979736 -0.05723483860492706 
v -0.17673508822917938 7.8078789710998535 0.23081180453300476 
v -0.10826162248849869 7.611485481262207 0.3632121980190277 
v -0.19253666698932648 7.435764789581299 0.40970394015312195 
v -0.38742268085479736 7.192856788635254 0.4036397933959961 
v -0.48749929666519165 6.825911045074463 0.45114222168922424 
v -0.47696492075920105 6.536489486694336 0.46428120136260986 
v -0.2697887718677521 6.676032066345215 0.46428120136260986 
v -0.12933038175106049 6.712209701538086 0.487527072429657 
v -0.022230850532650948 6.887930393218994 0.4784308671951294 
v -0.00467354990541935 7.2497076988220215 0.4440673887729645 
v -0.09246005117893219 7.937085151672363 0.19543765485286713 
v -0.22238406538963318 7.869897842407227 0.12266798317432404 
v -0.30665910243988037 5.869784832000732 0.48651638627052307 
v -0.34879663586616516 5.399474143981934 0.4572063684463501 
v -0.43658313155174255 6.138534069061279 0.46023842692375183 
v -0.17849081754684448 5.327118873596191 0.5016767382621765 
v -0.09597150981426239 4.572554111480713 0.5673716068267822 
v 0.023418130353093147 4.195271968841553 0.6168953776359558 
v 0.19372394680976868 3.8800086975097656 0.6259915828704834 
v 0.25693023204803467 3.182295083999634 0.6947185397148132 
v 0.29731202125549316 2.391552686691284 0.7866913080215454 
v 0.42548030614852905 1.2131917476654053 0.8776534199714661 
v 0.2621974050998688 1.2390329837799072 0.9342520236968994 
v -0.00467354990541935 1.3682392835617065 0.9534551501274109 
v 0.16036507487297058 1.7868674993515015 0.8928137421607971 
v 0.13051766157150269 2.608619213104248 0.7988196015357971 
v 0.08662440627813339 3.3993616104125977 0.701793372631073 
v 0.014639480039477348 3.7197930812835693 0.6654084920883179 
v -0.11001735180616379 3.533735990524292 0.6755154132843018 
v -0.20131531357765198 1.7093437910079956 0.8907923698425293 
v -0.34879663586616516 1.3630709648132324 0.8887709975242615 
v -0.49101075530052185 1.1615092754364014 0.8432899713516235 
v -0.023986579850316048 2.8050127029418945 0.7786058187484741 
v -0.027498040348291397 2.0866260528564453 0.86956787109375 
v -0.5120795369148254 1.647324800491333 0.7695095539093018 
v -0.5577285289764404 2.1848227977752686 0.6553016304969788 
v -0.6981868743896484 1.559464454650879 0.6199274659156799 
v -0.6262019872665405 2.494917631149292 0.5279546976089478 
v -0.506812334060669 3.316669464111328 0.5036981105804443 
v -0.41727009415626526 2.6654698848724365 0.6805688738822937 
v -0.31017056107521057 2.231337070465088 0.7927554249763489 
v -0.17497935891151428 2.608619213104248 0.7846699357032776 
v -0.21711687743663788 3.4768853187561035 0.6573230028152466 
v -0.24520856142044067 4.293468952178955 0.5572646856307983 
v -0.30490338802337646 4.784452438354492 0.4885377585887909 
v -0.5665071606636047 5.461493015289307 0.3419876992702484 
v -0.49452221393585205 5.032528400421143 0.36523357033729553 
v -0.41727009415626526 4.453684329986572 0.44305670261383057 
v -0.38391122221946716 3.916186571121216 0.5239118933677673 
v -0.30314764380455017 3.0117428302764893 0.6876437067985535 
v -0.42956021428108215 3.332174301147461 0.56939297914505 
v -0.49978941679000854 4.0453925132751465 0.4056611657142639 
v -0.6788738965988159 6.0093278884887695 0.33491286635398865 
v -0.701698362827301 6.541657447814941 0.3733190894126892 
v -0.9773479700088501 7.084323883056641 0.30358147621154785 
v -1.0897146463394165 7.4409332275390625 0.18735213577747345 
v -1.1845240592956543 7.446101188659668 0.12266798317432404 
v -1.2951351404190063 7.626989841461182 0.00441724993288517 
v -0.7771947383880615 5.88012170791626 0.25102561712265015 
v -1.1915470361709595 7.2497076988220215 0.09942211210727692 
v -1.1090277433395386 7.146342754364014 0.22272628545761108 
v -1.0194854736328125 6.841415882110596 0.26113250851631165 
v -0.8790270686149597 6.619181156158447 0.3106563091278076 
v -0.9141417145729065 6.38661003112793 0.24294008314609528 
v -0.933454692363739 6.226394176483154 0.14793522655963898 
v 0.11647181957960129 8.831192016601562 -0.2209666222333908 
v 0.17967809736728668 8.836360931396484 -0.14819693565368652 
v 0.1515864133834839 8.309199333190918 -0.1451648771762848 
v 0.21654842793941498 8.608957290649414 -0.024892760440707207 
v 0.19723540544509888 8.929388999938965 -0.03803173080086708 
v 0.18143382668495178 9.280830383300781 -0.19165660440921783 
v 0.12700620293617249 9.203306198120117 -0.04611724987626076 
v 0.13051766157150269 9.006913185119629 0.01553483959287405 
v 0.13402912020683289 8.8518648147583 0.12165728956460953 
v 0.20952551066875458 8.552106857299805 0.10649693757295609 
v 0.11998327821493149 9.358353614807129 -0.3907625377178192 
v 0.17441090941429138 9.187801361083984 -0.25634077191352844 
v 0.10418170690536499 8.629630088806152 0.21666215360164642 
v 0.10067024827003479 8.371217727661133 0.225758358836174 
v 0.21830415725708008 8.273021697998047 0.11660383641719818 
v 0.16563226282596588 8.12314224243164 0.2358652651309967 
v 0.23937292397022247 7.9319167137146 0.13681763410568237 
v 0.22532707452774048 7.890570640563965 0.21767283976078033 
v 0.13754057884216309 8.035282135009766 -0.14920763671398163 
v 0.20776978135108948 7.999104022979736 -0.05723483860492706 
v 0.27448752522468567 7.890570640563965 -0.0036682700738310814 
v 0.21128123998641968 7.869897842407227 -0.13202589750289917 
v 0.24815157055854797 7.761364459991455 -0.21490247547626495 
v -0.48223212361335754 -0.8799495100975037 0.21767283976078033 
v -0.46116334199905396 -0.8489400148391724 0.40465047955513 
v -0.5559727549552917 -0.8179305195808411 0.15298868715763092 
v 0.8275424838066101 -0.8592764735221863 -0.32102492451667786 
v 0.9328862428665161 -0.761079728603363 -0.24522317945957184 
v 0.7871606945991516 -0.8386034965515137 -0.46050015091896057 
v 0.818763792514801 -0.6835560202598572 -0.5555050373077393 
v 0.6747939586639404 -0.7765845060348511 -0.68992680311203 
v 0.7309772968292236 -0.5130037665367126 -0.7111512422561646 
v 0.8521226644515991 -0.414806991815567 -0.5686439871788025 
v 0.794183611869812 0.17954175174236298 -0.6454564332962036 
v 0.9644894003868103 0.2880750000476837 -0.35336700081825256 
v 1.0224285125732422 0.13819575309753418 -0.19367799162864685 
v 0.9574664831161499 -0.5336767435073853 -0.35033494234085083 
v 1.0540316104888916 0.11235450208187103 0.009470700286328793 
v 1.0206727981567383 -0.5956957340240479 -0.01781792938709259 
v 0.9802910089492798 -0.6938924789428711 0.2682073414325714 
v 0.9276190996170044 -0.8489400148391724 0.09032589942216873 
v 0.6168548464775085 0.04516724869608879 -0.8263699412345886 
v 0.8433440327644348 -0.885117769241333 0.4248642921447754 
v 0.8960159420967102 -0.7972574830055237 0.45417430996894836 
v 0.9504435658454895 -0.544013261795044 0.4359818696975708 
v 1.013649821281433 -0.3631244897842407 0.26113250851631165 
v 0.9662451148033142 0.16403700411319733 0.4056611657142639 
v 1.0189170837402344 0.4637955129146576 0.13580694794654846 
v 1.0031154155731201 0.9082649946212769 0.019577600061893463 
v 0.9644894003868103 1.223528265953064 -0.1461755633354187 
v 0.738000214099884 -0.8592764735221863 0.6654084920883179 
v 0.8134966492652893 -0.6163687705993652 0.6694512963294983 
v 0.8925044536590576 -0.10988025367259979 0.5522112250328064 
v 0.7731148600578308 0.2880750000476837 0.6947185397148132 
v 0.8047179579734802 1.2390329837799072 0.561307430267334 
v 0.6923512816429138 1.1098268032073975 0.7119002342224121 
v 0.6730382442474365 2.0452799797058105 0.5865746736526489 
v 0.7344887852668762 2.546600341796875 0.4026291072368622 
v 0.8415883183479309 1.5542962551116943 0.438003271818161 
v 0.9416649341583252 0.8048999905586243 0.3712977170944214 
v 0.9434206485748291 1.249369502067566 0.27326080203056335 
v 0.8538784384727478 1.9625879526138306 0.2975173592567444 
v 0.8082294464111328 2.5621049404144287 0.20554456114768982 
v 0.7204429507255554 3.290828227996826 0.1833093762397766 
v 0.7994508147239685 2.79984450340271 0.04989830031991005 
v 0.8837258219718933 2.0969624519348145 0.021598979830741882 
v 0.8152523636817932 2.582777976989746 -0.14415417611598969 
v 0.8696799874305725 1.9729244709014893 -0.2088383436203003 
v 0.9680008888244629 1.3940805196762085 0.019577600061893463 
v 0.920596182346344 1.6835025548934937 0.14389246702194214 
v 0.9047945737838745 1.3113884925842285 -0.3159714937210083 
v 0.8450997471809387 1.0271347761154175 -0.48879948258399963 
v 0.6976184248924255 0.773890495300293 -0.7040764689445496 
v 0.7467789053916931 1.2286964654922485 -0.6009860634803772 
v 0.7257101535797119 1.8592230081558228 -0.5312484502792358 
v 0.6098319292068481 2.2881877422332764 -0.6060395240783691 
v 0.7344887852668762 2.3760480880737305 -0.4301794469356537 
v 0.7573132514953613 2.686142921447754 -0.29980042576789856 
v 0.7362444996833801 3.2391457557678223 -0.07542725652456284 
v 0.7011299133300781 3.559577226638794 0.05394105985760689 
v 0.6449465751647949 3.9937102794647217 0.16814902424812317 
v 0.6449465751647949 4.112579822540283 -0.04207449033856392 
v 0.6519694924354553 3.900681734085083 -0.1239403784275055 
v 0.6730382442474365 3.3476788997650146 -0.27756527066230774 
v 0.6133434176445007 3.786980152130127 -0.28969353437423706 
v 0.6150991320610046 3.0117428302764893 -0.4736391305923462 
v 0.5150225162506104 3.47171688079834 -0.4978956878185272 
v 0.49395376443862915 4.1229166984558105 -0.42714738845825195 
v 0.587007462978363 4.391665458679199 -0.2502766251564026 
v 0.47639647126197815 2.7429938316345215 -0.6535419225692749 
v 0.43250322341918945 3.657773971557617 -0.5423660278320312 
v 0.46586209535598755 4.675919055938721 -0.4028908312320709 
v 0.5887631773948669 4.722433567047119 -0.2209666222333908 
v 0.6414350867271423 4.934331893920898 -0.052181389182806015 
v 0.6291449666023254 4.650077819824219 0.07112278789281845 
v 0.5905188918113708 4.526040077209473 0.21868352591991425 
v 0.6045647859573364 3.7146246433258057 0.34805184602737427 
v 0.6607481241226196 3.0996029376983643 0.3935329020023346 
v 0.5799845457077026 2.9859015941619873 0.5239118933677673 
v 0.5747173428535461 2.2003273963928223 0.6583336591720581 
v 0.5167782306671143 5.445988655090332 -0.4109763503074646 
v 0.6309006810188293 5.332286834716797 -0.25533008575439453 
v 0.6344121694564819 5.161734580993652 -0.18256039917469025 
v 0.49922096729278564 3.6422691345214844 0.4895484447479248 
v 0.50799959897995 4.55704927444458 0.3440091013908386 
v 0.623877763748169 5.006687164306641 0.20756593346595764 
v 0.7011299133300781 5.352960109710693 0.057983819395303726 
v 0.7257101535797119 5.440820217132568 -0.07441657036542892 
v 0.597541868686676 5.461493015289307 -0.3452814817428589 
v 0.7625804543495178 5.632045269012451 -0.1775069534778595 
v 0.8152523636817932 5.905962944030762 -0.2866614758968353 
v 0.9521992802619934 6.262571811676025 -0.32911044359207153 
v 0.8363211154937744 5.750915050506592 -0.06835243105888367 
v 0.8837258219718933 5.869784832000732 0.0013851800467818975 
v 0.6853283643722534 5.342623710632324 0.1388390213251114 
v 0.8854815363883972 5.911130905151367 0.06910140812397003 
v 0.7063971161842346 5.554521560668945 0.21261939406394958 
v 0.955710768699646 6.1230292320251465 0.07819762080907822 
v 1.0224285125732422 6.360768795013428 0.09639003872871399 
v 0.5676944255828857 5.239258289337158 0.31570976972579956 
v 0.6747939586639404 5.859448432922363 0.3096456229686737 
v 0.7748705744743347 6.040337085723877 -0.3887411653995514 
v 1.09441339969635 6.536489486694336 -0.44837185740470886 
v 1.1365509033203125 6.520984649658203 -0.3250676989555359 
v 1.0189170837402344 6.252235412597656 -0.17649626731872559 
v 1.0821232795715332 6.381441593170166 -0.06430967152118683 
v 1.2050243616104126 6.701873302459717 -0.07340587675571442 
v 0.9890696406364441 6.453797340393066 0.15804213285446167 
v 1.1611311435699463 6.820743083953857 0.03473794832825661 
v 1.4876970052719116 7.022304534912109 -0.31900355219841003 
v 1.257696270942688 6.68120002746582 -0.2189452350139618 
v 1.5403687953948975 7.027472972869873 -0.43523290753364563 
v 1.4736510515213013 6.955117702484131 -0.5403446555137634 
v 1.761590838432312 7.316895008087158 -0.6828519701957703 
v 1.7949496507644653 7.394418716430664 -0.8324340581893921 
v 1.9529653787612915 7.564970970153809 -0.857701301574707 
v 1.7809038162231445 7.3892502784729 -0.587847113609314 
v 1.601819396018982 7.21353006362915 -0.38570907711982727 
v 1.3454828262329102 7.01196813583374 -0.15830384194850922 
v 1.3033453226089478 7.151511192321777 -0.17447488009929657 
v 1.1453295946121216 7.032641410827637 0.039791401475667953 
v 1.1207493543624878 6.4641337394714355 -0.17346419394016266 
v 1.7299877405166626 7.461606025695801 -0.5120453238487244 
v 2.0196831226348877 7.668335914611816 -0.7657285332679749 
v 1.9301408529281616 7.699345588684082 -0.5979539752006531 
v 2.070599317550659 7.792374134063721 -0.8061561584472656 
v 2.035484790802002 7.8337202072143555 -0.6889160871505737 
v 2.014415979385376 7.890570640563965 -0.8304126858711243 
v 2.0056374073028564 7.937085151672363 -0.7343971133232117 
v 1.9266294240951538 7.942253112792969 -0.6666809320449829 
v 1.9670112133026123 7.875065803527832 -0.62827467918396 
v 1.981057047843933 7.657999515533447 -0.9193534255027771 
v 1.9652554988861084 7.766532897949219 -0.9385564923286438 
v 0.49570950865745544 7.993935585021973 0.1913948953151703 
v 0.587007462978363 8.030113220214844 0.23687595129013062 
v 0.6010532975196838 8.247179985046387 0.24900422990322113 
v 0.7151757478713989 8.267852783203125 0.23283319175243378 
v 0.6941069960594177 8.484919548034668 0.17623454332351685 
v 0.7555575370788574 8.577947616577148 0.15399937331676483 
v 0.5992975831031799 8.629630088806152 0.18634144961833954 
v 0.5115110874176025 8.43840503692627 0.16309557855129242 
v 0.49922096729278564 8.58311653137207 0.14591385424137115 
v 0.44128185510635376 8.67614459991455 0.03271656855940819 
v 0.5325798392295837 8.789846420288086 0.09032589942216873 
v 0.6607481241226196 8.769173622131348 0.12671074271202087 
v 0.7502903342247009 8.769173622131348 0.09335797280073166 
v 0.8064737319946289 8.707154273986816 0.06404796242713928 
v 0.7116643190383911 8.944893836975098 -0.01680723950266838 
v 0.6098319292068481 8.944893836975098 -0.0188286192715168 
v 0.5255569219589233 8.929388999938965 -0.050160009413957596 
v 0.6186106204986572 9.151623725891113 -0.0825020894408226 
v 0.5325798392295837 9.151623725891113 -0.11282279342412949 
v 0.5448699593544006 9.306671142578125 -0.2533087134361267 
v 0.6467022895812988 9.33768081665039 -0.23915903270244598 
v 0.7327330708503723 9.167128562927246 -0.10979072004556656 
v 0.7625804543495178 9.280830383300781 -0.29878973960876465 
v 0.7678476572036743 9.198138236999512 -0.18256039917469025 
v 0.037463970482349396 7.745859622955322 -0.2715011239051819 
v 0.24815157055854797 7.761364459991455 -0.21490247547626495 
v 0.48166367411613464 7.637326717376709 -0.3038432002067566 
v 0.45006051659584045 7.792374134063721 -0.16436797380447388 
v 0.6010532975196838 7.745859622955322 -0.20479558408260345 
v 0.27448752522468567 7.890570640563965 -0.0036682700738310814 
v 0.37983131408691406 7.854393005371094 -0.049149319529533386 
v 0.37105268239974976 7.880234241485596 0.1075076311826706 
v 0.23937292397022247 7.9319167137146 0.13681763410568237 
v 0.33769381046295166 7.838888168334961 0.21767283976078033 
v 0.22532707452774048 7.890570640563965 0.21767283976078033 
v 0.44830480217933655 7.854393005371094 0.24900422990322113 
v 0.10944890230894089 9.39453125 -0.14819693565368652 
v 0.13754057884216309 9.472055435180664 -0.29878973960876465 
v 0.07960148900747299 9.497896194458008 -0.4079442620277405 
v 0.08486867696046829 9.554747581481934 -0.32203561067581177 
v 0.019906669855117798 9.523737907409668 -0.20277419686317444 
v 0.019906669855117798 9.523737907409668 -0.20277419686317444 
v -0.013452200219035149 9.585756301879883 -0.27958664298057556 
v 0.08486867696046829 9.554747581481934 -0.32203561067581177 
v 0.004105099942535162 9.585756301879883 -0.37358081340789795 
v 0.07960148900747299 9.497896194458008 -0.4079442620277405 
v -0.10650589317083359 9.534073829650879 -0.3169821798801422 
v -0.060856908559799194 9.51340103149414 -0.41805118322372437 
v 0.5396027565002441 8.645134925842285 -0.2320842146873474 
v 0.5185340046882629 8.288525581359863 -0.15426108241081238 
v 0.46586209535598755 8.701986312866211 -0.1775069534778595 
v 0.43601468205451965 8.391890525817871 -0.051170699298381805 
v 0.45883917808532715 8.867369651794434 -0.18357108533382416 
v 0.49922096729278564 9.048258781433105 -0.34326010942459106 
v 0.47112926840782166 9.156791687011719 -0.26543697714805603 
v 0.5448699593544006 9.223978996276855 -0.4129977226257324 
v 0.5290683507919312 9.291166305541992 -0.3462921679019928 
v 0.5325798392295837 9.151623725891113 -0.11282279342412949 
v 0.5448699593544006 9.306671142578125 -0.2533087134361267 
v 0.44654905796051025 7.968094348907471 -0.06430967152118683 
v 0.47815218567848206 8.913884162902832 -0.1027158871293068 
v 0.5255569219589233 8.929388999938965 -0.050160009413957596 
v 0.44128185510635376 8.67614459991455 0.03271656855940819 
v 0.5325798392295837 8.789846420288086 0.09032589942216873 
v 0.49922096729278564 8.58311653137207 0.14591385424137115 
v 0.43425893783569336 8.412564277648926 0.06303726881742477 
v 0.5115110874176025 8.43840503692627 0.16309557855129242 
v 0.41845738887786865 7.957757949829102 0.07011210173368454 
v 0.49570950865745544 7.993935585021973 0.1913948953151703 
v 0.44830480217933655 7.854393005371094 0.24900422990322113 
v 0.37105268239974976 7.880234241485596 0.1075076311826706 
v 0.37983131408691406 7.854393005371094 -0.049149319529533386 
v 0.5448699593544006 9.223978996276855 -0.4129977226257324 
v 0.6150991320610046 9.317008018493652 -0.4018801152706146 
v 0.5290683507919312 9.291166305541992 -0.3462921679019928 
v 0.5448699593544006 9.306671142578125 -0.2533087134361267 
v 0.6467022895812988 9.33768081665039 -0.23915903270244598 
v 0.6835725903511047 9.33768081665039 -0.3563990890979767 
v 0.7625804543495178 9.280830383300781 -0.29878973960876465 
v 0.7555575370788574 8.577947616577148 0.15399937331676483 
v 0.8117408752441406 8.314367294311523 0.13277487456798553 
v 0.8064737319946289 8.707154273986816 0.06404796242713928 
v 0.8257867693901062 8.836360931396484 -0.07744863629341125 
v 0.7502903342247009 8.769173622131348 0.09335797280073166 
v 0.7116643190383911 8.944893836975098 -0.01680723950266838 
v 0.7327330708503723 9.167128562927246 -0.10979072004556656 
v 0.8205195665359497 9.094773292541504 -0.21389178931713104 
v 0.7678476572036743 9.198138236999512 -0.18256039917469025 
v 0.7625804543495178 9.280830383300781 -0.29878973960876465 
v 0.7994508147239685 9.089604377746582 -0.32203561067581177 
v 0.7221986651420593 9.234315872192383 -0.41805118322372437 
v 0.6835725903511047 9.33768081665039 -0.3563990890979767 
v 0.8257867693901062 8.84152889251709 -0.1674000471830368 
v 0.8328096866607666 8.340208053588867 0.013513459824025631 
v 0.7976950407028198 7.84922456741333 0.038780711591243744 
v 0.7748705744743347 8.252347946166992 -0.13101521134376526 
v 0.7889164090156555 8.629630088806152 -0.18256039917469025 
v 0.7327330708503723 9.012081146240234 -0.3695380389690399 
v 0.7555575370788574 7.84922456741333 0.21261939406394958 
v 0.7924278974533081 7.42542839050293 0.21261939406394958 
v 0.8363211154937744 7.409923553466797 0.1297428160905838 
v 0.9188404083251953 7.208361625671387 0.12671074271202087 
v 0.8977716565132141 7.316895008087158 0.037770021706819534 
v 0.8328096866607666 7.435764789581299 -0.024892760440707207 
v 0.7906721234321594 7.4667744636535645 -0.1977207511663437 
v 0.75906902551651 7.937085151672363 -0.09564106166362762 
v 0.7344887852668762 7.239371299743652 0.3177311420440674 
v 0.8696799874305725 7.058482646942139 0.19846972823143005 
v 0.8819701075553894 7.378913879394531 -0.26947975158691406 
v 0.9644894003868103 7.301390171051025 -0.08048070967197418 
v 0.9750238060951233 7.218698024749756 0.062026578933000565 
v 0.7063971161842346 7.595980644226074 -0.2189452350139618 
v 0.7906721234321594 7.4667744636535645 -0.1977207511663437 
v 0.7608247399330139 7.477110862731934 -0.25735145807266235 
v 1.6755601167678833 7.8337202072143555 -0.8900433778762817 
v 1.8967820405960083 7.854393005371094 -0.936535120010376 
v 1.840598702430725 7.952589511871338 -0.809188187122345 
v 2.014415979385376 7.890570640563965 -0.8304126858711243 
v 2.0056374073028564 7.937085151672363 -0.7343971133232117 
v 1.9266294240951538 7.942253112792969 -0.6666809320449829 
v 1.8072397708892822 7.9319167137146 -0.6747664213180542 
v 1.659758448600769 7.869897842407227 -0.7455147504806519 
v 1.610598087310791 7.813046932220459 -0.661627471446991 
v 1.5684605836868286 7.766532897949219 -0.7798781991004944 
v 1.6983845233917236 7.823383331298828 -0.5686439871788025 
v 0.7906721234321594 7.4667744636535645 -0.1977207511663437 
v 0.7608247399330139 7.477110862731934 -0.25735145807266235 
v 0.8819701075553894 7.378913879394531 -0.26947975158691406 
v 0.9241076111793518 7.280717372894287 -0.44837185740470886 
v 0.541358470916748 7.409923553466797 -0.4544360041618347 
v 0.8819701075553894 7.172183990478516 -0.5767294764518738 
v 0.5694501399993896 7.265212535858154 -0.5555050373077393 
v 1.0434972047805786 7.120501518249512 -0.6252425909042358 
v 1.0803675651550293 7.239371299743652 -0.5352911949157715 
v 1.175176978111267 7.177352428436279 -0.6676915884017944 
v 1.20853590965271 7.316895008087158 -0.549440860748291 
v 1.2436504364013672 7.265212535858154 -0.6777985095977783 
v 1.5034985542297363 7.570139408111572 -0.5170987844467163 
v 1.338459849357605 7.415091514587402 -0.40592288970947266 
v 1.4543380737304688 7.575307369232178 -0.6171571016311646 
v 1.2945666313171387 7.409923553466797 -0.5130560398101807 
v 1.4543380737304688 7.575307369232178 -0.7647178173065186 
v 1.1734212636947632 7.3375678062438965 -0.36246320605278015 
v 1.0680774450302124 7.327231407165527 -0.33214253187179565 
v 0.9644894003868103 7.301390171051025 -0.08048070967197418 
v 1.176932692527771 7.265212535858154 -0.21692386269569397 
v 1.2506734132766724 7.29622220993042 -0.270490437746048 
v 1.5579261779785156 7.5546345710754395 -0.48071396350860596 
v 0.9750238060951233 7.218698024749756 0.062026578933000565 
v 0.9644894003868103 7.301390171051025 -0.08048070967197418 
v 1.1453295946121216 7.032641410827637 0.039791401475667953 
v 1.3033453226089478 7.151511192321777 -0.17447488009929657 
v 1.176932692527771 7.265212535858154 -0.21692386269569397 
v 1.2506734132766724 7.29622220993042 -0.270490437746048 
v 1.5140328407287598 7.332399845123291 -0.33113181591033936 
v 1.5579261779785156 7.5546345710754395 -0.48071396350860596 
v 1.6580027341842651 7.523624897003174 -0.47869256138801575 
v 1.601819396018982 7.21353006362915 -0.38570907711982727 
v 1.7299877405166626 7.461606025695801 -0.5120453238487244 
v 1.821285605430603 7.761364459991455 -0.5272057056427002 
v 1.9301408529281616 7.699345588684082 -0.5979539752006531 
v 1.9670112133026123 7.875065803527832 -0.62827467918396 
v 2.035484790802002 7.8337202072143555 -0.6889160871505737 
v 1.3454828262329102 7.01196813583374 -0.15830384194850922 
v 1.8072397708892822 7.9319167137146 -0.6747664213180542 
v 1.6983845233917236 7.823383331298828 -0.5686439871788025 
v 1.9266294240951538 7.942253112792969 -0.6666809320449829 
v 1.610598087310791 7.813046932220459 -0.661627471446991 
v 1.5034985542297363 7.570139408111572 -0.5170987844467163 
v 1.338459849357605 7.415091514587402 -0.40592288970947266 
v 1.9529653787612915 7.564970970153809 -0.857701301574707 
v 1.8370872735977173 7.508120059967041 -0.9294602870941162 
v 1.7949496507644653 7.394418716430664 -0.8324340581893921 
v 1.6773158311843872 7.29622220993042 -0.8243485689163208 
v 1.4367808103561401 6.986126899719238 -0.6353495121002197 
v 1.4736510515213013 6.955117702484131 -0.5403446555137634 
v 1.09441339969635 6.536489486694336 -0.44837185740470886 
v 1.1365509033203125 6.520984649658203 -0.3250676989555359 
v 1.6685371398925781 7.735523223876953 -0.9314817190170288 
v 1.508765697479248 7.539129734039307 -0.8607333898544312 
v 1.6755601167678833 7.8337202072143555 -0.8900433778762817 
v 1.4543380737304688 7.575307369232178 -0.7647178173065186 
v 1.5684605836868286 7.766532897949219 -0.7798781991004944 
v 1.4543380737304688 7.575307369232178 -0.6171571016311646 
v 1.610598087310791 7.813046932220459 -0.661627471446991 
v 1.5034985542297363 7.570139408111572 -0.5170987844467163 
v 0.7151757478713989 8.267852783203125 0.23283319175243378 
v 0.6695267558097839 8.024945259094238 0.25102561712265015 
v 0.8117408752441406 8.314367294311523 0.13277487456798553 
v 0.8977716565132141 7.316895008087158 0.037770021706819534 
v 0.9750238060951233 7.218698024749756 0.062026578933000565 
v 0.9188404083251953 7.208361625671387 0.12671074271202087 
v 1.1453295946121216 7.032641410827637 0.039791401475667953 
v 0.9750238060951233 7.218698024749756 0.062026578933000565 
v 0.9188404083251953 7.208361625671387 0.12671074271202087 
v -0.8544468879699707 8.686481475830078 -0.21187041699886322 
v -0.7350572347640991 8.453909873962402 -0.24522317945957184 
v -0.8087978959083557 8.753668785095215 -0.2846401035785675 
v -0.8562026023864746 9.322175979614258 -0.38671979308128357 
v -0.8684927225112915 9.31183910369873 -0.27857595682144165 
v -0.7754390239715576 9.379026412963867 -0.36044183373451233 
v -0.7262786030769348 9.348017692565918 -0.26947975158691406 
v -0.6525379419326782 9.306671142578125 -0.3392173647880554 
v -0.6771181225776672 9.280830383300781 -0.4190618693828583 
v -0.7631489038467407 9.254988670349121 -0.18357108533382416 
v 1.0224285125732422 6.360768795013428 0.09639003872871399 
v 0.6747939586639404 5.859448432922363 0.3096456229686737 
v 0.7063971161842346 5.554521560668945 0.21261939406394958 
v -0.6507821679115295 7.7045135498046875 -0.27554386854171753 
v -0.782461941242218 7.683840751647949 -0.1775069534778595 
v -0.7438358664512634 7.5908122062683105 -0.2927256226539612 
v -0.8667370080947876 7.606317043304443 -0.20075282454490662 
v -0.8017749786376953 7.756196022033691 0.0034065600484609604 
v -0.8790270686149597 7.663167953491211 -0.029946209862828255 
v -0.9720807671546936 7.632158279418945 -0.15021832287311554 
v -0.9527677297592163 7.6786723136901855 -0.008721720427274704 
v -0.8333781361579895 7.67350435256958 0.13277487456798553 
v -0.9966610074043274 7.647663116455078 0.11559315025806427 
v -0.9808594584465027 7.456437587738037 -0.3159714937210083 
v -1.0370427370071411 7.549466133117676 -0.24421249330043793 
v 1.3753302097320557 7.461606025695801 -0.730354368686676 
v 1.20853590965271 7.316895008087158 -0.549440860748291 
v 1.2436504364013672 7.265212535858154 -0.6777985095977783 
vn -0.6320660710334778 -0.7001000642776489 -0.33219319581985474 
vn -0.5457634329795837 -0.6843657493591309 -0.4835140109062195 
vn -0.05656981095671654 -0.9856875538825989 -0.15880759060382843 
vn -0.49745604395866394 -0.5908849835395813 -0.6351318359375 
vn -0.2042054682970047 -0.923777163028717 -0.3239381015300751 
vn 0.041528113186359406 -0.9968428611755371 -0.06767380982637405 
vn -0.05093251168727875 -0.9946879148483276 -0.08945280313491821 
vn -0.33679285645484924 -0.9339175224304199 -0.11986933648586273 
vn -0.0961698591709137 -0.9920843839645386 -0.08074574917554855 
vn -0.263511598110199 -0.78166663646698 -0.5652954578399658 
vn -0.03583487868309021 -0.9949455857276917 -0.09380380809307098 
vn -0.25392022728919983 -0.9622320532798767 -0.0981530249118805 
vn -0.8383030891418457 -0.5362964868545532 -0.0981530249118805 
vn -0.4712606370449066 -0.8816666007041931 0.024029340595006943 
vn 0.06037835404276848 -0.998173177242279 0.002184694167226553 
vn -0.26825234293937683 -0.957405149936676 0.10684575140476227 
vn 0.007551815826445818 -0.9999691247940063 0.002184694167226553 
vn -0.2243984341621399 -0.9686223864555359 0.10684575140476227 
vn -0.2190837264060974 -0.9744124412536621 0.05022686347365379 
vn -0.1149420365691185 -0.9876093864440918 -0.10684575140476227 
vn -0.06791337579488754 -0.9976696968078613 -0.006554040592163801 
vn -0.18766683340072632 -0.9821720123291016 0.010923261754214764 
vn -0.10920432955026627 -0.9812515377998352 -0.15880759060382843 
vn -0.2556357681751251 -0.9406719207763672 -0.22312943637371063 
vn -0.03397697955369949 -0.9922081232070923 -0.11986933648586273 
vn -0.10929960012435913 -0.9676512479782104 -0.22738653421401978 
vn -0.2129477858543396 -0.5893657207489014 -0.7792953848838806 
vn -0.04153650999069214 -0.8238421082496643 -0.5652954578399658 
vn -0.07922037690877914 -0.9945573806762695 -0.06767380982637405 
vn 0.016977261751890182 -0.995445966720581 -0.09380380809307098 
vn -0.8908441662788391 -0.4026869535446167 0.2103329300880432 
vn -0.7944052815437317 -0.5137940645217896 0.3239381015300751 
vn -0.47665536403656006 -0.8105010390281677 0.34042292833328247 
vn 0.16415134072303772 -0.568806529045105 -0.8059239983558655 
vn 0.15229149162769318 -0.9168603420257568 -0.3690181374549866 
vn 0.14474749565124512 -0.9609397649765015 -0.23588760197162628 
vn 0.03207532316446304 -0.9906139969825745 -0.1328723281621933 
vn 0.37636134028434753 -0.5462760329246521 -0.7482877969741821 
vn 0.40864062309265137 -0.7857862114906311 -0.4642767012119293 
vn 0.6021379232406616 -0.7100977301597595 -0.3649536371231079 
vn 0.6522305607795715 -0.40854883193969727 -0.6385006904602051 
vn 0.0980430394411087 -0.9809969663619995 -0.16742929816246033 
vn 0.498596727848053 -0.840928852558136 -0.2103329300880432 
vn 0.03397040069103241 -0.9968236088752747 -0.07203252613544464 
vn 0.01510031707584858 -0.9996926784515381 -0.01966099627315998 
vn 0.022644642740488052 -0.9993401765823364 -0.028397228568792343 
vn -0.041528113186359406 -0.9968428611755371 0.06767380982637405 
vn -0.150334894657135 -0.9877638220787048 0.04149730131030083 
vn -0.4102368950843811 -0.9015993475914001 -0.1372016966342926 
vn -0.054713111370801926 -0.992292046546936 -0.1111890971660614 
vn -0.07914313673973083 -0.9935876727104187 0.08074574917554855 
vn -0.18574188649654388 -0.9495127201080322 0.25283506512641907 
vn -0.2718043923377991 -0.9147159457206726 0.2990269064903259 
vn -0.5159551501274109 -0.5399587154388428 0.6650074124336243 
vn -0.33513343334198 -0.695911705493927 0.6351318359375 
vn -0.18900427222251892 -0.8813363313674927 0.43303996324539185 
vn -0.03586798533797264 -0.991055428981781 0.12854042649269104 
vn -0.06217999756336212 -0.9138450026512146 0.401274174451828 
vn -0.19905434548854828 -0.4300941526889801 0.8805659413337708 
vn 0.00941071379929781 -0.5954604148864746 0.8033295273780823 
vn 0.049028489738702774 -0.9715654850006104 0.23163928091526031 
vn 0.17432935535907745 -0.565770149230957 0.8059239983558655 
vn 0.32163965702056885 -0.48433345556259155 0.8136147856712341 
vn 0.10174814611673355 -0.9488046169281006 0.2990269064903259 
vn 0.4859462082386017 -0.48861318826675415 0.7246471047401428 
vn 0.6477697491645813 -0.5107204914093018 0.5652954578399658 
vn 0.3444520831108093 -0.8796156048774719 0.3280687630176544 
vn 0.8485930562019348 -0.40148499608039856 0.34452807903289795 
vn 0.5833251476287842 -0.7919659614562988 0.18033768236637115 
vn -0.06036682799458504 -0.9979826211929321 -0.01966099627315998 
vn 0.13548985123634338 -0.9905836582183838 0.01966099627315998 
vn -0.12619802355766296 -0.9887133836746216 -0.08074574917554855 
vn -0.06789521872997284 -0.9974030256271362 -0.024029340595006943 
vn 0.0018864526646211743 -0.9955888986587524 0.09380380809307098 
vn 0.015089319087564945 -0.9941611289978027 0.10684575140476227 
vn 0.015096260234713554 -0.9946184158325195 0.10250037163496017 
vn 0.7681077718734741 -0.6401379704475403 -0.0152922747656703 
vn 0.001886857906356454 -0.9717785120010376 0.23588760197162628 
vn 0.11678244173526764 -0.9810677766799927 0.15449213981628418 
vn -0.030189042910933495 -0.9942747354507446 0.10250037163496017 
vn -0.001887861406430602 -0.9987360239028931 -0.05022686347365379 
vn 0.8550800085067749 -0.46387651562690735 -0.23163928091526031 
vn 0.27382752299308777 -0.9599703550338745 -0.058952588587999344 
vn -0.13542260229587555 -0.9900919198989868 -0.03713129088282585 
vn -0.6710506081581116 -0.05281282588839531 -0.7395281791687012 
vn -0.7807613015174866 -0.18346218764781952 -0.5972883701324463 
vn -0.7658945918083191 0.037744127213954926 -0.641857385635376 
vn -0.8856177926063538 0.011325923725962639 -0.4642767012119293 
vn -0.9087923169136047 -0.23536555469036102 -0.34452807903289795 
vn -0.9795764088630676 -0.03773224726319313 -0.1975002884864807 
vn -0.8383030891418457 -0.5362964868545532 -0.0981530249118805 
vn -0.6320660710334778 -0.7001000642776489 -0.33219319581985474 
vn -0.5457634329795837 -0.6843657493591309 -0.4835140109062195 
vn -0.49745604395866394 -0.5908849835395813 -0.6351318359375 
vn -0.8974438309669495 0.06039902940392494 -0.43697428703308105 
vn -0.7871033549308777 0.08298119902610779 -0.6112139225006104 
vn -0.614717960357666 0.04534432291984558 -0.7874425053596497 
vn -0.6357209086418152 0.07543286681175232 -0.7682244777679443 
vn -0.6994273662567139 0.1090581864118576 -0.7063339352607727 
vn -0.8245207071304321 0.11299613118171692 -0.5544344186782837 
vn -0.8741927742958069 0.0754290297627449 -0.4796847105026245 
vn -0.9667218923568726 0.06036704406142235 -0.24860523641109467 
vn -0.99952232837677 0.030202379450201988 -0.006554040592163801 
vn -0.9895321726799011 -0.14296671748161316 0.01966099627315998 
vn -0.9539757966995239 0.022651636973023415 0.2990269064903259 
vn -0.8908441662788391 -0.4026869535446167 0.2103329300880432 
vn -0.8836366534233093 -0.060278091579675674 0.4642767012119293 
vn -0.7944052815437317 -0.5137940645217896 0.3239381015300751 
vn -0.7001646161079407 -0.23344354331493378 0.67473965883255 
vn -0.47665536403656006 -0.8105010390281677 0.34042292833328247 
vn -0.5159551501274109 -0.5399587154388428 0.6650074124336243 
vn -0.4712606370449066 -0.8816666007041931 0.024029340595006943 
vn -0.8266540765762329 0.033942267298698425 0.5616858005523682 
vn -0.8526541590690613 0.07154892385005951 0.5175535082817078 
vn -0.6920232772827148 0.018843956291675568 0.7216291427612305 
vn -0.6849956512451172 0.07528271526098251 0.7246471047401428 
vn -0.7417839169502258 0.108902208507061 0.661737859249115 
vn -0.8526999354362488 0.11289451271295547 0.5100564956665039 
vn -0.7849892973899841 0.1201329454779625 0.607749879360199 
vn -0.9377103447914124 0.10172028094530106 0.33219319581985474 
vn -0.9410293102264404 0.06412141025066376 0.33219319581985474 
vn -0.9802596569061279 0.09796935319900513 0.17173540592193604 
vn -0.9853857755661011 0.04905856028199196 0.16312000155448914 
vn -0.9954949021339417 0.09046237915754318 -0.028397228568792343 
vn -0.9596785306930542 0.07922204583883286 -0.26970529556274414 
vn -0.9098616242408752 0.1055026724934578 -0.401274174451828 
vn -0.9905022978782654 0.12421660125255585 0.058952588587999344 
vn -0.9856634140014648 0.10929317027330399 -0.12854042649269104 
vn -0.9565476775169373 0.12053554505109787 -0.26549527049064636 
vn -0.9715169668197632 0.12425331026315689 0.2017817199230194 
vn -0.9139200448989868 0.12793481349945068 0.3852050006389618 
vn -0.8349780440330505 0.12403605878353119 0.5361219048500061 
vn -0.7112492322921753 0.1126508116722107 0.6938546895980835 
vn -0.8576108813285828 0.09039147198200226 0.5062933564186096 
vn -0.7599182724952698 0.07898658514022827 0.6452018022537231 
vn -0.9107286334037781 0.11292175948619843 0.3972681760787964 
vn -0.9667916297912598 0.11665899306535721 0.22738653421401978 
vn -0.9900950789451599 0.12051183730363846 0.07203252613544464 
vn -0.9833177924156189 0.12422192096710205 -0.1328723281621933 
vn -0.9237903952598572 0.1279662698507309 -0.36088213324546814 
vn -0.8331237435340881 0.12047907710075378 -0.5398051738739014 
vn -0.7148256301879883 0.12774758040905 -0.6875353455543518 
vn -0.7721998691558838 0.09420108050107956 -0.6283578276634216 
vn -0.9058511257171631 0.10925863683223724 -0.40926313400268555 
vn -0.9885764718055725 0.10175249725580215 -0.1111890971660614 
vn -0.9903329610824585 0.09801355004310608 0.0981530249118805 
vn -0.9065443277359009 0.0640638992190361 0.417220801115036 
vn -0.8487179279327393 0.011314641684293747 0.528724730014801 
vn -0.6768843531608582 0.06027146428823471 0.7336177229881287 
vn -0.7358902096748352 -0.05649762228131294 0.67473965883255 
vn -0.9523233771324158 -0.03396938741207123 0.30319350957870483 
vn -0.9941400289535522 0.04529482498764992 0.0981530249118805 
vn -0.9839998483657837 0.0716673731803894 -0.16312000155448914 
vn -0.9971450567245483 -0.022649366408586502 -0.07203252613544464 
vn -0.9701440930366516 -0.14658907055854797 0.19321508705615997 
vn -0.8365674018859863 -0.16856618225574493 0.5212872624397278 
vn -0.6114993095397949 -0.10123728960752487 0.7847417593002319 
vn -0.8975545763969421 -0.23496875166893005 0.37307560443878174 
vn -0.728909969329834 -0.17548026144504547 0.661737859249115 
vn -0.8430532217025757 -0.22752314805984497 0.48733407258987427 
vn -0.9605233669281006 -0.2648637890815735 0.08510008454322815 
vn -0.9532238841056824 -0.2827512323856354 0.10684575140476227 
vn -0.960155725479126 -0.26476240158081055 -0.08945280313491821 
vn -0.9698213338851929 -0.2354525774717331 -0.0633138045668602 
vn -0.9354690313339233 -0.2425238937139511 0.25706008076667786 
vn -0.6829386949539185 -0.18624471127986908 0.7063339352607727 
vn -0.8482065200805664 -0.1982988715171814 0.4911448359489441 
vn -0.9449180960655212 -0.26100456714630127 0.1975002884864807 
vn -0.9254152178764343 -0.2574133276939392 -0.2781098484992981 
vn -0.62741619348526 -0.1272008717060089 0.7682244777679443 
vn -0.6952630877494812 -0.015066036023199558 0.7185974717140198 
vn -0.8797597885131836 -0.08285869657993317 0.46814218163490295 
vn -0.9527843594551086 -0.19120393693447113 0.23588760197162628 
vn -0.9806705713272095 -0.19506751000881195 -0.0152922747656703 
vn -0.9354488849639893 -0.13155338168144226 0.3280687630176544 
vn -0.9119820594787598 -0.1614457219839096 -0.37712597846984863 
vn -0.9502519965171814 -0.25396743416786194 -0.18033768236637115 
vn -0.692187488079071 -0.011307267472147942 0.7216291427612305 
vn -0.897788941860199 -0.38924869894981384 -0.2060592919588089 
vn -0.781215488910675 -0.10903090983629227 0.6146662831306458 
vn -0.8560137152671814 -0.2020169049501419 0.4758462607860565 
vn -0.9726633429527283 -0.23196260631084442 0.010923261754214764 
vn -0.6634771227836609 0.18623816967010498 0.7246471047401428 
vn -0.8734793663024902 -0.14656373858451843 -0.4642767012119293 
vn -0.8560137152671814 0.2020169049501419 0.4758462607860565 
vn -0.6195173859596252 0.6061835289001465 0.4987381398677826 
vn -0.8893934488296509 0.31835538148880005 -0.3280687630176544 
vn -0.6825011968612671 0.018846096470952034 0.7306414246559143 
vn -0.3737424612045288 -0.3443247973918915 -0.8612531423568726 
vn -0.7313295602798462 -0.4120541214942932 -0.5434780716896057 
vn -0.5582037568092346 -0.27720728516578674 -0.7820260524749756 
vn -0.5849048495292664 0.0075622848235070705 -0.8110666871070862 
vn -0.8935941457748413 -0.13177625834941864 -0.42909738421440125 
vn -0.6331614851951599 0.018877843394875526 -0.7737894654273987 
vn -0.2451973408460617 -0.3593193292617798 -0.9004265069961548 
vn -0.9759690761566162 -0.19870224595069885 -0.08945280313491821 
vn -0.8995528817176819 -0.21334171295166016 -0.3811691105365753 
vn -0.9598544836044312 -0.26109957695007324 -0.10250037163496017 
vn -0.6981053948402405 -0.1499311774969101 -0.7001210451126099 
vn -0.7964926958084106 -0.2238491177558899 -0.5616858005523682 
vn -0.6082600951194763 -0.16428636014461517 -0.7765498161315918 
vn -0.695564866065979 -0.19778968393802643 -0.6907016038894653 
vn -0.8138921856880188 -0.2239481657743454 -0.5361219048500061 
vn -0.647731363773346 -0.08670554310083389 -0.7569189071655273 
vn -0.8847123384475708 -0.19113990664482117 -0.42514660954475403 
vn -0.5989914536476135 0.007557779550552368 -0.8007197380065918 
vn -0.8604994416236877 -0.05663677677512169 -0.5062933564186096 
vn -0.9008686542510986 0.030199704691767693 -0.43303996324539185 
vn -0.6832818388938904 0.060411930084228516 -0.7276512384414673 
vn -0.6561247706413269 0.0978040099143982 -0.7482877969741821 
vn -0.5635954737663269 0.12752863764762878 -0.8161473870277405 
vn -0.9175475239753723 -0.2572552263736725 -0.30319350957870483 
vn -0.9770832657814026 -0.11307774484157562 -0.18033768236637115 
vn -0.2042054682970047 -0.923777163028717 -0.3239381015300751 
vn -0.49745604395866394 -0.5908849835395813 -0.6351318359375 
vn -0.263511598110199 -0.78166663646698 -0.5652954578399658 
vn -0.5069336891174316 -0.2621161937713623 -0.8211658596992493 
vn -0.3101354241371155 -0.18051286041736603 -0.933397650718689 
vn -0.279978483915329 -0.011331223882734776 -0.9599394202232361 
vn -0.06888850033283234 -0.21446625888347626 -0.9742990136146545 
vn -0.2129477858543396 -0.5893657207489014 -0.7792953848838806 
vn -0.04153650999069214 -0.8238421082496643 -0.5652954578399658 
vn 0.20279638469219208 -0.16137874126434326 -0.9658315181732178 
vn 0.16415134072303772 -0.568806529045105 -0.8059239983558655 
vn 0.37636134028434753 -0.5462760329246521 -0.7482877969741821 
vn 0.49148324131965637 -0.1561189591884613 -0.8567795157432556 
vn 0.2591707408428192 0 -0.9658315181732178 
vn 0.009576811455190182 0.024401316419243813 -0.9996563792228699 
vn -0.19009225070476532 0.04505269229412079 -0.9807319641113281 
vn -0.49298879504203796 -0.007555567193776369 -0.8700028657913208 
vn -0.6710506081581116 -0.05281282588839531 -0.7395281791687012 
vn -0.7807613015174866 -0.18346218764781952 -0.5972883701324463 
vn 0.39670079946517944 0.045240599662065506 -0.916832447052002 
vn 0.10723397880792618 0.05825929716229439 -0.9925254583358765 
vn 0.612755537033081 0.015101317316293716 -0.790128231048584 
vn 0.7092804908752441 -0.10545063763856888 -0.6969945430755615 
vn 0.6522305607795715 -0.40854883193969727 -0.6385006904602051 
vn 0.40864062309265137 -0.7857862114906311 -0.4642767012119293 
vn 0.7855136394500732 0.030201582238078117 -0.6181069612503052 
vn 0.7114691734313965 0.06035008281469345 -0.7001210451126099 
vn 0.5336657166481018 0.067874975502491 -0.8429672718048096 
vn 0.5815104246139526 0.09037964791059494 -0.8085030317306519 
vn 0.40692976117134094 0.08263002336025238 -0.9097144603729248 
vn 0.42034801840782166 0.11198052018880844 -0.9004265069961548 
vn 0.6198920011520386 0.11271318793296814 -0.7765498161315918 
vn 0.706209123134613 0.1053527444601059 -0.7001210451126099 
vn 0.7594911456108093 0.08299297094345093 -0.6452018022537231 
vn 0.26334404945373535 0.06730318814516068 -0.962351381778717 
vn 0.14590926468372345 0.08642219752073288 -0.9855159521102905 
vn -0.058663055300712585 0.08138882368803024 -0.994954526424408 
vn -0.4113668203353882 0.056541070342063904 -0.9097144603729248 
vn -0.614717960357666 0.04534432291984558 -0.7874425053596497 
vn -0.7658945918083191 0.037744127213954926 -0.641857385635376 
vn -0.6357209086418152 0.07543286681175232 -0.7682244777679443 
vn -0.5283080339431763 0.10147298127412796 -0.8429672718048096 
vn -0.6994273662567139 0.1090581864118576 -0.7063339352607727 
vn -0.5696253776550293 0.11643829941749573 -0.8136147856712341 
vn -0.7148256301879883 0.12774758040905 -0.6875353455543518 
vn -0.5635954737663269 0.12752863764762878 -0.8161473870277405 
vn -0.7721998691558838 0.09420108050107956 -0.6283578276634216 
vn 0.311307817697525 0.09677906334400177 -0.9453682899475098 
vn -0.3617739677429199 0.12630370259284973 -0.9236704111099243 
vn -0.6561247706413269 0.0978040099143982 -0.7482877969741821 
vn -0.4534568786621094 0.09019818156957626 -0.8867024183273315 
vn -0.35381126403808594 0.11177672445774078 -0.9286137819290161 
vn -0.6832818388938904 0.060411930084228516 -0.7276512384414673 
vn -0.5989914536476135 0.007557779550552368 -0.8007197380065918 
vn -0.26334404945373535 0.06730318814516068 -0.962351381778717 
vn -0.42682763934135437 -0.060326267033815384 -0.9023185968399048 
vn -0.647731363773346 -0.08670554310083389 -0.7569189071655273 
vn -0.5664035081863403 -0.131217360496521 -0.8136147856712341 
vn -0.695564866065979 -0.19778968393802643 -0.6907016038894653 
vn -0.6082600951194763 -0.16428636014461517 -0.7765498161315918 
vn -0.42847204208374023 -0.07512524724006653 -0.9004265069961548 
vn -0.6981053948402405 -0.1499311774969101 -0.7001210451126099 
vn -0.42697250843048096 0.011338216252624989 -0.9041935205459595 
vn -0.6331614851951599 0.018877843394875526 -0.7737894654273987 
vn -0.2892906069755554 0.35064056515693665 -0.8907088041305542 
vn -0.5849048495292664 0.0075622848235070705 -0.8110666871070862 
vn -0.2558301091194153 -0.04147806018590927 -0.9658315181732178 
vn -0.005730303004384041 0.03003930114209652 -0.9995322823524475 
vn -0.0037817833945155144 0.06975089013576508 -0.9975572824478149 
vn -0.16413643956184387 0.11364835500717163 -0.97986900806427 
vn -0.05851801484823227 0.12648461759090424 -0.9902410507202148 
vn 0.03014303743839264 0.1271834820508957 -0.991421103477478 
vn 0.013194040395319462 0.10383842885494232 -0.9945066571235657 
vn 0.17226144671440125 0.10090943425893784 -0.97986900806427 
vn 0.24781547486782074 0.05988376960158348 -0.9669547080993652 
vn 0.42847204208374023 0.07512524724006653 -0.9004265069961548 
vn 0.22326703369617462 0.12308699637651443 -0.9669547080993652 
vn 0.21377943456172943 0.12269864976406097 -0.9691457152366638 
vn -0.28397810459136963 0.07119377702474594 -0.9561840295791626 
vn -0.24918173253536224 0.0853339433670044 -0.9646899104118347 
vn -0.2415122538805008 -0.018912475556135178 -0.9702134728431702 
vn 0.44051769375801086 0.11216959357261658 -0.8907088041305542 
vn 0.7231003642082214 0.007559964898973703 -0.6907016038894653 
vn 0.47368261218070984 -0.015112919732928276 -0.8805659413337708 
vn 0.5746765732765198 -0.14224404096603394 -0.8059239983558655 
vn 0.5932685732841492 0.10524868220090866 -0.7980946898460388 
vn 0.26588788628578186 0.030230574309825897 -0.9635298252105713 
vn 0.21199963986873627 -0.04506191611289978 -0.976230263710022 
vn 0.38724902272224426 -0.0972442552447319 -0.916832447052002 
vn 0.1861230581998825 -0.1342930793762207 -0.9733054637908936 
vn -0.050669681280851364 -0.025604544207453728 -0.9983872175216675 
vn -0.0331185981631279 -0.011158955283463001 -0.999389111995697 
vn -0.1123485267162323 0.015109406784176826 -0.9935539960861206 
vn -0.01137290708720684 0.06449896097183228 -0.9978529810905457 
vn -0.08313426375389099 0.2093563824892044 -0.9742990136146545 
vn -0.12112581729888916 0.20979607105255127 -0.9702134728431702 
vn -0.1676342934370041 0.2551300525665283 -0.9522643685340881 
vn 0.04342515394091606 0.34797433018684387 -0.9364978075027466 
vn -0.2814147472381592 0.3520178496837616 -0.8926864862442017 
vn -0.041461557149887085 0.07181352376937866 -0.9965559244155884 
vn -0.6612695455551147 0.05280046910047531 -0.7482877969741821 
vn -0.3113132119178772 -0.14273791015148163 -0.9395264387130737 
vn -0.8504408597946167 -0.11291450262069702 -0.5138099193572998 
vn -0.8211095333099365 -0.2239253968000412 -0.5250110030174255 
vn -0.3617289066314697 0.5158706903457642 -0.7765498161315918 
vn -0.2860454320907593 0.7263690829277039 -0.6249527335166931 
vn -0.4594056010246277 -0.32629692554473877 -0.8261215686798096 
vn -0.8670037984848022 -0.12049316614866257 -0.4835140109062195 
vn -0.4599221646785736 -0.1879492849111557 -0.8678402304649353 
vn 0.04506191611289978 -0.21199963986873627 -0.976230263710022 
vn 0.15507127344608307 -0.1257362961769104 -0.97986900806427 
vn -0.3778839707374573 0.2595977783203125 -0.888714075088501 
vn 0.5593536496162415 0.39704811573028564 -0.7276512384414673 
vn -0.649034321308136 0.5610292553901672 -0.5138099193572998 
vn -0.015100003220140934 0.9756376147270203 -0.21886809170246124 
vn 0.3905871510505676 0.022678954526782036 -0.9202865362167358 
vn 0.619084894657135 -0.030236242339015007 -0.7847417593002319 
vn 0.9310094118118286 0.12050659954547882 -0.34452807903289795 
vn 0.603985071182251 0.3865237832069397 -0.6969945430755615 
vn 0.20051738619804382 0.5828611254692078 -0.7874425053596497 
vn 0.018891021609306335 0.526530385017395 -0.8499464392662048 
vn -0.2857106626033783 0.7205971479415894 -0.6317508816719055 
vn 0.7214019894599915 -0.0829114094376564 -0.6875353455543518 
vn 0.46766355633735657 -0.19883106648921967 -0.8612531423568726 
vn 0.9156777262687683 0.02265569567680359 -0.401274174451828 
vn -0.03392815217375755 0.3613293468952179 -0.931820809841156 
vn 0.02078423462808132 0.22429761290550232 -0.9742990136146545 
vn -0.12057919055223465 0.1192433163523674 -0.9855159521102905 
vn -0.13724757730960846 0.06609494984149933 -0.9883291721343994 
vn -0.10663539171218872 -0.022666051983833313 -0.9940398335456848 
vn 0.10136289894580841 -0.23852679133415222 -0.9658315181732178 
vn -0.09263836592435837 -0.08595584332942963 -0.9919826984405518 
vn -0.30553361773490906 0.04896622151136398 -0.9509214162826538 
vn -0.24433261156082153 0.2683497667312622 -0.931820809841156 
vn -0.1301048845052719 0.28075113892555237 -0.9509214162826538 
vn -0.030221842229366302 0.4418276846408844 -0.8965907096862793 
vn -0.13140276074409485 0.13274121284484863 -0.9824016690254211 
vn -0.007564652245491743 0.48154109716415405 -0.8763908743858337 
vn 0.07191473245620728 -0.1723809391260147 -0.9824016690254211 
vn 0.3834797143936157 -0.34477850794792175 -0.8567795157432556 
vn 0.41639405488967896 -0.29130566120147705 -0.8612531423568726 
vn 0.8596046566963196 -0.16520893573760986 -0.4835140109062195 
vn 0.7078278064727783 -0.2875663936138153 -0.6452018022537231 
vn 0.5995103716850281 -0.29889312386512756 -0.7424622178077698 
vn 0.45934855937957764 -0.22599945962429047 -0.8590245246887207 
vn 0.7507784962654114 -0.32324492931365967 -0.5760593414306641 
vn 0.7052691578865051 -0.4638628363609314 -0.5361219048500061 
vn 0.4922363758087158 -0.5256129503250122 -0.6938546895980835 
vn 0.41231000423431396 -0.5482008457183838 -0.7276512384414673 
vn 0.49686959385871887 -0.5728939771652222 -0.651853621006012 
vn 0.6351221203804016 -0.6084325909614563 -0.4758462607860565 
vn 0.47432950139045715 -0.6657080054283142 -0.5760593414306641 
vn 0.1573951095342636 -0.43059733510017395 -0.888714075088501 
vn 0.07445934414863586 -0.24383269250392914 -0.9669547080993652 
vn 0.342863529920578 -0.6366913318634033 -0.6907016038894653 
vn -0.08407185226678848 -0.3149772584438324 -0.9453682899475098 
vn 0.3985373377799988 -0.5343906879425049 -0.7453821301460266 
vn 0.21459046006202698 -0.20524413883686066 -0.9548956751823425 
vn 0.7767396569252014 -0.5587330460548401 -0.29067665338516235 
vn 0.7199637293815613 -0.3155883550643921 -0.6181069612503052 
vn 0.5729002356529236 0.07542374730110168 -0.8161473870277405 
vn -0.14477968215942383 0.15550434589385986 -0.9771679639816284 
vn 0.16947661340236664 0.5411800146102905 -0.8236515522003174 
vn -0.5201948881149292 0.6401861906051636 -0.5652954578399658 
vn -0.4863234758377075 0.29169780015945435 -0.8236515522003174 
vn -0.40785935521125793 -0.05274311080574989 -0.9115201234817505 
vn -0.6587728261947632 0.2227916270494461 -0.7185974717140198 
vn -0.6555811166763306 0.3516194820404053 -0.6682642698287964 
vn -0.29504504799842834 -0.060134854167699814 -0.953589141368866 
vn -0.10386452823877335 0.19507138431072235 -0.9752739667892456 
vn 0.01701522432267666 0.5450451374053955 -0.838234007358551 
vn -0.3072444200515747 0.5019200444221497 -0.8085030317306519 
vn -0.4355485141277313 0.3687603175640106 -0.8211658596992493 
vn 0.9862713813781738 0.045264776796102524 -0.15880759060382843 
vn 0.6419656276702881 0.6272855401039124 -0.4409002661705017 
vn 0.12956440448760986 0.6234981417655945 -0.7710143327713013 
vn 0.1695939600467682 0.5708761215209961 -0.8033295273780823 
vn 0.5470317602157593 0.14951370656490326 -0.8236515522003174 
vn 0.48307305574417114 0.36591362953186035 -0.7954543828964233 
vn 0.5770650506019592 0.6664931178092957 -0.4719987213611603 
vn 0.8190917372703552 0.535376787185669 -0.2060592919588089 
vn 0.7797481417655945 0.03777451440691948 -0.6249527335166931 
vn -0.08343618363142014 0.04743736982345581 -0.9953833818435669 
vn 0.06766658276319504 0.30619677901268005 -0.949560284614563 
vn -0.1807163953781128 0.5928928852081299 -0.7847417593002319 
vn 0.7173285484313965 -0.11284887790679932 -0.6875353455543518 
vn 0.05418951064348221 -0.20102070271968842 -0.9780870079994202 
vn 0.4584791660308838 -0.1914423257112503 -0.8678402304649353 
vn 0.35222575068473816 -0.3054329752922058 -0.8846737742424011 
vn 0.7795215845108032 -0.16492046415805817 -0.6042742133140564 
vn 0.43382009863853455 -0.27879926562309265 -0.8567795157432556 
vn -0.08434571325778961 -0.34037870168685913 -0.9364978075027466 
vn -0.49318793416023254 -0.2411048859357834 -0.8358433246612549 
vn -0.5809984803199768 -0.06790898740291595 -0.8110666871070862 
vn -0.8340373635292053 0.22771641612052917 -0.5025205612182617 
vn -0.35585904121398926 0.7974144816398621 -0.48733407258987427 
vn -0.8174082040786743 -0.14285233616828918 -0.5580654144287109 
vn -0.39148256182670593 -0.31807073950767517 -0.8634653687477112 
vn 0.03951437026262283 -0.15603871643543243 -0.986960232257843 
vn 0.5409296751022339 0.24911189079284668 -0.8033295273780823 
vn -0.5627983212471008 0.14590759575366974 -0.8136147856712341 
vn -0.16473837196826935 0.7072173357009888 -0.6875353455543518 
vn 0.30426087975502014 0.8973029255867004 -0.3198012113571167 
vn -0.7860454320907593 -0.1130162701010704 -0.607749879360199 
vn 0.8645322322845459 -0.007555152289569378 -0.5025205612182617 
vn -0.5510630011558533 0.041386377066373825 0.8334367275238037 
vn -0.6920232772827148 0.018843956291675568 0.7216291427612305 
vn -0.5373196601867676 -0.026337938383221626 0.8429672718048096 
vn -0.7001646161079407 -0.23344354331493378 0.67473965883255 
vn -0.4035467207431793 -0.18241462111473083 0.8965907096862793 
vn -0.5159551501274109 -0.5399587154388428 0.6650074124336243 
vn -0.33513343334198 -0.695911705493927 0.6351318359375 
vn -0.18900427222251892 -0.8813363313674927 0.43303996324539185 
vn -0.19905434548854828 -0.4300941526889801 0.8805659413337708 
vn -0.2196306735277176 -0.0666242390871048 0.9733054637908936 
vn -0.03346487134695053 -0.17063666880130768 0.9847655892372131 
vn 0.00941071379929781 -0.5954604148864746 0.8033295273780823 
vn 0.17432935535907745 -0.565770149230957 0.8059239983558655 
vn 0.15678691864013672 -0.13698060810565948 0.9780870079994202 
vn 0.32163965702056885 -0.48433345556259155 0.8136147856712341 
vn -0.6849956512451172 0.07528271526098251 0.7246471047401428 
vn -0.3952808976173401 0.05631387606263161 0.916832447052002 
vn -0.2747608721256256 0.026236483827233315 0.961154580116272 
vn -0.006750544533133507 0.020776038989424706 0.9997613430023193 
vn 0.17697449028491974 0.044510871171951294 0.983208417892456 
vn 0.34777477383613586 0.04499533027410507 0.9364978075027466 
vn 0.38130104541778564 -0.06744612753391266 0.9219872951507568 
vn 0.6057111024856567 -0.06770538538694382 0.7927988767623901 
vn 0.4859462082386017 -0.48861318826675415 0.7246471047401428 
vn 0.7741204500198364 -0.1201283261179924 0.6215357780456543 
vn 0.6477697491645813 -0.5107204914093018 0.5652954578399658 
vn 0.7396142482757568 0.04524724557995796 0.6715083718299866 
vn 0.5408058166503906 0.030101675540208817 0.8406086564064026 
vn 0.6913496851921082 0.07518880814313889 0.7185974717140198 
vn 0.5635451674461365 0.09001948684453964 0.8211658596992493 
vn 0.747024416923523 0.11277752369642258 0.6551609039306641 
vn 0.6302355527877808 0.11240232735872269 0.7682244777679443 
vn 0.48795878887176514 0.11192475259304047 0.865661084651947 
vn 0.5075294375419617 0.12688662111759186 0.8522403836250305 
vn 0.7069674134254456 0.11998212337493896 0.6969945430755615 
vn 0.45259392261505127 0.11185267567634583 0.8846737742424011 
vn 0.7234100699424744 0.11266811192035675 0.681163489818573 
vn 0.4995148479938507 0.11207933723926544 0.8590245246887207 
vn 0.7580075860023499 0.02261446788907051 0.651853621006012 
vn 0.6099785566329956 0.06019597128033638 0.790128231048584 
vn 0.7304331064224243 -0.08270624279975891 0.677958071231842 
vn 0.34679946303367615 0.07474100589752197 0.9349566102027893 
vn 0.5334283709526062 -0.030091313645243645 0.8453097939491272 
vn 0.37907397747039795 -0.007514523807913065 0.9253358840942383 
vn 0.591031551361084 -0.09761952608823776 0.8007197380065918 
vn 0.42652779817581177 -0.02254156582057476 0.9041935205459595 
vn -0.19620272517204285 0.06964423507452011 0.9780870079994202 
vn 0.020166095346212387 0.06687912344932556 0.9975572824478149 
vn 0.6929739117622375 0.32833871245384216 0.641857385635376 
vn 0.610301673412323 0.29151636362075806 0.736579954624176 
vn 0.5851367712020874 0.09000825881958008 0.8059239983558655 
vn 0.522661566734314 0.02261027693748474 0.8522403836250305 
vn 0.4623406231403351 0 0.8867024183273315 
vn 0.49212515354156494 -0.030131127685308456 0.8700028657913208 
vn 0.6516738533973694 -0.10512372851371765 0.7511792182922363 
vn 0.7006677389144897 -0.0376637801527977 0.7124928832054138 
vn 0.6466596722602844 0.06771403551101685 0.7597671151161194 
vn 0.4430857300758362 0.0823763981461525 0.8926864862442017 
vn 0.3424763083457947 0 0.9395264387130737 
vn 0.17926125228405 0.06613297015428543 0.9815762042999268 
vn 0.46266648173332214 0.1337115615606308 0.8763908743858337 
vn 0.7943645119667053 0.15728840231895447 0.5867242813110352 
vn 0.7574508190155029 0.0753130316734314 0.6485338807106018 
vn 0.2843002676963806 -0.007507253438234329 0.9587059020996094 
vn 0.206053227186203 0.029797615483403206 0.9780870079994202 
vn 0.027112457901239395 0.06908141821622849 0.9972425103187561 
vn 0.04580574482679367 0.014496107585728168 0.9988451600074768 
vn 0.12441769242286682 0.022147510200738907 0.9919826984405518 
vn 0.09521419554948807 0.04348286613821983 0.9945066571235657 
vn 0.047421395778656006 0.12180086225271225 0.991421103477478 
vn 0.10096806287765503 0.25235939025878906 0.962351381778717 
vn 0.25165465474128723 0.10271190851926804 0.962351381778717 
vn 0.8596110343933105 0.030186116695404053 0.5100564956665039 
vn 0.08838696777820587 0.7327442765235901 0.67473965883255 
vn -0.35595712065696716 0.5361220240592957 0.7654199600219727 
vn 0.029980964958667755 0.29961463809013367 0.953589141368866 
vn 0.600199282169342 0.4817444384098053 0.6385006904602051 
vn 0.399316668510437 0.28267043828964233 0.872148871421814 
vn 0.7448558807373047 0.14239586889743805 0.651853621006012 
vn -0.07058178633451462 0.27550172805786133 0.9587059020996094 
vn -0.05223053693771362 0.11029615998268127 0.9925254583358765 
vn -0.8154516220092773 0.05651792138814926 0.5760593414306641 
vn -0.6008338332176208 0.04520633444190025 0.7980946898460388 
vn 0.3979296386241913 0.11862362176179886 0.9097144603729248 
vn -0.17024560272693634 0.08674446493387222 0.9815762042999268 
vn 0.4505443871021271 0.19069908559322357 0.872148871421814 
vn 0.5882377028465271 0.3650037348270416 0.7216291427612305 
vn -0.21164780855178833 0.4066847562789917 0.888714075088501 
vn -0.11688776314258575 0.4108178913593292 0.9041935205459595 
vn -0.6852806806564331 0.3180481493473053 0.6551609039306641 
vn 0.5203230977058411 0.3612667918205261 0.7737894654273987 
vn -0.21269014477729797 0.3884429931640625 0.8965907096862793 
vn -0.587523341178894 0.3080286383628845 0.7482877969741821 
vn 0.5709450244903564 0.34413257241249084 0.7453821301460266 
vn 0.5212173461914062 0.5225503444671631 0.67473965883255 
vn 0.10512448847293854 0.7215301394462585 0.6843559741973877 
vn -0.5531018376350403 0.4931073784828186 0.6715083718299866 
vn -0.7506347298622131 0.6572425365447998 0.06767380982637405 
vn -0.1521909236907959 0.9379764795303345 0.31150925159454346 
vn -0.8262077569961548 0.16121768951416016 0.5398051738739014 
vn -0.8956810832023621 0.1538902074098587 0.417220801115036 
vn -0.587523341178894 0.3080286383628845 0.7482877969741821 
vn -0.8956810832023621 0.1538902074098587 0.417220801115036 
vn -0.6852806806564331 0.3180481493473053 0.6551609039306641 
vn -0.9071518182754517 0.09787376970052719 0.40926313400268555 
vn -0.6008338332176208 0.04520633444190025 0.7980946898460388 
vn -0.8154516220092773 0.05651792138814926 0.5760593414306641 
vn -0.21269014477729797 0.3884429931640625 0.8965907096862793 
vn -0.5531018376350403 0.4931073784828186 0.6715083718299866 
vn -0.8262077569961548 0.16121768951416016 0.5398051738739014 
vn -0.994223952293396 0.10550941526889801 0.01966099627315998 
vn -0.9905511140823364 -0.03396138548851013 -0.1328723281621933 
vn -0.9922277331352234 -0.0075477855280041695 -0.1242060661315918 
vn -0.4527881443500519 0.4848177134990692 -0.7482877969741821 
vn -0.7506347298622131 0.6572425365447998 0.06767380982637405 
vn -0.9204546213150024 0.2059393674135208 -0.33219319581985474 
vn -0.5646160840988159 -0.20014147460460663 -0.8007197380065918 
vn -0.7036371231079102 -0.1794154793024063 -0.6875353455543518 
vn -0.8256375789642334 -0.08297912031412125 -0.5580654144287109 
vn -0.9973157644271851 0.06032648682594299 0.04149730131030083 
vn -0.7092817425727844 0.3571546971797943 -0.607749879360199 
vn -0.9343969225883484 0.3436615765094757 -0.09380380809307098 
vn -0.7888798713684082 0.565690279006958 0.2401314377784729 
vn -0.5691280961036682 0.3278602957725525 0.7540562748908997 
vn -0.2857106626033783 0.7205971479415894 -0.6317508816719055 
vn 0.2836732268333435 0.8143687844276428 -0.5062933564186096 
vn -0.1556670069694519 0.17439435422420502 -0.9722933769226074 
vn -0.47798293828964233 0.7574096918106079 -0.44481781125068665 
vn -0.8893934488296509 0.31835538148880005 -0.3280687630176544 
vn -0.8734793663024902 -0.14656373858451843 -0.4642767012119293 
vn -0.3737424612045288 -0.3443247973918915 -0.8612531423568726 
vn 0.3514575660228729 -0.11897069960832596 -0.9286137819290161 
vn 0.05638841167092323 -0.32946231961250305 -0.9424833655357361 
vn 0.5902819633483887 -0.045318614691495895 -0.8059239983558655 
vn -0.2451973408460617 -0.3593193292617798 -0.9004265069961548 
vn 0.032011207193136215 -0.16214537620544434 -0.9862475395202637 
vn -0.5582037568092346 -0.27720728516578674 -0.7820260524749756 
vn 0.1654597967863083 0.2663799822330475 -0.949560284614563 
vn 0.7104006409645081 0.2304258942604065 -0.6650074124336243 
vn 0.8393824696540833 0.4766232669353485 -0.2612801790237427 
vn 0.3386232554912567 0.7299051880836487 -0.5937783122062683 
vn -0.0997166782617569 0.558260440826416 -0.8236515522003174 
vn 0.6900204420089722 0.37658411264419556 -0.6181069612503052 
vn -0.7313295602798462 -0.4120541214942932 -0.5434780716896057 
vn -0.38161519169807434 0.08626991510391235 -0.9202865362167358 
vn -0.2536654770374298 0.07090312987565994 -0.9646899104118347 
vn -0.02434360608458519 0.10180319845676422 -0.9945066571235657 
vn 0.11712940782308578 0.11040909588336945 -0.986960232257843 
vn -0.06535334885120392 0.11319531500339508 -0.991421103477478 
vn -0.17998766899108887 0.10464353114366531 -0.9780870079994202 
vn -0.34104618430137634 0.11160816252231598 -0.933397650718689 
vn -0.20307353138923645 0.11578751355409622 -0.9722933769226074 
vn 0.7358162999153137 0.1278260350227356 -0.6650074124336243 
vn 0.7955610156059265 0.12045741081237793 -0.5937783122062683 
vn 0.8196017146110535 0.06791413575410843 -0.5688942670822144 
vn -0.8560137152671814 0.2020169049501419 0.4758462607860565 
vn -0.6634771227836609 0.18623816967010498 0.7246471047401428 
vn -0.6195173859596252 0.6061835289001465 0.4987381398677826 
vn 0.009406677447259426 0.4466743767261505 0.8946471214294434 
vn 0.039623308926820755 0.9423787593841553 0.33219319581985474 
vn 0.530808687210083 0.5294762849807739 0.661737859249115 
vn 0.40003538131713867 0.4120196998119354 0.8186644315719604 
vn -0.29777899384498596 0.2144923061132431 0.9302261471748352 
vn -0.8560137152671814 -0.2020169049501419 0.4758462607860565 
vn -0.08909419178962708 0.15431566536426544 0.9839963912963867 
vn -0.19600892066955566 0.1110040619969368 0.9742990136146545 
vn 0.6292726397514343 0.3799852728843689 0.677958071231842 
vn -0.23300255835056305 0.2396557778120041 0.9424833655357361 
vn 0.09952536970376968 0.6657272577285767 0.7395281791687012 
vn -0.3090413510799408 0.31170547008514404 0.8985171914100647 
vn -0.550755500793457 0.7182748317718506 0.42514660954475403 
vn -0.329233318567276 0.4300958812236786 0.8406086564064026 
vn -0.2162918895483017 0.2548389732837677 0.9424833655357361 
vn -0.2854844629764557 0.08168743550777435 0.9548956751823425 
vn -0.18379132449626923 0.1705334186553955 0.9680594801902771 
vn -0.0982658788561821 0.3194822371006012 0.9424833655357361 
vn -0.3396875560283661 0.2653930187225342 0.9023185968399048 
vn -0.7357462644577026 0.36747345328330994 0.5688942670822144 
vn -0.8549781441688538 0.03392232581973076 0.5175535082817078 
vn -0.1397189348936081 0.18208526074886322 0.9733054637908936 
vn 0.022446727380156517 0.23268380761146545 0.9722933769226074 
vn 0.6362988948822021 0.4072934091091156 0.6551609039306641 
vn -0.781215488910675 -0.10903090983629227 0.6146662831306458 
vn -0.692187488079071 -0.011307267472147942 0.7216291427612305 
vn -0.015084419399499893 0.9554230570793152 0.2948545813560486 
vn 0.020738648250699043 0.5986800789833069 0.8007197380065918 
vn 0.5823310017585754 0.5476728677749634 0.6007870435714722 
vn 0.36366790533065796 0.2085154801607132 0.9078915119171143 
vn 0.040775056928396225 0.16903893649578094 0.9847655892372131 
vn 0.6535598039627075 0.18618448078632355 0.7336177229881287 
vn 0.325388640165329 0.26430150866508484 0.9078915119171143 
vn 0.8823447823524475 0.24585911631584167 0.401274174451828 
vn -0.5862342715263367 0.08255882561206818 0.8059239983558655 
vn -0.5944410562515259 0.13457268476486206 0.7927988767623901 
vn -0.13440218567848206 0.3674353063106537 0.9202865362167358 
vn 0.41278526186943054 0.41944149136543274 0.8085030317306519 
vn -0.3439124524593353 0.3425811529159546 0.87427818775177 
vn 0.06371927261352539 0.4143342971801758 0.9078915119171143 
vn -0.5017342567443848 0.26431208848953247 0.8236515522003174 
vn -0.7789872884750366 0.12395227700471878 0.6146662831306458 
vn -0.9711868762969971 -0.03395655006170273 0.23588760197162628 
vn 0.6340301036834717 0.4001360535621643 0.661737859249115 
vn -0.047057680785655975 0.6111325025558472 0.790128231048584 
vn -0.5696527361869812 0.3933790624141693 0.7216291427612305 
vn -0.7232012748718262 0.620526909828186 0.30319350957870483 
vn 0.5926128029823303 0.5246213674545288 0.6112139225006104 
vn 0.29799696803092957 0.8585596084594727 0.417220801115036 
vn 0.6900204420089722 0.37658411264419556 -0.6181069612503052 
vn 0.761657178401947 0.6456765532493591 0.05459024757146835 
vn 0.2836732268333435 0.8143687844276428 -0.5062933564186096 
vn 0.039623308926820755 0.9423787593841553 0.33219319581985474 
vn -0.47798293828964233 0.7574096918106079 -0.44481781125068665 
vn -0.6195173859596252 0.6061835289001465 0.4987381398677826 
vn -0.8893934488296509 0.31835538148880005 -0.3280687630176544 
vn 0.3386232554912567 0.7299051880836487 -0.5937783122062683 
vn 0.8393824696540833 0.4766232669353485 -0.2612801790237427 
vn 0.4104039967060089 0.9118802547454834 -0.006554040592163801 
vn 0.7807422280311584 0.5392601490020752 0.31565824151039124 
vn 0.09952536970376968 0.6657272577285767 0.7395281791687012 
vn 0.6292726397514343 0.3799852728843689 0.677958071231842 
vn 0.9426271915435791 0.33326780796051025 0.01966099627315998 
vn 0.6362988948822021 0.4072934091091156 0.6551609039306641 
vn 0.939325749874115 0.2318221479654312 -0.25283506512641907 
vn 0.8568585515022278 0.360026478767395 0.3690181374549866 
vn 0.9185203313827515 0.3753575086593628 0.1242060661315918 
vn 0.40003538131713867 0.4120196998119354 0.8186644315719604 
vn 0.530808687210083 0.5294762849807739 0.661737859249115 
vn 0.761657178401947 0.6456765532493591 0.05459024757146835 
vn 0.039623308926820755 0.9423787593841553 0.33219319581985474 
vn 0.7104006409645081 0.2304258942604065 -0.6650074124336243 
vn 0.5902819633483887 -0.045318614691495895 -0.8059239983558655 
vn 0.8583141565322876 0.1353701949119568 -0.4949462115764618 
vn 0.6900204420089722 0.37658411264419556 -0.6181069612503052 
vn 0.3514575660228729 -0.11897069960832596 -0.9286137819290161 
vn -0.5862342715263367 0.08255882561206818 0.8059239983558655 
vn -0.5944410562515259 0.13457268476486206 0.7927988767623901 
vn -0.9724259376525879 -0.06783062219619751 0.22312943637371063 
vn -0.9976696968078613 -0.06791337579488754 0.006554040592163801 
vn -0.8504408597946167 -0.11291450262069702 -0.5138099193572998 
vn -0.8211095333099365 -0.2239253968000412 -0.5250110030174255 
vn -0.9711868762969971 -0.03395655006170273 0.23588760197162628 
vn -0.8670037984848022 -0.12049316614866257 -0.4835140109062195 
vn -0.9817584156990051 0.13162876665592194 0.1372016966342926 
vn -0.7232012748718262 0.620526909828186 0.30319350957870483 
vn -0.5696527361869812 0.3933790624141693 0.7216291427612305 
vn -0.5017342567443848 0.26431208848953247 0.8236515522003174 
vn -0.7789872884750366 0.12395227700471878 0.6146662831306458 
vn -0.649034321308136 0.5610292553901672 -0.5138099193572998 
vn -0.3778839707374573 0.2595977783203125 -0.888714075088501 
vn -0.4599221646785736 -0.1879492849111557 -0.8678402304649353 
vn -0.8549781441688538 0.03392232581973076 0.5175535082817078 
vn -0.9794232249259949 0.003775416174903512 -0.2017817199230194 
vn -0.6612695455551147 0.05280046910047531 -0.7482877969741821 
vn -0.6948118209838867 0.4954756498336792 -0.5212872624397278 
vn -0.2814147472381592 0.3520178496837616 -0.8926864862442017 
vn -0.928912878036499 0.368431955575943 0.03713129088282585 
vn -0.7357462644577026 0.36747345328330994 0.5688942670822144 
vn -0.34210577607154846 0.9282729625701904 -0.1458524912595749 
vn -0.550755500793457 0.7182748317718506 0.42514660954475403 
vn -0.329233318567276 0.4300958812236786 0.8406086564064026 
vn 0.20051738619804382 0.5828611254692078 -0.7874425053596497 
vn -0.2857106626033783 0.7205971479415894 -0.6317508816719055 
vn 0.2663763463497162 0.9078038334846497 -0.3239381015300751 
vn -0.7888798713684082 0.565690279006958 0.2401314377784729 
vn -0.44472262263298035 0.8105133771896362 0.3811691105365753 
vn -0.5691280961036682 0.3278602957725525 0.7540562748908997 
vn 0.5823310017585754 0.5476728677749634 0.6007870435714722 
vn -0.015084419399499893 0.9554230570793152 0.2948545813560486 
vn -0.3080463111400604 0.5838127136230469 0.7511792182922363 
vn 0.020738648250699043 0.5986800789833069 0.8007197380065918 
vn 0.46766355633735657 -0.19883106648921967 -0.8612531423568726 
vn 0.9156777262687683 0.02265569567680359 -0.401274174451828 
vn 0.619084894657135 -0.030236242339015007 -0.7847417593002319 
vn 0.9310094118118286 0.12050659954547882 -0.34452807903289795 
vn 0.8823447823524475 0.24585911631584167 0.401274174451828 
vn 0.9404590129852295 0.2318023294210434 0.24860523641109467 
vn 0.9823391437530518 0.18024177849292755 0.05022686347365379 
vn 0.7214019894599915 -0.0829114094376564 -0.6875353455543518 
vn 0.9611030220985413 0.27576643228530884 -0.0152922747656703 
vn 0.5593536496162415 0.39704811573028564 -0.7276512384414673 
vn 0.8094227910041809 0.5796857476234436 -0.09380380809307098 
vn 0.5926128029823303 0.5246213674545288 0.6112139225006104 
vn 0.29799696803092957 0.8585596084594727 0.417220801115036 
vn 0.6340301036834717 0.4001360535621643 0.661737859249115 
vn 0.41278526186943054 0.41944149136543274 0.8085030317306519 
vn 0.325388640165329 0.26430150866508484 0.9078915119171143 
vn 0.9586706757545471 0.16520829498767853 0.23163928091526031 
vn 0.6535598039627075 0.18618448078632355 0.7336177229881287 
vn 0.9641454815864563 0.22448423504829407 0.1415284425020218 
vn 0.5823310017585754 0.5476728677749634 0.6007870435714722 
vn 0.9138419032096863 0.3473514914512634 -0.2103329300880432 
vn 0.2663763463497162 0.9078038334846497 -0.3239381015300751 
vn 0.603985071182251 0.3865237832069397 -0.6969945430755615 
vn 0.20051738619804382 0.5828611254692078 -0.7874425053596497 
vn -0.9343969225883484 0.3436615765094757 -0.09380380809307098 
vn -0.2857106626033783 0.7205971479415894 -0.6317508816719055 
vn -0.7092817425727844 0.3571546971797943 -0.607749879360199 
vn 0.7750244140625 -0.01510151382535696 -0.6317508816719055 
vn 0.7462217807769775 0.09792449325323105 -0.6584556698799133 
vn 0.10664690285921097 -0.10263735055923462 -0.9889853596687317 
vn 0.3003961741924286 0.2630216181278229 -0.916832447052002 
vn 0.5919979214668274 -0.17167621850967407 -0.7874425053596497 
vn 0.1295667588710785 -0.267182856798172 -0.9548956751823425 
vn 0.6939476132392883 -0.04532589763402939 -0.7185974717140198 
vn 0.14118847250938416 -0.30750390887260437 -0.9410139322280884 
vn -0.06465037912130356 0.07671911269426346 -0.994954526424408 
vn -0.5646160840988159 -0.20014147460460663 -0.8007197380065918 
vn -0.4527881443500519 0.4848177134990692 -0.7482877969741821 
vn -0.9204546213150024 0.2059393674135208 -0.33219319581985474 
vn 0.5827908515930176 0.3851494789123535 -0.715552031993866 
vn 0.02642403170466423 0.8913081884384155 -0.45262736082077026 
vn -0.32419925928115845 -0.28410547971725464 -0.9023185968399048 
vn -0.7036371231079102 -0.1794154793024063 -0.6875353455543518 
vn -0.33783936500549316 -0.018904991447925568 -0.9410139322280884 
vn -0.8256375789642334 -0.08297912031412125 -0.5580654144287109 
vn -0.7092817425727844 0.3571546971797943 -0.607749879360199 
vn -0.2713041305541992 0.16536849737167358 -0.9481810927391052 
vn -0.15952768921852112 0.4665254056453705 -0.8700028657913208 
vn 0.06215452030301094 0.4105561673641205 -0.9097144603729248 
vn 0.2032374143600464 0.6939926743507385 -0.6907016038894653 
vn 0.6387976408004761 0.4342178404331207 -0.6351318359375 
vn 0.919383704662323 0.21703565120697021 -0.3280687630176544 
vn -0.3080463111400604 0.5838127136230469 0.7511792182922363 
vn -0.08742742985486984 0.33960023522377014 0.9364978075027466 
vn -0.07949822396039963 0.2422366738319397 0.9669547080993652 
vn -0.12180077284574509 0.1416032761335373 0.9824016690254211 
vn -0.1485317051410675 0.062030646950006485 0.986960232257843 
vn -0.22951345145702362 -4.757061037403629e-14 0.9733054637908936 
vn -0.15030111372470856 0.1953616589307785 0.9691457152366638 
vn -0.07586082071065903 0.05879656970500946 0.9953833818435669 
vn 0.018387380987405777 0.08531774580478668 0.9961841106414795 
vn 0.033149708062410355 0.13090522587299347 0.990840494632721 
vn -0.5691280961036682 0.3278602957725525 0.7540562748908997 
vn -0.44472262263298035 0.8105133771896362 0.3811691105365753 
vn -0.15214982628822327 -0.007474641315639019 0.9883291721343994 
vn -0.31349432468414307 -0.007519544567912817 0.949560284614563 
vn -0.3461477756500244 -0.056156814098358154 0.9364978075027466 
vn -0.1522345095872879 0.03693169355392456 0.9876541495323181 
vn -0.18757866322994232 0.09033312648534775 0.9780870079994202 
vn 0.07981576025485992 0.10350692272186279 0.991421103477478 
vn 0.24871563911437988 0.10963728278875351 0.962351381778717 
vn 0.30571603775024414 0.12459806352853775 0.9439348578453064 
vn 0.321535587310791 0.11791902035474777 0.9395264387130737 
vn 0.39888304471969604 0.0822204053401947 0.913308322429657 
vn 0.22112980484962463 0.0880364254117012 0.9712626934051514 
vn -0.012988914735615253 0.0950956791639328 0.9953833818435669 
vn 0.11883123964071274 0.11486939340829849 0.9862475395202637 
vn 0.1348588764667511 0.12294011563062668 0.983208417892456 
vn 0.11310076713562012 0.1263587325811386 0.9855159521102905 
vn 0.01479644700884819 0.11239016801118851 0.9935539960861206 
vn -0.14217139780521393 0.11440490186214447 0.983208417892456 
vn -0.1727188378572464 0.11624986678361893 0.9780870079994202 
vn -0.3435281813144684 0.10371726751327515 0.933397650718689 
vn -0.50143963098526 0.08246999233961105 0.8612531423568726 
vn -0.04734916239976883 0.12646397948265076 0.990840494632721 
vn -0.06097386032342911 0.12048763781785965 0.990840494632721 
vn -0.547746479511261 0.11591370403766632 0.8285757899284363 
vn -0.6450483202934265 0.12374080717563629 0.7540562748908997 
vn -0.7417839169502258 0.108902208507061 0.661737859249115 
vn -0.7849892973899841 0.1201329454779625 0.607749879360199 
vn -0.7112492322921753 0.1126508116722107 0.6938546895980835 
vn -0.5190272331237793 0.1267360895872116 0.8453097939491272 
vn -0.3344970941543579 0.11818534135818481 0.9349566102027893 
vn -0.21408909559249878 0.12215753644704819 0.9691457152366638 
vn -0.3114411234855652 0.12136521935462952 0.9424833655357361 
vn -0.3381502330303192 0.09287776052951813 0.9364978075027466 
vn -0.4038659334182739 0.052537355571985245 0.913308322429657 
vn -0.6114993095397949 -0.10123728960752487 0.7847417593002319 
vn -0.7358902096748352 -0.05649762228131294 0.67473965883255 
vn -0.6768843531608582 0.06027146428823471 0.7336177229881287 
vn -0.5592963695526123 0.09373202174901962 0.8236515522003174 
vn -0.3998345732688904 0.12595777213573456 0.9078915119171143 
vn -0.5961782336235046 0.1087377592921257 0.7954543828964233 
vn -0.7599182724952698 0.07898658514022827 0.6452018022537231 
vn -0.5299108624458313 -0.11212286353111267 0.8406086564064026 
vn -0.35962703824043274 -0.048769038170576096 0.931820809841156 
vn -0.409170001745224 0.04136425256729126 0.9115201234817505 
vn -0.4543974697589874 0.20093843340873718 0.8678402304649353 
vn -0.6825011968612671 0.018846096470952034 0.7306414246559143 
vn -0.9354488849639893 -0.13155338168144226 0.3280687630176544 
vn -0.728909969329834 -0.17548026144504547 0.661737859249115 
vn -0.8797597885131836 -0.08285869657993317 0.46814218163490295 
vn -0.6952630877494812 -0.015066036023199558 0.7185974717140198 
vn -0.62741619348526 -0.1272008717060089 0.7682244777679443 
vn -0.4321123957633972 -0.09697386622428894 0.8965907096862793 
vn -0.6829386949539185 -0.18624471127986908 0.7063339352607727 
vn -0.8430532217025757 -0.22752314805984497 0.48733407258987427 
vn 0.5919979214668274 -0.17167621850967407 -0.7874425053596497 
vn 0.9090869426727295 -0.05280826613306999 -0.41324591636657715 
vn 0.7750244140625 -0.01510151382535696 -0.6317508816719055 
vn 0.9954763054847717 0.015091052278876305 -0.09380380809307098 
vn 0.9669305682182312 0.15028250217437744 0.2060592919588089 
vn 0.9708112478256226 0.20249155163764954 0.12854042649269104 
vn 0.5709450244903564 0.34413257241249084 0.7453821301460266 
vn 0.5203230977058411 0.3612667918205261 0.7737894654273987 
vn 0.5882377028465271 0.3650037348270416 0.7216291427612305 
vn 0.9346339106559753 0.04526624083518982 0.3527185618877411 
vn 0.6939476132392883 -0.04532589763402939 -0.7185974717140198 
vn 0.9387856125831604 -0.052856191992759705 -0.34042292833328247 
vn 0.4505443871021271 0.19069908559322357 0.872148871421814 
vn 0.3979296386241913 0.11862362176179886 0.9097144603729248 
vn 0.977398157119751 0.07540857046842575 0.1975002884864807 
vn 0.7448558807373047 0.14239586889743805 0.651853621006012 
vn 0.8099757432937622 0.5474480390548706 0.2103329300880432 
vn 0.600199282169342 0.4817444384098053 0.6385006904602051 
vn 0.7462217807769775 0.09792449325323105 -0.6584556698799133 
vn 0.919383704662323 0.21703565120697021 -0.3280687630176544 
vn 0.562042236328125 0.7774399518966675 -0.28230419754981995 
vn 0.6387976408004761 0.4342178404331207 -0.6351318359375 
vn 0.2032374143600464 0.6939926743507385 -0.6907016038894653 
vn -0.4102368950843811 -0.9015993475914001 -0.1372016966342926 
vn -0.1149420365691185 -0.9876093864440918 -0.10684575140476227 
vn -0.06791337579488754 -0.9976696968078613 -0.006554040592163801 
vn 0.498596727848053 -0.840928852558136 -0.2103329300880432 
vn 0.8550800085067749 -0.46387651562690735 -0.23163928091526031 
vn 0.6021379232406616 -0.7100977301597595 -0.3649536371231079 
vn 0.8103827238082886 -0.2815655767917633 -0.5138099193572998 
vn 0.6522305607795715 -0.40854883193969727 -0.6385006904602051 
vn 0.7092804908752441 -0.10545063763856888 -0.6969945430755615 
vn 0.8381993174552917 -0.045315373688936234 -0.5434780716896057 
vn 0.7855136394500732 0.030201582238078117 -0.6181069612503052 
vn 0.906188428401947 0.03772873058915138 -0.42118772864341736 
vn 0.9652334451675415 0.0075527578592300415 -0.2612801790237427 
vn 0.9278301000595093 -0.14293937385082245 -0.34452807903289795 
vn 0.9998644590377808 0.015102911740541458 0.006554040592163801 
vn 0.980948269367218 -0.18766401708126068 -0.05022686347365379 
vn 0.9459523558616638 -0.28276190161705017 0.15880759060382843 
vn 0.7681077718734741 -0.6401379704475403 -0.0152922747656703 
vn 0.612755537033081 0.015101317316293716 -0.790128231048584 
vn 0.5833251476287842 -0.7919659614562988 0.18033768236637115 
vn 0.8485930562019348 -0.40148499608039856 0.34452807903289795 
vn 0.9233908653259277 -0.09035404026508331 0.37307560443878174 
vn 0.9795764088630676 -0.03773224726319313 0.1975002884864807 
vn 0.9253932237625122 0.03772786632180214 0.37712597846984863 
vn 0.9837263822555542 0.05281473696231842 0.17173540592193604 
vn 0.9976316094398499 0.06791078299283981 0.010923261754214764 
vn 0.9844266772270203 0.07539428025484085 -0.15880759060382843 
vn 0.6477697491645813 -0.5107204914093018 0.5652954578399658 
vn 0.7741204500198364 -0.1201283261179924 0.6215357780456543 
vn 0.8463405966758728 0.015087313018739223 0.5324283838272095 
vn 0.7396142482757568 0.04524724557995796 0.6715083718299866 
vn 0.8231915235519409 0.08285416662693024 0.5616858005523682 
vn 0.6913496851921082 0.07518880814313889 0.7185974717140198 
vn 0.747024416923523 0.11277752369642258 0.6551609039306641 
vn 0.8691563606262207 0.12029027193784714 0.4796847105026245 
vn 0.8834518790245056 0.10537058860063553 0.456519216299057 
vn 0.9274629354476929 0.06031656637787819 0.3690181374549866 
vn 0.9650459289550781 0.08295676112174988 0.24860523641109467 
vn 0.9421284198760986 0.11293314397335052 0.31565824151039124 
vn 0.9642868638038635 0.12044842541217804 0.23588760197162628 
vn 0.9599746465682983 0.12051183730363846 0.25283506512641907 
vn 0.9912378191947937 0.12796127796173096 0.03276457265019417 
vn 0.9935694932937622 0.11303403973579407 -0.006554040592163801 
vn 0.9792189598083496 0.12050767987966537 -0.16312000155448914 
vn 0.9619904160499573 0.1130036786198616 -0.24860523641109467 
vn 0.9951633810997009 0.09801503270864487 0.006554040592163801 
vn 0.9808269739151001 0.11295375972986221 0.15880759060382843 
vn 0.9250044226646423 0.09051192551851273 -0.3690181374549866 
vn 0.8552148342132568 0.06787483394145966 -0.5138099193572998 
vn 0.7114691734313965 0.06035008281469345 -0.7001210451126099 
vn 0.7594911456108093 0.08299297094345093 -0.6452018022537231 
vn 0.7986387610435486 0.09799706190824509 -0.5937783122062683 
vn 0.706209123134613 0.1053527444601059 -0.7001210451126099 
vn 0.8468400835990906 0.10545837134122849 -0.5212872624397278 
vn 0.9237903952598572 0.1279662698507309 -0.36088213324546814 
vn 0.9855215549468994 0.1280011236667633 -0.1111890971660614 
vn 0.9933563470840454 0.10554515570402145 0.04586252197623253 
vn 0.9750229716300964 0.08288437128067017 0.2060592919588089 
vn 0.9970031380653381 0.06786799430847168 -0.03713129088282585 
vn 0.9555343389511108 0.09802556782960892 -0.2781098484992981 
vn 0.9247962236404419 0.12048233300447464 -0.36088213324546814 
vn 0.903505802154541 0.0980001911520958 -0.417220801115036 
vn 0.7955610156059265 0.12045741081237793 -0.5937783122062683 
vn 0.7358162999153137 0.1278260350227356 -0.6650074124336243 
vn 0.8196017146110535 0.06791413575410843 -0.5688942670822144 
vn 0.9165825843811035 0.04532437399029732 -0.3972681760787964 
vn 0.6198920011520386 0.11271318793296814 -0.7765498161315918 
vn 0.5932685732841492 0.10524868220090866 -0.7980946898460388 
vn 0.7231003642082214 0.007559964898973703 -0.6907016038894653 
vn 0.9049984812736511 -0.0151043850928545 -0.42514660954475403 
vn 0.9809815287590027 -0.09045539051294327 -0.17173540592193604 
vn 0.9896751642227173 -0.0226434376090765 0.1415284425020218 
vn 0.9275251030921936 0.022622125223279 0.37307560443878174 
vn 0.8752759099006653 0.10540056973695755 0.4719987213611603 
vn 0.8528362512588501 0.1278175562620163 0.5062933564186096 
vn 0.7069674134254456 0.11998212337493896 0.6969945430755615 
vn 0.6302355527877808 0.11240232735872269 0.7682244777679443 
vn 0.5746765732765198 -0.14224404096603394 -0.8059239983558655 
vn 0.8596046566963196 -0.16520893573760986 -0.4835140109062195 
vn 0.9492006301879883 -0.1205209344625473 -0.29067665338516235 
vn 0.7234100699424744 0.11266811192035675 0.681163489818573 
vn 0.7580075860023499 0.02261446788907051 0.651853621006012 
vn 0.9068366885185242 -0.08291599899530411 0.41324591636657715 
vn 0.9699652194976807 -0.22442889213562012 0.09380380809307098 
vn 0.9400352835655212 -0.26850277185440063 -0.2103329300880432 
vn 0.7078278064727783 -0.2875663936138153 -0.6452018022537231 
vn 0.8672565817832947 -0.32502618432044983 -0.37712597846984863 
vn 0.7507784962654114 -0.32324492931365967 -0.5760593414306641 
vn 0.7052691578865051 -0.4638628363609314 -0.5361219048500061 
vn 0.9219458699226379 -0.3471638858318329 -0.17173540592193604 
vn 0.9397604465484619 -0.3402598798274994 0.03276457265019417 
vn 0.9258999824523926 -0.18729685246944427 0.3280687630176544 
vn 0.9217851161956787 -0.3256874084472656 0.2103329300880432 
vn 0.8076142072677612 -0.17963409423828125 0.5616858005523682 
vn 0.8907079696655273 -0.29654639959335327 0.34452807903289795 
vn 0.8264496326446533 -0.23837657272815704 0.5100564956665039 
vn 0.7304331064224243 -0.08270624279975891 0.677958071231842 
vn 0.591031551361084 -0.09761952608823776 0.8007197380065918 
vn 0.5995103716850281 -0.29889312386512756 -0.7424622178077698 
vn 0.6351221203804016 -0.6084325909614563 -0.4758462607860565 
vn 0.7890644073486328 -0.572355329990387 -0.22312943637371063 
vn 0.8933369517326355 -0.417032927274704 -0.16742929816246033 
vn 0.9132343530654907 -0.37521085143089294 0.15880759060382843 
vn 0.8375626802444458 -0.28165873885154724 0.46814218163490295 
vn 0.6516738533973694 -0.10512372851371765 0.7511792182922363 
vn 0.7006677389144897 -0.0376637801527977 0.7124928832054138 
vn 0.8056709170341492 -0.3311663269996643 0.4911448359489441 
vn 0.8419280648231506 -0.5100663304328918 0.1760382205247879 
vn 0.828498363494873 -0.5357073545455933 0.16312000155448914 
vn 0.7057225704193115 -0.6710074543952942 -0.22738653421401978 
vn 0.8051263093948364 -0.5924232006072998 0.028397228568792343 
vn 0.6162556409835815 -0.6776489019393921 -0.401274174451828 
vn 0.7767396569252014 -0.5587330460548401 -0.29067665338516235 
vn 0.8262202739715576 -0.38712242245674133 0.40926313400268555 
vn 0.7716712355613708 -0.14989100396633148 0.6181069612503052 
vn 0.7072365880012512 0.030145006254315376 0.7063339352607727 
vn 0.5045652985572815 0.404788613319397 0.762600839138031 
vn 0.610301673412323 0.29151636362075806 0.736579954624176 
vn 0.8625210523605347 -0.49725067615509033 -0.09380380809307098 
vn 0.6594565510749817 -0.09758314490318298 0.7453821301460266 
vn 0.9125498533248901 -0.3820731043815613 0.1458524912595749 
vn 0.6803781986236572 -0.17157910764217377 0.7124928832054138 
vn 0.9862713813781738 0.045264776796102524 -0.15880759060382843 
vn 0.8657659888267517 0.14265985786914825 0.4796847105026245 
vn 0.6419656276702881 0.6272855401039124 -0.4409002661705017 
vn 0.6146244406700134 0.7862748503684998 0.0633138045668602 
vn 0.20370131731033325 0.8513048887252808 0.4835140109062195 
vn 0.4896039068698883 0.39113521575927734 0.7792953848838806 
vn 0.7199637293815613 -0.3155883550643921 -0.6181069612503052 
vn 0.5729002356529236 0.07542374730110168 -0.8161473870277405 
vn -0.6914815902709961 0.29713523387908936 0.6584556698799133 
vn -0.25184202194213867 0.11294908076524734 0.961154580116272 
vn -0.2698226273059845 0.1239757239818573 0.9548956751823425 
vn 0.36240148544311523 0.09678037464618683 0.926983654499054 
vn 0.20715521275997162 0.14123603701591492 0.9680594801902771 
vn 0.5467946529388428 0.1634083390235901 0.8211658596992493 
vn -0.14027079939842224 0.21289123594760895 0.9669547080993652 
vn -0.5353230834007263 0.0824999064207077 0.8406086564064026 
vn -0.6642687320709229 0.10883547365665436 0.7395281791687012 
vn -0.9273436069488525 0.18734440207481384 0.3239381015300751 
vn -0.4753994941711426 0.49005961418151855 0.7306414246559143 
vn 0.09908323734998703 0.47520536184310913 0.87427818775177 
vn 0.5296192765235901 0.4258033335208893 0.7336177229881287 
vn 0.8626736998558044 0.20934121310710907 0.46040233969688416 
vn 0.4119153618812561 0.4492167830467224 0.7927988767623901 
vn -0.17174498736858368 0.48226603865623474 0.8590245246887207 
vn -0.6104183197021484 0.3988061845302582 0.6843559741973877 
vn -0.06379073113203049 0.4965497851371765 0.865661084651947 
vn -0.6474913358688354 0.41082119941711426 0.641857385635376 
vn -0.5741696953773499 0.7536951303482056 0.3198012113571167 
vn 0.03770558536052704 0.911637008190155 0.40926313400268555 
vn 0.5017268657684326 0.4723946452140808 0.7246471047401428 
vn 0.7905026078224182 0.6107391119003296 0.04586252197623253 
vn 0.6901954412460327 0.5517908930778503 0.46814218163490295 
vn 0.06215452030301094 0.4105561673641205 -0.9097144603729248 
vn 0.2032374143600464 0.6939926743507385 -0.6907016038894653 
vn 0.1695939600467682 0.5708761215209961 -0.8033295273780823 
vn -0.1807163953781128 0.5928928852081299 -0.7847417593002319 
vn 0.06766658276319504 0.30619677901268005 -0.949560284614563 
vn 0.562042236328125 0.7774399518966675 -0.28230419754981995 
vn -0.35585904121398926 0.7974144816398621 -0.48733407258987427 
vn -0.28832995891571045 0.9387080073356628 0.18892620503902435 
vn 0.8099757432937622 0.5474480390548706 0.2103329300880432 
vn 0.08838696777820587 0.7327442765235901 0.67473965883255 
vn 0.600199282169342 0.4817444384098053 0.6385006904602051 
vn -0.35595712065696716 0.5361220240592957 0.7654199600219727 
vn 0.5212173461914062 0.5225503444671631 0.67473965883255 
vn 0.9085988402366638 0.4172069728374481 0.01966099627315998 
vn 0.5827908515930176 0.3851494789123535 -0.715552031993866 
vn 0.6798944473266602 0.7332806587219238 -0.006554040592163801 
vn 0.10512448847293854 0.7215301394462585 0.6843559741973877 
vn 0.10512448847293854 0.7215301394462585 0.6843559741973877 
vn -0.1521909236907959 0.9379764795303345 0.31150925159454346 
vn 0.6798944473266602 0.7332806587219238 -0.006554040592163801 
vn 0.02642403170466423 0.8913081884384155 -0.45262736082077026 
vn 0.5827908515930176 0.3851494789123535 -0.715552031993866 
vn -0.7506347298622131 0.6572425365447998 0.06767380982637405 
vn -0.4527881443500519 0.4848177134990692 -0.7482877969741821 
vn -0.49318793416023254 -0.2411048859357834 -0.8358433246612549 
vn -0.5809984803199768 -0.06790898740291595 -0.8110666871070862 
vn -0.8174082040786743 -0.14285233616828918 -0.5580654144287109 
vn -0.956344485282898 -0.030205462127923965 -0.29067665338516235 
vn -0.9958784580230713 0.06038505956530571 -0.06767380982637405 
vn -0.7860454320907593 -0.1130162701010704 -0.607749879360199 
vn -0.977444589138031 0.20982049405574799 -0.024029340595006943 
vn -0.5627983212471008 0.14590759575366974 -0.8136147856712341 
vn -0.7398328185081482 0.6251742243766785 -0.24860523641109467 
vn -0.6474913358688354 0.41082119941711426 0.641857385635376 
vn -0.5741696953773499 0.7536951303482056 0.3198012113571167 
vn -0.8340373635292053 0.22771641612052917 -0.5025205612182617 
vn -0.8942450881004333 0.2532810866832733 0.3690181374549866 
vn -0.6104183197021484 0.3988061845302582 0.6843559741973877 
vn -0.9273436069488525 0.18734440207481384 0.3239381015300751 
vn -0.4753994941711426 0.49005961418151855 0.7306414246559143 
vn -0.6642687320709229 0.10883547365665436 0.7395281791687012 
vn -0.9465759992599487 0.0414857417345047 0.3198012113571167 
vn -0.5353230834007263 0.0824999064207077 0.8406086564064026 
vn -0.9324371814727783 0.3224169909954071 0.16312000155448914 
vn -0.6914815902709961 0.29713523387908936 0.6584556698799133 
vn -0.35595712065696716 0.5361220240592957 0.7654199600219727 
vn -0.28832995891571045 0.9387080073356628 0.18892620503902435 
vn -0.35585904121398926 0.7974144816398621 -0.48733407258987427 
vn -0.5627983212471008 0.14590759575366974 -0.8136147856712341 
vn -0.16473837196826935 0.7072173357009888 -0.6875353455543518 
vn -0.7398328185081482 0.6251742243766785 -0.24860523641109467 
vn -0.5741696953773499 0.7536951303482056 0.3198012113571167 
vn 0.03770558536052704 0.911637008190155 0.40926313400268555 
vn 0.30426087975502014 0.8973029255867004 -0.3198012113571167 
vn 0.7905026078224182 0.6107391119003296 0.04586252197623253 
vn 0.5467946529388428 0.1634083390235901 0.8211658596992493 
vn 0.8596110343933105 0.030186116695404053 0.5100564956665039 
vn 0.8626736998558044 0.20934121310710907 0.46040233969688416 
vn 0.9367918968200684 0.1947513371706009 0.29067665338516235 
vn 0.5296192765235901 0.4258033335208893 0.7336177229881287 
vn 0.4119153618812561 0.4492167830467224 0.7927988767623901 
vn 0.5017268657684326 0.4723946452140808 0.7246471047401428 
vn 0.9649115204811096 0.20226995646953583 0.16742929816246033 
vn 0.6901954412460327 0.5517908930778503 0.46814218163490295 
vn 0.7905026078224182 0.6107391119003296 0.04586252197623253 
vn 0.8645322322845459 -0.007555152289569378 -0.5025205612182617 
vn 0.5409296751022339 0.24911189079284668 -0.8033295273780823 
vn 0.30426087975502014 0.8973029255867004 -0.3198012113571167 
vn 0.9775683283805847 -0.06036851927638054 -0.2017817199230194 
vn 0.996049702167511 -0.045272327959537506 -0.0763898640871048 
vn 0.999265730381012 0.037749744951725006 0.006554040592163801 
vn 0.7173285484313965 -0.11284887790679932 -0.6875353455543518 
vn 0.7795215845108032 -0.16492046415805817 -0.6042742133140564 
vn 0.43382009863853455 -0.27879926562309265 -0.8567795157432556 
vn 0.7574508190155029 0.0753130316734314 0.6485338807106018 
vn 0.7943645119667053 0.15728840231895447 0.5867242813110352 
vn 0.9340682625770569 0.27533942461013794 0.22738653421401978 
vn 0.6929739117622375 0.32833871245384216 0.641857385635376 
vn 0.8057259321212769 0.5536838173866272 0.2103329300880432 
vn 0.9540826082229614 0.283005952835083 -0.0981530249118805 
vn 0.8190917372703552 0.535376787185669 -0.2060592919588089 
vn 0.7797481417655945 0.03777451440691948 -0.6249527335166931 
vn 0.6466596722602844 0.06771403551101685 0.7597671151161194 
vn 0.5851367712020874 0.09000825881958008 0.8059239983558655 
vn 0.4151626229286194 0.8925527930259705 -0.1760382205247879 
vn 0.5546764135360718 0.7698662281036377 0.31565824151039124 
vn 0.6000999212265015 0.5800925493240356 0.5507928133010864 
vn 0.48307305574417114 0.36591362953186035 -0.7954543828964233 
vn 0.8190917372703552 0.535376787185669 -0.2060592919588089 
vn 0.5770650506019592 0.6664931178092957 -0.4719987213611603 
vn -0.5201948881149292 0.6401861906051636 -0.5652954578399658 
vn 0.16947661340236664 0.5411800146102905 -0.8236515522003174 
vn -0.1204647645354271 0.9439393877983093 -0.30735430121421814 
vn 0.6419656276702881 0.6272855401039124 -0.4409002661705017 
vn 0.6146244406700134 0.7862748503684998 0.0633138045668602 
vn 0.20370131731033325 0.8513048887252808 0.4835140109062195 
vn -0.26785677671432495 0.9073681235313416 0.3239381015300751 
vn -0.5804283022880554 0.8143084645271301 0.002184694167226553 
vn -0.6715044379234314 0.6901745200157166 0.26970529556274414 
vn -0.8018361926078796 0.5508193373680115 -0.23163928091526031 
vn -0.2849528193473816 0.6239596009254456 0.7276512384414673 
vn 0.8190917372703552 0.535376787185669 -0.2060592919588089 
vn 0.5770650506019592 0.6664931178092957 -0.4719987213611603 
vn 0.4151626229286194 0.8925527930259705 -0.1760382205247879 
vn 0.11660308390855789 0.8013478517532349 -0.5867242813110352 
vn 0.12956440448760986 0.6234981417655945 -0.7710143327713013 
vn 0.01701522432267666 0.5450451374053955 -0.838234007358551 
vn -0.007564652245491743 0.48154109716415405 -0.8763908743858337 
vn -0.3072444200515747 0.5019200444221497 -0.8085030317306519 
vn -0.29565533995628357 0.7779398560523987 -0.5544344186782837 
vn -0.4355485141277313 0.3687603175640106 -0.8211658596992493 
vn -0.6219582557678223 0.7219706773757935 -0.30319350957870483 
vn -0.6555811166763306 0.3516194820404053 -0.6682642698287964 
vn -0.526857316493988 0.677067756652832 0.5138099193572998 
vn -0.4570058286190033 0.8267505764961243 0.3280687630176544 
vn -0.734083354473114 0.6580950021743774 0.16742929816246033 
vn -0.6411877274513245 0.765116274356842 0.058952588587999344 
vn -0.811590313911438 0.4889257252216339 -0.3198012113571167 
vn -0.29379257559776306 0.9433016777038574 0.15449213981628418 
vn 0.04340716078877449 0.9977940917015076 -0.05022686347365379 
vn 0.5546764135360718 0.7698662281036377 0.31565824151039124 
vn 0.28866201639175415 0.8102571368217468 0.5100564956665039 
vn 0.03393736481666565 0.7460653185844421 0.6650074124336243 
vn -0.17251846194267273 0.5626368522644043 0.8085030317306519 
vn 0.6000999212265015 0.5800925493240356 0.5507928133010864 
vn 0.5546764135360718 0.7698662281036377 0.31565824151039124 
vn 0.610301673412323 0.29151636362075806 0.736579954624176 
vn 0.5045652985572815 0.404788613319397 0.762600839138031 
vn 0.28866201639175415 0.8102571368217468 0.5100564956665039 
vn 0.03393736481666565 0.7460653185844421 0.6650074124336243 
vn 0.3744194209575653 0.34912315011024475 0.8590245246887207 
vn -0.17251846194267273 0.5626368522644043 0.8085030317306519 
vn 0.2955684959888458 0.21752826869487762 0.9302261471748352 
vn 0.7716712355613708 -0.14989100396633148 0.6181069612503052 
vn 0.6594565510749817 -0.09758314490318298 0.7453821301460266 
vn 0.2512645721435547 0.2446180284023285 0.9364978075027466 
vn 0.6803781986236572 -0.17157910764217377 0.7124928832054138 
vn 0.4896039068698883 0.39113521575927734 0.7792953848838806 
vn 0.8657659888267517 0.14265985786914825 0.4796847105026245 
vn 0.7072365880012512 0.030145006254315376 0.7063339352607727 
vn -0.26785677671432495 0.9073681235313416 0.3239381015300751 
vn -0.2849528193473816 0.6239596009254456 0.7276512384414673 
vn 0.20370131731033325 0.8513048887252808 0.4835140109062195 
vn -0.6715044379234314 0.6901745200157166 0.26970529556274414 
vn -0.526857316493988 0.677067756652832 0.5138099193572998 
vn -0.4570058286190033 0.8267505764961243 0.3280687630176544 
vn 0.7767396569252014 -0.5587330460548401 -0.29067665338516235 
vn 0.3985373377799988 -0.5343906879425049 -0.7453821301460266 
vn 0.6162556409835815 -0.6776489019393921 -0.401274174451828 
vn 0.342863529920578 -0.6366913318634033 -0.6907016038894653 
vn 0.47432950139045715 -0.6657080054283142 -0.5760593414306641 
vn 0.7057225704193115 -0.6710074543952942 -0.22738653421401978 
vn 0.6351221203804016 -0.6084325909614563 -0.4758462607860565 
vn 0.7890644073486328 -0.572355329990387 -0.22312943637371063 
vn -0.4863234758377075 0.29169780015945435 -0.8236515522003174 
vn -0.6587728261947632 0.2227916270494461 -0.7185974717140198 
vn -0.5201948881149292 0.6401861906051636 -0.5652954578399658 
vn -0.811590313911438 0.4889257252216339 -0.3198012113571167 
vn -0.8018361926078796 0.5508193373680115 -0.23163928091526031 
vn -0.734083354473114 0.6580950021743774 0.16742929816246033 
vn -0.6715044379234314 0.6901745200157166 0.26970529556274414 
vn -0.526857316493988 0.677067756652832 0.5138099193572998 
vn 0.36240148544311523 0.09678037464618683 0.926983654499054 
vn 0.25165465474128723 0.10271190851926804 0.962351381778717 
vn 0.8596110343933105 0.030186116695404053 0.5100564956665039 
vn 0.8057259321212769 0.5536838173866272 0.2103329300880432 
vn 0.6000999212265015 0.5800925493240356 0.5507928133010864 
vn 0.6929739117622375 0.32833871245384216 0.641857385635376 
vn 0.610301673412323 0.29151636362075806 0.736579954624176 
vn 0.6000999212265015 0.5800925493240356 0.5507928133010864 
vn 0.6929739117622375 0.32833871245384216 0.641857385635376 
vn -0.8211095333099365 -0.2239253968000412 -0.5250110030174255 
vn -0.3113132119178772 -0.14273791015148163 -0.9395264387130737 
vn -0.4594056010246277 -0.32629692554473877 -0.8261215686798096 
vn -0.649034321308136 0.5610292553901672 -0.5138099193572998 
vn -0.7232012748718262 0.620526909828186 0.30319350957870483 
vn -0.015100003220140934 0.9756376147270203 -0.21886809170246124 
vn 0.29799696803092957 0.8585596084594727 0.417220801115036 
vn 0.8094227910041809 0.5796857476234436 -0.09380380809307098 
vn 0.5593536496162415 0.39704811573028564 -0.7276512384414673 
vn -0.047057680785655975 0.6111325025558472 0.790128231048584 
vn 0.8264496326446533 -0.23837657272815704 0.5100564956665039 
vn 0.591031551361084 -0.09761952608823776 0.8007197380065918 
vn 0.8076142072677612 -0.17963409423828125 0.5616858005523682 
vn -0.2814147472381592 0.3520178496837616 -0.8926864862442017 
vn -0.6948118209838867 0.4954756498336792 -0.5212872624397278 
vn -0.3617289066314697 0.5158706903457642 -0.7765498161315918 
vn -0.2860454320907593 0.7263690829277039 -0.6249527335166931 
vn -0.928912878036499 0.368431955575943 0.03713129088282585 
vn -0.34210577607154846 0.9282729625701904 -0.1458524912595749 
vn 0.3386232554912567 0.7299051880836487 -0.5937783122062683 
vn 0.4104039967060089 0.9118802547454834 -0.006554040592163801 
vn -0.550755500793457 0.7182748317718506 0.42514660954475403 
vn 0.09952536970376968 0.6657272577285767 0.7395281791687012 
vn -0.2892906069755554 0.35064056515693665 -0.8907088041305542 
vn -0.0997166782617569 0.558260440826416 -0.8236515522003174 
vn -0.7833225727081299 0.39997008442878723 -0.4758462607860565 
vn -0.6219582557678223 0.7219706773757935 -0.30319350957870483 
vn -0.6555811166763306 0.3516194820404053 -0.6682642698287964 
vt 0.8822351694107056 0.9459145069122314 
vt 0.8709839582443237 0.9634947180747986 
vt 0.8664602637290955 0.9604426026344299 
vt 0.8579928278923035 0.9777786731719971 
vt 0.8520772457122803 0.9765578508377075 
vt 0.8566009402275085 0.951286256313324 
vt 0.8466256260871887 0.9633726477622986 
vt 0.8349103927612305 0.962151825428009 
vt 0.8330545425415039 0.9760695099830627 
vt 0.8396660685539246 0.9882779717445374 
vt 0.8678521513938904 0.92723548412323 
vt 0.8814232349395752 0.931630551815033 
vt 0.8896586298942566 0.9150269627571106 
vt 0.8852509260177612 0.9044055938720703 
vt 0.8709839582443237 0.9058706164360046 
vt 0.8758556246757507 0.8704659342765808 
vt 0.8662282824516296 0.8755935430526733 
vt 0.856020987033844 0.8537403345108032 
vt 0.8504533767700195 0.8553274273872375 
vt 0.8397820591926575 0.8711984753608704 
vt 0.848829448223114 0.8946387767791748 
vt 0.8564849495887756 0.9158815741539001 
vt 0.8247030973434448 0.9439611434936523 
vt 0.829342782497406 0.9655701518058777 
vt 0.8077682852745056 0.9770461916923523 
vt 0.8091601729393005 0.9923067688941956 
vt 0.820643424987793 0.9964576959609985 
vt 0.7960531115531921 0.9975564479827881 
vt 0.7889775633811951 0.9815633296966553 
vt 0.7812061309814453 0.9483562111854553 
vt 0.8896586298942566 0.8851161599159241 
vt 0.8838590383529663 0.8703438639640808 
vt 0.8724918365478516 0.8571587204933167 
vt 0.7831779718399048 0.999998152256012 
vt 0.7642713189125061 0.9870571494102478 
vt 0.7564998269081116 0.971308171749115 
vt 0.7646192908287048 0.9626401662826538 
vt 0.7603275775909424 0.9930393099784851 
vt 0.7408409118652344 0.9738719463348389 
vt 0.7235581278800964 0.9522629380226135 
vt 0.7342293858528137 0.9736278057098389 
vt 0.7326054573059082 0.951286256313324 
vt 0.7196143865585327 0.9393218755722046 
vt 0.7280817627906799 0.9265030026435852 
vt 0.7411888837814331 0.9533616900444031 
vt 0.7500042915344238 0.8834069967269897 
vt 0.8153077960014343 0.9156374335289001 
vt 0.8301547765731812 0.8931737542152405 
vt 0.8418699502944946 0.8886566162109375 
vt 0.8286468386650085 0.8686347007751465 
vt 0.8278349041938782 0.8480023145675659 
vt 0.8407100439071655 0.8445839285850525 
vt 0.8506853580474854 0.83896803855896 
vt 0.8564849495887756 0.8362821340560913 
vt 0.8387381434440613 0.8279803991317749 
vt 0.8307347297668457 0.8295674920082092 
vt 0.8209913969039917 0.8368926048278809 
vt 0.8081162571907043 0.8250503540039062 
vt 0.8216873407363892 0.8183356523513794 
vt 0.7953571677207947 0.8189460635185242 
vt 0.7839899063110352 0.8271257877349854 
vt 0.7774943709373474 0.8198006749153137 
vt 0.7589356899261475 0.8235853314399719 
vt 0.7551079392433167 0.8339625597000122 
vt 0.7389850616455078 0.8349392414093018 
vt 0.7276178002357483 0.8471477031707764 
vt 0.7310975790023804 0.8504440188407898 
vt 0.7131187915802002 0.8668034076690674 
vt 0.7178744673728943 0.869611382484436 
vt 0.7348093390464783 0.8575249314308167 
vt 0.7244860529899597 0.8792560696601868 
vt 0.733881413936615 0.8726634979248047 
vt 0.7482643723487854 0.8512986302375793 
vt 0.7628793716430664 0.8398226499557495 
vt 0.8002288341522217 0.8357937932014465 
vt 0.8110160827636719 0.8434851765632629 
vt 0.7101030349731445 0.9008651375770569 
vt 0.7774943709373474 0.8436072468757629 
vt 0.759515643119812 0.8533740639686584 
vt 0.7805101871490479 0.8826744556427002 
vt 0.810900092124939 0.8624083399772644 
vt 0.7099870443344116 0.9321188926696777 
vt 0.7188024520874023 0.9036730527877808 
vt 0.7310975790023804 0.8992780447006226 
vt 0.5647650361061096 0.03723583742976189 
vt 0.578916072845459 0.020021852105855942 
vt 0.5785681009292603 0.09009864181280136 
vt 0.5929511189460754 0.0550602450966835 
vt 0.6018825173377991 0.014528026804327965 
vt 0.6160334944725037 0.03638124093413353 
vt 0.630184531211853 0.004883311688899994 
vt 0.5990986824035645 0.005982076283544302 
vt 0.5814679265022278 0.007691266480833292 
vt 0.5670849084854126 0.010865476913750172 
vt 0.6000266075134277 0.11927695572376251 
vt 0.5895873308181763 0.20156224071979523 
vt 0.5647650361061096 0.10816722363233566 
vt 0.5742763876914978 0.1921616941690445 
vt 0.5900512933731079 0.2842137813568115 
vt 0.6023464798927307 0.2748132348060608 
vt 0.5968948602676392 0.19728927314281464 
vt 0.6170774698257446 0.12306158989667892 
vt 0.64224773645401 0.09046489745378494 
vt 0.6365640759468079 0.019533511251211166 
vt 0.6739135384559631 0.0771576315164566 
vt 0.6602264642715454 0.007569181267172098 
vt 0.6833088994026184 0.025637760758399963 
vt 0.6747254729270935 0.0047612264752388 
vt 0.7045354247093201 0.009888796135783195 
vt 0.687716543674469 0.00048825147678144276 
vt 0.7083631753921509 0.0020753564313054085 
vt 0.6405078172683716 -8.851110067098489e-8 
vt 0.6969959139823914 0.07874473929405212 
vt 0.6930522322654724 0.16908763349056244 
vt 0.7099870443344116 0.07373925298452377 
vt 0.7088271379470825 0.1736047863960266 
vt 0.703375518321991 0.2243921458721161 
vt 0.6922402381896973 0.22964179515838623 
vt 0.698503851890564 0.3122933506965637 
vt 0.6787852048873901 0.2119394689798355 
vt 0.6751894354820251 0.13319464027881622 
vt 0.6653301119804382 0.20473645627498627 
vt 0.6573266983032227 0.10267339646816254 
vt 0.64224773645401 0.19362671673297882 
vt 0.6198612451553345 0.18923166394233704 
vt 0.6104658842086792 0.24966374039649963 
vt 0.649787187576294 0.27371448278427124 
vt 0.6336643099784851 0.2464895248413086 
vt 0.6239209771156311 0.2789641320705414 
vt 0.6652141213417053 0.28165000677108765 
vt 0.6820329427719116 0.29129472374916077 
vt 0.6917762756347656 0.3472096621990204 
vt 0.6993157863616943 0.3892068862915039 
vt 0.6856287121772766 0.43413418531417847 
vt 0.6930522322654724 0.4576965868473053 
vt 0.6827289462089539 0.36442363262176514 
vt 0.6747254729270935 0.3771204650402069 
vt 0.6574426889419556 0.35795313119888306 
vt 0.6372600793838501 0.32621103525161743 
vt 0.6190493106842041 0.32999566197395325 
vt 0.6090739965438843 0.3606390058994293 
vt 0.5988667011260986 0.36247026920318604 
vt 0.613017737865448 0.42265817523002625 
vt 0.6246169209480286 0.4098392426967621 
vt 0.6423637270927429 0.4073975682258606 
vt 0.6646341681480408 0.4170422852039337 
vt 0.6787852048873901 0.4616032838821411 
vt 0.6874845623970032 0.5099489688873291 
vt 0.6980398893356323 0.4954208433628082 
vt 0.6932842135429382 0.5498707294464111 
vt 0.6768133044242859 0.5206924080848694 
vt 0.6639382243156433 0.46709713339805603 
vt 0.64224773645401 0.45879533886909485 
vt 0.655934751033783 0.5093385577201843 
vt 0.6628943085670471 0.5553645491600037 
vt 0.6822649240493774 0.581124484539032 
vt 0.6929362416267395 0.5901588201522827 
vt 0.6763493418693542 0.6269063949584961 
vt 0.6865566372871399 0.6297143697738647 
vt 0.6785532236099243 0.6624331474304199 
vt 0.6648661494255066 0.660357654094696 
vt 0.6659100651741028 0.6144537329673767 
vt 0.6596465110778809 0.6280051469802856 
vt 0.6579066514968872 0.5840545296669006 
vt 0.670549750328064 0.5840545296669006 
vt 0.6880645751953125 0.6769612431526184 
vt 0.6840048432350159 0.7138308882713318 
vt 0.6734495759010315 0.6983261108398438 
vt 0.6524550318717957 0.6629214882850647 
vt 0.6917762756347656 0.7193247079849243 
vt 0.6894564628601074 0.7478926181793213 
vt 0.6785532236099243 0.7577815055847168 
vt 0.6729856133460999 0.7336086630821228 
vt 0.6666060090065002 0.7718212604522705 
vt 0.6713616847991943 0.7936744689941406 
vt 0.6610383987426758 0.7873260974884033 
vt 0.664402186870575 0.8116210103034973 
vt 0.6782052516937256 0.8024646043777466 
vt 0.66301029920578 0.8217540383338928 
vt 0.674029529094696 0.8185798525810242 
vt 0.670549750328064 0.8327416777610779 
vt 0.6579066514968872 0.8556936979293823 
vt 0.6649821400642395 0.8707101345062256 
vt 0.6453794836997986 0.8755935430526733 
vt 0.657210648059845 0.883162796497345 
vt 0.6551228165626526 0.8915866613388062 
vt 0.6457274556159973 0.8886566162109375 
vt 0.68156898021698 0.7762163281440735 
vt 0.6428276896476746 0.8648500442504883 
vt 0.6526870131492615 0.8477581739425659 
vt 0.6567466855049133 0.8180915117263794 
vt 0.6531509757041931 0.7889131903648376 
vt 0.6537309288978577 0.7568048238754272 
vt 0.6449155211448669 0.766205370426178 
vt 0.6495552062988281 0.8409214019775391 
vt 0.6623142957687378 0.7345853447914124 
vt 0.6519910097122192 0.7207897305488586 
vt 0.6605744361877441 0.7069941759109497 
vt 0.6410877704620361 0.7224989533424377 
vt 0.6416677236557007 0.6668281555175781 
vt 0.6309964656829834 0.6750078797340393 
vt 0.6342442631721497 0.6371615529060364 
vt 0.6389999389648438 0.5954084396362305 
vt 0.6233410239219666 0.5769736170768738 
vt 0.6424797177314758 0.580880343914032 
vt 0.6167294979095459 0.5210586786270142 
vt 0.6303005218505859 0.5270408391952515 
vt 0.6300685405731201 0.4943220913410187 
vt 0.6169614791870117 0.4957870841026306 
vt 0.6074501276016235 0.4421917796134949 
vt 0.596082866191864 0.3970203399658203 
vt 0.651063084602356 0.6242204904556274 
vt 0.6466553807258606 0.5359530448913574 
vt 0.30784276127815247 0.011109646409749985 
vt 0.3135263919830322 0.013673431240022182 
vt 0.29566362500190735 0.011353816837072372 
vt 0.3061029016971588 0.024538995698094368 
vt 0.28371644020080566 0.026370272040367126 
vt 0.2813965976238251 0.055182330310344696 
vt 0.25564637780189514 0.021731041371822357 
vt 0.276640921831131 0.01220841147005558 
vt 0.2526305913925171 0.006104161497205496 
vt 0.23615971207618713 0.022585636004805565 
vt 0.2394074946641922 0.009034201502799988 
vt 0.2163250893354416 0.008545861579477787 
vt 0.20774167776107788 0.02588193118572235 
vt 0.22421254217624664 0.06983253359794617 
vt 0.2455550730228424 0.08985447138547897 
vt 0.2635338306427002 0.1153702363371849 
vt 0.2996073365211487 0.053961481899023056 
vt 0.31607821583747864 0.04041004553437233 
vt 0.3289533257484436 0.024172741919755936 
vt 0.20843762159347534 0.10523717850446701 
vt 0.23233197629451752 0.1257474571466446 
vt 0.1897629201412201 0.08301771432161331 
vt 0.1826874017715454 0.029666567221283913 
vt 0.189878910779953 0.005493736360222101 
vt 0.1970704197883606 -8.851110067098489e-8 
vt 0.17201614379882812 0.09315076470375061 
vt 0.17688781023025513 0.1497981995344162 
vt 0.19266271591186523 0.15687914192676544 
vt 0.18558719754219055 0.24551284313201904 
vt 0.20205806195735931 0.21132904291152954 
vt 0.19509854912757874 0.334879070520401 
vt 0.18361534178256989 0.3343907296657562 
vt 0.1742199957370758 0.290806382894516 
vt 0.16900034248828888 0.19106294214725494 
vt 0.21748501062393188 0.1599312573671341 
vt 0.22467650473117828 0.2162124514579773 
vt 0.24335122108459473 0.2000972330570221 
vt 0.286384254693985 0.1355142593383789 
vt 0.3043630123138428 0.11060892045497894 
vt 0.3214138448238373 0.09388327598571777 
vt 0.29670754075050354 0.1942371428012848 
vt 0.27965670824050903 0.24795454740524292 
vt 0.2887040972709656 0.2860450744628906 
vt 0.2733931541442871 0.32376933097839355 
vt 0.2745530605316162 0.3634469509124756 
vt 0.2600540816783905 0.3970203399658203 
vt 0.27037736773490906 0.4233906865119934 
vt 0.2079736590385437 0.2565004825592041 
vt 0.25425446033477783 0.35209304094314575 
vt 0.26051804423332214 0.4421917796134949 
vt 0.2431192398071289 0.49700793623924255 
vt 0.24520708620548248 0.431936651468277 
vt 0.25703826546669006 0.4956650137901306 
vt 0.2525146007537842 0.5206924080848694 
vt 0.2308240830898285 0.5109256505966187 
vt 0.24613502621650696 0.5913796424865723 
vt 0.2572702467441559 0.5772178173065186 
vt 0.26550570130348206 0.625197172164917 
vt 0.27524903416633606 0.6388707160949707 
vt 0.2782648205757141 0.6772053837776184 
vt 0.2646937370300293 0.6839200854301453 
vt 0.29589560627937317 0.7261614799499512 
vt 0.2891680598258972 0.7521656155586243 
vt 0.30030328035354614 0.7702341675758362 
vt 0.2856883108615875 0.7820764183998108 
vt 0.30401504039764404 0.7933082580566406 
vt 0.2286202311515808 0.5941876173019409 
vt 0.21354126930236816 0.5469406843185425 
vt 0.21458519995212555 0.5112919211387634 
vt 0.23279595375061035 0.4373083710670471 
vt 0.2286202311515808 0.37223708629608154 
vt 0.21736901998519897 0.40825214982032776 
vt 0.2176010012626648 0.4480518698692322 
vt 0.20855362713336945 0.48516571521759033 
vt 0.19857831299304962 0.5033563375473022 
vt 0.18883498013019562 0.49151411652565 
vt 0.20240604877471924 0.4133797287940979 
vt 0.20866961777210236 0.36222609877586365 
vt 0.2731611728668213 0.7359282970428467 
vt 0.25065872073173523 0.7257952094078064 
vt 0.2512386739253998 0.6869722008705139 
vt 0.18941493332386017 0.4192397892475128 
vt 0.1705082505941391 0.5136114954948425 
vt 0.17468395829200745 0.54120272397995 
vt 0.16041694581508636 0.5850312113761902 
vt 0.18106351792812347 0.4192397892475128 
vt 0.18686310946941376 0.5394935011863708 
vt 0.18697911500930786 0.5873508453369141 
vt 0.1716681718826294 0.591867983341217 
vt 0.17027625441551208 0.6407020092010498 
vt 0.20507386326789856 0.6453412175178528 
vt 0.21493318676948547 0.5864962339401245 
vt 0.23673968017101288 0.6791587471961975 
vt 0.2310560643672943 0.7192026376724243 
vt 0.2319840043783188 0.7450846433639526 
vt 0.2513546645641327 0.7597348690032959 
vt 0.26411378383636475 0.7746292352676392 
vt 0.24265526235103607 0.7974591255187988 
vt 0.25309455394744873 0.8027088046073914 
vt 0.2491508275270462 0.8235853314399719 
vt 0.25680628418922424 0.8183356523513794 
vt 0.25564637780189514 0.8730297684669495 
vt 0.2635338306427002 0.8522753119468689 
vt 0.2651577293872833 0.8953713178634644 
vt 0.2626059055328369 0.7926977872848511 
vt 0.27374112606048584 0.794895350933075 
vt 0.26040205359458923 0.9012314081192017 
vt 0.266897588968277 0.931630551815033 
vt 0.26202592253685 0.9339501857757568 
vt 0.25216659903526306 0.8957375288009644 
vt 0.25205060839653015 0.9373685121536255 
vt 0.2597060799598694 0.951408326625824 
vt 0.24485911428928375 0.9500653743743896 
vt 0.2612139880657196 0.9551929235458374 
vt 0.25309455394744873 0.9599542617797852 
vt 0.24462713301181793 0.8614316582679749 
vt 0.23847955465316772 0.8784014582633972 
vt 0.23140405118465424 0.8578912019729614 
vt 0.23534777760505676 0.8140627145767212 
vt 0.2309400737285614 0.8063713312149048 
vt 0.2210807502269745 0.790500283241272 
vt 0.21551313996315002 0.8083246946334839 
vt 0.24230729043483734 0.9300434589385986 
vt 0.24358320236206055 0.9019638895988464 
vt 0.23639169335365295 0.9004988670349121 
vt 0.21377326548099518 0.7798789143562317 
vt 0.20727771520614624 0.7509447336196899 
vt 0.20634977519512177 0.7188363671302795 
vt 0.20948155224323273 0.6983261108398438 
vt 0.19080685079097748 0.6718336939811707 
vt 0.156009241938591 0.6770833134651184 
vt 0.16262078285217285 0.6953960657119751 
vt 0.18442729115486145 0.7054070234298706 
vt 0.17445197701454163 0.7326319813728333 
vt 0.19034287333488464 0.7489913702011108 
vt 0.16726046800613403 0.777193009853363 
vt 0.16354872286319733 0.7168830037117004 
vt 0.14301814138889313 0.7547293901443481 
vt 0.11877581477165222 0.7045524716377258 
vt 0.13826246559619904 0.6617006063461304 
vt 0.15914103388786316 0.6627993583679199 
vt 0.15020965039730072 0.5729448199272156 
vt 0.15264548361301422 0.585519552230835 
vt 0.13211488723754883 0.6382603049278259 
vt 0.14441004395484924 0.6361848711967468 
vt 0.12909910082817078 0.624953031539917 
vt 0.11402013897895813 0.6573055386543274 
vt 0.12376347184181213 0.6695140600204468 
vt 0.09383752942085266 0.6988144516944885 
vt 0.11274422705173492 0.6708570122718811 
vt 0.09905717521905899 0.6824550628662109 
vt 0.06437556445598602 0.7226210236549377 
vt 0.074930839240551 0.7248185276985168 
vt 0.09232963621616364 0.7148075699806213 
vt 0.04024922847747803 0.7510668039321899 
vt 0.03897331655025482 0.7679145336151123 
vt 0.024010349065065384 0.7701120972633362 
vt 0.023082412779331207 0.7807334661483765 
vt 0.012759124860167503 0.7742629647254944 
vt 0.009627340361475945 0.7828089594841003 
vt 0.010207301005721092 0.7931861281394958 
vt 0.029461972415447235 0.7889131903648376 
vt 0.016006899997591972 0.801609992980957 
vt 0.03665347769856453 0.8011216521263123 
vt 0.038161370903253555 0.7924536466598511 
vt 0.046396803110837936 0.770844578742981 
vt 0.05428425967693329 0.7748734354972839 
vt 0.08049844950437546 0.7504563927650452 
vt 0.07899055629968643 0.737393319606781 
vt 0.10856851935386658 0.7228652238845825 
vt 0.11471609026193619 0.7437417507171631 
vt 0.10010109841823578 0.7381258010864258 
vt 0.08745796978473663 0.7423987984657288 
vt 4.733169856052655e-9 0.7942849397659302 
vt 0.004639684688299894 0.8040516972541809 
vt 0.14441004395484924 0.7675483226776123 
vt 0.14812178909778595 0.7886689901351929 
vt 0.13582663238048553 0.7702341675758362 
vt 0.12724323570728302 0.7830531001091003 
vt 0.12306751310825348 0.7718212604522705 
vt 0.12016771733760834 0.7701120972633362 
vt 0.11958775669336319 0.8139405846595764 
vt 0.13443472981452942 0.821387767791748 
vt 0.13605861365795135 0.7974591255187988 
vt 0.14974567294120789 0.8027088046073914 
vt 0.1161080002784729 0.8429968357086182 
vt 0.12759120762348175 0.8643617033958435 
vt 0.11622399091720581 0.8715647459030151 
vt 0.12063168734312057 0.8899995684623718 
vt 0.11228025704622269 0.878645658493042 
vt 0.11518006026744843 0.9152711629867554 
vt 0.12527136504650116 0.8992780447006226 
vt 0.1354786604642868 0.8818198442459106 
vt 0.13977035880088806 0.8486127257347107 
vt 0.1485857516527176 0.8185798525810242 
vt 0.15542928874492645 0.8084467649459839 
vt 0.14185822010040283 0.8873136639595032 
vt 0.13281084597110748 0.9094110727310181 
vt 0.12283553183078766 0.9256483912467957 
vt 0.1148320883512497 0.9363918900489807 
vt 0.13130295276641846 0.9363918900489807 
vt 0.12399545311927795 0.9444494843482971 
vt 0.1173839122056961 0.9457923769950867 
vt 0.13675457239151 0.9199103713035583 
vt 0.10833653062582016 0.9217416644096375 
vt 0.3518037497997284 0.12098614871501923 
vt 0.3364928066730499 0.08497107028961182 
vt 0.34623613953590393 0.04016587510704994 
vt 0.3289533257484436 0.022219382226467133 
vt 0.3566754162311554 0.023562315851449966 
vt 0.33788469433784485 0.013185091316699982 
vt 0.355399489402771 0.008057521656155586 
vt 0.36305496096611023 0.004150801338255405 
vt 0.3732622563838959 0.010987561196088791 
vt 0.37546610832214355 0.03210826590657234 
vt 0.3979685604572296 0.018801001831889153 
vt 0.3988964855670929 0.0036624614149332047 
vt 0.4167592525482178 0.003296206472441554 
vt 0.4150193929672241 0.02148687094449997 
vt 0.4353179931640625 0.004272886551916599 
vt 0.3468160927295685 0.1841040849685669 
vt 0.37442219257354736 0.1378338783979416 
vt 0.37906184792518616 0.09400536119937897 
vt 0.4029562175273895 0.08448272943496704 
vt 0.42371878027915955 0.10987640917301178 
vt 0.43960967659950256 0.10694637149572372 
vt 0.4391457140445709 0.030032820999622345 
vt 0.46385201811790466 0.028445716947317123 
vt 0.4548046290874481 0.002563696587458253 
vt 0.47452327609062195 0.02209729701280594 
vt 0.4655919075012207 -8.851110067098489e-8 
vt 0.47800302505493164 0.10572551935911179 
vt 0.4570084810256958 0.08851153403520584 
vt 0.47695910930633545 0.1819065660238266 
vt 0.46849170327186584 0.19313837587833405 
vt 0.482410728931427 0.2700519263744354 
vt 0.47452327609062195 0.28396961092948914 
vt 0.463388055562973 0.2744469940662384 
vt 0.46593987941741943 0.3429366648197174 
vt 0.48090285062789917 0.35856354236602783 
vt 0.46628785133361816 0.4218035936355591 
vt 0.4785830080509186 0.42009440064430237 
vt 0.47197145223617554 0.4780847728252411 
vt 0.4863544702529907 0.5064085125923157 
vt 0.4774230718612671 0.5056759715080261 
vt 0.49737370014190674 0.5692822933197021 
vt 0.46106821298599243 0.5101931095123291 
vt 0.48763036727905273 0.5734331607818604 
vt 0.47835102677345276 0.5803920030593872 
vt 0.5121046900749207 0.6255634427070618 
vt 0.49992552399635315 0.6435099244117737 
vt 0.3932128846645355 0.16298338770866394 
vt 0.41281554102897644 0.16530300676822662 
vt 0.5451623797416687 0.7507005929946899 
vt 0.5647650361061096 0.7338528633117676 
vt 0.5395947694778442 0.7362945675849915 
vt 0.545742392539978 0.7050408124923706 
vt 0.5234718918800354 0.7121217250823975 
vt 0.5220800042152405 0.6609681248664856 
vt 0.5458583831787109 0.6802575588226318 
vt 0.5645330548286438 0.7141971588134766 
vt 0.5286915302276611 0.752653956413269 
vt 0.5196441411972046 0.7533864378929138 
vt 0.49830162525177 0.6985703110694885 
vt 0.5060731172561646 0.746549665927887 
vt 0.522659957408905 0.7803672552108765 
vt 0.5353030562400818 0.770844578742981 
vt 0.5351870656013489 0.810155987739563 
vt 0.4861224889755249 0.640335738658905 
vt 0.4640839993953705 0.5692822933197021 
vt 0.4440173804759979 0.5388830900192261 
vt 0.4617641568183899 0.6115236878395081 
vt 0.47719109058380127 0.6674386262893677 
vt 0.4896022379398346 0.7077266573905945 
vt 0.48055484890937805 0.7489913702011108 
vt 0.5118727087974548 0.7929419875144958 
vt 0.5286915302276611 0.8262711763381958 
vt 0.5440024733543396 0.8537403345108032 
vt 0.49632978439331055 0.8121093511581421 
vt 0.5066530704498291 0.8124755620956421 
vt 0.49157410860061646 0.7924536466598511 
vt 0.4862384796142578 0.8178473114967346 
vt 0.4799748957157135 0.8168706297874451 
vt 0.4825267195701599 0.8395784497261047 
vt 0.4725514054298401 0.8161381483078003 
vt 0.47545120120048523 0.8376250863075256 
vt 0.4568924903869629 0.8451943397521973 
vt 0.4644319713115692 0.8818198442459106 
vt 0.47846701741218567 0.863262951374054 
vt 0.47197145223617554 0.882918655872345 
vt 0.48078683018684387 0.8868253231048584 
vt 0.4850785434246063 0.9083123207092285 
vt 0.471391499042511 0.9053822755813599 
vt 0.47603118419647217 0.9249158501625061 
vt 0.4621121287345886 0.9048939347267151 
vt 0.4857744872570038 0.9239391684532166 
vt 0.47359535098075867 0.947013258934021 
vt 0.46733176708221436 0.9240612983703613 
vt 0.48681843280792236 0.9428623914718628 
vt 0.48647046089172363 0.962273895740509 
vt 0.47916296124458313 0.9753369688987732 
vt 0.4680277109146118 0.9648376703262329 
vt 0.46721577644348145 0.9788774251937866 
vt 0.4763791561126709 0.9821737408638 
vt 0.46118420362472534 0.9418857097625732 
vt 0.4607202410697937 0.9222300052642822 
vt 0.8875707983970642 0.6658514738082886 
vt 0.8815392255783081 0.6635318994522095 
vt 0.893950343132019 0.6461958289146423 
vt 0.889078676700592 0.6365510821342468 
vt 0.8994019627571106 0.6232438087463379 
vt 0.8880347609519958 0.5863741636276245 
vt 0.8880347609519958 0.6891697645187378 
vt 0.8784074187278748 0.7067499756813049 
vt 0.8817712068557739 0.6831875443458557 
vt 0.8682001233100891 0.6982040405273438 
vt 0.8722598552703857 0.6640202403068542 
vt 0.8748116493225098 0.6349639892578125 
vt 0.8555570244789124 0.7203013896942139 
vt 0.8653002977371216 0.7209118604660034 
vt 0.860892653465271 0.713342547416687 
vt 0.8553249835968018 0.6983261108398438 
vt 0.8644883632659912 0.6592589020729065 
vt 0.8666922450065613 0.6221450567245483 
vt 0.874579668045044 0.5893042087554932 
vt 0.85984867811203 0.5707473158836365 
vt 0.8691280484199524 0.5698927044868469 
vt 0.8778274655342102 0.5672067999839783 
vt 0.890470564365387 0.5662301182746887 
vt 0.8553249835968018 0.5581725239753723 
vt 0.31642618775367737 0.9000105261802673 
vt 0.3203698992729187 0.8929296135902405 
vt 0.32315370440483093 0.8998884558677673 
vt 0.3277933895587921 0.8951271176338196 
vt 0.3289533257484436 0.8821861147880554 
vt 0.3204858899116516 0.8707101345062256 
vt 0.3106265664100647 0.878889799118042 
vt 0.3103945851325989 0.8592341542243958 
vt 0.30157920718193054 0.8470256328582764 
vt 0.3141063451766968 0.8462931513786316 
vt 0.30517494678497314 0.8281024694442749 
vt 0.31259843707084656 0.8232190608978271 
vt 0.2939237356185913 0.8003891706466675 
vt 0.292995810508728 0.8182135820388794 
vt 0.287660151720047 0.810155987739563 
vt 0.283252477645874 0.7977033257484436 
vt 0.2900959849357605 0.790500283241272 
vt 0.30888670682907104 0.8904879093170166 
vt 0.32326969504356384 0.8537403345108032 
vt 0.2708413302898407 0.21303823590278625 
vt 0.26179394125938416 0.19448131322860718 
vt 0.23662368953227997 0.25357046723365784 
vt 0.21852892637252808 0.30374738574028015 
vt 0.23152004182338715 0.31192708015441895 
vt 0.2517026364803314 0.2645581066608429 
vt 0.26283788681030273 0.2829929292201996 
vt 0.24242328107357025 0.32425767183303833 
vt 0.17456796765327454 0.4015374779701233 
vt 0.16830439865589142 0.35758689045906067 
vt 0.1717841625213623 0.4619695544242859 
vt 0.3289533257484436 0.8996442556381226 
vt 0.3324330747127533 0.8862149119377136 
vt 0.33196911215782166 0.9079460501670837 
vt 0.3411324620246887 0.8907320499420166 
vt 0.3371887505054474 0.9116085767745972 
vt 0.34901994466781616 0.8926854133605957 
vt 0.3491359353065491 0.869855523109436 
vt 0.34032052755355835 0.8671696782112122 
vt 0.33533287048339844 0.8475139737129211 
vt 0.3494839072227478 0.8438514471054077 
vt 0.35017985105514526 0.8311545848846436 
vt 0.36108309030532837 0.8284687399864197 
vt 0.3615470826625824 0.8025866746902466 
vt 0.3702464699745178 0.80576092004776 
vt 0.3733782470226288 0.7873260974884033 
vt 0.3856734037399292 0.8068596720695496 
vt 0.3868333101272583 0.7961161732673645 
vt 0.39495277404785156 0.7807334661483765 
vt 0.38393351435661316 0.7525318264961243 
vt 0.40214428305625916 0.7642520070075989 
vt 0.41664326190948486 0.7986800074577332 
vt 0.4002884030342102 0.8099117875099182 
vt 0.3937928378582001 0.8118651509284973 
vt 0.3937928378582001 0.8397005200386047 
vt 0.40574002265930176 0.8411655426025391 
vt 0.4125835597515106 0.8116210103034973 
vt 0.35609543323516846 0.8527636528015137 
vt 0.3421764075756073 0.8323754668235779 
vt 0.34496021270751953 0.8156498074531555 
vt 0.43230217695236206 0.819312334060669 
vt 0.4266185760498047 0.8125976920127869 
vt 0.42499470710754395 0.8218761086463928 
vt 0.41316351294517517 0.8491010665893555 
vt 0.4099157452583313 0.8710764050483704 
vt 0.4197750389575958 0.869977593421936 
vt 0.41525137424468994 0.8957375288009644 
vt 0.4220948815345764 0.8950050473213196 
vt 0.3991284668445587 0.8688788414001465 
vt 0.3977365791797638 0.89390629529953 
vt 0.40805986523628235 0.9017197489738464 
vt 0.4136274755001068 0.9169803261756897 
vt 0.4029562175273895 0.9156374335289001 
vt 0.40701591968536377 0.9352930784225464 
vt 0.3968086242675781 0.9340722560882568 
vt 0.39367684721946716 0.9122190475463867 
vt 0.38741329312324524 0.9301655292510986 
vt 0.41629528999328613 0.9345605969429016 
vt 0.40411612391471863 0.9562917351722717 
vt 0.3954167366027832 0.9503095746040344 
vt 0.39460480213165283 0.9633726477622986 
vt 0.4137434661388397 0.9517745971679688 
vt 0.40817585587501526 0.9655701518058777 
vt 0.8720278739929199 0.7980695366859436 
vt 0.879451334476471 0.7979474663734436 
vt 0.8735357522964478 0.7907444834709167 
vt 0.882931113243103 0.785983145236969 
vt 0.8728398084640503 0.7839077115058899 
vt 0.8823511600494385 0.7806113958358765 
vt 0.8720278739929199 0.7790243029594421 
vt 0.930719792842865 0.22292712330818176 
vt 0.9216724634170532 0.23391477763652802 
vt 0.9169167876243591 0.22378171980381012 
vt 0.9103052020072937 0.2259792536497116 
vt 0.9062455296516418 0.2184099704027176 
vt 0.9065935015678406 0.24123987555503845 
vt 0.9166848063468933 0.24502450227737427 
vt 0.9045056104660034 0.26529061794281006 
vt 0.9216724634170532 0.26736605167388916 
vt 0.9120451211929321 0.27994081377983093 
vt 0.9157568216323853 0.30362531542778015 
vt 0.9054335355758667 0.2823825180530548 
vt 0.9093772768974304 0.30582284927368164 
vt 0.9195845723152161 0.31754299998283386 
vt 0.91355299949646 0.3251122534275055 
vt 0.9261960983276367 0.24294906854629517 
vt 0.9263120889663696 0.2722494602203369 
vt 0.9229483604431152 0.3021602928638458 
vt 0.926776111125946 0.3164442181587219 
vt 0.930719792842865 0.30545657873153687 
vt 0.9000979065895081 0.46087077260017395 
vt 0.9026497602462769 0.4855319559574127 
vt 0.8884987235069275 0.4755209982395172 
vt 0.8826991319656372 0.4905374348163605 
vt 0.8743476867675781 0.4541561007499695 
vt 0.8770155310630798 0.49700793623924255 
vt 0.8831630945205688 0.5216690897941589 
vt 0.8694760203361511 0.5343659520149231 
vt 0.8797993063926697 0.5371739268302917 
vt 0.8808432817459106 0.5556087493896484 
vt 0.8887307047843933 0.5421794056892395 
vt 0.8942983150482178 0.5259420871734619 
vt 0.892674446105957 0.503844678401947 
vt 0.8709839582443237 0.5581725239753723 
vt 0.8658803105354309 0.5552424788475037 
vt 0.8648363351821899 0.5376622676849365 
vt 0.8951102495193481 0.4314483106136322 
vt 0.876783549785614 0.41838520765304565 
vt 0.8635604381561279 0.42204776406288147 
vt 0.8643723726272583 0.40422335267066956 
vt 0.8553249835968018 0.4075196385383606 
vt 0.8821191787719727 0.407763808965683 
vt 0.897546112537384 0.4036129117012024 
vt 0.8777114748954773 0.3998282849788666 
vt 0.8927904367446899 0.39811909198760986 
vt 0.9026497602462769 0.3871314525604248 
vt 0.615569531917572 0.9335839152336121 
vt 0.6308804750442505 0.9279680252075195 
vt 0.6228770613670349 0.918201208114624 
vt 0.638651967048645 0.9048939347267151 
vt 0.6347082257270813 0.9002547264099121 
vt 0.6474673748016357 0.8924412727355957 
vt 0.615569531917572 0.898545503616333 
vt 0.622761070728302 0.9022080898284912 
vt 0.6379560232162476 0.8915866613388062 
vt 0.6164974570274353 0.89390629529953 
vt 0.9332716464996338 0.653520941734314 
vt 0.925848126411438 0.6514454483985901 
vt 0.9287479519844055 0.62959223985672 
vt 0.9213244318962097 0.6083494424819946 
vt 0.9076374173164368 0.6369173526763916 
vt 0.9157568216323853 0.6565730571746826 
vt 0.9221364259719849 0.6704907417297363 
vt 0.9380273222923279 0.6820887923240662 
vt 0.926776111125946 0.6881930828094482 
vt 0.9394192099571228 0.702232837677002 
vt 0.931647777557373 0.7036978602409363 
vt 0.9187726378440857 0.693442702293396 
vt 0.924572229385376 0.7071162462234497 
vt 0.9130890369415283 0.6763508319854736 
vt 0.9069414734840393 0.6586484909057617 
vt 0.8994019627571106 0.6375277638435364 
vt 0.9118131399154663 0.6099365949630737 
vt 0.9026497602462769 0.6118899583816528 
vt 0.9081013798713684 0.576363205909729 
vt 0.9047375917434692 0.5637884140014648 
vt 0.9234123229980469 0.5687939524650574 
vt 0.9244562387466431 0.5626896619796753 
vt 0.9367514252662659 0.565741777420044 
vt 0.9394192099571228 0.5581725239753723 
vt 0.8553249835968018 0.8008775115013123 
vt 0.8553249835968018 0.8173589706420898 
vt 0.8632124662399292 0.8069817423820496 
vt 0.17387200891971588 0.8530077934265137 
vt 0.17711979150772095 0.8273699283599854 
vt 0.18361534178256989 0.8782793879508972 
vt 0.1825714111328125 0.8169927597045898 
vt 0.17352403700351715 0.9019638895988464 
vt 0.18059955537319183 0.9096552729606628 
vt 0.16992828249931335 0.9518966674804688 
vt 0.1802515685558319 0.9415194392204285 
vt 0.18106351792812347 0.9604426026344299 
vt 0.1911548227071762 0.9460365772247314 
vt 0.18581919372081757 0.9676456451416016 
vt 0.19277870655059814 0.9617855548858643 
vt 0.17271208763122559 0.9652039408683777 
vt 0.1790916472673416 0.9737498760223389 
vt 0.1897629201412201 0.9106319546699524 
vt 0.1946345865726471 0.9084343910217285 
vt 0.19417060911655426 0.8591120839118958 
vt 0.19939024746418 0.8720530867576599 
vt 0.204261913895607 0.8204110860824585 
vt 0.19556251168251038 0.8226086497306824 
vt 0.2055378258228302 0.8038075566291809 
vt 0.1887189894914627 0.801609992980957 
vt 0.16876836121082306 0.801243782043457 
vt 0.17132018506526947 0.8113768100738525 
vt 0.170624241232872 0.8229749202728271 
vt 0.44819310307502747 0.8132081031799316 
vt 0.4531807601451874 0.7930640578269958 
vt 0.44413337111473083 0.7764605283737183 
vt 0.4240667521953583 0.7557060718536377 
vt 0.41188758611679077 0.722254753112793 
vt 0.41049569845199585 0.6950297951698303 
vt 0.43091028928756714 0.7063837051391602 
vt 0.44436535239219666 0.7082149982452393 
vt 0.4556165933609009 0.7238419055938721 
vt 0.46002426743507385 0.7575373649597168 
vt 0.4570084810256958 0.8250503540039062 
vt 0.44424936175346375 0.8205332159996033 
vt 0.42128294706344604 0.6320339441299438 
vt 0.4135114848613739 0.5893042087554932 
vt 0.4111916422843933 0.6579159498214722 
vt 0.42882242798805237 0.5805140733718872 
vt 0.43079429864883423 0.5093385577201843 
vt 0.4389137327671051 0.47320136427879333 
vt 0.4522528052330017 0.44255805015563965 
vt 0.45271676778793335 0.3769983947277069 
vt 0.45051294565200806 0.3025265336036682 
vt 0.4534127414226532 0.19155128300189972 
vt 0.43833377957344055 0.19435922801494598 
vt 0.414671391248703 0.2081548422574997 
vt 0.4331141412258148 0.2463674396276474 
vt 0.4365938901901245 0.32340309023857117 
vt 0.4386817514896393 0.39799702167510986 
vt 0.43439003825187683 0.42888450622558594 
vt 0.42139893770217896 0.41240304708480835 
vt 0.3988964855670929 0.24172821640968323 
vt 0.3823096454143524 0.21096278727054596 
vt 0.3674626648426056 0.1942371428012848 
vt 0.42371878027915955 0.3433029353618622 
vt 0.41791918873786926 0.27578991651535034 
vt 0.3690865635871887 0.2400190234184265 
vt 0.3690865635871887 0.29153889417648315 
vt 0.3507598042488098 0.23489144444465637 
vt 0.36467885971069336 0.32206013798713684 
vt 0.3824256360530853 0.3973865807056427 
vt 0.385905385017395 0.3345127999782562 
vt 0.39263293147087097 0.2922714054584503 
vt 0.40829184651374817 0.32621103525161743 
vt 0.4108436703681946 0.40825214982032776 
vt 0.414671391248703 0.48479944467544556 
vt 0.41269955039024353 0.5316801071166992 
vt 0.39344486594200134 0.5979722142219543 
vt 0.3968086242675781 0.5573179125785828 
vt 0.39959245920181274 0.5022575855255127 
vt 0.39854851365089417 0.451714426279068 
vt 0.3992444574832916 0.3654003143310547 
vt 0.38973313570022583 0.3975086808204651 
vt 0.38868919014930725 0.4658762812614441 
vt 0.38741329312324524 0.649492084980011 
vt 0.38950115442276 0.6983261108398438 
vt 0.36804261803627014 0.7513110041618347 
vt 0.3601551651954651 0.7865935564041138 
vt 0.35122376680374146 0.7885469198226929 
vt 0.3420604169368744 0.8077142834663391 
vt 0.3770900070667267 0.6394811272621155 
vt 0.34890395402908325 0.770600438117981 
vt 0.35609543323516846 0.7591244578361511 
vt 0.36201104521751404 0.7299461364746094 
vt 0.3734942376613617 0.7077266573905945 
vt 0.36827459931373596 0.6873384714126587 
vt 0.3650268316268921 0.6739091277122498 
vt 0.893950343132019 0.3185196816921234 
vt 0.8872228264808655 0.31815341114997864 
vt 0.8922104835510254 0.26944151520729065 
vt 0.8781754374504089 0.29544562101364136 
vt 0.8760876059532166 0.32560059428215027 
vt 0.8868748545646667 0.3594181537628174 
vt 0.8739997148513794 0.3511163592338562 
vt 0.8702879548072815 0.33219319581985474 
vt 0.8620525598526001 0.3166883885860443 
vt 0.8665762543678284 0.2888530194759369 
vt 0.9043896198272705 0.3693070411682129 
vt 0.8937183618545532 0.35184887051582336 
vt 0.8553249835968018 0.29532352089881897 
vt 0.8570649027824402 0.27163904905319214 
vt 0.8684321045875549 0.2628489136695862 
vt 0.8588047623634338 0.2480766326189041 
vt 0.8700559735298157 0.23098473250865936 
vt 0.8629804849624634 0.2262234091758728 
vt 0.8954582214355469 0.24380365014076233 
vt 0.8874548077583313 0.23904234170913696 
vt 0.8836270570755005 0.22793260216712952 
vt 0.8956902027130127 0.22781051695346832 
vt 0.9045056104660034 0.2184099704027176 
vt 0.8896586298942566 0.8919529318809509 
vt 0.8946462869644165 0.8749831318855286 
vt 0.8946462869644165 0.898545503616333 
vt 0.8097401857376099 0.0036624614149332047 
vt 0.8025486469268799 0.01220841147005558 
vt 0.8226152658462524 0.00622624671086669 
vt 0.8313146829605103 0.020388105884194374 
vt 0.8438417911529541 0.013063006103038788 
vt 0.8455817103385925 0.03735792264342308 
vt 0.8321266174316406 0.04541553184390068 
vt 0.8383901715278625 0.10108628869056702 
vt 0.8111320734024048 0.10975432395935059 
vt 0.7964010834693909 0.09510412812232971 
vt 0.8120599985122681 0.03332911804318428 
vt 0.7774943709373474 0.09254033863544464 
vt 0.7812061309814453 0.026370272040367126 
vt 0.7545279860496521 0.016969727352261543 
vt 0.7713468074798584 0.0034182914532721043 
vt 0.8553249835968018 0.09022072702646255 
vt 0.740028977394104 -8.851110067098489e-8 
vt 0.7371291518211365 0.007691266480833292 
vt 0.7386370897293091 0.03113158605992794 
vt 0.7547599673271179 0.04785723239183426 
vt 0.7402609586715698 0.0973016545176506 
vt 0.7651992440223694 0.12501494586467743 
vt 0.7752905488014221 0.16689009964466095 
vt 0.7902535200119019 0.19680093228816986 
vt 0.7174105048179626 0.002441611373797059 
vt 0.7167145609855652 0.02490525133907795 
vt 0.7270378470420837 0.07178588956594467 
vt 0.7128868103027344 0.10963223874568939 
vt 0.7240220904350281 0.1982659548521042 
vt 0.7099870443344116 0.18654578924179077 
vt 0.7203103303909302 0.274202823638916 
vt 0.7366651892662048 0.3209613859653473 
vt 0.7350413203239441 0.22768843173980713 
vt 0.742580771446228 0.15724539756774902 
vt 0.75104820728302 0.19863221049308777 
vt 0.7475684285163879 0.26565685868263245 
vt 0.7552239298820496 0.32206013798713684 
vt 0.7560358643531799 0.39042773842811584 
vt 0.7693749666213989 0.3446458578109741 
vt 0.773202657699585 0.2784757912158966 
vt 0.7879336476325989 0.3247460126876831 
vt 0.794893205165863 0.26736605167388916 
vt 0.7744786143302917 0.2123057246208191 
vt 0.7624154090881348 0.23965276777744293 
vt 0.805912435054779 0.20571313798427582 
vt 0.8224992752075195 0.17958694696426392 
vt 0.8429138660430908 0.1576116532087326 
vt 0.8325905799865723 0.19924263656139374 
vt 0.8250511288642883 0.2583317756652832 
vt 0.8313146829605103 0.2989860773086548 
vt 0.8148438334465027 0.3064332604408264 
vt 0.8022006750106812 0.3347569704055786 
vt 0.7803941965103149 0.38615477085113525 
vt 0.7677510380744934 0.41606560349464417 
vt 0.7563838362693787 0.45659780502319336 
vt 0.7758705019950867 0.4679517149925232 
vt 0.7837579250335693 0.44841811060905457 
vt 0.7990688681602478 0.3971424102783203 
vt 0.7994168400764465 0.43816298246383667 
vt 0.8177435994148254 0.36613282561302185 
vt 0.8193674683570862 0.4100834131240845 
vt 0.8115960359573364 0.47075966000556946 
vt 0.7947772145271301 0.49493250250816345 
vt 0.8349103927612305 0.34232625365257263 
vt 0.8230792284011841 0.427663654088974 
vt 0.808580219745636 0.5225237011909485 
vt 0.7915294170379639 0.5254537463188171 
vt 0.7755225300788879 0.5447431802749634 
vt 0.764387309551239 0.5181286334991455 
vt 0.7507002353668213 0.5067747235298157 
vt 0.7399129867553711 0.43059369921684265 
vt 0.7366651892662048 0.3728474974632263 
vt 0.7246020436286926 0.3627144396305084 
vt 0.7132348418235779 0.2888530194759369 
vt 0.8081162571907043 0.5940655469894409 
vt 0.793965220451355 0.5824674367904663 
vt 0.7873536944389343 0.5663522481918335 
vt 0.726689875125885 0.42436736822128296 
vt 0.7389850616455078 0.5099489688873291 
vt 0.75104820728302 0.5510916113853455 
vt 0.7646192908287048 0.5833220481872559 
vt 0.7769144177436829 0.5915017127990723 
vt 0.8020846843719482 0.5947980284690857 
vt 0.7861937880516052 0.609448254108429 
vt 0.796169102191925 0.6344756484031677 
vt 0.7996488809585571 0.6669502854347229 
vt 0.7759864926338196 0.6194592118263245 
vt 0.769258975982666 0.6304468512535095 
vt 0.7570797801017761 0.5821011662483215 
vt 0.7628793716430664 0.6343535780906677 
vt 0.7498883008956909 0.6016348004341125 
vt 0.7618354558944702 0.653520941734314 
vt 0.7597476243972778 0.6752520203590393 
vt 0.7406089305877686 0.5731889605522156 
vt 0.7402609586715698 0.6302027106285095 
vt 0.8053324818611145 0.6475387811660767 
vt 0.8105521202087402 0.6919776797294617 
vt 0.7990688681602478 0.6900243163108826 
vt 0.7854978442192078 0.6654852628707886 
vt 0.7748265862464905 0.6769612431526184 
vt 0.7752905488014221 0.7058953642845154 
vt 0.7538320422172546 0.6841642260551453 
vt 0.7649672627449036 0.7173713445663452 
vt 0.7980249524116516 0.7344632744789124 
vt 0.7889775633811951 0.704308271408081 
vt 0.8089281916618347 0.7348295450210571 
vt 0.8189035058021545 0.728725254535675 
vt 0.8318946361541748 0.7608336210250854 
vt 0.8458136916160583 0.7681587338447571 
vt 0.8480175137519836 0.7834193706512451 
vt 0.8229632377624512 0.7673041224479675 
vt 0.8041725158691406 0.7519214153289795 
vt 0.782945990562439 0.7340970039367676 
vt 0.7841058969497681 0.7477705478668213 
vt 0.7641553282737732 0.737393319606781 
vt 0.7850338816642761 0.68453049659729 
vt 0.8156557679176331 0.7743850946426392 
vt 0.8393180966377258 0.7924536466598511 
vt 0.8235431909561157 0.7955057621002197 
vt 0.8430298566818237 0.8036854863166809 
vt 0.8318946361541748 0.8074700832366943 
vt 0.8451176881790161 0.8133301734924316 
vt 0.8359543681144714 0.8172369003295898 
vt 0.8295747637748718 0.8183356523513794 
vt 0.8262110352516174 0.8116210103034973 
vt 0.853701114654541 0.7917211651802063 
vt 0.8553249835968018 0.8020983338356018 
vt 0.5122206807136536 0.825416624546051 
vt 0.5210360884666443 0.8278582692146301 
vt 0.5240518450737 0.8473919034004211 
vt 0.5347231030464172 0.8488569259643555 
vt 0.5344911217689514 0.869855523109436 
vt 0.540870726108551 0.8782793879508972 
vt 0.5268356800079346 0.8837732076644897 
vt 0.5170923471450806 0.8668034076690674 
vt 0.5170923471450806 0.8804769515991211 
vt 0.5122206807136536 0.8908541798591614 
vt 0.5216160416603088 0.8998884558677673 
vt 0.5334472060203552 0.8968363404273987 
vt 0.5417986512184143 0.8964700698852539 
vt 0.5464383363723755 0.8904879093170166 
vt 0.5393627882003784 0.9141724109649658 
vt 0.5298514366149902 0.9152711629867554 
vt 0.5219640135765076 0.9149048924446106 
vt 0.5321713089942932 0.9351710081100464 
vt 0.5241678357124329 0.9359035491943359 
vt 0.5261397361755371 0.9520187377929688 
vt 0.535999059677124 0.9539721012115479 
vt 0.5428425669670105 0.9357814192771912 
vt 0.5462063550949097 0.9484782814979553 
vt 0.5463223457336426 0.9393218755722046 
vt 0.5647650361061096 0.9456703066825867 
vt 0.5835557579994202 0.9378568530082703 
vt 0.6048982739448547 0.9456703066825867 
vt 0.6016505360603333 0.9301655292510986 
vt 0.615569531917572 0.9330955743789673 
vt 0.5842517018318176 0.9157595038414001 
vt 0.5942270159721375 0.9194220304489136 
vt 0.5914432406425476 0.9047718644142151 
vt 0.5794960260391235 0.9024522304534912 
vt 0.5864555835723877 0.8959817290306091 
vt 0.5767122507095337 0.8962258696556091 
vt 0.5963148474693298 0.8915866613388062 
vt 0.8814232349395752 0.37040579319000244 
vt 0.8947622776031494 0.3788296580314636 
vt 0.9045056104660034 0.3826143145561218 
vt 0.8959221839904785 0.3871314525604248 
vt 0.8851349353790283 0.3832247257232666 
vt 0.6794811487197876 0.8915866613388062 
vt 0.6743775010108948 0.8953713178634644 
vt 0.6794811487197876 0.9037951827049255 
vt 0.6712456941604614 0.9035509824752808 
vt 0.6735655665397644 0.9108760952949524 
vt 0.664286196231842 0.89390629529953 
vt 0.6625463366508484 0.9042835235595703 
vt 0.9017218351364136 0.790256142616272 
vt 0.900213897228241 0.7561944127082825 
vt 0.9081013798713684 0.7937965989112854 
vt 0.912161111831665 0.7630311846733093 
vt 0.9116971492767334 0.8091793060302734 
vt 0.9014898538589478 0.8290791511535645 
vt 0.911233127117157 0.8372588157653809 
vt 0.8994019627571106 0.8466593623161316 
vt 0.9070574641227722 0.8514207005500793 
vt 0.9246882200241089 0.8328638076782227 
vt 0.9157568216323853 0.8504440188407898 
vt 0.9005618691444397 0.7246964573860168 
vt 0.9199325442314148 0.8113768100738525 
vt 0.9250361919403076 0.8116210103034973 
vt 0.9264280796051025 0.7863494157791138 
vt 0.9341995716094971 0.7952616214752197 
vt 0.9344315528869629 0.7752396464347839 
vt 0.9229483604431152 0.7620545029640198 
vt 0.9324597120285034 0.761810302734375 
vt 0.9126250743865967 0.7207897305488586 
vt 0.9243402481079102 0.7209118604660034 
vt 0.9261960983276367 0.7071162462234497 
vt 0.9142489433288574 0.7126100659370422 
vt 0.8994019627571106 0.7141971588134766 
vt 0.6625463366508484 0.9147828221321106 
vt 0.6625463366508484 0.9066030979156494 
vt 0.6552388072013855 0.9129515290260315 
vt 0.6474673748016357 0.9088006615638733 
vt 0.6490912437438965 0.8989117741584778 
vt 0.6604584455490112 0.8990338444709778 
vt 0.6587185859680176 0.8915866613388062 
vt 0.8553249835968018 0.141984760761261 
vt 0.8603126406669617 0.1175677701830864 
vt 0.8622845411300659 0.15431535243988037 
vt 0.8739997148513794 0.1678667813539505 
vt 0.8588047623634338 0.16017542779445648 
vt 0.86704021692276 0.1778777539730072 
vt 0.8730717897415161 0.19948680698871613 
vt 0.8837430477142334 0.19362671673297882 
vt 0.8795673251152039 0.20302726328372955 
vt 0.8893106579780579 0.2121836394071579 
vt 0.8938343524932861 0.19435922801494598 
vt 0.9009098410606384 0.20949776470661163 
vt 0.893950343132019 0.2184099704027176 
vt 0.8822351694107056 0.16933180391788483 
vt 0.8712159395217896 0.12086406350135803 
vt 0.8743476867675781 0.07544843852519989 
vt 0.88559889793396 0.11475981026887894 
vt 0.8860629200935364 0.15053071081638336 
vt 0.898938000202179 0.1881328970193863 
vt 0.8582248091697693 0.07386133819818497 
vt 0.8630964756011963 0.03454996645450592 
vt 0.8709839582443237 0.033695369958877563 
vt 0.8737677335739136 0.014405941590666771 
vt 0.880727231502533 0.02551567740738392 
vt 0.8850189447402954 0.03760209307074547 
vt 0.9006778597831726 0.04260757565498352 
vt 0.8858308792114258 0.08558149635791779 
vt 0.8553249835968018 0.016359301283955574 
vt 0.8687800765037537 -8.851110067098489e-8 
vt 0.9085653424263 0.03479413688182831 
vt 0.8919785022735596 0.025149421766400337 
vt 0.8796833157539368 0.01562679186463356 
vt 0.8637924194335938 0.8008775115013123 
vt 0.8690120577812195 0.8128418326377869 
vt 0.8632124662399292 0.8128418326377869 
vt 0.9045056104660034 0.33817535638809204 
vt 0.9065935015678406 0.359296053647995 
vt 0.9185406565666199 0.3513605296611786 
vt 0.919700562953949 0.3671095073223114 
vt 0.9287479519844055 0.36381322145462036 
vt 0.9329236745834351 0.3550230860710144 
vt 0.9288639426231384 0.3446458578109741 
vt 0.9174967408180237 0.3329257071018219 
vt 0.9222524166107178 0.32584476470947266 
vt 0.909957230091095 0.3251122534275055 
vt 0.9329236745834351 0.3312165141105652 
vt 0.9397671818733215 0.8687567710876465 
vt 0.9341995716094971 0.8674138188362122 
vt 0.9332716464996338 0.8777910470962524 
vt 0.916104793548584 0.8848720192909241 
vt 0.9108851552009583 0.8514207005500793 
vt 0.9014898538589478 0.8827965259552002 
vt 0.8994019627571106 0.8549611568450928 
vt 0.8994019627571106 0.8980571627616882 
vt 0.9105371832847595 0.9003767967224121 
vt 0.8994019627571106 0.9113644361495972 
vt 0.91355299949646 0.9129515290260315 
vt 0.9017218351364136 0.9185674786567688 
vt 0.9275880455970764 0.9410310983657837 
vt 0.9309517741203308 0.9223520755767822 
vt 0.9179607033729553 0.9388335347175598 
vt 0.9205124974250793 0.9208870530128479 
vt 0.9048535823822021 0.9422519207000732 
vt 0.9299078583717346 0.9058706164360046 
vt 0.9303718209266663 0.8956154584884644 
vt 0.9500904679298401 0.8804769515991211 
vt 0.9413910508155823 0.9024522304534912 
vt 0.9387232661247253 0.9105098247528076 
vt 0.931647777557373 0.9451819658279419 
vt 0.9106531739234924 0.3871314525604248 
vt 0.9026497602462769 0.39250317215919495 
vt 0.9336196184158325 0.3874976933002472 
vt 0.9332716464996338 0.4070312976837158 
vt 0.917032778263092 0.4058104455471039 
vt 0.9190046191215515 0.4131355583667755 
vt 0.9326916933059692 0.4337679147720337 
vt 0.9188886284828186 0.451714426279068 
vt 0.9273560643196106 0.45659780502319336 
vt 0.9457987546920776 0.43266916275024414 
vt 0.9358234405517578 0.4576965868473053 
vt 0.9210924506187439 0.48321235179901123 
vt 0.9312997460365295 0.48699697852134705 
vt 0.9215564727783203 0.5007925629615784 
vt 0.9279360175132751 0.5032342672348022 
vt 0.9459147453308105 0.40080496668815613 
vt 0.9068254828453064 0.4939558207988739 
vt 0.908681333065033 0.47869518399238586 
vt 0.9139009714126587 0.5026238560676575 
vt 0.9026497602462769 0.47259095311164856 
vt 0.9140169620513916 0.44902855157852173 
vt 0.9152928590774536 0.4272974133491516 
vt 0.8847869634628296 0.8100338578224182 
vt 0.896270215511322 0.8047842383384705 
vt 0.8907025456428528 0.796848714351654 
vt 0.8961542248725891 0.7872039675712585 
vt 0.8934863805770874 0.7594906687736511 
vt 0.884207010269165 0.757415235042572 
vt 0.896270215511322 0.7239639759063721 
vt 0.8844389915466309 0.7209118604660034 
vt 0.8589207530021667 0.7734084129333496 
vt 0.8553249835968018 0.7539968490600586 
vt 0.8668082356452942 0.7790243029594421 
vt 0.8648363351821899 0.7521656155586243 
vt 0.8726078271865845 0.7684028744697571 
vt 0.8765515685081482 0.7450846433639526 
vt 0.884207010269165 0.766327440738678 
vt 0.884207010269165 0.7398350238800049 
vt 0.8896586298942566 0.8398226499557495 
vt 0.8967341780662537 0.8183356523513794 
vt 0.8967341780662537 0.8471477031707764 
vt 0.8826991319656372 0.8099117875099182 
vt 0.8826991319656372 0.7980695366859436 
vt 0.8777114748954773 0.7999008297920227 
vt 0.8777114748954773 0.8176031708717346 
vt 0.8720278739929199 0.8002671003341675 
vt 0.8777114748954773 0.7980695366859436 
vt 0.8956902027130127 0.8681463599205017 
vt 0.8896586298942566 0.8471477031707764 
vt 0.8896586298942566 0.8749831318855286 
vt 0.8553249835968018 0.7874481678009033 
vt 0.8604286313056946 0.7791463732719421 
vt 0.8639084100723267 0.7901340126991272 
vt 0.8717958927154541 0.7868377566337585 
vt 0.8720278739929199 0.7964824438095093 
vt 0.8650683164596558 0.8008775115013123 
vt 0.8720278739929199 0.7790243029594421 
vt 0.9206284880638123 0.08179686218500137 
vt 0.9085653424263 0.024416912347078323 
vt 0.9206284880638123 -8.851110067098489e-8 
vt 0.9365193843841553 0.5493823885917664 
vt 0.9290959239006042 0.5359530448913574 
vt 0.9259641170501709 0.5482836365699768 
vt 0.919700562953949 0.5353426337242126 
vt 0.9359394311904907 0.5193495154380798 
vt 0.9263120889663696 0.5199599266052246 
vt 0.913437008857727 0.5264304280281067 
vt 0.9213244318962097 0.5149544477462769 
vt 0.9365193843841553 0.50823974609375 
vt 0.921904444694519 0.5032342672348022 
vt 0.9027657508850098 0.5418131351470947 
vt 0.9026497602462769 0.532534658908844 
vt 0.862168550491333 0.7413000464439392 
vt 0.8699399828910828 0.7209118604660034 
vt 0.8571808934211731 0.7229872941970825 
s on 
f 1/1/1 2/2/2 3/3/3 
f 2/2/2 4/4/4 3/3/3 
f 3/3/3 4/4/4 3/3/3 
f 4/4/4 5/5/5 3/3/3 
f 3/3/3 5/5/5 6/6/6 
f 5/5/5 7/7/7 6/6/6 
f 6/6/6 7/7/7 8/8/8 
f 7/7/7 7/7/7 8/8/8 
f 8/8/8 7/7/7 9/9/9 
f 7/7/7 5/5/5 9/9/9 
f 9/9/9 5/5/5 10/10/10 
f 5/5/5 10/10/10 10/10/10 
f 10/10/10 10/10/10 8/8/8 
f 10/10/10 8/8/8 8/8/8 
f 8/8/8 8/8/8 6/6/6 
f 8/8/8 11/11/11 6/6/6 
f 6/6/6 11/11/11 3/3/3 
f 11/11/11 12/12/12 3/3/3 
f 3/3/3 12/12/12 1/1/1 
f 12/12/12 12/12/12 1/1/1 
f 1/1/1 12/12/12 13/13/13 
f 12/12/12 12/12/12 13/13/13 
f 13/13/13 12/12/12 14/14/14 
f 12/12/12 15/15/15 14/14/14 
f 14/14/14 15/15/15 16/16/16 
f 15/15/15 17/17/17 16/16/16 
f 16/16/16 17/17/17 18/18/18 
f 17/17/17 17/17/17 18/18/18 
f 18/18/18 17/17/17 19/19/19 
f 17/17/17 17/17/17 19/19/19 
f 19/19/19 17/17/17 20/20/20 
f 17/17/17 15/15/15 20/20/20 
f 20/20/20 15/15/15 21/21/21 
f 15/15/15 15/15/15 21/21/21 
f 21/21/21 15/15/15 22/22/22 
f 15/15/15 11/11/11 22/22/22 
f 22/22/22 11/11/11 23/23/23 
f 11/11/11 8/8/8 23/23/23 
f 23/23/23 8/8/8 24/24/24 
f 8/8/8 9/9/9 24/24/24 
f 24/24/24 9/9/9 25/25/25 
f 9/9/9 9/9/9 25/25/25 
f 25/25/25 9/9/9 26/26/26 
f 9/9/9 10/10/10 26/26/26 
f 26/26/26 10/10/10 26/26/26 
f 10/10/10 27/27/27 26/26/26 
f 26/26/26 27/27/27 26/26/26 
f 27/27/27 28/28/28 26/26/26 
f 26/26/26 28/28/28 26/26/26 
f 28/28/28 29/29/29 26/26/26 
f 26/26/26 29/29/29 25/25/25 
f 29/29/29 30/30/30 25/25/25 
f 25/25/25 30/30/30 25/25/25 
f 30/30/30 23/23/23 25/25/25 
f 25/25/25 23/23/23 24/24/24 
f 23/23/23 24/24/24 24/24/24 
f 24/24/24 24/24/24 12/12/12 
f 24/24/24 12/12/12 12/12/12 
f 12/12/12 12/12/12 15/15/15 
f 12/12/12 11/11/11 15/15/15 
f 15/15/15 11/11/11 11/11/11 
f 11/11/11 14/14/14 11/11/11 
f 11/11/11 14/14/14 14/14/14 
f 14/14/14 16/16/16 14/14/14 
f 14/14/14 16/16/16 31/31/31 
f 16/16/16 16/16/16 31/31/31 
f 31/31/31 16/16/16 32/32/32 
f 16/16/16 16/16/16 32/32/32 
f 32/32/32 16/16/16 33/33/33 
f 16/16/16 18/18/18 33/33/33 
f 33/33/33 18/18/18 18/18/18 
f 18/18/18 34/34/34 18/18/18 
f 18/18/18 34/34/34 34/34/34 
f 34/34/34 35/35/35 34/34/34 
f 34/34/34 35/35/35 28/28/28 
f 35/35/35 36/36/36 28/28/28 
f 28/28/28 36/36/36 29/29/29 
f 36/36/36 37/37/37 29/29/29 
f 29/29/29 37/37/37 30/30/30 
f 37/37/37 30/30/30 30/30/30 
f 30/30/30 30/30/30 34/34/34 
f 30/30/30 34/34/34 34/34/34 
f 34/34/34 34/34/34 35/35/35 
f 34/34/34 38/38/38 35/35/35 
f 35/35/35 38/38/38 36/36/36 
f 38/38/38 39/39/39 36/36/36 
f 36/36/36 39/39/39 40/40/40 
f 39/39/39 41/41/41 40/40/40 
f 40/40/40 41/41/41 41/41/41 
f 41/41/41 36/36/36 41/41/41 
f 41/41/41 36/36/36 36/36/36 
f 36/36/36 40/40/40 36/36/36 
f 36/36/36 40/40/40 42/42/42 
f 40/40/40 43/43/43 42/42/42 
f 42/42/42 43/43/43 42/42/42 
f 43/43/43 44/44/44 42/42/42 
f 42/42/42 44/44/44 45/45/45 
f 44/44/44 37/37/37 45/45/45 
f 45/45/45 37/37/37 45/45/45 
f 37/37/37 36/36/36 45/45/45 
f 45/45/45 36/36/36 42/42/42 
f 36/36/36 42/42/42 42/42/42 
f 42/42/42 42/42/42 44/44/44 
f 42/42/42 44/44/44 44/44/44 
f 44/44/44 44/44/44 37/37/37 
f 44/44/44 46/46/46 37/37/37 
f 37/37/37 46/46/46 30/30/30 
f 46/46/46 46/46/46 30/30/30 
f 30/30/30 46/46/46 23/23/23 
f 46/46/46 47/47/47 23/23/23 
f 23/23/23 47/47/47 22/22/22 
f 47/47/47 48/48/48 22/22/22 
f 22/22/22 48/48/48 21/21/21 
f 48/48/48 48/48/48 21/21/21 
f 21/21/21 48/48/48 49/49/49 
f 48/48/48 50/50/50 49/49/49 
f 49/49/49 50/50/50 20/20/20 
f 50/50/50 51/51/51 20/20/20 
f 20/20/20 51/51/51 19/19/19 
f 51/51/51 52/52/52 19/19/19 
f 19/19/19 52/52/52 18/18/18 
f 52/52/52 53/53/53 18/18/18 
f 18/18/18 53/53/53 33/33/33 
f 53/53/53 53/53/53 33/33/33 
f 33/33/33 53/53/53 54/54/54 
f 53/53/53 53/53/53 54/54/54 
f 54/54/54 53/53/53 55/55/55 
f 53/53/53 53/53/53 55/55/55 
f 55/55/55 53/53/53 56/56/56 
f 53/53/53 52/52/52 56/56/56 
f 56/56/56 52/52/52 57/57/57 
f 52/52/52 51/51/51 57/57/57 
f 57/57/57 51/51/51 51/51/51 
f 51/51/51 57/57/57 51/51/51 
f 51/51/51 57/57/57 57/57/57 
f 57/57/57 58/58/58 57/57/57 
f 57/57/57 58/58/58 56/56/56 
f 58/58/58 58/58/58 56/56/56 
f 56/56/56 58/58/58 59/59/59 
f 58/58/58 58/58/58 59/59/59 
f 59/59/59 58/58/58 60/60/60 
f 58/58/58 61/61/61 60/60/60 
f 60/60/60 61/61/61 62/62/62 
f 61/61/61 61/61/61 62/62/62 
f 62/62/62 61/61/61 63/63/63 
f 61/61/61 64/64/64 63/63/63 
f 63/63/63 64/64/64 65/65/65 
f 64/64/64 64/64/64 65/65/65 
f 65/65/65 64/64/64 66/66/66 
f 64/64/64 67/67/67 66/66/66 
f 66/66/66 67/67/67 68/68/68 
f 67/67/67 67/67/67 68/68/68 
f 68/68/68 67/67/67 69/69/69 
f 67/67/67 70/70/70 69/69/69 
f 69/69/69 70/70/70 71/71/71 
f 70/70/70 70/70/70 71/71/71 
f 71/71/71 70/70/70 72/72/72 
f 70/70/70 70/70/70 72/72/72 
f 72/72/72 70/70/70 73/73/73 
f 70/70/70 64/64/64 73/73/73 
f 73/73/73 64/64/64 74/74/74 
f 64/64/64 61/61/61 74/74/74 
f 74/74/74 61/61/61 75/75/75 
f 61/61/61 58/58/58 75/75/75 
f 75/75/75 58/58/58 75/75/75 
f 58/58/58 57/57/57 75/75/75 
f 75/75/75 57/57/57 76/76/76 
f 57/57/57 51/51/51 76/76/76 
f 76/76/76 51/51/51 51/51/51 
f 51/51/51 64/64/64 51/51/51 
f 51/51/51 64/64/64 64/64/64 
f 64/64/64 70/70/70 64/64/64 
f 64/64/64 70/70/70 67/67/67 
f 70/70/70 67/67/67 67/67/67 
f 67/67/67 67/67/67 77/77/77 
f 67/67/67 77/77/77 77/77/77 
f 77/77/77 77/77/77 71/71/71 
f 77/77/77 69/69/69 71/71/71 
f 71/71/71 69/69/69 69/69/69 
f 69/69/69 76/76/76 69/69/69 
f 69/69/69 76/76/76 76/76/76 
f 76/76/76 78/78/78 76/76/76 
f 76/76/76 78/78/78 75/75/75 
f 78/78/78 78/78/78 75/75/75 
f 75/75/75 78/78/78 74/74/74 
f 78/78/78 79/79/79 74/74/74 
f 74/74/74 79/79/79 73/73/73 
f 79/79/79 79/79/79 73/73/73 
f 73/73/73 79/79/79 72/72/72 
f 79/79/79 46/46/46 72/72/72 
f 72/72/72 46/46/46 71/71/71 
f 46/46/46 71/71/71 71/71/71 
f 71/71/71 71/71/71 46/46/46 
f 71/71/71 46/46/46 46/46/46 
f 46/46/46 46/46/46 80/80/80 
f 46/46/46 79/79/79 80/80/80 
f 80/80/80 79/79/79 80/80/80 
f 79/79/79 78/78/78 80/80/80 
f 80/80/80 78/78/78 81/81/81 
f 78/78/78 76/76/76 81/81/81 
f 81/81/81 76/76/76 81/81/81 
f 76/76/76 51/51/51 81/81/81 
f 81/81/81 51/51/51 81/81/81 
f 51/51/51 50/50/50 81/81/81 
f 81/81/81 50/50/50 81/81/81 
f 50/50/50 48/48/48 81/81/81 
f 81/81/81 48/48/48 80/80/80 
f 48/48/48 47/47/47 80/80/80 
f 80/80/80 47/47/47 46/46/46 
f 47/47/47 46/46/46 46/46/46 
f 46/46/46 46/46/46 82/82/82 
f 46/46/46 82/82/82 82/82/82 
f 82/82/82 82/82/82 43/43/43 
f 82/82/82 77/77/77 43/43/43 
f 43/43/43 77/77/77 83/83/83 
f 77/77/77 71/71/71 83/83/83 
f 83/83/83 71/71/71 84/84/84 
f 71/71/71 46/46/46 84/84/84 
f 84/84/84 46/46/46 84/84/84 
f 46/46/46 44/44/44 84/84/84 
f 84/84/84 44/44/44 83/83/83 
f 44/44/44 43/43/43 83/83/83 
f 83/83/83 43/43/43 43/43/43 
f 43/43/43 85/85/85 43/43/43 
f 43/43/43 85/85/85 85/85/85 
f 85/85/85 86/86/86 85/85/85 
f 85/85/85 86/86/86 87/87/87 
f 86/86/86 86/86/86 87/87/87 
f 87/87/87 86/86/86 88/88/88 
f 86/86/86 89/89/89 88/88/88 
f 88/88/88 89/89/89 90/90/90 
f 89/89/89 89/89/89 90/90/90 
f 90/90/90 89/89/89 91/91/91 
f 89/89/89 89/89/89 91/91/91 
f 91/91/91 89/89/89 92/92/92 
f 89/89/89 89/89/89 92/92/92 
f 92/92/92 89/89/89 93/93/93 
f 89/89/89 86/86/86 93/93/93 
f 93/93/93 86/86/86 94/94/94 
f 86/86/86 94/94/94 94/94/94 
f 94/94/94 94/94/94 90/90/90 
f 94/94/94 90/90/90 90/90/90 
f 90/90/90 90/90/90 88/88/88 
f 90/90/90 95/95/95 88/88/88 
f 88/88/88 95/95/95 87/87/87 
f 95/95/95 96/96/96 87/87/87 
f 87/87/87 96/96/96 97/97/97 
f 96/96/96 96/96/96 97/97/97 
f 97/97/97 96/96/96 98/98/98 
f 96/96/96 96/96/96 98/98/98 
f 98/98/98 96/96/96 99/99/99 
f 96/96/96 96/96/96 99/99/99 
f 99/99/99 96/96/96 100/100/100 
f 96/96/96 96/96/96 100/100/100 
f 100/100/100 96/96/96 101/101/101 
f 96/96/96 95/95/95 101/101/101 
f 101/101/101 95/95/95 102/102/102 
f 95/95/95 90/90/90 102/102/102 
f 102/102/102 90/90/90 103/103/103 
f 90/90/90 104/104/104 103/103/103 
f 103/103/103 104/104/104 105/105/105 
f 104/104/104 106/106/106 105/105/105 
f 105/105/105 106/106/106 107/107/107 
f 106/106/106 108/108/108 107/107/107 
f 107/107/107 108/108/108 109/109/109 
f 108/108/108 110/110/110 109/109/109 
f 109/109/109 110/110/110 111/111/111 
f 110/110/110 111/111/111 111/111/111 
f 111/111/111 111/111/111 90/90/90 
f 111/111/111 90/90/90 90/90/90 
f 90/90/90 90/90/90 104/104/104 
f 90/90/90 91/91/91 104/104/104 
f 104/104/104 91/91/91 106/106/106 
f 91/91/91 112/112/112 106/106/106 
f 106/106/106 112/112/112 112/112/112 
f 112/112/112 109/109/109 112/112/112 
f 112/112/112 109/109/109 109/109/109 
f 109/109/109 113/113/113 109/109/109 
f 109/109/109 113/113/113 107/107/107 
f 113/113/113 113/113/113 107/107/107 
f 107/107/107 113/113/113 105/105/105 
f 113/113/113 113/113/113 105/105/105 
f 105/105/105 113/113/113 114/114/114 
f 113/113/113 115/115/115 114/114/114 
f 114/114/114 115/115/115 114/114/114 
f 115/115/115 116/116/116 114/114/114 
f 114/114/114 116/116/116 114/114/114 
f 116/116/116 117/117/117 114/114/114 
f 114/114/114 117/117/117 118/118/118 
f 117/117/117 119/119/119 118/118/118 
f 118/118/118 119/119/119 119/119/119 
f 119/119/119 113/113/113 119/119/119 
f 119/119/119 113/113/113 113/113/113 
f 113/113/113 109/109/109 113/113/113 
f 113/113/113 109/109/109 115/115/115 
f 109/109/109 115/115/115 115/115/115 
f 115/115/115 115/115/115 118/118/118 
f 115/115/115 118/118/118 118/118/118 
f 118/118/118 118/118/118 114/114/114 
f 118/118/118 120/120/120 114/114/114 
f 114/114/114 120/120/120 121/121/121 
f 120/120/120 122/122/122 121/121/121 
f 121/121/121 122/122/122 123/123/123 
f 122/122/122 124/124/124 123/123/123 
f 123/123/123 124/124/124 103/103/103 
f 124/124/124 124/124/124 103/103/103 
f 103/103/103 124/124/124 102/102/102 
f 124/124/124 125/125/125 102/102/102 
f 102/102/102 125/125/125 101/101/101 
f 125/125/125 126/126/126 101/101/101 
f 101/101/101 126/126/126 100/100/100 
f 126/126/126 100/100/100 100/100/100 
f 100/100/100 100/100/100 114/114/114 
f 100/100/100 114/114/114 114/114/114 
f 114/114/114 114/114/114 105/105/105 
f 114/114/114 121/121/121 105/105/105 
f 105/105/105 121/121/121 105/105/105 
f 121/121/121 123/123/123 105/105/105 
f 105/105/105 123/123/123 103/103/103 
f 123/123/123 103/103/103 103/103/103 
f 103/103/103 103/103/103 122/122/122 
f 103/103/103 122/122/122 122/122/122 
f 122/122/122 122/122/122 124/124/124 
f 122/122/122 127/127/127 124/124/124 
f 124/124/124 127/127/127 124/124/124 
f 127/127/127 128/128/128 124/124/124 
f 124/124/124 128/128/128 125/125/125 
f 128/128/128 129/129/129 125/125/125 
f 125/125/125 129/129/129 126/126/126 
f 129/129/129 126/126/126 126/126/126 
f 126/126/126 126/126/126 122/122/122 
f 126/126/126 122/122/122 122/122/122 
f 122/122/122 122/122/122 127/127/127 
f 122/122/122 120/120/120 127/127/127 
f 127/127/127 120/120/120 130/130/130 
f 120/120/120 120/120/120 130/130/130 
f 130/130/130 120/120/120 131/131/131 
f 120/120/120 118/118/118 131/131/131 
f 131/131/131 118/118/118 131/131/131 
f 118/118/118 119/119/119 131/131/131 
f 131/131/131 119/119/119 132/132/132 
f 119/119/119 133/133/133 132/132/132 
f 132/132/132 133/133/133 134/134/134 
f 133/133/133 135/135/135 134/134/134 
f 134/134/134 135/135/135 135/135/135 
f 135/135/135 134/134/134 135/135/135 
f 135/135/135 134/134/134 134/134/134 
f 134/134/134 136/136/136 134/134/134 
f 134/134/134 136/136/136 132/132/132 
f 136/136/136 136/136/136 132/132/132 
f 132/132/132 136/136/136 131/131/131 
f 136/136/136 137/137/137 131/131/131 
f 131/131/131 137/137/137 130/130/130 
f 137/137/137 138/138/138 130/130/130 
f 130/130/130 138/138/138 127/127/127 
f 138/138/138 139/139/139 127/127/127 
f 127/127/127 139/139/139 128/128/128 
f 139/139/139 139/139/139 128/128/128 
f 128/128/128 139/139/139 129/129/129 
f 139/139/139 140/140/140 129/129/129 
f 129/129/129 140/140/140 126/126/126 
f 140/140/140 140/140/140 126/126/126 
f 126/126/126 140/140/140 100/100/100 
f 140/140/140 141/141/141 100/100/100 
f 100/100/100 141/141/141 99/99/99 
f 141/141/141 141/141/141 99/99/99 
f 99/99/99 141/141/141 142/142/142 
f 141/141/141 141/141/141 142/142/142 
f 142/142/142 141/141/141 143/143/143 
f 141/141/141 141/141/141 143/143/143 
f 143/143/143 141/141/141 144/144/144 
f 141/141/141 140/140/140 144/144/144 
f 144/144/144 140/140/140 145/145/145 
f 140/140/140 139/139/139 145/145/145 
f 145/145/145 139/139/139 145/145/145 
f 139/139/139 138/138/138 145/145/145 
f 145/145/145 138/138/138 146/146/146 
f 138/138/138 137/137/137 146/146/146 
f 146/146/146 137/137/137 147/147/147 
f 137/137/137 134/134/134 147/147/147 
f 147/147/147 134/134/134 147/147/147 
f 134/134/134 135/135/135 147/147/147 
f 147/147/147 135/135/135 148/148/148 
f 135/135/135 149/149/149 148/148/148 
f 148/148/148 149/149/149 148/148/148 
f 149/149/149 150/150/150 148/148/148 
f 148/148/148 150/150/150 148/148/148 
f 150/150/150 151/151/151 148/148/148 
f 148/148/148 151/151/151 148/148/148 
f 151/151/151 152/152/152 148/148/148 
f 148/148/148 152/152/152 147/147/147 
f 152/152/152 152/152/152 147/147/147 
f 147/147/147 152/152/152 146/146/146 
f 152/152/152 152/152/152 146/146/146 
f 146/146/146 152/152/152 145/145/145 
f 152/152/152 153/153/153 145/145/145 
f 145/145/145 153/153/153 144/144/144 
f 153/153/153 144/144/144 144/144/144 
f 144/144/144 144/144/144 137/137/137 
f 144/144/144 137/137/137 137/137/137 
f 137/137/137 137/137/137 134/134/134 
f 137/137/137 136/136/136 134/134/134 
f 134/134/134 136/136/136 136/136/136 
f 136/136/136 153/153/153 136/136/136 
f 136/136/136 153/153/153 153/153/153 
f 153/153/153 152/152/152 153/153/153 
f 153/153/153 152/152/152 154/154/154 
f 152/152/152 151/151/151 154/154/154 
f 154/154/154 151/151/151 155/155/155 
f 151/151/151 150/150/150 155/155/155 
f 155/155/155 150/150/150 156/156/156 
f 150/150/150 157/157/157 156/156/156 
f 156/156/156 157/157/157 158/158/158 
f 157/157/157 159/159/159 158/158/158 
f 158/158/158 159/159/159 158/158/158 
f 159/159/159 160/160/160 158/158/158 
f 158/158/158 160/160/160 158/158/158 
f 160/160/160 161/161/161 158/158/158 
f 158/158/158 161/161/161 162/162/162 
f 161/161/161 163/163/163 162/162/162 
f 162/162/162 163/163/163 162/162/162 
f 163/163/163 164/164/164 162/162/162 
f 162/162/162 164/164/164 165/165/165 
f 164/164/164 155/155/155 165/165/165 
f 165/165/165 155/155/155 165/165/165 
f 155/155/155 156/156/156 165/165/165 
f 165/165/165 156/156/156 165/165/165 
f 156/156/156 158/158/158 165/165/165 
f 165/165/165 158/158/158 162/162/162 
f 158/158/158 162/162/162 162/162/162 
f 162/162/162 162/162/162 166/166/166 
f 162/162/162 166/166/166 166/166/166 
f 166/166/166 166/166/166 160/160/160 
f 166/166/166 167/167/167 160/160/160 
f 160/160/160 167/167/167 160/160/160 
f 167/167/167 168/168/168 160/160/160 
f 160/160/160 168/168/168 161/161/161 
f 168/168/168 169/169/169 161/161/161 
f 161/161/161 169/169/169 163/163/163 
f 169/169/169 163/163/163 163/163/163 
f 163/163/163 163/163/163 166/166/166 
f 163/163/163 166/166/166 166/166/166 
f 166/166/166 166/166/166 167/167/167 
f 166/166/166 170/170/170 167/167/167 
f 167/167/167 170/170/170 167/167/167 
f 170/170/170 171/171/171 167/167/167 
f 167/167/167 171/171/171 167/167/167 
f 171/171/171 172/172/172 167/167/167 
f 167/167/167 172/172/172 173/173/173 
f 172/172/172 172/172/172 173/173/173 
f 173/173/173 172/172/172 174/174/174 
f 172/172/172 175/175/175 174/174/174 
f 174/174/174 175/175/175 176/176/176 
f 175/175/175 175/175/175 176/176/176 
f 176/176/176 175/175/175 177/177/177 
f 175/175/175 178/178/178 177/177/177 
f 177/177/177 178/178/178 179/179/179 
f 178/178/178 180/180/180 179/179/179 
f 179/179/179 180/180/180 179/179/179 
f 180/180/180 181/181/181 179/179/179 
f 179/179/179 181/181/181 182/182/182 
f 181/181/181 183/183/183 182/182/182 
f 182/182/182 183/183/183 184/184/184 
f 183/183/183 185/185/185 184/184/184 
f 184/184/184 185/185/185 184/184/184 
f 185/185/185 186/186/186 184/184/184 
f 184/184/184 186/186/186 187/187/187 
f 186/186/186 187/187/187 187/187/187 
f 187/187/187 187/187/187 167/167/167 
f 187/187/187 167/167/167 167/167/167 
f 167/167/167 167/167/167 168/168/168 
f 167/167/167 173/173/173 168/168/168 
f 168/168/168 173/173/173 173/173/173 
f 173/173/173 175/175/175 173/173/173 
f 173/173/173 175/175/175 175/175/175 
f 175/175/175 172/172/172 175/175/175 
f 175/175/175 172/172/172 188/188/188 
f 172/172/172 188/188/188 188/188/188 
f 188/188/188 188/188/188 184/184/184 
f 188/188/188 184/184/184 184/184/184 
f 184/184/184 184/184/184 182/182/182 
f 184/184/184 189/189/189 182/182/182 
f 182/182/182 189/189/189 182/182/182 
f 189/189/189 190/190/190 182/182/182 
f 182/182/182 190/190/190 179/179/179 
f 190/190/190 191/191/191 179/179/179 
f 179/179/179 191/191/191 177/177/177 
f 191/191/191 191/191/191 177/177/177 
f 177/177/177 191/191/191 176/176/176 
f 191/191/191 192/192/192 176/176/176 
f 176/176/176 192/192/192 193/193/193 
f 192/192/192 194/194/194 193/193/193 
f 193/193/193 194/194/194 194/194/194 
f 194/194/194 190/190/190 194/194/194 
f 194/194/194 190/190/190 190/190/190 
f 190/190/190 195/195/195 190/190/190 
f 190/190/190 195/195/195 191/191/191 
f 195/195/195 191/191/191 191/191/191 
f 191/191/191 191/191/191 176/176/176 
f 191/191/191 176/176/176 176/176/176 
f 176/176/176 176/176/176 174/174/174 
f 176/176/176 193/193/193 174/174/174 
f 174/174/174 193/193/193 196/196/196 
f 193/193/193 197/197/197 196/196/196 
f 196/196/196 197/197/197 198/198/198 
f 197/197/197 169/169/169 198/198/198 
f 198/198/198 169/169/169 198/198/198 
f 169/169/169 168/168/168 198/198/198 
f 198/198/198 168/168/168 196/196/196 
f 168/168/168 173/173/173 196/196/196 
f 196/196/196 173/173/173 174/174/174 
f 173/173/173 174/174/174 174/174/174 
f 174/174/174 174/174/174 193/193/193 
f 174/174/174 193/193/193 193/193/193 
f 193/193/193 193/193/193 197/197/197 
f 193/193/193 194/194/194 197/197/197 
f 197/197/197 194/194/194 197/197/197 
f 194/194/194 199/199/199 197/197/197 
f 197/197/197 199/199/199 200/200/200 
f 199/199/199 201/201/201 200/200/200 
f 200/200/200 201/201/201 200/200/200 
f 201/201/201 202/202/202 200/200/200 
f 200/200/200 202/202/202 203/203/203 
f 202/202/202 204/204/204 203/203/203 
f 203/203/203 204/204/204 205/205/205 
f 204/204/204 206/206/206 205/205/205 
f 205/205/205 206/206/206 207/207/207 
f 206/206/206 206/206/206 207/207/207 
f 207/207/207 206/206/206 208/208/208 
f 206/206/206 209/209/209 208/208/208 
f 208/208/208 209/209/209 143/143/143 
f 209/209/209 210/210/210 143/143/143 
f 143/143/143 210/210/210 211/211/211 
f 210/210/210 211/211/211 211/211/211 
f 211/211/211 211/211/211 197/197/197 
f 211/211/211 197/197/197 197/197/197 
f 197/197/197 197/197/197 169/169/169 
f 197/197/197 200/200/200 169/169/169 
f 169/169/169 200/200/200 212/212/212 
f 200/200/200 203/203/203 212/212/212 
f 212/212/212 203/203/203 212/212/212 
f 203/203/203 205/205/205 212/212/212 
f 212/212/212 205/205/205 212/212/212 
f 205/205/205 163/163/163 212/212/212 
f 212/212/212 163/163/163 169/169/169 
f 163/163/163 169/169/169 169/169/169 
f 169/169/169 169/169/169 143/143/143 
f 169/169/169 143/143/143 143/143/143 
f 143/143/143 143/143/143 208/208/208 
f 143/143/143 144/144/144 208/208/208 
f 208/208/208 144/144/144 208/208/208 
f 144/144/144 153/153/153 208/208/208 
f 208/208/208 153/153/153 208/208/208 
f 153/153/153 154/154/154 208/208/208 
f 208/208/208 154/154/154 213/213/213 
f 154/154/154 155/155/155 213/213/213 
f 213/213/213 155/155/155 213/213/213 
f 155/155/155 164/164/164 213/213/213 
f 213/213/213 164/164/164 205/205/205 
f 164/164/164 163/163/163 205/205/205 
f 205/205/205 163/163/163 163/163/163 
f 163/163/163 208/208/208 163/163/163 
f 163/163/163 208/208/208 208/208/208 
f 208/208/208 213/213/213 208/208/208 
f 208/208/208 213/213/213 207/207/207 
f 213/213/213 205/205/205 207/207/207 
f 207/207/207 205/205/205 205/205/205 
f 205/205/205 214/214/214 205/205/205 
f 205/205/205 214/214/214 214/214/214 
f 214/214/214 215/215/215 214/214/214 
f 214/214/214 215/215/215 216/216/216 
f 215/215/215 217/217/217 216/216/216 
f 216/216/216 217/217/217 218/218/218 
f 217/217/217 219/219/219 218/218/218 
f 218/218/218 219/219/219 218/218/218 
f 219/219/219 220/220/220 218/218/218 
f 218/218/218 220/220/220 221/221/221 
f 220/220/220 220/220/220 221/221/221 
f 221/221/221 220/220/220 222/222/222 
f 220/220/220 223/223/223 222/222/222 
f 222/222/222 223/223/223 224/224/224 
f 223/223/223 223/223/223 224/224/224 
f 224/224/224 223/223/223 225/225/225 
f 223/223/223 223/223/223 225/225/225 
f 225/225/225 223/223/223 226/226/226 
f 223/223/223 223/223/223 226/226/226 
f 226/226/226 223/223/223 227/227/227 
f 223/223/223 220/220/220 227/227/227 
f 227/227/227 220/220/220 228/228/228 
f 220/220/220 219/219/219 228/228/228 
f 228/228/228 219/219/219 229/229/229 
f 219/219/219 219/219/219 229/229/229 
f 229/229/229 219/219/219 230/230/230 
f 219/219/219 217/217/217 230/230/230 
f 230/230/230 217/217/217 231/231/231 
f 217/217/217 217/217/217 231/231/231 
f 231/231/231 217/217/217 232/232/232 
f 217/217/217 215/215/215 232/232/232 
f 232/232/232 215/215/215 215/215/215 
f 215/215/215 218/218/218 215/215/215 
f 215/215/215 218/218/218 218/218/218 
f 218/218/218 221/221/221 218/218/218 
f 218/218/218 221/221/221 216/216/216 
f 221/221/221 216/216/216 216/216/216 
f 216/216/216 216/216/216 227/227/227 
f 216/216/216 227/227/227 227/227/227 
f 227/227/227 227/227/227 233/233/233 
f 227/227/227 228/228/228 233/233/233 
f 233/233/233 228/228/228 234/234/234 
f 228/228/228 229/229/229 234/234/234 
f 234/234/234 229/229/229 229/229/229 
f 229/229/229 227/227/227 229/229/229 
f 229/229/229 227/227/227 227/227/227 
f 227/227/227 233/233/233 227/227/227 
f 227/227/227 233/233/233 226/226/226 
f 233/233/233 235/235/235 226/226/226 
f 226/226/226 235/235/235 226/226/226 
f 235/235/235 236/236/236 226/226/226 
f 226/226/226 236/236/236 226/226/226 
f 236/236/236 237/237/237 226/226/226 
f 226/226/226 237/237/237 225/225/225 
f 237/237/237 238/238/238 225/225/225 
f 225/225/225 238/238/238 238/238/238 
f 238/238/238 239/239/239 238/238/238 
f 238/238/238 239/239/239 239/239/239 
f 239/239/239 235/235/235 239/239/239 
f 239/239/239 235/235/235 240/240/240 
f 235/235/235 233/233/233 240/240/240 
f 240/240/240 233/233/233 240/240/240 
f 233/233/233 241/241/241 240/240/240 
f 240/240/240 241/241/241 242/242/242 
f 241/241/241 243/243/243 242/242/242 
f 242/242/242 243/243/243 242/242/242 
f 243/243/243 244/244/244 242/242/242 
f 242/242/242 244/244/244 242/242/242 
f 244/244/244 245/245/245 242/242/242 
f 242/242/242 245/245/245 242/242/242 
f 245/245/245 246/246/246 242/242/242 
f 242/242/242 246/246/246 242/242/242 
f 246/246/246 247/247/247 242/242/242 
f 242/242/242 247/247/247 240/240/240 
f 247/247/247 240/240/240 240/240/240 
f 240/240/240 240/240/240 241/241/241 
f 240/240/240 241/241/241 241/241/241 
f 241/241/241 241/241/241 243/243/243 
f 241/241/241 233/233/233 243/243/243 
f 243/243/243 233/233/233 248/248/248 
f 233/233/233 234/234/234 248/248/248 
f 248/248/248 234/234/234 249/249/249 
f 234/234/234 234/234/234 249/249/249 
f 249/249/249 234/234/234 250/250/250 
f 234/234/234 229/229/229 250/250/250 
f 250/250/250 229/229/229 251/251/251 
f 229/229/229 230/230/230 251/251/251 
f 251/251/251 230/230/230 252/252/252 
f 230/230/230 231/231/231 252/252/252 
f 252/252/252 231/231/231 253/253/253 
f 231/231/231 253/253/253 253/253/253 
f 253/253/253 253/253/253 252/252/252 
f 253/253/253 252/252/252 252/252/252 
f 252/252/252 252/252/252 251/251/251 
f 252/252/252 254/254/254 251/251/251 
f 251/251/251 254/254/254 255/255/255 
f 254/254/254 256/256/256 255/255/255 
f 255/255/255 256/256/256 257/257/257 
f 256/256/256 258/258/258 257/257/257 
f 257/257/257 258/258/258 259/259/259 
f 258/258/258 260/260/260 259/259/259 
f 259/259/259 260/260/260 260/260/260 
f 260/260/260 248/248/248 260/260/260 
f 260/260/260 248/248/248 248/248/248 
f 248/248/248 261/261/261 248/248/248 
f 248/248/248 261/261/261 243/243/243 
f 261/261/261 244/244/244 243/243/243 
f 243/243/243 244/244/244 244/244/244 
f 244/244/244 249/249/249 244/244/244 
f 244/244/244 249/249/249 249/249/249 
f 249/249/249 261/261/261 249/249/249 
f 249/249/249 261/261/261 248/248/248 
f 261/261/261 248/248/248 248/248/248 
f 248/248/248 248/248/248 259/259/259 
f 248/248/248 259/259/259 259/259/259 
f 259/259/259 259/259/259 257/257/257 
f 259/259/259 262/262/262 257/257/257 
f 257/257/257 262/262/262 255/255/255 
f 262/262/262 255/255/255 255/255/255 
f 255/255/255 255/255/255 263/263/263 
f 255/255/255 263/263/263 263/263/263 
f 263/263/263 263/263/263 259/259/259 
f 263/263/263 264/264/264 259/259/259 
f 259/259/259 264/264/264 259/259/259 
f 264/264/264 265/265/265 259/259/259 
f 259/259/259 265/265/265 262/262/262 
f 265/265/265 262/262/262 262/262/262 
f 262/262/262 262/262/262 263/263/263 
f 262/262/262 263/263/263 263/263/263 
f 263/263/263 263/263/263 264/264/264 
f 263/263/263 266/266/266 264/264/264 
f 264/264/264 266/266/266 264/264/264 
f 266/266/266 267/267/267 264/264/264 
f 264/264/264 267/267/267 268/268/268 
f 267/267/267 267/267/267 268/268/268 
f 268/268/268 267/267/267 269/269/269 
f 267/267/267 270/270/270 269/269/269 
f 269/269/269 270/270/270 271/271/271 
f 270/270/270 272/272/272 271/271/271 
f 271/271/271 272/272/272 271/271/271 
f 272/272/272 273/273/273 271/271/271 
f 271/271/271 273/273/273 274/274/274 
f 273/273/273 275/275/275 274/274/274 
f 274/274/274 275/275/275 276/276/276 
f 275/275/275 277/277/277 276/276/276 
f 276/276/276 277/277/277 278/278/278 
f 277/277/277 279/279/279 278/278/278 
f 278/278/278 279/279/279 279/279/279 
f 279/279/279 271/271/271 279/279/279 
f 279/279/279 271/271/271 271/271/271 
f 271/271/271 274/274/274 271/271/271 
f 271/271/271 274/274/274 269/269/269 
f 274/274/274 280/280/280 269/269/269 
f 269/269/269 280/280/280 268/268/268 
f 280/280/280 281/281/281 268/268/268 
f 268/268/268 281/281/281 268/268/268 
f 281/281/281 282/282/282 268/268/268 
f 268/268/268 282/282/282 268/268/268 
f 282/282/282 283/283/283 268/268/268 
f 268/268/268 283/283/283 264/264/264 
f 283/283/283 283/283/283 264/264/264 
f 264/264/264 283/283/283 265/265/265 
f 283/283/283 283/283/283 265/265/265 
f 265/265/265 283/283/283 262/262/262 
f 283/283/283 283/283/283 262/262/262 
f 262/262/262 283/283/283 284/284/284 
f 283/283/283 283/283/283 284/284/284 
f 284/284/284 283/283/283 285/285/285 
f 283/283/283 283/283/283 285/285/285 
f 285/285/285 283/283/283 286/286/286 
f 283/283/283 282/282/282 286/286/286 
f 286/286/286 282/282/282 287/287/287 
f 282/282/282 288/288/288 287/287/287 
f 287/287/287 288/288/288 287/287/287 
f 288/288/288 289/289/289 287/287/287 
f 287/287/287 289/289/289 287/287/287 
f 289/289/289 290/290/290 287/287/287 
f 287/287/287 290/290/290 286/286/286 
f 290/290/290 290/290/290 286/286/286 
f 286/286/286 290/290/290 285/285/285 
f 290/290/290 291/291/291 285/285/285 
f 285/285/285 291/291/291 284/284/284 
f 291/291/291 284/284/284 284/284/284 
f 284/284/284 284/284/284 288/288/288 
f 284/284/284 288/288/288 288/288/288 
f 288/288/288 288/288/288 281/281/281 
f 288/288/288 282/282/282 281/281/281 
f 281/281/281 282/282/282 282/282/282 
f 282/282/282 278/278/278 282/282/282 
f 282/282/282 278/278/278 278/278/278 
f 278/278/278 292/292/292 278/278/278 
f 278/278/278 292/292/292 276/276/276 
f 292/292/292 292/292/292 276/276/276 
f 276/276/276 292/292/292 274/274/274 
f 292/292/292 293/293/293 274/274/274 
f 274/274/274 293/293/293 274/274/274 
f 293/293/293 294/294/294 274/274/274 
f 274/274/274 294/294/294 280/280/280 
f 294/294/294 280/280/280 280/280/280 
f 280/280/280 280/280/280 291/291/291 
f 280/280/280 291/291/291 291/291/291 
f 291/291/291 291/291/291 244/244/244 
f 291/291/291 290/290/290 244/244/244 
f 244/244/244 290/290/290 295/295/295 
f 290/290/290 289/289/289 295/295/295 
f 295/295/295 289/289/289 296/296/296 
f 289/289/289 297/297/297 296/296/296 
f 296/296/296 297/297/297 298/298/298 
f 297/297/297 298/298/298 298/298/298 
f 298/298/298 298/298/298 296/296/296 
f 298/298/298 296/296/296 296/296/296 
f 296/296/296 296/296/296 295/295/295 
f 296/296/296 299/299/299 295/295/295 
f 295/295/295 299/299/299 244/244/244 
f 299/299/299 244/244/244 244/244/244 
f 244/244/244 244/244/244 289/289/289 
f 244/244/244 289/289/289 289/289/289 
f 289/289/289 289/289/289 297/297/297 
f 289/289/289 288/288/288 297/297/297 
f 297/297/297 288/288/288 300/300/300 
f 288/288/288 281/281/281 300/300/300 
f 300/300/300 281/281/281 300/300/300 
f 281/281/281 301/301/301 300/300/300 
f 300/300/300 301/301/301 297/297/297 
f 301/301/301 302/302/302 297/297/297 
f 297/297/297 302/302/302 298/298/298 
f 302/302/302 302/302/302 298/298/298 
f 298/298/298 302/302/302 303/303/303 
f 302/302/302 301/301/301 303/303/303 
f 303/303/303 301/301/301 304/304/304 
f 301/301/301 305/305/305 304/304/304 
f 304/304/304 305/305/305 280/280/280 
f 305/305/305 305/305/305 280/280/280 
f 280/280/280 305/305/305 281/281/281 
f 305/305/305 301/301/301 281/281/281 
f 281/281/281 301/301/301 301/301/301 
f 301/301/301 304/304/304 301/301/301 
f 301/301/301 304/304/304 304/304/304 
f 304/304/304 280/280/280 304/304/304 
f 304/304/304 280/280/280 306/306/306 
f 280/280/280 294/294/294 306/306/306 
f 306/306/306 294/294/294 307/307/307 
f 294/294/294 293/293/293 307/307/307 
f 307/307/307 293/293/293 308/308/308 
f 293/293/293 292/292/292 308/308/308 
f 308/308/308 292/292/292 309/309/309 
f 292/292/292 310/310/310 309/309/309 
f 309/309/309 310/310/310 311/311/311 
f 310/310/310 312/312/312 311/311/311 
f 311/311/311 312/312/312 313/313/313 
f 312/312/312 314/314/314 313/313/313 
f 313/313/313 314/314/314 315/315/315 
f 314/314/314 316/316/316 315/315/315 
f 315/315/315 316/316/316 317/317/317 
f 316/316/316 317/317/317 317/317/317 
f 317/317/317 317/317/317 292/292/292 
f 317/317/317 292/292/292 292/292/292 
f 292/292/292 292/292/292 310/310/310 
f 292/292/292 278/278/278 310/310/310 
f 310/310/310 278/278/278 318/318/318 
f 278/278/278 319/319/319 318/318/318 
f 318/318/318 319/319/319 319/319/319 
f 319/319/319 318/318/318 319/319/319 
f 319/319/319 318/318/318 318/318/318 
f 318/318/318 312/312/312 318/318/318 
f 318/318/318 312/312/312 310/310/310 
f 312/312/312 310/310/310 310/310/310 
f 310/310/310 310/310/310 317/317/317 
f 310/310/310 317/317/317 317/317/317 
f 317/317/317 317/317/317 320/320/320 
f 317/317/317 321/321/321 320/320/320 
f 320/320/320 321/321/321 320/320/320 
f 321/321/321 322/322/322 320/320/320 
f 320/320/320 322/322/322 323/323/323 
f 322/322/322 322/322/322 323/323/323 
f 323/323/323 322/322/322 324/324/324 
f 322/322/322 325/325/325 324/324/324 
f 324/324/324 325/325/325 326/326/326 
f 325/325/325 327/327/327 326/326/326 
f 326/326/326 327/327/327 328/328/328 
f 327/327/327 328/328/328 328/328/328 
f 328/328/328 328/328/328 320/320/320 
f 328/328/328 320/320/320 320/320/320 
f 320/320/320 320/320/320 315/315/315 
f 320/320/320 323/323/323 315/315/315 
f 315/315/315 323/323/323 329/329/329 
f 323/323/323 330/330/330 329/329/329 
f 329/329/329 330/330/330 329/329/329 
f 330/330/330 331/331/331 329/329/329 
f 329/329/329 331/331/331 329/329/329 
f 331/331/331 332/332/332 329/329/329 
f 329/329/329 332/332/332 313/313/313 
f 332/332/332 333/333/333 313/313/313 
f 313/313/313 333/333/333 311/311/311 
f 333/333/333 333/333/333 311/311/311 
f 311/311/311 333/333/333 334/334/334 
f 333/333/333 335/335/335 334/334/334 
f 334/334/334 335/335/335 335/335/335 
f 335/335/335 326/326/326 335/335/335 
f 335/335/335 326/326/326 326/326/326 
f 326/326/326 336/336/336 326/326/326 
f 326/326/326 336/336/336 324/324/324 
f 336/336/336 337/337/337 324/324/324 
f 324/324/324 337/337/337 323/323/323 
f 337/337/337 330/330/330 323/323/323 
f 323/323/323 330/330/330 330/330/330 
f 330/330/330 336/336/336 330/330/330 
f 330/330/330 336/336/336 336/336/336 
f 336/336/336 338/338/338 336/336/336 
f 336/336/336 338/338/338 337/337/337 
f 338/338/338 337/337/337 337/337/337 
f 337/337/337 337/337/337 315/315/315 
f 337/337/337 315/315/315 315/315/315 
f 315/315/315 315/315/315 313/313/313 
f 315/315/315 329/329/329 313/313/313 
f 313/313/313 329/329/329 329/329/329 
f 329/329/329 334/334/334 329/329/329 
f 329/329/329 334/334/334 334/334/334 
f 334/334/334 339/339/339 334/334/334 
f 334/334/334 339/339/339 311/311/311 
f 339/339/339 339/339/339 311/311/311 
f 311/311/311 339/339/339 309/309/309 
f 339/339/339 339/339/339 309/309/309 
f 309/309/309 339/339/339 308/308/308 
f 339/339/339 340/340/340 308/308/308 
f 308/308/308 340/340/340 308/308/308 
f 340/340/340 341/341/341 308/308/308 
f 308/308/308 341/341/341 307/307/307 
f 341/341/341 342/342/342 307/307/307 
f 307/307/307 342/342/342 306/306/306 
f 342/342/342 343/343/343 306/306/306 
f 306/306/306 343/343/343 304/304/304 
f 343/343/343 343/343/343 304/304/304 
f 304/304/304 343/343/343 303/303/303 
f 343/343/343 343/343/343 303/303/303 
f 303/303/303 343/343/343 344/344/344 
f 343/343/343 343/343/343 344/344/344 
f 344/344/344 343/343/343 345/345/345 
f 343/343/343 343/343/343 345/345/345 
f 345/345/345 343/343/343 346/346/346 
f 343/343/343 342/342/342 346/346/346 
f 346/346/346 342/342/342 346/346/346 
f 342/342/342 341/341/341 346/346/346 
f 346/346/346 341/341/341 347/347/347 
f 341/341/341 348/348/348 347/347/347 
f 347/347/347 348/348/348 349/349/349 
f 348/348/348 348/348/348 349/349/349 
f 349/349/349 348/348/348 339/339/339 
f 348/348/348 348/348/348 339/339/339 
f 339/339/339 348/348/348 340/340/340 
f 348/348/348 341/341/341 340/340/340 
f 340/340/340 341/341/341 341/341/341 
f 341/341/341 346/346/346 341/341/341 
f 341/341/341 346/346/346 346/346/346 
f 346/346/346 347/347/347 346/346/346 
f 346/346/346 347/347/347 350/350/350 
f 347/347/347 347/347/347 350/350/350 
f 350/350/350 347/347/347 351/351/351 
f 347/347/347 349/349/349 351/351/351 
f 351/351/351 349/349/349 349/349/349 
f 349/349/349 346/346/346 349/349/349 
f 349/349/349 346/346/346 346/346/346 
f 346/346/346 350/350/350 346/346/346 
f 346/346/346 350/350/350 345/345/345 
f 350/350/350 352/352/352 345/345/345 
f 345/345/345 352/352/352 344/344/344 
f 352/352/352 353/353/353 344/344/344 
f 344/344/344 353/353/353 354/354/354 
f 353/353/353 303/303/303 354/354/354 
f 354/354/354 303/303/303 344/344/344 
f 303/303/303 344/344/344 344/344/344 
f 344/344/344 344/344/344 355/355/355 
f 344/344/344 355/355/355 355/355/355 
f 355/355/355 355/355/355 356/356/356 
f 355/355/355 298/298/298 356/356/356 
f 356/356/356 298/298/298 357/357/357 
f 298/298/298 358/358/358 357/357/357 
f 357/357/357 358/358/358 353/353/353 
f 358/358/358 358/358/358 353/353/353 
f 353/353/353 358/358/358 303/303/303 
f 358/358/358 298/298/298 303/303/303 
f 303/303/303 298/298/298 298/298/298 
f 298/298/298 359/359/359 298/298/298 
f 298/298/298 359/359/359 359/359/359 
f 359/359/359 357/357/357 359/359/359 
f 359/359/359 357/357/357 360/360/360 
f 357/357/357 353/353/353 360/360/360 
f 360/360/360 353/353/353 361/361/361 
f 353/353/353 362/362/362 361/361/361 
f 361/361/361 362/362/362 363/363/363 
f 362/362/362 364/364/364 363/363/363 
f 363/363/363 364/364/364 363/363/363 
f 364/364/364 360/360/360 363/363/363 
f 363/363/363 360/360/360 361/361/361 
f 360/360/360 361/361/361 361/361/361 
f 361/361/361 361/361/361 364/364/364 
f 361/361/361 364/364/364 364/364/364 
f 364/364/364 364/364/364 365/365/365 
f 364/364/364 362/362/362 365/365/365 
f 365/365/365 362/362/362 366/366/366 
f 362/362/362 362/362/362 366/366/366 
f 366/366/366 362/362/362 367/367/367 
f 362/362/362 353/353/353 367/367/367 
f 367/367/367 353/353/353 367/367/367 
f 353/353/353 352/352/352 367/367/367 
f 367/367/367 352/352/352 350/350/350 
f 352/352/352 350/350/350 350/350/350 
f 350/350/350 350/350/350 365/365/365 
f 350/350/350 365/365/365 365/365/365 
f 365/365/365 365/365/365 368/368/368 
f 365/365/365 366/366/366 368/368/368 
f 368/368/368 366/366/366 368/368/368 
f 366/366/366 369/369/369 368/368/368 
f 368/368/368 369/369/369 370/370/370 
f 369/369/369 371/371/371 370/370/370 
f 370/370/370 371/371/371 372/372/372 
f 371/371/371 371/371/371 372/372/372 
f 372/372/372 371/371/371 373/373/373 
f 371/371/371 371/371/371 373/373/373 
f 373/373/373 371/371/371 374/374/374 
f 371/371/371 375/375/375 374/374/374 
f 374/374/374 375/375/375 376/376/376 
f 375/375/375 375/375/375 376/376/376 
f 376/376/376 375/375/375 377/377/377 
f 375/375/375 375/375/375 377/377/377 
f 377/377/377 375/375/375 378/378/378 
f 375/375/375 379/379/379 378/378/378 
f 378/378/378 379/379/379 380/380/380 
f 379/379/379 379/379/379 380/380/380 
f 380/380/380 379/379/379 381/381/381 
f 379/379/379 379/379/379 381/381/381 
f 381/381/381 379/379/379 382/382/382 
f 379/379/379 369/369/369 382/382/382 
f 382/382/382 369/369/369 382/382/382 
f 369/369/369 366/366/366 382/382/382 
f 382/382/382 366/366/366 382/382/382 
f 366/366/366 367/367/367 382/382/382 
f 382/382/382 367/367/367 383/383/383 
f 367/367/367 350/350/350 383/383/383 
f 383/383/383 350/350/350 383/383/383 
f 350/350/350 351/351/351 383/383/383 
f 383/383/383 351/351/351 383/383/383 
f 351/351/351 384/384/384 383/383/383 
f 383/383/383 384/384/384 383/383/383 
f 384/384/384 385/385/385 383/383/383 
f 383/383/383 385/385/385 383/383/383 
f 385/385/385 386/386/386 383/383/383 
f 383/383/383 386/386/386 382/382/382 
f 386/386/386 381/381/381 382/382/382 
f 382/382/382 381/381/381 381/381/381 
f 381/381/381 371/371/371 381/381/381 
f 381/381/381 371/371/371 371/371/371 
f 371/371/371 369/369/369 371/371/371 
f 371/371/371 369/369/369 375/375/375 
f 369/369/369 379/379/379 375/375/375 
f 375/375/375 379/379/379 379/379/379 
f 379/379/379 374/374/374 379/379/379 
f 379/379/379 374/374/374 374/374/374 
f 374/374/374 376/376/376 374/374/374 
f 374/374/374 376/376/376 387/387/387 
f 376/376/376 388/388/388 387/387/387 
f 387/387/387 388/388/388 388/388/388 
f 388/388/388 351/351/351 388/388/388 
f 388/388/388 351/351/351 351/351/351 
f 351/351/351 349/349/349 351/351/351 
f 351/351/351 349/349/349 389/389/389 
f 349/349/349 390/390/390 389/389/389 
f 389/389/389 390/390/390 391/391/391 
f 390/390/390 392/392/392 391/391/391 
f 391/391/391 392/392/392 391/391/391 
f 392/392/392 393/393/393 391/391/391 
f 391/391/391 393/393/393 389/389/389 
f 393/393/393 389/389/389 389/389/389 
f 389/389/389 389/389/389 394/394/394 
f 389/389/389 394/394/394 394/394/394 
f 394/394/394 394/394/394 395/395/395 
f 394/394/394 392/392/392 395/395/395 
f 395/395/395 392/392/392 396/396/396 
f 392/392/392 397/397/397 396/396/396 
f 396/396/396 397/397/397 398/398/398 
f 397/397/397 398/398/398 398/398/398 
f 398/398/398 398/398/398 392/392/392 
f 398/398/398 392/392/392 392/392/392 
f 392/392/392 392/392/392 397/397/397 
f 392/392/392 390/390/390 397/397/397 
f 397/397/397 390/390/390 390/390/390 
f 390/390/390 395/395/395 390/390/390 
f 390/390/390 395/395/395 395/395/395 
f 395/395/395 396/396/396 395/395/395 
f 395/395/395 396/396/396 399/399/399 
f 396/396/396 400/400/400 399/399/399 
f 399/399/399 400/400/400 401/401/401 
f 400/400/400 402/402/402 401/401/401 
f 401/401/401 402/402/402 403/403/403 
f 402/402/402 402/402/402 403/403/403 
f 403/403/403 402/402/402 404/404/404 
f 402/402/402 402/402/402 404/404/404 
f 404/404/404 402/402/402 405/405/405 
f 402/402/402 400/400/400 405/405/405 
f 405/405/405 400/400/400 406/406/406 
f 400/400/400 400/400/400 406/406/406 
f 406/406/406 400/400/400 407/407/407 
f 400/400/400 396/396/396 407/407/407 
f 407/407/407 396/396/396 408/408/408 
f 396/396/396 398/398/398 408/408/408 
f 408/408/408 398/398/398 409/409/409 
f 398/398/398 409/409/409 409/409/409 
f 409/409/409 409/409/409 403/403/403 
f 409/409/409 403/403/403 403/403/403 
f 403/403/403 403/403/403 401/401/401 
f 403/403/403 399/399/399 401/401/401 
f 401/401/401 399/399/399 399/399/399 
f 399/399/399 406/406/406 399/399/399 
f 399/399/399 406/406/406 406/406/406 
f 406/406/406 410/410/410 406/406/406 
f 406/406/406 410/410/410 405/405/405 
f 410/410/410 411/411/411 405/405/405 
f 405/405/405 411/411/411 404/404/404 
f 411/411/411 412/412/412 404/404/404 
f 404/404/404 412/412/412 413/413/413 
f 412/412/412 414/414/414 413/413/413 
f 413/413/413 414/414/414 413/413/413 
f 414/414/414 415/415/415 413/413/413 
f 413/413/413 415/415/415 416/416/416 
f 415/415/415 416/416/416 416/416/416 
f 416/416/416 416/416/416 410/410/410 
f 416/416/416 410/410/410 410/410/410 
f 410/410/410 410/410/410 411/411/411 
f 410/410/410 417/417/417 411/411/411 
f 411/411/411 417/417/417 411/411/411 
f 417/417/417 414/414/414 411/411/411 
f 411/411/411 414/414/414 412/412/412 
f 414/414/414 412/412/412 412/412/412 
f 412/412/412 412/412/412 404/404/404 
f 412/412/412 404/404/404 404/404/404 
f 404/404/404 404/404/404 418/418/418 
f 404/404/404 413/413/413 418/418/418 
f 418/418/418 413/413/413 413/413/413 
f 413/413/413 419/419/419 413/413/413 
f 413/413/413 419/419/419 419/419/419 
f 419/419/419 420/420/420 419/419/419 
f 419/419/419 420/420/420 421/421/421 
f 420/420/420 422/422/422 421/421/421 
f 421/421/421 422/422/422 423/423/423 
f 422/422/422 424/424/424 423/423/423 
f 423/423/423 424/424/424 423/423/423 
f 424/424/424 425/425/425 423/423/423 
f 423/423/423 425/425/425 423/423/423 
f 425/425/425 426/426/426 423/423/423 
f 423/423/423 426/426/426 423/423/423 
f 426/426/426 427/427/427 423/423/423 
f 423/423/423 427/427/427 428/428/428 
f 427/427/427 427/427/427 428/428/428 
f 428/428/428 427/427/427 429/429/429 
f 427/427/427 430/430/430 429/429/429 
f 429/429/429 430/430/430 429/429/429 
f 430/430/430 431/431/431 429/429/429 
f 429/429/429 431/431/431 432/432/432 
f 431/431/431 433/433/433 432/432/432 
f 432/432/432 433/433/433 433/433/433 
f 433/433/433 420/420/420 433/433/433 
f 433/433/433 420/420/420 420/420/420 
f 420/420/420 419/419/419 420/420/420 
f 420/420/420 419/419/419 434/434/434 
f 419/419/419 419/419/419 434/434/434 
f 434/434/434 419/419/419 435/435/435 
f 419/419/419 419/419/419 435/435/435 
f 435/435/435 419/419/419 436/436/436 
f 419/419/419 421/421/421 436/436/436 
f 436/436/436 421/421/421 436/436/436 
f 421/421/421 423/423/423 436/436/436 
f 436/436/436 423/423/423 436/436/436 
f 423/423/423 428/428/428 436/436/436 
f 436/436/436 428/428/428 437/437/437 
f 428/428/428 429/429/429 437/437/437 
f 437/437/437 429/429/429 437/437/437 
f 429/429/429 432/432/432 437/437/437 
f 437/437/437 432/432/432 438/438/438 
f 432/432/432 432/432/432 438/438/438 
f 438/438/438 432/432/432 439/439/439 
f 432/432/432 432/432/432 439/439/439 
f 439/439/439 432/432/432 440/440/440 
f 432/432/432 433/433/433 440/440/440 
f 440/440/440 433/433/433 441/441/441 
f 433/433/433 442/442/442 441/441/441 
f 441/441/441 442/442/442 443/443/443 
f 442/442/442 444/444/444 443/443/443 
f 443/443/443 444/444/444 444/444/444 
f 444/444/444 443/443/443 444/444/444 
f 444/444/444 443/443/443 443/443/443 
f 443/443/443 445/445/445 443/443/443 
f 443/443/443 445/445/445 441/441/441 
f 445/445/445 446/446/446 441/441/441 
f 441/441/441 446/446/446 440/440/440 
f 446/446/446 439/439/439 440/440/440 
f 440/440/440 439/439/439 439/439/439 
f 439/439/439 445/445/445 439/439/439 
f 439/439/439 445/445/445 445/445/445 
f 445/445/445 447/447/447 445/445/445 
f 445/445/445 447/447/447 446/446/446 
f 447/447/447 447/447/447 446/446/446 
f 446/446/446 447/447/447 448/448/448 
f 447/447/447 449/449/449 448/448/448 
f 448/448/448 449/449/449 448/448/448 
f 449/449/449 450/450/450 448/448/448 
f 448/448/448 450/450/450 451/451/451 
f 450/450/450 450/450/450 451/451/451 
f 451/451/451 450/450/450 452/452/452 
f 450/450/450 453/453/453 452/452/452 
f 452/452/452 453/453/453 454/454/454 
f 453/453/453 455/455/455 454/454/454 
f 454/454/454 455/455/455 456/456/456 
f 455/455/455 457/457/457 456/456/456 
f 456/456/456 457/457/457 458/458/458 
f 457/457/457 459/459/459 458/458/458 
f 458/458/458 459/459/459 460/460/460 
f 459/459/459 461/461/461 460/460/460 
f 460/460/460 461/461/461 462/462/462 
f 461/461/461 462/462/462 462/462/462 
f 462/462/462 462/462/462 458/458/458 
f 462/462/462 458/458/458 458/458/458 
f 458/458/458 458/458/458 456/456/456 
f 458/458/458 460/460/460 456/456/456 
f 456/456/456 460/460/460 460/460/460 
f 460/460/460 459/459/459 460/460/460 
f 460/460/460 459/459/459 459/459/459 
f 459/459/459 463/463/463 459/459/459 
f 459/459/459 463/463/463 461/461/461 
f 463/463/463 464/464/464 461/461/461 
f 461/461/461 464/464/464 462/462/462 
f 464/464/464 462/462/462 462/462/462 
f 462/462/462 462/462/462 437/437/437 
f 462/462/462 437/437/437 437/437/437 
f 437/437/437 437/437/437 436/436/436 
f 437/437/437 465/465/465 436/436/436 
f 436/436/436 465/465/465 435/435/435 
f 465/465/465 435/435/435 435/435/435 
f 435/435/435 435/435/435 465/465/465 
f 435/435/435 465/465/465 465/465/465 
f 465/465/465 465/465/465 466/466/466 
f 465/465/465 437/437/437 466/466/466 
f 466/466/466 437/437/437 438/438/438 
f 437/437/437 438/438/438 438/438/438 
f 438/438/438 438/438/438 467/467/467 
f 438/438/438 467/467/467 467/467/467 
f 467/467/467 467/467/467 468/468/468 
f 467/467/467 469/469/469 468/468/468 
f 468/468/468 469/469/469 470/470/470 
f 469/469/469 471/471/471 470/470/470 
f 470/470/470 471/471/471 470/470/470 
f 471/471/471 472/472/472 470/470/470 
f 470/470/470 472/472/472 473/473/473 
f 472/472/472 472/472/472 473/473/473 
f 473/473/473 472/472/472 463/463/463 
f 472/472/472 464/464/464 463/463/463 
f 463/463/463 464/464/464 464/464/464 
f 464/464/464 473/473/473 464/464/464 
f 464/464/464 473/473/473 473/473/473 
f 473/473/473 474/474/474 473/473/473 
f 473/473/473 474/474/474 470/470/470 
f 474/474/474 468/468/468 470/470/470 
f 470/470/470 468/468/468 468/468/468 
f 468/468/468 469/469/469 468/468/468 
f 468/468/468 469/469/469 469/469/469 
f 469/469/469 475/475/475 469/469/469 
f 469/469/469 475/475/475 471/471/471 
f 475/475/475 476/476/476 471/471/471 
f 471/471/471 476/476/476 477/477/477 
f 476/476/476 476/476/476 477/477/477 
f 477/477/477 476/476/476 478/478/478 
f 476/476/476 476/476/476 478/478/478 
f 478/478/478 476/476/476 479/479/479 
f 476/476/476 480/480/480 479/479/479 
f 479/479/479 480/480/480 481/481/481 
f 480/480/480 481/481/481 481/481/481 
f 481/481/481 481/481/481 480/480/480 
f 481/481/481 480/480/480 480/480/480 
f 480/480/480 480/480/480 475/475/475 
f 480/480/480 476/476/476 475/475/475 
f 475/475/475 476/476/476 476/476/476 
f 476/476/476 471/471/471 476/476/476 
f 476/476/476 471/471/471 471/471/471 
f 471/471/471 477/477/477 471/471/471 
f 471/471/471 477/477/477 472/472/472 
f 477/477/477 477/477/477 472/472/472 
f 472/472/472 477/477/477 464/464/464 
f 477/477/477 482/482/482 464/464/464 
f 464/464/464 482/482/482 462/462/462 
f 482/482/482 483/483/483 462/462/462 
f 462/462/462 483/483/483 460/460/460 
f 483/483/483 483/483/483 460/460/460 
f 460/460/460 483/483/483 484/484/484 
f 483/483/483 483/483/483 484/484/484 
f 484/484/484 483/483/483 485/485/485 
f 483/483/483 482/482/482 485/485/485 
f 485/485/485 482/482/482 486/486/486 
f 482/482/482 477/477/477 486/486/486 
f 486/486/486 477/477/477 487/487/487 
f 477/477/477 478/478/478 487/487/487 
f 487/487/487 478/478/478 488/488/488 
f 478/478/478 478/478/478 488/488/488 
f 488/488/488 478/478/478 489/489/489 
f 478/478/478 479/479/479 489/489/489 
f 489/489/489 479/479/479 489/489/489 
f 479/479/479 481/481/481 489/489/489 
f 489/489/489 481/481/481 490/490/490 
f 481/481/481 491/491/491 490/490/490 
f 490/490/490 491/491/491 491/491/491 
f 491/491/491 487/487/487 491/491/491 
f 491/491/491 487/487/487 487/487/487 
f 487/487/487 488/488/488 487/487/487 
f 487/487/487 488/488/488 486/486/486 
f 488/488/488 486/486/486 486/486/486 
f 486/486/486 486/486/486 492/492/492 
f 486/486/486 492/492/492 492/492/492 
f 492/492/492 492/492/492 493/493/493 
f 492/492/492 489/489/489 493/493/493 
f 493/493/493 489/489/489 490/490/490 
f 489/489/489 490/490/490 490/490/490 
f 490/490/490 490/490/490 492/492/492 
f 490/490/490 492/492/492 492/492/492 
f 492/492/492 492/492/492 489/489/489 
f 492/492/492 494/494/494 489/489/489 
f 489/489/489 494/494/494 488/488/488 
f 494/494/494 488/488/488 488/488/488 
f 488/488/488 488/488/488 492/492/492 
f 488/488/488 492/492/492 492/492/492 
f 492/492/492 492/492/492 494/494/494 
f 492/492/492 495/495/495 494/494/494 
f 494/494/494 495/495/495 496/496/496 
f 495/495/495 497/497/497 496/496/496 
f 496/496/496 497/497/497 498/498/498 
f 497/497/497 499/499/499 498/498/498 
f 498/498/498 499/499/499 500/500/500 
f 499/499/499 499/499/499 500/500/500 
f 500/500/500 499/499/499 501/501/501 
f 499/499/499 502/502/502 501/501/501 
f 501/501/501 502/502/502 503/503/503 
f 502/502/502 504/504/504 503/503/503 
f 503/503/503 504/504/504 503/503/503 
f 504/504/504 505/505/505 503/503/503 
f 503/503/503 505/505/505 506/506/506 
f 505/505/505 507/507/507 506/506/506 
f 506/506/506 507/507/507 506/506/506 
f 507/507/507 508/508/508 506/506/506 
f 506/506/506 508/508/508 503/503/503 
f 508/508/508 501/501/501 503/503/503 
f 503/503/503 501/501/501 501/501/501 
f 501/501/501 494/494/494 501/501/501 
f 501/501/501 494/494/494 494/494/494 
f 494/494/494 496/496/496 494/494/494 
f 494/494/494 496/496/496 498/498/498 
f 496/496/496 498/498/498 498/498/498 
f 498/498/498 498/498/498 499/499/499 
f 498/498/498 499/499/499 499/499/499 
f 499/499/499 499/499/499 502/502/502 
f 499/499/499 497/497/497 502/502/502 
f 502/502/502 497/497/497 497/497/497 
f 497/497/497 505/505/505 497/497/497 
f 497/497/497 505/505/505 505/505/505 
f 505/505/505 509/509/509 505/505/505 
f 505/505/505 509/509/509 507/507/507 
f 509/509/509 510/510/510 507/507/507 
f 507/507/507 510/510/510 507/507/507 
f 510/510/510 511/511/511 507/507/507 
f 507/507/507 511/511/511 508/508/508 
f 511/511/511 508/508/508 508/508/508 
f 508/508/508 508/508/508 509/509/509 
f 508/508/508 509/509/509 509/509/509 
f 509/509/509 509/509/509 510/510/510 
f 509/509/509 512/512/512 510/510/510 
f 510/510/510 512/512/512 510/510/510 
f 512/512/512 513/513/513 510/510/510 
f 510/510/510 513/513/513 510/510/510 
f 513/513/513 514/514/514 510/510/510 
f 510/510/510 514/514/514 515/515/515 
f 514/514/514 514/514/514 515/515/515 
f 515/515/515 514/514/514 516/516/516 
f 514/514/514 517/517/517 516/516/516 
f 516/516/516 517/517/517 517/517/517 
f 517/517/517 510/510/510 517/517/517 
f 517/517/517 510/510/510 510/510/510 
f 510/510/510 518/518/518 510/510/510 
f 510/510/510 518/518/518 511/511/511 
f 518/518/518 519/519/519 511/511/511 
f 511/511/511 519/519/519 519/519/519 
f 519/519/519 520/520/520 519/519/519 
f 519/519/519 520/520/520 520/520/520 
f 520/520/520 521/521/521 520/520/520 
f 520/520/520 521/521/521 522/522/522 
f 521/521/521 523/523/523 522/522/522 
f 522/522/522 523/523/523 524/524/524 
f 523/523/523 525/525/525 524/524/524 
f 524/524/524 525/525/525 525/525/525 
f 525/525/525 526/526/526 525/525/525 
f 525/525/525 526/526/526 526/526/526 
f 526/526/526 527/527/527 526/526/526 
f 526/526/526 527/527/527 528/528/528 
f 527/527/527 529/529/529 528/528/528 
f 528/528/528 529/529/529 528/528/528 
f 529/529/529 530/530/530 528/528/528 
f 528/528/528 530/530/530 521/521/521 
f 530/530/530 531/531/531 521/521/521 
f 521/521/521 531/531/531 523/523/523 
f 531/531/531 523/523/523 523/523/523 
f 523/523/523 523/523/523 532/532/532 
f 523/523/523 532/532/532 532/532/532 
f 532/532/532 532/532/532 533/533/533 
f 532/532/532 534/534/534 533/533/533 
f 533/533/533 534/534/534 527/527/527 
f 534/534/534 534/534/534 527/527/527 
f 527/527/527 534/534/534 529/529/529 
f 534/534/534 535/535/535 529/529/529 
f 529/529/529 535/535/535 530/530/530 
f 535/535/535 536/536/536 530/530/530 
f 530/530/530 536/536/536 531/531/531 
f 536/536/536 537/537/537 531/531/531 
f 531/531/531 537/537/537 538/538/538 
f 537/537/537 539/539/539 538/538/538 
f 538/538/538 539/539/539 538/538/538 
f 539/539/539 540/540/540 538/538/538 
f 538/538/538 540/540/540 525/525/525 
f 540/540/540 541/541/541 525/525/525 
f 525/525/525 541/541/541 542/542/542 
f 541/541/541 542/542/542 542/542/542 
f 542/542/542 542/542/542 531/531/531 
f 542/542/542 531/531/531 531/531/531 
f 531/531/531 531/531/531 523/523/523 
f 531/531/531 538/538/538 523/523/523 
f 523/523/523 538/538/538 525/525/525 
f 538/538/538 525/525/525 525/525/525 
f 525/525/525 525/525/525 540/540/540 
f 525/525/525 540/540/540 540/540/540 
f 540/540/540 540/540/540 541/541/541 
f 540/540/540 543/543/543 541/541/541 
f 541/541/541 543/543/543 543/543/543 
f 543/543/543 544/544/544 543/543/543 
f 543/543/543 544/544/544 544/544/544 
f 544/544/544 545/545/545 544/544/544 
f 544/544/544 545/545/545 546/546/546 
f 545/545/545 545/545/545 546/546/546 
f 546/546/546 545/545/545 547/547/547 
f 545/545/545 545/545/545 547/547/547 
f 547/547/547 545/545/545 548/548/548 
f 545/545/545 545/545/545 548/548/548 
f 548/548/548 545/545/545 549/549/549 
f 545/545/545 550/550/550 549/549/549 
f 549/549/549 550/550/550 551/551/551 
f 550/550/550 552/552/552 551/551/551 
f 551/551/551 552/552/552 553/553/553 
f 552/552/552 554/554/554 553/553/553 
f 553/553/553 554/554/554 555/555/555 
f 554/554/554 554/554/554 555/555/555 
f 555/555/555 554/554/554 556/556/556 
f 554/554/554 557/557/557 556/556/556 
f 556/556/556 557/557/557 556/556/556 
f 557/557/557 558/558/558 556/556/556 
f 556/556/556 558/558/558 556/556/556 
f 558/558/558 559/559/559 556/556/556 
f 556/556/556 559/559/559 556/556/556 
f 559/559/559 560/560/560 556/556/556 
f 556/556/556 560/560/560 279/279/279 
f 560/560/560 278/278/278 279/279/279 
f 279/279/279 278/278/278 278/278/278 
f 278/278/278 544/544/544 278/278/278 
f 278/278/278 544/544/544 544/544/544 
f 544/544/544 561/561/561 544/544/544 
f 544/544/544 561/561/561 545/545/545 
f 561/561/561 550/550/550 545/545/545 
f 545/545/545 550/550/550 550/550/550 
f 550/550/550 551/551/551 550/550/550 
f 550/550/550 551/551/551 551/551/551 
f 551/551/551 553/553/553 551/551/551 
f 551/551/551 553/553/553 549/549/549 
f 553/553/553 562/562/562 549/549/549 
f 549/549/549 562/562/562 562/562/562 
f 562/562/562 554/554/554 562/562/562 
f 562/562/562 554/554/554 554/554/554 
f 554/554/554 552/552/552 554/554/554 
f 554/554/554 552/552/552 557/557/557 
f 552/552/552 557/557/557 557/557/557 
f 557/557/557 557/557/557 556/556/556 
f 557/557/557 556/556/556 556/556/556 
f 556/556/556 556/556/556 555/555/555 
f 556/556/556 279/279/279 555/555/555 
f 555/555/555 279/279/279 279/279/279 
f 279/279/279 255/255/255 279/279/279 
f 279/279/279 255/255/255 255/255/255 
f 255/255/255 563/563/563 255/255/255 
f 255/255/255 563/563/563 251/251/251 
f 563/563/563 564/564/564 251/251/251 
f 251/251/251 564/564/564 250/250/250 
f 564/564/564 565/565/565 250/250/250 
f 250/250/250 565/565/565 249/249/249 
f 565/565/565 566/566/566 249/249/249 
f 249/249/249 566/566/566 261/261/261 
f 566/566/566 291/291/291 261/261/261 
f 261/261/261 291/291/291 244/244/244 
f 291/291/291 244/244/244 244/244/244 
f 244/244/244 244/244/244 291/291/291 
f 244/244/244 291/291/291 291/291/291 
f 291/291/291 291/291/291 567/567/567 
f 291/291/291 566/566/566 567/567/567 
f 567/567/567 566/566/566 567/567/567 
f 566/566/566 565/565/565 567/567/567 
f 567/567/567 565/565/565 568/568/568 
f 565/565/565 564/564/564 568/568/568 
f 568/568/568 564/564/564 568/568/568 
f 564/564/564 563/563/563 568/568/568 
f 568/568/568 563/563/563 569/569/569 
f 563/563/563 255/255/255 569/569/569 
f 569/569/569 255/255/255 569/569/569 
f 255/255/255 262/262/262 569/569/569 
f 569/569/569 262/262/262 570/570/570 
f 262/262/262 284/284/284 570/570/570 
f 570/570/570 284/284/284 567/567/567 
f 284/284/284 291/291/291 567/567/567 
f 567/567/567 291/291/291 291/291/291 
f 291/291/291 568/568/568 291/291/291 
f 291/291/291 568/568/568 568/568/568 
f 568/568/568 569/569/569 568/568/568 
f 568/568/568 569/569/569 567/567/567 
f 569/569/569 570/570/570 567/567/567 
f 567/567/567 570/570/570 570/570/570 
f 570/570/570 244/244/244 570/570/570 
f 570/570/570 244/244/244 244/244/244 
f 244/244/244 299/299/299 244/244/244 
f 244/244/244 299/299/299 245/245/245 
f 299/299/299 571/571/571 245/245/245 
f 245/245/245 571/571/571 572/572/572 
f 571/571/571 572/572/572 572/572/572 
f 572/572/572 572/572/572 299/299/299 
f 572/572/572 299/299/299 299/299/299 
f 299/299/299 299/299/299 571/571/571 
f 299/299/299 573/573/573 571/571/571 
f 571/571/571 573/573/573 573/573/573 
f 573/573/573 574/574/574 573/573/573 
f 573/573/573 574/574/574 574/574/574 
f 574/574/574 575/575/575 574/574/574 
f 574/574/574 575/575/575 576/576/576 
f 575/575/575 577/577/577 576/576/576 
f 576/576/576 577/577/577 578/578/578 
f 577/577/577 577/577/577 578/578/578 
f 578/578/578 577/577/577 579/579/579 
f 577/577/577 577/577/577 579/579/579 
f 579/579/579 577/577/577 580/580/580 
f 577/577/577 575/575/575 580/580/580 
f 580/580/580 575/575/575 581/581/581 
f 575/575/575 582/582/582 581/581/581 
f 581/581/581 582/582/582 583/583/583 
f 582/582/582 584/584/584 583/583/583 
f 583/583/583 584/584/584 585/585/585 
f 584/584/584 586/586/586 585/585/585 
f 585/585/585 586/586/586 587/587/587 
f 586/586/586 588/588/588 587/587/587 
f 587/587/587 588/588/588 589/589/589 
f 588/588/588 588/588/588 589/589/589 
f 589/589/589 588/588/588 590/590/590 
f 588/588/588 588/588/588 590/590/590 
f 590/590/590 588/588/588 591/591/591 
f 588/588/588 592/592/592 591/591/591 
f 591/591/591 592/592/592 591/591/591 
f 592/592/592 593/593/593 591/591/591 
f 591/591/591 593/593/593 591/591/591 
f 593/593/593 594/594/594 591/591/591 
f 591/591/591 594/594/594 590/590/590 
f 594/594/594 595/595/595 590/590/590 
f 590/590/590 595/595/595 596/596/596 
f 595/595/595 595/595/595 596/596/596 
f 596/596/596 595/595/595 597/597/597 
f 595/595/595 595/595/595 597/597/597 
f 597/597/597 595/595/595 598/598/598 
f 595/595/595 595/595/595 598/598/598 
f 598/598/598 595/595/595 599/599/599 
f 595/595/595 594/594/594 599/599/599 
f 599/599/599 594/594/594 594/594/594 
f 594/594/594 581/581/581 594/594/594 
f 594/594/594 581/581/581 581/581/581 
f 581/581/581 583/583/583 581/581/581 
f 581/581/581 583/583/583 580/580/580 
f 583/583/583 583/583/583 580/580/580 
f 580/580/580 583/583/583 600/600/600 
f 583/583/583 585/585/585 600/600/600 
f 600/600/600 585/585/585 585/585/585 
f 585/585/585 582/582/582 585/585/585 
f 585/585/585 582/582/582 582/582/582 
f 582/582/582 601/601/601 582/582/582 
f 582/582/582 601/601/601 584/584/584 
f 601/601/601 602/602/602 584/584/584 
f 584/584/584 602/602/602 586/586/586 
f 602/602/602 586/586/586 586/586/586 
f 586/586/586 586/586/586 603/603/603 
f 586/586/586 603/603/603 603/603/603 
f 603/603/603 603/603/603 604/604/604 
f 603/603/603 605/605/605 604/604/604 
f 604/604/604 605/605/605 599/599/599 
f 605/605/605 605/605/605 599/599/599 
f 599/599/599 605/605/605 598/598/598 
f 605/605/605 606/606/606 598/598/598 
f 598/598/598 606/606/606 607/607/607 
f 606/606/606 608/608/608 607/607/607 
f 607/607/607 608/608/608 609/609/609 
f 608/608/608 610/610/610 609/609/609 
f 609/609/609 610/610/610 610/610/610 
f 610/610/610 599/599/599 610/610/610 
f 610/610/610 599/599/599 599/599/599 
f 599/599/599 594/594/594 599/599/599 
f 599/599/599 594/594/594 604/604/604 
f 594/594/594 604/604/604 604/604/604 
f 604/604/604 604/604/604 605/605/605 
f 604/604/604 605/605/605 605/605/605 
f 605/605/605 605/605/605 606/606/606 
f 605/605/605 608/608/608 606/606/606 
f 606/606/606 608/608/608 608/608/608 
f 608/608/608 598/598/598 608/608/608 
f 608/608/608 598/598/598 598/598/598 
f 598/598/598 607/607/607 598/598/598 
f 598/598/598 607/607/607 597/597/597 
f 607/607/607 607/607/607 597/597/597 
f 597/597/597 607/607/607 611/611/611 
f 607/607/607 607/607/607 611/611/611 
f 611/611/611 607/607/607 612/612/612 
f 607/607/607 609/609/609 612/612/612 
f 612/612/612 609/609/609 613/613/613 
f 609/609/609 614/614/614 613/613/613 
f 613/613/613 614/614/614 615/615/615 
f 614/614/614 616/616/616 615/615/615 
f 615/615/615 616/616/616 615/615/615 
f 616/616/616 617/617/617 615/615/615 
f 615/615/615 617/617/617 618/618/618 
f 617/617/617 619/619/619 618/618/618 
f 618/618/618 619/619/619 619/619/619 
f 619/619/619 612/612/612 619/619/619 
f 619/619/619 612/612/612 612/612/612 
f 612/612/612 613/613/613 612/612/612 
f 612/612/612 613/613/613 618/618/618 
f 613/613/613 615/615/615 618/618/618 
f 618/618/618 615/615/615 615/615/615 
f 615/615/615 614/614/614 615/615/615 
f 615/615/615 614/614/614 614/614/614 
f 614/614/614 620/620/620 614/614/614 
f 614/614/614 620/620/620 616/616/616 
f 620/620/620 621/621/621 616/616/616 
f 616/616/616 621/621/621 622/622/622 
f 621/621/621 623/623/623 622/622/622 
f 622/622/622 623/623/623 623/623/623 
f 623/623/623 620/620/620 623/623/623 
f 623/623/623 620/620/620 620/620/620 
f 620/620/620 624/624/624 620/620/620 
f 620/620/620 624/624/624 621/621/621 
f 624/624/624 625/625/625 621/621/621 
f 621/621/621 625/625/625 625/625/625 
f 625/625/625 616/616/616 625/625/625 
f 625/625/625 616/616/616 616/616/616 
f 616/616/616 622/622/622 616/616/616 
f 616/616/616 622/622/622 617/617/617 
f 622/622/622 617/617/617 617/617/617 
f 617/617/617 617/617/617 626/626/626 
f 617/617/617 626/626/626 626/626/626 
f 626/626/626 626/626/626 627/627/627 
f 626/626/626 628/628/628 627/627/627 
f 627/627/627 628/628/628 629/629/629 
f 628/628/628 630/630/630 629/629/629 
f 629/629/629 630/630/630 631/631/631 
f 630/630/630 632/632/632 631/631/631 
f 631/631/631 632/632/632 632/632/632 
f 632/632/632 633/633/633 632/632/632 
f 632/632/632 633/633/633 633/633/633 
f 633/633/633 634/634/634 633/633/633 
f 633/633/633 634/634/634 635/635/635 
f 634/634/634 636/636/636 635/635/635 
f 635/635/635 636/636/636 637/637/637 
f 636/636/636 636/636/636 637/637/637 
f 637/637/637 636/636/636 638/638/638 
f 636/636/636 639/639/639 638/638/638 
f 638/638/638 639/639/639 640/640/640 
f 639/639/639 641/641/641 640/640/640 
f 640/640/640 641/641/641 642/642/642 
f 641/641/641 643/643/643 642/642/642 
f 642/642/642 643/643/643 644/644/644 
f 643/643/643 643/643/643 644/644/644 
f 644/644/644 643/643/643 645/645/645 
f 643/643/643 646/646/646 645/645/645 
f 645/645/645 646/646/646 647/647/647 
f 646/646/646 647/647/647 647/647/647 
f 647/647/647 647/647/647 636/636/636 
f 647/647/647 636/636/636 636/636/636 
f 636/636/636 636/636/636 639/639/639 
f 636/636/636 634/634/634 639/639/639 
f 639/639/639 634/634/634 639/639/639 
f 634/634/634 648/648/648 639/639/639 
f 639/639/639 648/648/648 641/641/641 
f 648/648/648 649/649/649 641/641/641 
f 641/641/641 649/649/649 643/643/643 
f 649/649/649 650/650/650 643/643/643 
f 643/643/643 650/650/650 646/646/646 
f 650/650/650 650/650/650 646/646/646 
f 646/646/646 650/650/650 651/651/651 
f 650/650/650 649/649/649 651/651/651 
f 651/651/651 649/649/649 652/652/652 
f 649/649/649 652/652/652 652/652/652 
f 652/652/652 652/652/652 644/644/644 
f 652/652/652 644/644/644 644/644/644 
f 644/644/644 644/644/644 642/642/642 
f 644/644/644 640/640/640 642/642/642 
f 642/642/642 640/640/640 640/640/640 
f 640/640/640 653/653/653 640/640/640 
f 640/640/640 653/653/653 653/653/653 
f 653/653/653 654/654/654 653/653/653 
f 653/653/653 654/654/654 655/655/655 
f 654/654/654 656/656/656 655/655/655 
f 655/655/655 656/656/656 657/657/657 
f 656/656/656 656/656/656 657/657/657 
f 657/657/657 656/656/656 658/658/658 
f 656/656/656 659/659/659 658/658/658 
f 658/658/658 659/659/659 660/660/660 
f 659/659/659 661/661/661 660/660/660 
f 660/660/660 661/661/661 662/662/662 
f 661/661/661 661/661/661 662/662/662 
f 662/662/662 661/661/661 663/663/663 
f 661/661/661 661/661/661 663/663/663 
f 663/663/663 661/661/661 664/664/664 
f 661/661/661 659/659/659 664/664/664 
f 664/664/664 659/659/659 659/659/659 
f 659/659/659 654/654/654 659/659/659 
f 659/659/659 654/654/654 654/654/654 
f 654/654/654 665/665/665 654/654/654 
f 654/654/654 665/665/665 656/656/656 
f 665/665/665 659/659/659 656/656/656 
f 656/656/656 659/659/659 659/659/659 
f 659/659/659 662/662/662 659/659/659 
f 659/659/659 662/662/662 662/662/662 
f 662/662/662 666/666/666 662/662/662 
f 662/662/662 666/666/666 660/660/660 
f 666/666/666 667/667/667 660/660/660 
f 660/660/660 667/667/667 668/668/668 
f 667/667/667 668/668/668 668/668/668 
f 668/668/668 668/668/668 653/653/653 
f 668/668/668 653/653/653 653/653/653 
f 653/653/653 653/653/653 669/669/669 
f 653/653/653 655/655/655 669/669/669 
f 669/669/669 655/655/655 670/670/670 
f 655/655/655 657/657/657 670/670/670 
f 670/670/670 657/657/657 670/670/670 
f 657/657/657 671/671/671 670/670/670 
f 670/670/670 671/671/671 672/672/672 
f 671/671/671 673/673/673 672/672/672 
f 672/672/672 673/673/673 673/673/673 
f 673/673/673 672/672/672 673/673/673 
f 673/673/673 672/672/672 672/672/672 
f 672/672/672 674/674/674 672/672/672 
f 672/672/672 674/674/674 670/670/670 
f 674/674/674 674/674/674 670/670/670 
f 670/670/670 674/674/674 669/669/669 
f 674/674/674 674/674/674 669/669/669 
f 669/669/669 674/674/674 675/675/675 
f 674/674/674 676/676/676 675/675/675 
f 675/675/675 676/676/676 675/675/675 
f 676/676/676 677/677/677 675/675/675 
f 675/675/675 677/677/677 678/678/678 
f 677/677/677 678/678/678 678/678/678 
f 678/678/678 678/678/678 679/679/679 
f 678/678/678 679/679/679 679/679/679 
f 679/679/679 679/679/679 680/680/680 
f 679/679/679 681/681/681 680/680/680 
f 680/680/680 681/681/681 682/682/682 
f 681/681/681 683/683/683 682/682/682 
f 682/682/682 683/683/683 684/684/684 
f 683/683/683 684/684/684 684/684/684 
f 684/684/684 684/684/684 685/685/685 
f 684/684/684 685/685/685 685/685/685 
f 685/685/685 685/685/685 681/681/681 
f 685/685/685 686/686/686 681/681/681 
f 681/681/681 686/686/686 683/683/683 
f 686/686/686 686/686/686 683/683/683 
f 683/683/683 686/686/686 687/687/687 
f 686/686/686 688/688/688 687/687/687 
f 687/687/687 688/688/688 688/688/688 
f 688/688/688 689/689/689 688/688/688 
f 688/688/688 689/689/689 689/689/689 
f 689/689/689 690/690/690 689/689/689 
f 689/689/689 690/690/690 691/691/691 
f 690/690/690 690/690/690 691/691/691 
f 691/691/691 690/690/690 692/692/692 
f 690/690/690 690/690/690 692/692/692 
f 692/692/692 690/690/690 693/693/693 
f 690/690/690 690/690/690 693/693/693 
f 693/693/693 690/690/690 694/694/694 
f 690/690/690 690/690/690 694/694/694 
f 694/694/694 690/690/690 695/695/695 
f 690/690/690 696/696/696 695/695/695 
f 695/695/695 696/696/696 697/697/697 
f 696/696/696 698/698/698 697/697/697 
f 697/697/697 698/698/698 697/697/697 
f 698/698/698 699/699/699 697/697/697 
f 697/697/697 699/699/699 700/700/700 
f 699/699/699 701/701/701 700/700/700 
f 700/700/700 701/701/701 701/701/701 
f 701/701/701 700/700/700 701/701/701 
f 701/701/701 700/700/700 700/700/700 
f 700/700/700 702/702/702 700/700/700 
f 700/700/700 702/702/702 697/697/697 
f 702/702/702 702/702/702 697/697/697 
f 697/697/697 702/702/702 695/695/695 
f 702/702/702 702/702/702 695/695/695 
f 695/695/695 702/702/702 694/694/694 
f 702/702/702 703/703/703 694/694/694 
f 694/694/694 703/703/703 694/694/694 
f 703/703/703 704/704/704 694/694/694 
f 694/694/694 704/704/704 693/693/693 
f 704/704/704 693/693/693 693/693/693 
f 693/693/693 693/693/693 692/692/692 
f 693/693/693 692/692/692 692/692/692 
f 692/692/692 692/692/692 705/705/705 
f 692/692/692 693/693/693 705/705/705 
f 705/705/705 693/693/693 705/705/705 
f 693/693/693 706/706/706 705/705/705 
f 705/705/705 706/706/706 707/707/707 
f 706/706/706 708/708/708 707/707/707 
f 707/707/707 708/708/708 709/709/709 
f 708/708/708 710/710/710 709/709/709 
f 709/709/709 710/710/710 711/711/711 
f 710/710/710 712/712/712 711/711/711 
f 711/711/711 712/712/712 712/712/712 
f 712/712/712 705/705/705 712/712/712 
f 712/712/712 705/705/705 705/705/705 
f 705/705/705 707/707/707 705/705/705 
f 705/705/705 707/707/707 692/692/692 
f 707/707/707 709/709/709 692/692/692 
f 692/692/692 709/709/709 711/711/711 
f 709/709/709 711/711/711 711/711/711 
f 711/711/711 711/711/711 713/713/713 
f 711/711/711 713/713/713 713/713/713 
f 713/713/713 713/713/713 714/714/714 
f 713/713/713 715/715/715 714/714/714 
f 714/714/714 715/715/715 715/715/715 
f 715/715/715 716/716/716 715/715/715 
f 715/715/715 716/716/716 716/716/716 
f 716/716/716 717/717/717 716/716/716 
f 716/716/716 717/717/717 718/718/718 
f 717/717/717 719/719/719 718/718/718 
f 718/718/718 719/719/719 719/719/719 
f 719/719/719 716/716/716 719/719/719 
f 719/719/719 716/716/716 716/716/716 
f 716/716/716 718/718/718 716/716/716 
f 716/716/716 718/718/718 720/720/720 
f 718/718/718 721/721/721 720/720/720 
f 720/720/720 721/721/721 722/722/722 
f 721/721/721 723/723/723 722/722/722 
f 722/722/722 723/723/723 724/724/724 
f 723/723/723 725/725/725 724/724/724 
f 724/724/724 725/725/725 726/726/726 
f 725/725/725 727/727/727 726/726/726 
f 726/726/726 727/727/727 727/727/727 
f 727/727/727 722/722/722 727/727/727 
f 727/727/727 722/722/722 722/722/722 
f 722/722/722 724/724/724 722/722/722 
f 722/722/722 724/724/724 728/728/728 
f 724/724/724 726/726/726 728/728/728 
f 728/728/728 726/726/726 729/729/729 
f 726/726/726 729/729/729 729/729/729 
f 729/729/729 729/729/729 725/725/725 
f 729/729/729 725/725/725 725/725/725 
f 725/725/725 725/725/725 730/730/730 
f 725/725/725 723/723/723 730/730/730 
f 730/730/730 723/723/723 730/730/730 
f 723/723/723 721/721/721 730/730/730 
f 730/730/730 721/721/721 730/730/730 
f 721/721/721 718/718/718 730/730/730 
f 730/730/730 718/718/718 731/731/731 
f 718/718/718 732/732/732 731/731/731 
f 731/731/731 732/732/732 733/733/733 
f 732/732/732 732/732/732 733/733/733 
f 733/733/733 732/732/732 734/734/734 
f 732/732/732 735/735/735 734/734/734 
f 734/734/734 735/735/735 335/335/335 
f 735/735/735 736/736/736 335/335/335 
f 335/335/335 736/736/736 334/334/334 
f 736/736/736 736/736/736 334/334/334 
f 334/334/334 736/736/736 339/339/339 
f 736/736/736 737/737/737 339/339/339 
f 339/339/339 737/737/737 349/349/349 
f 737/737/737 390/390/390 349/349/349 
f 349/349/349 390/390/390 390/390/390 
f 390/390/390 725/725/725 390/390/390 
f 390/390/390 725/725/725 725/725/725 
f 725/725/725 730/730/730 725/725/725 
f 725/725/725 730/730/730 731/731/731 
f 730/730/730 731/731/731 731/731/731 
f 731/731/731 731/731/731 736/736/736 
f 731/731/731 736/736/736 736/736/736 
f 736/736/736 736/736/736 737/737/737 
f 736/736/736 735/735/735 737/737/737 
f 737/737/737 735/735/735 719/719/719 
f 735/735/735 732/732/732 719/719/719 
f 719/719/719 732/732/732 718/718/718 
f 732/732/732 718/718/718 718/718/718 
f 718/718/718 718/718/718 738/738/738 
f 718/718/718 738/738/738 738/738/738 
f 738/738/738 738/738/738 739/739/739 
f 738/738/738 737/737/737 739/739/739 
f 739/739/739 737/737/737 739/739/739 
f 737/737/737 719/719/719 739/739/739 
f 739/739/739 719/719/719 739/739/739 
f 719/719/719 717/717/717 739/739/739 
f 739/739/739 717/717/717 740/740/740 
f 717/717/717 740/740/740 740/740/740 
f 740/740/740 740/740/740 741/741/741 
f 740/740/740 741/741/741 741/741/741 
f 741/741/741 741/741/741 742/742/742 
f 741/741/741 604/604/604 742/742/742 
f 742/742/742 604/604/604 743/743/743 
f 604/604/604 594/594/594 743/743/743 
f 743/743/743 594/594/594 744/744/744 
f 594/594/594 593/593/593 744/744/744 
f 744/744/744 593/593/593 745/745/745 
f 593/593/593 592/592/592 745/745/745 
f 745/745/745 592/592/592 745/745/745 
f 592/592/592 746/746/746 745/745/745 
f 745/745/745 746/746/746 747/747/747 
f 746/746/746 748/748/748 747/747/747 
f 747/747/747 748/748/748 744/744/744 
f 748/748/748 748/748/748 744/744/744 
f 744/744/744 748/748/748 743/743/743 
f 748/748/748 749/749/749 743/743/743 
f 743/743/743 749/749/749 750/750/750 
f 749/749/749 488/488/488 750/750/750 
f 750/750/750 488/488/488 750/750/750 
f 488/488/488 494/494/494 750/750/750 
f 750/750/750 494/494/494 742/742/742 
f 494/494/494 498/498/498 742/742/742 
f 742/742/742 498/498/498 741/741/741 
f 498/498/498 751/751/751 741/741/741 
f 741/741/741 751/751/751 752/752/752 
f 751/751/751 752/752/752 752/752/752 
f 752/752/752 752/752/752 745/745/745 
f 752/752/752 745/745/745 745/745/745 
f 745/745/745 745/745/745 744/744/744 
f 745/745/745 747/747/747 744/744/744 
f 744/744/744 747/747/747 747/747/747 
f 747/747/747 750/750/750 747/747/747 
f 747/747/747 750/750/750 750/750/750 
f 750/750/750 742/742/742 750/750/750 
f 750/750/750 742/742/742 743/743/743 
f 742/742/742 743/743/743 743/743/743 
f 743/743/743 743/743/743 500/500/500 
f 743/743/743 500/500/500 500/500/500 
f 500/500/500 500/500/500 498/498/498 
f 500/500/500 751/751/751 498/498/498 
f 498/498/498 751/751/751 751/751/751 
f 751/751/751 488/488/488 751/751/751 
f 751/751/751 488/488/488 488/488/488 
f 488/488/488 749/749/749 488/488/488 
f 488/488/488 749/749/749 486/486/486 
f 749/749/749 748/748/748 486/486/486 
f 486/486/486 748/748/748 485/485/485 
f 748/748/748 753/753/753 485/485/485 
f 485/485/485 753/753/753 754/754/754 
f 753/753/753 753/753/753 754/754/754 
f 754/754/754 753/753/753 755/755/755 
f 753/753/753 753/753/753 755/755/755 
f 755/755/755 753/753/753 746/746/746 
f 753/753/753 748/748/748 746/746/746 
f 746/746/746 748/748/748 748/748/748 
f 748/748/748 754/754/754 748/748/748 
f 748/748/748 754/754/754 754/754/754 
f 754/754/754 756/756/756 754/754/754 
f 754/754/754 756/756/756 485/485/485 
f 756/756/756 756/756/756 485/485/485 
f 485/485/485 756/756/756 484/484/484 
f 756/756/756 757/757/757 484/484/484 
f 484/484/484 757/757/757 484/484/484 
f 757/757/757 758/758/758 484/484/484 
f 484/484/484 758/758/758 460/460/460 
f 758/758/758 759/759/759 460/460/460 
f 460/460/460 759/759/759 456/456/456 
f 759/759/759 759/759/759 456/456/456 
f 456/456/456 759/759/759 454/454/454 
f 759/759/759 760/760/760 454/454/454 
f 454/454/454 760/760/760 452/452/452 
f 760/760/760 761/761/761 452/452/452 
f 452/452/452 761/761/761 451/451/451 
f 761/761/761 762/762/762 451/451/451 
f 451/451/451 762/762/762 448/448/448 
f 762/762/762 762/762/762 448/448/448 
f 448/448/448 762/762/762 446/446/446 
f 762/762/762 762/762/762 446/446/446 
f 446/446/446 762/762/762 439/439/439 
f 762/762/762 762/762/762 439/439/439 
f 439/439/439 762/762/762 438/438/438 
f 762/762/762 763/763/763 438/438/438 
f 438/438/438 763/763/763 466/466/466 
f 763/763/763 764/764/764 466/466/466 
f 466/466/466 764/764/764 465/465/465 
f 764/764/764 465/465/465 465/465/465 
f 465/465/465 465/465/465 762/762/762 
f 465/465/465 762/762/762 762/762/762 
f 762/762/762 762/762/762 763/763/763 
f 762/762/762 761/761/761 763/763/763 
f 763/763/763 761/761/761 765/765/765 
f 761/761/761 761/761/761 765/765/765 
f 765/765/765 761/761/761 766/766/766 
f 761/761/761 760/760/760 766/766/766 
f 766/766/766 760/760/760 767/767/767 
f 760/760/760 759/759/759 767/767/767 
f 767/767/767 759/759/759 768/768/768 
f 759/759/759 758/758/758 768/768/768 
f 768/768/768 758/758/758 769/769/769 
f 758/758/758 757/757/757 769/769/769 
f 769/769/769 757/757/757 757/757/757 
f 757/757/757 763/763/763 757/757/757 
f 757/757/757 763/763/763 763/763/763 
f 763/763/763 765/765/765 763/763/763 
f 763/763/763 765/765/765 764/764/764 
f 765/765/765 770/770/770 764/764/764 
f 764/764/764 770/770/770 465/465/465 
f 770/770/770 771/771/771 465/465/465 
f 465/465/465 771/771/771 435/435/435 
f 771/771/771 772/772/772 435/435/435 
f 435/435/435 772/772/772 434/434/434 
f 772/772/772 434/434/434 434/434/434 
f 434/434/434 434/434/434 768/768/768 
f 434/434/434 768/768/768 768/768/768 
f 768/768/768 768/768/768 767/767/767 
f 768/768/768 769/769/769 767/767/767 
f 767/767/767 769/769/769 767/767/767 
f 769/769/769 773/773/773 767/767/767 
f 767/767/767 773/773/773 766/766/766 
f 773/773/773 774/774/774 766/766/766 
f 766/766/766 774/774/774 765/765/765 
f 774/774/774 770/770/770 765/765/765 
f 765/765/765 770/770/770 770/770/770 
f 770/770/770 771/771/771 770/770/770 
f 770/770/770 771/771/771 771/771/771 
f 771/771/771 775/775/775 771/771/771 
f 771/771/771 775/775/775 772/772/772 
f 775/775/775 775/775/775 772/772/772 
f 772/772/772 775/775/775 434/434/434 
f 775/775/775 776/776/776 434/434/434 
f 434/434/434 776/776/776 777/777/777 
f 776/776/776 776/776/776 777/777/777 
f 777/777/777 776/776/776 778/778/778 
f 776/776/776 776/776/776 778/778/778 
f 778/778/778 776/776/776 779/779/779 
f 776/776/776 776/776/776 779/779/779 
f 779/779/779 776/776/776 780/780/780 
f 776/776/776 775/775/775 780/780/780 
f 780/780/780 775/775/775 781/781/781 
f 775/775/775 771/771/771 781/781/781 
f 781/781/781 771/771/771 781/781/781 
f 771/771/771 770/770/770 781/781/781 
f 781/781/781 770/770/770 781/781/781 
f 770/770/770 774/774/774 781/781/781 
f 781/781/781 774/774/774 782/782/782 
f 774/774/774 773/773/773 782/782/782 
f 782/782/782 773/773/773 782/782/782 
f 773/773/773 769/769/769 782/782/782 
f 782/782/782 769/769/769 783/783/783 
f 769/769/769 769/769/769 783/783/783 
f 783/783/783 769/769/769 784/784/784 
f 769/769/769 757/757/757 784/784/784 
f 784/784/784 757/757/757 785/785/785 
f 757/757/757 756/756/756 785/785/785 
f 785/785/785 756/756/756 785/785/785 
f 756/756/756 754/754/754 785/785/785 
f 785/785/785 754/754/754 785/785/785 
f 754/754/754 786/786/786 785/785/785 
f 785/785/785 786/786/786 785/785/785 
f 786/786/786 787/787/787 785/785/785 
f 785/785/785 787/787/787 785/785/785 
f 787/787/787 788/788/788 785/785/785 
f 785/785/785 788/788/788 785/785/785 
f 788/788/788 789/789/789 785/785/785 
f 785/785/785 789/789/789 784/784/784 
f 789/789/789 789/789/789 784/784/784 
f 784/784/784 789/789/789 783/783/783 
f 789/789/789 790/790/790 783/783/783 
f 783/783/783 790/790/790 782/782/782 
f 790/790/790 790/790/790 782/782/782 
f 782/782/782 790/790/790 781/781/781 
f 790/790/790 790/790/790 781/781/781 
f 781/781/781 790/790/790 780/780/780 
f 790/790/790 791/791/791 780/780/780 
f 780/780/780 791/791/791 779/779/779 
f 791/791/791 789/789/789 779/779/779 
f 779/779/779 789/789/789 792/792/792 
f 789/789/789 788/788/788 792/792/792 
f 792/792/792 788/788/788 788/788/788 
f 788/788/788 791/791/791 788/788/788 
f 788/788/788 791/791/791 791/791/791 
f 791/791/791 790/790/790 791/791/791 
f 791/791/791 790/790/790 789/789/789 
f 790/790/790 789/789/789 789/789/789 
f 789/789/789 789/789/789 786/786/786 
f 789/789/789 786/786/786 786/786/786 
f 786/786/786 786/786/786 793/793/793 
f 786/786/786 754/754/754 793/793/793 
f 793/793/793 754/754/754 793/793/793 
f 754/754/754 755/755/755 793/793/793 
f 793/793/793 755/755/755 793/793/793 
f 755/755/755 746/746/746 793/793/793 
f 793/793/793 746/746/746 794/794/794 
f 746/746/746 592/592/592 794/794/794 
f 794/794/794 592/592/592 795/795/795 
f 592/592/592 588/588/588 795/795/795 
f 795/795/795 588/588/588 796/796/796 
f 588/588/588 586/586/586 796/796/796 
f 796/796/796 586/586/586 797/797/797 
f 586/586/586 602/602/602 797/797/797 
f 797/797/797 602/602/602 798/798/798 
f 602/602/602 798/798/798 798/798/798 
f 798/798/798 798/798/798 799/799/799 
f 798/798/798 799/799/799 799/799/799 
f 799/799/799 799/799/799 793/793/793 
f 799/799/799 786/786/786 793/793/793 
f 793/793/793 786/786/786 786/786/786 
f 786/786/786 800/800/800 786/786/786 
f 786/786/786 800/800/800 800/800/800 
f 800/800/800 801/801/801 800/800/800 
f 800/800/800 801/801/801 797/797/797 
f 801/801/801 801/801/801 797/797/797 
f 797/797/797 801/801/801 796/796/796 
f 801/801/801 801/801/801 796/796/796 
f 796/796/796 801/801/801 795/795/795 
f 801/801/801 802/802/802 795/795/795 
f 795/795/795 802/802/802 803/803/803 
f 802/802/802 804/804/804 803/803/803 
f 803/803/803 804/804/804 793/793/793 
f 804/804/804 804/804/804 793/793/793 
f 793/793/793 804/804/804 799/799/799 
f 804/804/804 805/805/805 799/799/799 
f 799/799/799 805/805/805 805/805/805 
f 805/805/805 795/795/795 805/805/805 
f 805/805/805 795/795/795 795/795/795 
f 795/795/795 803/803/803 795/795/795 
f 795/795/795 803/803/803 794/794/794 
f 803/803/803 793/793/793 794/794/794 
f 794/794/794 793/793/793 793/793/793 
f 793/793/793 806/806/806 793/793/793 
f 793/793/793 806/806/806 806/806/806 
f 806/806/806 807/807/807 806/806/806 
f 806/806/806 807/807/807 808/808/808 
f 807/807/807 807/807/807 808/808/808 
f 808/808/808 807/807/807 809/809/809 
f 807/807/807 807/807/807 809/809/809 
f 809/809/809 807/807/807 810/810/810 
f 807/807/807 811/811/811 810/810/810 
f 810/810/810 811/811/811 810/810/810 
f 811/811/811 812/812/812 810/810/810 
f 810/810/810 812/812/812 810/810/810 
f 812/812/812 813/813/813 810/810/810 
f 810/810/810 813/813/813 810/810/810 
f 813/813/813 814/814/814 810/810/810 
f 810/810/810 814/814/814 809/809/809 
f 814/814/814 815/815/815 809/809/809 
f 809/809/809 815/815/815 808/808/808 
f 815/815/815 808/808/808 808/808/808 
f 808/808/808 808/808/808 806/806/806 
f 808/808/808 806/806/806 806/806/806 
f 806/806/806 806/806/806 807/807/807 
f 806/806/806 816/816/816 807/807/807 
f 807/807/807 816/816/816 817/817/817 
f 816/816/816 811/811/811 817/817/817 
f 817/817/817 811/811/811 807/807/807 
f 811/811/811 807/807/807 807/807/807 
f 807/807/807 807/807/807 814/814/814 
f 807/807/807 814/814/814 814/814/814 
f 814/814/814 814/814/814 815/815/815 
f 814/814/814 818/818/818 815/815/815 
f 815/815/815 818/818/818 815/815/815 
f 818/818/818 819/819/819 815/815/815 
f 815/815/815 819/819/819 820/820/820 
f 819/819/819 821/821/821 820/820/820 
f 820/820/820 821/821/821 822/822/822 
f 821/821/821 823/823/823 822/822/822 
f 822/822/822 823/823/823 823/823/823 
f 823/823/823 815/815/815 823/823/823 
f 823/823/823 815/815/815 815/815/815 
f 815/815/815 820/820/820 815/815/815 
f 815/815/815 820/820/820 808/808/808 
f 820/820/820 820/820/820 808/808/808 
f 808/808/808 820/820/820 824/824/824 
f 820/820/820 820/820/820 824/824/824 
f 824/824/824 820/820/820 825/825/825 
f 820/820/820 822/822/822 825/825/825 
f 825/825/825 822/822/822 825/825/825 
f 822/822/822 826/826/826 825/825/825 
f 825/825/825 826/826/826 827/827/827 
f 826/826/826 828/828/828 827/827/827 
f 827/827/827 828/828/828 828/828/828 
f 828/828/828 829/829/829 828/828/828 
f 828/828/828 829/829/829 829/829/829 
f 829/829/829 830/830/830 829/829/829 
f 829/829/829 830/830/830 831/831/831 
f 830/830/830 831/831/831 831/831/831 
f 831/831/831 831/831/831 832/832/832 
f 831/831/831 832/832/832 832/832/832 
f 832/832/832 832/832/832 833/833/833 
f 832/832/832 834/834/834 833/833/833 
f 833/833/833 834/834/834 835/835/835 
f 834/834/834 836/836/836 835/835/835 
f 835/835/835 836/836/836 835/835/835 
f 836/836/836 837/837/837 835/835/835 
f 835/835/835 837/837/837 838/838/838 
f 837/837/837 839/839/839 838/838/838 
f 838/838/838 839/839/839 838/838/838 
f 839/839/839 840/840/840 838/838/838 
f 838/838/838 840/840/840 838/838/838 
f 840/840/840 841/841/841 838/838/838 
f 838/838/838 841/841/841 842/842/842 
f 841/841/841 843/843/843 842/842/842 
f 842/842/842 843/843/843 842/842/842 
f 843/843/843 844/844/844 842/842/842 
f 842/842/842 844/844/844 833/833/833 
f 844/844/844 845/845/845 833/833/833 
f 833/833/833 845/845/845 846/846/846 
f 845/845/845 846/846/846 846/846/846 
f 846/846/846 846/846/846 833/833/833 
f 846/846/846 833/833/833 833/833/833 
f 833/833/833 833/833/833 842/842/842 
f 833/833/833 835/835/835 842/842/842 
f 842/842/842 835/835/835 838/838/838 
f 835/835/835 838/838/838 838/838/838 
f 838/838/838 838/838/838 837/837/837 
f 838/838/838 837/837/837 837/837/837 
f 837/837/837 837/837/837 839/839/839 
f 837/837/837 847/847/847 839/839/839 
f 839/839/839 847/847/847 847/847/847 
f 847/847/847 848/848/848 847/847/847 
f 847/847/847 848/848/848 848/848/848 
f 848/848/848 846/846/846 848/848/848 
f 848/848/848 846/846/846 849/849/849 
f 846/846/846 845/845/845 849/849/849 
f 849/849/849 845/845/845 850/850/850 
f 845/845/845 845/845/845 850/850/850 
f 850/850/850 845/845/845 851/851/851 
f 845/845/845 844/844/844 851/851/851 
f 851/851/851 844/844/844 851/851/851 
f 844/844/844 843/843/843 851/851/851 
f 851/851/851 843/843/843 852/852/852 
f 843/843/843 843/843/843 852/852/852 
f 852/852/852 843/843/843 853/853/853 
f 843/843/843 843/843/843 853/853/853 
f 853/853/853 843/843/843 854/854/854 
f 843/843/843 841/841/841 854/854/854 
f 854/854/854 841/841/841 855/855/855 
f 841/841/841 840/840/840 855/855/855 
f 855/855/855 840/840/840 840/840/840 
f 840/840/840 856/856/856 840/840/840 
f 840/840/840 856/856/856 856/856/856 
f 856/856/856 849/849/849 856/856/856 
f 856/856/856 849/849/849 857/857/857 
f 849/849/849 850/850/850 857/857/857 
f 857/857/857 850/850/850 858/858/858 
f 850/850/850 850/850/850 858/858/858 
f 858/858/858 850/850/850 852/852/852 
f 850/850/850 851/851/851 852/852/852 
f 852/852/852 851/851/851 851/851/851 
f 851/851/851 857/857/857 851/851/851 
f 851/851/851 857/857/857 857/857/857 
f 857/857/857 858/858/858 857/857/857 
f 857/857/857 858/858/858 859/859/859 
f 858/858/858 860/860/860 859/859/859 
f 859/859/859 860/860/860 861/861/861 
f 860/860/860 860/860/860 861/861/861 
f 861/861/861 860/860/860 862/862/862 
f 860/860/860 860/860/860 862/862/862 
f 862/862/862 860/860/860 863/863/863 
f 860/860/860 860/860/860 863/863/863 
f 863/863/863 860/860/860 864/864/864 
f 860/860/860 865/865/865 864/864/864 
f 864/864/864 865/865/865 866/866/866 
f 865/865/865 853/853/853 866/866/866 
f 866/866/866 853/853/853 866/866/866 
f 853/853/853 854/854/854 866/866/866 
f 866/866/866 854/854/854 855/855/855 
f 854/854/854 855/855/855 855/855/855 
f 855/855/855 855/855/855 853/853/853 
f 855/855/855 853/853/853 853/853/853 
f 853/853/853 853/853/853 852/852/852 
f 853/853/853 865/865/865 852/852/852 
f 852/852/852 865/865/865 852/852/852 
f 865/865/865 860/860/860 852/852/852 
f 852/852/852 860/860/860 858/858/858 
f 860/860/860 858/858/858 858/858/858 
f 858/858/858 858/858/858 866/866/866 
f 858/858/858 866/866/866 866/866/866 
f 866/866/866 866/866/866 864/864/864 
f 866/866/866 867/867/867 864/864/864 
f 864/864/864 867/867/867 863/863/863 
f 867/867/867 868/868/868 863/863/863 
f 863/863/863 868/868/868 869/869/869 
f 868/868/868 868/868/868 869/869/869 
f 869/869/869 868/868/868 870/870/870 
f 868/868/868 871/871/871 870/870/870 
f 870/870/870 871/871/871 872/872/872 
f 871/871/871 871/871/871 872/872/872 
f 872/872/872 871/871/871 873/873/873 
f 871/871/871 874/874/874 873/873/873 
f 873/873/873 874/874/874 855/855/855 
f 874/874/874 874/874/874 855/855/855 
f 855/855/855 874/874/874 866/866/866 
f 874/874/874 875/875/875 866/866/866 
f 866/866/866 875/875/875 867/867/867 
f 875/875/875 875/875/875 867/867/867 
f 867/867/867 875/875/875 868/868/868 
f 875/875/875 875/875/875 868/868/868 
f 868/868/868 875/875/875 871/871/871 
f 875/875/875 874/874/874 871/871/871 
f 871/871/871 874/874/874 874/874/874 
f 874/874/874 873/873/873 874/874/874 
f 874/874/874 873/873/873 873/873/873 
f 873/873/873 855/855/855 873/873/873 
f 873/873/873 855/855/855 876/876/876 
f 855/855/855 840/840/840 876/876/876 
f 876/876/876 840/840/840 877/877/877 
f 840/840/840 839/839/839 877/877/877 
f 877/877/877 839/839/839 877/877/877 
f 839/839/839 878/878/878 877/877/877 
f 877/877/877 878/878/878 877/877/877 
f 878/878/878 879/879/879 877/877/877 
f 877/877/877 879/879/879 880/880/880 
f 879/879/879 881/881/881 880/880/880 
f 880/880/880 881/881/881 880/880/880 
f 881/881/881 882/882/882 880/880/880 
f 880/880/880 882/882/882 877/877/877 
f 882/882/882 882/882/882 877/877/877 
f 877/877/877 882/882/882 876/876/876 
f 882/882/882 882/882/882 876/876/876 
f 876/876/876 882/882/882 873/873/873 
f 882/882/882 883/883/883 873/873/873 
f 873/873/873 883/883/883 872/872/872 
f 883/883/883 884/884/884 872/872/872 
f 872/872/872 884/884/884 870/870/870 
f 884/884/884 884/884/884 870/870/870 
f 870/870/870 884/884/884 869/869/869 
f 884/884/884 885/885/885 869/869/869 
f 869/869/869 885/885/885 886/886/886 
f 885/885/885 885/885/885 886/886/886 
f 886/886/886 885/885/885 887/887/887 
f 885/885/885 884/884/884 887/887/887 
f 887/887/887 884/884/884 888/888/888 
f 884/884/884 889/889/889 888/888/888 
f 888/888/888 889/889/889 890/890/890 
f 889/889/889 891/891/891 890/890/890 
f 890/890/890 891/891/891 890/890/890 
f 891/891/891 892/892/892 890/890/890 
f 890/890/890 892/892/892 890/890/890 
f 892/892/892 893/893/893 890/890/890 
f 890/890/890 893/893/893 888/888/888 
f 893/893/893 894/894/894 888/888/888 
f 888/888/888 894/894/894 887/887/887 
f 894/894/894 887/887/887 887/887/887 
f 887/887/887 887/887/887 884/884/884 
f 887/887/887 884/884/884 884/884/884 
f 884/884/884 884/884/884 889/889/889 
f 884/884/884 883/883/883 889/889/889 
f 889/889/889 883/883/883 891/891/891 
f 883/883/883 882/882/882 891/891/891 
f 891/891/891 882/882/882 895/895/895 
f 882/882/882 881/881/881 895/895/895 
f 895/895/895 881/881/881 881/881/881 
f 881/881/881 896/896/896 881/881/881 
f 881/881/881 896/896/896 896/896/896 
f 896/896/896 897/897/897 896/896/896 
f 896/896/896 897/897/897 893/893/893 
f 897/897/897 897/897/897 893/893/893 
f 893/893/893 897/897/897 894/894/894 
f 897/897/897 898/898/898 894/894/894 
f 894/894/894 898/898/898 887/887/887 
f 898/898/898 899/899/899 887/887/887 
f 887/887/887 899/899/899 887/887/887 
f 899/899/899 900/900/900 887/887/887 
f 887/887/887 900/900/900 886/886/886 
f 900/900/900 901/901/901 886/886/886 
f 886/886/886 901/901/901 886/886/886 
f 901/901/901 902/902/902 886/886/886 
f 886/886/886 902/902/902 869/869/869 
f 902/902/902 903/903/903 869/869/869 
f 869/869/869 903/903/903 863/863/863 
f 903/903/903 904/904/904 863/863/863 
f 863/863/863 904/904/904 862/862/862 
f 904/904/904 905/905/905 862/862/862 
f 862/862/862 905/905/905 905/905/905 
f 905/905/905 906/906/906 905/905/905 
f 905/905/905 906/906/906 906/906/906 
f 906/906/906 907/907/907 906/906/906 
f 906/906/906 907/907/907 897/897/897 
f 907/907/907 907/907/907 897/897/897 
f 897/897/897 907/907/907 898/898/898 
f 907/907/907 908/908/908 898/898/898 
f 898/898/898 908/908/908 899/899/899 
f 908/908/908 899/899/899 899/899/899 
f 899/899/899 899/899/899 904/904/904 
f 899/899/899 904/904/904 904/904/904 
f 904/904/904 904/904/904 909/909/909 
f 904/904/904 903/903/903 909/909/909 
f 909/909/909 903/903/903 909/909/909 
f 903/903/903 902/902/902 909/909/909 
f 909/909/909 902/902/902 910/910/910 
f 902/902/902 901/901/901 910/910/910 
f 910/910/910 901/901/901 911/911/911 
f 901/901/901 900/900/900 911/911/911 
f 911/911/911 900/900/900 912/912/912 
f 900/900/900 899/899/899 912/912/912 
f 912/912/912 899/899/899 913/913/913 
f 899/899/899 908/908/908 913/913/913 
f 913/913/913 908/908/908 913/913/913 
f 908/908/908 907/907/907 913/913/913 
f 913/913/913 907/907/907 913/913/913 
f 907/907/907 914/914/914 913/913/913 
f 913/913/913 914/914/914 915/915/915 
f 914/914/914 916/916/916 915/915/915 
f 915/915/915 916/916/916 915/915/915 
f 916/916/916 917/917/917 915/915/915 
f 915/915/915 917/917/917 915/915/915 
f 917/917/917 918/918/918 915/915/915 
f 915/915/915 918/918/918 913/913/913 
f 918/918/918 918/918/918 913/913/913 
f 913/913/913 918/918/918 912/912/912 
f 918/918/918 919/919/919 912/912/912 
f 912/912/912 919/919/919 920/920/920 
f 919/919/919 921/921/921 920/920/920 
f 920/920/920 921/921/921 922/922/922 
f 921/921/921 923/923/923 922/922/922 
f 922/922/922 923/923/923 924/924/924 
f 923/923/923 924/924/924 924/924/924 
f 924/924/924 924/924/924 910/910/910 
f 924/924/924 910/910/910 910/910/910 
f 910/910/910 910/910/910 925/925/925 
f 910/910/910 911/911/911 925/925/925 
f 925/925/925 911/911/911 922/922/922 
f 911/911/911 911/911/911 922/922/922 
f 922/922/922 911/911/911 920/920/920 
f 911/911/911 912/912/912 920/920/920 
f 920/920/920 912/912/912 912/912/912 
f 912/912/912 922/922/922 912/912/912 
f 912/912/912 922/922/922 922/922/922 
f 922/922/922 926/926/926 922/922/922 
f 922/922/922 926/926/926 925/925/925 
f 926/926/926 925/925/925 925/925/925 
f 925/925/925 925/925/925 927/927/927 
f 925/925/925 927/927/927 927/927/927 
f 927/927/927 927/927/927 914/914/914 
f 927/927/927 916/916/916 914/914/914 
f 914/914/914 916/916/916 916/916/916 
f 916/916/916 928/928/928 916/916/916 
f 916/916/916 928/928/928 928/928/928 
f 928/928/928 929/929/929 928/928/928 
f 928/928/928 929/929/929 917/917/917 
f 929/929/929 930/930/930 917/917/917 
f 917/917/917 930/930/930 918/918/918 
f 930/930/930 930/930/930 918/918/918 
f 918/918/918 930/930/930 919/919/919 
f 930/930/930 931/931/931 919/919/919 
f 919/919/919 931/931/931 921/921/921 
f 931/931/931 931/931/931 921/921/921 
f 921/921/921 931/931/931 923/923/923 
f 931/931/931 931/931/931 923/923/923 
f 923/923/923 931/931/931 924/924/924 
f 931/931/931 932/932/932 924/924/924 
f 924/924/924 932/932/932 933/933/933 
f 932/932/932 932/932/932 933/933/933 
f 933/933/933 932/932/932 934/934/934 
f 932/932/932 932/932/932 934/934/934 
f 934/934/934 932/932/932 935/935/935 
f 932/932/932 936/936/936 935/935/935 
f 935/935/935 936/936/936 937/937/937 
f 936/936/936 929/929/929 937/937/937 
f 937/937/937 929/929/929 937/937/937 
f 929/929/929 938/938/938 937/937/937 
f 937/937/937 938/938/938 939/939/939 
f 938/938/938 940/940/940 939/939/939 
f 939/939/939 940/940/940 939/939/939 
f 940/940/940 941/941/941 939/939/939 
f 939/939/939 941/941/941 939/939/939 
f 941/941/941 942/942/942 939/939/939 
f 939/939/939 942/942/942 939/939/939 
f 942/942/942 943/943/943 939/939/939 
f 939/939/939 943/943/943 937/937/937 
f 943/943/943 943/943/943 937/937/937 
f 937/937/937 943/943/943 935/935/935 
f 943/943/943 944/944/944 935/935/935 
f 935/935/935 944/944/944 934/934/934 
f 944/944/944 945/945/945 934/934/934 
f 934/934/934 945/945/945 946/946/946 
f 945/945/945 946/946/946 946/946/946 
f 946/946/946 946/946/946 932/932/932 
f 946/946/946 932/932/932 932/932/932 
f 932/932/932 932/932/932 936/936/936 
f 932/932/932 931/931/931 936/936/936 
f 936/936/936 931/931/931 947/947/947 
f 931/931/931 930/930/930 947/947/947 
f 947/947/947 930/930/930 947/947/947 
f 930/930/930 929/929/929 947/947/947 
f 947/947/947 929/929/929 936/936/936 
f 929/929/929 936/936/936 936/936/936 
f 936/936/936 936/936/936 924/924/924 
f 936/936/936 924/924/924 924/924/924 
f 924/924/924 924/924/924 926/926/926 
f 924/924/924 933/933/933 926/926/926 
f 926/926/926 933/933/933 933/933/933 
f 933/933/933 943/943/943 933/933/933 
f 933/933/933 943/943/943 943/943/943 
f 943/943/943 942/942/942 943/943/943 
f 943/943/943 942/942/942 948/948/948 
f 942/942/942 949/949/949 948/948/948 
f 948/948/948 949/949/949 950/950/950 
f 949/949/949 951/951/951 950/950/950 
f 950/950/950 951/951/951 952/952/952 
f 951/951/951 953/953/953 952/952/952 
f 952/952/952 953/953/953 952/952/952 
f 953/953/953 954/954/954 952/952/952 
f 952/952/952 954/954/954 952/952/952 
f 954/954/954 955/955/955 952/952/952 
f 952/952/952 955/955/955 956/956/956 
f 955/955/955 956/956/956 956/956/956 
f 956/956/956 956/956/956 942/942/942 
f 956/956/956 942/942/942 942/942/942 
f 942/942/942 942/942/942 949/949/949 
f 942/942/942 941/941/941 949/949/949 
f 949/949/949 941/941/941 949/949/949 
f 941/941/941 957/957/957 949/949/949 
f 949/949/949 957/957/957 949/949/949 
f 957/957/957 958/958/958 949/949/949 
f 949/949/949 958/958/958 951/951/951 
f 958/958/958 951/951/951 951/951/951 
f 951/951/951 951/951/951 493/493/493 
f 951/951/951 493/493/493 493/493/493 
f 493/493/493 493/493/493 959/959/959 
f 493/493/493 960/960/960 959/959/959 
f 959/959/959 960/960/960 961/961/961 
f 960/960/960 490/490/490 961/961/961 
f 961/961/961 490/490/490 961/961/961 
f 490/490/490 962/962/962 961/961/961 
f 961/961/961 962/962/962 963/963/963 
f 962/962/962 964/964/964 963/963/963 
f 963/963/963 964/964/964 963/963/963 
f 964/964/964 965/965/965 963/963/963 
f 963/963/963 965/965/965 966/966/966 
f 965/965/965 965/965/965 966/966/966 
f 966/966/966 965/965/965 967/967/967 
f 965/965/965 965/965/965 967/967/967 
f 967/967/967 965/965/965 968/968/968 
f 965/965/965 965/965/965 968/968/968 
f 968/968/968 965/965/965 969/969/969 
f 965/965/965 965/965/965 969/969/969 
f 969/969/969 965/965/965 970/970/970 
f 965/965/965 964/964/964 970/970/970 
f 970/970/970 964/964/964 971/971/971 
f 964/964/964 972/972/972 971/971/971 
f 971/971/971 972/972/972 972/972/972 
f 972/972/972 959/959/959 972/972/972 
f 972/972/972 959/959/959 959/959/959 
f 959/959/959 961/961/961 959/959/959 
f 959/959/959 961/961/961 966/966/966 
f 961/961/961 963/963/963 966/966/966 
f 966/966/966 963/963/963 963/963/963 
f 963/963/963 493/493/493 963/963/963 
f 963/963/963 493/493/493 493/493/493 
f 493/493/493 490/490/490 493/493/493 
f 493/493/493 490/490/490 960/960/960 
f 490/490/490 960/960/960 960/960/960 
f 960/960/960 960/960/960 962/962/962 
f 960/960/960 962/962/962 962/962/962 
f 962/962/962 962/962/962 964/964/964 
f 962/962/962 491/491/491 964/964/964 
f 964/964/964 491/491/491 491/491/491 
f 491/491/491 971/971/971 491/491/491 
f 491/491/491 971/971/971 971/971/971 
f 971/971/971 973/973/973 971/971/971 
f 971/971/971 973/973/973 970/970/970 
f 973/973/973 973/973/973 970/970/970 
f 970/970/970 973/973/973 969/969/969 
f 973/973/973 974/974/974 969/969/969 
f 969/969/969 974/974/974 975/975/975 
f 974/974/974 976/976/976 975/975/975 
f 975/975/975 976/976/976 977/977/977 
f 976/976/976 976/976/976 977/977/977 
f 977/977/977 976/976/976 978/978/978 
f 976/976/976 976/976/976 978/978/978 
f 978/978/978 976/976/976 979/979/979 
f 976/976/976 980/980/980 979/979/979 
f 979/979/979 980/980/980 981/981/981 
f 980/980/980 982/982/982 981/981/981 
f 981/981/981 982/982/982 982/982/982 
f 982/982/982 974/974/974 982/982/982 
f 982/982/982 974/974/974 974/974/974 
f 974/974/974 973/973/973 974/974/974 
f 974/974/974 973/973/973 976/976/976 
f 973/973/973 980/980/980 976/976/976 
f 976/976/976 980/980/980 980/980/980 
f 980/980/980 983/983/983 980/980/980 
f 980/980/980 983/983/983 983/983/983 
f 983/983/983 984/984/984 983/983/983 
f 983/983/983 984/984/984 985/985/985 
f 984/984/984 986/986/986 985/985/985 
f 985/985/985 986/986/986 987/987/987 
f 986/986/986 987/987/987 987/987/987 
f 987/987/987 987/987/987 984/984/984 
f 987/987/987 984/984/984 984/984/984 
f 984/984/984 984/984/984 986/986/986 
f 984/984/984 988/988/988 986/986/986 
f 986/986/986 988/988/988 989/989/989 
f 988/988/988 988/988/988 989/989/989 
f 989/989/989 988/988/988 990/990/990 
f 988/988/988 991/991/991 990/990/990 
f 990/990/990 991/991/991 992/992/992 
f 991/991/991 993/993/993 992/992/992 
f 992/992/992 993/993/993 993/993/993 
f 993/993/993 992/992/992 993/993/993 
f 993/993/993 992/992/992 992/992/992 
f 992/992/992 994/994/994 992/992/992 
f 992/992/992 994/994/994 990/990/990 
f 994/994/994 990/990/990 990/990/990 
f 990/990/990 990/990/990 812/812/812 
f 990/990/990 812/812/812 812/812/812 
f 812/812/812 812/812/812 995/995/995 
f 812/812/812 811/811/811 995/995/995 
f 995/995/995 811/811/811 996/996/996 
f 811/811/811 816/816/816 996/996/996 
f 996/996/996 816/816/816 996/996/996 
f 816/816/816 997/997/997 996/996/996 
f 996/996/996 997/997/997 996/996/996 
f 997/997/997 998/998/998 996/996/996 
f 996/996/996 998/998/998 996/996/996 
f 998/998/998 999/999/999 996/996/996 
f 996/996/996 999/999/999 995/995/995 
f 999/999/999 995/995/995 995/995/995 
f 995/995/995 995/995/995 1000/1000/1000 
f 995/995/995 1000/1000/1000 1000/1000/1000 
f 1000/1000/1000 1000/1000/1000 1001/1001/1001 
f 1000/1000/1000 1002/1002/1002 1001/1001/1001 
f 1001/1001/1001 1002/1002/1002 1003/1003/1003 
f 1002/1002/1002 1004/1004/1004 1003/1003/1003 
f 1003/1003/1003 1004/1004/1004 1004/1004/1004 
f 1004/1004/1004 1001/1001/1001 1004/1004/1004 
f 1004/1004/1004 1001/1001/1001 1001/1001/1001 
f 1001/1001/1001 1003/1003/1003 1001/1001/1001 
f 1001/1001/1001 1003/1003/1003 1005/1005/1005 
f 1003/1003/1003 1006/1006/1006 1005/1005/1005 
f 1005/1005/1005 1006/1006/1006 1006/1006/1006 
f 1006/1006/1006 1007/1007/1007 1006/1006/1006 
f 1006/1006/1006 1007/1007/1007 1007/1007/1007 
f 1007/1007/1007 1008/1008/1008 1007/1007/1007 
f 1007/1007/1007 1008/1008/1008 1009/1009/1009 
f 1008/1008/1008 1010/1010/1010 1009/1009/1009 
f 1009/1009/1009 1010/1010/1010 1009/1009/1009 
f 1010/1010/1010 1011/1011/1011 1009/1009/1009 
f 1009/1009/1009 1011/1011/1011 1012/1012/1012 
f 1011/1011/1011 1013/1013/1013 1012/1012/1012 
f 1012/1012/1012 1013/1013/1013 1014/1014/1014 
f 1013/1013/1013 1013/1013/1013 1014/1014/1014 
f 1014/1014/1014 1013/1013/1013 1015/1015/1015 
f 1013/1013/1013 1016/1016/1016 1015/1015/1015 
f 1015/1015/1015 1016/1016/1016 1017/1017/1017 
f 1016/1016/1016 1017/1017/1017 1017/1017/1017 
f 1017/1017/1017 1017/1017/1017 1010/1010/1010 
f 1017/1017/1017 1010/1010/1010 1010/1010/1010 
f 1010/1010/1010 1010/1010/1010 1018/1018/1018 
f 1010/1010/1010 1008/1008/1008 1018/1018/1018 
f 1018/1018/1018 1008/1008/1008 1008/1008/1008 
f 1008/1008/1008 1013/1013/1013 1008/1008/1008 
f 1008/1008/1008 1013/1013/1013 1013/1013/1013 
f 1013/1013/1013 1011/1011/1011 1013/1013/1013 
f 1013/1013/1013 1011/1011/1011 1016/1016/1016 
f 1011/1011/1011 1019/1019/1019 1016/1016/1016 
f 1016/1016/1016 1019/1019/1019 1020/1020/1020 
f 1019/1019/1019 1021/1021/1021 1020/1020/1020 
f 1020/1020/1020 1021/1021/1021 1022/1022/1022 
f 1021/1021/1021 1022/1022/1022 1022/1022/1022 
f 1022/1022/1022 1022/1022/1022 1019/1019/1019 
f 1022/1022/1022 1019/1019/1019 1019/1019/1019 
f 1019/1019/1019 1019/1019/1019 1021/1021/1021 
f 1019/1019/1019 1011/1011/1011 1021/1021/1021 
f 1021/1021/1021 1011/1011/1011 1021/1021/1021 
f 1011/1011/1011 1010/1010/1010 1021/1021/1021 
f 1021/1021/1021 1010/1010/1010 1023/1023/1023 
f 1010/1010/1010 1024/1024/1024 1023/1023/1023 
f 1023/1023/1023 1024/1024/1024 1025/1025/1025 
f 1024/1024/1024 1026/1026/1026 1025/1025/1025 
f 1025/1025/1025 1026/1026/1026 1027/1027/1027 
f 1026/1026/1026 1026/1026/1026 1027/1027/1027 
f 1027/1027/1027 1026/1026/1026 1028/1028/1028 
f 1026/1026/1026 1026/1026/1026 1028/1028/1028 
f 1028/1028/1028 1026/1026/1026 1029/1029/1029 
f 1026/1026/1026 1018/1018/1018 1029/1029/1029 
f 1029/1029/1029 1018/1018/1018 1030/1030/1030 
f 1018/1018/1018 1030/1030/1030 1030/1030/1030 
f 1030/1030/1030 1030/1030/1030 1010/1010/1010 
f 1030/1030/1030 1010/1010/1010 1010/1010/1010 
f 1010/1010/1010 1010/1010/1010 1024/1024/1024 
f 1010/1010/1010 1018/1018/1018 1024/1024/1024 
f 1024/1024/1024 1018/1018/1018 1026/1026/1026 
f 1018/1018/1018 1026/1026/1026 1026/1026/1026 
f 1026/1026/1026 1026/1026/1026 1031/1031/1031 
f 1026/1026/1026 1031/1031/1031 1031/1031/1031 
f 1031/1031/1031 1031/1031/1031 1032/1032/1032 
f 1031/1031/1031 1033/1033/1033 1032/1032/1032 
f 1032/1032/1032 1033/1033/1033 1032/1032/1032 
f 1033/1033/1033 1034/1034/1034 1032/1032/1032 
f 1032/1032/1032 1034/1034/1034 1032/1032/1032 
f 1034/1034/1034 1035/1035/1035 1032/1032/1032 
f 1032/1032/1032 1035/1035/1035 1036/1036/1036 
f 1035/1035/1035 1037/1037/1037 1036/1036/1036 
f 1036/1036/1036 1037/1037/1037 1037/1037/1037 
f 1037/1037/1037 1038/1038/1038 1037/1037/1037 
f 1037/1037/1037 1038/1038/1038 1038/1038/1038 
f 1038/1038/1038 1039/1039/1039 1038/1038/1038 
f 1038/1038/1038 1039/1039/1039 1040/1040/1040 
f 1039/1039/1039 1041/1041/1041 1040/1040/1040 
f 1040/1040/1040 1041/1041/1041 1042/1042/1042 
f 1041/1041/1041 1041/1041/1041 1042/1042/1042 
f 1042/1042/1042 1041/1041/1041 1043/1043/1043 
f 1041/1041/1041 1041/1041/1041 1043/1043/1043 
f 1043/1043/1043 1041/1041/1041 1044/1044/1044 
f 1041/1041/1041 1045/1045/1045 1044/1044/1044 
f 1044/1044/1044 1045/1045/1045 1046/1046/1046 
f 1045/1045/1045 1045/1045/1045 1046/1046/1046 
f 1046/1046/1046 1045/1045/1045 1047/1047/1047 
f 1045/1045/1045 1048/1048/1048 1047/1047/1047 
f 1047/1047/1047 1048/1048/1048 1047/1047/1047 
f 1048/1048/1048 1049/1049/1049 1047/1047/1047 
f 1047/1047/1047 1049/1049/1049 1050/1050/1050 
f 1049/1049/1049 1050/1050/1050 1050/1050/1050 
f 1050/1050/1050 1050/1050/1050 1045/1045/1045 
f 1050/1050/1050 1045/1045/1045 1045/1045/1045 
f 1045/1045/1045 1045/1045/1045 1048/1048/1048 
f 1045/1045/1045 1041/1041/1041 1048/1048/1048 
f 1048/1048/1048 1041/1041/1041 1051/1051/1051 
f 1041/1041/1041 1039/1039/1039 1051/1051/1051 
f 1051/1051/1051 1039/1039/1039 1052/1052/1052 
f 1039/1039/1039 1053/1053/1053 1052/1052/1052 
f 1052/1052/1052 1053/1053/1053 1052/1052/1052 
f 1053/1053/1053 1054/1054/1054 1052/1052/1052 
f 1052/1052/1052 1054/1054/1054 1052/1052/1052 
f 1054/1054/1054 1055/1055/1055 1052/1052/1052 
f 1052/1052/1052 1055/1055/1055 1051/1051/1051 
f 1055/1055/1055 1055/1055/1055 1051/1051/1051 
f 1051/1051/1051 1055/1055/1055 1048/1048/1048 
f 1055/1055/1055 1056/1056/1056 1048/1048/1048 
f 1048/1048/1048 1056/1056/1056 1056/1056/1056 
f 1056/1056/1056 1039/1039/1039 1056/1056/1056 
f 1056/1056/1056 1039/1039/1039 1039/1039/1039 
f 1039/1039/1039 1057/1057/1057 1039/1039/1039 
f 1039/1039/1039 1057/1057/1057 1053/1053/1053 
f 1057/1057/1057 1058/1058/1058 1053/1053/1053 
f 1053/1053/1053 1058/1058/1058 1059/1059/1059 
f 1058/1058/1058 1060/1060/1060 1059/1059/1059 
f 1059/1059/1059 1060/1060/1060 1059/1059/1059 
f 1060/1060/1060 1061/1061/1061 1059/1059/1059 
f 1059/1059/1059 1061/1061/1061 1062/1062/1062 
f 1061/1061/1061 1063/1063/1063 1062/1062/1062 
f 1062/1062/1062 1063/1063/1063 1062/1062/1062 
f 1063/1063/1063 1064/1064/1064 1062/1062/1062 
f 1062/1062/1062 1064/1064/1064 1053/1053/1053 
f 1064/1064/1064 1054/1054/1054 1053/1053/1053 
f 1053/1053/1053 1054/1054/1054 1054/1054/1054 
f 1054/1054/1054 1058/1058/1058 1054/1054/1054 
f 1054/1054/1054 1058/1058/1058 1058/1058/1058 
f 1058/1058/1058 1065/1065/1065 1058/1058/1058 
f 1058/1058/1058 1065/1065/1065 1060/1060/1060 
f 1065/1065/1065 1066/1066/1066 1060/1060/1060 
f 1060/1060/1060 1066/1066/1066 1066/1066/1066 
f 1066/1066/1066 1059/1059/1059 1066/1066/1066 
f 1066/1066/1066 1059/1059/1059 1059/1059/1059 
f 1059/1059/1059 1062/1062/1062 1059/1059/1059 
f 1059/1059/1059 1062/1062/1062 1053/1053/1053 
f 1062/1062/1062 1053/1053/1053 1053/1053/1053 
f 1053/1053/1053 1053/1053/1053 1063/1063/1063 
f 1053/1053/1053 1063/1063/1063 1063/1063/1063 
f 1063/1063/1063 1063/1063/1063 1067/1067/1067 
f 1063/1063/1063 1061/1061/1061 1067/1067/1067 
f 1067/1067/1067 1061/1061/1061 1068/1068/1068 
f 1061/1061/1061 1069/1069/1069 1068/1068/1068 
f 1068/1068/1068 1069/1069/1069 1069/1069/1069 
f 1069/1069/1069 1070/1070/1070 1069/1069/1069 
f 1069/1069/1069 1070/1070/1070 1070/1070/1070 
f 1070/1070/1070 1071/1071/1071 1070/1070/1070 
f 1070/1070/1070 1071/1071/1071 1072/1072/1072 
f 1071/1071/1071 1072/1072/1072 1072/1072/1072 
f 1072/1072/1072 1072/1072/1072 1073/1073/1073 
f 1072/1072/1072 1073/1073/1073 1073/1073/1073 
f 1073/1073/1073 1073/1073/1073 1074/1074/1074 
f 1073/1073/1073 1075/1075/1075 1074/1074/1074 
f 1074/1074/1074 1075/1075/1075 1076/1076/1076 
f 1075/1075/1075 1075/1075/1075 1076/1076/1076 
f 1076/1076/1076 1075/1075/1075 1077/1077/1077 
f 1075/1075/1075 1075/1075/1075 1077/1077/1077 
f 1077/1077/1077 1075/1075/1075 1078/1078/1078 
f 1075/1075/1075 1075/1075/1075 1078/1078/1078 
f 1078/1078/1078 1075/1075/1075 1079/1079/1079 
f 1075/1075/1075 1080/1080/1080 1079/1079/1079 
f 1079/1079/1079 1080/1080/1080 1081/1081/1081 
f 1080/1080/1080 1073/1073/1073 1081/1081/1081 
f 1081/1081/1081 1073/1073/1073 1082/1082/1082 
f 1073/1073/1073 1082/1082/1082 1082/1082/1082 
f 1082/1082/1082 1082/1082/1082 1080/1080/1080 
f 1082/1082/1082 1080/1080/1080 1080/1080/1080 
f 1080/1080/1080 1080/1080/1080 1073/1073/1073 
f 1080/1080/1080 1075/1075/1075 1073/1073/1073 
f 1073/1073/1073 1075/1075/1075 1075/1075/1075 
f 1075/1075/1075 1081/1081/1081 1075/1075/1075 
f 1075/1075/1075 1081/1081/1081 1081/1081/1081 
f 1081/1081/1081 1083/1083/1083 1081/1081/1081 
f 1081/1081/1081 1083/1083/1083 1079/1079/1079 
f 1083/1083/1083 1079/1079/1079 1079/1079/1079 
f 1079/1079/1079 1079/1079/1079 1084/1084/1084 
f 1079/1079/1079 1084/1084/1084 1084/1084/1084 
f 1084/1084/1084 1084/1084/1084 1085/1085/1085 
f 1084/1084/1084 1086/1086/1086 1085/1085/1085 
f 1085/1085/1085 1086/1086/1086 1085/1085/1085 
f 1086/1086/1086 1087/1087/1087 1085/1085/1085 
f 1085/1085/1085 1087/1087/1087 1088/1088/1088 
f 1087/1087/1087 1089/1089/1089 1088/1088/1088 
f 1088/1088/1088 1089/1089/1089 1090/1090/1090 
f 1089/1089/1089 1090/1090/1090 1090/1090/1090 
f 1090/1090/1090 1090/1090/1090 1089/1089/1089 
f 1090/1090/1090 1089/1089/1089 1089/1089/1089 
f 1089/1089/1089 1089/1089/1089 1091/1091/1091 
f 1089/1089/1089 1087/1087/1087 1091/1091/1091 
f 1091/1091/1091 1087/1087/1087 1091/1091/1091 
f 1087/1087/1087 1092/1092/1092 1091/1091/1091 
f 1091/1091/1091 1092/1092/1092 1093/1093/1093 
f 1092/1092/1092 1094/1094/1094 1093/1093/1093 
f 1093/1093/1093 1094/1094/1094 1095/1095/1095 
f 1094/1094/1094 1095/1095/1095 1095/1095/1095 
f 1095/1095/1095 1095/1095/1095 1096/1096/1096 
f 1095/1095/1095 1096/1096/1096 1096/1096/1096 
f 1096/1096/1096 1096/1096/1096 1097/1097/1097 
f 1096/1096/1096 1098/1098/1098 1097/1097/1097 
f 1097/1097/1097 1098/1098/1098 1099/1099/1099 
f 1098/1098/1098 1100/1100/1100 1099/1099/1099 
f 1099/1099/1099 1100/1100/1100 1099/1099/1099 
f 1100/1100/1100 1094/1094/1094 1099/1099/1099 
f 1099/1099/1099 1094/1094/1094 1101/1101/1101 
f 1094/1094/1094 1092/1092/1092 1101/1101/1101 
f 1101/1101/1101 1092/1092/1092 1102/1102/1102 
f 1092/1092/1092 1087/1087/1087 1102/1102/1102 
f 1102/1102/1102 1087/1087/1087 1102/1102/1102 
f 1087/1087/1087 1086/1086/1086 1102/1102/1102 
f 1102/1102/1102 1086/1086/1086 1102/1102/1102 
f 1086/1086/1086 1103/1103/1103 1102/1102/1102 
f 1102/1102/1102 1103/1103/1103 1102/1102/1102 
f 1103/1103/1103 1104/1104/1104 1102/1102/1102 
f 1102/1102/1102 1104/1104/1104 1101/1101/1101 
f 1104/1104/1104 1105/1105/1105 1101/1101/1101 
f 1101/1101/1101 1105/1105/1105 1097/1097/1097 
f 1105/1105/1105 1106/1106/1106 1097/1097/1097 
f 1097/1097/1097 1106/1106/1106 1106/1106/1106 
f 1106/1106/1106 1101/1101/1101 1106/1106/1106 
f 1106/1106/1106 1101/1101/1101 1101/1101/1101 
f 1101/1101/1101 1097/1097/1097 1101/1101/1101 
f 1101/1101/1101 1097/1097/1097 1099/1099/1099 
f 1097/1097/1097 1099/1099/1099 1099/1099/1099 
f 1099/1099/1099 1099/1099/1099 1107/1107/1107 
f 1099/1099/1099 1107/1107/1107 1107/1107/1107 
f 1107/1107/1107 1107/1107/1107 1108/1108/1108 
f 1107/1107/1107 1109/1109/1109 1108/1108/1108 
f 1108/1108/1108 1109/1109/1109 1108/1108/1108 
f 1109/1109/1109 1110/1110/1110 1108/1108/1108 
f 1108/1108/1108 1110/1110/1110 1111/1111/1111 
f 1110/1110/1110 1110/1110/1110 1111/1111/1111 
f 1111/1111/1111 1110/1110/1110 1112/1112/1112 
f 1110/1110/1110 1113/1113/1113 1112/1112/1112 
f 1112/1112/1112 1113/1113/1113 1114/1114/1114 
f 1113/1113/1113 1113/1113/1113 1114/1114/1114 
f 1114/1114/1114 1113/1113/1113 1115/1115/1115 
f 1113/1113/1113 1116/1116/1116 1115/1115/1115 
f 1115/1115/1115 1116/1116/1116 1115/1115/1115 
f 1116/1116/1116 1117/1117/1117 1115/1115/1115 
f 1115/1115/1115 1117/1117/1117 1118/1118/1118 
f 1117/1117/1117 1119/1119/1119 1118/1118/1118 
f 1118/1118/1118 1119/1119/1119 1120/1120/1120 
f 1119/1119/1119 1121/1121/1121 1120/1120/1120 
f 1120/1120/1120 1121/1121/1121 1121/1121/1121 
f 1121/1121/1121 1113/1113/1113 1121/1121/1121 
f 1121/1121/1121 1113/1113/1113 1113/1113/1113 
f 1113/1113/1113 1110/1110/1110 1113/1113/1113 
f 1113/1113/1113 1110/1110/1110 1116/1116/1116 
f 1110/1110/1110 1122/1122/1122 1116/1116/1116 
f 1116/1116/1116 1122/1122/1122 1122/1122/1122 
f 1122/1122/1122 1123/1123/1123 1122/1122/1122 
f 1122/1122/1122 1123/1123/1123 1123/1123/1123 
f 1123/1123/1123 1124/1124/1124 1123/1123/1123 
f 1123/1123/1123 1124/1124/1124 1125/1125/1125 
f 1124/1124/1124 1124/1124/1124 1125/1125/1125 
f 1125/1125/1125 1124/1124/1124 1120/1120/1120 
f 1124/1124/1124 1124/1124/1124 1120/1120/1120 
f 1120/1120/1120 1124/1124/1124 1118/1118/1118 
f 1124/1124/1124 1124/1124/1124 1118/1118/1118 
f 1118/1118/1118 1124/1124/1124 1115/1115/1115 
f 1124/1124/1124 1124/1124/1124 1115/1115/1115 
f 1115/1115/1115 1124/1124/1124 1114/1114/1114 
f 1124/1124/1124 1126/1126/1126 1114/1114/1114 
f 1114/1114/1114 1126/1126/1126 1114/1114/1114 
f 1126/1126/1126 1127/1127/1127 1114/1114/1114 
f 1114/1114/1114 1127/1127/1127 1128/1128/1128 
f 1127/1127/1127 1128/1128/1128 1128/1128/1128 
f 1128/1128/1128 1128/1128/1128 1129/1129/1129 
f 1128/1128/1128 1129/1129/1129 1129/1129/1129 
f 1129/1129/1129 1129/1129/1129 1130/1130/1130 
f 1129/1129/1129 1131/1131/1131 1130/1130/1130 
f 1130/1130/1130 1131/1131/1131 1132/1132/1132 
f 1131/1131/1131 1131/1131/1131 1132/1132/1132 
f 1132/1132/1132 1131/1131/1131 1133/1133/1133 
f 1131/1131/1131 1134/1134/1134 1133/1133/1133 
f 1133/1133/1133 1134/1134/1134 1135/1135/1135 
f 1134/1134/1134 1136/1136/1136 1135/1135/1135 
f 1135/1135/1135 1136/1136/1136 1136/1136/1136 
f 1136/1136/1136 1137/1137/1137 1136/1136/1136 
f 1136/1136/1136 1137/1137/1137 1137/1137/1137 
f 1137/1137/1137 1138/1138/1138 1137/1137/1137 
f 1137/1137/1137 1138/1138/1138 1139/1139/1139 
f 1138/1138/1138 1140/1140/1140 1139/1139/1139 
f 1139/1139/1139 1140/1140/1140 1141/1141/1141 
f 1140/1140/1140 1142/1142/1142 1141/1141/1141 
f 1141/1141/1141 1142/1142/1142 1143/1143/1143 
f 1142/1142/1142 1144/1144/1144 1143/1143/1143 
f 1143/1143/1143 1144/1144/1144 1144/1144/1144 
f 1144/1144/1144 1145/1145/1145 1144/1144/1144 
f 1144/1144/1144 1145/1145/1145 1145/1145/1145 
f 1145/1145/1145 1146/1146/1146 1145/1145/1145 
f 1145/1145/1145 1146/1146/1146 1147/1147/1147 
f 1146/1146/1146 1147/1147/1147 1147/1147/1147 
f 1147/1147/1147 1147/1147/1147 1148/1148/1148 
f 1147/1147/1147 1148/1148/1148 1148/1148/1148 
f 1148/1148/1148 1148/1148/1148 1149/1149/1149 
f 1148/1148/1148 1150/1150/1150 1149/1149/1149 
f 1149/1149/1149 1150/1150/1150 1150/1150/1150 
f 1150/1150/1150 1151/1151/1151 1150/1150/1150 
f 1150/1150/1150 1151/1151/1151 1151/1151/1151 
f 1151/1151/1151 1152/1152/1152 1151/1151/1151 
f 1151/1151/1151 1152/1152/1152 1153/1153/1153 
f 1152/1152/1152 1153/1153/1153 1153/1153/1153 
f 1153/1153/1153 1153/1153/1153 1154/1154/1154 
f 1153/1153/1153 1154/1154/1154 1154/1154/1154 
f 1154/1154/1154 1154/1154/1154 1155/1155/1155 
f 1154/1154/1154 1156/1156/1156 1155/1155/1155 
f 1155/1155/1155 1156/1156/1156 1156/1156/1156 
f 1156/1156/1156 1157/1157/1157 1156/1156/1156 
f 1156/1156/1156 1157/1157/1157 1157/1157/1157 
f 1157/1157/1157 1158/1158/1158 1157/1157/1157 
f 1157/1157/1157 1158/1158/1158 1159/1159/1159 
f 1158/1158/1158 1160/1160/1160 1159/1159/1159 
f 1159/1159/1159 1160/1160/1160 1159/1159/1159 
f 1160/1160/1160 1161/1161/1161 1159/1159/1159 
f 1159/1159/1159 1161/1161/1161 1162/1162/1162 
f 1161/1161/1161 1162/1162/1162 1162/1162/1162 
f 1162/1162/1162 1162/1162/1162 1158/1158/1158 
f 1162/1162/1162 1158/1158/1158 1158/1158/1158 
f 1158/1158/1158 1158/1158/1158 1160/1160/1160 
f 1158/1158/1158 1163/1163/1163 1160/1160/1160 
f 1160/1160/1160 1163/1163/1163 1163/1163/1163 
f 1163/1163/1163 1164/1164/1164 1163/1163/1163 
f 1163/1163/1163 1164/1164/1164 1164/1164/1164 
f 1164/1164/1164 1165/1165/1165 1164/1164/1164 
f 1164/1164/1164 1165/1165/1165 1166/1166/1166 
f 1165/1165/1165 1166/1166/1166 1166/1166/1166 
f 1166/1166/1166 1166/1166/1166 1167/1167/1167 
f 1166/1166/1166 1167/1167/1167 1167/1167/1167 
f 1167/1167/1167 1167/1167/1167 1168/1168/1168 
f 1167/1167/1167 1169/1169/1169 1168/1168/1168 
f 1168/1168/1168 1169/1169/1169 1168/1168/1168 
f 1169/1169/1169 1170/1170/1170 1168/1168/1168 
f 1168/1168/1168 1170/1170/1170 1171/1171/1171 
f 1170/1170/1170 1170/1170/1170 1171/1171/1171 
f 1171/1171/1171 1170/1170/1170 1172/1172/1172 
f 1170/1170/1170 1173/1173/1173 1172/1172/1172 
f 1172/1172/1172 1173/1173/1173 1172/1172/1172 
f 1173/1173/1173 1174/1174/1174 1172/1172/1172 
f 1172/1172/1172 1174/1174/1174 1175/1175/1175 
f 1174/1174/1174 1176/1176/1176 1175/1175/1175 
f 1175/1175/1175 1176/1176/1176 1176/1176/1176 
f 1176/1176/1176 1170/1170/1170 1176/1176/1176 
f 1176/1176/1176 1170/1170/1170 1170/1170/1170 
f 1170/1170/1170 1177/1177/1177 1170/1170/1170 
f 1170/1170/1170 1177/1177/1177 1173/1173/1173 
f 1177/1177/1177 1178/1178/1178 1173/1173/1173 
f 1173/1173/1173 1178/1178/1178 1178/1178/1178 
f 1178/1178/1178 1140/1140/1140 1178/1178/1178 
f 1178/1178/1178 1140/1140/1140 1140/1140/1140 
f 1140/1140/1140 1179/1179/1179 1140/1140/1140 
f 1140/1140/1140 1179/1179/1179 1180/1180/1180 
f 1179/1179/1179 1179/1179/1179 1180/1180/1180 
f 1180/1180/1180 1179/1179/1179 1181/1181/1181 
f 1179/1179/1179 1179/1179/1179 1181/1181/1181 
f 1181/1181/1181 1179/1179/1179 1138/1138/1138 
f 1179/1179/1179 1140/1140/1140 1138/1138/1138 

