mtllib model_2.mtl
o model_2
v -0.006810671184211969 0.14142151176929474 0.016412965953350067 
v -0.00395155418664217 0.137008935213089 0.01983851194381714 
v -0.0034660440869629383 0.14142151176929474 0.01741096004843712 
v 0.00001344720021734247 0.137008935213089 0.02021612972021103 
v 0.00001344720021734247 0.14142151176929474 0.017761604860424995 
v -0.003385125659406185 0.1422424465417862 0.017060313373804092 
v 0.00001344720021734247 0.1422424465417862 0.01741096004843712 
v -0.003331179963424802 0.14337125420570374 0.016790583729743958 
v -0.006540943402796984 0.14337125420570374 0.01581956259906292 
v -0.006648834329098463 0.1422424465417862 0.01606231927871704 
v 0.003465965623036027 0.14142151176929474 0.01741096004843712 
v 0.003951475955545902 0.137008935213089 0.01983851194381714 
v 0.004410013556480408 0.13259635865688324 0.022239090874791145 
v 0.00001344720021734247 0.13259635865688324 0.022670654579997063 
v -0.004410091787576675 0.13259635865688324 0.022239090874791145 
v -0.00772774638608098 0.137008935213089 0.018678680062294006 
v -0.009858598001301289 0.14142151176929474 0.014767623506486416 
v -0.009669788181781769 0.1422424465417862 0.014470922760665417 
v -0.009507951326668262 0.14337125420570374 0.014228167943656445 
v -0.009454005397856236 0.14450004696846008 0.014147249981760979 
v -0.00651397043839097 0.14450004696846008 0.015711670741438866 
v -0.003331179963424802 0.14450004696846008 0.016682691872119904 
v 0.00001344720021734247 0.14337125420570374 0.01711425743997097 
v 0.003385047195479274 0.1422424465417862 0.017060313373804092 
v 0.006810592953115702 0.14142151176929474 0.016412965953350067 
v 0.007727668154984713 0.137008935213089 0.018678680062294006 
v 0.00867171585559845 0.13259635865688324 0.020944396033883095 
v 0.008968416601419449 0.131159707903862 0.021618718281388283 
v 0.004571850411593914 0.131159707903862 0.022940384224057198 
v 0.00001344720021734247 0.131159707903862 0.023398922756314278 
v -0.004571928642690182 0.131159707903862 0.022940384224057198 
v -0.008671794086694717 0.13259635865688324 0.020944396033883095 
v -0.011234210804104805 0.137008935213089 0.01681755855679512 
v -0.012555877678096294 0.14142151176929474 0.012555854395031929 
v -0.012313122861087322 0.1422424465417862 0.012313099578022957 
v -0.012097340077161789 0.14337125420570374 0.012097316794097424 
v -0.012016421183943748 0.14450004696846008 0.012016397900879383 
v -0.011746693402528763 0.16830742359161377 0.011746666394174099 
v -0.009238223545253277 0.16830742359161377 0.013823572546243668 
v -0.006352133583277464 0.16830742359161377 0.01536102220416069 
v -0.0032502615358680487 0.16830742359161377 0.016305068507790565 
v 0.00001344720021734247 0.14450004696846008 0.017006365582346916 
v 0.0033311014994978905 0.14337125420570374 0.016790583729743958 
v 0.006648756098002195 0.1422424465417862 0.01606231927871704 
v 0.009858518838882446 0.14142151176929474 0.014767623506486416 
v 0.011234131641685963 0.137008935213089 0.01681755855679512 
v 0.01258277241140604 0.13259635865688324 0.018840517848730087 
v 0.013014337047934532 0.131159707903862 0.01946089416742325 
v 0.013364982791244984 0.12962043285369873 0.02000034973025322 
v 0.009211172349750996 0.12962043285369873 0.022239092737436295 
v 0.004706714302301407 0.12962043285369873 0.023587731644511223 
v 0.00001344720021734247 0.12962043285369873 0.024073243141174316 
v -0.004706792999058962 0.12962043285369873 0.023587731644511223 
v -0.008968494832515717 0.131159707903862 0.021618718281388283 
v -0.012582850642502308 0.13259635865688324 0.018840517848730087 
v -0.014309109188616276 0.137008935213089 0.014309086836874485 
v -0.014767646789550781 0.14142151176929474 0.009858574718236923 
v -0.014470946043729782 0.1422424465417862 0.009669764898717403 
v -0.01422819122672081 0.14337125420570374 0.009507928043603897 
v -0.014147273264825344 0.14450004696846008 0.00945398211479187 
v -0.013823599554598331 0.16830742359161377 0.009238196536898613 
v -0.01320322509855032 0.17969802021980286 0.00883360207080841 
v -0.011234210804104805 0.17969802021980286 0.011234181933104992 
v -0.008833630941808224 0.17969802021980286 0.013203196227550507 
v -0.006082405801862478 0.17969802021980286 0.014659726992249489 
v -0.003088424913585186 0.17969802021980286 0.0155768021941185 
v 0.00001344720021734247 0.16830742359161377 0.016628742218017578 
v 0.0033311014994978905 0.14450004696846008 0.016682691872119904 
v 0.006540864706039429 0.14337125420570374 0.01581956259906292 
v 0.009669709950685501 0.1422424465417862 0.014470922760665417 
v 0.012555799447000027 0.14142151176929474 0.012555854395031929 
v 0.014309030957520008 0.137008935213089 0.014309086836874485 
v 0.01603529043495655 0.13259635865688324 0.016035346314311028 
v 0.01654777303338051 0.131159707903862 0.016547830775380135 
v 0.01700631156563759 0.12962043285369873 0.017006369307637215 
v 0.01784246787428856 0.1265418976545334 0.017842525616288185 
v 0.014012330211699009 0.1265418976545334 0.020971370860934258 
v 0.009642736986279488 0.1265418976545334 0.023318003863096237 
v 0.004922496620565653 0.1265418976545334 0.024747563526034355 
v 0.00001344720021734247 0.1265418976545334 0.0252330731600523 
v 0.005165251903235912 0.12182147800922394 0.026015283539891243 
v 0.010155219584703445 0.12182147800922394 0.024504806846380234 
v 0.0147405955940485 0.12182147055864334 0.0220502819865942 
v 0.01875954307615757 0.12182147055864334 0.018759600818157196 
v 0.022050224244594574 0.12182147055864334 0.014740655198693275 
v 0.02097131311893463 0.1265418976545334 0.014012387953698635 
v 0.020000291988253593 0.12962043285369873 0.01336504053324461 
v 0.019460836425423622 0.131159707903862 0.013014393858611584 
v 0.01884046196937561 0.13259635865688324 0.012582829222083092 
v 0.016817500814795494 0.137008935213089 0.011234188452363014 
v 0.020944340154528618 0.13259635865688324 0.008671772666275501 
v 0.021618660539388657 0.131159707903862 0.0089684734120965 
v 0.02223903499543667 0.12962043285369873 0.009211229160428047 
v 0.02331794612109661 0.1265418976545334 0.009642794728279114 
v 0.024504749104380608 0.12182147055864334 0.01015527918934822 
v 0.026015225797891617 0.12182147055864334 0.005165310576558113 
v 0.02474750392138958 0.1265418976545334 0.004922554828226566 
v 0.023587673902511597 0.12962043285369873 0.004706772044301033 
v 0.02294032648205757 0.131159707903862 0.004571907222270966 
v 0.02223903499543667 0.13259635865688324 0.004410070367157459 
v 0.01867862418293953 0.137008935213089 0.0077277240343391895 
v 0.014767568558454514 0.14142151176929474 0.009858574718236923 
v 0.01231304369866848 0.1422424465417862 0.012313099578022957 
v 0.009507873095571995 0.14337125420570374 0.014228167943656445 
v 0.0065138922072947025 0.14450004696846008 0.015711670741438866 
v 0.003250183304771781 0.16830742359161377 0.016305068507790565 
v 0.00001344720021734247 0.17969802021980286 0.0158735029399395 
v 0.0030883464496582747 0.17969802021980286 0.0155768021941185 
v 0.006352055352181196 0.16830742359161377 0.01536102220416069 
v 0.009453927166759968 0.14450004696846008 0.014147249981760979 
v 0.012097261846065521 0.14337125420570374 0.012097316794097424 
v 0.014470867812633514 0.1422424465417862 0.009669764898717403 
v 0.01641291007399559 0.14142151176929474 0.006810648366808891 
v 0.019838456064462662 0.137008935213089 0.003951531834900379 
v 0.022670598700642586 0.13259635865688324 -0.00001346880253549898 
v 0.02339886501431465 0.131159707903862 -0.000013468568795360625 
v 0.02407318539917469 0.12962043285369873 -0.000013468317774822935 
v 0.025233015418052673 0.1265418976545334 -0.000013467816643242259 
v 0.026527710258960724 0.12182147055864334 -0.000013467047210724559 
v 0.026986246928572655 0.11966648697853088 -0.000013466696145769674 
v 0.026473764330148697 0.11966648697853088 0.00527320196852088 
v 0.024936314672231674 0.11966648697853088 0.010317116044461727 
v 0.022454816848039627 0.11966648697853088 0.014983410015702248 
v 0.019083216786384583 0.11966648697853088 0.019083276391029358 
v 0.014983351342380047 0.11966648697853088 0.022454876452684402 
v 0.010317056439816952 0.11966649442911148 0.02493637427687645 
v 0.01511821523308754 0.11751151084899902 0.022616714239120483 
v 0.01921808160841465 0.11751151084899902 0.019218141213059425 
v 0.02261665277183056 0.11751151084899902 0.01511827390640974 
v 0.02512512356042862 0.11751151084899902 0.010398034006357193 
v 0.026662573218345642 0.11751151084899902 0.0053001753985881805 
v 0.02717505767941475 0.11751151084899902 -0.00001346634508081479 
v 0.026662573218345642 0.11751151084899902 -0.005300134886056185 
v 0.026473764330148697 0.11966648697853088 -0.005273162852972746 
v 0.026015225797891617 0.12182147055864334 -0.0051652719266712666 
v 0.02474750392138958 0.1265418976545334 -0.004922517109662294 
v 0.023587673902511597 0.12962043285369873 -0.004706735257059336 
v 0.02294032648205757 0.131159707903862 -0.00457187183201313 
v 0.02223903499543667 0.13259635865688324 -0.004410034976899624 
v 0.020216073840856552 0.137008935213089 -0.000013469521945808083 
v 0.017410902306437492 0.14142151176929474 0.0034660210367292166 
v 0.016062263399362564 0.1422424465417862 0.006648811046034098 
v 0.014228112995624542 0.14337125420570374 0.009507928043603897 
v 0.01201634295284748 0.14450004696846008 0.012016397900879383 
v 0.009238144382834435 0.16830742359161377 0.013823572546243668 
v 0.006082327105104923 0.17969802021980286 0.014659726992249489 
v 0.008833552710711956 0.17969802021980286 0.013203196227550507 
v 0.011746615171432495 0.16830742359161377 0.011746666394174099 
v 0.014147194102406502 0.14450004696846008 0.00945398211479187 
v 0.015819508582353592 0.14337125420570374 0.006540920119732618 
v 0.017060257494449615 0.1422424465417862 0.0033851023763418198 
v 0.01776154898107052 0.14142151176929474 -0.000013470240446622483 
v 0.019838456064462662 0.137008935213089 -0.003951498307287693 
v 0.020944340154528618 0.13259635865688324 -0.008671737276017666 
v 0.021618660539388657 0.131159707903862 -0.008968438021838665 
v 0.02223903499543667 0.12962043285369873 -0.009211193770170212 
v 0.02331794612109661 0.1265418976545334 -0.00964275747537613 
v 0.024504749104380608 0.12182147055864334 -0.010155239142477512 
v 0.024936314672231674 0.11966648697853088 -0.010317075997591019 
v 0.02512512356042862 0.11751151084899902 -0.01039799489080906 
v 0.025152096524834633 0.11094395816326141 -0.010424965992569923 
v 0.026689546182751656 0.11094395816326141 -0.00530013395473361 
v 0.027229001745581627 0.11094395816326141 -0.000013465275515045505 
v 0.026689546182751656 0.11094395816326141 0.005300176329910755 
v 0.025152096524834633 0.11094395816326141 0.010425008833408356 
v 0.022643625736236572 0.11094395816326141 0.01511827576905489 
v 0.019245052710175514 0.11094395816326141 0.01924511417746544 
v 0.022967299446463585 0.022076774388551712 0.015334072522819042 
v 0.02550274319946766 0.022076774388551712 0.010559886693954468 
v 0.027067165821790695 0.022076772525906563 0.005381109192967415 
v 0.027606621384620667 0.022076772525906563 -0.000013450797268887982 
v 0.027067165821790695 0.022076772525906563 -0.005381037946790457 
v 0.02550274319946766 0.022076770663261414 -0.010559815913438797 
v 0.022967299446463585 0.022076770663261414 -0.015334001742303371 
v 0.022643625736236572 0.11094395816326141 -0.015118232928216457 
v 0.02261665277183056 0.11751151084899902 -0.015118234790861607 
v 0.022454816848039627 0.11966648697853088 -0.014983370900154114 
v 0.022050224244594574 0.12182147055864334 -0.014740615151822567 
v 0.02097131311893463 0.1265418976545334 -0.01401235070079565 
v 0.020000291988253593 0.12962043285369873 -0.0133650042116642 
v 0.019460836425423622 0.131159707903862 -0.013014358468353748 
v 0.01884046196937561 0.13259635865688324 -0.012582793831825256 
v 0.01867862418293953 0.137008935213089 -0.007727690506726503 
v 0.017410902306437492 0.14142151176929474 -0.0034659886732697487 
v 0.017410902306437492 0.1422424465417862 -0.000013470374142343644 
v 0.01679052971303463 0.14337125420570374 0.0033311566803604364 
v 0.015711616724729538 0.14450004696846008 0.0065139466896653175 
v 0.01382352039217949 0.16830742359161377 0.009238196536898613 
v 0.011234131641685963 0.17969802021980286 0.011234181933104992 
v 0.013203145936131477 0.17969802021980286 0.00883360207080841 
v 0.015360970050096512 0.16830742359161377 0.006352106109261513 
v 0.016682637855410576 0.14450004696846008 0.003331156447529793 
v 0.017114201560616493 0.14337125420570374 -0.000013470558769768104 
v 0.017060257494449615 0.1422424465417862 -0.003385070478543639 
v 0.01641291007399559 0.14142151176929474 -0.00681061577051878 
v 0.016817500814795494 0.137008935213089 -0.011234153993427753 
v 0.01603529043495655 0.13259635865688324 -0.01603531278669834 
v 0.01654777303338051 0.131159707903862 -0.01654779352247715 
v 0.01700631156563759 0.12962043285369873 -0.01700633205473423 
v 0.01784246787428856 0.1265418976545334 -0.0178424883633852 
v 0.01875954307615757 0.12182147055864334 -0.01875956356525421 
v 0.019083216786384583 0.11966648697853088 -0.019083235412836075 
v 0.01921808160841465 0.11751151084899902 -0.019218100234866142 
v 0.019245052710175514 0.11094395816326141 -0.019245071336627007 
v 0.01951478235423565 0.022076768800616264 -0.019514786079525948 
v 0.01897532492876053 0.013662093318998814 -0.018975326791405678 
v 0.02231995202600956 0.013662093318998814 -0.014902434311807156 
v 0.024801449850201607 0.013662094250321388 -0.010263113304972649 
v 0.026311926543712616 0.013662095181643963 -0.005246172659099102 
v 0.026824411004781723 0.013662096112966537 -0.000013449425750877708 
v 0.026311926543712616 0.013662097044289112 0.005246246699243784 
v 0.024801449850201607 0.013662097975611687 0.010263187810778618 
v 0.0258803628385067 0.011404501274228096 0.005138355772942305 
v 0.026365872472524643 0.011404500342905521 -0.000013449058315018192 
v 0.0258803628385067 0.011404499411582947 -0.005138281267136335 
v 0.02436988614499569 0.011404498480260372 -0.010101276449859142 
v 0.02194233424961567 0.011404497548937798 -0.014659679494798183 
v 0.018651651218533516 0.011404497548937798 -0.018651653081178665 
v 0.018112195655703545 0.009454755112528801 -0.018112197518348694 
v 0.021321959793567657 0.009454756043851376 -0.014228114858269691 
v 0.023668592795729637 0.009454756043851376 -0.009804575704038143 
v 0.025152096524834633 0.00945475697517395 -0.005003416445106268 
v 0.025637608021497726 0.009454757906496525 -0.000013448740901367273 
v 0.024235021322965622 0.008018105290830135 -0.004814607091248035 
v 0.022805463522672653 0.00801810435950756 -0.009453928098082542 
v 0.020539747551083565 0.00801810435950756 -0.013715630397200584 
v 0.01746484823524952 0.008018103428184986 -0.01746485009789467 
v 0.016655664891004562 0.006991923321038485 -0.01665566675364971 
v 0.01959569938480854 0.006991923786699772 -0.013095255941152573 
v 0.02178049646317959 0.0069919247180223465 -0.00902236346155405 
v 0.023102164268493652 0.006991925183683634 -0.004598824307322502 
v 0.024693559855222702 0.00801810622215271 -0.000013448506251734216 
v 0.023560700938105583 0.006991926115006208 -0.00001344833890470909 
v 0.025152096524834633 0.0094547588378191 0.005003492347896099 
v 0.02436988614499569 0.01140450220555067 0.010101350955665112 
v 0.02231995202600956 0.013662098906934261 0.0149025097489357 
v 0.01951478235423565 0.02207677625119686 0.01951485686004162 
v 0.01511821523308754 0.11094395816326141 0.022643685340881348 
v 0.010397975333034992 0.11751151829957962 0.025125183165073395 
v 0.005273143295198679 0.11966649442911148 0.026473823934793472 
v 0.00001344720021734247 0.12182147800922394 0.02652776800096035 
v -0.004922575317323208 0.1265418976545334 0.024747563526034355 
v -0.009211250580847263 0.12962043285369873 0.022239092737436295 
v -0.0130144152790308 0.131159707903862 0.01946089416742325 
v -0.01603536866605282 0.13259635865688324 0.016035346314311028 
v -0.01681758090853691 0.137008935213089 0.011234188452363014 
v -0.016412988305091858 0.14142151176929474 0.006810648366808891 
v -0.016062341630458832 0.1422424465417862 0.006648811046034098 
v -0.01581958681344986 0.14337125420570374 0.006540920119732618 
v -0.015711694955825806 0.14450004696846008 0.0065139466896653175 
v -0.015361049212515354 0.16830742359161377 0.006352106109261513 
v -0.014659755863249302 0.17969802021980286 0.006082376465201378 
v -0.012852578423917294 0.19827187061309814 0.005327134858816862 
v -0.011557883583009243 0.19827187061309814 0.007727714255452156 
v -0.009831625036895275 0.19827187061309814 0.009831592440605164 
v -0.00772774638608098 0.19827187061309814 0.011557850986719131 
v -0.005327166989445686 0.19827187061309814 0.012852545827627182 
v -0.00271080550737679 0.19827187061309814 0.0136347571387887 
v 0.00001344720021734247 0.19827187061309814 0.013904484920203686 
v 0.0027107272762805223 0.19827187061309814 0.0136347571387887 
v 0.005327088758349419 0.19827187061309814 0.012852545827627182 
v 0.007727668154984713 0.19827187061309814 0.011557850986719131 
v 0.009831546805799007 0.19827187061309814 0.009831592440605164 
v 0.011557805351912975 0.19827187061309814 0.007727714255452156 
v 0.014659677632153034 0.17969802021980286 0.006082376465201378 
v 0.016305018216371536 0.16830742359161377 0.0032502340618520975 
v 0.01700631156563759 0.14450004696846008 -0.000013470742487697862 
v 0.01679052971303463 0.14337125420570374 -0.003331124782562256 
v 0.016062263399362564 0.1422424465417862 -0.006648779381066561 
v 0.014767568558454514 0.14142151176929474 -0.009858542121946812 
v 0.014309030957520008 0.137008935213089 -0.014309053309261799 
v 0.01258277241140604 0.13259635865688324 -0.0188404843211174 
v 0.013014337047934532 0.131159707903862 -0.019460856914520264 
v 0.013364982791244984 0.12962043285369873 -0.020000312477350235 
v 0.014012330211699009 0.1265418976545334 -0.020971333608031273 
v 0.0147405955940485 0.12182147055864334 -0.022050244733691216 
v 0.014983351342380047 0.11966648697853088 -0.02245483547449112 
v 0.01511821523308754 0.11751151084899902 -0.02261667139828205 
v 0.01511821523308754 0.11094395816326141 -0.022643644362688065 
v 0.015333998017013073 0.022076768800616264 -0.022967303171753883 
v 0.014902432449162006 0.013662092387676239 -0.02231995388865471 
v 0.014659677632153034 0.011404496617615223 -0.02194233611226082 
v 0.014228112995624542 0.009454754181206226 -0.021321961656212807 
v 0.01371562946587801 0.008018102496862411 -0.020539749413728714 
v 0.013095255009829998 0.006991922855377197 -0.01959570124745369 
v 0.009022362530231476 0.00699192238971591 -0.021780498325824738 
v 0.009453927166759968 0.008018102496862411 -0.022805465385317802 
v 0.009804573841392994 0.009454754181206226 -0.023668594658374786 
v 0.0045988233759999275 0.00699192238971591 -0.0231021661311388 
v 0.0048146056942641735 0.008018102496862411 -0.02423502318561077 
v 0.00001344720021734247 0.00699192238971591 -0.023560702800750732 
v 0.00001344720021734247 0.008018102496862411 -0.02469356171786785 
v -0.004598901607096195 0.00699192238971591 -0.0231021661311388 
v 0.005003415048122406 0.009454754181206226 -0.025152098387479782 
v 0.010101274587213993 0.011404496617615223 -0.02436988800764084 
v 0.005138279404491186 0.011404495686292648 -0.025880364701151848 
v 0.0102631114423275 0.013662092387676239 -0.024801451712846756 
v 0.00001344720021734247 0.009454754181206226 -0.025637609884142876 
v -0.004814683925360441 0.008018102496862411 -0.02423502318561077 
v -0.009022440761327744 0.00699192238971591 -0.021780498325824738 
v -0.009454005397856236 0.008018102496862411 -0.022805465385317802 
v -0.013095333240926266 0.006991922855377197 -0.01959570124745369 
v -0.005003493744879961 0.009454754181206226 -0.025152098387479782 
v 0.00001344720021734247 0.011404495686292648 -0.026365874335169792 
v 0.0052461703307926655 0.013662091456353664 -0.026311928406357765 
v 0.010559812188148499 0.022076768800616264 -0.025502746924757957 
v 0.010424948297441006 0.11094395071268082 -0.025152115151286125 
v 0.005381034221500158 0.022076768800616264 -0.027067169547080994 
v 0.00001344720021734247 0.013662091456353664 -0.026824412867426872 
v -0.005138357635587454 0.011404495686292648 -0.025880364701151848 
v -0.009804652072489262 0.009454754181206226 -0.023668594658374786 
v -0.013715707696974277 0.008018102496862411 -0.020539749413728714 
v -0.01665574312210083 0.006991923321038485 -0.01665566675364971 
v -0.017464926466345787 0.008018103428184986 -0.01746485009789467 
v -0.019595777615904808 0.006991923786699772 -0.013095255941152573 
v -0.01422819122672081 0.009454754181206226 -0.021321961656212807 
v -0.01010135281831026 0.011404496617615223 -0.02436988800764084 
v -0.0052462490275502205 0.013662091456353664 -0.026311928406357765 
v 0.00001344720021734247 0.022076768800616264 -0.027606625109910965 
v 0.005300115793943405 0.11094395071268082 -0.026689564809203148 
v 0.010397975333034992 0.11751150339841843 -0.02512514218688011 
v 0.010317056439816952 0.11966647952795029 -0.024936333298683167 
v 0.005300115793943405 0.11751150339841843 -0.026662591844797134 
v 0.00001344720021734247 0.11094395071268082 -0.02722902037203312 
v -0.005381112918257713 0.022076768800616264 -0.027067169547080994 
v -0.010263189673423767 0.013662092387676239 -0.024801451712846756 
v -0.014659755863249302 0.011404496617615223 -0.02194233611226082 
v -0.018112273886799812 0.009454755112528801 -0.018112197518348694 
v -0.020539825782179832 0.00801810435950756 -0.013715630397200584 
v -0.021780574694275856 0.0069919247180223465 -0.00902236346155405 
v -0.02280554175376892 0.00801810435950756 -0.009453928098082542 
v -0.02310224249958992 0.006991925183683634 -0.004598824307322502 
v -0.021322038024663925 0.009454756043851376 -0.014228114858269691 
v -0.018651731312274933 0.011404497548937798 -0.018651653081178665 
v -0.014902511611580849 0.013662092387676239 -0.02231995388865471 
v -0.010559890419244766 0.022076768800616264 -0.025502746924757957 
v -0.00530019449070096 0.11094395071268082 -0.026689564809203148 
v 0.00001344720021734247 0.11751150339841843 -0.02717507630586624 
v 0.005273143295198679 0.11966647952795029 -0.02647378295660019 
v 0.010155219584703445 0.12182146310806274 -0.02450476959347725 
v 0.009642736986279488 0.1265418976545334 -0.023317966610193253 
v 0.005165251903235912 0.12182146310806274 -0.02601524628698826 
v 0.00001344720021734247 0.11966647952795029 -0.026986265555024147 
v -0.00530019449070096 0.11751150339841843 -0.026662591844797134 
v -0.010425026528537273 0.11094395071268082 -0.025152115151286125 
v -0.01533407624810934 0.022076768800616264 -0.022967303171753883 
v -0.018975403159856796 0.013662093318998814 -0.018975326791405678 
v -0.021942412480711937 0.011404497548937798 -0.014659679494798183 
v -0.023668671026825905 0.009454756043851376 -0.009804575704038143 
v -0.02423509955406189 0.008018105290830135 -0.004814607091248035 
v -0.02356077916920185 0.006991926115006208 -0.00001344833890470909 
v -0.02469363808631897 0.00801810622215271 -0.000013448506251734216 
v -0.02310224249958992 0.006991927046328783 0.004598900675773621 
v -0.0251521747559309 0.00945475697517395 -0.005003416445106268 
v -0.024369964376091957 0.011404498480260372 -0.010101276449859142 
v -0.022320032119750977 0.013662093318998814 -0.014902434311807156 
v -0.019514860585331917 0.022076768800616264 -0.019514786079525948 
v -0.015118293464183807 0.11094395816326141 -0.022643644362688065 
v -0.01039805356413126 0.11751150339841843 -0.02512514218688011 
v -0.005273221526294947 0.11966647952795029 -0.02647378295660019 
v 0.00001344720021734247 0.12182146310806274 -0.026527730748057365 
v 0.004922496620565653 0.1265418976545334 -0.02474752441048622 
v 0.009211172349750996 0.12962043285369873 -0.02223905548453331 
v 0.008968416601419449 0.131159707903862 -0.021618681028485298 
v 0.004706714302301407 0.12962043285369873 -0.023587694391608238 
v 0.00001344720021734247 0.1265418976545334 -0.025233035907149315 
v -0.005165330599993467 0.12182146310806274 -0.02601524628698826 
v -0.010317135602235794 0.11966647952795029 -0.024936333298683167 
v -0.015118293464183807 0.11751151084899902 -0.02261667139828205 
v -0.01924513280391693 0.11094395816326141 -0.019245071336627007 
v -0.022967377677559853 0.022076770663261414 -0.015334001742303371 
v -0.024801528081297874 0.013662094250321388 -0.010263113304972649 
v -0.025880441069602966 0.011404499411582947 -0.005138281267136335 
v -0.025637686252593994 0.009454757906496525 -0.000013448740901367273 
v -0.02423509955406189 0.008018107153475285 0.004814682528376579 
v -0.021780574694275856 0.00699192751199007 0.009022439830005169 
v -0.02280554175376892 0.00801810808479786 0.009454004466533661 
v -0.019595777615904808 0.006991928443312645 0.013095332309603691 
v -0.0251521747559309 0.0094547588378191 0.005003492347896099 
v -0.02636595070362091 0.011404500342905521 -0.000013449058315018192 
v -0.026312004774808884 0.013662095181643963 -0.005246172659099102 
v -0.025502821430563927 0.022076770663261414 -0.010559815913438797 
v -0.02264370396733284 0.11094395816326141 -0.015118232928216457 
v -0.019218159839510918 0.11751151084899902 -0.019218100234866142 
v -0.014983429573476315 0.11966648697853088 -0.02245483547449112 
v -0.010155298747122288 0.12182146310806274 -0.02450476959347725 
v -0.004922575317323208 0.1265418976545334 -0.02474752441048622 
v 0.00001344720021734247 0.12962043285369873 -0.024073205888271332 
v 0.004571850411593914 0.131159707903862 -0.022940346971154213 
v 0.00867171585559845 0.13259635865688324 -0.02094436250627041 
v 0.011234131641685963 0.137008935213089 -0.016817523166537285 
v 0.012555799447000027 0.14142151176929474 -0.012555822730064392 
v 0.014470867812633514 0.1422424465417862 -0.009669733233749866 
v 0.015819508582353592 0.14337125420570374 -0.006540887989103794 
v 0.016682637855410576 0.14450004696846008 -0.0033311250153928995 
v 0.01662869192659855 0.16830742359161377 -0.000013474621482600924 
v 0.015576752834022045 0.17969802021980286 0.0030883955769240856 
v 0.012852500192821026 0.19827187061309814 0.005327134858816862 
v 0.013634711503982544 0.19827187061309814 0.002710773143917322 
v 0.01587345451116562 0.17969802021980286 -0.00001347647685179254 
v 0.016305018216371536 0.16830742359161377 -0.003250210778787732 
v 0.015711616724729538 0.14450004696846008 -0.006513915956020355 
v 0.014228112995624542 0.14337125420570374 -0.00950789637863636 
v 0.01231304369866848 0.1422424465417862 -0.012313066981732845 
v 0.009858518838882446 0.14142151176929474 -0.014767591841518879 
v 0.007727668154984713 0.137008935213089 -0.01867864653468132 
v 0.004410013556480408 0.13259635865688324 -0.02223905734717846 
v 0.00001344720021734247 0.131159707903862 -0.023398885503411293 
v -0.004706792999058962 0.12962043285369873 -0.023587694391608238 
v -0.009642815217375755 0.1265418976545334 -0.023317966610193253 
v -0.014740674756467342 0.12182147055864334 -0.022050244733691216 
v -0.01908329501748085 0.11966648697853088 -0.019083235412836075 
v -0.022616732865571976 0.11751151084899902 -0.015118234790861607 
v -0.0251521747559309 0.11094395816326141 -0.010424965992569923 
v -0.027067244052886963 0.022076772525906563 -0.005381037946790457 
v -0.02682448923587799 0.013662096112966537 -0.000013449425750877708 
v -0.025880441069602966 0.011404501274228096 0.005138355772942305 
v -0.023668671026825905 0.009454759769141674 0.009804650209844112 
v -0.020539825782179832 0.00801810808479786 0.013715706765651703 
v -0.01665574312210083 0.006991928908973932 0.01665574125945568 
v -0.017464926466345787 0.008018109016120434 0.017464924603700638 
v -0.013095333240926266 0.00699192937463522 0.01959577575325966 
v -0.021322038024663925 0.009454759769141674 0.01422818936407566 
v -0.024369964376091957 0.01140450220555067 0.010101350955665112 
v -0.026312004774808884 0.013662097044289112 0.005246246699243784 
v -0.027606699615716934 0.022076772525906563 -0.000013450797268887982 
v -0.026689624413847923 0.11094395816326141 -0.00530013395473361 
v -0.025125201791524887 0.11751151084899902 -0.01039799489080906 
v -0.022454895079135895 0.11966648697853088 -0.014983370900154114 
v -0.018759621307253838 0.12182147055864334 -0.01875956356525421 
v -0.014012408442795277 0.1265418976545334 -0.020971333608031273 
v -0.009211250580847263 0.12962043285369873 -0.02223905548453331 
v -0.004571928642690182 0.131159707903862 -0.022940346971154213 
v 0.00001344720021734247 0.13259635865688324 -0.022670621052384377 
v 0.003951475955545902 0.137008935213089 -0.019838478416204453 
v 0.006810592953115702 0.14142151176929474 -0.01641293242573738 
v 0.009669709950685501 0.1422424465417862 -0.01447089109569788 
v 0.012097261846065521 0.14337125420570374 -0.012097285129129887 
v 0.014147194102406502 0.14450004696846008 -0.009453950449824333 
v 0.015360970050096512 0.16830742359161377 -0.006352082826197147 
v 0.015576752834022045 0.17969802021980286 -0.003088375786319375 
v 0.01390443928539753 0.19827187061309814 -0.000013479502740665339 
v 0.013634711503982544 0.19827187061309814 -0.0027107596397399902 
v 0.014659677632153034 0.17969802021980286 -0.006082356441766024 
v 0.01382352039217949 0.16830742359161377 -0.009238171391189098 
v 0.01201634295284748 0.14450004696846008 -0.012016366235911846 
v 0.009507873095571995 0.14337125420570374 -0.014228136278688908 
v 0.006648756098002195 0.1422424465417862 -0.016062285751104355 
v 0.003465965623036027 0.14142151176929474 -0.017410924658179283 
v 0.00001344720021734247 0.137008935213089 -0.020216096192598343 
v -0.004410091787576675 0.13259635865688324 -0.02223905734717846 
v -0.008968494832515717 0.131159707903862 -0.021618681028485298 
v -0.013365061953663826 0.12962043285369873 -0.020000312477350235 
v -0.017842546105384827 0.1265418976545334 -0.0178424883633852 
v -0.02205030247569084 0.12182147055864334 -0.014740615151822567 
v -0.024936392903327942 0.11966648697853088 -0.010317075997591019 
v -0.02666265144944191 0.11751151084899902 -0.005300134886056185 
v -0.027229079976677895 0.11094395816326141 -0.000013465275515045505 
v -0.027067244052886963 0.022076772525906563 0.005381109192967415 
v -0.024801528081297874 0.013662097975611687 0.010263187810778618 
v -0.021942412480711937 0.011404503136873245 0.014659754000604153 
v -0.018112273886799812 0.009454760700464249 0.018112272024154663 
v -0.013715707696974277 0.008018109947443008 0.020539823919534683 
v -0.009022440761327744 0.006991929840296507 0.021780572831630707 
v -0.009454005397856236 0.008018109947443008 0.02280553989112377 
v -0.004598901607096195 0.006991929840296507 0.02310224063694477 
v -0.01422819122672081 0.009454761631786823 0.021322036162018776 
v -0.018651731312274933 0.011404503136873245 0.018651729449629784 
v -0.022320032119750977 0.013662098906934261 0.0149025097489357 
v -0.025502821430563927 0.022076774388551712 0.010559886693954468 
v -0.026689624413847923 0.11094395816326141 0.005300176329910755 
v -0.027175135910511017 0.11751151084899902 -0.00001346634508081479 
v -0.026473842561244965 0.11966648697853088 -0.005273162852972746 
v -0.024504827335476875 0.12182147055864334 -0.010155239142477512 
v -0.0209713913500309 0.1265418976545334 -0.01401235070079565 
v -0.017006389796733856 0.12962043285369873 -0.01700633205473423 
v -0.0130144152790308 0.131159707903862 -0.019460856914520264 
v -0.008671794086694717 0.13259635865688324 -0.02094436250627041 
v -0.00395155418664217 0.137008935213089 -0.019838478416204453 
v 0.00001344720021734247 0.14142151176929474 -0.01776157133281231 
v 0.003385047195479274 0.1422424465417862 -0.017060279846191406 
v 0.006540864706039429 0.14337125420570374 -0.015819532796740532 
v 0.009453927166759968 0.14450004696846008 -0.014147217385470867 
v 0.011746615171432495 0.16830742359161377 -0.011746642179787159 
v 0.013203145936131477 0.17969802021980286 -0.008833581581711769 
v 0.012852500192821026 0.19827187061309814 -0.005327120888978243 
v 0.011557805351912975 0.19827187061309814 -0.007727700285613537 
v 0.011234131641685963 0.17969802021980286 -0.011234160512685776 
v 0.009238144382834435 0.16830742359161377 -0.013823547400534153 
v 0.0065138922072947025 0.14450004696846008 -0.015711640939116478 
v 0.0033311014994978905 0.14337125420570374 -0.01679055392742157 
v 0.00001344720021734247 0.1422424465417862 -0.017410924658179283 
v -0.0034660440869629383 0.14142151176929474 -0.017410924658179283 
v -0.00772774638608098 0.137008935213089 -0.01867864653468132 
v -0.012582850642502308 0.13259635865688324 -0.0188404843211174 
v -0.016547851264476776 0.131159707903862 -0.01654779352247715 
v -0.02000037021934986 0.12962043285369873 -0.0133650042116642 
v -0.02331802435219288 0.1265418976545334 -0.00964275747537613 
v -0.026015304028987885 0.12182147055864334 -0.0051652719266712666 
v -0.026986325159668922 0.11966648697853088 -0.000013466696145769674 
v -0.02666265144944191 0.11751151084899902 0.0053001753985881805 
v -0.0251521747559309 0.11094395816326141 0.010425008833408356 
v -0.022967377677559853 0.022076774388551712 0.015334072522819042 
v -0.018975403159856796 0.013662098906934261 0.018975401297211647 
v -0.014659755863249302 0.01140450406819582 0.021942410618066788 
v -0.009804652072489262 0.009454761631786823 0.023668669164180756 
v -0.004814683925360441 0.008018109947443008 0.02423509769141674 
v 0.00001344720021734247 0.006991929840296507 0.0235607773065567 
v 0.00001344720021734247 0.008018109947443008 0.02469363622367382 
v 0.0045988233759999275 0.006991929840296507 0.02310224063694477 
v -0.005003493744879961 0.009454761631786823 0.02515217289328575 
v -0.01010135281831026 0.01140450406819582 0.024369962513446808 
v -0.014902511611580849 0.013662099838256836 0.022320030257105827 
v -0.019514860585331917 0.02207677625119686 0.01951485686004162 
v -0.02264370396733284 0.11094395816326141 0.01511827576905489 
v -0.025125201791524887 0.11751151084899902 0.010398034006357193 
v -0.026473842561244965 0.11966648697853088 0.00527320196852088 
v -0.02652778849005699 0.12182147055864334 -0.000013467047210724559 
v -0.024747584015130997 0.1265418976545334 -0.004922517109662294 
v -0.022239113226532936 0.12962043285369873 -0.009211193770170212 
v -0.01946091465651989 0.131159707903862 -0.013014358468353748 
v -0.01603536866605282 0.13259635865688324 -0.01603531278669834 
v -0.011234210804104805 0.137008935213089 -0.016817523166537285 
v -0.006810671184211969 0.14142151176929474 -0.01641293242573738 
v -0.003385125659406185 0.1422424465417862 -0.017060279846191406 
v 0.00001344720021734247 0.14337125420570374 -0.017114225775003433 
v 0.0033311014994978905 0.14450004696846008 -0.016682662069797516 
v 0.006352055352181196 0.16830742359161377 -0.015360997058451176 
v 0.008833552710711956 0.17969802021980286 -0.01320317480713129 
v 0.009831546805799007 0.19827187061309814 -0.009831579402089119 
v 0.007727668154984713 0.19827187061309814 -0.011557837948203087 
v 0.006082327105104923 0.17969802021980286 -0.014659706503152847 
v 0.003250183304771781 0.16830742359161377 -0.016305046156048775 
v 0.00001344720021734247 0.14450004696846008 -0.01700633578002453 
v -0.003331179963424802 0.14337125420570374 -0.01679055392742157 
v -0.006648834329098463 0.1422424465417862 -0.016062285751104355 
v -0.009858598001301289 0.14142151176929474 -0.014767591841518879 
v -0.014309109188616276 0.137008935213089 -0.014309053309261799 
v -0.018840540200471878 0.13259635865688324 -0.012582793831825256 
v -0.021618738770484924 0.131159707903862 -0.008968438021838665 
v -0.023587752133607864 0.12962043285369873 -0.004706735257059336 
v -0.02523309364914894 0.1265418976545334 -0.000013467816643242259 
v -0.026015304028987885 0.12182147055864334 0.005165310576558113 
v -0.024936392903327942 0.11966648697853088 0.010317116044461727 
v -0.022616732865571976 0.11751151084899902 0.01511827390640974 
v -0.01924513280391693 0.11094395816326141 0.01924511417746544 
v -0.01533407624810934 0.02207677625119686 0.022967373952269554 
v -0.010263189673423767 0.013662099838256836 0.024801526218652725 
v -0.005138357635587454 0.011404504999518394 0.025880439206957817 
v 0.00001344720021734247 0.009454761631786823 0.025637684389948845 
v 0.0048146056942641735 0.008018109947443008 0.02423509769141674 
v 0.009022362530231476 0.006991929840296507 0.021780572831630707 
v 0.009453927166759968 0.008018109947443008 0.02280553989112377 
v 0.013095255009829998 0.00699192937463522 0.01959577575325966 
v 0.005003415048122406 0.009454761631786823 0.02515217289328575 
v 0.00001344720021734247 0.011404504999518394 0.02636594884097576 
v -0.0052462490275502205 0.01366210076957941 0.026312002912163734 
v -0.010559890419244766 0.02207677625119686 0.025502817705273628 
v -0.015118293464183807 0.11094395816326141 0.022643685340881348 
v -0.019218159839510918 0.11751151084899902 0.019218141213059425 
v -0.022454895079135895 0.11966648697853088 0.014983410015702248 
v -0.024504827335476875 0.12182147055864334 0.01015527918934822 
v -0.024747584015130997 0.1265418976545334 0.004922554828226566 
v -0.024073263630270958 0.12962043285369873 -0.000013468317774822935 
v -0.02294040471315384 0.131159707903862 -0.00457187183201313 
v -0.020944418385624886 0.13259635865688324 -0.008671737276017666 
v -0.01681758090853691 0.137008935213089 -0.011234153993427753 
v -0.012555877678096294 0.14142151176929474 -0.012555822730064392 
v -0.009669788181781769 0.1422424465417862 -0.01447089109569788 
v -0.006540943402796984 0.14337125420570374 -0.015819532796740532 
v -0.003331179963424802 0.14450004696846008 -0.016682662069797516 
v 0.00001344720021734247 0.16830742359161377 -0.016628719866275787 
v 0.0030883464496582747 0.17969802021980286 -0.015576781705021858 
v 0.005327088758349419 0.19827187061309814 -0.012852532789111137 
v 0.0027107272762805223 0.19827187061309814 -0.013634744100272655 
v 0.00001344720021734247 0.17969802021980286 -0.015873484313488007 
v -0.0032502615358680487 0.16830742359161377 -0.016305046156048775 
v -0.00651397043839097 0.14450004696846008 -0.015711640939116478 
v -0.009507951326668262 0.14337125420570374 -0.014228136278688908 
v -0.012313122861087322 0.1422424465417862 -0.012313066981732845 
v -0.014767646789550781 0.14142151176929474 -0.009858542121946812 
v -0.018678702414035797 0.137008935213089 -0.007727690506726503 
v -0.022239113226532936 0.13259635865688324 -0.004410034976899624 
v -0.02339894324541092 0.131159707903862 -0.000013468568795360625 
v -0.023587752133607864 0.12962043285369873 0.004706772044301033 
v -0.02331802435219288 0.1265418976545334 0.009642794728279114 
v -0.02205030247569084 0.12182147055864334 0.014740655198693275 
v -0.01908329501748085 0.11966648697853088 0.019083276391029358 
v -0.015118293464183807 0.11751151084899902 0.022616714239120483 
v -0.010425026528537273 0.11094396561384201 0.025152156129479408 
v -0.005381112918257713 0.02207677625119686 0.027067240327596664 
v 0.00001344720021734247 0.01366210076957941 0.02682448737323284 
v 0.005138279404491186 0.011404504999518394 0.025880439206957817 
v 0.009804573841392994 0.009454761631786823 0.023668669164180756 
v 0.01371562946587801 0.008018109947443008 0.020539823919534683 
v 0.016655664891004562 0.006991928908973932 0.01665574125945568 
v 0.01746484823524952 0.008018109016120434 0.017464924603700638 
v 0.01959569938480854 0.006991928443312645 0.013095332309603691 
v 0.014228112995624542 0.009454761631786823 0.021322036162018776 
v 0.010101274587213993 0.01140450406819582 0.024369962513446808 
v 0.0052461703307926655 0.01366210076957941 0.026312002912163734 
v 0.00001344720021734247 0.02207677625119686 0.027606695890426636 
v -0.00530019449070096 0.11094396561384201 0.02668960578739643 
v -0.01039805356413126 0.11751151829957962 0.025125183165073395 
v -0.014983429573476315 0.11966648697853088 0.022454876452684402 
v -0.018759621307253838 0.12182147055864334 0.018759600818157196 
v -0.0209713913500309 0.1265418976545334 0.014012387953698635 
v -0.022239113226532936 0.12962043285369873 0.009211229160428047 
v -0.02294040471315384 0.131159707903862 0.004571907222270966 
v -0.022670676931738853 0.13259635865688324 -0.00001346880253549898 
v -0.01983853429555893 0.137008935213089 -0.003951498307287693 
v -0.016412988305091858 0.14142151176929474 -0.00681061577051878 
v -0.014470946043729782 0.1422424465417862 -0.009669733233749866 
v -0.012097340077161789 0.14337125420570374 -0.012097285129129887 
v -0.009454005397856236 0.14450004696846008 -0.014147217385470867 
v -0.006352133583277464 0.16830742359161377 -0.015360997058451176 
v -0.003088424913585186 0.17969802021980286 -0.015576781705021858 
v 0.00001344720021734247 0.19827187061309814 -0.013904471881687641 
v -0.00271080550737679 0.19827187061309814 -0.013634744100272655 
v -0.006082405801862478 0.17969802021980286 -0.014659706503152847 
v -0.009238223545253277 0.16830742359161377 -0.013823547400534153 
v -0.012016421183943748 0.14450004696846008 -0.012016366235911846 
v -0.01422819122672081 0.14337125420570374 -0.00950789637863636 
v -0.016062341630458832 0.1422424465417862 -0.006648779381066561 
v -0.01741098240017891 0.14142151176929474 -0.0034659886732697487 
v -0.02021615207195282 0.137008935213089 -0.000013469521945808083 
v -0.022239113226532936 0.13259635865688324 0.004410070367157459 
v -0.021618738770484924 0.131159707903862 0.0089684734120965 
v -0.02000037021934986 0.12962043285369873 0.01336504053324461 
v -0.017842546105384827 0.1265418976545334 0.017842525616288185 
v -0.014740674756467342 0.12182147055864334 0.0220502819865942 
v -0.010317135602235794 0.11966649442911148 0.02493637427687645 
v -0.00530019449070096 0.11751151829957962 0.026662632822990417 
v 0.00001344720021734247 0.11094396561384201 0.027229061350226402 
v 0.005381034221500158 0.02207677625119686 0.027067240327596664 
v 0.0102631114423275 0.013662099838256836 0.024801526218652725 
v 0.014659677632153034 0.01140450406819582 0.021942410618066788 
v 0.018112195655703545 0.009454760700464249 0.018112272024154663 
v 0.020539747551083565 0.00801810808479786 0.013715706765651703 
v 0.02178049646317959 0.00699192751199007 0.009022439830005169 
v 0.022805463522672653 0.00801810808479786 0.009454004466533661 
v 0.023102164268493652 0.006991927046328783 0.004598900675773621 
v 0.021321959793567657 0.009454759769141674 0.01422818936407566 
v 0.018651651218533516 0.011404503136873245 0.018651729449629784 
v 0.014902432449162006 0.013662099838256836 0.022320030257105827 
v 0.010559812188148499 0.02207677625119686 0.025502817705273628 
v 0.005300115793943405 0.11094396561384201 0.02668960578739643 
v 0.00001344720021734247 0.11751151829957962 0.027175117284059525 
v -0.005273221526294947 0.11966649442911148 0.026473823934793472 
v -0.010155298747122288 0.12182147800922394 0.024504806846380234 
v -0.014012408442795277 0.1265418976545334 0.020971370860934258 
v -0.017006389796733856 0.12962043285369873 0.017006369307637215 
v -0.01946091465651989 0.131159707903862 0.013014393858611584 
v -0.020944418385624886 0.13259635865688324 0.008671772666275501 
v -0.01983853429555893 0.137008935213089 0.003951531834900379 
v -0.017761627212166786 0.14142151176929474 -0.000013470240446622483 
v -0.017060335725545883 0.1422424465417862 -0.003385070478543639 
v -0.01581958681344986 0.14337125420570374 -0.006540887989103794 
v -0.014147273264825344 0.14450004696846008 -0.009453950449824333 
v -0.011746693402528763 0.16830742359161377 -0.011746642179787159 
v -0.008833630941808224 0.17969802021980286 -0.01320317480713129 
v -0.005327166989445686 0.19827187061309814 -0.012852532789111137 
v -0.00772774638608098 0.19827187061309814 -0.011557837948203087 
v -0.011234210804104805 0.17969802021980286 -0.011234160512685776 
v -0.013823599554598331 0.16830742359161377 -0.009238171391189098 
v -0.015711694955825806 0.14450004696846008 -0.006513915956020355 
v -0.016790607944130898 0.14337125420570374 -0.003331124782562256 
v -0.01741098240017891 0.1422424465417862 -0.000013470374142343644 
v -0.01741098240017891 0.14142151176929474 0.0034660210367292166 
v -0.018678702414035797 0.137008935213089 0.0077277240343391895 
v -0.018840540200471878 0.13259635865688324 0.012582829222083092 
v -0.016547851264476776 0.131159707903862 0.016547830775380135 
v -0.013365061953663826 0.12962043285369873 0.02000034973025322 
v -0.009642815217375755 0.1265418976545334 0.023318003863096237 
v -0.005165330599993467 0.12182147800922394 0.026015283539891243 
v 0.00001344720021734247 0.11966649442911148 0.02698630653321743 
v 0.005300115793943405 0.11751151829957962 0.026662632822990417 
v 0.010424948297441006 0.11094396561384201 0.025152156129479408 
v 0.015333998017013073 0.02207677625119686 0.022967373952269554 
v 0.01897532492876053 0.013662098906934261 0.018975401297211647 
v 0.02194233424961567 0.011404503136873245 0.014659754000604153 
v 0.023668592795729637 0.009454759769141674 0.009804650209844112 
v 0.024235021322965622 0.008018107153475285 0.004814682528376579 
v -0.017060335725545883 0.1422424465417862 0.0033851023763418198 
v -0.016790607944130898 0.14337125420570374 0.0033311566803604364 
v -0.016682716086506844 0.14450004696846008 0.003331156447529793 
v -0.016305096447467804 0.16830742359161377 0.0032502340618520975 
v -0.015576831065118313 0.17969802021980286 0.0030883955769240856 
v -0.013634789735078812 0.19827187061309814 0.002710773143917322 
v -0.011099345982074738 0.21366457641124725 0.002198287518694997 
v -0.010451999492943287 0.21366457641124725 0.0043291389010846615 
v -0.009400060400366783 0.21366457641124725 0.006271180231124163 
v -0.007997474633157253 0.21366457641124725 0.007997440174221992 
v -0.006271215155720711 0.21366457641124725 0.009400025941431522 
v -0.0043291738256812096 0.21366457641124725 0.010451965034008026 
v -0.002198322443291545 0.21366457641124725 0.011099311523139477 
v 0.00001344720021734247 0.21366457641124725 0.01131509430706501 
v 0.0021982439793646336 0.21366457641124725 0.011099311523139477 
v 0.0043290951289236546 0.21366457641124725 0.010451965034008026 
v 0.006271136924624443 0.21366457641124725 0.009400025941431522 
v 0.007997396402060986 0.21366457641124725 0.007997440174221992 
v 0.00939998123794794 0.21366457641124725 0.006271180231124163 
v 0.01045192126184702 0.21366457641124725 0.0043291389010846615 
v 0.01109926775097847 0.21366457641124725 0.002198287518694997 
v 0.011315050534904003 0.21366457641124725 -0.000013482010217558127 
v 0.01109926775097847 0.21366457641124725 -0.0021982789039611816 
v 0.01045192126184702 0.21366457641124725 -0.004329130053520203 
v 0.00939998123794794 0.21366457641124725 -0.006271171849220991 
v 0.007997396402060986 0.21366457641124725 -0.007997430860996246 
v 0.006271136924624443 0.21366457641124725 -0.009400015696883202 
v 0.0043290951289236546 0.21366457641124725 -0.01045195572078228 
v 0.0021982439793646336 0.21366457641124725 -0.01109930220991373 
v 0.00001344720021734247 0.21366457641124725 -0.011315084993839264 
v -0.002198322443291545 0.21366457641124725 -0.01109930220991373 
v -0.0043291738256812096 0.21366457641124725 -0.01045195572078228 
v -0.006271215155720711 0.21366457641124725 -0.009400015696883202 
v -0.009831625036895275 0.19827187061309814 -0.009831579402089119 
v -0.01320322509855032 0.17969802021980286 -0.008833581581711769 
v -0.015361049212515354 0.16830742359161377 -0.006352082826197147 
v -0.016682716086506844 0.14450004696846008 -0.0033311250153928995 
v -0.01711428165435791 0.14337125420570374 -0.000013470558769768104 
v -0.017006389796733856 0.14450004696846008 -0.000013470742487697862 
v -0.016628770157694817 0.16830742359161377 -0.000013474621482600924 
v -0.015873532742261887 0.17969802021980286 -0.00001347647685179254 
v -0.013904517516493797 0.19827187061309814 -0.000013479502740665339 
v -0.01131512876600027 0.21366457641124725 -0.000013482010217558127 
v -0.01050594449043274 0.21551169455051422 -0.000013482311260304414 
v -0.01029016263782978 0.21551169455051422 0.002036450430750847 
v -0.009696761146187782 0.21551169455051422 0.004032437689602375 
v -0.008725740015506744 0.21551169455051422 0.005839615594595671 
v -0.007431045640259981 0.21551169455051422 0.007431010715663433 
v -0.005839650519192219 0.21551169455051422 0.008725704625248909 
v -0.004032472614198923 0.21551169455051422 0.009696725755929947 
v -0.0020364855881780386 0.21551169455051422 0.010290127247571945 
v 0.00001344720021734247 0.21551169455051422 0.010505909100174904 
v 0.0020364071242511272 0.21551169455051422 0.010290127247571945 
v 0.004032394383102655 0.21551169455051422 0.009696725755929947 
v 0.005839571822434664 0.21551169455051422 0.008725704625248909 
v 0.0074309674091637135 0.21551169455051422 0.007431010715663433 
v 0.008725661784410477 0.21551169455051422 0.005839615594595671 
v 0.00969668198376894 0.21551169455051422 0.004032437689602375 
v 0.010290084406733513 0.21551169455051422 0.002036450430750847 
v 0.010505866259336472 0.21551169455051422 -0.000013482311260304414 
v 0.010290084406733513 0.21551169455051422 -0.002036442281678319 
v 0.00969668198376894 0.21551169455051422 -0.0040324293076992035 
v 0.008725661784410477 0.21551169455051422 -0.005839606747031212 
v 0.0074309674091637135 0.21551169455051422 -0.0074310023337602615 
v 0.005839571822434664 0.21551169455051422 -0.008725697174668312 
v 0.004032394383102655 0.21551169455051422 -0.009696717374026775 
v 0.0020364071242511272 0.21551169455051422 -0.010290119796991348 
v 0.00001344720021734247 0.21551169455051422 -0.010505901649594307 
v -0.0020364855881780386 0.21551169455051422 -0.010290119796991348 
v -0.004032472614198923 0.21551169455051422 -0.009696717374026775 
v -0.005839650519192219 0.21551169455051422 -0.008725697174668312 
v -0.007997474633157253 0.21366457641124725 -0.007997430860996246 
v -0.007431045640259981 0.21551169455051422 -0.0074310023337602615 
v -0.009400060400366783 0.21366457641124725 -0.006271171849220991 
v -0.008725740015506744 0.21551169455051422 -0.005839606747031212 
v -0.016305096447467804 0.16830742359161377 -0.003250210778787732 
v -0.014659755863249302 0.17969802021980286 -0.006082356441766024 
v -0.011557883583009243 0.19827187061309814 -0.007727700285613537 
v -0.015576831065118313 0.17969802021980286 -0.003088375786319375 
v -0.013634789735078812 0.19827187061309814 -0.0027107596397399902 
v -0.011099345982074738 0.21366457641124725 -0.0021982789039611816 
v -0.01029016263782978 0.21551169455051422 -0.002036442281678319 
v -0.009696761146187782 0.21551169455051422 -0.0040324293076992035 
v -0.010451999492943287 0.21366457641124725 -0.004329130053520203 
v -0.012852578423917294 0.19827187061309814 -0.005327120888978243 
v -0.01665574312210083 0.006991928908973932 0.01665574125945568 
v -0.009696761146187782 0.00627360213547945 0.014524891041219234 
v -0.013095333240926266 0.00699192937463522 0.01959577575325966 
v -0.0066758072935044765 0.0062736026011407375 0.016143258661031723 
v -0.009022440761327744 0.006991929840296507 0.021780572831630707 
v -0.003412098390981555 0.0062736026011407375 0.017141250893473625 
v -0.004598901607096195 0.006991929840296507 0.02310224063694477 
v 0.00001344720021734247 0.0062736026011407375 0.017464924603700638 
v 0.00001344720021734247 0.006991929840296507 0.0235607773065567 
v 0.0034120199270546436 0.0062736026011407375 0.017141250893473625 
v 0.0045988233759999275 0.006991929840296507 0.02310224063694477 
v 0.0066757285967469215 0.0062736026011407375 0.016143258661031723 
v 0.009022362530231476 0.006991929840296507 0.021780572831630707 
v 0.00969668198376894 0.00627360213547945 0.014524891041219234 
v 0.013095255009829998 0.00699192937463522 0.01959577575325966 
v 0.012340016663074493 0.006273601669818163 0.012340093962848186 
v 0.016655664891004562 0.006991928908973932 0.01665574125945568 
v 0.014524813741445541 0.006273601204156876 0.009696760214865208 
v 0.01959569938480854 0.006991928443312645 0.013095332309603691 
v 0.016143182292580605 0.006273600738495588 0.006675806362181902 
v 0.02178049646317959 0.00699192751199007 0.009022439830005169 
v 0.017141174525022507 0.006273600272834301 0.0034120974596589804 
v 0.023102164268493652 0.006991927046328783 0.004598900675773621 
v 0.01746484823524952 0.006273599807173014 -0.000013448222489387263 
v 0.023560700938105583 0.006991926115006208 -0.00001344833890470909 
v 0.017141174525022507 0.006273599341511726 -0.0034120208583772182 
v 0.023102164268493652 0.006991925183683634 -0.004598824307322502 
v 0.016143182292580605 0.006273598875850439 -0.006675729528069496 
v 0.02178049646317959 0.0069919247180223465 -0.00902236346155405 
v 0.014524813741445541 0.006273598410189152 -0.009696682915091515 
v 0.01959569938480854 0.006991923786699772 -0.013095255941152573 
v 0.012340016663074493 0.0062735979445278645 -0.012340017594397068 
v 0.016655664891004562 0.006991923321038485 -0.01665566675364971 
v 0.00969668198376894 0.006273597478866577 -0.014524814672768116 
v 0.013095255009829998 0.006991922855377197 -0.01959570124745369 
v 0.0066757285967469215 0.00627359701320529 -0.016143184155225754 
v 0.009022362530231476 0.00699192238971591 -0.021780498325824738 
v 0.0034120199270546436 0.00627359701320529 -0.017141176387667656 
v 0.0045988233759999275 0.00699192238971591 -0.0231021661311388 
v 0.00001344720021734247 0.00627359701320529 -0.01746485009789467 
v 0.00001344720021734247 0.00699192238971591 -0.023560702800750732 
v -0.003412098390981555 0.00627359701320529 -0.017141176387667656 
v -0.004598901607096195 0.00699192238971591 -0.0231021661311388 
v -0.0066758072935044765 0.00627359701320529 -0.016143184155225754 
v -0.009022440761327744 0.00699192238971591 -0.021780498325824738 
v -0.009696761146187782 0.006273597478866577 -0.014524814672768116 
v -0.013095333240926266 0.006991922855377197 -0.01959570124745369 
v -0.012340094894170761 0.0062735979445278645 -0.012340017594397068 
v -0.01665574312210083 0.006991923321038485 -0.01665566675364971 
v -0.014524891972541809 0.006273598410189152 -0.009696682915091515 
v -0.019595777615904808 0.006991923786699772 -0.013095255941152573 
v -0.016143260523676872 0.006273598875850439 -0.006675729528069496 
v -0.021780574694275856 0.0069919247180223465 -0.00902236346155405 
v -0.017141252756118774 0.006273599341511726 -0.0034120208583772182 
v -0.02310224249958992 0.006991925183683634 -0.004598824307322502 
v -0.017464926466345787 0.006273599807173014 -0.000013448222489387263 
v -0.02356077916920185 0.006991926115006208 -0.00001344833890470909 
v -0.017141252756118774 0.006273600272834301 0.0034120974596589804 
v -0.02310224249958992 0.006991927046328783 0.004598900675773621 
v -0.016143260523676872 0.006273600738495588 0.006675806362181902 
v -0.021780574694275856 0.00699192751199007 0.009022439830005169 
v -0.014524891972541809 0.006273601204156876 0.009696760214865208 
v -0.019595777615904808 0.006991928443312645 0.013095332309603691 
v -0.012340094894170761 0.006273601669818163 0.012340093962848186 
v -0.0022522679064422846 0.006273600272834301 0.003358151763677597 
v -0.0015509752556681633 0.006273600272834301 0.003735771169885993 
v -0.0007957367924973369 0.006273600272834301 0.003951553255319595 
v 0.00001344720021734247 0.006273600272834301 0.0040324716828763485 
v 0.0007956583867780864 0.006273600272834301 0.003951553255319595 
v 0.001550896791741252 0.006273600272834301 0.003735771169885993 
v 0.002252189675346017 0.006273600272834301 0.003358151763677597 
v 0.002845591166988015 0.006273600272834301 0.002845668699592352 
v 0.003358074463903904 0.006273600272834301 0.00225226697511971 
v 0.0037356936372816563 0.006273600272834301 0.0015509742079302669 
v 0.003951475955545902 0.006273599807173014 0.0007957357447594404 
v 0.004032394383102655 0.006273599807173014 -0.000013448222489387263 
v 0.003951475955545902 0.006273599807173014 -0.0007956594345159829 
v 0.0037356936372816563 0.006273599341511726 -0.0015508978394791484 
v 0.003358074463903904 0.006273599341511726 -0.0022521906066685915 
v 0.002845591166988015 0.006273599341511726 -0.00284559209831059 
v 0.002252189675346017 0.006273599341511726 -0.0033580753952264786 
v 0.001550896791741252 0.006273599341511726 -0.003735694568604231 
v 0.0007956583867780864 0.006273599341511726 -0.003951476886868477 
v 0.00001344720021734247 0.006273599341511726 -0.00403239531442523 
v -0.0007957367924973369 0.006273599341511726 -0.003951476886868477 
v -0.0015509752556681633 0.006273599341511726 -0.003735694568604231 
v -0.0022522679064422846 0.006273599341511726 -0.0033580753952264786 
v -0.0028456696309149265 0.006273600272834301 0.002845668699592352 
v -0.0028456696309149265 0.006273599341511726 -0.00284559209831059 
v -0.0033581526950001717 0.006273600272834301 0.00225226697511971 
v -0.0033581526950001717 0.006273599341511726 -0.0022521906066685915 
v -0.0037357721012085676 0.006273600272834301 0.0015509742079302669 
v -0.00395155418664217 0.006273599807173014 0.0007957357447594404 
v -0.004032472614198923 0.006273599807173014 -0.000013448222489387263 
v -0.00395155418664217 0.006273599807173014 -0.0007956594345159829 
v -0.0037357721012085676 0.006273599341511726 -0.0015508978394791484 
v 0.00001344720021734247 0.21633264422416687 -0.009184234775602818 
v -0.0020364855881780386 0.21551169455051422 -0.010290119796991348 
v -0.001793730421923101 0.21633264422416687 -0.009022397920489311 
v -0.004032472614198923 0.21551169455051422 -0.009696717374026775 
v -0.003519989550113678 0.21633264422416687 -0.008482941426336765 
v -0.005839650519192219 0.21551169455051422 -0.008725697174668312 
v -0.00511138467118144 0.21633264422416687 -0.007646785117685795 
v -0.007431045640259981 0.21551169455051422 -0.0074310023337602615 
v -0.00651397043839097 0.21633264422416687 -0.006513927597552538 
v -0.008725740015506744 0.21551169455051422 -0.005839606747031212 
v -0.007646827958524227 0.21633264422416687 -0.005111341830343008 
v -0.009696761146187782 0.21551169455051422 -0.0040324293076992035 
v -0.008482985198497772 0.21633264422416687 -0.0035199462436139584 
v -0.01029016263782978 0.21551169455051422 -0.002036442281678319 
v -0.009022440761327744 0.21633264422416687 -0.0017936872318387032 
v -0.01050594449043274 0.21551169455051422 -0.000013482311260304414 
v -0.00918427761644125 0.21633264422416687 -0.000013482444956025574 
v -0.01029016263782978 0.21551169455051422 0.002036450430750847 
v -0.009022440761327744 0.21633264422416687 0.0017936951480805874 
v -0.009696761146187782 0.21551169455051422 0.004032437689602375 
v -0.008482985198497772 0.21633264422416687 0.0035199543926864862 
v -0.008725740015506744 0.21551169455051422 0.005839615594595671 
v -0.007646827958524227 0.21633264422416687 0.005111349280923605 
v -0.007431045640259981 0.21551169455051422 0.007431010715663433 
v -0.00651397043839097 0.21633264422416687 0.006513935048133135 
v -0.005839650519192219 0.21551169455051422 0.008725704625248909 
v -0.00511138467118144 0.21633264422416687 0.007646792568266392 
v -0.004032472614198923 0.21551169455051422 0.009696725755929947 
v -0.003519989550113678 0.21633264422416687 0.008482949808239937 
v -0.0020364855881780386 0.21551169455051422 0.010290127247571945 
v -0.001793730421923101 0.21633264422416687 0.009022405371069908 
v 0.00001344720021734247 0.21551169455051422 0.010505909100174904 
v 0.00001344720021734247 0.21633264422416687 0.009184242226183414 
v 0.0020364071242511272 0.21551169455051422 0.010290127247571945 
v 0.0017936519579961896 0.21633264422416687 0.009022405371069908 
v 0.004032394383102655 0.21551169455051422 0.009696725755929947 
v 0.0035199110861867666 0.21633264422416687 0.008482949808239937 
v 0.005839571822434664 0.21551169455051422 0.008725704625248909 
v 0.005111306440085173 0.21633264422416687 0.007646792568266392 
v 0.0074309674091637135 0.21551169455051422 0.007431010715663433 
v 0.0065138922072947025 0.21633264422416687 0.006513935048133135 
v 0.008725661784410477 0.21551169455051422 0.005839615594595671 
v 0.0076467497274279594 0.21633264422416687 0.005111349280923605 
v 0.00969668198376894 0.21551169455051422 0.004032437689602375 
v 0.00848290603607893 0.21633264422416687 0.0035199543926864862 
v 0.010290084406733513 0.21551169455051422 0.002036450430750847 
v 0.009022362530231476 0.21633264422416687 0.0017936951480805874 
v 0.010505866259336472 0.21551169455051422 -0.000013482311260304414 
v 0.009184199385344982 0.21633264422416687 -0.000013482444956025574 
v 0.010290084406733513 0.21551169455051422 -0.002036442281678319 
v 0.009022362530231476 0.21633264422416687 -0.0017936872318387032 
v 0.00969668198376894 0.21551169455051422 -0.0040324293076992035 
v 0.00848290603607893 0.21633264422416687 -0.0035199462436139584 
v 0.008725661784410477 0.21551169455051422 -0.005839606747031212 
v 0.0076467497274279594 0.21633264422416687 -0.005111341830343008 
v 0.0074309674091637135 0.21551169455051422 -0.0074310023337602615 
v 0.0065138922072947025 0.21633264422416687 -0.006513927597552538 
v 0.005839571822434664 0.21551169455051422 -0.008725697174668312 
v 0.005111306440085173 0.21633264422416687 -0.007646785117685795 
v 0.004032394383102655 0.21551169455051422 -0.009696717374026775 
v 0.0035199110861867666 0.21633264422416687 -0.008482941426336765 
v 0.0020364071242511272 0.21551169455051422 -0.010290119796991348 
v 0.0017936519579961896 0.21633264422416687 -0.009022397920489311 
v 0.00001344720021734247 0.21551169455051422 -0.010505901649594307 
v -0.00918427761644125 0.21633264422416687 -0.000013482444956025574 
v -0.009022440761327744 0.21633264422416687 0.0017936951480805874 
v -0.009022440761327744 0.21633264422416687 -0.0017936872318387032 
v -0.008482985198497772 0.21633264422416687 0.0035199543926864862 
v -0.008482985198497772 0.21633264422416687 -0.0035199462436139584 
v -0.007646827958524227 0.21633264422416687 -0.005111341830343008 
v -0.007646827958524227 0.21633264422416687 0.005111349280923605 
v -0.00651397043839097 0.21633264422416687 0.006513935048133135 
v -0.00651397043839097 0.21633264422416687 -0.006513927597552538 
v -0.00511138467118144 0.21633264422416687 0.007646792568266392 
v -0.00511138467118144 0.21633264422416687 -0.007646785117685795 
v -0.003519989550113678 0.21633264422416687 0.008482949808239937 
v -0.003519989550113678 0.21633264422416687 -0.008482941426336765 
v -0.001793730421923101 0.21633264422416687 0.009022405371069908 
v -0.001793730421923101 0.21633264422416687 -0.009022397920489311 
v 0.00001344720021734247 0.21633264422416687 0.009184242226183414 
v 0.00001344720021734247 0.21633264422416687 -0.009184234775602818 
v 0.0017936519579961896 0.21633264422416687 -0.009022397920489311 
v 0.0017936519579961896 0.21633264422416687 0.009022405371069908 
v 0.0035199110861867666 0.21633264422416687 0.008482949808239937 
v 0.0035199110861867666 0.21633264422416687 -0.008482941426336765 
v 0.005111306440085173 0.21633264422416687 0.007646792568266392 
v 0.005111306440085173 0.21633264422416687 -0.007646785117685795 
v 0.0065138922072947025 0.21633264422416687 0.006513935048133135 
v 0.0065138922072947025 0.21633264422416687 -0.006513927597552538 
v 0.0076467497274279594 0.21633264422416687 0.005111349280923605 
v 0.0076467497274279594 0.21633264422416687 -0.005111341830343008 
v 0.00848290603607893 0.21633264422416687 0.0035199543926864862 
v 0.00848290603607893 0.21633264422416687 -0.0035199462436139584 
v 0.009022362530231476 0.21633264422416687 0.0017936951480805874 
v 0.009022362530231476 0.21633264422416687 -0.0017936872318387032 
v 0.009184199385344982 0.21633264422416687 -0.000013482444956025574 
vn -0.3437780439853668 0.436974436044693 0.8311859369277954 
vn -0.1668848991394043 0.4873342216014862 0.8571200966835022 
vn -0.1780218631029129 0.436974436044693 0.8816810846328735 
vn -0.0018867163453251123 0.4873342216014862 0.873213529586792 
vn 0.0018863676814362407 0.436974436044693 0.8994719386100769 
vn -0.18191176652908325 0.3115094006061554 0.9326682090759277 
vn -0.0018870257772505283 0.3115094006061554 0.950241208076477 
vn -0.19496741890907288 0.17173556983470917 0.965657651424408 
vn -0.3752537667751312 0.17173555493354797 0.91087406873703 
vn -0.36233437061309814 0.3115094006061554 0.8784507513046265 
vn 0.1743221879005432 0.436974436044693 0.8824200630187988 
vn 0.1705872118473053 0.4873342216014862 0.8563908934593201 
vn 0.17239217460155487 0.4681423306465149 0.8666739463806152 
vn 2.7374741471027086e-13 0.4681423306465149 0.8836531043052673 
vn -0.17239217460155487 0.4681423306465149 0.8666739463806152 
vn -0.3328573703765869 0.4873341917991638 0.8072864413261414 
vn -0.4967762529850006 0.4369744062423706 0.749844491481781 
vn -0.5285150408744812 0.311509370803833 0.7897048592567444 
vn -0.548100471496582 0.17173554003238678 0.8185919523239136 
vn -0.5567594170570374 0.05895272269845009 0.8285792469978333 
vn -0.3841959536075592 0.05895273759961128 0.9213675260543823 
vn -0.19683261215686798 0.05895274877548218 0.9786631464958191 
vn 3.0518805798490645e-13 0.17173556983470917 0.9851431250572205 
vn 0.18561457097530365 0.3115094006061554 0.9319383502006531 
vn 0.34726133942604065 0.436974436044693 0.8297366499900818 
vn 0.33634281158447266 0.4873341917991638 0.8058404922485352 
vn 0.3381594121456146 0.4681423008441925 0.8163890242576599 
vn 0.34734907746315 0.41722095012664795 0.8398067355155945 
vn 0.17429254949092865 0.41722095012664795 0.891935408115387 
vn 0.0018857949180528522 0.41722095012664795 0.9088031649589539 
vn -0.17799262702465057 0.41722095012664795 0.8912044167518616 
vn -0.3381594121456146 0.4681423008441925 0.8163890242576599 
vn -0.4857207238674164 0.4873341917991638 0.7256588935852051 
vn -0.6366907358169556 0.4369743764400482 0.6353568434715271 
vn -0.6739218831062317 0.311509370803833 0.6699188351631165 
vn -0.6939274668693542 0.17173552513122559 0.6992650628089905 
vn -0.7078755497932434 0.058952704071998596 0.7038727402687073 
vn -0.7064976692199707 0.04149741679430008 0.7064976692199707 
vn -0.5550916790962219 0.04149743542075157 0.8307533860206604 
vn -0.3823537826538086 0.041497450321912766 0.9230837225914001 
vn -0.19492226839065552 0.04149746149778366 0.9799404740333557 
vn -0.0018869596533477306 0.058952752500772476 0.9982590079307556 
vn 0.19496741890907288 0.17173556983470917 0.965657651424408 
vn 0.36582040786743164 0.3115094006061554 0.8770047426223755 
vn 0.49991703033447266 0.4369744062423706 0.7477542161941528 
vn 0.48258039355278015 0.4873341917991638 0.7277510166168213 
vn 0.4909313917160034 0.4681423008441925 0.7347306609153748 
vn 0.5066676735877991 0.41722092032432556 0.7544630765914917 
vn 0.5159671306610107 0.3690182566642761 0.7730481028556824 
vn 0.3565455973148346 0.3690182864665985 0.858312726020813 
vn 0.18363316357135773 0.3690182864665985 0.9111006259918213 
vn 0.003772426163777709 0.3690182864665985 0.9294144511222839 
vn -0.18363316357135773 0.3690182864665985 0.9111006259918213 
vn -0.3508313000202179 0.41722095012664795 0.8383579850196838 
vn -0.4909313917160034 0.4681423008441925 0.7347306609153748 
vn -0.6194546222686768 0.48733416199684143 0.615452229976654 
vn -0.7467042207717896 0.4369743764400482 0.5014840364456177 
vn -0.7886537909507751 0.3115093410015106 0.5300821661949158 
vn -0.8185919523239136 0.1717354953289032 0.548100471496582 
vn -0.831723153591156 0.05895267799496651 0.552051842212677 
vn -0.8307533860206604 0.04149739071726799 0.5550916790962219 
vn -0.8293700218200684 0.08510017395019531 0.5521805286407471 
vn -0.7052088379859924 0.0851001963019371 0.703873872756958 
vn -0.5537510514259338 0.0851002186536789 0.8283222317695618 
vn -0.3808591067790985 0.08510023355484009 0.9207085967063904 
vn -0.1932251900434494 0.08510024100542068 0.9774569272994995 
vn 3.0952372826256735e-13 0.04149746522307396 0.999138593673706 
vn 0.19313138723373413 0.05895274877548218 0.9794002771377563 
vn 0.3752537667751312 0.17173555493354797 0.91087406873703 
vn 0.5253744125366211 0.311509370803833 0.7917976975440979 
vn 0.634020209312439 0.4369743764400482 0.6380217671394348 
vn 0.6167892813682556 0.48733416199684143 0.6181232929229736 
vn 0.6248371601104736 0.4681422710418701 0.6248371005058289 
vn 0.6406189799308777 0.41722092032432556 0.6446192860603333 
vn 0.6558656096458435 0.3690182566642761 0.6585330963134766 
vn 0.6728793978691101 0.3073544204235077 0.6728793382644653 
vn 0.5271076560020447 0.3073544204235077 0.7922693490982056 
vn 0.36764416098594666 0.3073544502258301 0.877707839012146 
vn 0.18749770522117615 0.3073544502258301 0.9329404234886169 
vn 2.9479519411505783e-13 0.3073544502258301 0.9515950679779053 
vn 0.1875307857990265 0.24013158679008484 0.9524542093276978 
vn 0.3749704957008362 0.24013158679008484 0.8953959345817566 
vn 0.5408825874328613 0.24013157188892365 0.8060910701751709 
vn 0.6864171028137207 0.24013155698776245 0.6864170432090759 
vn 0.8060911297798157 0.24013152718544006 0.5408825278282166 
vn 0.7922694087028503 0.3073543906211853 0.5271075963973999 
vn 0.7709475755691528 0.36901822686195374 0.519100546836853 
vn 0.7555128931999207 0.4172208905220032 0.5051010251045227 
vn 0.7347307205200195 0.4681422710418701 0.49093130230903625 
vn 0.7267066836357117 0.48733416199684143 0.48415160179138184 
vn 0.8163890838623047 0.46814224123954773 0.33815932273864746 
vn 0.84052574634552 0.4172208607196808 0.34560564160346985 
vn 0.859752893447876 0.36901819705963135 0.3530588150024414 
vn 0.8805968761444092 0.3073543608188629 0.36066946387290955 
vn 0.8982847929000854 0.24013149738311768 0.3679963946342468 
vn 0.9524542689323425 0.2401314675807953 0.1875307410955429 
vn 0.9329404830932617 0.3073543310165405 0.18749766051769257 
vn 0.9118385314941406 0.36901816725730896 0.17993351817131042 
vn 0.8908331990242004 0.4172208309173584 0.17984144389629364 
vn 0.86667400598526 0.46814221143722534 0.1723921000957489 
vn 0.8080037832260132 0.48733413219451904 0.331112265586853 
vn 0.748801052570343 0.4369743764400482 0.498347669839859 
vn 0.671255886554718 0.311509370803833 0.6725901365280151 
vn 0.548100471496582 0.17173554003238678 0.8185919523239136 
vn 0.3807099759578705 0.05895273759961128 0.922813355922699 
vn 0.19492226839065552 0.04149746149778366 0.9799404740333557 
vn 0.0018879338167607784 0.08510024845600128 0.9963706135749817 
vn 0.1969279795885086 0.08510024100542068 0.9767176508903503 
vn 0.3823537826538086 0.041497450321912766 0.9230837225914001 
vn 0.5536230206489563 0.05895272269845009 0.8306781649589539 
vn 0.6939274668693542 0.17173552513122559 0.6992650628089905 
vn 0.7907528877258301 0.3115093410015106 0.5269457101821899 
vn 0.830463171005249 0.43697434663772583 0.34552040696144104 
vn 0.8560203909873962 0.48733410239219666 0.17243710160255432 
vn 0.8836531639099121 0.46814218163490295 -7.627019016354097e-8 
vn 0.9088051319122314 0.417220801115036 -6.797402818392584e-8 
vn 0.9294221997261047 0.3690181374549866 -6.012080433492883e-8 
vn 0.95159512758255 0.30735430121421814 -5.007446901572621e-8 
vn 0.9707403779029846 0.2401314377784729 -3.9122454609241686e-8 
vn 0.9879940152168274 0.15449213981628418 -2.5170013628894594e-8 
vn 0.9685468077659607 0.15449216961860657 0.19506214559078217 
vn 0.9138674736022949 0.15449219942092896 0.37547093629837036 
vn 0.8217491507530212 0.15449222922325134 0.548507571220398 
vn 0.697281002998352 0.15449225902557373 0.6999509930610657 
vn 0.5516441464424133 0.15449227392673492 0.8196468353271484 
vn 0.37896090745925903 0.15449228882789612 0.9124257564544678 
vn 0.5540040135383606 0.04586265608668327 0.8312497735023499 
vn 0.7056947946548462 0.04586263746023178 0.7070299983024597 
vn 0.8302010893821716 0.04586261138319969 0.5555742383003235 
vn 0.9227266311645508 0.0458625853061676 0.3827168345451355 
vn 0.9797071814537048 0.045862555503845215 0.19511651992797852 
vn 0.9989477396011353 0.04586252197623253 -7.471967933270207e-9 
vn 0.9797071814537048 0.04586248844861984 -0.1951165497303009 
vn 0.9685468077659607 0.1544921100139618 -0.19506220519542694 
vn 0.9524542689323425 0.2401314079761505 -0.18753083050251007 
vn 0.9329404830932617 0.30735427141189575 -0.18749774992465973 
vn 0.9118385314941406 0.3690181076526642 -0.17993363738059998 
vn 0.8908331990242004 0.4172207713127136 -0.17984159290790558 
vn 0.86667400598526 0.46814215183258057 -0.17239224910736084 
vn 0.8732156157493591 0.48733407258987427 -7.939695478853537e-8 
vn 0.8827837705612183 0.43697431683540344 0.17247113585472107 
vn 0.8791685700416565 0.31150931119918823 0.3605891168117523 
vn 0.8185919523239136 0.1717354953289032 0.548100471496582 
vn 0.705209493637085 0.058952704071998596 0.7065438032150269 
vn 0.5550916790962219 0.04149743542075157 0.8307533860206604 
vn 0.38434550166130066 0.08510023355484009 0.9192586541175842 
vn 0.5506080389022827 0.0851002186536789 0.8304147720336914 
vn 0.7064976692199707 0.04149741679430008 0.7064976692199707 
vn 0.8296301960945129 0.05895267799496651 0.5551921725273132 
vn 0.91087406873703 0.1717354655265808 0.37525373697280884 
vn 0.9315679669380188 0.31150928139686584 0.1874648481607437 
vn 0.899474024772644 0.43697428703308105 -7.119228939700406e-8 
vn 0.8560203909873962 0.4873340427875519 -0.17243725061416626 
vn 0.8163890838623047 0.4681421220302582 -0.3381595015525818 
vn 0.84052574634552 0.41722074151039124 -0.3456057608127594 
vn 0.859752893447876 0.3690180778503418 -0.35305893421173096 
vn 0.8777078986167908 0.30735424160957336 -0.36764422059059143 
vn 0.8982847929000854 0.24013137817382812 -0.3679964542388916 
vn 0.9138674736022949 0.1544920802116394 -0.37547099590301514 
vn 0.9227266311645508 0.045862458646297455 -0.3827168345451355 
vn 0.923859715461731 0.006553978193551302 -0.3826752007007599 
vn 0.9807642102241516 0.006554008927196264 -0.19508613646030426 
vn 0.9999785423278809 0.006554040592163801 -1.0677908557354954e-9 
vn 0.9807642102241516 0.006554072257131338 0.19508613646030426 
vn 0.923859715461731 0.0065541029907763 0.3826752007007599 
vn 0.8314517736434937 0.006554130930453539 0.5555583238601685 
vn 0.7070915699005127 0.006554155610501766 0.7070915699005127 
vn 0.8307533860206604 -0.041497211903333664 0.5550916790962219 
vn 0.9230837225914001 -0.04149723798036575 0.3823537826538086 
vn 0.9799404740333557 -0.04149726778268814 0.19492226839065552 
vn 0.999138593673706 -0.04149730131030083 6.760781712245034e-9 
vn 0.9799404740333557 -0.04149733483791351 -0.19492226839065552 
vn 0.9230837225914001 -0.0414973646402359 -0.3823537826538086 
vn 0.8307533860206604 -0.04149739071726799 -0.5550916790962219 
vn 0.8314517736434937 0.0065539502538740635 -0.5555583238601685 
vn 0.8302010893821716 0.045862432569265366 -0.5555742383003235 
vn 0.8217491507530212 0.15449205040931702 -0.548507571220398 
vn 0.8060911297798157 0.24013134837150574 -0.5408826470375061 
vn 0.7922694087028503 0.307354211807251 -0.5271077156066895 
vn 0.7709475755691528 0.3690180480480194 -0.5191006660461426 
vn 0.7555128931999207 0.41722071170806885 -0.5051011443138123 
vn 0.7347307205200195 0.4681420922279358 -0.4909314811229706 
vn 0.8080037832260132 0.4873340129852295 -0.33111244440078735 
vn 0.8827837705612183 0.43697425723075867 -0.172471284866333 
vn 0.9502431154251099 0.31150925159454346 -5.075139952737118e-8 
vn 0.965657651424408 0.17173543572425842 0.1949673891067505 
vn 0.922092080116272 0.05895265191793442 0.38245365023612976 
vn 0.8307533860206604 0.04149739071726799 0.5550916790962219 
vn 0.702536404132843 0.0851001963019371 0.7065412998199463 
vn 0.8272715210914612 0.08510017395019531 0.5553195476531982 
vn 0.9230837225914001 0.0414973646402359 0.3823537826538086 
vn 0.9790334105491638 0.05895262211561203 0.19498233497142792 
vn 0.9851431250572205 0.17173540592193604 -2.7979304206837696e-8 
vn 0.9315679669380188 0.31150922179222107 -0.18746493756771088 
vn 0.830463171005249 0.4369742274284363 -0.3455205261707306 
vn 0.7267066836357117 0.4873339831829071 -0.48415178060531616 
vn 0.6248371601104736 0.4681420922279358 -0.6248372197151184 
vn 0.6406189799308777 0.41722068190574646 -0.6446194052696228 
vn 0.6558656096458435 0.369018018245697 -0.6585332155227661 
vn 0.6728793978691101 0.3073541820049286 -0.6728794574737549 
vn 0.6864171028137207 0.24013131856918335 -0.6864171624183655 
vn 0.697281002998352 0.15449202060699463 -0.6999509930610657 
vn 0.7056947946548462 0.045862406492233276 -0.7070299983024597 
vn 0.7070915699005127 0.006553925573825836 -0.7070915699005127 
vn 0.7064976692199707 -0.04149741679430008 -0.7064976692199707 
vn 0.6999891996383667 -0.14152856171131134 -0.6999891996383667 
vn 0.82414710521698 -0.14152853190898895 -0.5484079122543335 
vn 0.9160176515579224 -0.14152850210666656 -0.3753417134284973 
vn 0.9705429673194885 -0.14152847230434418 -0.1949770599603653 
vn 0.9899342060089111 -0.1415284425020218 2.3057955544913966e-8 
vn 0.9705429673194885 -0.1415284126996994 0.19497711956501007 
vn 0.9160176515579224 -0.14152838289737701 0.3753417730331421 
vn 0.9420465230941772 -0.2781098186969757 0.18762542307376862 
vn 0.9605492949485779 -0.2781098484992981 4.530993535922789e-8 
vn 0.9420465230941772 -0.2781098783016205 -0.18762533366680145 
vn 0.8872510194778442 -0.27810990810394287 -0.3680223524570465 
vn 0.7982738614082336 -0.27810993790626526 -0.5342411994934082 
vn 0.6785429120063782 -0.27810996770858765 -0.6798781752586365 
vn 0.6312510371208191 -0.44872695207595825 -0.6325869560241699 
vn 0.7416121363639832 -0.44872695207595825 -0.49865370988845825 
vn 0.8269020915031433 -0.44872692227363586 -0.3389352560043335 
vn 0.8768183588981628 -0.4487268924713135 -0.1727243959903717 
vn 0.8936689496040344 -0.4487268626689911 7.310703153962095e-8 
vn 0.7491005659103394 -0.6452018022537231 -0.15020962059497833 
vn 0.704947829246521 -0.6452018618583679 -0.2945558726787567 
vn 0.6332773566246033 -0.6452018618583679 -0.42740416526794434 
vn 0.5422390699386597 -0.6452018618583679 -0.5382298231124878 
vn 0.4647524654865265 -0.7511792778968811 -0.46875882148742676 
vn 0.5508111715316772 -0.7511792778968811 -0.3637811541557312 
vn 0.6107508540153503 -0.7511792778968811 -0.2504258155822754 
vn 0.6476439833641052 -0.7511792182922363 -0.12762072682380676 
vn 0.7640122175216675 -0.6452018022537231 1.051169249421946e-7 
vn 0.6600983142852783 -0.7511792182922363 1.2238287183663488e-7 
vn 0.8768183588981628 -0.4487268328666687 0.17272454500198364 
vn 0.8872510194778442 -0.2781097888946533 0.36802247166633606 
vn 0.82414710521698 -0.14152835309505463 0.5484079122543335 
vn 0.7064976692199707 -0.041497185826301575 0.7064976692199707 
vn 0.5555583238601685 0.006554176099598408 0.8314517736434937 
vn 0.3809719681739807 0.04586267098784447 0.9234484434127808 
vn 0.19135907292366028 0.1544923037290573 0.969285249710083 
vn 3.015883983520373e-13 0.24013160169124603 0.9707403182983398 
vn -0.18749770522117615 0.3073544502258301 0.9329404234886169 
vn -0.3565455973148346 0.3690182864665985 0.858312726020813 
vn -0.5035322904586792 0.41722092032432556 0.7565593123435974 
vn -0.6248371601104736 0.4681422710418701 0.6248371005058289 
vn -0.7246077656745911 0.48733416199684143 0.48728740215301514 
vn -0.8319051265716553 0.43697434663772583 0.34203407168388367 
vn -0.8777295351028442 0.31150931119918823 0.3640780448913574 
vn -0.91087406873703 0.1717354655265808 0.37525373697280884 
vn -0.9235313534736633 0.05895265191793442 0.37896496057510376 
vn -0.9230837225914001 0.0414973646402359 0.3823537826538086 
vn -0.9214286208152771 0.08510014414787292 0.3791138529777527 
vn -0.9153228402137756 0.13720175623893738 0.37862876057624817 
vn -0.822951078414917 0.13720178604125977 0.5512959957122803 
vn -0.698416531085968 0.13720181584358215 0.7024173140525818 
vn -0.5528618693351746 0.13720183074474335 0.8218998908996582 
vn -0.3803708851337433 0.13720184564590454 0.9146003127098083 
vn -0.19301415979862213 0.13720186054706573 0.9715560674667358 
vn 0.0018859885167330503 0.13720186054706573 0.9905413389205933 
vn 0.1967124193906784 0.13720186054706573 0.970814049243927 
vn 0.376885324716568 0.13720184564590454 0.9160420894622803 
vn 0.5497280955314636 0.13720183074474335 0.8239992260932922 
vn 0.7010862231254578 0.13720181584358215 0.6997526288032532 
vn 0.8250443935394287 0.13720178604125977 0.5481581687927246 
vn 0.919985294342041 0.08510014414787292 0.3826029896736145 
vn 0.9799404740333557 0.04149733483791351 0.19492226839065552 
vn 0.9982607960700989 0.058952588587999344 -9.604614881197904e-9 
vn 0.965657651424408 0.17173537611961365 -0.19496744871139526 
vn 0.8791685700416565 0.3115091919898987 -0.36058923602104187 
vn 0.748801052570343 0.4369741976261139 -0.49834778904914856 
vn 0.6167892813682556 0.4873339831829071 -0.6181234121322632 
vn 0.4909313917160034 0.4681420624256134 -0.7347307801246643 
vn 0.5066676735877991 0.41722068190574646 -0.7544631958007812 
vn 0.5159671306610107 0.369018018245697 -0.7730482220649719 
vn 0.5271076560020447 0.3073541820049286 -0.7922694683074951 
vn 0.5408825874328613 0.24013130366802216 -0.8060911893844604 
vn 0.5516441464424133 0.15449200570583344 -0.8196468353271484 
vn 0.5540040135383606 0.045862387865781784 -0.8312497735023499 
vn 0.5555583238601685 0.006553905084729195 -0.8314517736434937 
vn 0.5550916790962219 -0.04149743542075157 -0.8307533860206604 
vn 0.5484079122543335 -0.14152857661247253 -0.82414710521698 
vn 0.5326708555221558 -0.27810996770858765 -0.7993226051330566 
vn 0.4970847964286804 -0.44872698187828064 -0.742664635181427 
vn 0.425836443901062 -0.6452019214630127 -0.6343325972557068 
vn 0.3653557598590851 -0.7511793375015259 -0.5497679710388184 
vn 0.25217241048812866 -0.7511793375015259 -0.6100317239761353 
vn 0.2928112745285034 -0.6452019214630127 -0.7056741714477539 
vn 0.34417298436164856 -0.448727011680603 -0.8247357606887817 
vn 0.12947335839271545 -0.7511793375015259 -0.6472760438919067 
vn 0.14835621416568756 -0.6452019214630127 -0.7494697570800781 
vn 0.0018886676989495754 -0.7511793375015259 -0.6600955128669739 
vn -0.001889931270852685 -0.6452019214630127 -0.7640097737312317 
vn -0.1257672905921936 -0.7511793375015259 -0.6480063199996948 
vn 0.17087037861347198 -0.448727011680603 -0.8771815299987793 
vn 0.36627739667892456 -0.27810999751091003 -0.8879727721214294 
vn 0.18577300012111664 -0.27810999751091003 -0.9424135088920593 
vn 0.38231557607650757 -0.14152859151363373 -0.9131289720535278 
vn -0.0018893282394856215 -0.448727011680603 -0.8936669230461121 
vn -0.1520623117685318 -0.6452019214630127 -0.7487266063690186 
vn -0.2556591033935547 -0.7511793375015259 -0.6085787415504456 
vn -0.28931644558906555 -0.6452019214630127 -0.7071141600608826 
vn -0.36849573254585266 -0.7511792778968811 -0.5476682782173157 
vn -0.17457778751850128 -0.448727011680603 -0.8764511942863464 
vn -0.0018883934244513512 -0.27810999751091003 -0.9605473875999451 
vn 0.19497708976268768 -0.14152860641479492 -0.9705429673194885 
vn 0.3823537826538086 -0.041497450321912766 -0.9230837225914001 
vn 0.3826752007007599 0.006553890183568001 -0.923859715461731 
vn 0.19492226839065552 -0.04149746149778366 -0.9799404740333557 
vn -1.0237063340036087e-13 -0.14152860641479492 -0.9899342060089111 
vn -0.18947702646255493 -0.27810999751091003 -0.9416757822036743 
vn -0.3406827449798584 -0.448727011680603 -0.8261836171150208 
vn -0.4226929545402527 -0.6452019214630127 -0.6364315748214722 
vn -0.46742725372314453 -0.7511792778968811 -0.46609166264533997 
vn -0.539569616317749 -0.6452018618583679 -0.5409058928489685 
vn -0.5487204790115356 -0.7511792778968811 -0.3669271171092987 
vn -0.49394020438194275 -0.44872698187828064 -0.7447597980499268 
vn -0.3697659969329834 -0.27810999751091003 -0.8865257501602173 
vn -0.19497708976268768 -0.14152860641479492 -0.9705429673194885 
vn -1.0332247481637663e-13 -0.04149746522307396 -0.999138593673706 
vn 0.19508613646030426 0.006553880870342255 -0.9807642102241516 
vn 0.3809719681739807 0.04586237296462059 -0.9234484434127808 
vn 0.37896090745925903 0.15449199080467224 -0.9124257564544678 
vn 0.19326429069042206 0.045862361788749695 -0.9800742268562317 
vn -1.0340933296291988e-13 0.0065538776107132435 -0.9999785423278809 
vn -0.19492226839065552 -0.04149746149778366 -0.9799404740333557 
vn -0.38231557607650757 -0.14152859151363373 -0.9131289720535278 
vn -0.5358095765113831 -0.27810996770858765 -0.7972220182418823 
vn -0.6339201331138611 -0.44872695207595825 -0.6299121975898743 
vn -0.6353841423988342 -0.6452018618583679 -0.42426586151123047 
vn -0.6093078255653381 -0.7511792778968811 -0.2539166510105133 
vn -0.7063964605331421 -0.6452018618583679 -0.29106464982032776 
vn -0.6469030976295471 -0.7511792182922363 -0.13132469356060028 
vn -0.7437139749526978 -0.44872695207595825 -0.49551355838775635 
vn -0.6812108755111694 -0.27810996770858765 -0.677204966545105 
vn -0.5484079122543335 -0.14152857661247253 -0.82414710521698 
vn -0.3823537826538086 -0.041497450321912766 -0.9230837225914001 
vn -0.19508613646030426 0.006553880870342255 -0.9807642102241516 
vn -0.0018882581498473883 0.045862358063459396 -0.998945951461792 
vn 0.19135907292366028 0.15449197590351105 -0.969285249710083 
vn 0.3679964244365692 0.24013128876686096 -0.8982848525047302 
vn 0.36764416098594666 0.3073541522026062 -0.8777079582214355 
vn 0.1875307857990265 0.24013128876686096 -0.9524543285369873 
vn 0.003775994060561061 0.15449197590351105 -0.9879868030548096 
vn -0.19696807861328125 0.045862361788749695 -0.9793366193771362 
vn -0.3826752007007599 0.006553890183568001 -0.923859715461731 
vn -0.5550916790962219 -0.04149743542075157 -0.8307533860206604 
vn -0.6999891996383667 -0.14152856171131134 -0.6999891996383667 
vn -0.8003683090209961 -0.27810993790626526 -0.5310983061790466 
vn -0.8254615664482117 -0.44872692227363586 -0.3424285650253296 
vn -0.7498345375061035 -0.6452018022537231 -0.14650170505046844 
vn -0.660087525844574 -0.7511792182922363 -0.0037771975621581078 
vn -0.7640028595924377 -0.6452018022537231 -0.0037797458935528994 
vn -0.6469030976295471 -0.7511792182922363 0.13132493197917938 
vn -0.8760802149772644 -0.4487268924713135 -0.17643025517463684 
vn -0.8886911869049072 -0.27810990810394287 -0.36453092098236084 
vn -0.82414710521698 -0.14152853190898895 -0.5484079122543335 
vn -0.7064976692199707 -0.04149741679430008 -0.7064976692199707 
vn -0.5555583238601685 0.006553905084729195 -0.8314517736434937 
vn -0.38446033000946045 0.04586237296462059 -0.9220015406608582 
vn -0.19135907292366028 0.15449197590351105 -0.969285249710083 
vn -1.003857709306645e-13 0.24013127386569977 -0.9707404375076294 
vn 0.18749770522117615 0.3073541522026062 -0.9329405426979065 
vn 0.3565455973148346 0.36901798844337463 -0.8583128452301025 
vn 0.34734907746315 0.4172206521034241 -0.839806854724884 
vn 0.18363316357135773 0.36901798844337463 -0.9111007452011108 
vn -9.840592967227946e-14 0.3073541522026062 -0.9515951871871948 
vn -0.1875307857990265 0.24013128876686096 -0.9524543285369873 
vn -0.37896090745925903 0.15449199080467224 -0.9124257564544678 
vn -0.5571425557136536 0.045862387865781784 -0.8291494250297546 
vn -0.7070915699005127 0.006553925573825836 -0.7070915699005127 
vn -0.8307533860206604 -0.04149739071726799 -0.5550916790962219 
vn -0.9160176515579224 -0.14152850210666656 -0.3753417134284973 
vn -0.9427769780158997 -0.2781098783016205 -0.18391984701156616 
vn -0.8936609625816345 -0.4487268626689911 -0.0037785747554153204 
vn -0.7498345375061035 -0.6452018022537231 0.14650191366672516 
vn -0.6093078255653381 -0.7511791586875916 0.2539168894290924 
vn -0.7063964605331421 -0.6452017426490784 0.29106488823890686 
vn -0.5487204790115356 -0.7511791586875916 0.3669273555278778 
vn -0.8760802149772644 -0.4487268328666687 0.17643040418624878 
vn -0.960541844367981 -0.2781098484992981 -0.003776733996346593 
vn -0.9705429673194885 -0.14152847230434418 -0.1949770599603653 
vn -0.9230837225914001 -0.0414973646402359 -0.3823537826538086 
vn -0.8314517736434937 0.0065539502538740635 -0.5555583238601685 
vn -0.7083626985549927 0.045862406492233276 -0.7043570876121521 
vn -0.5516441464424133 0.15449200570583344 -0.8196468353271484 
vn -0.3749704957008362 0.24013128876686096 -0.8953960537910461 
vn -0.18749770522117615 0.3073541522026062 -0.9329405426979065 
vn -0.003772426163777709 0.36901798844337463 -0.9294145703315735 
vn 0.17429254949092865 0.4172206521034241 -0.8919355273246765 
vn 0.3381594121456146 0.4681420624256134 -0.8163891434669495 
vn 0.48258039355278015 0.4873339533805847 -0.7277511358261108 
vn 0.634020209312439 0.4369741976261139 -0.6380218863487244 
vn 0.7907528877258301 0.3115091621875763 -0.5269458293914795 
vn 0.91087406873703 0.17173534631729126 -0.3752537965774536 
vn 0.9790334105491638 0.05895255506038666 -0.1949823647737503 
vn 0.999138593673706 0.04149730131030083 -6.760781712245034e-9 
vn 0.9770890474319458 0.08510011434555054 0.19507692754268646 
vn 0.9138743877410889 0.13720175623893738 0.3821115493774414 
vn 0.9711868166923523 0.137201726436615 0.19486361742019653 
vn 0.996372401714325 0.08510008454322815 -1.3864591252854552e-8 
vn 0.9799404740333557 0.04149726778268814 -0.19492226839065552 
vn 0.922092080116272 0.05895252525806427 -0.38245365023612976 
vn 0.8185919523239136 0.17173531651496887 -0.548100471496582 
vn 0.671255886554718 0.3115091323852539 -0.6725902557373047 
vn 0.49991703033447266 0.4369741678237915 -0.7477543354034424 
vn 0.33634281158447266 0.4873339533805847 -0.8058406114578247 
vn 0.17239217460155487 0.468142032623291 -0.8666740655899048 
vn 0.0018857949180528522 0.4172206521034241 -0.9088032841682434 
vn -0.18363316357135773 0.36901798844337463 -0.9111007452011108 
vn -0.36764416098594666 0.3073541522026062 -0.8777079582214355 
vn -0.5408825874328613 0.24013130366802216 -0.8060911893844604 
vn -0.697281002998352 0.15449202060699463 -0.6999509930610657 
vn -0.8322955369949341 0.045862432569265366 -0.5524317026138306 
vn -0.923859715461731 0.006553978193551302 -0.3826752007007599 
vn -0.9799404740333557 -0.04149733483791351 -0.19492226839065552 
vn -0.9899342060089111 -0.1415284425020218 2.3058159825950497e-8 
vn -0.9427769780158997 -0.2781098186969757 0.18391993641853333 
vn -0.8254615664482117 -0.4487268030643463 0.34242868423461914 
vn -0.6353841423988342 -0.6452017426490784 0.42426609992980957 
vn -0.46742725372314453 -0.7511791586875916 0.46609190106391907 
vn -0.539569616317749 -0.6452017426490784 0.5409061312675476 
vn -0.36849573254585266 -0.7511791586875916 0.5476685166358948 
vn -0.7437139749526978 -0.4487267732620239 0.4955136775970459 
vn -0.8886911869049072 -0.2781097888946533 0.3645310401916504 
vn -0.9705429673194885 -0.1415284126996994 0.19497711956501007 
vn -0.999138593673706 -0.04149730131030083 6.760988657816824e-9 
vn -0.9807642102241516 0.006554008927196264 -0.19508613646030426 
vn -0.9241669178009033 0.045862458646297455 -0.3792257606983185 
vn -0.8217491507530212 0.15449205040931702 -0.548507571220398 
vn -0.6864171028137207 0.24013131856918335 -0.6864171624183655 
vn -0.5271076560020447 0.3073541820049286 -0.7922694683074951 
vn -0.3565455973148346 0.36901798844337463 -0.8583128452301025 
vn -0.17799262702465057 0.4172206521034241 -0.8912045359611511 
vn -9.137994722886733e-14 0.468142032623291 -0.8836532235145569 
vn 0.1705872118473053 0.48733392357826233 -0.8563910126686096 
vn 0.34726133942604065 0.4369741380214691 -0.8297367691993713 
vn 0.5253744125366211 0.3115091323852539 -0.7917978167533875 
vn 0.6939274668693542 0.17173528671264648 -0.6992650628089905 
vn 0.8296301960945129 0.05895249918103218 -0.5551921725273132 
vn 0.9230837225914001 0.04149723798036575 -0.3823537826538086 
vn 0.9770890474319458 0.08510005474090576 -0.19507695734500885 
vn 0.9905431270599365 0.1372016966342926 -2.2353036754907407e-8 
vn 0.9711868166923523 0.13720166683197021 -0.1948636770248413 
vn 0.919985294342041 0.08510002493858337 -0.3826029896736145 
vn 0.8307533860206604 0.041497211903333664 -0.5550916790962219 
vn 0.705209493637085 0.05895247310400009 -0.7065438032150269 
vn 0.548100471496582 0.1717352718114853 -0.8185919523239136 
vn 0.36582040786743164 0.3115091025829315 -0.877004861831665 
vn 0.1743221879005432 0.4369741380214691 -0.8824201822280884 
vn -0.0018867163453251123 0.48733392357826233 -0.8732136487960815 
vn -0.17239217460155487 0.468142032623291 -0.8666740655899048 
vn -0.3508313000202179 0.4172206521034241 -0.8383581042289734 
vn -0.5159671306610107 0.369018018245697 -0.7730482220649719 
vn -0.6728793978691101 0.3073541820049286 -0.6728794574737549 
vn -0.8060911297798157 0.24013134837150574 -0.5408826470375061 
vn -0.9138674736022949 0.1544920802116394 -0.37547099590301514 
vn -0.9804378151893616 0.04586249217391014 -0.19141137599945068 
vn -0.9999785423278809 0.006554040592163801 -1.0675840211860077e-9 
vn -0.9799404740333557 -0.04149726778268814 0.19492226839065552 
vn -0.9160176515579224 -0.14152838289737701 0.3753417730331421 
vn -0.8003683090209961 -0.27810975909233093 0.5310984253883362 
vn -0.6339201331138611 -0.4487267732620239 0.6299123167991638 
vn -0.4226929545402527 -0.6452016830444336 0.6364318132400513 
vn -0.2556591033935547 -0.7511790990829468 0.6085789799690247 
vn -0.28931644558906555 -0.6452016830444336 0.7071143984794617 
vn -0.1257672905921936 -0.7511790990829468 0.6480065584182739 
vn -0.49394020438194275 -0.44872674345970154 0.7447599172592163 
vn -0.6812108755111694 -0.27810972929000854 0.6772050857543945 
vn -0.82414710521698 -0.14152835309505463 0.5484079122543335 
vn -0.9230837225914001 -0.04149723798036575 0.3823537826538086 
vn -0.9807642102241516 0.006554072257131338 0.19508613646030426 
vn -0.998940646648407 0.04586252197623253 -0.0037765169981867075 
vn -0.9685468077659607 0.1544921100139618 -0.19506220519542694 
vn -0.8982847929000854 0.24013137817382812 -0.3679964542388916 
vn -0.7922694087028503 0.307354211807251 -0.5271077156066895 
vn -0.6558656096458435 0.369018018245697 -0.6585332155227661 
vn -0.5035322904586792 0.41722068190574646 -0.756559431552887 
vn -0.3381594121456146 0.4681420624256134 -0.8163891434669495 
vn -0.1668848991394043 0.48733392357826233 -0.8571202158927917 
vn 0.0018863676814362407 0.4369741380214691 -0.8994720578193665 
vn 0.18561457097530365 0.3115091025829315 -0.9319384694099426 
vn 0.3752537667751312 0.1717352569103241 -0.91087406873703 
vn 0.5536230206489563 0.0589524544775486 -0.8306781649589539 
vn 0.7064976692199707 0.041497185826301575 -0.7064976692199707 
vn 0.8272715210914612 0.08509999513626099 -0.5553195476531982 
vn 0.9138743877410889 0.13720163702964783 -0.3821116089820862 
vn 0.8250443935394287 0.13720160722732544 -0.5481581687927246 
vn 0.702536404132843 0.0850999727845192 -0.7065412998199463 
vn 0.5550916790962219 0.04149716719985008 -0.8307533860206604 
vn 0.3807099759578705 0.058952439576387405 -0.922813355922699 
vn 0.19496741890907288 0.1717352420091629 -0.965657651424408 
vn -0.0018870257772505283 0.3115091025829315 -0.9502413272857666 
vn -0.1780218631029129 0.4369741380214691 -0.8816812038421631 
vn -0.3328573703765869 0.4873339533805847 -0.8072865605354309 
vn -0.4909313917160034 0.4681420624256134 -0.7347307801246643 
vn -0.6432886719703674 0.41722068190574646 -0.6419552564620972 
vn -0.7709475755691528 0.3690180480480194 -0.5191006660461426 
vn -0.8805968761444092 0.30735424160957336 -0.3606695830821991 
vn -0.9524542689323425 0.2401314079761505 -0.18753083050251007 
vn -0.9879940152168274 0.15449213981628418 -2.5169809347858063e-8 
vn -0.9804378151893616 0.045862551778554916 0.1914113461971283 
vn -0.923859715461731 0.0065541029907763 0.3826752007007599 
vn -0.8307533860206604 -0.041497211903333664 0.5550916790962219 
vn -0.6999891996383667 -0.14152832329273224 0.6999891996383667 
vn -0.5358095765113831 -0.27810972929000854 0.7972221374511719 
vn -0.3406827449798584 -0.44872671365737915 0.8261837363243103 
vn -0.1520623117685318 -0.6452016830444336 0.7487268447875977 
vn 0.0018886676989495754 -0.7511790990829468 0.660095751285553 
vn -0.001889931270852685 -0.6452016830444336 0.7640100121498108 
vn 0.12947335839271545 -0.7511790990829468 0.6472762823104858 
vn -0.17457778751850128 -0.44872671365737915 0.876451313495636 
vn -0.3697659969329834 -0.27810969948768616 0.8865258693695068 
vn -0.5484079122543335 -0.14152830839157104 0.82414710521698 
vn -0.7064976692199707 -0.041497185826301575 0.7064976692199707 
vn -0.8314517736434937 0.006554130930453539 0.5555583238601685 
vn -0.9241669178009033 0.0458625853061676 0.3792257606983185 
vn -0.9685468077659607 0.15449216961860657 0.19506214559078217 
vn -0.9707403779029846 0.2401314377784729 -3.9122252104561994e-8 
vn -0.9329404830932617 0.30735427141189575 -0.18749774992465973 
vn -0.859752893447876 0.3690180778503418 -0.35305893421173096 
vn -0.7576025724411011 0.41722071170806885 -0.501961350440979 
vn -0.6248371601104736 0.4681420922279358 -0.6248372197151184 
vn -0.4857207238674164 0.4873339533805847 -0.7256590127944946 
vn -0.3437780439853668 0.4369741380214691 -0.831186056137085 
vn -0.18191176652908325 0.3115091025829315 -0.9326683282852173 
vn -1.0187518011258931e-13 0.1717352420091629 -0.9851431250572205 
vn 0.19313138723373413 0.05895242840051651 -0.9794002771377563 
vn 0.3823537826538086 0.04149715229868889 -0.9230837225914001 
vn 0.5506080389022827 0.0850999504327774 -0.8304147720336914 
vn 0.7010862231254578 0.13720157742500305 -0.6997526288032532 
vn 0.5497280955314636 0.13720156252384186 -0.8239992260932922 
vn 0.38434550166130066 0.08509993553161621 -0.9192586541175842 
vn 0.19492226839065552 0.04149714112281799 -0.9799404740333557 
vn -0.0018869596533477306 0.05895242467522621 -0.9982590079307556 
vn -0.19496741890907288 0.1717352420091629 -0.965657651424408 
vn -0.36233437061309814 0.3115091025829315 -0.878450870513916 
vn -0.4967762529850006 0.4369741678237915 -0.7498446106910706 
vn -0.6194546222686768 0.4873339831829071 -0.6154523491859436 
vn -0.7347307205200195 0.4681420922279358 -0.4909314811229706 
vn -0.8390842080116272 0.41722074151039124 -0.3490909934043884 
vn -0.9118385314941406 0.3690181076526642 -0.17993363738059998 
vn -0.95159512758255 0.30735430121421814 -5.0074273616473874e-8 
vn -0.9524542689323425 0.2401314675807953 0.1875307410955429 
vn -0.9138674736022949 0.15449219942092896 0.37547093629837036 
vn -0.8322955369949341 0.04586261138319969 0.5524317026138306 
vn -0.7070915699005127 0.006554155610501766 0.7070915699005127 
vn -0.5550916790962219 -0.04149716719985008 0.8307533860206604 
vn -0.38231557607650757 -0.14152829349040985 0.9131289720535278 
vn -0.18947702646255493 -0.27810969948768616 0.9416759014129639 
vn -0.0018893282394856215 -0.44872671365737915 0.8936670422554016 
vn 0.14835621416568756 -0.6452016830444336 0.7494699954986572 
vn 0.25217241048812866 -0.7511790990829468 0.6100319623947144 
vn 0.2928112745285034 -0.6452016830444336 0.705674409866333 
vn 0.3653557598590851 -0.7511790990829468 0.5497682094573975 
vn 0.17087037861347198 -0.44872671365737915 0.8771816492080688 
vn -0.0018883934244513512 -0.27810969948768616 0.9605475068092346 
vn -0.19497708976268768 -0.14152827858924866 0.9705429673194885 
vn -0.3823537826538086 -0.04149715229868889 0.9230837225914001 
vn -0.5555583238601685 0.006554176099598408 0.8314517736434937 
vn -0.7083626985549927 0.04586263746023178 0.7043570876121521 
vn -0.8217491507530212 0.15449222922325134 0.548507571220398 
vn -0.8982847929000854 0.24013149738311768 0.3679963946342468 
vn -0.9329404830932617 0.3073543310165405 0.18749766051769257 
vn -0.9294221997261047 0.3690181374549866 -6.012061248839018e-8 
vn -0.8915718793869019 0.4172207713127136 -0.17614303529262543 
vn -0.8163890838623047 0.4681421220302582 -0.3381595015525818 
vn -0.7246077656745911 0.4873339831829071 -0.48728758096694946 
vn -0.6366907358169556 0.4369741976261139 -0.6353569626808167 
vn -0.5285150408744812 0.3115091323852539 -0.7897049784660339 
vn -0.3752537667751312 0.1717352569103241 -0.91087406873703 
vn -0.19683261215686798 0.05895242840051651 -0.9786631464958191 
vn -1.0332247481637663e-13 0.041497137397527695 -0.999138593673706 
vn 0.1969279795885086 0.08509992808103561 -0.9767176508903503 
vn 0.376885324716568 0.13720154762268066 -0.9160420894622803 
vn 0.1967124193906784 0.13720153272151947 -0.970814049243927 
vn 0.0018879338167607784 0.08509992063045502 -0.9963706135749817 
vn -0.19492226839065552 0.04149714112281799 -0.9799404740333557 
vn -0.3841959536075592 0.058952439576387405 -0.9213675260543823 
vn -0.548100471496582 0.1717352718114853 -0.8185919523239136 
vn -0.6739218831062317 0.3115091323852539 -0.669918954372406 
vn -0.7467042207717896 0.4369741976261139 -0.5014841556549072 
vn -0.8065654039382935 0.4873340129852295 -0.33460095524787903 
vn -0.86667400598526 0.46814215183258057 -0.17239224910736084 
vn -0.9087973237037659 0.417220801115036 0.0037715137004852295 
vn -0.9118385314941406 0.36901816725730896 0.17993351817131042 
vn -0.8805968761444092 0.3073543608188629 0.36066946387290955 
vn -0.8060911297798157 0.24013152718544006 0.5408825278282166 
vn -0.697281002998352 0.15449225902557373 0.6999509930610657 
vn -0.5571425557136536 0.04586265608668327 0.8291494250297546 
vn -0.3826752007007599 0.006554191000759602 0.923859715461731 
vn -0.19492226839065552 -0.04149714112281799 0.9799404740333557 
vn 3.066722765489305e-13 -0.14152827858924866 0.9899342060089111 
vn 0.18577300012111664 -0.27810969948768616 0.9424136281013489 
vn 0.34417298436164856 -0.44872671365737915 0.8247358798980713 
vn 0.425836443901062 -0.6452016830444336 0.6343328356742859 
vn 0.4647524654865265 -0.7511791586875916 0.46875905990600586 
vn 0.5422390699386597 -0.6452017426490784 0.5382300615310669 
vn 0.5508111715316772 -0.7511791586875916 0.3637813925743103 
vn 0.4970847964286804 -0.44872674345970154 0.7426647543907166 
vn 0.36627739667892456 -0.27810969948768616 0.887972891330719 
vn 0.19497708976268768 -0.14152827858924866 0.9705429673194885 
vn 3.0952372826256735e-13 -0.041497137397527695 0.999138593673706 
vn -0.19508613646030426 0.006554200313985348 0.9807642102241516 
vn -0.38446033000946045 0.04586267098784447 0.9220015406608582 
vn -0.5516441464424133 0.15449227392673492 0.8196468353271484 
vn -0.6864171028137207 0.24013155698776245 0.6864170432090759 
vn -0.7922694087028503 0.3073543906211853 0.5271075963973999 
vn -0.859752893447876 0.36901819705963135 0.3530588150024414 
vn -0.8915718793869019 0.4172208309173584 0.1761428862810135 
vn -0.8836531639099121 0.46814218163490295 -7.627001252785703e-8 
vn -0.8567575812339783 0.4873340427875519 -0.168736532330513 
vn -0.8319051265716553 0.4369742274284363 -0.3420341908931732 
vn -0.7886537909507751 0.3115091621875763 -0.5300822854042053 
vn -0.6939274668693542 0.17173528671264648 -0.6992650628089905 
vn -0.5567594170570374 0.0589524544775486 -0.8285792469978333 
vn -0.3823537826538086 0.04149715229868889 -0.9230837225914001 
vn -0.1932251900434494 0.08509992808103561 -0.9774569272994995 
vn 0.0018859885167330503 0.13720153272151947 -0.9905413389205933 
vn -0.19301415979862213 0.13720153272151947 -0.9715560674667358 
vn -0.3808591067790985 0.08509993553161621 -0.9207085967063904 
vn -0.5550916790962219 0.04149716719985008 -0.8307533860206604 
vn -0.7078755497932434 0.05895247310400009 -0.7038727402687073 
vn -0.8185919523239136 0.17173531651496887 -0.548100471496582 
vn -0.8777295351028442 0.3115091919898987 -0.364078164100647 
vn -0.8820526003837585 0.43697425723075867 -0.17617249488830566 
vn -0.8732074499130249 0.48733407258987427 -0.003773503238335252 
vn -0.86667400598526 0.46814221143722534 0.1723921000957489 
vn -0.8390842080116272 0.4172208607196808 0.3490908741950989 
vn -0.7709475755691528 0.36901822686195374 0.519100546836853 
vn -0.6728793978691101 0.3073544204235077 0.6728793382644653 
vn -0.5408825874328613 0.24013157188892365 0.8060910701751709 
vn -0.37896090745925903 0.15449228882789612 0.9124257564544678 
vn -0.19696807861328125 0.04586268216371536 0.9793366193771362 
vn 3.0978390967890956e-13 0.006554203573614359 0.9999785423278809 
vn 0.19492226839065552 -0.04149714112281799 0.9799404740333557 
vn 0.38231557607650757 -0.14152829349040985 0.9131289720535278 
vn 0.5326708555221558 -0.27810972929000854 0.7993227243423462 
vn 0.6312510371208191 -0.4487267732620239 0.6325870752334595 
vn 0.6332773566246033 -0.6452017426490784 0.42740440368652344 
vn 0.6107508540153503 -0.7511791586875916 0.2504260540008545 
vn 0.704947829246521 -0.6452017426490784 0.2945561110973358 
vn 0.6476439833641052 -0.7511792182922363 0.12762096524238586 
vn 0.7416121363639832 -0.4487267732620239 0.4986538290977478 
vn 0.6785429120063782 -0.27810972929000854 0.679878294467926 
vn 0.5484079122543335 -0.14152830839157104 0.82414710521698 
vn 0.3823537826538086 -0.04149715229868889 0.9230837225914001 
vn 0.19508613646030426 0.006554200313985348 0.9807642102241516 
vn -0.0018882581498473883 0.04586268588900566 0.998945951461792 
vn -0.19135907292366028 0.1544923037290573 0.969285249710083 
vn -0.3679964244365692 0.24013158679008484 0.8982847332954407 
vn -0.5271076560020447 0.3073544204235077 0.7922693490982056 
vn -0.6558656096458435 0.3690182566642761 0.6585330963134766 
vn -0.7576025724411011 0.4172208905220032 0.5019612312316895 
vn -0.8163890838623047 0.46814224123954773 0.33815932273864746 
vn -0.8567575812339783 0.48733410239219666 0.16873638331890106 
vn -0.8994660973548889 0.43697428703308105 -0.0037727984599769115 
vn -0.9323051571846008 0.31150922179222107 -0.18376357853412628 
vn -0.91087406873703 0.17173534631729126 -0.3752537965774536 
vn -0.831723153591156 0.05895249918103218 -0.552051842212677 
vn -0.7064976692199707 0.041497185826301575 -0.7064976692199707 
vn -0.5537510514259338 0.0850999504327774 -0.8283222317695618 
vn -0.3803708851337433 0.13720154762268066 -0.9146003127098083 
vn -0.5528618693351746 0.13720156252384186 -0.8218998908996582 
vn -0.7052088379859924 0.0850999727845192 -0.703873872756958 
vn -0.8307533860206604 0.041497211903333664 -0.5550916790962219 
vn -0.9235313534736633 0.05895252525806427 -0.37896496057510376 
vn -0.965657651424408 0.17173537611961365 -0.19496744871139526 
vn -0.9502356052398682 0.31150925159454346 -0.0037740948610007763 
vn -0.8820526003837585 0.43697431683540344 0.17617234587669373 
vn -0.8065654039382935 0.48733413219451904 0.3346007764339447 
vn -0.7347307205200195 0.4681422710418701 0.49093130230903625 
vn -0.6432886719703674 0.41722092032432556 0.6419551372528076 
vn -0.5159671306610107 0.3690182566642761 0.7730481028556824 
vn -0.36764416098594666 0.3073544502258301 0.877707839012146 
vn -0.1875307857990265 0.24013158679008484 0.9524542093276978 
vn -0.003775994060561061 0.1544923037290573 0.9879868030548096 
vn 0.19326429069042206 0.04586268216371536 0.9800742268562317 
vn 0.3826752007007599 0.006554191000759602 0.923859715461731 
vn 0.5550916790962219 -0.04149716719985008 0.8307533860206604 
vn 0.6999891996383667 -0.14152832329273224 0.6999891996383667 
vn 0.7982738614082336 -0.27810975909233093 0.5342413187026978 
vn 0.8269020915031433 -0.4487268030643463 0.33893537521362305 
vn 0.7491005659103394 -0.6452018022537231 0.15020982921123505 
vn -0.9323051571846008 0.31150928139686584 0.18376348912715912 
vn -0.965657651424408 0.17173543572425842 0.1949673891067505 
vn -0.9797635674476624 0.05895261839032173 0.19127972424030304 
vn -0.9799404740333557 0.04149733483791351 0.19492226839065552 
vn -0.9778212904930115 0.08510011434555054 0.19137273728847504 
vn -0.9719218015670776 0.137201726436615 0.19116394221782684 
vn -0.9420925974845886 0.2781098783016205 0.18739382922649384 
vn -0.887431800365448 0.27810990810394287 0.367586225271225 
vn -0.7986675500869751 0.27810993790626526 0.5336525440216064 
vn -0.679210901260376 0.27810996770858765 0.6792108416557312 
vn -0.5336526036262512 0.27810996770858765 0.7986674904823303 
vn -0.36758628487586975 0.27810999751091003 0.8874317407608032 
vn -0.18739387392997742 0.27810999751091003 0.9420925378799438 
vn 2.975690982683077e-13 0.27810999751091003 0.9605492353439331 
vn 0.18739387392997742 0.27810999751091003 0.9420925378799438 
vn 0.36758628487586975 0.27810999751091003 0.8874317407608032 
vn 0.5336526036262512 0.27810996770858765 0.7986674904823303 
vn 0.679210901260376 0.27810996770858765 0.6792108416557312 
vn 0.7986675500869751 0.27810993790626526 0.5336525440216064 
vn 0.887431800365448 0.27810990810394287 0.367586225271225 
vn 0.9420925974845886 0.2781098783016205 0.18739382922649384 
vn 0.9605492949485779 0.2781098484992981 -4.530993535922789e-8 
vn 0.9420925974845886 0.2781098186969757 -0.187393918633461 
vn 0.887431800365448 0.2781097888946533 -0.3675863444805145 
vn 0.7986675500869751 0.27810975909233093 -0.533652663230896 
vn 0.679210901260376 0.27810972929000854 -0.6792109608650208 
vn 0.5336526036262512 0.27810972929000854 -0.7986676096916199 
vn 0.36758628487586975 0.27810969948768616 -0.8874318599700928 
vn 0.18739387392997742 0.27810969948768616 -0.9420926570892334 
vn -9.93318925376907e-14 0.27810969948768616 -0.9605493545532227 
vn -0.18739387392997742 0.27810969948768616 -0.9420926570892334 
vn -0.36758628487586975 0.27810969948768616 -0.8874318599700928 
vn -0.5336526036262512 0.27810972929000854 -0.7986676096916199 
vn -0.698416531085968 0.13720157742500305 -0.7024173140525818 
vn -0.8293700218200684 0.08509999513626099 -0.5521805286407471 
vn -0.9230837225914001 0.04149723798036575 -0.3823537826538086 
vn -0.9797635674476624 0.058952558785676956 -0.19127975404262543 
vn -0.9851431250572205 0.17173540592193604 -2.7979099925801165e-8 
vn -0.9982536435127258 0.058952588587999344 0.0037739030085504055 
vn -0.999138593673706 0.04149730131030083 -6.760575210762454e-9 
vn -0.9963652491569519 0.08510008454322815 0.0037758469115942717 
vn -0.9905359745025635 0.1372016966342926 -0.0037719926331192255 
vn -0.9605492949485779 0.2781098484992981 -4.530973640726188e-8 
vn -0.9211313724517822 0.3892335295677185 0.0037728645838797092 
vn -0.904123067855835 0.3892335593700409 0.17623478174209595 
vn -0.8522794842720032 0.3892335891723633 0.34945234656333923 
vn -0.767598032951355 0.38923361897468567 0.50920569896698 
vn -0.65334153175354 0.38923364877700806 0.6493396759033203 
vn -0.5139122009277344 0.38923364877700806 0.7644550204277039 
vn -0.3546821177005768 0.38923367857933044 0.8501163125038147 
vn -0.18178634345531464 0.38923367857933044 0.9030231833457947 
vn -0.0018864679150283337 0.38923367857933044 0.9211370944976807 
vn 0.17808610200881958 0.38923367857933044 0.9037601947784424 
vn 0.35119712352752686 0.38923367857933044 0.851561963558197 
vn 0.510776698589325 0.38923364877700806 0.766553521156311 
vn 0.650676429271698 0.38923364877700806 0.6520102620124817 
vn 0.7655059099197388 0.38923361897468567 0.5123454928398132 
vn 0.8508409857749939 0.3892335891723633 0.35294029116630554 
vn 0.9033936262130737 0.3892335593700409 0.17993654310703278 
vn 0.921139121055603 0.3892335295677185 -6.341431912915141e-8 
vn 0.9033936262130737 0.3892334997653961 -0.17993666231632233 
vn 0.8508409857749939 0.38923346996307373 -0.3529404103755951 
vn 0.7655059099197388 0.38923344016075134 -0.5123456120491028 
vn 0.650676429271698 0.38923341035842896 -0.6520103812217712 
vn 0.510776698589325 0.38923341035842896 -0.7665536403656006 
vn 0.35119712352752686 0.38923338055610657 -0.8515620827674866 
vn 0.17808610200881958 0.38923338055610657 -0.9037603139877319 
vn -0.0018864679150283337 0.38923338055610657 -0.9211372137069702 
vn -0.18178634345531464 0.38923338055610657 -0.9030233025550842 
vn -0.3546821177005768 0.38923338055610657 -0.8501164317131042 
vn -0.5139122009277344 0.38923341035842896 -0.7644551396369934 
vn -0.679210901260376 0.27810972929000854 -0.6792109608650208 
vn -0.65334153175354 0.38923341035842896 -0.6493397951126099 
vn -0.7986675500869751 0.27810975909233093 -0.533652663230896 
vn -0.767598032951355 0.38923344016075134 -0.5092058181762695 
vn -0.9799404740333557 0.04149726778268814 -0.19492226839065552 
vn -0.9214286208152771 0.08510002493858337 -0.3791138529777527 
vn -0.822951078414917 0.13720160722732544 -0.5512959957122803 
vn -0.9778212904930115 0.08510005474090576 -0.19137276709079742 
vn -0.9719218015670776 0.13720166683197021 -0.19116400182247162 
vn -0.9420925974845886 0.2781098186969757 -0.187393918633461 
vn -0.904123067855835 0.3892334997653961 -0.1762349009513855 
vn -0.8522794842720032 0.38923346996307373 -0.3494524657726288 
vn -0.887431800365448 0.2781097888946533 -0.3675863444805145 
vn -0.9153228402137756 0.13720163702964783 -0.37862882018089294 
vn -0.07880700379610062 -0.9935539960861206 0.08148600161075592 
vn -0.03275688365101814 -0.9981296062469482 0.05161675065755844 
vn -0.06099700555205345 -0.9935539960861206 0.09555041790008545 
vn -0.0260293111205101 -0.9981296062469482 0.05531526356935501 
vn -0.040742456912994385 -0.9935539960861206 0.10578550398349762 
vn -0.01145524624735117 -0.9981296062469482 0.06005066633224487 
vn -0.01885509304702282 -0.9935539960861206 0.11178106814622879 
vn 0.0038385943043977022 -0.9981296062469482 0.0610128715634346 
vn 0.0037879212759435177 -0.9935539960861206 0.11329684406518936 
vn 0.01145524624735117 -0.9981296062469482 0.06005066633224487 
vn 0.01885509304702282 -0.9935539960861206 0.11178106814622879 
vn 0.0260293111205101 -0.9981296062469482 0.05531526356935501 
vn 0.040742456912994385 -0.9935539960861206 0.10578550398349762 
vn 0.03275688365101814 -0.9981296062469482 0.05161675065755844 
vn 0.06099700555205345 -0.9935539960861206 0.09555041790008545 
vn 0.04456428810954094 -0.9981296062469482 0.041848815977573395 
vn 0.07880700379610062 -0.9935539960861206 0.08148600161075592 
vn 0.049457911401987076 -0.9981296062469482 0.03593343868851662 
vn 0.09345868229866028 -0.9935539960861206 0.06415591388940811 
vn 0.05684034153819084 -0.9981296062469482 0.02250484563410282 
vn 0.10436485707759857 -0.9935539960861206 0.04425468295812607 
vn 0.05921272560954094 -0.9981296062469482 0.015203407034277916 
vn 0.11108843982219696 -0.9935539960861206 0.02257988229393959 
vn 0.06113334000110626 -0.9981296062469482 1.626162742240922e-7 
vn 0.1133599802851677 -0.9935539960861206 1.6187081541829684e-7 
vn 0.05921272560954094 -0.9981296062469482 -0.0152030810713768 
vn 0.11108843982219696 -0.9935539960861206 -0.022579558193683624 
vn 0.05684034153819084 -0.9981296062469482 -0.022504521533846855 
vn 0.10436485707759857 -0.9935539960861206 -0.0442543625831604 
vn 0.049457911401987076 -0.9981296062469482 -0.03593311086297035 
vn 0.09345868229866028 -0.9935539960861206 -0.06415558606386185 
vn 0.04456428810954094 -0.9981296062469482 -0.04184848815202713 
vn 0.07880700379610062 -0.9935539960861206 -0.08148567378520966 
vn 0.03275688365101814 -0.9981296062469482 -0.051616422832012177 
vn 0.06099700555205345 -0.9935539960861206 -0.09555009007453918 
vn 0.0260293111205101 -0.9981296062469482 -0.055314935743808746 
vn 0.040742456912994385 -0.9935539960861206 -0.10578517615795135 
vn 0.01145524624735117 -0.9981296062469482 -0.06005033850669861 
vn 0.01885509304702282 -0.9935539960861206 -0.11178074032068253 
vn 0.0038385943043977022 -0.9981296062469482 -0.061012543737888336 
vn 0.0037879212759435177 -0.9935539960861206 -0.1132965162396431 
vn -0.01145524624735117 -0.9981296062469482 -0.06005033850669861 
vn -0.01885509304702282 -0.9935539960861206 -0.11178074032068253 
vn -0.0260293111205101 -0.9981296062469482 -0.055314935743808746 
vn -0.040742456912994385 -0.9935539960861206 -0.10578517615795135 
vn -0.03275688365101814 -0.9981296062469482 -0.051616422832012177 
vn -0.06099700555205345 -0.9935539960861206 -0.09555009007453918 
vn -0.04456428810954094 -0.9981296062469482 -0.04184848815202713 
vn -0.07880700379610062 -0.9935539960861206 -0.08148567378520966 
vn -0.049457911401987076 -0.9981296062469482 -0.03593311086297035 
vn -0.09345868229866028 -0.9935539960861206 -0.06415558606386185 
vn -0.05684034153819084 -0.9981296062469482 -0.022504521533846855 
vn -0.10436485707759857 -0.9935539960861206 -0.0442543625831604 
vn -0.05921272560954094 -0.9981296062469482 -0.0152030810713768 
vn -0.11108843982219696 -0.9935539960861206 -0.022579558193683624 
vn -0.06113334000110626 -0.9981296062469482 1.626162884349469e-7 
vn -0.1133599802851677 -0.9935539960861206 1.6187082962915156e-7 
vn -0.05921272560954094 -0.9981296062469482 0.015203407034277916 
vn -0.11108843982219696 -0.9935539960861206 0.02257988229393959 
vn -0.05684034153819084 -0.9981296062469482 0.02250484563410282 
vn -0.10436485707759857 -0.9935539960861206 0.04425468295812607 
vn -0.049457911401987076 -0.9981296062469482 0.03593343868851662 
vn -0.09345868229866028 -0.9935539960861206 0.06415591388940811 
vn -0.04456428810954094 -0.9981296062469482 0.041848815977573395 
vn 2.0682311115474694e-13 -1 1.6292099758175027e-7 
vn 2.0682311115474694e-13 -1 1.6292099758175027e-7 
vn -2.0682311115474694e-13 -1 1.6292099758175027e-7 
vn -2.0682311115474694e-13 -1 1.6292099758175027e-7 
vn -2.0682311115474694e-13 -1 1.6292099758175027e-7 
vn -2.0682311115474694e-13 -1 1.6292099758175027e-7 
vn -2.0682311115474694e-13 -1 1.6292099758175027e-7 
vn 2.0682311115474694e-13 -1 1.6292099758175027e-7 
vn 2.0682311115474694e-13 -1 1.6292099758175027e-7 
vn -2.0682311115474694e-13 -1 1.6292099758175027e-7 
vn -2.0682311115474694e-13 -1 1.6292099758175027e-7 
vn -2.0682311115474694e-13 -1 1.6292099758175027e-7 
vn -2.0682311115474694e-13 -1 1.6292099758175027e-7 
vn -2.0682311115474694e-13 -1 1.6292099758175027e-7 
vn 2.0682311115474694e-13 -1 1.6292099758175027e-7 
vn 2.0682311115474694e-13 -1 1.6292099758175027e-7 
vn -2.0682311115474694e-13 -1 1.6292099758175027e-7 
vn -2.0682311115474694e-13 -1 1.6292099758175027e-7 
vn -2.0682311115474694e-13 -1 1.6292099758175027e-7 
vn -2.0682311115474694e-13 -1 1.6292099758175027e-7 
vn -2.0682311115474694e-13 -1 1.6292099758175027e-7 
vn 2.0682311115474694e-13 -1 1.6292099758175027e-7 
vn 2.0682311115474694e-13 -1 1.6292099758175027e-7 
vn -2.0682311115474694e-13 -1 1.6292099758175027e-7 
vn -2.0682311115474694e-13 -1 1.6292099758175027e-7 
vn -2.0682311115474694e-13 -1 1.6292099758175027e-7 
vn -2.0682311115474694e-13 -1 1.6292099758175027e-7 
vn 2.0682311115474694e-13 -1 1.6292099758175027e-7 
vn 2.0682311115474694e-13 -1 1.6292099758175027e-7 
vn 2.0682311115474694e-13 -1 1.6292099758175027e-7 
vn -2.0682311115474694e-13 -1 1.6292099758175027e-7 
vn -2.0682311115474694e-13 -1 1.6292099758175027e-7 
vn 0.00188430433627218 0.8545180559158325 -0.5194182991981506 
vn -0.10295070707798004 0.8545180559158325 -0.5091169476509094 
vn -0.10295070707798004 0.8545180559158325 -0.5091169476509094 
vn -0.1965959221124649 0.8545180559158325 -0.48077958822250366 
vn -0.1965959221124649 0.8545180559158325 -0.48077958822250366 
vn -0.2895536720752716 0.8545180559158325 -0.43122804164886475 
vn -0.2895536720752716 0.8545180559158325 -0.43122804164886475 
vn -0.36528250575065613 0.8545180559158325 -0.3692798614501953 
vn -0.36528250575065613 0.8545180559158325 -0.3692798614501953 
vn -0.4322754740715027 0.8545180559158325 -0.2879875600337982 
vn -0.4322754740715027 0.8545180559158325 -0.2879875600337982 
vn -0.47861143946647644 0.8545180559158325 -0.20181669294834137 
vn -0.47861143946647644 0.8545180559158325 -0.20181669294834137 
vn -0.509486973285675 0.8545181155204773 -0.10110325366258621 
vn -0.509486973285675 0.8545181155204773 -0.10110325366258621 
vn -0.5194079279899597 0.8545181155204773 -0.003768723225221038 
vn -0.5194079279899597 0.8545181155204773 -0.003768723225221038 
vn -0.509486973285675 0.8545181155204773 0.10110297054052353 
vn -0.509486973285675 0.8545181155204773 0.10110297054052353 
vn -0.47861143946647644 0.8545181751251221 0.20181642472743988 
vn -0.47861143946647644 0.8545181751251221 0.20181642472743988 
vn -0.4322754740715027 0.8545181751251221 0.28798726201057434 
vn -0.4322754740715027 0.8545181751251221 0.28798726201057434 
vn -0.36528250575065613 0.8545181751251221 0.36927956342697144 
vn -0.36528250575065613 0.8545181751251221 0.36927956342697144 
vn -0.2895536720752716 0.8545181751251221 0.43122774362564087 
vn -0.2895536720752716 0.8545181751251221 0.43122774362564087 
vn -0.1965959221124649 0.8545181751251221 0.4807792901992798 
vn -0.1965959221124649 0.8545181751251221 0.4807792901992798 
vn -0.10295070707798004 0.8545181751251221 0.5091167092323303 
vn -0.10295070707798004 0.8545181751251221 0.5091167092323303 
vn 0.00188430433627218 0.8545181751251221 0.5194180607795715 
vn 0.00188430433627218 0.8545181751251221 0.5194180607795715 
vn 0.09925417602062225 0.8545181751251221 0.509850263595581 
vn 0.09925417602062225 0.8545181751251221 0.509850263595581 
vn 0.20007896423339844 0.8545181751251221 0.47934025526046753 
vn 0.20007896423339844 0.8545181751251221 0.47934025526046753 
vn 0.2864173352718353 0.8545181751251221 0.4333172142505646 
vn 0.2864173352718353 0.8545181751251221 0.4333172142505646 
vn 0.3679521381855011 0.8545181751251221 0.3666195869445801 
vn 0.3679521381855011 0.8545181751251221 0.3666195869445801 
vn 0.43017464876174927 0.8545181751251221 0.29111596941947937 
vn 0.43017464876174927 0.8545181751251221 0.29111596941947937 
vn 0.4800630807876587 0.8545181751251221 0.1983386129140854 
vn 0.4800630807876587 0.8545181751251221 0.1983386129140854 
vn 0.5087400078773499 0.8545181155204773 0.10479681193828583 
vn 0.5087400078773499 0.8545181155204773 0.10479681193828583 
vn 0.5194216370582581 0.8545181155204773 -1.392189403759403e-7 
vn 0.5194216370582581 0.8545181155204773 -1.392189403759403e-7 
vn 0.5087400078773499 0.8545181155204773 -0.10479709506034851 
vn 0.5087400078773499 0.8545181155204773 -0.10479709506034851 
vn 0.4800630807876587 0.8545180559158325 -0.19833888113498688 
vn 0.4800630807876587 0.8545180559158325 -0.19833888113498688 
vn 0.43017464876174927 0.8545180559158325 -0.29111626744270325 
vn 0.43017464876174927 0.8545180559158325 -0.29111626744270325 
vn 0.3679521381855011 0.8545180559158325 -0.36661988496780396 
vn 0.3679521381855011 0.8545180559158325 -0.36661988496780396 
vn 0.2864173352718353 0.8545180559158325 -0.43331751227378845 
vn 0.2864173352718353 0.8545180559158325 -0.43331751227378845 
vn 0.20007896423339844 0.8545180559158325 -0.4793405532836914 
vn 0.20007896423339844 0.8545180559158325 -0.4793405532836914 
vn 0.09925417602062225 0.8545180559158325 -0.5098505020141602 
vn 0.09925417602062225 0.8545180559158325 -0.5098505020141602 
vn 0.00188430433627218 0.8545180559158325 -0.5194182991981506 
vn 0 1 -1.6292099758175027e-7 
vn 0 1 -1.6292099758175027e-7 
vn 0 1 -1.6292099758175027e-7 
vn 0 1 -1.6292099758175027e-7 
vn 0 1 -1.6292099758175027e-7 
vn 0 1 -1.6292099758175027e-7 
vn 0 1 -1.6292099758175027e-7 
vn 0 1 -1.6292099758175027e-7 
vn 0 1 -1.6292099758175027e-7 
vn 0 1 -1.6292099758175027e-7 
vn 0 1 -1.6292099758175027e-7 
vn 0 1 -1.6292099758175027e-7 
vn 0 1 -1.6292099758175027e-7 
vn 0 1 -1.6292099758175027e-7 
vn 0 1 -1.6292099758175027e-7 
vn 0 1 -1.6292099758175027e-7 
vn 0 1 -1.6292099758175027e-7 
vn 0 1 -1.6292099758175027e-7 
vn 0 1 -1.6292099758175027e-7 
vn 0 1 -1.6292099758175027e-7 
vn 0 1 -1.6292099758175027e-7 
vn 0 1 -1.6292099758175027e-7 
vn 0 1 -1.6292099758175027e-7 
vn 0 1 -1.6292099758175027e-7 
vn 0 1 -1.6292099758175027e-7 
vn 0 1 -1.6292099758175027e-7 
vn 0 1 -1.6292099758175027e-7 
vn 0 1 -1.6292099758175027e-7 
vn 0 1 -1.6292099758175027e-7 
vn 0 1 -1.6292099758175027e-7 
vn 0 1 -1.6292099758175027e-7 
vn 0 1 -1.6292099758175027e-7 
vt 0 0 
vt 0 0 
vt 0 0 
vt 0 0 
vt 0 0 
vt 0 0 
vt 0 0 
vt 0 0 
vt 0 0 
vt 0 0 
vt 0 0 
vt 0 0 
vt 0 0 
vt 0 0 
vt 0 0 
vt 0 0 
vt 0 0 
vt 0 0 
vt 0 0 
vt 0 0 
vt 0 0 
vt 0 0 
vt 0 0 
vt 0 0 
vt 0 0 
vt 0 0 
vt 0 0 
vt 0 0 
vt 0 0 
vt 0 0 
vt 0 0 
vt 0 0 
vt 0 0 
vt 0 0 
vt 0 0 
vt 0 0 
vt 0 0 
vt 0 0 
vt 0 0 
vt 0 0 
vt 0 0 
vt 0 0 
vt 0 0 
vt 0 0 
vt 0 0 
vt 0 0 
vt 0 0 
vt 0 0 
vt 0 0 
vt 0 0 
vt 0 0 
vt 0 0 
vt 0 0 
vt 0 0 
vt 0 0 
vt 0 0 
vt 0 0 
vt 0 0 
vt 0 0 
vt 0 0 
vt 0 0 
vt 0 0 
vt 0 0 
vt 0 0 
vt 0 0 
vt 0 0 
vt 0 0 
vt 0 0 
vt 0 0 
vt 0 0 
vt 0 0 
vt 0 0 
vt 0 0 
vt 0 0 
vt 0 0 
vt 0 0 
vt 0 0 
vt 0 0 
vt 0 0 
vt 0 0 
vt 0 0 
vt 0 0 
vt 0 0 
vt 0 0 
vt 0 0 
vt 0 0 
vt 0 0 
vt 0 0 
vt 0 0 
vt 0 0 
vt 0 0 
vt 0 0 
vt 0 0 
vt 0 0 
vt 0 0 
vt 0 0 
vt 0 0 
vt 0 0 
vt 0 0 
vt 0 0 
vt 0 0 
vt 0 0 
vt 0 0 
vt 0 0 
vt 0 0 
vt 0 0 
vt 0 0 
vt 0 0 
vt 0 0 
vt 0 0 
vt 0 0 
vt 0 0 
vt 0 0 
vt 0 0 
vt 0 0 
vt 0 0 
vt 0 0 
vt 0 0 
vt 0 0 
vt 0 0 
vt 0 0 
vt 0 0 
vt 0 0 
vt 0 0 
vt 0 0 
vt 0 0 
vt 0 0 
vt 0 0 
vt 0 0 
vt 0 0 
vt 0 0 
vt 0 0 
vt 0 0 
vt 0 0 
vt 0 0 
vt 0 0 
vt 0 0 
vt 0 0 
vt 0 0 
vt 0 0 
vt 0 0 
vt 0 0 
vt 0 0 
vt 0 0 
vt 0 0 
vt 0 0 
vt 0 0 
vt 0 0 
vt 0 0 
vt 0 0 
vt 0 0 
vt 0 0 
vt 0 0 
vt 0 0 
vt 0 0 
vt 0 0 
vt 0 0 
vt 0 0 
vt 0 0 
vt 0 0 
vt 0 0 
vt 0 0 
vt 0 0 
vt 0 0 
vt 0 0 
vt 0 0 
vt 0 0 
vt 0 0 
vt 0 0 
vt 0 0 
vt 0 0 
vt 0 0 
vt 0 0 
vt 0 0 
vt 0 0 
vt 0 0 
vt 0 0 
vt 0 0 
vt 0 0 
vt 0 0 
vt 0 0 
vt 0 0 
vt 0 0 
vt 0 0 
vt 0 0 
vt 0 0 
vt 0 0 
vt 0 0 
vt 0 0 
vt 0 0 
vt 0 0 
vt 0 0 
vt 0 0 
vt 0 0 
vt 0 0 
vt 0 0 
vt 0 0 
vt 0 0 
vt 0 0 
vt 0 0 
vt 0 0 
vt 0 0 
vt 0 0 
vt 0 0 
vt 0 0 
vt 0 0 
vt 0 0 
vt 0 0 
vt 0 0 
vt 0 0 
vt 0 0 
vt 0 0 
vt 0 0 
vt 0 0 
vt 0 0 
vt 0 0 
vt 0 0 
vt 0 0 
vt 0 0 
vt 0 0 
vt 0 0 
vt 0 0 
vt 0 0 
vt 0 0 
vt 0 0 
vt 0 0 
vt 0 0 
vt 0 0 
vt 0 0 
vt 0 0 
vt 0 0 
vt 0 0 
vt 0 0 
vt 0 0 
vt 0 0 
vt 0 0 
vt 0 0 
vt 0 0 
vt 0 0 
vt 0 0 
vt 0 0 
vt 0 0 
vt 0 0 
vt 0 0 
vt 0 0 
vt 0 0 
vt 0 0 
vt 0 0 
vt 0 0 
vt 0 0 
vt 0 0 
vt 0 0 
vt 0 0 
vt 0 0 
vt 0 0 
vt 0 0 
vt 0 0 
vt 0 0 
vt 0 0 
vt 0 0 
vt 0 0 
vt 0 0 
vt 0 0 
vt 0 0 
vt 0 0 
vt 0 0 
vt 0 0 
vt 0 0 
vt 0 0 
vt 0 0 
vt 0 0 
vt 0 0 
vt 0 0 
vt 0 0 
vt 0 0 
vt 0 0 
vt 0 0 
vt 0 0 
vt 0 0 
vt 0 0 
vt 0 0 
vt 0 0 
vt 0 0 
vt 0 0 
vt 0 0 
vt 0 0 
vt 0 0 
vt 0 0 
vt 0 0 
vt 0 0 
vt 0 0 
vt 0 0 
vt 0 0 
vt 0 0 
vt 0 0 
vt 0 0 
vt 0 0 
vt 0 0 
vt 0 0 
vt 0 0 
vt 0 0 
vt 0 0 
vt 0 0 
vt 0 0 
vt 0 0 
vt 0 0 
vt 0 0 
vt 0 0 
vt 0 0 
vt 0 0 
vt 0 0 
vt 0 0 
vt 0 0 
vt 0 0 
vt 0 0 
vt 0 0 
vt 0 0 
vt 0 0 
vt 0 0 
vt 0 0 
vt 0 0 
vt 0 0 
vt 0 0 
vt 0 0 
vt 0 0 
vt 0 0 
vt 0 0 
vt 0 0 
vt 0 0 
vt 0 0 
vt 0 0 
vt 0 0 
vt 0 0 
vt 0 0 
vt 0 0 
vt 0 0 
vt 0 0 
vt 0 0 
vt 0 0 
vt 0 0 
vt 0 0 
vt 0 0 
vt 0 0 
vt 0 0 
vt 0 0 
vt 0 0 
vt 0 0 
vt 0 0 
vt 0 0 
vt 0 0 
vt 0 0 
vt 0 0 
vt 0 0 
vt 0 0 
vt 0 0 
vt 0 0 
vt 0 0 
vt 0 0 
vt 0 0 
vt 0 0 
vt 0 0 
vt 0 0 
vt 0 0 
vt 0 0 
vt 0 0 
vt 0 0 
vt 0 0 
vt 0 0 
vt 0 0 
vt 0 0 
vt 0 0 
vt 0 0 
vt 0 0 
vt 0 0 
vt 0 0 
vt 0 0 
vt 0 0 
vt 0 0 
vt 0 0 
vt 0 0 
vt 0 0 
vt 0 0 
vt 0 0 
vt 0 0 
vt 0 0 
vt 0 0 
vt 0 0 
vt 0 0 
vt 0 0 
vt 0 0 
vt 0 0 
vt 0 0 
vt 0 0 
vt 0 0 
vt 0 0 
vt 0 0 
vt 0 0 
vt 0 0 
vt 0 0 
vt 0 0 
vt 0 0 
vt 0 0 
vt 0 0 
vt 0 0 
vt 0 0 
vt 0 0 
vt 0 0 
vt 0 0 
vt 0 0 
vt 0 0 
vt 0 0 
vt 0 0 
vt 0 0 
vt 0 0 
vt 0 0 
vt 0 0 
vt 0 0 
vt 0 0 
vt 0 0 
vt 0 0 
vt 0 0 
vt 0 0 
vt 0 0 
vt 0 0 
vt 0 0 
vt 0 0 
vt 0 0 
vt 0 0 
vt 0 0 
vt 0 0 
vt 0 0 
vt 0 0 
vt 0 0 
vt 0 0 
vt 0 0 
vt 0 0 
vt 0 0 
vt 0 0 
vt 0 0 
vt 0 0 
vt 0 0 
vt 0 0 
vt 0 0 
vt 0 0 
vt 0 0 
vt 0 0 
vt 0 0 
vt 0 0 
vt 0 0 
vt 0 0 
vt 0 0 
vt 0 0 
vt 0 0 
vt 0 0 
vt 0 0 
vt 0 0 
vt 0 0 
vt 0 0 
vt 0 0 
vt 0 0 
vt 0 0 
vt 0 0 
vt 0 0 
vt 0 0 
vt 0 0 
vt 0 0 
vt 0 0 
vt 0 0 
vt 0 0 
vt 0 0 
vt 0 0 
vt 0 0 
vt 0 0 
vt 0 0 
vt 0 0 
vt 0 0 
vt 0 0 
vt 0 0 
vt 0 0 
vt 0 0 
vt 0 0 
vt 0 0 
vt 0 0 
vt 0 0 
vt 0 0 
vt 0 0 
vt 0 0 
vt 0 0 
vt 0 0 
vt 0 0 
vt 0 0 
vt 0 0 
vt 0 0 
vt 0 0 
vt 0 0 
vt 0 0 
vt 0 0 
vt 0 0 
vt 0 0 
vt 0 0 
vt 0 0 
vt 0 0 
vt 0 0 
vt 0 0 
vt 0 0 
vt 0 0 
vt 0 0 
vt 0 0 
vt 0 0 
vt 0 0 
vt 0 0 
vt 0 0 
vt 0 0 
vt 0 0 
vt 0 0 
vt 0 0 
vt 0 0 
vt 0 0 
vt 0 0 
vt 0 0 
vt 0 0 
vt 0 0 
vt 0 0 
vt 0 0 
vt 0 0 
vt 0 0 
vt 0 0 
vt 0 0 
vt 0 0 
vt 0 0 
vt 0 0 
vt 0 0 
vt 0 0 
vt 0 0 
vt 0 0 
vt 0 0 
vt 0 0 
vt 0 0 
vt 0 0 
vt 0 0 
vt 0 0 
vt 0 0 
vt 0 0 
vt 0 0 
vt 0 0 
vt 0 0 
vt 0 0 
vt 0 0 
vt 0 0 
vt 0 0 
vt 0 0 
vt 0 0 
vt 0 0 
vt 0 0 
vt 0 0 
vt 0 0 
vt 0 0 
vt 0 0 
vt 0 0 
vt 0 0 
vt 0 0 
vt 0 0 
vt 0 0 
vt 0 0 
vt 0 0 
vt 0 0 
vt 0 0 
vt 0 0 
vt 0 0 
vt 0 0 
vt 0 0 
vt 0 0 
vt 0 0 
vt 0 0 
vt 0 0 
vt 0 0 
vt 0 0 
vt 0 0 
vt 0 0 
vt 0 0 
vt 0 0 
vt 0 0 
vt 0 0 
vt 0 0 
vt 0 0 
vt 0 0 
vt 0 0 
vt 0 0 
vt 0 0 
vt 0 0 
vt 0 0 
vt 0 0 
vt 0 0 
vt 0 0 
vt 0 0 
vt 0 0 
vt 0 0 
vt 0 0 
vt 0 0 
vt 0 0 
vt 0 0 
vt 0 0 
vt 0 0 
vt 0 0 
vt 0 0 
vt 0 0 
vt 0 0 
vt 0 0 
vt 0 0 
vt 0 0 
vt 0 0 
vt 0 0 
vt 0 0 
vt 0 0 
vt 0 0 
vt 0 0 
vt 0 0 
vt 0 0 
vt 0 0 
vt 0 0 
vt 0 0 
vt 0 0 
vt 0 0 
vt 0 0 
vt 0 0 
vt 0 0 
vt 0 0 
vt 0 0 
vt 0 0 
vt 0 0 
vt 0 0 
vt 0 0 
vt 0 0 
vt 0 0 
vt 0 0 
vt 0 0 
vt 0 0 
vt 0 0 
vt 0 0 
vt 0 0 
vt 0 0 
vt 0 0 
vt 0 0 
vt 0 0 
vt 0 0 
vt 0 0 
vt 0 0 
vt 0 0 
vt 0 0 
vt 0 0 
vt 0 0 
vt 0 0 
vt 0 0 
vt 0 0 
vt 0 0 
vt 0 0 
vt 0 0 
vt 0 0 
vt 0 0 
vt 0 0 
vt 0 0 
vt 0 0 
vt 0 0 
vt 0 0 
vt 0 0 
vt 0 0 
vt 0 0 
vt 0 0 
vt 0 0 
vt 0 0 
vt 0 0 
vt 0 0 
vt 0 0 
vt 0 0 
vt 0 0 
vt 0 0 
vt 0 0 
vt 0 0 
vt 0 0 
vt 0 0 
vt 0 0 
vt 0 0 
vt 0 0 
vt 0 0 
vt 0 0 
vt 0 0 
vt 0 0 
vt 0 0 
vt 0 0 
vt 0 0 
vt 0 0 
vt 0 0 
vt 0 0 
vt 0 0 
vt 0 0 
vt 0 0 
vt 0 0 
vt 0 0 
vt 0 0 
vt 0 0 
vt 0 0 
vt 0 0 
vt 0 0 
vt 0 0 
vt 0 0 
vt 0 0 
vt 0 0 
vt 0 0 
vt 0 0 
vt 0 0 
vt 0 0 
vt 0 0 
vt 0 0 
vt 0 0 
vt 0 0 
vt 0 0 
vt 0 0 
vt 0 0 
vt 0 0 
vt 0 0 
vt 0 0 
vt 0 0 
vt 0 0 
vt 0 0 
vt 0 0 
vt 0 0 
vt 0 0 
vt 0 0 
vt 0 0 
vt 0 0 
vt 0 0 
vt 0 0 
vt 0 0 
vt 0 0 
vt 0 0 
vt 0 0 
vt 0 0 
vt 0 0 
vt 0 0 
vt 0 0 
vt 0 0 
vt 0 0 
vt 0 0 
vt 0 0 
vt 0 0 
vt 0 0 
vt 0 0 
vt 0 0 
vt 0 0 
vt 0 0 
vt 0 0 
vt 0 0 
vt 0 0 
vt 0 0 
vt 0 0 
vt 0 0 
vt 0 0 
vt 0 0 
vt 0 0 
vt 0 0 
vt 0 0 
vt 0 0 
vt 0 0 
vt 0 0 
vt 0 0 
vt 0 0 
vt 0 0 
vt 0 0 
vt 0 0 
vt 0 0 
vt 0 0 
vt 0 0 
vt 0 0 
vt 0 0 
vt 0 0 
vt 0 0 
vt 0 0 
vt 0 0 
vt 0 0 
vt 0 0 
vt 0 0 
vt 0 0 
vt 0 0 
vt 0 0 
vt 0 0 
vt 0 0 
vt 0 0 
vt 0 0 
vt 0 0 
vt 0 0 
vt 0 0 
vt 0 0 
vt 0 0 
vt 0 0 
vt 0 0 
vt 0 0 
vt 0 0 
vt 0 0 
vt 0 0 
vt 0 0 
vt 0 0 
vt 0 0 
vt 0 0 
vt 0 0 
vt 0 0 
vt 0 0 
vt 0 0 
vt 0 0 
vt 0 0 
vt 0 0 
vt 0 0 
vt 0 0 
vt 0 0 
vt 0 0 
vt 0 0 
vt 0 0 
vt 0 0 
vt 0 0 
vt 0 0 
vt 0 0 
vt 0 0 
vt 0 0 
vt 0 0 
vt 0 0 
vt 0 0 
vt 0 0 
vt 0 0 
vt 0 0 
vt 0 0 
vt 0 0 
vt 0 0 
vt 0 0 
vt 0 0 
vt 0 0 
vt 0 0 
vt 0 0 
vt 0 0 
vt 0 0 
vt 0 0 
vt 0 0 
vt 0 0 
vt 0 0 
vt 0 0 
vt 0 0 
vt 0 0 
vt 0 0 
vt 0 0 
vt 0 0 
vt 0 0 
vt 0 0 
vt 0 0 
vt 0 0 
vt 0 0 
vt 0 0 
vt 0 0 
vt 0 0 
vt 0 0 
vt 0 0 
vt 0 0 
vt 0 0 
vt 0 0 
vt 0 0 
vt 0 0 
vt 0 0 
vt 0 0 
vt 0 0 
vt 0 0 
vt 0 0 
vt 0 0 
vt 0 0 
vt 0 0 
vt 0 0 
vt 0 0 
vt 0 0 
vt 0 0 
vt 0 0 
vt 0 0 
vt 0 0 
vt 0 0 
vt 0 0 
vt 0 0 
vt 0 0 
vt 0 0 
vt 0 0 
vt 0 0 
vt 0 0 
vt 0 0 
vt 0 0 
vt 0 0 
vt 0 0 
vt 0 0 
vt 0 0 
vt 0 0 
vt 0 0 
vt 0 0 
vt 0 0 
vt 0 0 
vt 0 0 
vt 0 0 
vt 0 0 
vt 0 0 
vt 0 0 
vt 0 0 
vt 0 0 
vt 0 0 
vt 0 0 
vt 0 0 
vt 0 0 
vt 0 0 
vt 0 0 
vt 0 0 
vt 0 0 
vt 0 0 
vt 0 0 
vt 0 0 
vt 0 0 
vt 0 0 
vt 0 0 
vt 0 0 
vt 0 0 
vt 0 0 
vt 0 0 
vt 0 0 
vt 0 0 
vt 0 0 
vt 0 0 
vt 0 0 
vt 0 0 
vt 0 0 
vt 0 0 
vt 0 0 
vt 0 0 
vt 0 0 
vt 0 0 
vt 0 0 
vt 0 0 
vt 0 0 
vt 0 0 
vt 0 0 
vt 0 0 
vt 0 0 
vt 0 0 
vt 0 0 
vt 0 0 
vt 0 0 
vt 0 0 
vt 0 0 
vt 0 0 
vt 0 0 
vt 0 0 
vt 0 0 
vt 0 0 
vt 0 0 
vt 0 0 
vt 0 0 
vt 0 0 
vt 0 0 
vt 0 0 
vt 0 0 
vt 0 0 
s on 
f 1/1/1 2/2/2 3/3/3 
f 2/2/2 4/4/4 3/3/3 
f 3/3/3 4/4/4 3/3/3 
f 4/4/4 5/5/5 3/3/3 
f 3/3/3 5/5/5 6/6/6 
f 5/5/5 7/7/7 6/6/6 
f 6/6/6 7/7/7 6/6/6 
f 7/7/7 8/8/8 6/6/6 
f 6/6/6 8/8/8 6/6/6 
f 8/8/8 9/9/9 6/6/6 
f 6/6/6 9/9/9 6/6/6 
f 9/9/9 10/10/10 6/6/6 
f 6/6/6 10/10/10 3/3/3 
f 10/10/10 1/1/1 3/3/3 
f 3/3/3 1/1/1 1/1/1 
f 1/1/1 7/7/7 1/1/1 
f 1/1/1 7/7/7 7/7/7 
f 7/7/7 5/5/5 7/7/7 
f 7/7/7 5/5/5 11/11/11 
f 5/5/5 5/5/5 11/11/11 
f 11/11/11 5/5/5 12/12/12 
f 5/5/5 4/4/4 12/12/12 
f 12/12/12 4/4/4 13/13/13 
f 4/4/4 4/4/4 13/13/13 
f 13/13/13 4/4/4 14/14/14 
f 4/4/4 2/2/2 14/14/14 
f 14/14/14 2/2/2 15/15/15 
f 2/2/2 2/2/2 15/15/15 
f 15/15/15 2/2/2 16/16/16 
f 2/2/2 1/1/1 16/16/16 
f 16/16/16 1/1/1 17/17/17 
f 1/1/1 1/1/1 17/17/17 
f 17/17/17 1/1/1 18/18/18 
f 1/1/1 10/10/10 18/18/18 
f 18/18/18 10/10/10 19/19/19 
f 10/10/10 9/9/9 19/19/19 
f 19/19/19 9/9/9 20/20/20 
f 9/9/9 9/9/9 20/20/20 
f 20/20/20 9/9/9 21/21/21 
f 9/9/9 8/8/8 21/21/21 
f 21/21/21 8/8/8 22/22/22 
f 8/8/8 8/8/8 22/22/22 
f 22/22/22 8/8/8 23/23/23 
f 8/8/8 7/7/7 23/23/23 
f 23/23/23 7/7/7 24/24/24 
f 7/7/7 11/11/11 24/24/24 
f 24/24/24 11/11/11 25/25/25 
f 11/11/11 11/11/11 25/25/25 
f 25/25/25 11/11/11 26/26/26 
f 11/11/11 12/12/12 26/26/26 
f 26/26/26 12/12/12 27/27/27 
f 12/12/12 13/13/13 27/27/27 
f 27/27/27 13/13/13 28/28/28 
f 13/13/13 13/13/13 28/28/28 
f 28/28/28 13/13/13 29/29/29 
f 13/13/13 14/14/14 29/29/29 
f 29/29/29 14/14/14 30/30/30 
f 14/14/14 15/15/15 30/30/30 
f 30/30/30 15/15/15 31/31/31 
f 15/15/15 15/15/15 31/31/31 
f 31/31/31 15/15/15 32/32/32 
f 15/15/15 16/16/16 32/32/32 
f 32/32/32 16/16/16 33/33/33 
f 16/16/16 17/17/17 33/33/33 
f 33/33/33 17/17/17 34/34/34 
f 17/17/17 17/17/17 34/34/34 
f 34/34/34 17/17/17 35/35/35 
f 17/17/17 18/18/18 35/35/35 
f 35/35/35 18/18/18 36/36/36 
f 18/18/18 19/19/19 36/36/36 
f 36/36/36 19/19/19 37/37/37 
f 19/19/19 20/20/20 37/37/37 
f 37/37/37 20/20/20 38/38/38 
f 20/20/20 20/20/20 38/38/38 
f 38/38/38 20/20/20 39/39/39 
f 20/20/20 21/21/21 39/39/39 
f 39/39/39 21/21/21 40/40/40 
f 21/21/21 22/22/22 40/40/40 
f 40/40/40 22/22/22 41/41/41 
f 22/22/22 22/22/22 41/41/41 
f 41/41/41 22/22/22 42/42/42 
f 22/22/22 23/23/23 42/42/42 
f 42/42/42 23/23/23 43/43/43 
f 23/23/23 24/24/24 43/43/43 
f 43/43/43 24/24/24 44/44/44 
f 24/24/24 25/25/25 44/44/44 
f 44/44/44 25/25/25 45/45/45 
f 25/25/25 25/25/25 45/45/45 
f 45/45/45 25/25/25 46/46/46 
f 25/25/25 26/26/26 46/46/46 
f 46/46/46 26/26/26 47/47/47 
f 26/26/26 27/27/27 47/47/47 
f 47/47/47 27/27/27 48/48/48 
f 27/27/27 28/28/28 48/48/48 
f 48/48/48 28/28/28 49/49/49 
f 28/28/28 28/28/28 49/49/49 
f 49/49/49 28/28/28 50/50/50 
f 28/28/28 29/29/29 50/50/50 
f 50/50/50 29/29/29 51/51/51 
f 29/29/29 30/30/30 51/51/51 
f 51/51/51 30/30/30 52/52/52 
f 30/30/30 31/31/31 52/52/52 
f 52/52/52 31/31/31 53/53/53 
f 31/31/31 31/31/31 53/53/53 
f 53/53/53 31/31/31 54/54/54 
f 31/31/31 32/32/32 54/54/54 
f 54/54/54 32/32/32 55/55/55 
f 32/32/32 33/33/33 55/55/55 
f 55/55/55 33/33/33 56/56/56 
f 33/33/33 34/34/34 56/56/56 
f 56/56/56 34/34/34 57/57/57 
f 34/34/34 34/34/34 57/57/57 
f 57/57/57 34/34/34 58/58/58 
f 34/34/34 35/35/35 58/58/58 
f 58/58/58 35/35/35 59/59/59 
f 35/35/35 36/36/36 59/59/59 
f 59/59/59 36/36/36 60/60/60 
f 36/36/36 37/37/37 60/60/60 
f 60/60/60 37/37/37 61/61/61 
f 37/37/37 38/38/38 61/61/61 
f 61/61/61 38/38/38 62/62/62 
f 38/38/38 38/38/38 62/62/62 
f 62/62/62 38/38/38 63/63/63 
f 38/38/38 39/39/39 63/63/63 
f 63/63/63 39/39/39 64/64/64 
f 39/39/39 40/40/40 64/64/64 
f 64/64/64 40/40/40 65/65/65 
f 40/40/40 41/41/41 65/65/65 
f 65/65/65 41/41/41 66/66/66 
f 41/41/41 41/41/41 66/66/66 
f 66/66/66 41/41/41 67/67/67 
f 41/41/41 42/42/42 67/67/67 
f 67/67/67 42/42/42 68/68/68 
f 42/42/42 43/43/43 68/68/68 
f 68/68/68 43/43/43 69/69/69 
f 43/43/43 44/44/44 69/69/69 
f 69/69/69 44/44/44 70/70/70 
f 44/44/44 45/45/45 70/70/70 
f 70/70/70 45/45/45 71/71/71 
f 45/45/45 45/45/45 71/71/71 
f 71/71/71 45/45/45 72/72/72 
f 45/45/45 46/46/46 72/72/72 
f 72/72/72 46/46/46 73/73/73 
f 46/46/46 47/47/47 73/73/73 
f 73/73/73 47/47/47 74/74/74 
f 47/47/47 48/48/48 74/74/74 
f 74/74/74 48/48/48 75/75/75 
f 48/48/48 49/49/49 75/75/75 
f 75/75/75 49/49/49 76/76/76 
f 49/49/49 49/49/49 76/76/76 
f 76/76/76 49/49/49 77/77/77 
f 49/49/49 50/50/50 77/77/77 
f 77/77/77 50/50/50 78/78/78 
f 50/50/50 51/51/51 78/78/78 
f 78/78/78 51/51/51 79/79/79 
f 51/51/51 52/52/52 79/79/79 
f 79/79/79 52/52/52 80/80/80 
f 52/52/52 53/53/53 80/80/80 
f 80/80/80 53/53/53 53/53/53 
f 53/53/53 80/80/80 53/53/53 
f 53/53/53 80/80/80 80/80/80 
f 80/80/80 81/81/81 80/80/80 
f 80/80/80 81/81/81 79/79/79 
f 81/81/81 82/82/82 79/79/79 
f 79/79/79 82/82/82 78/78/78 
f 82/82/82 83/83/83 78/78/78 
f 78/78/78 83/83/83 77/77/77 
f 83/83/83 84/84/84 77/77/77 
f 77/77/77 84/84/84 76/76/76 
f 84/84/84 85/85/85 76/76/76 
f 76/76/76 85/85/85 76/76/76 
f 85/85/85 86/86/86 76/76/76 
f 76/76/76 86/86/86 75/75/75 
f 86/86/86 87/87/87 75/75/75 
f 75/75/75 87/87/87 74/74/74 
f 87/87/87 88/88/88 74/74/74 
f 74/74/74 88/88/88 73/73/73 
f 88/88/88 89/89/89 73/73/73 
f 73/73/73 89/89/89 72/72/72 
f 89/89/89 90/90/90 72/72/72 
f 72/72/72 90/90/90 71/71/71 
f 90/90/90 71/71/71 71/71/71 
f 71/71/71 71/71/71 90/90/90 
f 71/71/71 90/90/90 90/90/90 
f 90/90/90 90/90/90 91/91/91 
f 90/90/90 89/89/89 91/91/91 
f 91/91/91 89/89/89 92/92/92 
f 89/89/89 88/88/88 92/92/92 
f 92/92/92 88/88/88 93/93/93 
f 88/88/88 87/87/87 93/93/93 
f 93/93/93 87/87/87 94/94/94 
f 87/87/87 86/86/86 94/94/94 
f 94/94/94 86/86/86 95/95/95 
f 86/86/86 85/85/85 95/95/95 
f 95/95/95 85/85/85 85/85/85 
f 85/85/85 95/95/95 85/85/85 
f 85/85/85 95/95/95 95/95/95 
f 95/95/95 96/96/96 95/95/95 
f 95/95/95 96/96/96 94/94/94 
f 96/96/96 97/97/97 94/94/94 
f 94/94/94 97/97/97 93/93/93 
f 97/97/97 98/98/98 93/93/93 
f 93/93/93 98/98/98 92/92/92 
f 98/98/98 99/99/99 92/92/92 
f 92/92/92 99/99/99 91/91/91 
f 99/99/99 100/100/100 91/91/91 
f 91/91/91 100/100/100 91/91/91 
f 100/100/100 101/101/101 91/91/91 
f 91/91/91 101/101/101 90/90/90 
f 101/101/101 102/102/102 90/90/90 
f 90/90/90 102/102/102 71/71/71 
f 102/102/102 103/103/103 71/71/71 
f 71/71/71 103/103/103 70/70/70 
f 103/103/103 104/104/104 70/70/70 
f 70/70/70 104/104/104 69/69/69 
f 104/104/104 105/105/105 69/69/69 
f 69/69/69 105/105/105 68/68/68 
f 105/105/105 106/106/106 68/68/68 
f 68/68/68 106/106/106 67/67/67 
f 106/106/106 107/107/107 67/67/67 
f 67/67/67 107/107/107 66/66/66 
f 107/107/107 66/66/66 66/66/66 
f 66/66/66 66/66/66 107/107/107 
f 66/66/66 107/107/107 107/107/107 
f 107/107/107 107/107/107 108/108/108 
f 107/107/107 106/106/106 108/108/108 
f 108/108/108 106/106/106 109/109/109 
f 106/106/106 105/105/105 109/109/109 
f 109/109/109 105/105/105 110/110/110 
f 105/105/105 104/104/104 110/110/110 
f 110/110/110 104/104/104 111/111/111 
f 104/104/104 103/103/103 111/111/111 
f 111/111/111 103/103/103 112/112/112 
f 103/103/103 102/102/102 112/112/112 
f 112/112/112 102/102/102 113/113/113 
f 102/102/102 101/101/101 113/113/113 
f 113/113/113 101/101/101 114/114/114 
f 101/101/101 100/100/100 114/114/114 
f 114/114/114 100/100/100 115/115/115 
f 100/100/100 100/100/100 115/115/115 
f 115/115/115 100/100/100 116/116/116 
f 100/100/100 99/99/99 116/116/116 
f 116/116/116 99/99/99 117/117/117 
f 99/99/99 98/98/98 117/117/117 
f 117/117/117 98/98/98 118/118/118 
f 98/98/98 97/97/97 118/118/118 
f 118/118/118 97/97/97 119/119/119 
f 97/97/97 96/96/96 119/119/119 
f 119/119/119 96/96/96 120/120/120 
f 96/96/96 96/96/96 120/120/120 
f 120/120/120 96/96/96 121/121/121 
f 96/96/96 95/95/95 121/121/121 
f 121/121/121 95/95/95 122/122/122 
f 95/95/95 85/85/85 122/122/122 
f 122/122/122 85/85/85 123/123/123 
f 85/85/85 84/84/84 123/123/123 
f 123/123/123 84/84/84 124/124/124 
f 84/84/84 83/83/83 124/124/124 
f 124/124/124 83/83/83 125/125/125 
f 83/83/83 82/82/82 125/125/125 
f 125/125/125 82/82/82 126/126/126 
f 82/82/82 81/81/81 126/126/126 
f 126/126/126 81/81/81 81/81/81 
f 81/81/81 126/126/126 81/81/81 
f 81/81/81 126/126/126 126/126/126 
f 126/126/126 127/127/127 126/126/126 
f 126/126/126 127/127/127 125/125/125 
f 127/127/127 128/128/128 125/125/125 
f 125/125/125 128/128/128 124/124/124 
f 128/128/128 129/129/129 124/124/124 
f 124/124/124 129/129/129 123/123/123 
f 129/129/129 130/130/130 123/123/123 
f 123/123/123 130/130/130 122/122/122 
f 130/130/130 131/131/131 122/122/122 
f 122/122/122 131/131/131 121/121/121 
f 131/131/131 132/132/132 121/121/121 
f 121/121/121 132/132/132 120/120/120 
f 132/132/132 133/133/133 120/120/120 
f 120/120/120 133/133/133 120/120/120 
f 133/133/133 134/134/134 120/120/120 
f 120/120/120 134/134/134 119/119/119 
f 134/134/134 135/135/135 119/119/119 
f 119/119/119 135/135/135 118/118/118 
f 135/135/135 136/136/136 118/118/118 
f 118/118/118 136/136/136 117/117/117 
f 136/136/136 137/137/137 117/117/117 
f 117/117/117 137/137/137 116/116/116 
f 137/137/137 138/138/138 116/116/116 
f 116/116/116 138/138/138 115/115/115 
f 138/138/138 139/139/139 115/115/115 
f 115/115/115 139/139/139 115/115/115 
f 139/139/139 140/140/140 115/115/115 
f 115/115/115 140/140/140 114/114/114 
f 140/140/140 141/141/141 114/114/114 
f 114/114/114 141/141/141 113/113/113 
f 141/141/141 142/142/142 113/113/113 
f 113/113/113 142/142/142 112/112/112 
f 142/142/142 143/143/143 112/112/112 
f 112/112/112 143/143/143 111/111/111 
f 143/143/143 144/144/144 111/111/111 
f 111/111/111 144/144/144 110/110/110 
f 144/144/144 145/145/145 110/110/110 
f 110/110/110 145/145/145 109/109/109 
f 145/145/145 146/146/146 109/109/109 
f 109/109/109 146/146/146 108/108/108 
f 146/146/146 108/108/108 108/108/108 
f 108/108/108 108/108/108 146/146/146 
f 108/108/108 146/146/146 146/146/146 
f 146/146/146 146/146/146 147/147/147 
f 146/146/146 145/145/145 147/147/147 
f 147/147/147 145/145/145 148/148/148 
f 145/145/145 144/144/144 148/148/148 
f 148/148/148 144/144/144 149/149/149 
f 144/144/144 143/143/143 149/149/149 
f 149/149/149 143/143/143 150/150/150 
f 143/143/143 142/142/142 150/150/150 
f 150/150/150 142/142/142 151/151/151 
f 142/142/142 141/141/141 151/151/151 
f 151/151/151 141/141/141 152/152/152 
f 141/141/141 140/140/140 152/152/152 
f 152/152/152 140/140/140 153/153/153 
f 140/140/140 139/139/139 153/153/153 
f 153/153/153 139/139/139 154/154/154 
f 139/139/139 139/139/139 154/154/154 
f 154/154/154 139/139/139 155/155/155 
f 139/139/139 138/138/138 155/155/155 
f 155/155/155 138/138/138 156/156/156 
f 138/138/138 137/137/137 156/156/156 
f 156/156/156 137/137/137 157/157/157 
f 137/137/137 136/136/136 157/157/157 
f 157/157/157 136/136/136 158/158/158 
f 136/136/136 135/135/135 158/158/158 
f 158/158/158 135/135/135 159/159/159 
f 135/135/135 134/134/134 159/159/159 
f 159/159/159 134/134/134 160/160/160 
f 134/134/134 133/133/133 160/160/160 
f 160/160/160 133/133/133 161/161/161 
f 133/133/133 133/133/133 161/161/161 
f 161/161/161 133/133/133 162/162/162 
f 133/133/133 132/132/132 162/162/162 
f 162/162/162 132/132/132 163/163/163 
f 132/132/132 131/131/131 163/163/163 
f 163/163/163 131/131/131 164/164/164 
f 131/131/131 130/130/130 164/164/164 
f 164/164/164 130/130/130 165/165/165 
f 130/130/130 129/129/129 165/165/165 
f 165/165/165 129/129/129 166/166/166 
f 129/129/129 128/128/128 166/166/166 
f 166/166/166 128/128/128 167/167/167 
f 128/128/128 127/127/127 167/167/167 
f 167/167/167 127/127/127 127/127/127 
f 127/127/127 167/167/167 127/127/127 
f 127/127/127 167/167/167 167/167/167 
f 167/167/167 168/168/168 167/167/167 
f 167/167/167 168/168/168 166/166/166 
f 168/168/168 169/169/169 166/166/166 
f 166/166/166 169/169/169 165/165/165 
f 169/169/169 170/170/170 165/165/165 
f 165/165/165 170/170/170 164/164/164 
f 170/170/170 171/171/171 164/164/164 
f 164/164/164 171/171/171 163/163/163 
f 171/171/171 172/172/172 163/163/163 
f 163/163/163 172/172/172 162/162/162 
f 172/172/172 173/173/173 162/162/162 
f 162/162/162 173/173/173 161/161/161 
f 173/173/173 174/174/174 161/161/161 
f 161/161/161 174/174/174 161/161/161 
f 174/174/174 175/175/175 161/161/161 
f 161/161/161 175/175/175 160/160/160 
f 175/175/175 176/176/176 160/160/160 
f 160/160/160 176/176/176 159/159/159 
f 176/176/176 177/177/177 159/159/159 
f 159/159/159 177/177/177 158/158/158 
f 177/177/177 178/178/178 158/158/158 
f 158/158/158 178/178/178 157/157/157 
f 178/178/178 179/179/179 157/157/157 
f 157/157/157 179/179/179 156/156/156 
f 179/179/179 180/180/180 156/156/156 
f 156/156/156 180/180/180 155/155/155 
f 180/180/180 181/181/181 155/155/155 
f 155/155/155 181/181/181 154/154/154 
f 181/181/181 182/182/182 154/154/154 
f 154/154/154 182/182/182 154/154/154 
f 182/182/182 183/183/183 154/154/154 
f 154/154/154 183/183/183 153/153/153 
f 183/183/183 184/184/184 153/153/153 
f 153/153/153 184/184/184 152/152/152 
f 184/184/184 185/185/185 152/152/152 
f 152/152/152 185/185/185 151/151/151 
f 185/185/185 186/186/186 151/151/151 
f 151/151/151 186/186/186 150/150/150 
f 186/186/186 187/187/187 150/150/150 
f 150/150/150 187/187/187 149/149/149 
f 187/187/187 188/188/188 149/149/149 
f 149/149/149 188/188/188 148/148/148 
f 188/188/188 189/189/189 148/148/148 
f 148/148/148 189/189/189 147/147/147 
f 189/189/189 147/147/147 147/147/147 
f 147/147/147 147/147/147 189/189/189 
f 147/147/147 189/189/189 189/189/189 
f 189/189/189 189/189/189 190/190/190 
f 189/189/189 188/188/188 190/190/190 
f 190/190/190 188/188/188 191/191/191 
f 188/188/188 187/187/187 191/191/191 
f 191/191/191 187/187/187 192/192/192 
f 187/187/187 186/186/186 192/192/192 
f 192/192/192 186/186/186 193/193/193 
f 186/186/186 185/185/185 193/193/193 
f 193/193/193 185/185/185 194/194/194 
f 185/185/185 184/184/184 194/194/194 
f 194/194/194 184/184/184 195/195/195 
f 184/184/184 183/183/183 195/195/195 
f 195/195/195 183/183/183 196/196/196 
f 183/183/183 182/182/182 196/196/196 
f 196/196/196 182/182/182 197/197/197 
f 182/182/182 182/182/182 197/197/197 
f 197/197/197 182/182/182 198/198/198 
f 182/182/182 181/181/181 198/198/198 
f 198/198/198 181/181/181 199/199/199 
f 181/181/181 180/180/180 199/199/199 
f 199/199/199 180/180/180 200/200/200 
f 180/180/180 179/179/179 200/200/200 
f 200/200/200 179/179/179 201/201/201 
f 179/179/179 178/178/178 201/201/201 
f 201/201/201 178/178/178 202/202/202 
f 178/178/178 177/177/177 202/202/202 
f 202/202/202 177/177/177 203/203/203 
f 177/177/177 176/176/176 203/203/203 
f 203/203/203 176/176/176 204/204/204 
f 176/176/176 175/175/175 204/204/204 
f 204/204/204 175/175/175 205/205/205 
f 175/175/175 174/174/174 205/205/205 
f 205/205/205 174/174/174 206/206/206 
f 174/174/174 174/174/174 206/206/206 
f 206/206/206 174/174/174 207/207/207 
f 174/174/174 173/173/173 207/207/207 
f 207/207/207 173/173/173 208/208/208 
f 173/173/173 172/172/172 208/208/208 
f 208/208/208 172/172/172 209/209/209 
f 172/172/172 171/171/171 209/209/209 
f 209/209/209 171/171/171 210/210/210 
f 171/171/171 170/170/170 210/210/210 
f 210/210/210 170/170/170 211/211/211 
f 170/170/170 169/169/169 211/211/211 
f 211/211/211 169/169/169 212/212/212 
f 169/169/169 168/168/168 212/212/212 
f 212/212/212 168/168/168 168/168/168 
f 168/168/168 212/212/212 168/168/168 
f 168/168/168 212/212/212 212/212/212 
f 212/212/212 213/213/213 212/212/212 
f 212/212/212 213/213/213 211/211/211 
f 213/213/213 214/214/214 211/211/211 
f 211/211/211 214/214/214 210/210/210 
f 214/214/214 215/215/215 210/210/210 
f 210/210/210 215/215/215 209/209/209 
f 215/215/215 216/216/216 209/209/209 
f 209/209/209 216/216/216 208/208/208 
f 216/216/216 217/217/217 208/208/208 
f 208/208/208 217/217/217 207/207/207 
f 217/217/217 218/218/218 207/207/207 
f 207/207/207 218/218/218 206/206/206 
f 218/218/218 206/206/206 206/206/206 
f 206/206/206 206/206/206 218/218/218 
f 206/206/206 218/218/218 218/218/218 
f 218/218/218 218/218/218 219/219/219 
f 218/218/218 217/217/217 219/219/219 
f 219/219/219 217/217/217 220/220/220 
f 217/217/217 216/216/216 220/220/220 
f 220/220/220 216/216/216 221/221/221 
f 216/216/216 215/215/215 221/221/221 
f 221/221/221 215/215/215 222/222/222 
f 215/215/215 214/214/214 222/222/222 
f 222/222/222 214/214/214 223/223/223 
f 214/214/214 213/213/213 223/223/223 
f 223/223/223 213/213/213 213/213/213 
f 213/213/213 223/223/223 213/213/213 
f 213/213/213 223/223/223 223/223/223 
f 223/223/223 224/224/224 223/223/223 
f 223/223/223 224/224/224 222/222/222 
f 224/224/224 225/225/225 222/222/222 
f 222/222/222 225/225/225 221/221/221 
f 225/225/225 226/226/226 221/221/221 
f 221/221/221 226/226/226 220/220/220 
f 226/226/226 227/227/227 220/220/220 
f 220/220/220 227/227/227 219/219/219 
f 227/227/227 219/219/219 219/219/219 
f 219/219/219 219/219/219 227/227/227 
f 219/219/219 227/227/227 227/227/227 
f 227/227/227 227/227/227 228/228/228 
f 227/227/227 226/226/226 228/228/228 
f 228/228/228 226/226/226 229/229/229 
f 226/226/226 225/225/225 229/229/229 
f 229/229/229 225/225/225 230/230/230 
f 225/225/225 224/224/224 230/230/230 
f 230/230/230 224/224/224 231/231/231 
f 224/224/224 232/232/232 231/231/231 
f 231/231/231 232/232/232 233/233/233 
f 232/232/232 233/233/233 233/233/233 
f 233/233/233 233/233/233 224/224/224 
f 233/233/233 224/224/224 224/224/224 
f 224/224/224 224/224/224 232/232/232 
f 224/224/224 223/223/223 232/232/232 
f 232/232/232 223/223/223 234/234/234 
f 223/223/223 213/213/213 234/234/234 
f 234/234/234 213/213/213 235/235/235 
f 213/213/213 212/212/212 235/235/235 
f 235/235/235 212/212/212 236/236/236 
f 212/212/212 168/168/168 236/236/236 
f 236/236/236 168/168/168 237/237/237 
f 168/168/168 167/167/167 237/237/237 
f 237/237/237 167/167/167 238/238/238 
f 167/167/167 127/127/127 238/238/238 
f 238/238/238 127/127/127 239/239/239 
f 127/127/127 126/126/126 239/239/239 
f 239/239/239 126/126/126 240/240/240 
f 126/126/126 81/81/81 240/240/240 
f 240/240/240 81/81/81 241/241/241 
f 81/81/81 80/80/80 241/241/241 
f 241/241/241 80/80/80 242/242/242 
f 80/80/80 53/53/53 242/242/242 
f 242/242/242 53/53/53 243/243/243 
f 53/53/53 54/54/54 243/243/243 
f 243/243/243 54/54/54 244/244/244 
f 54/54/54 55/55/55 244/244/244 
f 244/244/244 55/55/55 245/245/245 
f 55/55/55 56/56/56 245/245/245 
f 245/245/245 56/56/56 246/246/246 
f 56/56/56 57/57/57 246/246/246 
f 246/246/246 57/57/57 247/247/247 
f 57/57/57 57/57/57 247/247/247 
f 247/247/247 57/57/57 248/248/248 
f 57/57/57 58/58/58 248/248/248 
f 248/248/248 58/58/58 249/249/249 
f 58/58/58 59/59/59 249/249/249 
f 249/249/249 59/59/59 250/250/250 
f 59/59/59 60/60/60 250/250/250 
f 250/250/250 60/60/60 251/251/251 
f 60/60/60 61/61/61 251/251/251 
f 251/251/251 61/61/61 252/252/252 
f 61/61/61 62/62/62 252/252/252 
f 252/252/252 62/62/62 253/253/253 
f 62/62/62 62/62/62 253/253/253 
f 253/253/253 62/62/62 254/254/254 
f 62/62/62 63/63/63 254/254/254 
f 254/254/254 63/63/63 255/255/255 
f 63/63/63 64/64/64 255/255/255 
f 255/255/255 64/64/64 256/256/256 
f 64/64/64 65/65/65 256/256/256 
f 256/256/256 65/65/65 257/257/257 
f 65/65/65 66/66/66 257/257/257 
f 257/257/257 66/66/66 258/258/258 
f 66/66/66 107/107/107 258/258/258 
f 258/258/258 107/107/107 259/259/259 
f 107/107/107 108/108/108 259/259/259 
f 259/259/259 108/108/108 260/260/260 
f 108/108/108 146/146/146 260/260/260 
f 260/260/260 146/146/146 261/261/261 
f 146/146/146 147/147/147 261/261/261 
f 261/261/261 147/147/147 262/262/262 
f 147/147/147 189/189/189 262/262/262 
f 262/262/262 189/189/189 263/263/263 
f 189/189/189 190/190/190 263/263/263 
f 263/263/263 190/190/190 264/264/264 
f 190/190/190 190/190/190 264/264/264 
f 264/264/264 190/190/190 265/265/265 
f 190/190/190 191/191/191 265/265/265 
f 265/265/265 191/191/191 266/266/266 
f 191/191/191 192/192/192 266/266/266 
f 266/266/266 192/192/192 267/267/267 
f 192/192/192 193/193/193 267/267/267 
f 267/267/267 193/193/193 268/268/268 
f 193/193/193 194/194/194 268/268/268 
f 268/268/268 194/194/194 269/269/269 
f 194/194/194 195/195/195 269/269/269 
f 269/269/269 195/195/195 270/270/270 
f 195/195/195 196/196/196 270/270/270 
f 270/270/270 196/196/196 271/271/271 
f 196/196/196 197/197/197 271/271/271 
f 271/271/271 197/197/197 272/272/272 
f 197/197/197 197/197/197 272/272/272 
f 272/272/272 197/197/197 273/273/273 
f 197/197/197 198/198/198 273/273/273 
f 273/273/273 198/198/198 274/274/274 
f 198/198/198 199/199/199 274/274/274 
f 274/274/274 199/199/199 275/275/275 
f 199/199/199 200/200/200 275/275/275 
f 275/275/275 200/200/200 276/276/276 
f 200/200/200 201/201/201 276/276/276 
f 276/276/276 201/201/201 277/277/277 
f 201/201/201 202/202/202 277/277/277 
f 277/277/277 202/202/202 278/278/278 
f 202/202/202 203/203/203 278/278/278 
f 278/278/278 203/203/203 279/279/279 
f 203/203/203 204/204/204 279/279/279 
f 279/279/279 204/204/204 280/280/280 
f 204/204/204 205/205/205 280/280/280 
f 280/280/280 205/205/205 281/281/281 
f 205/205/205 206/206/206 281/281/281 
f 281/281/281 206/206/206 282/282/282 
f 206/206/206 218/218/218 282/282/282 
f 282/282/282 218/218/218 283/283/283 
f 218/218/218 219/219/219 283/283/283 
f 283/283/283 219/219/219 284/284/284 
f 219/219/219 227/227/227 284/284/284 
f 284/284/284 227/227/227 285/285/285 
f 227/227/227 228/228/228 285/285/285 
f 285/285/285 228/228/228 228/228/228 
f 228/228/228 285/285/285 228/228/228 
f 228/228/228 285/285/285 285/285/285 
f 285/285/285 286/286/286 285/285/285 
f 285/285/285 286/286/286 284/284/284 
f 286/286/286 287/287/287 284/284/284 
f 284/284/284 287/287/287 283/283/283 
f 287/287/287 288/288/288 283/283/283 
f 283/283/283 288/288/288 282/282/282 
f 288/288/288 282/282/282 282/282/282 
f 282/282/282 282/282/282 286/286/286 
f 282/282/282 286/286/286 286/286/286 
f 286/286/286 286/286/286 287/287/287 
f 286/286/286 289/289/289 287/287/287 
f 287/287/287 289/289/289 290/290/290 
f 289/289/289 291/291/291 290/290/290 
f 290/290/290 291/291/291 292/292/292 
f 291/291/291 293/293/293 292/292/292 
f 292/292/292 293/293/293 293/293/293 
f 293/293/293 287/287/287 293/293/293 
f 293/293/293 287/287/287 287/287/287 
f 287/287/287 290/290/290 287/287/287 
f 287/287/287 290/290/290 288/288/288 
f 290/290/290 294/294/294 288/288/288 
f 288/288/288 294/294/294 295/295/295 
f 294/294/294 296/296/296 295/295/295 
f 295/295/295 296/296/296 295/295/295 
f 296/296/296 297/297/297 295/295/295 
f 295/295/295 297/297/297 281/281/281 
f 297/297/297 280/280/280 281/281/281 
f 281/281/281 280/280/280 280/280/280 
f 280/280/280 290/290/290 280/280/280 
f 280/280/280 290/290/290 290/290/290 
f 290/290/290 292/292/292 290/290/290 
f 290/290/290 292/292/292 294/294/294 
f 292/292/292 298/298/298 294/294/294 
f 294/294/294 298/298/298 296/296/296 
f 298/298/298 296/296/296 296/296/296 
f 296/296/296 296/296/296 288/288/288 
f 296/296/296 288/288/288 288/288/288 
f 288/288/288 288/288/288 282/282/282 
f 288/288/288 295/295/295 282/282/282 
f 282/282/282 295/295/295 281/281/281 
f 295/295/295 281/281/281 281/281/281 
f 281/281/281 281/281/281 298/298/298 
f 281/281/281 298/298/298 298/298/298 
f 298/298/298 298/298/298 299/299/299 
f 298/298/298 292/292/292 299/299/299 
f 299/299/299 292/292/292 299/299/299 
f 292/292/292 293/293/293 299/299/299 
f 299/299/299 293/293/293 299/299/299 
f 293/293/293 300/300/300 299/299/299 
f 299/299/299 300/300/300 301/301/301 
f 300/300/300 302/302/302 301/301/301 
f 301/301/301 302/302/302 302/302/302 
f 302/302/302 301/301/301 302/302/302 
f 302/302/302 301/301/301 301/301/301 
f 301/301/301 303/303/303 301/301/301 
f 301/301/301 303/303/303 299/299/299 
f 303/303/303 303/303/303 299/299/299 
f 299/299/299 303/303/303 298/298/298 
f 303/303/303 304/304/304 298/298/298 
f 298/298/298 304/304/304 296/296/296 
f 304/304/304 305/305/305 296/296/296 
f 296/296/296 305/305/305 297/297/297 
f 305/305/305 306/306/306 297/297/297 
f 297/297/297 306/306/306 280/280/280 
f 306/306/306 306/306/306 280/280/280 
f 280/280/280 306/306/306 279/279/279 
f 306/306/306 307/307/307 279/279/279 
f 279/279/279 307/307/307 278/278/278 
f 307/307/307 278/278/278 278/278/278 
f 278/278/278 278/278/278 307/307/307 
f 278/278/278 307/307/307 307/307/307 
f 307/307/307 307/307/307 308/308/308 
f 307/307/307 306/306/306 308/308/308 
f 308/308/308 306/306/306 308/308/308 
f 306/306/306 305/305/305 308/308/308 
f 308/308/308 305/305/305 309/309/309 
f 305/305/305 304/304/304 309/309/309 
f 309/309/309 304/304/304 310/310/310 
f 304/304/304 303/303/303 310/310/310 
f 310/310/310 303/303/303 311/311/311 
f 303/303/303 301/301/301 311/311/311 
f 311/311/311 301/301/301 312/312/312 
f 301/301/301 302/302/302 312/312/312 
f 312/312/312 302/302/302 312/312/312 
f 302/302/302 313/313/313 312/312/312 
f 312/312/312 313/313/313 314/314/314 
f 313/313/313 315/315/315 314/314/314 
f 314/314/314 315/315/315 315/315/315 
f 315/315/315 314/314/314 315/315/315 
f 315/315/315 314/314/314 314/314/314 
f 314/314/314 316/316/316 314/314/314 
f 314/314/314 316/316/316 312/312/312 
f 316/316/316 316/316/316 312/312/312 
f 312/312/312 316/316/316 311/311/311 
f 316/316/316 317/317/317 311/311/311 
f 311/311/311 317/317/317 310/310/310 
f 317/317/317 318/318/318 310/310/310 
f 310/310/310 318/318/318 309/309/309 
f 318/318/318 319/319/319 309/309/309 
f 309/309/309 319/319/319 308/308/308 
f 319/319/319 320/320/320 308/308/308 
f 308/308/308 320/320/320 307/307/307 
f 320/320/320 321/321/321 307/307/307 
f 307/307/307 321/321/321 278/278/278 
f 321/321/321 321/321/321 278/278/278 
f 278/278/278 321/321/321 277/277/277 
f 321/321/321 322/322/322 277/277/277 
f 277/277/277 322/322/322 276/276/276 
f 322/322/322 276/276/276 276/276/276 
f 276/276/276 276/276/276 322/322/322 
f 276/276/276 322/322/322 322/322/322 
f 322/322/322 322/322/322 323/323/323 
f 322/322/322 321/321/321 323/323/323 
f 323/323/323 321/321/321 323/323/323 
f 321/321/321 320/320/320 323/323/323 
f 323/323/323 320/320/320 324/324/324 
f 320/320/320 319/319/319 324/324/324 
f 324/324/324 319/319/319 325/325/325 
f 319/319/319 318/318/318 325/325/325 
f 325/325/325 318/318/318 326/326/326 
f 318/318/318 317/317/317 326/326/326 
f 326/326/326 317/317/317 327/327/327 
f 317/317/317 316/316/316 327/327/327 
f 327/327/327 316/316/316 328/328/328 
f 316/316/316 314/314/314 328/328/328 
f 328/328/328 314/314/314 329/329/329 
f 314/314/314 315/315/315 329/329/329 
f 329/329/329 315/315/315 329/329/329 
f 315/315/315 330/330/330 329/329/329 
f 329/329/329 330/330/330 331/331/331 
f 330/330/330 332/332/332 331/331/331 
f 331/331/331 332/332/332 332/332/332 
f 332/332/332 331/331/331 332/332/332 
f 332/332/332 331/331/331 331/331/331 
f 331/331/331 333/333/333 331/331/331 
f 331/331/331 333/333/333 329/329/329 
f 333/333/333 333/333/333 329/329/329 
f 329/329/329 333/333/333 328/328/328 
f 333/333/333 334/334/334 328/328/328 
f 328/328/328 334/334/334 327/327/327 
f 334/334/334 335/335/335 327/327/327 
f 327/327/327 335/335/335 326/326/326 
f 335/335/335 336/336/336 326/326/326 
f 326/326/326 336/336/336 325/325/325 
f 336/336/336 337/337/337 325/325/325 
f 325/325/325 337/337/337 324/324/324 
f 337/337/337 338/338/338 324/324/324 
f 324/324/324 338/338/338 323/323/323 
f 338/338/338 339/339/339 323/323/323 
f 323/323/323 339/339/339 322/322/322 
f 339/339/339 340/340/340 322/322/322 
f 322/322/322 340/340/340 276/276/276 
f 340/340/340 340/340/340 276/276/276 
f 276/276/276 340/340/340 275/275/275 
f 340/340/340 341/341/341 275/275/275 
f 275/275/275 341/341/341 274/274/274 
f 341/341/341 274/274/274 274/274/274 
f 274/274/274 274/274/274 341/341/341 
f 274/274/274 341/341/341 341/341/341 
f 341/341/341 341/341/341 342/342/342 
f 341/341/341 340/340/340 342/342/342 
f 342/342/342 340/340/340 342/342/342 
f 340/340/340 339/339/339 342/342/342 
f 342/342/342 339/339/339 343/343/343 
f 339/339/339 338/338/338 343/343/343 
f 343/343/343 338/338/338 344/344/344 
f 338/338/338 337/337/337 344/344/344 
f 344/344/344 337/337/337 345/345/345 
f 337/337/337 336/336/336 345/345/345 
f 345/345/345 336/336/336 346/346/346 
f 336/336/336 335/335/335 346/346/346 
f 346/346/346 335/335/335 347/347/347 
f 335/335/335 334/334/334 347/347/347 
f 347/347/347 334/334/334 348/348/348 
f 334/334/334 333/333/333 348/348/348 
f 348/348/348 333/333/333 349/349/349 
f 333/333/333 331/331/331 349/349/349 
f 349/349/349 331/331/331 350/350/350 
f 331/331/331 332/332/332 350/350/350 
f 350/350/350 332/332/332 350/350/350 
f 332/332/332 351/351/351 350/350/350 
f 350/350/350 351/351/351 352/352/352 
f 351/351/351 353/353/353 352/352/352 
f 352/352/352 353/353/353 353/353/353 
f 353/353/353 352/352/352 353/353/353 
f 353/353/353 352/352/352 352/352/352 
f 352/352/352 354/354/354 352/352/352 
f 352/352/352 354/354/354 350/350/350 
f 354/354/354 354/354/354 350/350/350 
f 350/350/350 354/354/354 349/349/349 
f 354/354/354 355/355/355 349/349/349 
f 349/349/349 355/355/355 348/348/348 
f 355/355/355 356/356/356 348/348/348 
f 348/348/348 356/356/356 347/347/347 
f 356/356/356 357/357/357 347/347/347 
f 347/347/347 357/357/357 346/346/346 
f 357/357/357 358/358/358 346/346/346 
f 346/346/346 358/358/358 345/345/345 
f 358/358/358 359/359/359 345/345/345 
f 345/345/345 359/359/359 344/344/344 
f 359/359/359 360/360/360 344/344/344 
f 344/344/344 360/360/360 343/343/343 
f 360/360/360 361/361/361 343/343/343 
f 343/343/343 361/361/361 342/342/342 
f 361/361/361 362/362/362 342/342/342 
f 342/342/342 362/362/362 341/341/341 
f 362/362/362 363/363/363 341/341/341 
f 341/341/341 363/363/363 274/274/274 
f 363/363/363 363/363/363 274/274/274 
f 274/274/274 363/363/363 273/273/273 
f 363/363/363 364/364/364 273/273/273 
f 273/273/273 364/364/364 272/272/272 
f 364/364/364 272/272/272 272/272/272 
f 272/272/272 272/272/272 364/364/364 
f 272/272/272 364/364/364 364/364/364 
f 364/364/364 364/364/364 365/365/365 
f 364/364/364 363/363/363 365/365/365 
f 365/365/365 363/363/363 365/365/365 
f 363/363/363 362/362/362 365/365/365 
f 365/365/365 362/362/362 366/366/366 
f 362/362/362 361/361/361 366/366/366 
f 366/366/366 361/361/361 367/367/367 
f 361/361/361 360/360/360 367/367/367 
f 367/367/367 360/360/360 368/368/368 
f 360/360/360 359/359/359 368/368/368 
f 368/368/368 359/359/359 369/369/369 
f 359/359/359 358/358/358 369/369/369 
f 369/369/369 358/358/358 370/370/370 
f 358/358/358 357/357/357 370/370/370 
f 370/370/370 357/357/357 371/371/371 
f 357/357/357 356/356/356 371/371/371 
f 371/371/371 356/356/356 372/372/372 
f 356/356/356 355/355/355 372/372/372 
f 372/372/372 355/355/355 373/373/373 
f 355/355/355 354/354/354 373/373/373 
f 373/373/373 354/354/354 374/374/374 
f 354/354/354 352/352/352 374/374/374 
f 374/374/374 352/352/352 375/375/375 
f 352/352/352 353/353/353 375/375/375 
f 375/375/375 353/353/353 375/375/375 
f 353/353/353 376/376/376 375/375/375 
f 375/375/375 376/376/376 377/377/377 
f 376/376/376 378/378/378 377/377/377 
f 377/377/377 378/378/378 378/378/378 
f 378/378/378 377/377/377 378/378/378 
f 378/378/378 377/377/377 377/377/377 
f 377/377/377 379/379/379 377/377/377 
f 377/377/377 379/379/379 375/375/375 
f 379/379/379 379/379/379 375/375/375 
f 375/375/375 379/379/379 374/374/374 
f 379/379/379 380/380/380 374/374/374 
f 374/374/374 380/380/380 373/373/373 
f 380/380/380 381/381/381 373/373/373 
f 373/373/373 381/381/381 372/372/372 
f 381/381/381 382/382/382 372/372/372 
f 372/372/372 382/382/382 371/371/371 
f 382/382/382 383/383/383 371/371/371 
f 371/371/371 383/383/383 370/370/370 
f 383/383/383 384/384/384 370/370/370 
f 370/370/370 384/384/384 369/369/369 
f 384/384/384 385/385/385 369/369/369 
f 369/369/369 385/385/385 368/368/368 
f 385/385/385 386/386/386 368/368/368 
f 368/368/368 386/386/386 367/367/367 
f 386/386/386 387/387/387 367/367/367 
f 367/367/367 387/387/387 366/366/366 
f 387/387/387 388/388/388 366/366/366 
f 366/366/366 388/388/388 365/365/365 
f 388/388/388 389/389/389 365/365/365 
f 365/365/365 389/389/389 364/364/364 
f 389/389/389 390/390/390 364/364/364 
f 364/364/364 390/390/390 272/272/272 
f 390/390/390 391/391/391 272/272/272 
f 272/272/272 391/391/391 271/271/271 
f 391/391/391 392/392/392 271/271/271 
f 271/271/271 392/392/392 270/270/270 
f 392/392/392 393/393/393 270/270/270 
f 270/270/270 393/393/393 269/269/269 
f 393/393/393 394/394/394 269/269/269 
f 269/269/269 394/394/394 268/268/268 
f 394/394/394 395/395/395 268/268/268 
f 268/268/268 395/395/395 267/267/267 
f 395/395/395 396/396/396 267/267/267 
f 267/267/267 396/396/396 266/266/266 
f 396/396/396 397/397/397 266/266/266 
f 266/266/266 397/397/397 265/265/265 
f 397/397/397 398/398/398 265/265/265 
f 265/265/265 398/398/398 264/264/264 
f 398/398/398 264/264/264 264/264/264 
f 264/264/264 264/264/264 398/398/398 
f 264/264/264 398/398/398 398/398/398 
f 398/398/398 398/398/398 399/399/399 
f 398/398/398 397/397/397 399/399/399 
f 399/399/399 397/397/397 400/400/400 
f 397/397/397 396/396/396 400/400/400 
f 400/400/400 396/396/396 401/401/401 
f 396/396/396 395/395/395 401/401/401 
f 401/401/401 395/395/395 402/402/402 
f 395/395/395 394/394/394 402/402/402 
f 402/402/402 394/394/394 403/403/403 
f 394/394/394 393/393/393 403/403/403 
f 403/403/403 393/393/393 404/404/404 
f 393/393/393 392/392/392 404/404/404 
f 404/404/404 392/392/392 405/405/405 
f 392/392/392 391/391/391 405/405/405 
f 405/405/405 391/391/391 406/406/406 
f 391/391/391 390/390/390 406/406/406 
f 406/406/406 390/390/390 407/407/407 
f 390/390/390 389/389/389 407/407/407 
f 407/407/407 389/389/389 408/408/408 
f 389/389/389 388/388/388 408/408/408 
f 408/408/408 388/388/388 409/409/409 
f 388/388/388 387/387/387 409/409/409 
f 409/409/409 387/387/387 410/410/410 
f 387/387/387 386/386/386 410/410/410 
f 410/410/410 386/386/386 411/411/411 
f 386/386/386 385/385/385 411/411/411 
f 411/411/411 385/385/385 412/412/412 
f 385/385/385 384/384/384 412/412/412 
f 412/412/412 384/384/384 413/413/413 
f 384/384/384 383/383/383 413/413/413 
f 413/413/413 383/383/383 414/414/414 
f 383/383/383 382/382/382 414/414/414 
f 414/414/414 382/382/382 415/415/415 
f 382/382/382 381/381/381 415/415/415 
f 415/415/415 381/381/381 416/416/416 
f 381/381/381 380/380/380 416/416/416 
f 416/416/416 380/380/380 417/417/417 
f 380/380/380 379/379/379 417/417/417 
f 417/417/417 379/379/379 418/418/418 
f 379/379/379 377/377/377 418/418/418 
f 418/418/418 377/377/377 419/419/419 
f 377/377/377 378/378/378 419/419/419 
f 419/419/419 378/378/378 419/419/419 
f 378/378/378 420/420/420 419/419/419 
f 419/419/419 420/420/420 421/421/421 
f 420/420/420 422/422/422 421/421/421 
f 421/421/421 422/422/422 422/422/422 
f 422/422/422 421/421/421 422/422/422 
f 422/422/422 421/421/421 421/421/421 
f 421/421/421 423/423/423 421/421/421 
f 421/421/421 423/423/423 419/419/419 
f 423/423/423 423/423/423 419/419/419 
f 419/419/419 423/423/423 418/418/418 
f 423/423/423 424/424/424 418/418/418 
f 418/418/418 424/424/424 417/417/417 
f 424/424/424 425/425/425 417/417/417 
f 417/417/417 425/425/425 416/416/416 
f 425/425/425 426/426/426 416/416/416 
f 416/416/416 426/426/426 415/415/415 
f 426/426/426 427/427/427 415/415/415 
f 415/415/415 427/427/427 414/414/414 
f 427/427/427 428/428/428 414/414/414 
f 414/414/414 428/428/428 413/413/413 
f 428/428/428 429/429/429 413/413/413 
f 413/413/413 429/429/429 412/412/412 
f 429/429/429 430/430/430 412/412/412 
f 412/412/412 430/430/430 411/411/411 
f 430/430/430 431/431/431 411/411/411 
f 411/411/411 431/431/431 410/410/410 
f 431/431/431 432/432/432 410/410/410 
f 410/410/410 432/432/432 409/409/409 
f 432/432/432 433/433/433 409/409/409 
f 409/409/409 433/433/433 408/408/408 
f 433/433/433 434/434/434 408/408/408 
f 408/408/408 434/434/434 407/407/407 
f 434/434/434 435/435/435 407/407/407 
f 407/407/407 435/435/435 406/406/406 
f 435/435/435 436/436/436 406/406/406 
f 406/406/406 436/436/436 405/405/405 
f 436/436/436 437/437/437 405/405/405 
f 405/405/405 437/437/437 404/404/404 
f 437/437/437 438/438/438 404/404/404 
f 404/404/404 438/438/438 403/403/403 
f 438/438/438 439/439/439 403/403/403 
f 403/403/403 439/439/439 402/402/402 
f 439/439/439 440/440/440 402/402/402 
f 402/402/402 440/440/440 401/401/401 
f 440/440/440 441/441/441 401/401/401 
f 401/401/401 441/441/441 400/400/400 
f 441/441/441 442/442/442 400/400/400 
f 400/400/400 442/442/442 399/399/399 
f 442/442/442 399/399/399 399/399/399 
f 399/399/399 399/399/399 442/442/442 
f 399/399/399 442/442/442 442/442/442 
f 442/442/442 442/442/442 443/443/443 
f 442/442/442 441/441/441 443/443/443 
f 443/443/443 441/441/441 444/444/444 
f 441/441/441 440/440/440 444/444/444 
f 444/444/444 440/440/440 445/445/445 
f 440/440/440 439/439/439 445/445/445 
f 445/445/445 439/439/439 446/446/446 
f 439/439/439 438/438/438 446/446/446 
f 446/446/446 438/438/438 447/447/447 
f 438/438/438 437/437/437 447/447/447 
f 447/447/447 437/437/437 448/448/448 
f 437/437/437 436/436/436 448/448/448 
f 448/448/448 436/436/436 449/449/449 
f 436/436/436 435/435/435 449/449/449 
f 449/449/449 435/435/435 450/450/450 
f 435/435/435 434/434/434 450/450/450 
f 450/450/450 434/434/434 451/451/451 
f 434/434/434 433/433/433 451/451/451 
f 451/451/451 433/433/433 452/452/452 
f 433/433/433 432/432/432 452/452/452 
f 452/452/452 432/432/432 453/453/453 
f 432/432/432 431/431/431 453/453/453 
f 453/453/453 431/431/431 454/454/454 
f 431/431/431 430/430/430 454/454/454 
f 454/454/454 430/430/430 455/455/455 
f 430/430/430 429/429/429 455/455/455 
f 455/455/455 429/429/429 456/456/456 
f 429/429/429 428/428/428 456/456/456 
f 456/456/456 428/428/428 457/457/457 
f 428/428/428 427/427/427 457/457/457 
f 457/457/457 427/427/427 458/458/458 
f 427/427/427 426/426/426 458/458/458 
f 458/458/458 426/426/426 459/459/459 
f 426/426/426 425/425/425 459/459/459 
f 459/459/459 425/425/425 460/460/460 
f 425/425/425 424/424/424 460/460/460 
f 460/460/460 424/424/424 461/461/461 
f 424/424/424 423/423/423 461/461/461 
f 461/461/461 423/423/423 462/462/462 
f 423/423/423 421/421/421 462/462/462 
f 462/462/462 421/421/421 463/463/463 
f 421/421/421 422/422/422 463/463/463 
f 463/463/463 422/422/422 463/463/463 
f 422/422/422 464/464/464 463/463/463 
f 463/463/463 464/464/464 465/465/465 
f 464/464/464 466/466/466 465/465/465 
f 465/465/465 466/466/466 466/466/466 
f 466/466/466 465/465/465 466/466/466 
f 466/466/466 465/465/465 465/465/465 
f 465/465/465 467/467/467 465/465/465 
f 465/465/465 467/467/467 463/463/463 
f 467/467/467 467/467/467 463/463/463 
f 463/463/463 467/467/467 462/462/462 
f 467/467/467 468/468/468 462/462/462 
f 462/462/462 468/468/468 461/461/461 
f 468/468/468 469/469/469 461/461/461 
f 461/461/461 469/469/469 460/460/460 
f 469/469/469 470/470/470 460/460/460 
f 460/460/460 470/470/470 459/459/459 
f 470/470/470 471/471/471 459/459/459 
f 459/459/459 471/471/471 458/458/458 
f 471/471/471 472/472/472 458/458/458 
f 458/458/458 472/472/472 457/457/457 
f 472/472/472 473/473/473 457/457/457 
f 457/457/457 473/473/473 456/456/456 
f 473/473/473 474/474/474 456/456/456 
f 456/456/456 474/474/474 455/455/455 
f 474/474/474 475/475/475 455/455/455 
f 455/455/455 475/475/475 454/454/454 
f 475/475/475 476/476/476 454/454/454 
f 454/454/454 476/476/476 453/453/453 
f 476/476/476 477/477/477 453/453/453 
f 453/453/453 477/477/477 452/452/452 
f 477/477/477 478/478/478 452/452/452 
f 452/452/452 478/478/478 451/451/451 
f 478/478/478 479/479/479 451/451/451 
f 451/451/451 479/479/479 450/450/450 
f 479/479/479 480/480/480 450/450/450 
f 450/450/450 480/480/480 449/449/449 
f 480/480/480 481/481/481 449/449/449 
f 449/449/449 481/481/481 448/448/448 
f 481/481/481 482/482/482 448/448/448 
f 448/448/448 482/482/482 447/447/447 
f 482/482/482 483/483/483 447/447/447 
f 447/447/447 483/483/483 446/446/446 
f 483/483/483 484/484/484 446/446/446 
f 446/446/446 484/484/484 445/445/445 
f 484/484/484 485/485/485 445/445/445 
f 445/445/445 485/485/485 444/444/444 
f 485/485/485 486/486/486 444/444/444 
f 444/444/444 486/486/486 443/443/443 
f 486/486/486 443/443/443 443/443/443 
f 443/443/443 443/443/443 486/486/486 
f 443/443/443 486/486/486 486/486/486 
f 486/486/486 486/486/486 487/487/487 
f 486/486/486 485/485/485 487/487/487 
f 487/487/487 485/485/485 488/488/488 
f 485/485/485 484/484/484 488/488/488 
f 488/488/488 484/484/484 489/489/489 
f 484/484/484 483/483/483 489/489/489 
f 489/489/489 483/483/483 490/490/490 
f 483/483/483 482/482/482 490/490/490 
f 490/490/490 482/482/482 491/491/491 
f 482/482/482 481/481/481 491/491/491 
f 491/491/491 481/481/481 492/492/492 
f 481/481/481 480/480/480 492/492/492 
f 492/492/492 480/480/480 493/493/493 
f 480/480/480 479/479/479 493/493/493 
f 493/493/493 479/479/479 494/494/494 
f 479/479/479 478/478/478 494/494/494 
f 494/494/494 478/478/478 495/495/495 
f 478/478/478 477/477/477 495/495/495 
f 495/495/495 477/477/477 496/496/496 
f 477/477/477 476/476/476 496/496/496 
f 496/496/496 476/476/476 497/497/497 
f 476/476/476 475/475/475 497/497/497 
f 497/497/497 475/475/475 498/498/498 
f 475/475/475 474/474/474 498/498/498 
f 498/498/498 474/474/474 499/499/499 
f 474/474/474 473/473/473 499/499/499 
f 499/499/499 473/473/473 500/500/500 
f 473/473/473 472/472/472 500/500/500 
f 500/500/500 472/472/472 501/501/501 
f 472/472/472 471/471/471 501/501/501 
f 501/501/501 471/471/471 502/502/502 
f 471/471/471 470/470/470 502/502/502 
f 502/502/502 470/470/470 503/503/503 
f 470/470/470 469/469/469 503/503/503 
f 503/503/503 469/469/469 504/504/504 
f 469/469/469 468/468/468 504/504/504 
f 504/504/504 468/468/468 505/505/505 
f 468/468/468 467/467/467 505/505/505 
f 505/505/505 467/467/467 506/506/506 
f 467/467/467 465/465/465 506/506/506 
f 506/506/506 465/465/465 507/507/507 
f 465/465/465 466/466/466 507/507/507 
f 507/507/507 466/466/466 507/507/507 
f 466/466/466 508/508/508 507/507/507 
f 507/507/507 508/508/508 509/509/509 
f 508/508/508 510/510/510 509/509/509 
f 509/509/509 510/510/510 510/510/510 
f 510/510/510 509/509/509 510/510/510 
f 510/510/510 509/509/509 509/509/509 
f 509/509/509 511/511/511 509/509/509 
f 509/509/509 511/511/511 507/507/507 
f 511/511/511 511/511/511 507/507/507 
f 507/507/507 511/511/511 506/506/506 
f 511/511/511 512/512/512 506/506/506 
f 506/506/506 512/512/512 505/505/505 
f 512/512/512 513/513/513 505/505/505 
f 505/505/505 513/513/513 504/504/504 
f 513/513/513 514/514/514 504/504/504 
f 504/504/504 514/514/514 503/503/503 
f 514/514/514 515/515/515 503/503/503 
f 503/503/503 515/515/515 502/502/502 
f 515/515/515 516/516/516 502/502/502 
f 502/502/502 516/516/516 501/501/501 
f 516/516/516 517/517/517 501/501/501 
f 501/501/501 517/517/517 500/500/500 
f 517/517/517 518/518/518 500/500/500 
f 500/500/500 518/518/518 499/499/499 
f 518/518/518 519/519/519 499/499/499 
f 499/499/499 519/519/519 498/498/498 
f 519/519/519 520/520/520 498/498/498 
f 498/498/498 520/520/520 497/497/497 
f 520/520/520 521/521/521 497/497/497 
f 497/497/497 521/521/521 496/496/496 
f 521/521/521 522/522/522 496/496/496 
f 496/496/496 522/522/522 495/495/495 
f 522/522/522 523/523/523 495/495/495 
f 495/495/495 523/523/523 494/494/494 
f 523/523/523 524/524/524 494/494/494 
f 494/494/494 524/524/524 493/493/493 
f 524/524/524 525/525/525 493/493/493 
f 493/493/493 525/525/525 492/492/492 
f 525/525/525 526/526/526 492/492/492 
f 492/492/492 526/526/526 491/491/491 
f 526/526/526 527/527/527 491/491/491 
f 491/491/491 527/527/527 490/490/490 
f 527/527/527 528/528/528 490/490/490 
f 490/490/490 528/528/528 489/489/489 
f 528/528/528 529/529/529 489/489/489 
f 489/489/489 529/529/529 488/488/488 
f 529/529/529 530/530/530 488/488/488 
f 488/488/488 530/530/530 487/487/487 
f 530/530/530 487/487/487 487/487/487 
f 487/487/487 487/487/487 530/530/530 
f 487/487/487 530/530/530 530/530/530 
f 530/530/530 530/530/530 531/531/531 
f 530/530/530 529/529/529 531/531/531 
f 531/531/531 529/529/529 532/532/532 
f 529/529/529 528/528/528 532/532/532 
f 532/532/532 528/528/528 533/533/533 
f 528/528/528 527/527/527 533/533/533 
f 533/533/533 527/527/527 534/534/534 
f 527/527/527 526/526/526 534/534/534 
f 534/534/534 526/526/526 535/535/535 
f 526/526/526 525/525/525 535/535/535 
f 535/535/535 525/525/525 536/536/536 
f 525/525/525 524/524/524 536/536/536 
f 536/536/536 524/524/524 537/537/537 
f 524/524/524 523/523/523 537/537/537 
f 537/537/537 523/523/523 538/538/538 
f 523/523/523 522/522/522 538/538/538 
f 538/538/538 522/522/522 539/539/539 
f 522/522/522 521/521/521 539/539/539 
f 539/539/539 521/521/521 540/540/540 
f 521/521/521 520/520/520 540/540/540 
f 540/540/540 520/520/520 541/541/541 
f 520/520/520 519/519/519 541/541/541 
f 541/541/541 519/519/519 542/542/542 
f 519/519/519 518/518/518 542/542/542 
f 542/542/542 518/518/518 543/543/543 
f 518/518/518 517/517/517 543/543/543 
f 543/543/543 517/517/517 544/544/544 
f 517/517/517 516/516/516 544/544/544 
f 544/544/544 516/516/516 545/545/545 
f 516/516/516 515/515/515 545/545/545 
f 545/545/545 515/515/515 546/546/546 
f 515/515/515 514/514/514 546/546/546 
f 546/546/546 514/514/514 547/547/547 
f 514/514/514 513/513/513 547/547/547 
f 547/547/547 513/513/513 548/548/548 
f 513/513/513 512/512/512 548/548/548 
f 548/548/548 512/512/512 549/549/549 
f 512/512/512 511/511/511 549/549/549 
f 549/549/549 511/511/511 550/550/550 
f 511/511/511 509/509/509 550/550/550 
f 550/550/550 509/509/509 551/551/551 
f 509/509/509 510/510/510 551/551/551 
f 551/551/551 510/510/510 551/551/551 
f 510/510/510 552/552/552 551/551/551 
f 551/551/551 552/552/552 553/553/553 
f 552/552/552 554/554/554 553/553/553 
f 553/553/553 554/554/554 554/554/554 
f 554/554/554 553/553/553 554/554/554 
f 554/554/554 553/553/553 553/553/553 
f 553/553/553 555/555/555 553/553/553 
f 553/553/553 555/555/555 551/551/551 
f 555/555/555 555/555/555 551/551/551 
f 551/551/551 555/555/555 550/550/550 
f 555/555/555 556/556/556 550/550/550 
f 550/550/550 556/556/556 549/549/549 
f 556/556/556 557/557/557 549/549/549 
f 549/549/549 557/557/557 548/548/548 
f 557/557/557 558/558/558 548/548/548 
f 548/548/548 558/558/558 547/547/547 
f 558/558/558 559/559/559 547/547/547 
f 547/547/547 559/559/559 546/546/546 
f 559/559/559 560/560/560 546/546/546 
f 546/546/546 560/560/560 545/545/545 
f 560/560/560 561/561/561 545/545/545 
f 545/545/545 561/561/561 544/544/544 
f 561/561/561 562/562/562 544/544/544 
f 544/544/544 562/562/562 543/543/543 
f 562/562/562 563/563/563 543/543/543 
f 543/543/543 563/563/563 542/542/542 
f 563/563/563 564/564/564 542/542/542 
f 542/542/542 564/564/564 541/541/541 
f 564/564/564 565/565/565 541/541/541 
f 541/541/541 565/565/565 540/540/540 
f 565/565/565 566/566/566 540/540/540 
f 540/540/540 566/566/566 539/539/539 
f 566/566/566 567/567/567 539/539/539 
f 539/539/539 567/567/567 538/538/538 
f 567/567/567 568/568/568 538/538/538 
f 538/538/538 568/568/568 537/537/537 
f 568/568/568 569/569/569 537/537/537 
f 537/537/537 569/569/569 536/536/536 
f 569/569/569 570/570/570 536/536/536 
f 536/536/536 570/570/570 535/535/535 
f 570/570/570 571/571/571 535/535/535 
f 535/535/535 571/571/571 534/534/534 
f 571/571/571 572/572/572 534/534/534 
f 534/534/534 572/572/572 533/533/533 
f 572/572/572 573/573/573 533/533/533 
f 533/533/533 573/573/573 532/532/532 
f 573/573/573 574/574/574 532/532/532 
f 532/532/532 574/574/574 531/531/531 
f 574/574/574 531/531/531 531/531/531 
f 531/531/531 531/531/531 574/574/574 
f 531/531/531 574/574/574 574/574/574 
f 574/574/574 574/574/574 575/575/575 
f 574/574/574 573/573/573 575/575/575 
f 575/575/575 573/573/573 576/576/576 
f 573/573/573 572/572/572 576/576/576 
f 576/576/576 572/572/572 577/577/577 
f 572/572/572 571/571/571 577/577/577 
f 577/577/577 571/571/571 578/578/578 
f 571/571/571 570/570/570 578/578/578 
f 578/578/578 570/570/570 579/579/579 
f 570/570/570 569/569/569 579/579/579 
f 579/579/579 569/569/569 580/580/580 
f 569/569/569 568/568/568 580/580/580 
f 580/580/580 568/568/568 581/581/581 
f 568/568/568 567/567/567 581/581/581 
f 581/581/581 567/567/567 582/582/582 
f 567/567/567 566/566/566 582/582/582 
f 582/582/582 566/566/566 583/583/583 
f 566/566/566 565/565/565 583/583/583 
f 583/583/583 565/565/565 584/584/584 
f 565/565/565 564/564/564 584/584/584 
f 584/584/584 564/564/564 585/585/585 
f 564/564/564 563/563/563 585/585/585 
f 585/585/585 563/563/563 586/586/586 
f 563/563/563 562/562/562 586/586/586 
f 586/586/586 562/562/562 587/587/587 
f 562/562/562 561/561/561 587/587/587 
f 587/587/587 561/561/561 588/588/588 
f 561/561/561 560/560/560 588/588/588 
f 588/588/588 560/560/560 589/589/589 
f 560/560/560 559/559/559 589/589/589 
f 589/589/589 559/559/559 590/590/590 
f 559/559/559 558/558/558 590/590/590 
f 590/590/590 558/558/558 591/591/591 
f 558/558/558 557/557/557 591/591/591 
f 591/591/591 557/557/557 592/592/592 
f 557/557/557 556/556/556 592/592/592 
f 592/592/592 556/556/556 593/593/593 
f 556/556/556 555/555/555 593/593/593 
f 593/593/593 555/555/555 594/594/594 
f 555/555/555 553/553/553 594/594/594 
f 594/594/594 553/553/553 595/595/595 
f 553/553/553 554/554/554 595/595/595 
f 595/595/595 554/554/554 595/595/595 
f 554/554/554 596/596/596 595/595/595 
f 595/595/595 596/596/596 597/597/597 
f 596/596/596 598/598/598 597/597/597 
f 597/597/597 598/598/598 598/598/598 
f 598/598/598 597/597/597 598/598/598 
f 598/598/598 597/597/597 597/597/597 
f 597/597/597 599/599/599 597/597/597 
f 597/597/597 599/599/599 595/595/595 
f 599/599/599 599/599/599 595/595/595 
f 595/595/595 599/599/599 594/594/594 
f 599/599/599 600/600/600 594/594/594 
f 594/594/594 600/600/600 593/593/593 
f 600/600/600 601/601/601 593/593/593 
f 593/593/593 601/601/601 592/592/592 
f 601/601/601 602/602/602 592/592/592 
f 592/592/592 602/602/602 591/591/591 
f 602/602/602 603/603/603 591/591/591 
f 591/591/591 603/603/603 590/590/590 
f 603/603/603 604/604/604 590/590/590 
f 590/590/590 604/604/604 589/589/589 
f 604/604/604 605/605/605 589/589/589 
f 589/589/589 605/605/605 588/588/588 
f 605/605/605 606/606/606 588/588/588 
f 588/588/588 606/606/606 587/587/587 
f 606/606/606 607/607/607 587/587/587 
f 587/587/587 607/607/607 586/586/586 
f 607/607/607 608/608/608 586/586/586 
f 586/586/586 608/608/608 585/585/585 
f 608/608/608 609/609/609 585/585/585 
f 585/585/585 609/609/609 584/584/584 
f 609/609/609 610/610/610 584/584/584 
f 584/584/584 610/610/610 583/583/583 
f 610/610/610 611/611/611 583/583/583 
f 583/583/583 611/611/611 582/582/582 
f 611/611/611 612/612/612 582/582/582 
f 582/582/582 612/612/612 581/581/581 
f 612/612/612 613/613/613 581/581/581 
f 581/581/581 613/613/613 580/580/580 
f 613/613/613 614/614/614 580/580/580 
f 580/580/580 614/614/614 579/579/579 
f 614/614/614 615/615/615 579/579/579 
f 579/579/579 615/615/615 578/578/578 
f 615/615/615 616/616/616 578/578/578 
f 578/578/578 616/616/616 577/577/577 
f 616/616/616 617/617/617 577/577/577 
f 577/577/577 617/617/617 576/576/576 
f 617/617/617 618/618/618 576/576/576 
f 576/576/576 618/618/618 575/575/575 
f 618/618/618 575/575/575 575/575/575 
f 575/575/575 575/575/575 618/618/618 
f 575/575/575 618/618/618 618/618/618 
f 618/618/618 618/618/618 619/619/619 
f 618/618/618 617/617/617 619/619/619 
f 619/619/619 617/617/617 620/620/620 
f 617/617/617 616/616/616 620/620/620 
f 620/620/620 616/616/616 621/621/621 
f 616/616/616 615/615/615 621/621/621 
f 621/621/621 615/615/615 622/622/622 
f 615/615/615 614/614/614 622/622/622 
f 622/622/622 614/614/614 623/623/623 
f 614/614/614 613/613/613 623/623/623 
f 623/623/623 613/613/613 624/624/624 
f 613/613/613 612/612/612 624/624/624 
f 624/624/624 612/612/612 625/625/625 
f 612/612/612 611/611/611 625/625/625 
f 625/625/625 611/611/611 626/626/626 
f 611/611/611 610/610/610 626/626/626 
f 626/626/626 610/610/610 627/627/627 
f 610/610/610 609/609/609 627/627/627 
f 627/627/627 609/609/609 628/628/628 
f 609/609/609 608/608/608 628/628/628 
f 628/628/628 608/608/608 629/629/629 
f 608/608/608 607/607/607 629/629/629 
f 629/629/629 607/607/607 630/630/630 
f 607/607/607 606/606/606 630/630/630 
f 630/630/630 606/606/606 631/631/631 
f 606/606/606 605/605/605 631/631/631 
f 631/631/631 605/605/605 632/632/632 
f 605/605/605 604/604/604 632/632/632 
f 632/632/632 604/604/604 633/633/633 
f 604/604/604 603/603/603 633/633/633 
f 633/633/633 603/603/603 634/634/634 
f 603/603/603 602/602/602 634/634/634 
f 634/634/634 602/602/602 635/635/635 
f 602/602/602 601/601/601 635/635/635 
f 635/635/635 601/601/601 636/636/636 
f 601/601/601 600/600/600 636/636/636 
f 636/636/636 600/600/600 637/637/637 
f 600/600/600 599/599/599 637/637/637 
f 637/637/637 599/599/599 638/638/638 
f 599/599/599 597/597/597 638/638/638 
f 638/638/638 597/597/597 639/639/639 
f 597/597/597 598/598/598 639/639/639 
f 639/639/639 598/598/598 639/639/639 
f 598/598/598 640/640/640 639/639/639 
f 639/639/639 640/640/640 641/641/641 
f 640/640/640 642/642/642 641/641/641 
f 641/641/641 642/642/642 642/642/642 
f 642/642/642 641/641/641 642/642/642 
f 642/642/642 641/641/641 641/641/641 
f 641/641/641 643/643/643 641/641/641 
f 641/641/641 643/643/643 639/639/639 
f 643/643/643 643/643/643 639/639/639 
f 639/639/639 643/643/643 638/638/638 
f 643/643/643 644/644/644 638/638/638 
f 638/638/638 644/644/644 637/637/637 
f 644/644/644 645/645/645 637/637/637 
f 637/637/637 645/645/645 636/636/636 
f 645/645/645 646/646/646 636/636/636 
f 636/636/636 646/646/646 635/635/635 
f 646/646/646 647/647/647 635/635/635 
f 635/635/635 647/647/647 634/634/634 
f 647/647/647 648/648/648 634/634/634 
f 634/634/634 648/648/648 633/633/633 
f 648/648/648 649/649/649 633/633/633 
f 633/633/633 649/649/649 632/632/632 
f 649/649/649 650/650/650 632/632/632 
f 632/632/632 650/650/650 631/631/631 
f 650/650/650 651/651/651 631/631/631 
f 631/631/631 651/651/651 630/630/630 
f 651/651/651 652/652/652 630/630/630 
f 630/630/630 652/652/652 629/629/629 
f 652/652/652 653/653/653 629/629/629 
f 629/629/629 653/653/653 628/628/628 
f 653/653/653 654/654/654 628/628/628 
f 628/628/628 654/654/654 627/627/627 
f 654/654/654 655/655/655 627/627/627 
f 627/627/627 655/655/655 626/626/626 
f 655/655/655 656/656/656 626/626/626 
f 626/626/626 656/656/656 625/625/625 
f 656/656/656 657/657/657 625/625/625 
f 625/625/625 657/657/657 624/624/624 
f 657/657/657 658/658/658 624/624/624 
f 624/624/624 658/658/658 623/623/623 
f 658/658/658 659/659/659 623/623/623 
f 623/623/623 659/659/659 622/622/622 
f 659/659/659 660/660/660 622/622/622 
f 622/622/622 660/660/660 621/621/621 
f 660/660/660 661/661/661 621/621/621 
f 621/621/621 661/661/661 620/620/620 
f 661/661/661 662/662/662 620/620/620 
f 620/620/620 662/662/662 619/619/619 
f 662/662/662 619/619/619 619/619/619 
f 619/619/619 619/619/619 662/662/662 
f 619/619/619 662/662/662 662/662/662 
f 662/662/662 662/662/662 663/663/663 
f 662/662/662 661/661/661 663/663/663 
f 663/663/663 661/661/661 664/664/664 
f 661/661/661 660/660/660 664/664/664 
f 664/664/664 660/660/660 665/665/665 
f 660/660/660 659/659/659 665/665/665 
f 665/665/665 659/659/659 666/666/666 
f 659/659/659 658/658/658 666/666/666 
f 666/666/666 658/658/658 667/667/667 
f 658/658/658 657/657/657 667/667/667 
f 667/667/667 657/657/657 668/668/668 
f 657/657/657 656/656/656 668/668/668 
f 668/668/668 656/656/656 669/669/669 
f 656/656/656 655/655/655 669/669/669 
f 669/669/669 655/655/655 670/670/670 
f 655/655/655 654/654/654 670/670/670 
f 670/670/670 654/654/654 671/671/671 
f 654/654/654 653/653/653 671/671/671 
f 671/671/671 653/653/653 672/672/672 
f 653/653/653 652/652/652 672/672/672 
f 672/672/672 652/652/652 673/673/673 
f 652/652/652 651/651/651 673/673/673 
f 673/673/673 651/651/651 674/674/674 
f 651/651/651 650/650/650 674/674/674 
f 674/674/674 650/650/650 675/675/675 
f 650/650/650 649/649/649 675/675/675 
f 675/675/675 649/649/649 676/676/676 
f 649/649/649 648/648/648 676/676/676 
f 676/676/676 648/648/648 677/677/677 
f 648/648/648 647/647/647 677/677/677 
f 677/677/677 647/647/647 678/678/678 
f 647/647/647 646/646/646 678/678/678 
f 678/678/678 646/646/646 679/679/679 
f 646/646/646 645/645/645 679/679/679 
f 679/679/679 645/645/645 680/680/680 
f 645/645/645 644/644/644 680/680/680 
f 680/680/680 644/644/644 681/681/681 
f 644/644/644 643/643/643 681/681/681 
f 681/681/681 643/643/643 682/682/682 
f 643/643/643 641/641/641 682/682/682 
f 682/682/682 641/641/641 683/683/683 
f 641/641/641 642/642/642 683/683/683 
f 683/683/683 642/642/642 683/683/683 
f 642/642/642 233/233/233 683/683/683 
f 683/683/683 233/233/233 683/683/683 
f 233/233/233 232/232/232 683/683/683 
f 683/683/683 232/232/232 683/683/683 
f 232/232/232 234/234/234 683/683/683 
f 683/683/683 234/234/234 682/682/682 
f 234/234/234 235/235/235 682/682/682 
f 682/682/682 235/235/235 681/681/681 
f 235/235/235 236/236/236 681/681/681 
f 681/681/681 236/236/236 680/680/680 
f 236/236/236 237/237/237 680/680/680 
f 680/680/680 237/237/237 679/679/679 
f 237/237/237 238/238/238 679/679/679 
f 679/679/679 238/238/238 678/678/678 
f 238/238/238 239/239/239 678/678/678 
f 678/678/678 239/239/239 677/677/677 
f 239/239/239 240/240/240 677/677/677 
f 677/677/677 240/240/240 676/676/676 
f 240/240/240 241/241/241 676/676/676 
f 676/676/676 241/241/241 675/675/675 
f 241/241/241 242/242/242 675/675/675 
f 675/675/675 242/242/242 674/674/674 
f 242/242/242 243/243/243 674/674/674 
f 674/674/674 243/243/243 673/673/673 
f 243/243/243 244/244/244 673/673/673 
f 673/673/673 244/244/244 672/672/672 
f 244/244/244 245/245/245 672/672/672 
f 672/672/672 245/245/245 671/671/671 
f 245/245/245 246/246/246 671/671/671 
f 671/671/671 246/246/246 670/670/670 
f 246/246/246 247/247/247 670/670/670 
f 670/670/670 247/247/247 669/669/669 
f 247/247/247 684/684/684 669/669/669 
f 669/669/669 684/684/684 668/668/668 
f 684/684/684 668/668/668 668/668/668 
f 668/668/668 668/668/668 247/247/247 
f 668/668/668 247/247/247 247/247/247 
f 247/247/247 247/247/247 684/684/684 
f 247/247/247 248/248/248 684/684/684 
f 684/684/684 248/248/248 685/685/685 
f 248/248/248 249/249/249 685/685/685 
f 685/685/685 249/249/249 686/686/686 
f 249/249/249 250/250/250 686/686/686 
f 686/686/686 250/250/250 687/687/687 
f 250/250/250 251/251/251 687/687/687 
f 687/687/687 251/251/251 688/688/688 
f 251/251/251 252/252/252 688/688/688 
f 688/688/688 252/252/252 689/689/689 
f 252/252/252 253/253/253 689/689/689 
f 689/689/689 253/253/253 690/690/690 
f 253/253/253 253/253/253 690/690/690 
f 690/690/690 253/253/253 691/691/691 
f 253/253/253 254/254/254 691/691/691 
f 691/691/691 254/254/254 692/692/692 
f 254/254/254 255/255/255 692/692/692 
f 692/692/692 255/255/255 693/693/693 
f 255/255/255 256/256/256 693/693/693 
f 693/693/693 256/256/256 694/694/694 
f 256/256/256 257/257/257 694/694/694 
f 694/694/694 257/257/257 695/695/695 
f 257/257/257 258/258/258 695/695/695 
f 695/695/695 258/258/258 696/696/696 
f 258/258/258 259/259/259 696/696/696 
f 696/696/696 259/259/259 697/697/697 
f 259/259/259 260/260/260 697/697/697 
f 697/697/697 260/260/260 698/698/698 
f 260/260/260 261/261/261 698/698/698 
f 698/698/698 261/261/261 699/699/699 
f 261/261/261 262/262/262 699/699/699 
f 699/699/699 262/262/262 700/700/700 
f 262/262/262 263/263/263 700/700/700 
f 700/700/700 263/263/263 701/701/701 
f 263/263/263 264/264/264 701/701/701 
f 701/701/701 264/264/264 702/702/702 
f 264/264/264 398/398/398 702/702/702 
f 702/702/702 398/398/398 703/703/703 
f 398/398/398 399/399/399 703/703/703 
f 703/703/703 399/399/399 704/704/704 
f 399/399/399 442/442/442 704/704/704 
f 704/704/704 442/442/442 705/705/705 
f 442/442/442 443/443/443 705/705/705 
f 705/705/705 443/443/443 706/706/706 
f 443/443/443 486/486/486 706/706/706 
f 706/706/706 486/486/486 707/707/707 
f 486/486/486 487/487/487 707/707/707 
f 707/707/707 487/487/487 708/708/708 
f 487/487/487 530/530/530 708/708/708 
f 708/708/708 530/530/530 709/709/709 
f 530/530/530 531/531/531 709/709/709 
f 709/709/709 531/531/531 710/710/710 
f 531/531/531 574/574/574 710/710/710 
f 710/710/710 574/574/574 711/711/711 
f 574/574/574 575/575/575 711/711/711 
f 711/711/711 575/575/575 712/712/712 
f 575/575/575 618/618/618 712/712/712 
f 712/712/712 618/618/618 713/713/713 
f 618/618/618 619/619/619 713/713/713 
f 713/713/713 619/619/619 714/714/714 
f 619/619/619 662/662/662 714/714/714 
f 714/714/714 662/662/662 715/715/715 
f 662/662/662 663/663/663 715/715/715 
f 715/715/715 663/663/663 716/716/716 
f 663/663/663 663/663/663 716/716/716 
f 716/716/716 663/663/663 717/717/717 
f 663/663/663 664/664/664 717/717/717 
f 717/717/717 664/664/664 718/718/718 
f 664/664/664 665/665/665 718/718/718 
f 718/718/718 665/665/665 719/719/719 
f 665/665/665 666/666/666 719/719/719 
f 719/719/719 666/666/666 720/720/720 
f 666/666/666 667/667/667 720/720/720 
f 720/720/720 667/667/667 721/721/721 
f 667/667/667 668/668/668 721/721/721 
f 721/721/721 668/668/668 721/721/721 
f 668/668/668 684/684/684 721/721/721 
f 721/721/721 684/684/684 721/721/721 
f 684/684/684 685/685/685 721/721/721 
f 721/721/721 685/685/685 722/722/722 
f 685/685/685 686/686/686 722/722/722 
f 722/722/722 686/686/686 723/723/723 
f 686/686/686 687/687/687 723/723/723 
f 723/723/723 687/687/687 724/724/724 
f 687/687/687 688/688/688 724/724/724 
f 724/724/724 688/688/688 725/725/725 
f 688/688/688 689/689/689 725/725/725 
f 725/725/725 689/689/689 726/726/726 
f 689/689/689 690/690/690 726/726/726 
f 726/726/726 690/690/690 727/727/727 
f 690/690/690 690/690/690 727/727/727 
f 727/727/727 690/690/690 728/728/728 
f 690/690/690 691/691/691 728/728/728 
f 728/728/728 691/691/691 729/729/729 
f 691/691/691 692/692/692 729/729/729 
f 729/729/729 692/692/692 730/730/730 
f 692/692/692 693/693/693 730/730/730 
f 730/730/730 693/693/693 731/731/731 
f 693/693/693 694/694/694 731/731/731 
f 731/731/731 694/694/694 732/732/732 
f 694/694/694 695/695/695 732/732/732 
f 732/732/732 695/695/695 733/733/733 
f 695/695/695 696/696/696 733/733/733 
f 733/733/733 696/696/696 734/734/734 
f 696/696/696 697/697/697 734/734/734 
f 734/734/734 697/697/697 735/735/735 
f 697/697/697 698/698/698 735/735/735 
f 735/735/735 698/698/698 736/736/736 
f 698/698/698 699/699/699 736/736/736 
f 736/736/736 699/699/699 737/737/737 
f 699/699/699 700/700/700 737/737/737 
f 737/737/737 700/700/700 738/738/738 
f 700/700/700 701/701/701 738/738/738 
f 738/738/738 701/701/701 739/739/739 
f 701/701/701 702/702/702 739/739/739 
f 739/739/739 702/702/702 740/740/740 
f 702/702/702 703/703/703 740/740/740 
f 740/740/740 703/703/703 741/741/741 
f 703/703/703 704/704/704 741/741/741 
f 741/741/741 704/704/704 742/742/742 
f 704/704/704 705/705/705 742/742/742 
f 742/742/742 705/705/705 743/743/743 
f 705/705/705 706/706/706 743/743/743 
f 743/743/743 706/706/706 744/744/744 
f 706/706/706 707/707/707 744/744/744 
f 744/744/744 707/707/707 745/745/745 
f 707/707/707 708/708/708 745/745/745 
f 745/745/745 708/708/708 746/746/746 
f 708/708/708 709/709/709 746/746/746 
f 746/746/746 709/709/709 747/747/747 
f 709/709/709 710/710/710 747/747/747 
f 747/747/747 710/710/710 748/748/748 
f 710/710/710 711/711/711 748/748/748 
f 748/748/748 711/711/711 749/749/749 
f 711/711/711 712/712/712 749/749/749 
f 749/749/749 712/712/712 750/750/750 
f 712/712/712 713/713/713 750/750/750 
f 750/750/750 713/713/713 751/751/751 
f 713/713/713 714/714/714 751/751/751 
f 751/751/751 714/714/714 752/752/752 
f 714/714/714 715/715/715 752/752/752 
f 752/752/752 715/715/715 753/753/753 
f 715/715/715 716/716/716 753/753/753 
f 753/753/753 716/716/716 754/754/754 
f 716/716/716 755/755/755 754/754/754 
f 754/754/754 755/755/755 756/756/756 
f 755/755/755 757/757/757 756/756/756 
f 756/756/756 757/757/757 758/758/758 
f 757/757/757 758/758/758 758/758/758 
f 758/758/758 758/758/758 721/721/721 
f 758/758/758 721/721/721 721/721/721 
f 721/721/721 721/721/721 720/720/720 
f 721/721/721 722/722/722 720/720/720 
f 720/720/720 722/722/722 759/759/759 
f 722/722/722 723/723/723 759/759/759 
f 759/759/759 723/723/723 723/723/723 
f 723/723/723 720/720/720 723/723/723 
f 723/723/723 720/720/720 720/720/720 
f 720/720/720 759/759/759 720/720/720 
f 720/720/720 759/759/759 719/719/719 
f 759/759/759 760/760/760 719/719/719 
f 719/719/719 760/760/760 718/718/718 
f 760/760/760 761/761/761 718/718/718 
f 718/718/718 761/761/761 717/717/717 
f 761/761/761 755/755/755 717/717/717 
f 717/717/717 755/755/755 716/716/716 
f 755/755/755 716/716/716 716/716/716 
f 716/716/716 716/716/716 761/761/761 
f 716/716/716 761/761/761 761/761/761 
f 761/761/761 761/761/761 755/755/755 
f 761/761/761 757/757/757 755/755/755 
f 755/755/755 757/757/757 757/757/757 
f 757/757/757 760/760/760 757/757/757 
f 757/757/757 760/760/760 760/760/760 
f 760/760/760 759/759/759 760/760/760 
f 760/760/760 759/759/759 762/762/762 
f 759/759/759 723/723/723 762/762/762 
f 762/762/762 723/723/723 762/762/762 
f 723/723/723 724/724/724 762/762/762 
f 762/762/762 724/724/724 763/763/763 
f 724/724/724 725/725/725 763/763/763 
f 763/763/763 725/725/725 764/764/764 
f 725/725/725 726/726/726 764/764/764 
f 764/764/764 726/726/726 765/765/765 
f 726/726/726 727/727/727 765/765/765 
f 765/765/765 727/727/727 727/727/727 
f 727/727/727 765/765/765 727/727/727 
f 727/727/727 765/765/765 765/765/765 
f 765/765/765 766/766/766 765/765/765 
f 765/765/765 766/766/766 764/764/764 
f 766/766/766 767/767/767 764/764/764 
f 764/764/764 767/767/767 763/763/763 
f 767/767/767 768/768/768 763/763/763 
f 763/763/763 768/768/768 762/762/762 
f 768/768/768 768/768/768 762/762/762 
f 762/762/762 768/768/768 760/760/760 
f 768/768/768 768/768/768 760/760/760 
f 760/760/760 768/768/768 761/761/761 
f 768/768/768 768/768/768 761/761/761 
f 761/761/761 768/768/768 757/757/757 
f 768/768/768 767/767/767 757/757/757 
f 757/757/757 767/767/767 758/758/758 
f 767/767/767 766/766/766 758/758/758 
f 758/758/758 766/766/766 766/766/766 
f 766/766/766 769/769/769 766/766/766 
f 766/766/766 769/769/769 769/769/769 
f 769/769/769 770/770/770 769/769/769 
f 769/769/769 770/770/770 771/771/771 
f 770/770/770 772/772/772 771/771/771 
f 771/771/771 772/772/772 773/773/773 
f 772/772/772 774/774/774 773/773/773 
f 773/773/773 774/774/774 775/775/775 
f 774/774/774 776/776/776 775/775/775 
f 775/775/775 776/776/776 777/777/777 
f 776/776/776 778/778/778 777/777/777 
f 777/777/777 778/778/778 779/779/779 
f 778/778/778 780/780/780 779/779/779 
f 779/779/779 780/780/780 781/781/781 
f 780/780/780 782/782/782 781/781/781 
f 781/781/781 782/782/782 783/783/783 
f 782/782/782 784/784/784 783/783/783 
f 783/783/783 784/784/784 785/785/785 
f 784/784/784 786/786/786 785/785/785 
f 785/785/785 786/786/786 787/787/787 
f 786/786/786 788/788/788 787/787/787 
f 787/787/787 788/788/788 789/789/789 
f 788/788/788 790/790/790 789/789/789 
f 789/789/789 790/790/790 791/791/791 
f 790/790/790 792/792/792 791/791/791 
f 791/791/791 792/792/792 793/793/793 
f 792/792/792 794/794/794 793/793/793 
f 793/793/793 794/794/794 795/795/795 
f 794/794/794 796/796/796 795/795/795 
f 795/795/795 796/796/796 797/797/797 
f 796/796/796 798/798/798 797/797/797 
f 797/797/797 798/798/798 799/799/799 
f 798/798/798 800/800/800 799/799/799 
f 799/799/799 800/800/800 801/801/801 
f 800/800/800 802/802/802 801/801/801 
f 801/801/801 802/802/802 803/803/803 
f 802/802/802 804/804/804 803/803/803 
f 803/803/803 804/804/804 805/805/805 
f 804/804/804 806/806/806 805/805/805 
f 805/805/805 806/806/806 807/807/807 
f 806/806/806 808/808/808 807/807/807 
f 807/807/807 808/808/808 809/809/809 
f 808/808/808 810/810/810 809/809/809 
f 809/809/809 810/810/810 811/811/811 
f 810/810/810 812/812/812 811/811/811 
f 811/811/811 812/812/812 813/813/813 
f 812/812/812 814/814/814 813/813/813 
f 813/813/813 814/814/814 815/815/815 
f 814/814/814 816/816/816 815/815/815 
f 815/815/815 816/816/816 817/817/817 
f 816/816/816 818/818/818 817/817/817 
f 817/817/817 818/818/818 819/819/819 
f 818/818/818 820/820/820 819/819/819 
f 819/819/819 820/820/820 821/821/821 
f 820/820/820 822/822/822 821/821/821 
f 821/821/821 822/822/822 823/823/823 
f 822/822/822 824/824/824 823/823/823 
f 823/823/823 824/824/824 825/825/825 
f 824/824/824 826/826/826 825/825/825 
f 825/825/825 826/826/826 827/827/827 
f 826/826/826 828/828/828 827/827/827 
f 827/827/827 828/828/828 829/829/829 
f 828/828/828 830/830/830 829/829/829 
f 829/829/829 830/830/830 831/831/831 
f 830/830/830 832/832/832 831/831/831 
f 831/831/831 832/832/832 769/769/769 
f 832/832/832 832/832/832 769/769/769 
f 769/769/769 832/832/832 770/770/770 
f 832/832/832 833/833/833 770/770/770 
f 770/770/770 833/833/833 770/770/770 
f 833/833/833 834/834/834 770/770/770 
f 770/770/770 834/834/834 772/772/772 
f 834/834/834 835/835/835 772/772/772 
f 772/772/772 835/835/835 774/774/774 
f 835/835/835 836/836/836 774/774/774 
f 774/774/774 836/836/836 776/776/776 
f 836/836/836 837/837/837 776/776/776 
f 776/776/776 837/837/837 778/778/778 
f 837/837/837 838/838/838 778/778/778 
f 778/778/778 838/838/838 780/780/780 
f 838/838/838 839/839/839 780/780/780 
f 780/780/780 839/839/839 782/782/782 
f 839/839/839 840/840/840 782/782/782 
f 782/782/782 840/840/840 784/784/784 
f 840/840/840 841/841/841 784/784/784 
f 784/784/784 841/841/841 786/786/786 
f 841/841/841 842/842/842 786/786/786 
f 786/786/786 842/842/842 788/788/788 
f 842/842/842 843/843/843 788/788/788 
f 788/788/788 843/843/843 790/790/790 
f 843/843/843 844/844/844 790/790/790 
f 790/790/790 844/844/844 792/792/792 
f 844/844/844 845/845/845 792/792/792 
f 792/792/792 845/845/845 794/794/794 
f 845/845/845 846/846/846 794/794/794 
f 794/794/794 846/846/846 796/796/796 
f 846/846/846 847/847/847 796/796/796 
f 796/796/796 847/847/847 798/798/798 
f 847/847/847 798/798/798 798/798/798 
f 798/798/798 798/798/798 844/844/844 
f 798/798/798 844/844/844 844/844/844 
f 844/844/844 844/844/844 845/845/845 
f 844/844/844 843/843/843 845/845/845 
f 845/845/845 843/843/843 845/845/845 
f 843/843/843 842/842/842 845/845/845 
f 845/845/845 842/842/842 846/846/846 
f 842/842/842 841/841/841 846/846/846 
f 846/846/846 841/841/841 847/847/847 
f 841/841/841 840/840/840 847/847/847 
f 847/847/847 840/840/840 848/848/848 
f 840/840/840 839/839/839 848/848/848 
f 848/848/848 839/839/839 849/849/849 
f 839/839/839 838/838/838 849/849/849 
f 849/849/849 838/838/838 850/850/850 
f 838/838/838 837/837/837 850/850/850 
f 850/850/850 837/837/837 850/850/850 
f 837/837/837 851/851/851 850/850/850 
f 850/850/850 851/851/851 850/850/850 
f 851/851/851 804/804/804 850/850/850 
f 850/850/850 804/804/804 850/850/850 
f 804/804/804 802/802/802 850/850/850 
f 850/850/850 802/802/802 849/849/849 
f 802/802/802 800/800/800 849/849/849 
f 849/849/849 800/800/800 848/848/848 
f 800/800/800 798/798/798 848/848/848 
f 848/848/848 798/798/798 847/847/847 
f 798/798/798 847/847/847 847/847/847 
f 847/847/847 847/847/847 837/837/837 
f 847/847/847 837/837/837 837/837/837 
f 837/837/837 837/837/837 851/851/851 
f 837/837/837 836/836/836 851/851/851 
f 851/851/851 836/836/836 852/852/852 
f 836/836/836 835/835/835 852/852/852 
f 852/852/852 835/835/835 853/853/853 
f 835/835/835 834/834/834 853/853/853 
f 853/853/853 834/834/834 853/853/853 
f 834/834/834 854/854/854 853/853/853 
f 853/853/853 854/854/854 810/810/810 
f 854/854/854 854/854/854 810/810/810 
f 810/810/810 854/854/854 812/812/812 
f 854/854/854 855/855/855 812/812/812 
f 812/812/812 855/855/855 814/814/814 
f 855/855/855 814/814/814 814/814/814 
f 814/814/814 814/814/814 804/804/804 
f 814/814/814 804/804/804 804/804/804 
f 804/804/804 804/804/804 806/806/806 
f 804/804/804 851/851/851 806/806/806 
f 806/806/806 851/851/851 806/806/806 
f 851/851/851 852/852/852 806/806/806 
f 806/806/806 852/852/852 808/808/808 
f 852/852/852 853/853/853 808/808/808 
f 808/808/808 853/853/853 810/810/810 
f 853/853/853 810/810/810 810/810/810 
f 810/810/810 810/810/810 834/834/834 
f 810/810/810 834/834/834 834/834/834 
f 834/834/834 834/834/834 854/854/854 
f 834/834/834 833/833/833 854/854/854 
f 854/854/854 833/833/833 855/855/855 
f 833/833/833 856/856/856 855/855/855 
f 855/855/855 856/856/856 857/857/857 
f 856/856/856 856/856/856 857/857/857 
f 857/857/857 856/856/856 858/858/858 
f 856/856/856 830/830/830 858/858/858 
f 858/858/858 830/830/830 828/828/828 
f 830/830/830 828/828/828 828/828/828 
f 828/828/828 828/828/828 833/833/833 
f 828/828/828 833/833/833 833/833/833 
f 833/833/833 833/833/833 856/856/856 
f 833/833/833 832/832/832 856/856/856 
f 856/856/856 832/832/832 830/830/830 
f 832/832/832 830/830/830 830/830/830 
f 830/830/830 830/830/830 855/855/855 
f 830/830/830 855/855/855 855/855/855 
f 855/855/855 855/855/855 814/814/814 
f 855/855/855 857/857/857 814/814/814 
f 814/814/814 857/857/857 816/816/816 
f 857/857/857 859/859/859 816/816/816 
f 816/816/816 859/859/859 818/818/818 
f 859/859/859 818/818/818 818/818/818 
f 818/818/818 818/818/818 857/857/857 
f 818/818/818 857/857/857 857/857/857 
f 857/857/857 857/857/857 859/859/859 
f 857/857/857 858/858/858 859/859/859 
f 859/859/859 858/858/858 860/860/860 
f 858/858/858 828/828/828 860/860/860 
f 860/860/860 828/828/828 860/860/860 
f 828/828/828 826/826/826 860/860/860 
f 860/860/860 826/826/826 861/861/861 
f 826/826/826 824/824/824 861/861/861 
f 861/861/861 824/824/824 862/862/862 
f 824/824/824 822/822/822 862/862/862 
f 862/862/862 822/822/822 863/863/863 
f 822/822/822 820/820/820 863/863/863 
f 863/863/863 820/820/820 864/864/864 
f 820/820/820 818/818/818 864/864/864 
f 864/864/864 818/818/818 864/864/864 
f 818/818/818 859/859/859 864/864/864 
f 864/864/864 859/859/859 864/864/864 
f 859/859/859 860/860/860 864/864/864 
f 864/864/864 860/860/860 864/864/864 
f 860/860/860 861/861/861 864/864/864 
f 864/864/864 861/861/861 863/863/863 
f 861/861/861 862/862/862 863/863/863 
f 863/863/863 862/862/862 862/862/862 
f 862/862/862 865/865/865 862/862/862 
f 862/862/862 865/865/865 865/865/865 
f 865/865/865 866/866/866 865/865/865 
f 865/865/865 866/866/866 867/867/867 
f 866/866/866 868/868/868 867/867/867 
f 867/867/867 868/868/868 869/869/869 
f 868/868/868 870/870/870 869/869/869 
f 869/869/869 870/870/870 871/871/871 
f 870/870/870 872/872/872 871/871/871 
f 871/871/871 872/872/872 873/873/873 
f 872/872/872 874/874/874 873/873/873 
f 873/873/873 874/874/874 875/875/875 
f 874/874/874 876/876/876 875/875/875 
f 875/875/875 876/876/876 877/877/877 
f 876/876/876 878/878/878 877/877/877 
f 877/877/877 878/878/878 879/879/879 
f 878/878/878 880/880/880 879/879/879 
f 879/879/879 880/880/880 881/881/881 
f 880/880/880 882/882/882 881/881/881 
f 881/881/881 882/882/882 883/883/883 
f 882/882/882 884/884/884 883/883/883 
f 883/883/883 884/884/884 885/885/885 
f 884/884/884 886/886/886 885/885/885 
f 885/885/885 886/886/886 887/887/887 
f 886/886/886 888/888/888 887/887/887 
f 887/887/887 888/888/888 889/889/889 
f 888/888/888 890/890/890 889/889/889 
f 889/889/889 890/890/890 891/891/891 
f 890/890/890 892/892/892 891/891/891 
f 891/891/891 892/892/892 893/893/893 
f 892/892/892 894/894/894 893/893/893 
f 893/893/893 894/894/894 895/895/895 
f 894/894/894 896/896/896 895/895/895 
f 895/895/895 896/896/896 897/897/897 
f 896/896/896 898/898/898 897/897/897 
f 897/897/897 898/898/898 899/899/899 
f 898/898/898 900/900/900 899/899/899 
f 899/899/899 900/900/900 901/901/901 
f 900/900/900 902/902/902 901/901/901 
f 901/901/901 902/902/902 903/903/903 
f 902/902/902 904/904/904 903/903/903 
f 903/903/903 904/904/904 905/905/905 
f 904/904/904 906/906/906 905/905/905 
f 905/905/905 906/906/906 907/907/907 
f 906/906/906 908/908/908 907/907/907 
f 907/907/907 908/908/908 909/909/909 
f 908/908/908 910/910/910 909/909/909 
f 909/909/909 910/910/910 911/911/911 
f 910/910/910 912/912/912 911/911/911 
f 911/911/911 912/912/912 913/913/913 
f 912/912/912 914/914/914 913/913/913 
f 913/913/913 914/914/914 915/915/915 
f 914/914/914 916/916/916 915/915/915 
f 915/915/915 916/916/916 917/917/917 
f 916/916/916 918/918/918 917/917/917 
f 917/917/917 918/918/918 919/919/919 
f 918/918/918 920/920/920 919/919/919 
f 919/919/919 920/920/920 921/921/921 
f 920/920/920 922/922/922 921/921/921 
f 921/921/921 922/922/922 923/923/923 
f 922/922/922 924/924/924 923/923/923 
f 923/923/923 924/924/924 925/925/925 
f 924/924/924 926/926/926 925/925/925 
f 925/925/925 926/926/926 927/927/927 
f 926/926/926 928/928/928 927/927/927 
f 927/927/927 928/928/928 865/865/865 
f 928/928/928 866/866/866 865/865/865 
f 865/865/865 866/866/866 866/866/866 
f 866/866/866 929/929/929 866/866/866 
f 866/866/866 929/929/929 929/929/929 
f 929/929/929 930/930/930 929/929/929 
f 929/929/929 930/930/930 931/931/931 
f 930/930/930 932/932/932 931/931/931 
f 931/931/931 932/932/932 933/933/933 
f 932/932/932 932/932/932 933/933/933 
f 933/933/933 932/932/932 934/934/934 
f 932/932/932 935/935/935 934/934/934 
f 934/934/934 935/935/935 934/934/934 
f 935/935/935 936/936/936 934/934/934 
f 934/934/934 936/936/936 937/937/937 
f 936/936/936 938/938/938 937/937/937 
f 937/937/937 938/938/938 939/939/939 
f 938/938/938 940/940/940 939/939/939 
f 939/939/939 940/940/940 941/941/941 
f 940/940/940 942/942/942 941/941/941 
f 941/941/941 942/942/942 943/943/943 
f 942/942/942 944/944/944 943/943/943 
f 943/943/943 944/944/944 945/945/945 
f 944/944/944 944/944/944 945/945/945 
f 945/945/945 944/944/944 946/946/946 
f 944/944/944 947/947/947 946/946/946 
f 946/946/946 947/947/947 946/946/946 
f 947/947/947 948/948/948 946/946/946 
f 946/946/946 948/948/948 949/949/949 
f 948/948/948 950/950/950 949/949/949 
f 949/949/949 950/950/950 951/951/951 
f 950/950/950 952/952/952 951/951/951 
f 951/951/951 952/952/952 953/953/953 
f 952/952/952 954/954/954 953/953/953 
f 953/953/953 954/954/954 955/955/955 
f 954/954/954 956/956/956 955/955/955 
f 955/955/955 956/956/956 957/957/957 
f 956/956/956 958/958/958 957/957/957 
f 957/957/957 958/958/958 959/959/959 
f 958/958/958 960/960/960 959/959/959 

