# Blender 4.5.5 LTS
# www.blender.org
mtllib cathat2.mtl
o model_3
v 0.489991 6.413807 -1.518076
v 0.520744 6.434394 -1.508808
v 0.558733 6.329399 -1.541016
v 0.558733 6.443316 -1.499771
v 0.588581 6.439884 -1.492588
v 0.625666 6.426846 -1.487259
v 0.656418 6.388416 -1.493051
v 0.681744 6.339693 -1.505100
v 0.705261 6.213423 -1.533601
v 0.562351 6.205874 -1.572529
v 0.713402 6.086468 -1.553297
v 0.570491 6.083036 -1.590371
v 0.713402 5.968433 -1.556772
v 0.580441 5.969120 -1.592456
v 0.707975 5.921769 -1.551443
v 0.591295 5.866183 -1.579712
v 0.693503 5.879221 -1.549358
v 0.669081 5.842850 -1.549358
v 0.636520 5.822949 -1.556541
v 0.594913 5.818832 -1.565809
v 0.553306 5.829125 -1.573919
v 0.518031 5.855203 -1.580407
v 0.491800 5.886770 -1.591066
v 0.474615 5.925200 -1.599639
v 0.463761 5.969120 -1.605201
v 0.450193 6.078919 -1.603578
v 0.443862 6.196267 -1.587359
v 0.446575 6.313615 -1.558626
v 0.462856 6.369201 -1.538467
v -0.520331 6.434394 -1.508808
v -0.559224 6.329399 -1.541016
v -0.489578 6.413807 -1.518076
v -0.463348 6.369201 -1.538467
v -0.559224 6.443316 -1.499771
v -0.588168 6.439884 -1.492588
v -0.625252 6.426846 -1.487259
v -0.656910 6.388416 -1.493051
v -0.681331 6.339693 -1.505100
v -0.705752 6.213423 -1.533601
v -0.562842 6.205874 -1.572529
v -0.713893 6.086468 -1.553297
v -0.570078 6.083036 -1.590371
v -0.712988 5.968433 -1.556772
v -0.580028 5.969120 -1.592456
v -0.707561 5.921769 -1.551443
v -0.590882 5.866183 -1.579712
v -0.693090 5.879221 -1.549358
v -0.668668 5.842850 -1.549358
v -0.636106 5.822949 -1.556541
v -0.594500 5.818832 -1.565809
v -0.552893 5.829125 -1.573919
v -0.518522 5.855203 -1.580407
v -0.492291 5.886770 -1.591066
v -0.475106 5.925200 -1.599639
v -0.463348 5.969120 -1.605201
v -0.450685 6.078919 -1.603578
v -0.444353 6.196267 -1.587359
v -0.447067 6.313615 -1.558626
v 0.678126 5.516883 -1.241643
v 0.666368 5.505904 -1.244192
v 0.698025 5.514825 -1.233301
v 0.666368 5.479140 -1.238630
v 0.750486 5.424926 -1.207117
v 0.722447 5.385810 -1.219167
v 0.745059 5.372772 -1.210361
v 0.771289 5.383752 -1.199703
v 0.860835 5.476395 -1.160775
v 0.843649 5.516883 -1.173519
v 0.866262 5.524432 -1.164946
v 0.891587 5.513452 -1.151738
v 0.911486 5.467474 -1.141543
v 0.916913 5.421495 -1.140152
v 0.887969 5.391301 -1.151970
v 0.916009 5.396791 -1.139457
v 0.904250 5.385810 -1.145713
v -0.924641 5.516883 -1.142006
v -0.934590 5.505904 -1.135286
v -0.904742 5.514825 -1.149653
v -0.930972 5.479140 -1.131347
v -0.849567 5.424926 -1.168421
v -0.877607 5.385810 -1.157299
v -0.854994 5.372772 -1.167031
v -0.829668 5.383752 -1.177690
v -0.738314 5.476395 -1.213605
v -0.760022 5.516883 -1.210361
v -0.737410 5.524432 -1.220557
v -0.710275 5.513452 -1.228898
v -0.688567 5.467474 -1.236082
v -0.684045 5.421495 -1.238630
v -0.712988 5.391301 -1.226813
v -0.684045 5.396791 -1.237704
v -0.696708 5.385810 -1.233764
v 0.309996 5.343949 -1.291693
v 0.239446 5.359047 -1.295864
v 0.304570 5.336401 -1.294242
v -0.003864 5.339146 -1.317181
v 0.280148 5.293853 -1.277790
v 0.253013 5.250620 -1.261338
v 0.216833 5.207386 -1.245118
v 0.175227 5.164153 -1.228667
v 0.142665 5.388556 -1.305364
v 0.056738 5.422182 -1.314864
v -0.005673 5.463356 -1.323901
v -0.273403 5.309637 -1.284046
v -0.257122 5.265031 -1.267826
v -0.236319 5.221111 -1.251606
v -0.209184 5.177878 -1.235618
v -0.000246 5.124351 -1.217313
v -0.163959 5.133958 -1.219398
v -0.131398 5.112685 -1.208971
v -0.102454 5.096901 -1.198776
v -0.068987 5.082490 -1.188580
v -0.032807 5.070824 -1.178153
v -0.000246 5.070138 -1.166799
v 0.033221 5.074255 -1.178617
v 0.063974 5.087294 -1.191361
v 0.093822 5.103764 -1.203873
v 0.122766 5.120920 -1.212215
v -0.005673 5.463356 -1.323901
v -0.003864 5.339146 -1.317181
v -0.071701 5.421495 -1.317181
v -0.182049 5.381007 -1.309998
v -0.287875 5.353557 -1.300266
v -0.273403 5.309637 -1.284046
v -0.437117 5.361105 -1.286827
v -0.504050 5.385810 -1.285205
v -0.461539 5.413947 -1.290302
v -0.486864 5.447573 -1.284046
v -0.535707 5.431789 -1.277095
v -0.495005 5.479140 -1.278022
v -0.542943 5.466787 -1.268985
v -0.533898 5.492178 -1.270838
v -0.496814 5.499041 -1.276631
v -0.523949 5.503159 -1.271997
v -0.511286 5.507276 -1.272924
v -0.502241 5.505904 -1.274778
v -0.290589 5.361105 -1.299803
v -0.182049 5.381007 -1.309998
v -0.173909 5.415319 -1.314632
v -0.069892 5.459239 -1.322047
v -0.071701 5.421495 -1.317181
v -0.004768 5.507276 -1.329462
v -0.005673 5.463356 -1.323901
v 0.056738 5.422182 -1.314864
v 0.059451 5.464043 -1.321815
v 0.142665 5.388556 -1.305364
v 0.144474 5.427671 -1.313705
v 0.239446 5.359047 -1.295864
v 0.238541 5.396791 -1.305827
v 0.309996 5.343949 -1.291693
v -0.415409 5.396104 -1.299571
v -0.461539 5.413947 -1.290302
v -0.437117 5.361105 -1.286827
v 0.515317 5.496982 -1.267131
v 0.520744 5.514825 -1.263655
v 0.565064 5.496296 -1.256009
v 0.561446 5.510707 -1.257863
v 0.543356 5.523746 -1.260180
v 0.537929 5.398849 -1.261107
v 0.510795 5.368654 -1.263655
v 0.480946 5.397477 -1.272924
v 0.474615 5.349440 -1.268753
v 0.450193 5.382379 -1.279412
v 0.434817 5.338459 -1.274778
v 0.416727 5.373458 -1.285900
v 0.393210 5.335714 -1.280570
v 0.380547 5.371399 -1.292156
v 0.346176 5.336401 -1.290998
v 0.342558 5.374144 -1.298644
v 0.309996 5.343949 -1.291693
v 0.238541 5.396791 -1.305827
v 0.500845 5.422182 -1.271534
v 0.514413 5.446887 -1.269912
v 0.555115 5.431103 -1.259485
v 0.517126 5.472278 -1.268521
v 0.563255 5.463356 -1.257631
v 0.515317 5.496982 -1.267131
v 0.565064 5.496296 -1.256009
v 0.309996 5.343949 -1.291693
v 0.304570 5.336401 -1.294242
v 0.346176 5.336401 -1.290998
v 0.280148 5.293853 -1.277790
v 0.321755 5.293167 -1.274778
v 0.253013 5.250620 -1.261338
v 0.294620 5.249934 -1.258558
v 0.216833 5.207386 -1.245118
v 0.263867 5.206014 -1.242338
v 0.175227 5.164153 -1.228667
v 0.222260 5.162781 -1.226118
v 0.122766 5.120920 -1.212215
v 0.173418 5.119547 -1.209898
v 0.093822 5.103764 -1.203873
v 0.133620 5.089352 -1.190202
v 0.063974 5.087294 -1.191361
v 0.090204 5.065333 -1.170507
v 0.033221 5.074255 -1.178617
v 0.046788 5.045433 -1.150579
v -0.000246 5.070138 -1.166799
v -0.000246 5.038570 -1.130884
v -0.032807 5.070824 -1.178153
v -0.047279 5.045433 -1.148726
v -0.068987 5.082490 -1.188580
v -0.098836 5.060530 -1.166568
v -0.102454 5.096901 -1.198776
v -0.148583 5.083176 -1.184409
v -0.102454 5.096901 -1.198776
v -0.131398 5.112685 -1.208971
v -0.190190 5.109940 -1.202251
v -0.163959 5.133958 -1.219398
v -0.217325 5.138076 -1.220093
v -0.290589 5.361105 -1.299803
v -0.287875 5.353557 -1.300266
v -0.321342 5.355616 -1.298181
v -0.321342 5.355616 -1.298181
v -0.290589 5.361105 -1.299803
v -0.301443 5.394045 -1.307217
v -0.173909 5.415319 -1.314632
v -0.287875 5.353557 -1.300266
v -0.182049 5.381007 -1.309998
v -0.290589 5.361105 -1.299803
v -0.415409 5.396104 -1.299571
v -0.301443 5.394045 -1.307217
v -0.437117 5.361105 -1.286827
v -0.321342 5.355616 -1.298181
v -0.321342 5.355616 -1.298181
v -0.287875 5.353557 -1.300266
v -0.312297 5.312382 -1.282656
v -0.273403 5.309637 -1.284046
v -0.297825 5.268462 -1.267131
v -0.257122 5.265031 -1.267826
v -0.277926 5.224543 -1.251375
v -0.236319 5.221111 -1.251606
v -0.253505 5.181309 -1.235850
v -0.209184 5.177878 -1.235618
v -0.217325 5.138076 -1.220093
v -0.163959 5.133958 -1.219398
v -0.277926 5.224543 -1.251375
v -0.236319 5.221111 -1.251606
v -0.253505 5.181309 -1.235850
v -0.209184 5.177878 -1.235618
v -2.152585 7.040517 -0.251905
v -2.234710 8.117929 -0.328951
v -2.187024 7.135934 0.096047
v -1.927406 7.561333 0.247655
v -2.022776 6.090327 0.453941
v -1.614804 7.056420 0.595607
v -1.649243 7.764093 0.163152
v -1.625400 7.887339 -0.207168
v -1.967143 5.967081 -0.229536
v -1.021389 7.410256 0.530987
v -1.633348 7.072323 0.630402
v -2.059864 6.086352 0.463882
v -2.004232 5.963105 -0.236992
v -1.045232 7.620968 -0.127636
v -1.018740 7.438087 0.558326
v -1.029337 7.656749 -0.130122
v -1.100865 7.553381 -0.254390
v -1.084970 7.577236 -0.281729
v -1.185638 7.438087 -0.341378
v -1.180340 7.446038 -0.381144
v -1.405519 7.211472 -0.296641
v -1.408168 7.207496 -0.333922
v -1.643945 6.798000 -0.259361
v -1.673085 6.770170 -0.256875
v -1.130005 7.509649 -0.065502
v -1.127356 7.485795 -0.035677
v -1.747262 6.889441 -0.224566
v -1.400221 7.660725 -0.105268
v -1.553873 7.457965 -0.174858
v -1.673085 7.811801 -0.145034
v -1.858527 7.688555 -0.234507
v -2.115497 7.903242 -0.299127
v -1.569768 7.402305 -0.311554
v -1.718121 7.779996 -0.378659
v -1.667787 7.843607 -0.326466
v -2.216165 8.070221 -0.383629
v -2.134041 7.116055 -0.346349
v -1.938002 6.118157 -0.316524
v -1.972442 6.110206 -0.338892
v -1.903563 6.237428 -0.378658
v -1.895616 6.241404 -0.338893
v -2.089005 7.179667 -0.378659
v -2.165831 7.994683 -0.403512
v -1.834685 7.676628 -0.356290
v -2.033372 7.287010 -0.271788
v -1.853229 6.491872 -0.214624
v -1.821439 6.495848 -0.241963
v -2.115497 7.903242 -0.299127
v -1.953897 7.601089 -0.202197
v -1.673085 7.811801 -0.145034
v -1.400221 7.660725 -0.105268
v -1.670436 7.088226 -0.137578
v -1.130005 7.509649 -0.065502
v -1.127356 7.485795 -0.035677
v -1.659840 7.088226 -0.177344
v -1.853229 6.491872 -0.214624
v -1.821439 6.495848 -0.241963
v -2.033372 7.287010 -0.271788
v -1.720770 7.131958 -0.197226
v -1.471748 7.394354 -0.110239
v -1.458503 7.394354 -0.110239
v -1.712823 7.541454 -0.199712
v -1.728718 7.406281 -0.204683
v -1.673085 7.044493 -0.184800
v -1.606856 7.310864 -0.157461
v -1.604207 7.402305 -0.154975
v -1.736665 7.473867 -0.202197
v -1.935353 7.581211 -0.274273
v -1.824088 7.577236 -0.236992
v -1.866475 7.302913 -0.251905
v -1.749911 7.310864 -0.204683
v -1.967143 7.187618 -0.286700
v -1.779052 7.195569 -0.224566
v -1.903563 6.897392 -0.264331
v -1.720770 7.131958 -0.197226
v -1.832036 7.072323 -0.241963
v 2.152316 7.040517 -0.251905
v 2.234440 8.117929 -0.328951
v 2.186755 7.135934 0.096047
v 1.927137 7.561333 0.247655
v 2.022507 6.090327 0.453941
v 1.617184 7.056420 0.595607
v 1.648974 7.764093 0.163152
v 1.625131 7.887339 -0.207168
v 1.966874 5.967081 -0.229536
v 1.021121 7.410256 0.530987
v 1.018471 7.438087 0.558326
v 1.633079 7.072323 0.630402
v 2.059595 6.086352 0.463882
v 1.047612 7.620968 -0.127636
v 1.029068 7.656749 -0.130122
v 1.084701 7.577236 -0.281729
v 1.100596 7.553381 -0.254390
v 1.180071 7.446038 -0.381144
v 1.185369 7.438087 -0.341378
v 1.407899 7.207496 -0.333922
v 1.405250 7.211472 -0.296641
v 1.672816 6.770170 -0.256875
v 1.643675 6.798000 -0.259361
v 1.127087 7.485795 -0.035677
v 1.129737 7.509649 -0.065502
v 1.749642 6.889441 -0.224566
v 1.399952 7.660725 -0.105268
v 1.556253 7.457965 -0.174858
v 1.672816 7.811801 -0.145034
v 1.860907 7.688555 -0.234507
v 2.115228 7.903242 -0.299127
v 2.165562 7.994683 -0.403512
v 2.033103 7.287010 -0.271788
v 2.088736 7.179667 -0.378659
v 1.852960 6.491872 -0.214624
v 1.895347 6.241404 -0.338893
v 1.903294 6.237428 -0.378658
v 1.972173 6.110206 -0.338892
v 1.940382 6.118157 -0.316524
v 2.006612 5.963105 -0.236992
v 1.823819 6.495848 -0.241963
v 2.136421 7.116055 -0.346349
v 2.215896 8.070221 -0.383629
v 1.667518 7.843607 -0.326466
v 1.717852 7.779996 -0.378659
v 1.834416 7.676628 -0.356290
v 1.569499 7.402305 -0.311554
v 2.115228 7.903242 -0.299127
v 1.953628 7.601089 -0.202197
v 1.672816 7.811801 -0.145034
v 1.399952 7.660725 -0.105268
v 1.670167 7.088226 -0.137578
v 1.129737 7.509649 -0.065502
v 1.659570 7.088226 -0.177344
v 1.127087 7.485795 -0.035677
v 2.033103 7.287010 -0.271788
v 1.852960 6.491872 -0.214624
v 1.823819 6.495848 -0.241963
v 1.720501 7.131958 -0.197226
v 1.458234 7.394354 -0.110239
v 1.471479 7.394354 -0.110239
v 1.712554 7.541454 -0.199712
v 1.731098 7.406281 -0.204683
v 1.778783 7.195569 -0.224566
v 1.672816 7.044493 -0.184800
v 1.903294 6.897392 -0.264331
v 1.720501 7.131958 -0.197226
v 1.831767 7.072323 -0.241963
v 1.609236 7.310864 -0.157461
v 1.749642 7.310864 -0.204683
v 1.966874 7.187618 -0.286700
v 1.866206 7.302913 -0.251905
v 1.603938 7.402305 -0.154975
v 1.736396 7.473867 -0.202197
v 1.935084 7.581211 -0.274273
v 1.823819 7.577236 -0.236992
v -0.539241 7.350621 0.533472
v -0.552486 7.418208 0.260082
v -0.282271 7.489770 0.267538
v -0.284920 7.513625 -0.038163
v 0.001190 7.541454 -0.038163
v 0.001190 7.513625 -0.356290
v 0.282002 7.489770 -0.353805
v 0.276704 7.418208 -0.654535
v 0.538972 7.350621 -0.634652
v 0.520427 7.243278 -0.880703
v 0.740309 7.155812 -0.828510
v 0.719115 7.028590 -0.980118
v 0.854223 6.972930 -0.903072
v 0.740309 6.853660 -1.052194
v 0.520427 6.889441 -1.149123
v 0.512480 7.088226 -1.057164
v 0.268756 7.294961 -0.915498
v 0.001190 7.438087 -0.661991
v -0.282271 7.489770 -0.353805
v -0.560434 7.438087 -0.035677
v -0.552486 7.418208 -0.343863
v -0.276973 7.418208 -0.654535
v 0.001190 7.314840 -0.925440
v 0.266107 7.127983 -1.104387
v 0.268756 6.917271 -1.206287
v 0.001190 6.925222 -1.226170
v 0.001190 7.143885 -1.119299
v -0.269025 7.294961 -0.915498
v -0.539241 7.350621 -0.634652
v -0.520696 7.243278 -0.880703
v -0.266376 7.127983 -1.104387
v -0.269025 6.917271 -1.206287
v -0.279622 6.670778 -1.246053
v 0.001190 6.674754 -1.265936
v 0.279353 6.670778 -1.246053
v 0.544270 6.654875 -1.178948
v 0.292599 6.396456 -1.251023
v 0.001190 6.400431 -1.273392
v -0.292868 6.396456 -1.251023
v -0.571031 6.392480 -1.178948
v -0.544539 6.654875 -1.178948
v -0.520696 6.889441 -1.149123
v -0.512749 7.088226 -1.057164
v -0.740578 6.853660 -1.052194
v -0.780315 6.634997 -1.069591
v -0.825351 6.384529 -1.064621
v -0.870387 6.114182 -1.062135
v -0.605470 6.114182 -1.181433
v -0.308763 6.114182 -1.253509
v 0.001190 6.114182 -1.280848
v -0.327307 5.831908 -1.278362
v -0.637260 5.839859 -1.206287
v -0.912774 5.847810 -1.082018
v -1.135304 5.851786 -0.930411
v -1.092917 6.114182 -0.905557
v -1.039934 6.380553 -0.908042
v -0.981652 6.627046 -0.920469
v -1.206831 6.384529 -0.714183
v -1.259815 6.114182 -0.711698
v -1.291605 5.847810 -0.734066
v -1.291605 5.597342 -0.771347
v -1.151199 5.605293 -0.962720
v -0.936616 5.597342 -1.111843
v -0.663752 5.577464 -1.231140
v -0.936616 5.378679 -1.114328
v -1.124707 5.398557 -0.977633
v -1.238621 5.378679 -0.801171
v -1.291605 5.346873 -0.575003
v -1.368431 5.577464 -0.537722
v -1.389624 5.839859 -0.505412
v -1.371080 6.114182 -0.488015
v -1.432011 5.831908 -0.251905
v -1.389624 5.565536 -0.276758
v -1.291605 5.323019 -0.306583
v -1.135304 5.120259 -0.336407
v -1.151199 5.156040 -0.614769
v -1.124707 5.211700 -0.835966
v -1.074373 5.267360 -0.970176
v -0.928669 5.211700 -1.052194
v -0.676997 5.346873 -1.221199
v -0.343202 5.565536 -1.300731
v 0.001190 5.831908 -1.303216
v 0.308494 6.114182 -1.253509
v 0.573411 6.392480 -1.178948
v 0.782695 6.634997 -1.069591
v 0.915154 6.833781 -0.920469
v 0.912505 7.028590 -0.776318
v 0.774748 7.243278 -0.602342
v 0.552217 7.418208 -0.343863
v 0.284651 7.513625 -0.038163
v 0.001190 7.513625 0.270023
v -0.276973 7.418208 0.548384
v -0.520696 7.243278 0.774553
v -0.269025 7.294961 0.799407
v 0.001190 7.438087 0.555841
v 0.282002 7.489770 0.267538
v 0.560165 7.438087 -0.035677
v 0.801239 7.294961 -0.326466
v 0.973435 7.088226 -0.567547
v 1.039665 6.853660 -0.751464
v 0.981383 6.627046 -0.920469
v 0.825082 6.384529 -1.064621
v 0.605201 6.114182 -1.181433
v 0.327038 5.831908 -1.278362
v 0.001190 5.557585 -1.323099
v -0.356448 5.323019 -1.280848
v -0.679647 5.156040 -1.134211
v -0.676997 5.012916 -0.952779
v -0.936616 5.092429 -0.893130
v -0.356448 4.965207 -0.987574
v -0.359097 5.120259 -1.183918
v 0.001190 5.311092 -1.298245
v 0.342933 5.565536 -1.300731
v 0.636991 5.839859 -1.206287
v 0.870118 6.114182 -1.062135
v 1.039665 6.380553 -0.908042
v 1.135035 6.634997 -0.731581
v 1.127087 6.889441 -0.535237
v 1.013173 7.127983 -0.306583
v 0.811836 7.314840 -0.030707
v 0.552217 7.418208 0.260082
v 0.276704 7.418208 0.548384
v 0.001190 7.314840 0.809348
v -0.266376 7.127983 1.013149
v -0.512749 7.088226 0.973383
v -0.719384 7.028590 0.913734
v -0.737928 7.155812 0.739758
v -0.775017 7.243278 0.516075
v -0.801508 7.294961 0.255111
v -0.809456 7.314840 -0.030707
v -0.801508 7.294961 -0.326466
v -0.775017 7.243278 -0.602342
v -0.737928 7.155812 -0.828510
v -0.719384 7.028590 -0.980118
v -0.915423 6.833781 -0.920469
v -1.135304 6.634997 -0.731581
v -1.320746 6.392480 -0.490500
v -1.429362 6.114182 -0.239478
v -1.429362 5.831908 0.016515
v -1.371080 5.557585 -0.000882
v -1.259815 5.311092 -0.020765
v -1.092917 5.108332 -0.038163
v -0.870387 4.949305 -0.050589
v -0.912774 4.965207 -0.361261
v -0.936616 5.012916 -0.654534
v -0.663752 4.917499 -0.689330
v -0.343202 4.861839 -0.711698
v 0.001190 4.841961 -0.719154
v 0.001190 4.949305 -1.000001
v 0.001190 5.108332 -1.198830
v 0.356179 5.323019 -1.280848
v 0.663483 5.577464 -1.231140
v 0.912505 5.847810 -1.082018
v 1.092648 6.114182 -0.905557
v 1.206562 6.384529 -0.714183
v 1.241002 6.654875 -0.510383
v 1.180071 6.917271 -0.281729
v 1.026419 7.143885 -0.020765
v 0.801239 7.294961 0.255111
v 0.538972 7.350621 0.533472
v 0.268756 7.294961 0.799407
v 0.001190 7.143885 1.028061
v 0.001190 6.925222 1.199551
v -0.269025 6.917271 1.179669
v 0.001190 6.674754 1.323820
v -0.276973 6.670778 1.301452
v -0.520696 6.889441 1.127476
v 0.276704 6.670778 1.301452
v 0.268756 6.917271 1.179669
v 0.266107 7.127983 1.013149
v 0.520427 7.243278 0.774553
v 0.774748 7.243278 0.516075
v 1.013173 7.127983 0.257596
v 1.198615 6.925222 -0.008338
v 1.304582 6.670778 -0.259361
v 1.320477 6.392480 -0.490500
v 1.259546 6.114182 -0.711698
v 1.135035 5.851786 -0.930411
v 0.938996 5.597342 -1.111843
v 0.676728 5.346873 -1.221199
v 0.358828 5.120259 -1.183918
v 0.356179 4.965207 -0.987574
v 0.342933 4.861839 -0.711698
v 0.663483 4.917499 -0.689330
v 0.676728 5.012916 -0.952779
v 0.682027 5.156040 -1.134211
v 0.936347 5.378679 -1.114328
v 1.150930 5.605293 -0.962720
v 1.291336 5.847810 -0.734066
v 1.370811 6.114182 -0.488015
v 1.386706 6.396456 -0.241963
v 1.325775 6.674754 0.009059
v 1.180071 6.917271 0.265052
v 0.973435 7.088226 0.508619
v 0.740309 7.155812 0.739758
v 0.512480 7.088226 0.973383
v 0.520427 6.889441 1.127476
v 0.538972 6.654875 1.236832
v 0.552217 6.392480 1.301452
v 0.282002 6.396456 1.376013
v 0.560165 6.114182 1.323820
v 0.284651 6.114182 1.400867
v 0.001190 6.400431 1.400867
v 0.811836 6.114182 1.199551
v 0.801239 6.384529 1.179669
v 0.774748 6.634997 1.127476
v 0.740309 6.853660 1.038002
v 0.719115 7.028590 0.913734
v 0.912505 7.028590 0.719875
v 1.127087 6.889441 0.518560
v 1.301933 6.670778 0.279965
v 1.405250 6.400431 0.021486
v 1.429093 6.114182 -0.239478
v 1.389355 5.839859 -0.505412
v 1.291336 5.597342 -0.771347
v 1.124438 5.398557 -0.977633
v 0.928400 5.211700 -1.052194
v 0.936347 5.092429 -0.893130
v 0.938996 5.012916 -0.654534
v 1.150930 5.156040 -0.614769
v 1.124438 5.211700 -0.835966
v 1.074104 5.267360 -0.970176
v 1.238352 5.378679 -0.801171
v 1.368162 5.577464 -0.537722
v 1.431742 5.831908 -0.251905
v 1.442339 6.114182 0.023972
v 1.378758 6.396456 0.292391
v 1.235703 6.654875 0.538443
v 1.039665 6.853660 0.739758
v 0.854223 6.972930 0.856570
v 0.912505 6.833781 0.913734
v 1.127087 6.634997 0.774553
v 1.301933 6.392480 0.555841
v 1.405250 6.114182 0.294877
v 1.429093 5.831908 0.016515
v 1.389355 5.565536 -0.276758
v 1.291336 5.346873 -0.575003
v 1.291336 5.323019 -0.306583
v 1.370811 5.557585 -0.000882
v 1.386706 5.831908 0.289906
v 1.325775 6.114182 0.563297
v 1.180071 6.384529 0.801892
v 0.973435 6.627046 0.973383
v 1.013173 6.380553 1.013149
v 1.198615 6.114182 0.811834
v 1.304582 5.839859 0.555841
v 1.320477 5.565536 0.274994
v 1.259546 5.311092 -0.020765
v 1.135035 5.120259 -0.336407
v 0.912505 4.965207 -0.361261
v 0.636991 4.861839 -0.381144
v 0.327038 4.802204 -0.391085
v 0.001190 4.782325 -0.393571
v -0.327307 4.802204 -0.391085
v -0.637260 4.861839 -0.381144
v -0.605470 4.841961 -0.055560
v -0.308763 4.782325 -0.058046
v 0.001190 4.762447 -0.058046
v 0.308494 4.782325 -0.058046
v 0.605201 4.841961 -0.055560
v 0.870118 4.949305 -0.050589
v 1.092648 5.108332 -0.038163
v 1.206562 5.323019 0.260082
v 1.241002 5.577464 0.538443
v 1.180071 5.847810 0.801892
v 1.026419 6.114182 1.028061
v 1.013173 5.851786 1.013149
v 1.127087 5.597342 0.774553
v 1.135035 5.346873 0.518560
v 1.039665 5.120259 0.250140
v 0.825082 4.965207 0.247655
v 0.573411 4.861839 0.252626
v 0.292599 4.802204 0.257596
v 0.001190 4.782325 0.260082
v -0.292868 4.802204 0.257596
v -0.571031 4.861839 0.252626
v -0.825351 4.965207 0.247655
v -1.039934 5.120259 0.250140
v -1.206831 5.323019 0.260082
v -1.320746 5.565536 0.274994
v -1.135304 5.346873 0.518560
v -0.981652 5.156040 0.506133
v -0.780315 5.012916 0.513590
v -0.544539 4.917499 0.530987
v -0.279622 4.861839 0.545899
v 0.001190 4.841961 0.553355
v 0.279353 4.861839 0.545899
v 0.544270 4.917499 0.530987
v 0.782695 5.012916 0.513590
v 0.981383 5.156040 0.506133
v 1.039665 5.378679 0.739758
v 0.973435 5.605293 0.973383
v 0.801239 5.847810 1.179669
v 0.552217 5.839859 1.301452
v 0.774748 5.597342 1.127476
v 0.912505 5.398557 0.913734
v 0.915154 5.211700 0.719875
v 0.740309 5.092429 0.737273
v 0.854223 5.267360 0.856571
v 0.740309 5.378679 1.038003
v 0.538972 5.577464 1.236832
v 0.282002 5.831908 1.376013
v 0.001190 6.114182 1.425720
v -0.282271 6.396456 1.376013
v -0.539241 6.654875 1.236832
v -0.737928 6.853660 1.038002
v -0.854492 6.972930 0.856570
v -0.912774 7.028590 0.719875
v -0.973704 7.088226 0.508619
v -1.013442 7.127983 0.257596
v -1.026688 7.143885 -0.020765
v -1.013442 7.127983 -0.306583
v -0.973704 7.088226 -0.567547
v -0.912774 7.028590 -0.776318
v -0.854492 6.972930 -0.903072
v -1.039934 6.853660 -0.751464
v -1.241271 6.654875 -0.510383
v -1.386975 6.396456 -0.241963
v -1.442608 6.114182 0.023972
v -1.386975 5.831908 0.289906
v -1.241271 5.577464 0.538443
v -1.039934 5.378679 0.739758
v -0.915423 5.211700 0.719875
v -0.740578 5.092429 0.737273
v -0.520696 5.012916 0.772068
v -0.269025 4.965207 0.799407
v 0.001190 4.949305 0.809349
v 0.268756 4.965207 0.799407
v 0.520427 5.012916 0.772068
v 0.719115 5.211700 0.913734
v 0.520427 5.346873 1.127476
v 0.276704 5.565536 1.301452
v 0.001190 5.831908 1.400867
v -0.284920 6.114182 1.400867
v -0.552486 6.392480 1.301452
v -0.775017 6.634997 1.127476
v -0.912774 6.833781 0.913734
v -1.039934 6.853660 0.739758
v -0.973704 6.627046 0.973383
v -0.801508 6.384529 1.179669
v -0.560434 6.114182 1.323820
v -0.282271 5.831908 1.376013
v 0.001190 5.557585 1.323820
v 0.268756 5.323019 1.179669
v 0.512480 5.156040 0.973383
v 0.266107 5.120259 1.013149
v 0.001190 5.311092 1.199552
v -0.276973 5.565536 1.301452
v -0.552486 5.839859 1.301452
v -0.809456 6.114182 1.199551
v -1.013442 6.380553 1.013149
v -1.127356 6.634997 0.774553
v -1.127356 6.889441 0.518560
v -1.180340 6.917271 0.265052
v -1.235972 6.654875 0.538443
v -1.180340 6.384529 0.801892
v -1.026688 6.114182 1.028061
v -0.801508 5.847810 1.179669
v -0.539241 5.577464 1.236832
v -0.269025 5.323019 1.179669
v 0.001190 5.108332 1.028061
v -0.266376 5.120259 1.013149
v -0.520696 5.346873 1.127476
v -0.775017 5.597342 1.127476
v -1.013442 5.851786 1.013149
v -1.198884 6.114182 0.811834
v -1.302202 6.392480 0.555841
v -1.302202 6.670778 0.279965
v -1.198884 6.925222 -0.008338
v -1.180340 6.917271 -0.281729
v -1.326044 6.674754 0.009059
v -1.379027 6.396456 0.292391
v -1.326044 6.114182 0.563297
v -1.180340 5.847810 0.801892
v -0.973704 5.605293 0.973383
v -0.737928 5.378679 1.038003
v -0.512749 5.156040 0.973383
v -0.719384 5.211700 0.913734
v -0.854492 5.267360 0.856571
v -0.912774 5.398557 0.913734
v -1.127356 5.597342 0.774553
v -1.304851 5.839859 0.555841
v -1.405519 6.114182 0.294877
v -1.405519 6.400431 0.021486
v -1.304851 6.670778 -0.259361
v -1.127356 6.889441 -0.535237
v -1.233323 6.320918 -0.863306
v -1.270411 6.209598 -0.868276
v -1.302202 6.332845 -0.865791
v -1.344588 6.213574 -0.873247
v -1.347237 6.336820 -0.908042
v -1.281008 6.452115 -0.915498
v -1.233323 6.444164 -0.880703
v -1.188287 6.543556 -0.950294
v -1.143251 6.543556 -0.920469
v -1.167094 6.424285 -0.880703
v -1.153848 6.301039 -0.900586
v -1.180340 6.201647 -0.908042
v -1.283657 6.094303 -0.888159
v -1.360483 6.090327 -0.893130
v -1.389624 6.213574 -0.917984
v -1.357834 6.336820 -0.977633
v -1.294254 6.444164 -0.977633
v -1.209481 6.527653 -1.004972
v -1.106163 6.587289 -1.067106
v -1.077022 6.615119 -1.017398
v -1.034635 6.615119 -0.987574
v -1.079671 6.515726 -0.922954
v -1.092917 6.384529 -0.920469
v -1.084970 6.277185 -0.950294
v -1.077022 6.205623 -0.977633
v -1.188287 6.102254 -0.927925
v -1.185638 6.006838 -0.945323
v -1.275710 5.990935 -0.910528
v -1.347237 5.975032 -0.917984
v -1.405519 6.086352 -0.940352
v -1.397572 6.213574 -0.995030
v -1.318097 6.336820 -1.072077
v -1.265113 6.440188 -1.059650
v -1.212130 6.503799 -1.054679
v -1.137953 6.531629 -1.116813
v -1.016091 6.559459 -1.206287
v -0.981652 6.623070 -1.154094
v -0.947213 6.658851 -1.106872
v -1.180340 6.448140 -1.151608
v -1.050530 6.464042 -1.251023
v -0.865089 6.567410 -1.300731
v -0.835948 6.638973 -1.248538
v -1.225376 6.340796 -1.178948
v -1.352536 6.213574 -1.091960
v -1.410818 6.086352 -1.017398
v -1.392273 5.971057 -0.962720
v -1.310149 5.875640 -0.950293
v -1.243920 5.895519 -0.940352
v -1.182989 5.819981 -0.985089
v -1.164445 5.927324 -0.967691
v -1.108812 5.863713 -1.012428
v -1.095566 5.955154 -1.007457
v -1.082320 6.018765 -1.012428
v -1.071724 6.110206 -1.007457
v -0.926019 6.118157 -1.111843
v -0.965757 6.010814 -1.096930
v -1.031986 5.927324 -1.057164
v -1.031986 5.804078 -1.067106
v -1.100865 5.752394 -1.042252
v -1.246569 5.788175 -0.995030
v -1.352536 5.863713 -0.992545
v -1.397572 5.967081 -1.039767
v -1.365782 6.086352 -1.116813
v -1.251867 6.213574 -1.206287
v -1.084970 6.344771 -1.290789
v -0.894229 6.468018 -1.350438
v -0.703489 6.559459 -1.385233
v -0.727332 6.460067 -1.434941
v -0.918072 6.348747 -1.395175
v -1.108812 6.217549 -1.323099
v -1.262464 6.086352 -1.231140
v -1.355185 5.963105 -1.136696
v -1.360483 5.859737 -1.062135
v -1.288956 5.776248 -1.032311
v -1.159146 5.716612 -1.052194
v -1.008144 5.692759 -1.106872
v -0.955160 5.744442 -1.121784
v -0.888931 5.812029 -1.161550
v -0.952511 5.875640 -1.114328
v -0.854492 5.971057 -1.178948
v -0.682296 6.122133 -1.263450
v -0.796210 5.871665 -1.218714
v -0.846544 5.756370 -1.191374
v -0.873036 5.700710 -1.176462
v -0.907475 5.645050 -1.173977
v -1.055829 5.660953 -1.119299
v -1.201533 5.704686 -1.086989
v -1.299552 5.776248 -1.091960
v -1.320746 5.859737 -1.151608
v -1.254516 5.963105 -1.246053
v -1.116760 6.086352 -1.345467
v -0.936616 6.217549 -1.429970
v -0.745876 6.340796 -1.479677
v -0.568381 6.440188 -1.492104
v -0.552486 6.535604 -1.442397
v -0.682296 6.631021 -1.333040
v -0.806807 6.678730 -1.201316
v -0.912774 6.666802 -1.072077
v -0.984301 6.591264 -0.985089
v -0.875685 6.638973 -1.062135
v -0.780315 6.686681 -1.164035
v -0.661102 6.670778 -1.283333
v -0.536591 6.603191 -1.392689
v -0.420028 6.495848 -1.474707
v -0.430625 6.408382 -1.519443
v -0.581627 6.324893 -1.531870
v -0.761771 6.213574 -1.511987
v -0.947213 6.086352 -1.452338
v -1.111461 5.963105 -1.357894
v -1.228025 5.855762 -1.253509
v -1.270411 5.776248 -1.166521
v -1.220077 5.712637 -1.134211
v -1.095566 5.653001 -1.154094
v -0.941914 5.617220 -1.193860
v -0.793561 5.621196 -1.241082
v -0.777666 5.684807 -1.233626
v -0.775017 5.768297 -1.233626
v -0.682296 5.903470 -1.275877
v -0.557785 5.863713 -1.310672
v -0.573680 5.760345 -1.310672
v -0.496854 5.744442 -1.325584
v -0.565732 5.676856 -1.315643
v -0.674348 5.676856 -1.283333
v -0.674348 5.613245 -1.295760
v -0.814754 5.597342 -1.265936
v -0.973704 5.617220 -1.231140
v -1.122058 5.668904 -1.198830
v -1.220077 5.728539 -1.176462
v -1.188287 5.772272 -1.251023
v -1.092917 5.855762 -1.355409
v -0.944564 5.963105 -1.457309
v -0.769718 6.082376 -1.534356
v -0.592224 6.201647 -1.564180
v -0.433274 6.305015 -1.556724
v -0.314061 6.376577 -1.524414
v -0.314061 6.452115 -1.487134
v -0.404133 6.559459 -1.427485
v -0.520696 6.642948 -1.342982
v -0.645207 6.678730 -1.243567
v -0.759122 6.658851 -1.146638
v -0.843895 6.583313 -1.079533
v -0.931318 6.535604 -1.017398
v -1.013442 6.464042 -0.965206
v -1.018740 6.324893 -0.987574
v -0.957809 6.229476 -1.059650
v -0.843895 6.289112 -1.134211
v -0.936616 6.388504 -1.037282
v -0.865089 6.468018 -1.079533
v -0.676997 5.776248 -1.280848
v -0.777666 6.396456 -1.164035
v -0.820053 6.523678 -1.106872
v -0.748525 6.595240 -1.151608
v -0.637260 6.650900 -1.221199
v -0.512749 6.650900 -1.300731
v -0.390887 6.591264 -1.380262
v -0.295517 6.499824 -1.447368
v -0.245183 6.416334 -1.487134
v -0.213393 6.432237 -1.459794
v -0.276973 6.523678 -1.402631
v -0.385589 6.599216 -1.338011
v -0.515398 6.623070 -1.275877
v -0.221340 6.356699 -1.509502
v -0.157760 6.352723 -1.477192
v -0.184252 6.444164 -1.420028
v -0.274324 6.527653 -1.362865
v -0.398835 6.579337 -1.310672
v -0.306114 6.281160 -1.556724
v -0.438572 6.189720 -1.584063
v -0.600172 6.078400 -1.581578
v -0.769718 5.967081 -1.536841
v -0.931318 5.855762 -1.449853
v -1.063776 5.764321 -1.342982
v -1.148550 5.708661 -1.236111
v -1.002845 5.641075 -1.275877
v -1.031986 5.692759 -1.315643
v -0.912774 5.760345 -1.429970
v -0.764420 5.859737 -1.524414
v -0.605470 5.967081 -1.584063
v -0.446520 6.074425 -1.598975
v -0.303464 6.177793 -1.579092
v -0.200147 6.265258 -1.534356
v -0.120672 6.257307 -1.497075
v -0.115373 6.352723 -1.437426
v -0.178953 6.444164 -1.380262
v -0.295517 6.507775 -1.333040
v -0.430625 6.531629 -1.295760
v -0.531293 6.567410 -1.268421
v -0.639909 6.583313 -1.221199
v -0.751174 6.503799 -1.164035
v -0.663752 6.348747 -1.243567
v -0.536591 6.368626 -1.288304
v -0.544539 6.479945 -1.273392
v -0.465064 6.479945 -1.293275
v -0.345851 6.468018 -1.315643
v -0.205445 6.424285 -1.347953
v -0.104777 6.352723 -1.395175
v -0.070338 6.257307 -1.452338
v -0.102128 6.157914 -1.514472
v -0.192199 6.165865 -1.554238
v -0.308763 6.066473 -1.591519
v -0.454467 5.967081 -1.601460
v -0.605470 5.863713 -1.571636
v -0.753823 5.764321 -1.499560
v -0.888931 5.684807 -1.395175
v -0.862439 5.629148 -1.352924
v -0.838597 5.597342 -1.305701
v -0.684945 5.589390 -1.325584
v -0.650506 6.483921 -1.231140
v -0.700840 5.597342 -1.370321
v -0.719384 5.629148 -1.417543
v -0.737928 5.688783 -1.462280
v -0.602821 5.772272 -1.544297
v -0.462415 5.867689 -1.589034
v -0.319359 5.963105 -1.594004
v -0.192199 6.058522 -1.564180
v -0.102128 6.054546 -1.521929
v -0.208094 5.959130 -1.566665
v -0.335255 5.871665 -1.584063
v -0.467713 5.784199 -1.564180
v -0.592224 5.696734 -1.507016
v -0.578978 5.641075 -1.459794
v -0.565732 5.605293 -1.412572
v -0.555136 5.593366 -1.365350
v -0.555136 5.617220 -1.333040
v -0.467713 5.684807 -1.333040
v -0.441221 5.637099 -1.352924
v -0.433274 5.617220 -1.390204
v -0.441221 5.625172 -1.434941
v -0.454467 5.660953 -1.484648
v -0.465064 5.712637 -1.529385
v -0.353799 5.796126 -1.561695
v -0.231937 5.871665 -1.559209
v -0.118023 5.955154 -1.524414
v -0.043846 6.050570 -1.472221
v -0.046495 6.153938 -1.464765
v -0.051793 6.253331 -1.407602
v -0.128619 6.340796 -1.360380
v -0.025302 6.153938 -1.420028
v -0.075636 6.249355 -1.372806
v -0.022652 6.050570 -1.424999
v -0.062390 5.951178 -1.474707
v -0.152462 5.867689 -1.516958
v -0.263727 5.800102 -1.541812
v -0.359097 5.732515 -1.531870
v -0.345851 5.688783 -1.492104
v -0.329956 5.660953 -1.447368
v -0.322009 5.653001 -1.402631
v -0.337904 5.676856 -1.365350
v -0.382940 5.724564 -1.342982
v -0.454467 5.792150 -1.328070
v -0.499503 5.955154 -1.318128
v -0.374992 5.990935 -1.330555
v -0.298166 5.903470 -1.340497
v -0.388238 5.855762 -1.333040
v -0.300815 5.780224 -1.347953
v -0.245183 5.732515 -1.372806
v -0.226639 5.708661 -1.410087
v -0.234586 5.712637 -1.454824
v -0.261078 5.732515 -1.497075
v -0.292868 5.752394 -1.526899
v -0.197498 5.788175 -1.507016
v -0.099478 5.859737 -1.469736
v -0.041197 5.955154 -1.424999
v -0.049144 6.058522 -1.385233
v -0.051793 6.153938 -1.380262
v -0.139216 6.237428 -1.350438
v -0.192199 6.312966 -1.340497
v -0.269025 6.388504 -1.330555
v -0.425326 6.416334 -1.305701
v -0.486257 6.257307 -1.305701
v -0.361746 6.332845 -1.320614
v -0.279622 6.265258 -1.330555
v -0.364395 6.193696 -1.325584
v -0.414730 6.098279 -1.323099
v -0.242534 5.994911 -1.345467
v -0.229288 5.931300 -1.345467
v -0.221340 5.839859 -1.352924
v -0.163058 5.796126 -1.377777
v -0.141865 5.780224 -1.415058
v -0.157760 5.780224 -1.462280
v -0.080934 5.859737 -1.422514
v -0.065039 5.963105 -1.385233
v -0.133918 5.979008 -1.360380
v -0.160409 5.903470 -1.357894
v -0.099478 5.875640 -1.382748
v -0.125970 6.066473 -1.360380
v -0.123321 6.153938 -1.355409
v -0.210744 6.221525 -1.340497
v -0.231937 6.161890 -1.340497
v -0.250481 6.082376 -1.342982
v 1.346968 6.336820 -0.908042
v 1.389355 6.213574 -0.917984
v 1.344319 6.213574 -0.873247
v 1.360214 6.090327 -0.893130
v 1.405250 6.086352 -0.940352
v 1.397303 6.213574 -0.995030
v 1.410549 6.086352 -1.017398
v 1.354916 6.213574 -1.091960
v 1.317828 6.336820 -1.072077
v 1.357565 6.336820 -0.977633
v 1.392004 5.971057 -0.962720
v 1.349618 5.975032 -0.917984
v 1.275441 5.990935 -0.910528
v 1.283388 6.094303 -0.888159
v 1.270143 6.209598 -0.868276
v 1.301933 6.332845 -0.865791
v 1.280739 6.452115 -0.915498
v 1.293985 6.444164 -0.977633
v 1.264844 6.440188 -1.059650
v 1.180071 6.448140 -1.151608
v 1.225107 6.340796 -1.178948
v 1.251598 6.213574 -1.206287
v 1.365513 6.086352 -1.116813
v 1.397303 5.967081 -1.039767
v 1.352267 5.863713 -0.992545
v 1.309880 5.875640 -0.950293
v 1.246300 5.788175 -0.995030
v 1.182720 5.819981 -0.985089
v 1.243651 5.895519 -0.940352
v 1.288687 5.776248 -1.032311
v 1.360214 5.859737 -1.062135
v 1.354916 5.963105 -1.136696
v 1.262195 6.086352 -1.231140
v 1.254248 5.963105 -1.246053
v 1.320477 5.859737 -1.151608
v 1.299283 5.776248 -1.091960
v 1.201264 5.704686 -1.086989
v 1.158877 5.716612 -1.052194
v 1.058209 5.660953 -1.119299
v 1.007875 5.692759 -1.106872
v 1.100596 5.752394 -1.042252
v 1.095297 5.653001 -1.154094
v 1.219808 5.712637 -1.134211
v 1.270143 5.776248 -1.166521
v 1.227756 5.855762 -1.253509
v 1.188018 5.772272 -1.251023
v 1.219808 5.728539 -1.176462
v 1.121789 5.668904 -1.198830
v 0.973435 5.617220 -1.231140
v 0.941645 5.617220 -1.193860
v 0.907206 5.645050 -1.173977
v 0.872767 5.700710 -1.176462
v 0.954891 5.744442 -1.121784
v 1.031717 5.804078 -1.067106
v 1.108543 5.863713 -1.012428
v 1.164176 5.927324 -0.967691
v 1.185369 6.006838 -0.945323
v 1.148281 5.708661 -1.236111
v 1.002576 5.641075 -1.275877
v 1.095297 5.955154 -1.007457
v 1.031717 5.927324 -1.057164
v 0.952242 5.875640 -1.114328
v 0.888662 5.812029 -1.161550
v 0.854223 5.971057 -1.178948
v 0.965488 6.010814 -1.096930
v 1.082051 6.018765 -1.012428
v 1.188018 6.102254 -0.927925
v 1.180071 6.201647 -0.908042
v 1.153579 6.301039 -0.900586
v 1.233054 6.320918 -0.863306
v 1.166825 6.424285 -0.880703
v 1.233054 6.444164 -0.880703
v 1.142982 6.543556 -0.920469
v 1.188018 6.543556 -0.950294
v 1.209212 6.527653 -1.004972
v 1.211861 6.503799 -1.054679
v 1.137684 6.531629 -1.116813
v 1.108543 6.587289 -1.067106
v 1.076753 6.615119 -1.017398
v 1.015822 6.559459 -1.206287
v 0.981383 6.623070 -1.154094
v 1.052911 6.464042 -1.251023
v 1.084701 6.344771 -1.290789
v 1.108543 6.217549 -1.323099
v 1.116491 6.086352 -1.345467
v 1.111192 5.963105 -1.357894
v 1.092648 5.855762 -1.355409
v 1.063507 5.764321 -1.342982
v 1.031717 5.692759 -1.315643
v 0.864820 5.629148 -1.352924
v 0.838328 5.597342 -1.305701
v 0.814485 5.597342 -1.265936
v 0.793292 5.621196 -1.241082
v 0.777397 5.684807 -1.233626
v 0.846275 5.756370 -1.191374
v 0.795941 5.871665 -1.218714
v 0.682027 6.122133 -1.263450
v 0.925750 6.118157 -1.111843
v 1.071455 6.110206 -1.007457
v 1.076753 6.205623 -0.977633
v 1.084701 6.277185 -0.950294
v 1.092648 6.384529 -0.920469
v 1.079402 6.515726 -0.922954
v 1.034366 6.615119 -0.987574
v 0.946944 6.658851 -1.106872
v 0.835679 6.638973 -1.248538
v 0.864820 6.567410 -1.300731
v 0.893960 6.468018 -1.350438
v 0.920452 6.348747 -1.395175
v 0.938996 6.217549 -1.429970
v 0.946944 6.086352 -1.452338
v 0.944295 5.963105 -1.457309
v 0.931049 5.855762 -1.449853
v 0.912505 5.760345 -1.429970
v 0.888662 5.684807 -1.395175
v 0.719115 5.629148 -1.417543
v 0.700571 5.597342 -1.370321
v 0.684676 5.589390 -1.325584
v 0.674079 5.613245 -1.295760
v 0.674079 5.676856 -1.283333
v 0.774748 5.768297 -1.233626
v 0.676728 5.776248 -1.280848
v 0.682027 5.903470 -1.275877
v 0.573411 5.760345 -1.310672
v 0.565463 5.676856 -1.315643
v 0.554867 5.617220 -1.333040
v 0.554867 5.593366 -1.365350
v 0.565463 5.605293 -1.412572
v 0.578709 5.641075 -1.459794
v 0.737659 5.688783 -1.462280
v 0.753554 5.764321 -1.499560
v 0.764151 5.859737 -1.524414
v 0.769449 5.967081 -1.536841
v 0.769449 6.082376 -1.534356
v 0.761502 6.213574 -1.511987
v 0.745607 6.340796 -1.479677
v 0.727063 6.460067 -1.434941
v 0.705869 6.559459 -1.385233
v 0.682027 6.631021 -1.333040
v 0.552217 6.535604 -1.442397
v 0.568112 6.440188 -1.492104
v 0.581358 6.324893 -1.531870
v 0.591955 6.201647 -1.564180
v 0.599903 6.078400 -1.581578
v 0.605201 5.967081 -1.584063
v 0.605201 5.863713 -1.571636
v 0.602552 5.772272 -1.544297
v 0.591955 5.696734 -1.507016
v 0.454198 5.660953 -1.484648
v 0.440952 5.625172 -1.434941
v 0.433005 5.617220 -1.390204
v 0.440952 5.637099 -1.352924
v 0.467444 5.684807 -1.333040
v 0.496585 5.744442 -1.325584
v 0.557516 5.863713 -1.310672
v 0.340284 5.676856 -1.365350
v 0.382671 5.724564 -1.342982
v 0.454198 5.792150 -1.328070
v 0.499234 5.955154 -1.318128
v 0.324389 5.653001 -1.402631
v 0.329687 5.660953 -1.447368
v 0.345582 5.688783 -1.492104
v 0.464795 5.712637 -1.529385
v 0.467444 5.784199 -1.564180
v 0.462146 5.867689 -1.589034
v 0.454198 5.967081 -1.601460
v 0.446251 6.074425 -1.598975
v 0.438303 6.189720 -1.584063
v 0.435654 6.305015 -1.556724
v 0.430356 6.408382 -1.519443
v 0.419759 6.495848 -1.474707
v 0.536322 6.603191 -1.392689
v 0.403864 6.559459 -1.427485
v 0.313792 6.452115 -1.487134
v 0.313792 6.376577 -1.524414
v 0.305845 6.281160 -1.556724
v 0.305845 6.177793 -1.579092
v 0.308494 6.066473 -1.591519
v 0.319090 5.963105 -1.594004
v 0.334985 5.871665 -1.584063
v 0.353530 5.796126 -1.561695
v 0.361477 5.732515 -1.531870
v 0.260809 5.732515 -1.497075
v 0.234317 5.712637 -1.454824
v 0.226370 5.708661 -1.410087
v 0.244914 5.732515 -1.372806
v 0.300546 5.780224 -1.347953
v 0.387969 5.855762 -1.333040
v 0.300546 5.903470 -1.340497
v 0.374723 5.990935 -1.330555
v 0.229019 5.931300 -1.345467
v 0.221071 5.839859 -1.352924
v 0.162789 5.796126 -1.377777
v 0.141596 5.780224 -1.415058
v 0.157491 5.780224 -1.462280
v 0.197229 5.788175 -1.507016
v 0.292599 5.752394 -1.526899
v 0.263458 5.800102 -1.541812
v 0.231668 5.871665 -1.559209
v 0.152193 5.867689 -1.516958
v 0.099209 5.859737 -1.469736
v 0.080665 5.859737 -1.422514
v 0.099209 5.875640 -1.382748
v 0.160140 5.903470 -1.357894
v 0.133649 5.979008 -1.360380
v 0.064770 5.963105 -1.385233
v 0.040928 5.955154 -1.424999
v 0.062121 5.951178 -1.474707
v 0.120403 5.955154 -1.524414
v 0.207825 5.959130 -1.566665
v 0.194579 6.058522 -1.564180
v 0.101859 6.054546 -1.521929
v 0.043577 6.050570 -1.472221
v 0.022383 6.050570 -1.424999
v 0.048875 6.058522 -1.385233
v 0.125701 6.066473 -1.360380
v 0.242265 5.994911 -1.345467
v 0.250212 6.082376 -1.342982
v 0.414461 6.098279 -1.323099
v 0.231668 6.161890 -1.340497
v 0.123052 6.153938 -1.355409
v 0.051524 6.153938 -1.380262
v 0.025033 6.153938 -1.420028
v 0.046226 6.153938 -1.464765
v 0.101859 6.157914 -1.514472
v 0.191930 6.165865 -1.554238
v 0.202527 6.265258 -1.534356
v 0.120403 6.257307 -1.497075
v 0.070069 6.257307 -1.452338
v 0.051524 6.253331 -1.407602
v 0.075367 6.249355 -1.372806
v 0.138947 6.237428 -1.350438
v 0.210475 6.221525 -1.340497
v 0.364126 6.193696 -1.325584
v 0.485988 6.257307 -1.305701
v 0.279353 6.265258 -1.330555
v 0.191930 6.312966 -1.340497
v 0.128350 6.340796 -1.360380
v 0.104508 6.352723 -1.395175
v 0.115104 6.352723 -1.437426
v 0.157491 6.352723 -1.477192
v 0.221071 6.356699 -1.509502
v 0.244914 6.416334 -1.487134
v 0.213124 6.432237 -1.459794
v 0.183983 6.444164 -1.420028
v 0.178684 6.444164 -1.380262
v 0.205176 6.424285 -1.347953
v 0.268756 6.388504 -1.330555
v 0.361477 6.332845 -1.320614
v 0.425057 6.416334 -1.305701
v 0.536322 6.368626 -1.288304
v 0.464795 6.479945 -1.293275
v 0.544270 6.479945 -1.273392
v 0.663483 6.348747 -1.243567
v 0.345582 6.468018 -1.315643
v 0.295248 6.507775 -1.333040
v 0.274055 6.527653 -1.362865
v 0.276704 6.523678 -1.402631
v 0.295248 6.499824 -1.447368
v 0.390618 6.591264 -1.380262
v 0.385320 6.599216 -1.338011
v 0.398566 6.579337 -1.310672
v 0.430356 6.531629 -1.295760
v 0.531024 6.567410 -1.268421
v 0.515129 6.623070 -1.275877
v 0.512480 6.650900 -1.300731
v 0.520427 6.642948 -1.342982
v 0.660833 6.670778 -1.283333
v 0.644938 6.678730 -1.243567
v 0.636991 6.650900 -1.221199
v 0.642289 6.583313 -1.221199
v 0.650237 6.483921 -1.231140
v 0.750905 6.503799 -1.164035
v 0.777397 6.396456 -1.164035
v 0.843626 6.289112 -1.134211
v 0.957540 6.229476 -1.059650
v 1.018471 6.324893 -0.987574
v 1.013173 6.464042 -0.965206
v 0.936347 6.388504 -1.037282
v 0.867469 6.468018 -1.079533
v 0.931049 6.535604 -1.017398
v 0.984032 6.591264 -0.985089
v 0.912505 6.666802 -1.072077
v 0.806538 6.678730 -1.201316
v 0.780046 6.686681 -1.164035
v 0.761502 6.658851 -1.146638
v 0.748256 6.595240 -1.151608
v 0.819784 6.523678 -1.106872
v 0.843626 6.583313 -1.079533
v 0.875416 6.638973 -1.062135
v 0.025033 7.477843 -1.350438
v 0.048875 7.609041 -1.228655
v -0.192199 7.553381 -1.318128
v -0.173655 7.756142 -1.084504
v 0.056823 7.776020 -1.029825
v -0.250481 7.911193 -0.781289
v 0.070069 7.919145 -0.783774
v 0.289950 7.744215 -0.997516
v 0.279353 7.533503 -1.206287
v -0.343202 7.680604 -1.156579
v -0.396185 7.545430 -1.290789
v -0.594873 7.438087 -1.283333
v -0.451818 7.692531 -1.077047
v -0.613417 7.660725 -1.017399
v -0.552486 7.839631 -0.768862
v -0.814754 7.736263 -0.726610
v -0.594873 7.927096 -0.525295
v -0.454467 7.982756 -0.405998
v -0.239884 8.026488 -0.271788
v -0.722033 7.946975 -0.060531
v -0.806807 7.871437 -0.398542
v -0.706138 7.473867 -1.196345
v -0.782964 7.585187 -0.980118
v -1.135304 7.756142 0.009059
v -1.100865 7.732287 -0.286700
v -1.069075 7.664701 -0.522810
v -1.379027 7.545430 -0.217109
v -1.339290 7.469892 -0.440793
v -1.561820 7.378451 -0.169887
v -1.434660 7.545430 0.023971
v -1.090268 7.585187 -0.637137
v -1.016091 7.573260 -0.739037
v -1.021389 7.493746 -0.826025
v -1.196235 7.350621 -0.756435
v -1.230674 7.450014 -0.624710
v -1.339290 7.290986 -0.654535
v -1.439958 7.231350 -0.570032
v -1.567119 7.167739 -0.443278
v -1.580364 7.271107 -0.294156
v -1.792298 7.004736 -0.154975
v -1.649243 7.314840 0.001603
v -1.675735 7.290986 0.277479
v -1.450555 7.529527 0.307304
v -1.145900 7.740239 0.334643
v -0.764420 7.907218 0.357011
v -0.266376 8.034440 0.011545
v -0.322009 7.998659 0.376894
v 0.186632 8.050343 -0.067987
v -0.020003 8.022512 -0.410968
v 0.128350 7.998659 -0.542693
v 0.300546 7.895291 -0.748979
v 0.311143 7.998659 -0.438307
v 0.544270 7.962877 -0.383629
v 0.528375 7.851558 -0.719154
v 0.517778 7.688555 -0.980118
v 0.517778 7.521576 -1.161550
v 0.729712 7.597114 -0.980118
v 0.803889 7.740239 -0.716669
v 0.806538 7.875412 -0.348834
v 0.833029 7.919145 0.004088
v 0.533673 8.014562 -0.005853
v 0.483339 7.998659 0.376894
v 0.112455 8.026488 0.376894
v -0.367045 7.915169 0.732302
v -0.767069 7.827704 0.699992
v -1.122058 7.684579 0.652770
v -1.418765 7.497722 0.608033
v -1.638646 7.279059 0.590636
v -1.800246 7.024615 0.595607
v -1.839983 7.020639 0.247655
v -1.916809 6.742341 0.610519
v -1.959196 6.730413 0.242684
v -1.784351 6.746316 0.998236
v -1.681033 7.012688 0.948529
v -1.543276 7.251229 0.898822
v -1.349887 7.442062 0.883909
v -1.079671 7.593138 0.933617
v -0.743227 7.704458 1.000722
v -0.374992 7.772044 1.045458
v 0.038278 7.942999 0.742243
v 0.003839 7.795898 1.060371
v 0.382671 7.772044 1.045458
v 0.422408 7.915169 0.732302
v -0.377641 7.565309 1.316364
v -0.740578 7.521576 1.256715
v -1.061127 7.450014 1.167242
v -1.275710 7.386403 1.077768
v -1.379027 7.235326 1.162271
v -1.124707 7.251229 1.348674
v -0.790912 7.279059 1.472942
v -0.409431 7.298937 1.545018
v -1.484994 7.004736 1.261686
v -1.209481 6.996785 1.492825
v -0.859790 7.000761 1.641947
v -0.446520 7.000761 1.723965
v -1.564469 6.742341 1.346188
v -1.267762 6.734389 1.597211
v -0.902177 6.726438 1.758760
v -0.470362 6.714511 1.845748
v 0.001190 6.714511 1.873087
v 0.001190 7.000761 1.748818
v 0.001190 7.306889 1.567386
v 0.001190 7.581211 1.333761
v 0.377372 7.565309 1.316364
v 0.409162 7.298937 1.545018
v 0.446251 7.000761 1.723965
v 0.470093 6.714511 1.845748
v 0.001190 6.436213 1.947648
v -0.478310 6.436213 1.920309
v -0.923370 6.448140 1.830835
v -1.310149 6.456091 1.664316
v -1.628049 6.460067 1.398381
v -1.866475 6.460067 1.033032
v -2.012179 6.452115 0.625431
v -2.096953 6.157914 0.620460
v -1.951248 6.165865 1.040488
v -1.696928 6.165865 1.415779
v -1.352536 6.161890 1.691655
v -0.941914 6.153938 1.868116
v -0.483608 6.145987 1.962560
v 0.001190 6.145987 1.989899
v -0.496854 5.871665 1.974987
v -0.971055 5.784199 1.880543
v -1.392273 5.883592 1.694140
v -1.794947 5.816005 1.410808
v -2.033372 5.891543 1.025576
v -2.200270 5.796126 0.593121
v -2.091654 5.672880 0.995751
v -2.022776 5.553609 1.144873
v -1.972442 5.426387 1.234347
v -2.123444 5.223627 0.893851
v -2.189673 5.561561 0.809348
v -2.247955 5.418436 0.695021
v -2.263850 5.450242 0.560811
v -2.226762 5.132186 0.523531
v -2.247955 5.378679 0.406719
v -2.197621 5.112308 0.349555
v -2.149936 5.179894 0.083620
v -2.104900 4.814131 0.344584
v -2.218814 5.187846 0.687565
v -2.224113 5.513853 0.307304
v -2.202919 5.645050 0.158182
v -2.181726 5.875640 0.188006
v -2.126093 6.153938 0.217830
v -2.049268 6.444164 0.235228
v -1.938002 6.690657 -0.095326
v -1.895616 6.615119 -0.351319
v -2.009530 6.420310 -0.125151
v -2.073110 6.134060 -0.164917
v -2.131392 5.780224 -0.197226
v -2.179077 5.541682 -0.023250
v -2.160533 5.414460 -0.142548
v -2.128743 5.183870 -0.154975
v -2.089005 5.140138 -0.286700
v -2.028074 4.893645 -0.179829
v -1.988337 4.849912 -0.117694
v -1.945950 4.901596 -0.043133
v -1.710174 4.492100 -0.378658
v -1.948599 4.786301 -0.304097
v -1.945950 4.861839 -0.376173
v -2.043969 5.128211 -0.388600
v -2.104900 5.390606 -0.336407
v -1.969792 5.167967 -0.522810
v -2.139339 5.450242 -0.241963
v -2.081058 5.521804 -0.383629
v -2.036022 5.656977 -0.492985
v -2.020127 5.883592 -0.495471
v -1.969792 6.145987 -0.492985
v -1.919458 6.408382 -0.450734
v -1.749911 6.468018 -0.709213
v -1.808193 6.710535 -0.465646
v -1.707525 6.794024 -0.575003
v -1.657190 6.980882 -0.483044
v -1.490293 6.968955 -0.706727
v -1.331342 7.163764 -0.744008
v -1.315447 7.036541 -0.761405
v -1.365782 6.849684 -0.793715
v -1.609505 6.710535 -0.741522
v -1.439958 6.650900 -0.803657
v -1.519433 6.436213 -0.806142
v -1.808193 6.161890 -0.731581
v -1.228025 6.790049 -0.721640
v -1.243920 7.080274 -0.791230
v -1.251867 7.116055 -0.786259
v -1.217428 7.239302 -0.811113
v -1.201533 7.279059 -0.848393
v -1.130005 7.366524 -0.848393
v -1.116760 7.279059 -0.952779
v -0.952511 7.513625 -0.880703
v -0.907475 7.489770 -0.970177
v -0.867738 7.378451 -1.156579
v -0.986950 7.350621 -1.047223
v -1.047881 7.251229 -1.079533
v -1.016091 7.235326 -1.131726
v -0.997547 7.207496 -1.171492
v -1.132655 7.100152 -1.084504
v -1.132655 7.175691 -1.032311
v -1.206831 7.104128 -0.982603
v -1.235972 7.020639 -0.982603
v -1.262464 6.909319 -0.980118
v -1.312798 6.865587 -0.883189
v -1.299552 6.980882 -0.883189
v -1.233323 7.116055 -0.932896
v -1.257166 7.131958 -0.890645
v -1.222726 7.211472 -0.883189
v -1.249218 7.147861 -0.835967
v -1.281008 7.028590 -0.796201
v -1.299552 6.976906 -0.813598
v -1.275710 7.064372 -0.860820
v -1.310149 6.893417 -0.813598
v -1.320746 6.829806 -0.821054
v -1.304851 6.742341 -0.875732
v -1.344588 6.627046 -0.634652
v -1.307500 6.738365 -0.801171
v -1.278359 6.599216 -0.803657
v -1.265113 6.555483 -0.858335
v -1.265113 6.778122 -0.962720
v -1.185638 6.957028 -1.074562
v -1.053180 7.112080 -1.164035
v -1.098215 6.992809 -1.154094
v -1.196235 6.821855 -1.049708
v -1.225376 6.615119 -0.917984
v -1.188287 6.420310 -0.808627
v -1.209481 6.563435 -0.776318
v -1.153848 6.531629 -0.821054
v -1.164445 6.682705 -0.992545
v -1.111461 6.857635 -1.124269
v -0.997547 7.024615 -1.216228
v -0.965757 7.143885 -1.221199
v -0.926019 7.251229 -1.211257
v -0.862439 7.259180 -1.253509
v -0.865089 7.179667 -1.273392
v -0.880984 7.064372 -1.265936
v -1.008144 6.893417 -1.183918
v -1.084970 6.726438 -1.059650
v -1.098215 6.623070 -0.920469
v -1.140602 6.634997 -0.821054
v -1.148550 6.829806 -0.796201
v -1.087619 6.718486 -0.878218
v -1.026688 6.666802 -0.977633
v -0.992249 6.766195 -1.121784
v -0.894229 6.937150 -1.231140
v -0.775017 7.088226 -1.290789
v -0.751174 7.215448 -1.305702
v -0.801508 7.314840 -1.265936
v -0.737928 7.370500 -1.273392
v -0.687594 7.310864 -1.308187
v -0.695542 7.227375 -1.288304
v -0.695542 7.131958 -1.278363
v -0.661102 6.964979 -1.176462
v -0.711437 7.076299 -1.278362
v -0.780315 6.961003 -1.253509
v -0.663752 7.207496 -1.288304
v -0.629312 7.191594 -1.340497
v -0.711437 6.992809 -1.251023
v -0.708788 6.929198 -1.226170
v -0.690243 6.905344 -1.151608
v -0.706138 6.813903 -1.124269
v -0.751174 6.917271 -1.096930
v -0.759122 6.972930 -1.072077
v -0.888931 6.937150 -1.019884
v -0.801508 6.873538 -1.074562
v -0.846544 6.813903 -1.047223
v -0.926019 6.801976 -1.004972
v -1.005494 6.925222 -0.945323
v -1.013442 6.770170 -0.942837
v -0.926019 6.694633 -1.039767
v -0.817403 6.754268 -1.054679
v -0.790912 6.694633 -1.091960
v -0.732630 6.690657 -1.119299
v -0.724683 6.805952 -1.193860
v -0.719384 6.881490 -1.218714
v -0.851843 6.698608 -1.074562
v -0.804158 6.730413 -1.146638
v -0.798859 6.821855 -1.201316
v -0.888931 6.801976 -1.171492
v -1.084970 6.881490 -0.875732
v -1.124707 7.004736 -0.744008
v -1.061127 7.064372 -0.835967
v -0.976354 7.104128 -0.903072
v -0.865089 7.108104 -0.957750
v -0.724683 7.084250 -1.002486
v -0.507451 7.068347 -1.037282
v -0.624014 7.235326 -0.843423
v -0.751174 7.287010 -0.801171
v -0.862439 7.287010 -0.768862
v -0.931318 7.259180 -0.704242
v -1.000196 7.195569 -0.624710
v -1.190936 6.957028 -0.555120
v -1.045232 7.147861 -0.443278
v -1.127356 7.131958 -0.147519
v -0.851843 7.314840 -0.080414
v -0.706138 7.378451 -0.249419
v -0.759122 7.366524 -0.443278
v -0.006757 7.648798 0.108474
v -0.629312 7.450014 -0.433337
v -0.653155 7.438087 -0.552634
v -1.286307 6.953052 -0.199712
v -0.502152 7.465916 -0.500442
v -0.467713 7.386403 -0.602342
v -0.274324 7.398329 -0.532751
v -0.107426 7.346645 -0.642108
v -0.420028 7.199545 -0.858335
v -0.144514 7.203521 -0.893130
v -0.168357 7.096177 -1.057164
v 0.141596 7.247253 -0.898101
v 0.088613 7.422184 -0.562576
v 0.276704 7.410256 -0.657020
v 0.366776 7.275083 -0.910528
v 0.268756 7.187618 -1.196345
v -0.192199 7.020639 -1.126755
v -0.231937 6.921247 -1.178948
v -0.441221 6.829806 -1.186404
v -0.380290 6.690657 -1.268421
v -0.563083 6.758244 -1.196345
v -0.539241 6.690657 -1.211257
v -0.639909 6.710535 -1.181433
v -0.645207 6.801976 -1.173977
v -0.629312 6.817879 -1.275877
v 0.252861 7.100152 -1.213743
v -0.547188 6.710535 -1.305701
v -0.605470 6.758244 -1.300731
v -0.544539 6.857635 -1.427485
v -0.629312 6.913295 -1.335526
v -0.610768 7.000761 -1.392689
v -0.626663 7.084250 -1.355409
v -0.515398 7.183642 -1.452338
v -0.539241 7.008712 -1.464765
v -0.435923 6.881490 -1.459794
v -0.430625 7.020639 -1.482163
v -0.396185 7.179667 -1.472221
v -0.337904 7.318816 -1.439912
v -0.377641 7.378451 -1.415058
v -0.449169 7.414232 -1.380263
v -0.560434 7.306889 -1.382748
v -0.250481 7.362548 -1.427485
v -0.295517 7.195569 -1.469736
v -0.327307 7.032566 -1.482163
v -0.345851 6.885466 -1.459794
v -0.422677 6.790049 -1.417543
v -0.475661 6.742341 -1.372806
v -0.364395 6.770170 -1.405116
v -0.300815 6.786073 -1.405116
v -0.250481 6.881490 -1.492104
v -0.112724 6.809927 -1.509502
v -0.221340 7.032566 -1.511987
v -0.263727 6.714511 -1.432455
v -0.229288 6.607167 -1.412572
v -0.139216 6.591264 -1.444882
v -0.168357 6.468018 -1.342982
v -0.062390 6.555483 -1.420028
v 0.001190 6.682705 -1.429970
v 0.064770 6.766195 -1.402631
v 0.001190 6.567410 -1.340497
v -0.096829 6.400431 -1.345467
v -0.165708 6.471993 -1.318128
v -0.237235 6.515726 -1.323099
v -0.125970 6.583313 -1.370321
v -0.017354 6.690657 -1.352924
v 0.093911 6.726438 -1.328070
v 0.152193 6.861611 -1.305701
v 0.051524 6.865587 -1.432455
v 0.019734 6.972930 -1.467250
v -0.091531 7.012688 -1.524414
v -0.192199 7.199545 -1.494590
v -0.181603 7.338694 -1.452338
v -0.091531 7.410256 -1.420029
v -0.020003 7.211472 -1.477192
v 0.088613 7.032566 -1.410087
v 0.162789 7.076299 -1.342982
v 0.160140 7.191594 -1.347953
v 0.191930 7.310864 -1.318128
v 0.115104 7.394354 -1.352924
v 0.268756 7.338694 -1.260965
v 0.199878 6.980882 -1.243567
v 0.062121 6.877514 -1.290789
v -0.017354 6.774146 -1.335526
v -0.057092 6.897392 -1.206287
v 0.319090 7.330743 -1.268421
v 0.382671 7.398329 -1.273392
v 0.496585 7.422184 -1.255994
v 0.753554 7.390378 -1.178948
v 0.872767 7.493746 -0.982603
v 0.936347 7.513625 -0.888159
v 1.013173 7.493746 -0.828510
v 1.084701 7.279059 -0.970177
v 0.933698 7.354597 -1.067106
v 0.973435 7.247253 -1.111843
v 1.058209 7.171715 -1.067106
v 1.127087 7.100152 -1.029825
v 1.005226 7.092201 -1.134211
v 1.129737 7.012688 -1.044738
v 1.124438 6.901368 -1.039767
v 1.214510 6.857635 -0.950294
v 1.217159 6.976906 -0.950294
v 1.172123 7.112080 -0.977633
v 1.201264 7.131958 -0.927925
v 1.235703 7.060396 -0.893130
v 1.262195 6.972930 -0.843423
v 1.227756 7.139910 -0.848393
v 1.182720 7.211472 -0.903072
v 1.177422 7.279059 -0.858335
v 1.116491 7.366524 -0.853364
v 1.185369 7.346645 -0.758920
v 1.010524 7.573260 -0.739037
v 1.087350 7.585187 -0.637137
v 1.068806 7.664701 -0.520325
v 1.100596 7.732287 -0.281729
v 1.145632 7.752166 0.016515
v 1.153579 7.736263 0.337128
v 0.822433 7.903242 0.361982
v 0.785344 7.827704 0.699992
v 0.745607 7.704458 1.000722
v 0.740309 7.521576 1.256715
v 0.790643 7.279059 1.472942
v 0.859521 7.000761 1.641947
v 0.901908 6.726438 1.758760
v 0.478041 6.436213 1.920309
v 0.483339 6.145987 1.962560
v 0.499234 5.871665 1.974987
v 0.001190 5.768297 2.002326
v -0.531293 5.656977 1.957589
v -0.737928 5.533731 1.912853
v -0.867738 5.394582 1.868116
v -0.578978 5.247481 1.853204
v -0.343202 5.525779 1.957590
v -0.205445 5.374703 1.942677
v 0.001190 5.414460 1.955104
v 0.205176 5.374703 1.942677
v 0.001190 5.100380 1.870602
v -0.247832 5.160016 1.878058
v -0.218691 4.810155 1.820894
v 0.001190 4.647152 1.766216
v 0.218422 4.810155 1.820894
v 0.247563 5.160016 1.878058
v 0.578709 5.247481 1.853204
v 0.345582 5.525779 1.957590
v 0.531024 5.656977 1.957589
v 0.970786 5.784199 1.880543
v 0.740309 5.533731 1.912853
v 0.870118 5.394582 1.868116
v 0.840977 5.152065 1.805982
v 0.999927 5.128211 1.761245
v 1.002576 5.442290 1.843262
v 1.148281 5.386631 1.788584
v 1.169474 5.148089 1.714023
v 1.127087 4.861839 1.641948
v 1.429093 5.235554 1.594725
v 1.251598 5.529755 1.761245
v 1.418496 5.668904 1.689169
v 1.392004 5.883592 1.694140
v 0.941645 6.153938 1.868116
v 1.352267 6.161890 1.691655
v 0.923101 6.448140 1.830835
v 1.598640 5.581439 1.574842
v 1.794678 5.816005 1.410808
v 1.725800 5.466144 1.482884
v 1.699308 5.239530 1.438147
v 1.852960 5.183870 1.293996
v 1.855609 5.497950 1.378498
v 1.972173 5.426387 1.234347
v 1.982769 5.167967 1.134932
v 1.892697 4.901596 1.060371
v 2.123175 5.223627 0.893851
v 2.022507 5.553609 1.144873
v 2.091385 5.672880 0.995751
v 2.033103 5.891543 1.025576
v 1.699308 6.165865 1.415779
v 1.309880 6.456091 1.664316
v 1.270143 6.734389 1.597211
v 1.209212 6.996785 1.492825
v 1.124438 7.251229 1.348674
v 1.060858 7.450014 1.167242
v 1.079402 7.593138 0.933617
v 1.275441 7.386403 1.077768
v 1.378758 7.235326 1.162271
v 1.484725 7.004736 1.261686
v 1.564200 6.742341 1.346188
v 1.627780 6.460067 1.398381
v 1.950979 6.165865 1.040488
v 2.200001 5.796126 0.593121
v 2.189404 5.561561 0.809348
v 2.247686 5.418436 0.695021
v 2.218545 5.187846 0.687565
v 2.226493 5.132186 0.523531
v 2.263581 5.450242 0.560811
v 2.247686 5.378679 0.406719
v 2.197352 5.112308 0.349555
v 2.104631 4.814131 0.344584
v 2.152316 5.179894 0.083620
v 2.223844 5.513853 0.307304
v 2.202650 5.645050 0.158182
v 2.181457 5.875640 0.188006
v 2.096684 6.157914 0.620460
v 1.866206 6.460067 1.033032
v 1.784081 6.746316 0.998236
v 1.683413 7.012688 0.948529
v 1.545656 7.251229 0.898822
v 1.349618 7.442062 0.883909
v 1.127087 7.684579 0.652770
v 1.418496 7.497722 0.608033
v 1.641026 7.279059 0.590636
v 1.799976 7.024615 0.595607
v 1.916540 6.742341 0.610519
v 2.011910 6.452115 0.625431
v 2.125824 6.153938 0.217830
v 2.131123 5.780224 -0.197226
v 2.178808 5.541682 -0.023250
v 2.160264 5.414460 -0.142548
v 2.128474 5.183870 -0.154975
v 2.088736 5.140138 -0.286700
v 2.139070 5.450242 -0.241963
v 2.104631 5.390606 -0.336407
v 2.043700 5.128211 -0.388600
v 1.945681 4.861839 -0.376173
v 1.969523 5.167967 -0.522810
v 2.080789 5.521804 -0.383629
v 2.035753 5.656977 -0.492985
v 2.019858 5.883592 -0.495471
v 2.072841 6.134060 -0.164917
v 2.048999 6.444164 0.235228
v 1.958927 6.730413 0.242684
v 1.839714 7.020639 0.247655
v 1.675465 7.290986 0.277479
v 1.450286 7.529527 0.307304
v 1.434391 7.545430 0.023971
v 1.376109 7.545430 -0.219595
v 1.333723 7.465916 -0.443278
v 1.225107 7.450014 -0.627195
v 1.317828 7.290986 -0.657020
v 1.415847 7.231350 -0.572517
v 1.545656 7.163764 -0.445763
v 1.455584 6.968955 -0.709213
v 1.307231 7.163764 -0.744008
v 1.312529 7.024615 -0.788745
v 1.373460 6.849684 -0.796201
v 1.585394 6.710535 -0.744008
v 1.686062 6.794024 -0.577488
v 1.630430 6.980882 -0.485529
v 1.786731 7.004736 -0.154975
v 1.572148 7.271107 -0.294156
v 1.558902 7.378451 -0.172373
v 1.648974 7.314840 0.001603
v 1.937733 6.690657 -0.095326
v 2.011910 6.420310 -0.125151
v 1.969523 6.145987 -0.492985
v 1.874153 5.851786 -0.739037
v 1.980120 5.565536 -0.617254
v 1.927137 5.474095 -0.726610
v 1.913891 5.279287 -0.724125
v 1.842363 5.068575 -0.761405
v 1.900645 5.076527 -0.612283
v 1.746993 4.857863 -0.813598
v 1.805275 4.993037 -0.515354
v 1.837065 5.028818 -0.577488
v 1.773485 4.861839 -0.701756
v 1.688711 4.893645 -0.599856
v 1.572148 4.710763 -0.721639
v 1.585394 4.655103 -0.826025
v 1.588043 4.678957 -0.900586
v 1.646325 4.818107 -0.942837
v 1.744344 5.020867 -0.890645
v 1.807924 5.263384 -0.853364
v 1.826468 5.557585 -0.821054
v 1.609236 5.617220 -0.858335
v 1.664869 5.259408 -0.917984
v 1.627780 5.012916 -0.962720
v 1.561551 4.841961 -1.002486
v 1.490024 4.706787 -1.027340
v 1.511217 4.627274 -0.990059
v 1.339021 4.531857 -1.062135
v 1.463532 4.643176 -0.865791
v 1.564200 4.853888 -0.746493
v 1.431742 4.682933 -0.913013
v 1.418496 4.678957 -0.997515
v 1.490024 4.841961 -0.955264
v 1.497971 4.822083 -0.850879
v 1.527112 4.977134 -0.942837
v 1.532410 5.112308 -0.930410
v 1.537709 4.965207 -0.813598
v 1.638377 5.016891 -0.674417
v 1.709905 5.076527 -0.557605
v 1.558902 4.997013 -0.796200
v 1.521814 5.012916 -0.793715
v 1.561551 5.024843 -0.701756
v 1.667518 5.004964 -0.473102
v 1.704606 4.865815 -0.396056
v 1.736396 4.826058 -0.453219
v 1.810573 4.889669 -0.478073
v 1.709905 4.492100 -0.378658
v 1.866206 4.810155 -0.440793
v 1.712554 4.778350 -0.306583
v 1.656921 5.028818 -0.338892
v 1.757590 4.845936 -0.189770
v 1.826468 4.818107 -0.130121
v 1.945681 4.901596 -0.043133
v 1.847662 5.088454 0.014030
v 1.728449 5.004964 -0.179829
v 1.633079 4.806180 -0.164917
v 1.611885 4.766423 -0.043133
v 1.712554 4.889669 0.110960
v 1.217159 4.511979 -0.100297
v 1.799976 5.016891 0.183035
v 1.852960 4.814131 0.267538
v 1.746993 4.981110 0.349555
v 1.598640 4.826058 0.158182
v 1.553604 4.913523 0.240199
v 1.574797 4.981110 0.302333
v 1.521814 4.790277 0.352040
v 1.508568 5.211700 0.294877
v 1.376109 4.746544 0.364467
v 1.323126 4.837985 0.389321
v 1.119140 4.531857 0.508619
v 1.233054 4.750520 0.448970
v 1.386706 5.219651 0.486250
v 1.447637 5.211700 0.419145
v 1.566850 4.738593 0.436543
v 1.667518 4.830034 0.538443
v 1.535059 5.513853 0.491221
v 1.598640 5.653001 0.466367
v 1.633079 5.776248 0.371923
v 1.603938 5.923348 0.675138
v 1.659570 5.990935 0.404233
v 1.646325 6.241404 0.451455
v 1.598640 6.241404 0.754670
v 1.463532 6.002862 0.936102
v 1.458234 6.249355 1.003207
v 1.548305 6.479945 0.796922
v 1.601289 6.475969 0.498677
v 1.564200 6.468018 0.130842
v 1.598640 6.233452 0.081135
v 1.609236 5.903470 0.031428
v 1.598640 5.645050 0.222801
v 1.556253 5.513853 0.120901
v 1.553604 5.557585 0.016515
v 1.521814 5.478071 -0.100297
v 1.447637 5.211700 -0.028221
v 1.476778 5.247481 0.105989
v 1.360214 4.877742 0.078650
v 1.399952 4.826058 0.140784
v 1.270143 4.722690 -0.050589
v 1.505919 5.581439 0.563297
v 1.423794 5.521804 0.605548
v 1.288687 4.794252 -0.154975
v 1.426444 5.179894 -0.150004
v 1.410549 5.163991 -0.326466
v 1.521814 5.605293 -0.212139
v 1.458234 5.716612 -0.455705
v 1.495322 5.990935 -0.381144
v 1.439689 5.986959 -0.711698
v 1.410549 6.217549 -0.686844
v 1.487374 6.233452 -0.333922
v 1.458234 6.460067 -0.294156
v 1.352267 6.440188 -0.679388
v 1.381408 5.470120 -0.550149
v 1.429093 5.740467 -0.724125
v 1.272792 6.627046 -0.679388
v 1.410549 6.638973 -0.259361
v 1.508568 6.650900 0.168123
v 1.537709 6.658851 0.533472
v 1.447637 6.805952 0.192977
v 1.352267 6.786073 -0.239478
v 1.211861 6.766195 -0.731581
v 1.291336 6.925222 -0.202197
v 1.376109 6.961003 0.202918
v 1.397303 6.988833 0.548384
v 1.471479 6.821855 0.553355
v 1.487374 6.670778 0.824261
v 1.410549 6.483921 1.040488
v 1.238352 6.245379 1.189610
v 1.246300 5.955154 1.087710
v 1.405250 5.804078 0.849114
v 1.429093 5.672880 0.707448
v 1.203913 5.235554 0.680109
v 1.267493 5.692759 0.876453
v 1.140333 5.561561 0.861541
v 1.074104 5.688783 0.978354
v 0.960190 5.804078 1.097651
v 0.968137 6.002862 1.226891
v 0.946944 6.245379 1.311393
v 1.193317 6.487896 1.224405
v 1.357565 6.678730 1.055400
v 1.423794 6.837757 0.836687
v 1.346968 7.008712 0.819290
v 1.238352 7.020639 1.028061
v 1.304582 6.845708 1.052915
v 1.153579 6.682705 1.229376
v 0.912505 6.483921 1.343703
v 0.623745 6.233452 1.376013
v 0.642289 5.923348 1.261686
v 0.811836 5.676856 1.057885
v 0.896610 5.326995 0.854085
v 1.039665 5.267360 0.757156
v 0.938996 4.873766 0.717390
v 1.023770 4.814131 0.744729
v 0.727063 4.551735 0.774553
v 1.190667 4.897620 0.821775
v 1.188018 4.853888 0.946044
v 1.455584 5.048697 0.953500
v 0.809187 4.774374 0.767097
v 0.724414 4.841961 0.819290
v 1.206562 4.909547 1.072798
v 1.357565 5.104356 1.117534
v 1.386706 4.881718 1.132447
v 1.214510 5.080502 1.274113
v 1.031717 4.798228 1.102622
v 0.941645 4.822083 1.167242
v 1.548305 4.798228 0.960956
v 1.553604 4.504027 0.963441
v 1.635728 4.849912 0.871483
v 1.741695 4.834009 0.836688
v 1.792029 5.048697 0.704963
v 1.887399 4.921474 0.836688
v 1.964225 5.052672 0.777039
v 1.903294 4.869791 0.933617
v 1.617184 4.973158 0.834202
v 1.553604 4.881718 0.784495
v 1.762888 4.830034 1.147359
v 1.601289 4.909547 1.358615
v 1.492673 4.889669 1.353645
v 1.384057 4.969183 1.358615
v 1.378758 4.873766 1.214464
v 1.328424 5.076527 1.423235
v 1.227756 4.893645 1.448089
v 1.190667 4.837985 1.552474
v 0.854223 4.515954 1.440633
v 1.084701 4.794252 1.366071
v 0.984032 4.818107 1.313879
v 0.848924 4.738593 1.346188
v 0.721764 4.841961 1.405837
v 0.801239 5.028818 1.271627
v 0.666132 5.032794 1.390925
v 0.491287 5.104356 1.525135
v 0.986681 4.993037 1.279083
v 0.565463 4.869791 1.311393
v 0.395916 4.778350 1.316364
v 0.247563 4.849912 1.376013
v 0.258160 4.496076 0.958471
v 0.584008 4.810155 1.182154
v 0.605201 4.861839 1.075283
v 0.229019 5.032794 1.480398
v 0.001190 5.012916 1.423235
v 0.189281 4.782325 1.520164
v 0.001190 4.655103 1.505252
v 0.001190 4.519930 1.572357
v -0.189550 4.782325 1.520164
v -0.300815 4.806180 1.597211
v -0.491556 5.104356 1.525135
v 0.300546 4.806180 1.597211
v 0.435654 4.917499 1.701596
v -0.435923 4.917499 1.701596
v -0.547188 5.104356 1.686684
v -0.637260 4.913523 1.639462
v -0.732630 4.834009 1.684199
v -0.833298 4.857863 1.721479
v -0.841246 5.152065 1.805982
v -1.000196 5.128211 1.761245
v -0.337904 4.834009 1.776157
v -1.002845 5.442290 1.843262
v -1.145900 5.386631 1.788584
v -1.251867 5.529755 1.761245
v -1.418765 5.668904 1.689169
v -1.429362 5.235554 1.594725
v -1.598909 5.581439 1.574842
v -1.169743 5.148089 1.714023
v -1.127356 4.861839 1.641948
v -0.955160 4.746544 1.644433
v -0.854492 4.515954 1.440633
v -0.676997 4.826058 1.507738
v -0.722033 4.841961 1.405837
v -0.666401 5.032794 1.390925
v -0.801508 5.028818 1.271627
v -0.565732 4.869791 1.311393
v -0.849194 4.738593 1.346188
v -0.984301 4.818107 1.313879
v -1.084970 4.794252 1.366071
v -1.228025 4.893645 1.448089
v -1.214779 5.080502 1.274113
v -1.328693 5.076527 1.423235
v -1.190936 4.837985 1.552474
v -0.986950 4.993037 1.279083
v -0.941914 4.822083 1.167242
v -0.804158 4.730641 1.087710
v -0.727332 4.551735 0.774553
v -0.706138 4.774374 1.028061
v -0.674348 4.957256 1.080254
v -0.605470 4.861839 1.075283
v -0.584276 4.810155 1.182154
v -0.255779 4.496076 0.958471
v -0.396185 4.778350 1.316364
v -0.247832 4.849912 1.376013
v -1.031986 4.798228 1.102622
v -1.206831 4.909547 1.072798
v -0.229288 5.032794 1.480398
v -0.133918 4.798228 1.276598
v -0.051793 4.857863 1.189610
v -0.107426 4.790277 1.045459
v 0.001190 5.183870 1.060371
v -0.181603 4.853888 0.975868
v 0.001190 5.036769 1.224405
v 0.051524 4.857863 1.189610
v 0.107157 4.790277 1.045459
v 0.181334 4.853888 0.975868
v 0.162789 5.223627 1.030546
v 0.117754 5.517828 1.115049
v 0.329687 5.311092 1.035517
v 0.289950 4.770398 0.951015
v 0.406513 4.865815 0.941073
v 0.480690 4.790277 0.978354
v 0.133649 4.798228 1.276598
v 0.607850 5.163991 0.960956
v 0.475392 5.235554 0.990780
v 0.533673 5.529755 1.080254
v 0.462146 5.664928 1.157300
v 0.334985 5.784199 1.226891
v 0.205176 5.660953 1.169727
v 0.001190 5.915397 1.296481
v 0.001190 5.581439 1.144873
v -0.118023 5.517828 1.115049
v -0.160409 5.223627 1.030546
v -0.329956 5.311092 1.035517
v -0.290219 4.770398 0.951015
v -0.406782 4.865815 0.941073
v -0.480959 4.790277 0.978354
v -0.608119 5.163991 0.960956
v -0.682296 4.758471 0.903793
v -0.724683 4.841961 0.819290
v -0.809456 4.774374 0.767097
v -0.936616 4.873766 0.717390
v -0.894229 5.326995 0.854085
v -0.729981 5.227602 0.893851
v -0.716735 5.525779 1.013149
v -0.626663 5.593366 1.085225
v -0.642558 5.923348 1.261686
v -0.533942 5.529755 1.080254
v -0.475661 5.235554 0.990780
v -0.462415 5.664928 1.157300
v -0.335255 5.784199 1.226891
v -0.205445 5.660953 1.169727
v -0.324658 5.990935 1.326305
v -0.812105 5.676856 1.057885
v -0.960459 5.804078 1.097651
v -0.968406 6.002862 1.226891
v -0.947213 6.245379 1.311393
v -1.235972 6.245379 1.189610
v -1.243920 5.955154 1.087710
v -1.074373 5.688783 0.978354
v -1.137953 5.561561 0.861541
v -1.039934 5.267360 0.757156
v -1.204182 5.235554 0.680109
v -0.624014 6.233452 1.376013
v -0.308763 6.233452 1.405837
v -1.024039 4.814131 0.744729
v -1.190936 4.897620 0.821775
v -1.188287 4.853888 0.946044
v -1.455853 5.048697 0.953500
v -1.355185 5.104356 1.117534
v -1.386975 4.881718 1.132447
v -1.379027 4.873766 1.214464
v -1.381677 4.969183 1.358615
v -1.492942 4.889669 1.353645
v -1.553873 4.504027 0.963441
v -1.548574 4.798228 0.960956
v -1.635997 4.849912 0.871483
v -1.741964 4.834009 0.836688
v -1.887668 4.921474 0.836688
v -1.792298 5.048697 0.704963
v -1.614804 4.973158 0.834202
v -1.553873 4.881718 0.784495
v -1.392273 4.810155 0.784495
v -1.267762 4.845936 0.759641
v -1.281008 5.032794 0.806863
v -1.567119 4.782325 0.645314
v -1.119409 4.531857 0.508619
v -1.667787 4.830034 0.538443
v -1.567119 4.738593 0.436543
v -1.522083 4.790277 0.352040
v -1.747262 4.981110 0.349555
v -1.779052 4.993037 0.533472
v -1.832036 4.806180 0.501163
v -1.177691 4.770398 0.610519
v -1.885019 4.814131 0.575724
v -1.975091 4.909547 0.677624
v -1.964494 5.052672 0.777039
v -1.900914 4.869791 0.933617
v -1.892967 4.901596 1.060371
v -1.983038 5.167967 1.134932
v -1.853229 5.183870 1.293996
v -1.763157 4.830034 1.147359
v -1.601558 4.909547 1.358615
v -1.699577 5.239530 1.438147
v -1.726069 5.466144 1.482884
v -1.855878 5.497950 1.378498
v -2.141989 4.897620 0.613004
v -2.094303 4.766423 0.473824
v -1.842632 4.523906 0.409204
v -2.057215 4.861839 0.650285
v -1.824088 4.710763 0.386836
v -1.850580 4.814131 0.267538
v -1.800246 5.016891 0.183035
v -1.847931 5.088454 0.014030
v -1.710174 4.889669 0.110960
v -1.911511 4.818107 0.212860
v -1.993635 4.881718 0.158182
v -1.998933 5.056648 0.048825
v -1.826737 4.818107 -0.130121
v -1.757859 4.845936 -0.189770
v -1.712823 4.778350 -0.306583
v -1.702226 4.865815 -0.396056
v -1.657190 5.028818 -0.338892
v -1.728718 5.004964 -0.179829
v -1.633348 4.806180 -0.164917
v -2.043969 4.798228 0.242684
v -1.612154 4.766423 -0.043133
v -1.217428 4.511979 -0.100297
v -1.498240 4.718714 -0.256875
v -1.434660 4.778350 -0.319009
v -1.482345 4.973158 -0.351319
v -1.410818 5.163991 -0.326466
v -1.450555 5.044721 -0.448249
v -1.543276 5.048697 -0.488015
v -1.294254 4.718714 -0.256875
v -1.288956 4.794252 -0.154975
v -1.424063 5.179894 -0.150004
v -1.522083 5.478071 -0.100297
v -1.447906 5.211700 -0.028221
v -1.270411 4.722690 -0.050589
v -1.360483 4.877742 0.078650
v -1.477047 5.247481 0.105989
v -1.556522 5.513853 0.120901
v -1.553873 5.557585 0.016515
v -1.606856 5.903470 0.031428
v -1.522083 5.605293 -0.212139
v -1.458503 5.716612 -0.455705
v -1.495591 5.990935 -0.381144
v -1.439958 5.986959 -0.711698
v -1.429362 5.740467 -0.724125
v -1.381677 5.470120 -0.550149
v -1.360483 5.175919 -0.500441
v -1.336641 4.985085 -0.567546
v -1.408168 4.969183 -0.657020
v -1.426713 4.925450 -0.729095
v -1.577715 5.084478 -0.584944
v -1.667787 5.004964 -0.473102
v -1.710174 5.076527 -0.557605
v -1.736665 4.826058 -0.453219
v -1.810842 4.889669 -0.478073
v -1.866475 4.810155 -0.440793
v -1.805544 4.993037 -0.515354
v -1.837334 5.028818 -0.577488
v -1.900914 5.076527 -0.612283
v -1.842632 5.068575 -0.761405
v -1.747262 4.857863 -0.813598
v -1.771105 4.861839 -0.701756
v -1.686331 4.893645 -0.599856
v -1.638646 5.016891 -0.674417
v -1.559171 4.997013 -0.796200
v -1.522083 5.012916 -0.793715
v -1.561820 5.024843 -0.701756
v -1.416116 4.889669 -0.845908
v -1.243920 4.774374 -0.873247
v -1.175041 4.778350 -0.858335
v -1.169743 4.841961 -0.766376
v -1.235972 4.993037 -0.674417
v -1.270411 5.203749 -0.671932
v -1.363132 5.478071 -0.773832
v -1.609505 5.617220 -0.858335
v -1.620102 5.947203 -0.818569
v -1.410818 6.217549 -0.686844
v -1.487643 6.233452 -0.333922
v -1.598909 6.233452 0.081135
v -1.659840 5.990935 0.404233
v -1.643945 6.241404 0.451455
v -1.561820 6.468018 0.130842
v -1.455853 6.460067 -0.291671
v -1.400221 6.440188 -0.649564
v -1.585663 6.197671 -0.813598
v -1.871773 5.851786 -0.739037
v -1.349887 6.794024 -0.239478
v -1.408168 6.638973 -0.259361
v -1.360483 6.968955 0.202918
v -1.442608 6.805952 0.192977
v -1.508837 6.650900 0.168123
v -1.537978 6.658851 0.533472
v -1.598909 6.471993 0.498677
v -1.598909 6.241404 0.754670
v -1.604207 5.923348 0.675138
v -1.633348 5.776248 0.371923
v -1.598909 5.645050 0.222801
v -1.506188 5.211700 0.294877
v -1.400221 4.826058 0.140784
v -1.553873 4.913523 0.240199
v -1.598909 4.826058 0.158182
v -1.575066 4.981110 0.302333
v -1.376378 4.746544 0.364467
v -1.323395 4.837985 0.389321
v -1.233323 4.750520 0.448970
v -1.196235 4.849912 0.516075
v -1.384326 5.219651 0.486250
v -1.307500 5.219651 0.555841
v -1.445257 5.211700 0.419145
v -1.535329 5.513853 0.491221
v -1.598909 5.653001 0.466367
v -1.506188 5.581439 0.563297
v -1.424063 5.521804 0.605548
v -1.429362 5.672880 0.707448
v -1.405519 5.804078 0.849114
v -1.463801 6.002862 0.936102
v -1.458503 6.249355 1.003207
v -1.548574 6.479945 0.796922
v -1.484994 6.670778 0.824261
v -1.416116 6.833781 0.836687
v -1.466450 6.821855 0.553355
v -1.379027 6.992809 0.548384
v -1.169743 7.163764 0.197947
v -0.780315 7.386403 0.165638
v -0.896879 7.354597 0.401748
v -1.193586 7.183642 0.496192
v -1.328693 7.008712 0.819290
v -1.299552 6.845708 1.052915
v -1.357834 6.678730 1.055400
v -1.410818 6.483921 1.040488
v -1.193586 6.487896 1.224405
v -0.910124 6.483921 1.343703
v -0.600172 6.475969 1.413293
v -0.295517 6.464042 1.450574
v 0.001190 6.221525 1.413293
v 0.308494 6.233452 1.405837
v 0.324389 5.990935 1.326305
v 0.626394 5.593366 1.085225
v 0.716466 5.525779 1.013149
v 0.729712 5.227602 0.893851
v 0.682027 4.758471 0.903793
v 0.705869 4.774374 1.028061
v 0.674079 4.957256 1.080254
v 0.803889 4.730641 1.087710
v 0.599903 6.475969 1.413293
v 0.295248 6.464042 1.450574
v 0.001190 6.460067 1.463001
v 0.001190 6.650900 1.492825
v -0.284920 6.658851 1.477913
v -0.581627 6.666802 1.433176
v -0.883633 6.678730 1.353644
v -1.153848 6.678730 1.231861
v -1.108812 6.849684 1.219434
v -1.220077 7.020639 1.028061
v -1.135304 7.207496 0.729816
v -0.753823 7.418208 0.521045
v -0.785613 7.382427 0.724846
v -1.050530 7.215448 0.921190
v -1.039934 7.028590 1.189610
v -0.851843 6.845708 1.346188
v -0.560434 6.837757 1.435662
v -0.796210 7.024615 1.318849
v -0.880984 7.227375 1.055400
v -0.581627 7.430135 0.747214
v -0.507451 7.386403 0.926161
v -0.679647 7.215448 1.182154
v -0.520696 7.016663 1.410808
v -0.274324 6.825830 1.490340
v 0.003839 6.821855 1.510223
v -0.253130 7.008712 1.470457
v -0.438572 7.215448 1.256715
v -0.290219 7.426159 0.883909
v -0.157760 7.378451 1.033032
v -0.210744 7.207496 1.323820
v 0.009138 7.004736 1.487854
v 0.279353 6.825830 1.490340
v 0.279353 6.646924 1.480398
v 0.581358 6.666802 1.433176
v 0.568112 6.837757 1.435662
v 0.271405 7.008712 1.470457
v 0.014436 7.211472 1.328791
v 0.011787 7.422184 0.931131
v 0.181334 7.378451 1.033032
v 0.239615 7.207496 1.323820
v 0.541621 7.016663 1.410808
v 0.856872 6.845708 1.346188
v 0.883364 6.678730 1.353644
v 1.116491 6.849684 1.219434
v 0.814485 7.024615 1.316364
v 0.467444 7.215448 1.256715
v 0.313792 7.426159 0.883909
v 0.533673 7.382427 0.923675
v 0.708518 7.215448 1.182154
v 1.058209 7.028590 1.187125
v 0.909855 7.223399 1.055400
v 0.605201 7.430135 0.744729
v 0.811836 7.382427 0.722360
v 1.076753 7.215448 0.921190
v 1.164176 7.207496 0.727331
v 1.219808 7.179667 0.496192
v 1.190667 7.147861 0.197947
v 0.774748 7.418208 0.521045
v 0.920452 7.350621 0.401748
v 0.795941 7.374475 0.165638
v 0.867469 7.267132 -0.070473
v 1.135035 7.092201 -0.150004
v 1.174772 6.913295 -0.565061
v 0.689974 7.330743 -0.259361
v 0.711168 7.314840 -0.465646
v 1.026419 7.084250 -0.453220
v 0.938996 7.135934 -0.652049
v 1.060858 6.957028 -0.768862
v 1.082051 6.817879 -0.826025
v 0.957540 6.877514 -0.930411
v 0.936347 7.032566 -0.883189
v 0.819784 7.219423 -0.748979
v 0.549568 7.422184 -0.465646
v 0.525726 7.418208 -0.602342
v 0.358828 7.465916 -0.547664
v 0.533673 7.290986 -0.873247
v 0.695273 7.267132 -0.830996
v 0.607850 7.124007 -1.047223
v 0.419759 7.147861 -1.091960
v 0.430356 7.052444 -1.161550
v 0.607850 6.961003 -1.164035
v 0.785344 7.088226 -0.970177
v 0.406513 6.976906 -1.233626
v 0.319090 6.984858 -1.268421
v 0.308494 6.996785 -1.298245
v 0.364126 6.841733 -1.268421
v 0.329687 6.897392 -1.330555
v 0.364126 6.750292 -1.330555
v 0.425057 6.980882 -1.345467
v 0.332336 7.076299 -1.303216
v 0.361477 7.151837 -1.318128
v 0.337635 7.231350 -1.293275
v 0.454198 7.263156 -1.333041
v 0.472742 6.897392 -1.236111
v 0.541621 6.825830 -1.218714
v 0.586657 7.342670 -1.288304
v 0.652886 7.263156 -1.300731
v 0.758853 7.247253 -1.258480
v 0.748256 7.135934 -1.278363
v 0.854223 7.203521 -1.221199
v 0.909855 7.231350 -1.171492
v 0.878065 7.104128 -1.216228
v 0.883364 6.980882 -1.208772
v 0.742958 7.016663 -1.278362
v 0.607850 7.187618 -1.325585
v 0.589306 7.068347 -1.328070
v 0.446251 7.124007 -1.345467
v 0.584008 6.933174 -1.313158
v 0.737659 6.893417 -1.258479
v 0.878065 6.857635 -1.188889
v 1.002576 6.825830 -1.109357
v 1.010524 6.945101 -1.129240
v 1.116491 6.786073 -1.019884
v 1.201264 6.750292 -0.932896
v 1.262195 6.825830 -0.875732
v 1.259546 6.889441 -0.858335
v 1.243651 6.722462 -0.855850
v 1.206562 6.595240 -0.865791
v 1.177422 6.634997 -0.922954
v 1.111192 6.563435 -0.878218
v 1.097946 6.678730 -0.987574
v 1.121789 6.495848 -0.853364
v 1.050261 6.623070 -0.920469
v 0.984032 6.722462 -1.072077
v 0.862170 6.754268 -1.146638
v 0.724414 6.774146 -1.223684
v 0.576060 6.790049 -1.285818
v 0.451549 6.790049 -1.335526
v 0.454198 6.638973 -1.260965
v 0.398566 6.563435 -1.255994
v 0.467444 6.646924 -1.228655
v 0.499234 6.762219 -1.233626
v 0.666132 6.706559 -1.166521
v 0.536322 6.682705 -1.243567
v 0.825082 6.706559 -1.082018
v 0.941645 6.682705 -0.997516
v 1.058209 6.682705 -0.870762
v 0.949593 6.758244 -0.952779
v 0.811836 6.798000 -1.037282
v 0.660833 6.821855 -1.161550
v 0.803889 6.925222 -1.019884
v 1.251598 7.012688 -0.808627
v 1.238352 7.116055 -0.783774
v 1.211861 7.231350 -0.783774
v 1.217159 7.076299 -0.791230
v 1.439689 6.650900 -0.803657
v 1.519164 6.436213 -0.806142
v 1.585394 6.197671 -0.813598
v 1.619833 5.947203 -0.818569
v 1.807924 6.161890 -0.731581
v 1.919189 6.408382 -0.453220
v 1.895347 6.615119 -0.351319
v 1.799976 6.714511 -0.468132
v 1.741695 6.464042 -0.719154
v -1.826737 5.557585 -0.821054
v -1.808193 5.263384 -0.853364
v -1.927406 5.474095 -0.726610
v -1.914160 5.279287 -0.724125
v -1.980389 5.565536 -0.617254
v -1.744613 5.020867 -0.890645
v -1.646594 4.818107 -0.942837
v -1.588312 4.678957 -0.900586
v -1.585663 4.655103 -0.826025
v -1.572417 4.710763 -0.721639
v -1.564469 4.853888 -0.746493
v -1.535329 4.965207 -0.813598
v -1.532679 5.112308 -0.930410
v -1.500889 5.036769 -0.870762
v -1.469099 4.997013 -0.947808
v -1.429362 5.104356 -0.972662
v -1.344588 5.163991 -0.960235
v -1.209481 4.929426 -1.049708
v -1.281008 4.877742 -1.047223
v -1.357834 4.845936 -0.982603
v -1.201533 4.718714 -1.039767
v -1.169743 4.698836 -0.980118
v -0.857141 4.579565 -1.211257
v -1.074373 4.786301 -0.885674
v -1.055829 4.798228 -0.957750
v -1.140602 4.969183 -0.828510
v -1.257166 5.195797 -0.855849
v -1.479696 5.402533 -0.893130
v -1.665138 5.259408 -0.917984
v -1.527381 4.977134 -0.942837
v -1.498240 4.822083 -0.850879
v -1.432011 4.682933 -0.913013
v -1.463801 4.643176 -0.865791
v -1.339290 4.531857 -1.062135
v -1.511486 4.627274 -0.990059
v -1.490293 4.706787 -1.027340
v -1.559171 4.841961 -1.002486
v -1.628049 5.012916 -0.962720
v -1.490293 4.841961 -0.955264
v -1.418765 4.678957 -0.997515
v -1.108812 4.710763 -1.114328
v -1.111461 4.766423 -1.124269
v -1.010793 4.746544 -1.096930
v -1.127356 4.949305 -0.977632
v -1.267762 5.692759 0.876453
v 1.362863 5.478071 -0.773832
v 1.272792 5.203749 -0.671932
v 1.360214 5.175919 -0.500441
v 1.450286 5.044721 -0.448249
v 1.336372 4.985085 -0.567546
v 1.235703 4.993037 -0.674417
v 1.140333 4.969183 -0.828510
v 1.259546 5.195797 -0.855849
v 1.127087 4.949305 -0.977632
v 1.344319 5.163991 -0.960235
v 1.479427 5.402533 -0.893130
v 1.055560 4.798228 -0.957750
v 1.074104 4.786301 -0.885674
v 1.169474 4.841961 -0.766376
v 0.856872 4.579565 -1.211257
v 1.174772 4.778350 -0.858335
v 1.407899 4.969183 -0.657020
v 1.010524 4.746544 -1.096930
v 1.111192 4.766423 -1.124269
v 1.209212 4.929426 -1.049708
v 1.283388 4.877742 -1.047223
v 1.429093 5.104356 -0.972662
v 1.111192 4.710763 -1.114328
v 1.201264 4.718714 -1.039767
v 1.357565 4.845936 -0.982603
v 1.468830 4.997013 -0.947808
v 1.500620 5.036769 -0.870762
v 1.415847 4.889669 -0.845908
v 1.172123 4.698836 -0.980118
v 1.243651 4.774374 -0.873247
v 1.429093 4.925450 -0.729095
v 1.543007 5.048697 -0.488015
v 1.482076 4.973158 -0.351319
v 1.434391 4.778350 -0.319009
v 1.293985 4.718714 -0.256875
v 1.497971 4.718714 -0.256875
v 1.577446 5.084478 -0.584944
v 1.974822 4.909547 0.677624
v 1.884750 4.814131 0.575724
v 2.056946 4.861839 0.650285
v 2.141719 4.897620 0.613004
v 1.842363 4.523906 0.409204
v 2.094034 4.766423 0.473824
v 1.831767 4.806180 0.501163
v 1.778783 4.993037 0.533472
v 1.826468 4.710763 0.386836
v 1.911242 4.818107 0.212860
v 1.993366 4.881718 0.158182
v 2.043700 4.798228 0.242684
v 1.998664 5.056648 0.048825
v 1.988068 4.849912 -0.117694
v 2.027805 4.893645 -0.179829
v 1.948330 4.786301 -0.304097
v 1.566850 4.782325 0.645314
v 0.676728 4.826058 1.507738
v 0.636991 4.913523 1.639462
v 0.732361 4.834009 1.684199
v 0.833029 4.857863 1.721479
v 0.954891 4.746544 1.644433
v 0.546919 5.104356 1.686684
v 0.337635 4.834009 1.776157
v 1.280739 5.032794 0.806863
v 1.267493 4.845936 0.759641
v 1.177422 4.770398 0.610519
v 1.392004 4.810155 0.784495
v 1.195966 4.849912 0.516075
v 1.307231 5.219651 0.555841
vn 0.0970 0.3327 -0.9380
vn 0.1114 0.3282 -0.9380
vn 0.1809 0.2908 -0.9395
vn 0.2032 0.3343 -0.9203
vn -0.0453 -0.3683 -0.9286
vn -0.0302 -0.3739 -0.9270
vn -0.0264 -0.3619 -0.9318
vn 0.2537 0.3337 -0.9079
vn -0.0340 -0.3572 -0.9334
vn 0.2425 0.3370 -0.9097
vn -0.0302 -0.4418 -0.8966
vn -0.0265 -0.4064 -0.9133
vn 0.2364 0.3414 -0.9097
vn -0.0264 -0.3620 -0.9318
vn 0.2423 0.2917 -0.9253
vn -0.0584 -0.3623 -0.9302
vn 0.2498 0.2030 -0.9468
vn 0.1768 0.2010 -0.9635
vn 0.2497 0.0963 -0.9635
vn 0.1760 0.0943 -0.9799
vn 0.2607 -0.0376 -0.9647
vn 0.1874 -0.0375 -0.9816
vn 0.2771 -0.1179 -0.9536
vn 0.1826 -0.1839 -0.9658
vn 0.2994 -0.1663 -0.9395
vn -0.0490 -0.3554 -0.9334
vn 0.3071 -0.1933 -0.9318
vn -0.0658 -0.3610 -0.9302
vn 0.2927 -0.1931 -0.9365
vn -0.0565 -0.3544 -0.9334
vn 0.1833 -0.2646 -0.9468
vn -0.0774 -0.1794 -0.9807
vn 0.0707 -0.2228 -0.9723
vn -0.0618 -0.2561 -0.9647
vn 0.0525 -0.2495 -0.9670
vn -0.0395 -0.2261 -0.9733
vn -0.0618 -0.2560 -0.9647
vn -0.1418 -0.1805 -0.9733
vn 0.0726 -0.2087 -0.9753
vn -0.1591 -0.2152 -0.9635
vn 0.1004 -0.1259 -0.9870
vn -0.0457 -0.0942 -0.9945
vn -0.0566 -0.1081 -0.9925
vn 0.1093 -0.0299 -0.9936
vn 0.1062 0.0902 -0.9902
vn 0.1072 0.1933 -0.9753
vn 0.1034 0.2694 -0.9575
vn 0.1098 0.3330 -0.9365
vn -0.0456 -0.0942 -0.9945
vn -0.0301 -0.1317 -0.9908
vn -0.0617 -0.2560 -0.9647
vn -0.0774 -0.1793 -0.9807
vn -0.0510 -0.5575 -0.8286
vn -0.0302 -0.4419 -0.8966
vn -0.1114 0.3282 -0.9380
vn -0.0970 0.3327 -0.9380
vn -0.1777 0.2927 -0.9395
vn -0.1133 0.3319 -0.9365
vn -0.0340 -0.5406 -0.8406
vn -0.0547 -0.6311 -0.7738
vn -0.0302 -0.6053 -0.7955
vn -0.0264 -0.6949 -0.7186
vn -0.0302 -0.6053 -0.7954
vn -0.2064 0.3323 -0.9203
vn -0.2537 0.3337 -0.9079
vn -0.0057 -0.6502 -0.7598
vn -0.2456 0.3349 -0.9097
vn 0.0830 -0.7509 -0.6552
vn -0.2394 0.3392 -0.9097
vn 0.1016 -0.6974 -0.7094
vn -0.2394 0.2941 -0.9253
vn -0.0000 -0.7555 -0.6552
vn -0.2474 0.2059 -0.9468
vn -0.1768 0.2009 -0.9635
vn -0.2497 0.0963 -0.9635
vn -0.1760 0.0943 -0.9799
vn -0.2612 -0.0339 -0.9647
vn -0.1866 -0.0412 -0.9816
vn -0.2771 -0.1179 -0.9536
vn -0.1852 -0.1811 -0.9659
vn -0.2975 -0.1696 -0.9395
vn 0.0114 -0.7291 -0.6843
vn -0.3071 -0.1933 -0.9318
vn -0.0961 -0.7167 -0.6907
vn -0.2906 -0.1962 -0.9365
vn -0.0942 -0.6890 -0.7186
vn -0.1864 -0.2624 -0.9468
vn 0.0113 -0.6763 -0.7366
vn -0.0708 -0.2228 -0.9723
vn -0.0113 -0.6468 -0.7626
vn -0.0525 -0.2495 -0.9670
vn 0.0415 -0.5976 -0.8007
vn -0.0690 -0.2100 -0.9753
vn 0.0284 -0.5664 -0.8237
vn -0.1033 -0.1235 -0.9870
vn 0.0415 -0.4330 -0.9004
vn -0.1093 -0.0300 -0.9936
vn -0.1062 0.0902 -0.9902
vn -0.1105 0.1914 -0.9753
vn -0.1034 0.2694 -0.9575
vn 0.0359 -0.4648 -0.8847
vn 0.0414 -0.3850 -0.9220
vn 0.0377 -0.3975 -0.9168
vn 0.0490 -0.3841 -0.9220
vn 0.3750 -0.1961 -0.9061
vn 0.3231 -0.1466 -0.9350
vn 0.3739 -0.1896 -0.9079
vn 0.3282 -0.1114 -0.9380
vn 0.3710 -0.0000 -0.9286
vn 0.3663 0.0227 -0.9302
vn 0.0528 -0.3917 -0.9186
vn 0.3744 0.0227 -0.9270
vn 0.0565 -0.3831 -0.9220
vn 0.3785 0.0227 -0.9253
vn 0.0547 -0.3874 -0.9203
vn 0.3854 -0.0677 -0.9203
vn 0.4039 -0.1122 -0.9079
vn 0.0640 -0.3819 -0.9220
vn 0.4038 -0.1264 -0.9061
vn 0.0621 -0.3863 -0.9203
vn 0.3831 -0.0974 -0.9186
vn 0.0833 -0.2320 -0.9691
vn 0.3504 -0.0151 -0.9365
vn 0.0835 -0.0701 -0.9940
vn 0.3751 -0.0000 -0.9270
vn 0.3825 0.0227 -0.9237
vn 0.4152 -0.0076 -0.9097
vn 0.3936 0.1048 -0.9133
vn 0.0457 0.0149 -0.9988
vn 0.2318 0.0302 -0.9723
vn 0.2210 0.0884 -0.9713
vn 0.1948 0.0152 -0.9807
vn 0.2318 -0.0302 -0.9723
vn -0.3750 -0.1962 -0.9060
vn -0.4297 -0.1483 -0.8907
vn -0.3750 -0.1961 -0.9061
vn -0.4334 -0.1086 -0.8946
vn -0.3953 -0.0000 -0.9186
vn -0.3986 0.0227 -0.9168
vn -0.3908 0.0189 -0.9203
vn 0.2147 -0.0813 -0.9733
vn -0.3866 0.0226 -0.9220
vn 0.2119 -0.0883 -0.9733
vn -0.3771 -0.0678 -0.9237
vn -0.3558 -0.1188 -0.9270
vn 0.2161 -0.1095 -0.9702
vn -0.3563 -0.1297 -0.9253
vn 0.0724 -0.2178 -0.9733
vn 0.0457 0.0148 -0.9988
vn 0.0113 -0.2377 -0.9713
vn -0.3799 -0.0936 -0.9203
vn 0.0833 -0.2320 -0.9692
vn -0.4151 -0.0113 -0.9097
vn 0.1756 -0.2237 -0.9587
vn -0.3912 0.0038 -0.9203
vn -0.3825 0.0227 -0.9237
vn -0.3505 -0.0113 -0.9365
vn -0.3686 0.1046 -0.9237
vn 0.1696 -0.2283 -0.9587
vn 0.1822 -0.2129 -0.9599
vn 0.1934 -0.2028 -0.9599
vn 0.2315 -0.1504 -0.9611
vn 0.0452 -0.0532 -0.9976
vn 0.0132 -0.2291 -0.9733
vn 0.2202 -0.1366 -0.9658
vn 0.0546 -0.3874 -0.9203
vn 0.0529 -0.3917 -0.9186
vn 0.2008 -0.1021 -0.9743
vn 0.1900 0.0741 -0.9790
vn 0.1385 0.0151 -0.9902
vn 0.1291 -0.0724 -0.9890
vn 0.1948 0.0151 -0.9807
vn 0.0518 -0.1200 -0.9914
vn 0.0664 -0.1075 -0.9920
vn 0.0114 -0.1128 -0.9936
vn 0.2210 0.0885 -0.9713
vn -0.1592 -0.2151 -0.9635
vn -0.1419 -0.1805 -0.9733
vn -0.1432 -0.0521 -0.9883
vn 0.0452 -0.0533 -0.9976
vn 0.0170 -0.2075 -0.9781
vn 0.0320 -0.1621 -0.9862
vn 0.0018 -0.5157 -0.8568
vn 0.0076 -0.1391 -0.9902
vn 0.0113 -0.1128 -0.9936
vn -0.0368 -0.0839 -0.9958
vn 0.1017 -0.6974 -0.7094
vn -0.0152 -0.1298 -0.9914
vn 0.0113 -0.7291 -0.6844
vn -0.0300 -0.1317 -0.9908
vn -0.0113 -0.6467 -0.7626
vn 0.0283 -0.5664 -0.8237
vn -0.1620 0.0840 -0.9832
vn -0.1500 0.1793 -0.9723
vn -0.1823 0.1249 -0.9753
vn -0.1591 0.0802 -0.9840
vn -0.1724 0.0227 -0.9848
vn -0.1871 0.0913 -0.9781
vn -0.2115 0.1091 -0.9713
vn -0.1915 0.1186 -0.9743
vn -0.1722 0.1009 -0.9799
vn -0.1220 0.0038 -0.9925
vn -0.1431 -0.0521 -0.9883
vn -0.1418 -0.1804 -0.9733
vn -0.8073 0.2385 -0.5398
vn -0.7105 0.1500 -0.6875
vn -0.5801 -0.8086 -0.0982
vn -0.6596 0.3177 -0.6812
vn -0.7156 0.3051 -0.6284
vn -0.6632 0.3793 -0.6452
vn -0.5978 0.2292 -0.7682
vn -0.9663 -0.0490 0.2528
vn 0.4925 -0.7901 0.3650
vn 0.7141 -0.6954 0.0807
vn 0.4170 -0.6695 0.6147
vn 0.1168 -0.9905 0.0720
vn -0.3261 -0.9451 0.0197
vn 0.5789 -0.5842 -0.5689
vn -0.2025 -0.9791 0.0196
vn -0.6703 -0.2369 0.7032
vn -0.0695 -0.6330 0.7710
vn -0.0019 -0.9794 -0.2018
vn 0.8098 -0.5865 0.0109
vn 0.5664 -0.6290 0.5324
vn 0.2102 -0.4668 0.8590
vn 0.0038 -0.6601 0.7512
vn 0.1111 -0.3369 0.9350
vn 0.0132 -0.8975 0.4409
vn 0.0434 -0.9929 0.1112
vn -0.7769 -0.5160 0.3609
vn -0.4478 -0.5754 0.6844
vn 0.0525 -0.4279 0.9023
vn 0.1276 -0.2910 0.9482
vn 0.2607 -0.2753 0.9253
vn -0.1355 -0.9806 -0.1416
vn -0.8435 -0.5103 -0.1674
vn -0.6911 -0.3257 -0.6452
vn 0.2266 -0.5951 0.7710
vn 0.4337 -0.4523 0.7793
vn -0.2883 -0.9387 -0.1889
vn 0.5870 -0.6790 0.4409
vn 0.0207 -0.5595 0.8286
vn -0.1821 -0.9674 -0.1761
vn -0.8147 -0.3314 -0.4759
vn -0.9641 -0.2466 -0.0981
vn 0.8954 -0.4378 -0.0807
vn 0.9624 -0.2318 -0.1415
vn 0.9437 -0.2828 -0.1717
vn 0.9243 -0.2317 -0.3032
vn 0.8238 -0.5155 -0.2359
vn 0.7951 -0.3661 -0.4835
vn 0.3617 -0.9323 -0.0066
vn 0.0491 -0.9916 0.1199
vn 0.2474 -0.5417 -0.8033
vn 0.5703 -0.5890 -0.5725
vn 0.8549 -0.4703 -0.2189
vn -0.2975 -0.9547 0.0022
vn -0.3398 -0.5582 -0.7569
vn -0.9151 -0.2609 0.3074
vn -0.1447 -0.9245 0.3527
vn -0.5679 -0.4760 0.6715
vn -0.1885 -0.5462 0.8161
vn 0.2956 -0.6225 0.7246
vn 0.8190 -0.4620 0.3404
vn 0.9149 -0.2461 0.3198
vn 0.8497 -0.2892 0.4409
vn 0.9744 -0.2246 -0.0066
vn 0.7781 -0.6157 0.1242
vn 0.3643 -0.8820 0.2990
vn 0.1411 -0.9887 0.0502
vn 0.2683 -0.9381 0.2189
vn -0.6541 -0.7035 -0.2781
vn -0.3752 -0.8257 -0.4212
vn 0.6852 -0.7278 0.0284
vn 0.4662 -0.8326 -0.2990
vn 0.4065 -0.8322 0.3771
vn 0.0793 -0.9946 -0.0677
vn -0.1955 -0.4892 -0.8499
vn -0.0638 -0.3281 -0.9425
vn 0.4235 -0.6932 -0.5832
vn 0.7462 -0.6009 -0.2865
vn -0.5555 -0.8314 0.0109
vn 0.2837 -0.8536 0.4370
vn 0.3061 -0.9275 0.2146
vn -0.6600 -0.6025 -0.4487
vn 0.4252 -0.3174 -0.8476
vn 0.6107 -0.6655 -0.4291
vn -0.1938 0.4112 -0.8907
vn -0.1122 0.4284 -0.8966
vn -0.7502 0.5693 -0.3363
vn -0.6935 -0.2051 -0.6907
vn -0.9586 0.2829 -0.0328
vn -0.9976 0.0415 0.0546
vn -0.4849 -0.8499 0.2060
vn 0.3091 -0.8782 0.3650
vn -0.0509 -0.8158 0.5760
vn 0.7036 -0.5346 -0.4681
vn 0.7383 -0.3508 -0.5760
vn 0.5970 -0.6224 -0.5062
vn 0.0020 0.0305 -0.9995
vn 0.3492 0.0825 -0.9334
vn 0.4255 -0.0377 -0.9042
vn -0.0000 0.3953 -0.9186
vn -0.5969 0.6543 -0.4642
vn -0.8724 0.4608 0.1631
vn -0.7007 -0.3183 0.6385
vn -0.8096 0.0188 0.5867
vn -0.3645 -0.5811 0.7277
vn -0.3441 -0.6462 0.6812
vn -0.9112 0.3218 0.2571
vn -0.8355 0.3879 -0.3893
vn -0.7914 0.5078 -0.3404
vn -0.9270 0.2607 0.2697
vn -0.2573 0.3001 -0.9186
vn -0.0833 0.2047 -0.9753
vn -0.8929 -0.0377 0.4487
vn -0.9520 0.2096 0.2231
vn -0.8850 0.1984 -0.4212
vn 0.5088 0.4741 -0.7186
vn 0.5977 0.2292 -0.7682
vn 0.6452 0.4538 -0.6147
vn 0.3731 0.4505 -0.8111
vn 0.4716 0.3969 -0.7874
vn 0.6625 -0.5997 -0.4488
vn 0.5941 0.6569 -0.4642
vn 0.8706 0.4641 0.1631
vn -0.0000 0.3952 -0.9186
vn -0.4275 -0.3143 -0.8476
vn -0.4258 -0.0340 -0.9042
vn 0.1122 0.4284 -0.8966
vn 0.7502 0.5693 -0.3363
vn 0.1938 0.4112 -0.8907
vn 0.7914 0.5078 -0.3404
vn 0.9125 0.3183 0.2571
vn -0.6135 -0.6629 -0.4291
vn 0.5331 -0.7048 -0.4681
vn -0.5730 -0.5263 -0.6283
vn -0.0536 0.1380 -0.9890
vn 0.8248 0.3942 -0.4053
vn 0.8151 0.2748 -0.5101
vn 0.9120 0.2095 0.3527
vn 0.9079 0.2387 0.3446
vn 0.8050 0.3595 -0.4720
vn -0.0826 0.1280 -0.9883
vn -0.1750 0.1047 -0.9790
vn -0.1925 0.1249 -0.9733
vn -0.5990 0.0076 -0.8007
vn -0.6778 -0.1054 -0.7277
vn -0.6969 -0.2519 -0.6715
vn -0.7204 -0.6390 -0.2697
vn -0.4299 -0.8704 0.2401
vn 0.2463 -0.5345 0.8085
vn 0.0797 0.2061 -0.9753
vn 0.7023 -0.3148 0.6385
vn -0.6852 -0.7278 0.0284
vn -0.3025 -0.9287 0.2146
vn -0.2873 -0.8524 0.4370
vn -0.7059 -0.5315 -0.4682
vn 0.2573 0.3001 -0.9186
vn -0.0057 0.0300 -0.9995
vn 0.6078 -0.4629 0.6452
vn 0.7951 0.1053 0.5973
vn 0.9311 0.1504 0.3322
vn 0.8355 0.3880 -0.3892
vn 0.9270 0.2607 0.2697
vn 0.8095 0.0226 0.5867
vn 0.3645 -0.5811 0.7277
vn 0.0471 -0.8161 0.5760
vn -0.7383 -0.3508 -0.5761
vn -0.3492 0.0825 -0.9334
vn -0.5942 -0.6250 -0.5063
vn -0.4662 -0.8326 -0.2990
vn 0.8053 -0.4882 0.3363
vn 0.7811 0.0602 0.6215
vn 0.1338 -0.3241 0.9365
vn -0.7648 -0.6210 0.1718
vn -0.8315 -0.4292 -0.3527
vn -0.8580 -0.2569 -0.4448
vn -0.8632 -0.1167 -0.4911
vn -0.8507 -0.2605 -0.4565
vn -0.6386 0.1389 -0.7569
vn -0.8418 -0.0076 -0.5398
vn -0.8795 -0.0000 -0.4758
vn -0.5417 0.1090 -0.8334
vn -0.8879 0.2021 -0.4132
vn -0.6180 0.1535 -0.7710
vn -0.9005 0.1354 -0.4132
vn -0.9120 0.0265 -0.4093
vn 0.6293 0.2295 -0.7425
vn 0.8098 0.3870 -0.4409
vn 0.8879 0.3183 -0.3322
vn 0.8819 0.2536 -0.3973
vn 0.6171 0.1572 -0.7710
vn -0.1250 -0.0189 -0.9920
vn -0.0899 -0.0336 -0.9954
vn 0.5400 0.2972 -0.7875
vn 0.7318 0.4254 -0.5324
vn 0.8587 0.4434 -0.2571
vn 0.9212 0.3402 -0.1889
vn 0.9477 0.2539 -0.1932
vn 0.8879 0.2021 -0.4132
vn 0.6394 0.1351 -0.7569
vn -0.1111 0.0226 -0.9936
vn -0.0951 0.0897 -0.9914
vn 0.0680 0.0297 -0.9972
vn -0.9050 0.0113 -0.4252
vn -0.9251 -0.1503 -0.3486
vn -0.9069 -0.2792 -0.3157
vn -0.8861 -0.3645 -0.2865
vn -0.6210 -0.7501 0.2274
vn 0.2287 0.1029 -0.9681
vn 0.9538 0.2465 -0.1718
vn 0.8270 0.1128 0.5508
vn 0.7023 0.4767 -0.5287
vn 0.9016 0.1279 0.4132
vn 0.8711 0.2240 0.4370
vn 0.9479 0.2465 -0.2018
vn 0.8012 0.4211 -0.4251
vn 0.9984 0.0377 -0.0415
vn -0.5652 -0.2626 0.7820
vn -0.5160 -0.1522 0.8430
vn -0.5772 -0.2350 0.7820
vn -0.7082 -0.1459 0.6907
vn -0.6595 -0.3248 -0.6780
vn -0.2756 -0.9458 0.1717
vn 0.5717 -0.2567 -0.7793
vn 0.7225 -0.2304 -0.6519
vn 0.5077 -0.4370 -0.7424
vn -0.6287 -0.2217 0.7454
vn -0.6263 -0.2467 0.7395
vn -0.6971 -0.2760 0.6617
vn -0.6501 -0.5078 0.5653
vn -0.5119 -0.5478 0.6617
vn -0.4462 -0.3558 0.8212
vn -0.3743 -0.0821 0.9237
vn -0.1595 -0.9460 0.2823
vn -0.3025 -0.9383 0.1674
vn -0.4288 -0.8936 0.1329
vn -0.7051 -0.2370 0.6683
vn -0.0603 -0.9587 0.2781
vn -0.5578 -0.8101 -0.1803
vn 0.2896 -0.6425 -0.7094
vn 0.3100 -0.6225 -0.7186
vn 0.3395 -0.5226 -0.7820
vn 0.3344 -0.3518 -0.8743
vn 0.3631 -0.9124 -0.1889
vn 0.4960 -0.6133 -0.6147
vn 0.1827 -0.5138 0.8382
vn -0.2923 -0.0524 0.9549
vn -0.0694 -0.0076 -0.9976
vn 0.2571 -0.1310 -0.9575
vn 0.3463 -0.2218 -0.9115
vn 0.4287 -0.2657 -0.8635
vn 0.4917 -0.2752 -0.8261
vn 0.3196 -0.5662 -0.7598
vn -0.3541 -0.7340 -0.5796
vn 0.8323 -0.5227 -0.1846
vn 0.9586 -0.2829 -0.0328
vn 0.9763 -0.1130 -0.1846
vn 0.9984 -0.0151 -0.0546
vn 0.5489 -0.0904 -0.8310
vn 0.4692 -0.0902 -0.8785
vn 0.4978 0.0528 -0.8657
vn 0.5910 0.0978 -0.8007
vn 0.6349 -0.1053 -0.7654
vn 0.3140 0.2953 -0.9023
vn 0.3853 0.0378 -0.9220
vn 0.2194 0.1027 -0.9702
vn -0.0799 0.2287 -0.9702
vn 0.2297 0.4533 -0.8613
vn 0.8281 0.0529 -0.5581
vn 0.7772 -0.0979 -0.6215
vn 0.3558 -0.0898 -0.9302
vn 0.2076 -0.0452 -0.9772
vn -0.1071 0.0372 -0.9936
vn -0.4847 0.0902 -0.8700
vn 0.5004 0.2344 -0.8335
vn 0.5518 0.3375 -0.7626
vn 0.6110 0.3869 -0.6907
vn 0.4197 0.5662 -0.7094
vn 0.4298 0.2983 -0.8522
vn 0.1604 0.5477 -0.8212
vn -0.0899 0.3890 -0.9168
vn -0.3592 0.1334 -0.9237
vn -0.6048 0.0378 -0.7955
vn -0.3210 -0.2165 0.9220
vn -0.3221 -0.3979 0.8590
vn -0.8146 -0.3768 0.4409
vn -0.4634 0.0789 -0.8826
vn 0.0151 -0.9176 0.3973
vn -0.7882 -0.0302 -0.6146
vn -0.7845 -0.1539 -0.6008
vn -0.3489 -0.5040 0.7901
vn -0.0075 -0.9996 0.0285
vn 0.0886 -0.8932 0.4409
vn -0.0885 -0.9527 0.2907
vn -0.5877 -0.7672 0.2571
vn -0.4087 -0.8034 0.4331
vn -0.3350 -0.6306 0.7001
vn -0.2553 -0.7171 0.6485
vn -0.0621 -0.7354 0.6748
vn -0.0452 -0.8825 0.4681
vn -0.1741 -0.8354 0.5213
vn -0.3183 -0.9113 0.2613
vn -0.4190 -0.9068 0.0458
vn -0.5555 -0.8314 0.0153
vn -0.6539 -0.7378 0.1674
vn -0.7317 -0.5390 0.4172
vn -0.6268 -0.7600 0.1717
vn -0.4571 -0.8672 0.1975
vn -0.4677 -0.8806 0.0764
vn -0.5965 -0.7722 0.2189
vn -0.7590 -0.5887 0.2781
vn -0.4064 -0.8998 0.1588
vn -0.4544 -0.8875 0.0764
vn -0.5780 -0.8052 -0.1329
vn -0.3402 -0.9398 -0.0328
vn -0.6222 -0.7819 0.0371
vn -0.6103 -0.7714 0.1804
vn -0.7835 -0.5748 0.2359
vn -0.3295 -0.9214 -0.2060
vn -0.4817 -0.8092 -0.3363
vn -0.8169 -0.5544 0.1588
vn -0.8314 -0.5555 -0.0109
vn -0.7941 -0.5564 -0.2444
vn -0.6710 -0.5417 -0.5063
vn -0.3420 -0.8035 -0.4873
vn -0.1949 -0.9510 -0.2401
vn -0.1521 -0.9136 -0.3771
vn -0.2417 -0.7782 -0.5796
vn -0.4889 -0.5076 -0.7094
vn -0.7443 -0.3057 -0.5938
vn -0.5380 -0.2386 -0.8085
vn -0.3421 -0.4568 -0.8212
vn -0.1612 -0.7694 -0.6181
vn -0.0867 -0.9407 -0.3281
vn -0.0585 -0.9032 -0.4251
vn -0.0923 -0.7527 -0.6518
vn -0.2282 -0.4154 -0.8806
vn -0.3607 -0.1617 -0.9186
vn -0.3321 -0.0377 -0.9425
vn -0.5311 -0.1237 -0.8382
vn -0.3055 0.0490 -0.9509
vn -0.2091 0.0377 -0.9772
vn -0.2344 -0.0889 -0.9681
vn -0.1210 -0.3847 -0.9151
vn 0.0019 -0.9388 -0.3445
vn 0.0547 -0.9035 -0.4252
vn 0.0885 -0.7532 -0.6519
vn -0.0000 -0.3711 -0.9286
vn -0.1252 -0.0375 -0.9914
vn -0.1037 0.0996 -0.9896
vn -0.0802 0.1591 -0.9840
vn -0.0000 0.1739 -0.9848
vn 0.0019 0.1177 -0.9930
vn 0.0039 -0.0170 -0.9998
vn 0.1230 -0.3882 -0.9133
vn 0.1650 -0.7713 -0.6147
vn 0.0848 -0.9394 -0.3322
vn 0.1523 -0.9119 -0.3811
vn 0.2382 -0.7819 -0.5761
vn 0.2254 -0.4256 -0.8764
vn 0.1228 -0.0447 -0.9914
vn 0.2060 0.0302 -0.9781
vn 0.2363 -0.0958 -0.9670
vn 0.3335 -0.4719 -0.8161
vn 0.3385 -0.8072 -0.4835
vn 0.2005 -0.9487 -0.2444
vn 0.3350 -0.9185 -0.2103
vn 0.4752 -0.8131 -0.3363
vn 0.4802 -0.5243 -0.7032
vn 0.3588 -0.1752 -0.9168
vn -0.1551 0.2333 -0.9599
vn 0.3353 -0.0453 -0.9410
vn 0.5340 -0.1274 -0.8358
vn 0.5344 -0.2628 -0.8033
vn 0.6547 -0.5680 -0.4987
vn 0.5736 -0.8075 -0.1372
vn 0.3386 -0.9396 -0.0502
vn 0.4496 -0.8920 0.0459
vn 0.6167 -0.7871 0.0153
vn 0.7755 -0.5839 -0.2401
vn 0.7365 -0.3367 -0.5867
vn 0.7558 -0.2162 -0.6181
vn 0.7669 -0.1129 -0.6318
vn 0.5264 -0.0227 -0.8499
vn 0.3061 0.0452 -0.9509
vn 0.1730 0.1079 -0.9790
vn 0.0803 0.1542 -0.9848
vn -0.0038 0.2676 -0.9635
vn -0.0691 0.2542 -0.9647
vn -0.0621 0.3740 -0.9253
vn -0.1695 0.4092 -0.8966
vn -0.2783 -0.7175 0.6385
vn 0.1014 -0.6720 0.7336
vn -0.1876 -0.9817 -0.0328
vn -0.3499 -0.8521 -0.3892
vn -0.8161 -0.3871 0.4291
vn -0.1933 -0.9778 -0.0808
vn 0.7301 -0.4978 -0.4681
vn -0.3535 0.0823 -0.9318
vn -0.4120 0.3572 -0.8382
vn -0.2939 0.4637 -0.8359
vn -0.3900 0.3486 -0.8522
vn -0.2806 0.4054 -0.8700
vn -0.9602 -0.2355 -0.1501
vn -0.5968 0.1238 -0.7928
vn -0.4780 0.2302 -0.8476
vn -0.1510 0.3522 -0.9237
vn -0.1192 0.4060 -0.9060
vn -0.0527 0.4199 -0.9061
vn -0.0038 0.3872 -0.9220
vn 0.0654 0.2551 -0.9647
vn 0.1582 0.2313 -0.9599
vn 0.2935 0.1992 -0.9350
vn 0.5130 0.1492 -0.8453
vn 0.7673 0.0604 -0.6385
vn 0.9258 -0.1950 -0.3239
vn 0.9011 -0.2972 -0.3157
vn 0.8698 -0.3955 -0.2949
vn 0.8141 -0.5804 -0.0197
vn 0.6190 -0.7762 0.1198
vn 0.4050 -0.9099 0.0895
vn 0.7228 0.2948 -0.6250
vn 0.9051 -0.4239 -0.0328
vn 0.6614 0.3826 -0.6452
vn 0.8970 0.2169 -0.3852
vn 0.6702 0.4160 -0.6147
vn 0.7165 0.3774 -0.5868
vn 0.9690 0.2024 -0.1415
vn 0.7513 0.2953 -0.5902
vn 0.6764 0.1868 -0.7125
vn 0.4641 -0.8793 0.1069
vn 0.6269 -0.7653 0.1459
vn 0.8105 -0.5544 0.1889
vn 0.8132 -0.5675 0.1285
vn 0.8987 -0.4166 0.1372
vn 0.9222 -0.3544 0.1545
vn 0.9372 -0.3473 -0.0328
vn 0.9705 -0.2392 -0.0284
vn 0.9425 -0.0377 -0.3322
vn 0.7141 0.3086 -0.6284
vn 0.6580 0.3211 -0.6812
vn 0.7872 0.3521 -0.5063
vn 0.9284 0.2683 -0.2571
vn 0.9884 0.1505 -0.0196
vn 0.7105 0.1500 -0.6876
vn 0.5801 -0.8086 -0.0982
vn -0.1560 -0.4556 -0.8764
vn 0.2028 -0.3714 -0.9061
vn 0.8073 0.2385 -0.5398
vn 0.9661 -0.0528 0.2528
vn 0.3542 -0.9092 -0.2189
vn 0.1784 -0.9681 -0.1760
vn 0.3071 -0.5143 0.8007
vn 0.5918 -0.2772 0.7569
vn 0.9796 0.1802 0.0894
vn -0.2830 -0.7953 0.5361
vn -0.7169 -0.6902 0.0982
vn 0.5555 -0.8314 0.0109
vn 0.9166 0.2095 0.3405
vn 0.9451 0.2536 0.2061
vn 0.9604 0.2319 0.1545
vn 0.9815 0.0302 0.1889
vn 0.9991 0.0377 -0.0197
vn 0.9942 -0.1055 -0.0197
vn 0.9519 -0.2538 0.1717
vn 0.9515 -0.2244 0.2103
vn 0.9131 -0.3542 0.2018
vn 0.8823 -0.4231 0.2061
vn 0.7156 -0.5218 0.4643
vn 0.1295 0.0516 -0.9902
vn 0.2251 -0.0076 -0.9743
vn 0.9510 -0.1949 -0.2401
vn 0.8985 -0.3962 -0.1889
vn 0.3064 -0.9432 -0.1286
vn 0.5244 -0.2896 -0.8007
vn -0.1377 -0.3091 -0.9410
vn -0.2683 -0.9381 0.2189
vn 0.6568 -0.7009 -0.2781
vn -0.1448 -0.9882 0.0503
vn 0.9612 0.1354 0.2401
vn 0.9756 -0.0151 0.2189
vn 0.9438 0.3046 0.1285
vn 0.9648 0.2318 0.1242
vn 0.9699 0.1949 0.1459
vn 0.9975 0.0453 0.0546
vn 0.6924 -0.2087 -0.6907
vn 0.0638 -0.3281 -0.9425
vn 0.0951 0.0897 -0.9914
vn 0.9374 -0.0904 -0.3363
vn 0.9683 -0.1205 0.2189
vn 0.9736 -0.1280 0.1889
vn 0.9051 0.0076 -0.4252
vn 0.8842 0.2021 -0.4212
vn 0.9520 0.2095 0.2231
vn 0.8929 -0.0377 0.4487
vn 0.3441 -0.6462 0.6812
vn -0.3055 -0.8794 0.3650
vn -0.4098 -0.8305 0.3771
vn -0.4092 -0.8094 0.4211
vn -0.8571 -0.5072 -0.0895
vn -0.1772 -0.6358 -0.7512
vn -0.4785 -0.3719 -0.7954
vn -0.7951 -0.3661 -0.4835
vn 0.2848 -0.9398 -0.1889
vn 0.9476 -0.2245 -0.2274
vn 0.3786 -0.8242 -0.4212
vn -0.0793 -0.9946 -0.0677
vn 0.4817 -0.8518 0.2061
vn 0.9692 0.1205 0.2146
vn 0.9520 0.1949 0.2359
vn 0.9586 0.2829 -0.0328
vn 0.9549 0.2900 0.0633
vn -0.4235 -0.6932 -0.5831
vn 0.1955 -0.4893 -0.8499
vn -0.7438 -0.6039 -0.2865
vn -0.6514 -0.7580 0.0328
vn -0.0491 -0.9916 0.1199
vn -0.5703 -0.5890 -0.5725
vn -0.9437 -0.2828 -0.1717
vn -0.2508 -0.5401 -0.8033
vn -0.8549 -0.4703 -0.2189
vn 0.2975 -0.9547 0.0022
vn 0.4103 -0.4782 0.7765
vn -0.0170 -0.5596 0.8286
vn 0.8147 -0.3314 -0.4759
vn 0.3365 -0.5602 -0.7569
vn 0.0207 -0.9639 0.2655
vn 0.8245 -0.2017 0.5287
vn 0.9611 -0.1503 0.2316
vn -0.3616 -0.9323 -0.0065
vn 0.9641 -0.2466 -0.0981
vn 0.0340 -0.9351 -0.3527
vn 0.9151 -0.2609 0.3074
vn 0.5700 -0.4732 0.6717
vn 0.1885 -0.5462 0.8161
vn -0.2956 -0.6225 0.7246
vn -0.8485 -0.2927 0.4409
vn -0.8171 -0.4653 0.3404
vn -0.7781 -0.6157 0.1242
vn -0.9744 -0.2246 -0.0066
vn -0.9159 -0.2425 0.3198
vn -0.6664 -0.3102 0.6779
vn -0.4408 -0.5087 0.7395
vn -0.5349 -0.2994 0.7901
vn -0.5830 -0.5870 0.5617
vn -0.1168 -0.9905 0.0720
vn -0.5525 -0.5778 -0.6008
vn -0.3643 -0.8820 0.2990
vn -0.5798 -0.1196 0.8059
vn -0.4723 -0.3450 0.8111
vn -0.5464 -0.0526 0.8359
vn -0.7166 0.1348 0.6844
vn -0.7128 -0.0414 0.7001
vn -0.8136 -0.0791 0.5761
vn -0.9637 -0.1467 -0.2231
vn -0.9274 0.0264 0.3731
vn -0.5427 0.8393 -0.0328
vn -0.4763 0.4019 0.7820
vn -0.7526 0.5636 -0.3404
vn -0.7506 0.6572 0.0677
vn 0.0696 -0.6597 0.7483
vn 0.0565 0.7921 0.6077
vn 0.3912 0.9160 -0.0895
vn 0.2098 -0.9529 -0.2189
vn -0.7447 -0.5112 0.4291
vn -0.7667 0.6149 0.1846
vn -0.8051 -0.3028 0.5100
vn -0.6428 0.7627 0.0720
vn -0.7656 -0.6364 -0.0938
vn 0.0613 0.0492 -0.9969
vn 0.4195 0.6711 -0.6112
vn 0.4165 0.8344 0.3609
vn -0.4995 0.8651 0.0459
vn -0.6902 -0.1426 -0.7094
vn -0.8721 -0.4810 0.0895
vn -0.3839 0.8257 -0.4133
vn -0.8441 -0.1091 0.5250
vn -0.5240 0.6174 -0.5867
vn -0.6104 0.2987 0.7336
vn -0.6382 0.3648 -0.6780
vn -0.3892 0.4690 0.7928
vn -0.8499 0.4668 0.2444
vn -0.0396 0.9786 0.2018
vn -0.6765 0.5419 -0.4988
vn -0.5704 0.5891 -0.5724
vn -0.7141 -0.6954 0.0807
vn -0.4957 -0.7881 0.3650
vn 0.6703 -0.2369 0.7032
vn 0.0658 -0.6334 0.7710
vn -0.4138 -0.6715 0.6147
vn 0.3261 -0.9451 0.0197
vn 0.2025 -0.9791 0.0196
vn -0.5789 -0.5842 -0.5689
vn 0.1410 -0.9251 0.3527
vn -0.9182 -0.3860 0.0895
vn -0.3876 -0.9073 -0.1631
vn -0.6925 -0.1312 0.7094
vn -0.4337 -0.8719 -0.2274
vn -0.6111 -0.5352 0.5832
vn 0.3194 -0.5231 -0.7901
vn -0.4954 -0.8077 -0.3198
vn -0.5897 -0.2218 -0.7765
vn 0.1398 0.1425 -0.9799
vn 0.3674 0.6263 -0.6875
vn 0.0754 -0.9774 -0.1975
vn -0.4386 0.4800 -0.7598
vn 0.2412 -0.9671 -0.0807
vn 0.8183 -0.2167 -0.5324
vn -0.7400 -0.1203 -0.6617
vn -0.9623 0.2611 0.0764
vn 0.2310 0.4777 0.8476
vn 0.3499 -0.8521 -0.3892
vn -0.5734 -0.7027 0.4212
vn -0.5985 -0.8006 -0.0284
vn -0.3120 -0.4649 -0.8286
vn -0.4428 0.3366 0.8310
vn -0.7676 0.2883 -0.5725
vn 0.2369 0.0226 -0.9713
vn -0.0561 0.0668 -0.9962
vn -0.4752 -0.6124 -0.6318
vn 0.6754 0.0754 -0.7336
vn -0.0547 0.3996 -0.9151
vn -0.9784 0.1616 0.1286
vn 0.5356 -0.2351 -0.8111
vn -0.0490 -0.5096 -0.8590
vn -0.4336 -0.8719 -0.2273
vn 0.3829 -0.0151 -0.9237
vn -0.0357 0.1658 -0.9855
vn -0.6765 0.5418 -0.4988
vn -0.8604 0.2748 0.4291
vn 0.7116 -0.1721 -0.6812
vn 0.6753 0.0754 -0.7336
vn 0.8258 -0.5617 0.0503
vn 0.5190 -0.6216 0.5868
vn -0.2856 -0.0412 0.9575
vn 0.3593 0.0745 0.9302
vn -0.2739 0.0337 0.9612
vn 0.3385 0.9391 0.0590
vn -0.9157 0.0227 -0.4013
vn -0.2552 -0.9050 0.3404
vn -0.1821 -0.9822 -0.0459
vn 0.6454 -0.7401 0.1889
vn -0.3301 -0.0000 0.9439
vn -0.3342 0.0037 0.9425
vn -0.8401 0.4632 -0.2823
vn 0.1130 0.9935 0.0109
vn 0.2865 0.0601 -0.9562
vn 0.1695 0.4092 -0.8966
vn 0.0584 0.3746 -0.9253
vn -0.6410 0.7304 -0.2359
vn -0.3383 -0.0038 0.9410
vn -0.9089 -0.2862 -0.3032
vn -0.8533 -0.2784 -0.4409
vn 0.3462 0.5016 -0.7928
vn -0.5607 -0.8051 -0.1932
vn -0.3544 0.0151 0.9350
vn -0.8624 0.3746 -0.3404
vn 0.3925 0.3458 -0.8522
vn 0.2691 0.5114 -0.8161
vn 0.2939 0.4637 -0.8358
vn 0.3624 0.2745 -0.8907
vn 0.2817 0.4000 -0.8722
vn 0.9642 -0.1430 -0.2231
vn 0.5427 0.8393 -0.0328
vn 0.9275 0.0226 0.3731
vn 0.4763 0.4019 0.7820
vn 0.7526 0.5636 -0.3405
vn 0.7506 0.6572 0.0677
vn 0.4095 0.3601 -0.8382
vn -0.0565 0.7921 0.6077
vn -0.3946 0.9145 -0.0895
vn 0.4797 0.2268 -0.8476
vn 0.0527 0.4199 -0.9061
vn 0.7667 0.6149 0.1846
vn 0.0415 0.3850 -0.9220
vn 0.1039 0.3003 -0.9482
vn 0.1213 0.2756 -0.9536
vn 0.6427 0.7627 0.0720
vn 0.1192 0.4060 -0.9061
vn 0.6902 -0.1426 -0.7094
vn -0.0636 0.0462 -0.9969
vn -0.4195 0.6711 -0.6112
vn 0.1510 0.3522 -0.9237
vn 0.1178 0.2166 -0.9691
vn 0.0273 0.0498 -0.9984
vn 0.3535 0.0823 -0.9318
vn 0.5027 0.8632 0.0459
vn 0.8739 -0.4777 0.0895
vn 0.8445 -0.1053 0.5250
vn 0.3839 0.8257 -0.4132
vn 0.6104 0.2987 0.7336
vn 0.5240 0.6174 -0.5867
vn 0.3892 0.4690 0.7928
vn 0.6400 0.3615 -0.6780
vn 0.0358 0.9788 0.2017
vn 0.8481 0.4701 0.2444
vn 0.5704 0.5890 -0.5725
vn 0.2806 0.4054 -0.8700
vn 0.6741 0.5448 -0.4988
vn 0.9196 -0.3825 0.0895
vn 0.3841 -0.9088 -0.1632
vn 0.6917 -0.1350 0.7094
vn 0.4336 -0.8719 -0.2274
vn 0.6086 -0.5380 0.5832
vn -0.3194 -0.5232 -0.7901
vn 0.0561 0.0669 -0.9962
vn -0.6750 0.0792 -0.7336
vn -0.2369 0.0226 -0.9713
vn 0.0509 0.4000 -0.9151
vn 0.7676 0.2883 -0.5725
vn 0.4428 0.3366 0.8310
vn -0.2276 0.4793 0.8476
vn 0.9623 0.2611 0.0764
vn -0.4199 0.8327 0.3609
vn 0.5975 0.1201 -0.7928
vn 0.3967 0.0453 -0.9168
vn 0.9790 0.1579 0.1286
vn 0.9593 -0.2391 -0.1501
vn -0.5102 -0.3520 -0.7847
vn 0.7400 -0.1203 -0.6617
vn 0.1429 -0.0151 -0.9896
vn 0.4414 0.4774 -0.7598
vn 0.0019 0.0349 -0.9994
vn 0.2977 0.0452 -0.9536
vn 0.1720 0.1706 -0.9702
vn -0.0000 0.3465 -0.9380
vn -0.1213 0.2756 -0.9536
vn -0.1039 0.3003 -0.9482
vn -0.0415 0.3850 -0.9220
vn -0.1211 0.2147 -0.9691
vn -0.3674 0.6263 -0.6875
vn -0.1398 0.1425 -0.9799
vn 0.8161 -0.3871 0.4291
vn 0.4782 -0.6100 -0.6318
vn 0.5897 -0.2218 -0.7765
vn 0.1970 -0.9771 -0.0808
vn -0.7280 -0.5009 -0.4681
vn 0.1374 -0.9142 -0.3812
vn -0.3195 -0.5231 -0.7901
vn -0.3829 -0.0151 -0.9237
vn 0.4337 -0.8719 -0.2273
vn 0.3842 -0.9087 -0.1631
vn 0.0393 0.1650 -0.9855
vn 0.8604 0.2748 0.4291
vn 0.5703 0.5890 -0.5725
vn -0.6749 0.0792 -0.7336
vn 0.9790 0.1580 0.1286
vn -0.0239 0.0515 -0.9984
vn 0.2861 -0.0375 0.9575
vn 0.2744 0.0300 0.9612
vn -0.3585 0.0782 0.9302
vn 0.5081 -0.3551 -0.7847
vn -0.3420 0.9378 0.0590
vn 0.9157 0.0226 -0.4013
vn -0.5495 -0.6813 0.4835
vn -0.9118 -0.4104 -0.0153
vn -0.1336 -0.9148 -0.3812
vn 0.8521 -0.2821 -0.4409
vn -0.6425 -0.7426 0.1889
vn 0.5607 -0.8052 -0.1932
vn 0.3544 0.0151 0.9350
vn 0.8625 0.3746 -0.3404
vn 0.3301 -0.0000 0.9439
vn 0.3383 -0.0075 0.9410
vn 0.9078 -0.2898 -0.3032
vn 0.6382 0.7328 -0.2359
vn -0.1125 -0.6234 0.7738
vn -0.0000 -0.9758 -0.2189
vn -0.1432 -0.0113 -0.9896
vn 0.0019 -0.9728 -0.2317
vn 0.9118 -0.4104 -0.0153
vn -0.2977 0.0452 -0.9536
vn -0.1693 0.1733 -0.9702
vn -0.8127 -0.3136 -0.4911
vn 0.3342 0.0075 0.9425
vn 0.8401 0.4632 -0.2823
vn -0.1130 0.9935 0.0109
vn 0.5525 -0.6790 0.4835
vn 0.8140 -0.3101 -0.4911
vn 0.1125 -0.6234 0.7738
vn -0.2647 -0.9563 -0.1242
vn -0.3633 -0.3553 -0.8612
vn -0.0472 -0.9927 0.1112
vn -0.6551 -0.7445 0.1286
vn -0.4018 -0.7916 0.4604
vn -0.1014 -0.6720 0.7336
vn -0.2226 -0.9510 -0.2146
vn -0.1756 -0.7259 0.6650
vn -0.4388 -0.6745 0.5938
vn 0.1876 -0.9817 -0.0328
vn 0.2748 -0.7189 0.6385
vn -0.1132 -0.3362 -0.9350
vn -0.5096 -0.5577 -0.6552
vn -0.7175 -0.6349 0.2865
vn -0.7775 -0.5555 -0.2949
vn 0.1355 -0.9806 -0.1416
vn -0.4337 -0.4523 0.7793
vn 0.3038 -0.3931 -0.8678
vn 0.6895 -0.3291 -0.6452
vn 0.8435 -0.5103 -0.1674
vn -0.2302 -0.5938 0.7710
vn 0.2667 -0.9627 -0.0459
vn 0.7748 -0.5191 0.3609
vn 0.4478 -0.5754 0.6844
vn -0.0525 -0.4279 0.9023
vn -0.2580 -0.2779 0.9253
vn -0.3718 -0.1850 0.9097
vn -0.4232 -0.1007 0.9004
vn -0.4063 -0.2859 0.8678
vn -0.2719 -0.1476 0.9509
vn -0.4919 -0.0339 0.8700
vn -0.2927 -0.0037 0.9562
vn -0.4950 0.0750 0.8657
vn -0.1726 -0.2045 0.9635
vn -0.2067 -0.4684 0.8590
vn -0.5692 -0.6265 0.5324
vn -0.1111 -0.3369 0.9350
vn -0.8098 -0.5865 0.0109
vn -0.0094 -0.8975 0.4409
vn -0.1276 -0.2910 0.9482
vn -0.6299 -0.6139 -0.4758
vn 0.0038 -0.4350 -0.9004
vn 0.6299 -0.6139 -0.4758
vn 0.3633 -0.3553 -0.8612
vn 0.2647 -0.9563 -0.1242
vn 0.6579 -0.7420 0.1285
vn 0.4388 -0.6745 0.5938
vn 0.1757 -0.7259 0.6650
vn -0.2704 -0.9617 -0.0459
vn 0.2189 -0.9519 -0.2146
vn 0.1784 -0.9829 -0.0459
vn 0.1097 -0.3374 -0.9349
vn -0.3068 -0.3908 -0.8679
vn 0.5096 -0.5577 -0.6552
vn 0.7753 -0.5586 -0.2949
vn 0.2516 -0.9060 0.3404
vn -0.2098 -0.9529 -0.2189
vn 0.4379 -0.5112 0.7395
vn -0.0734 -0.6593 0.7483
vn 0.6680 -0.3068 0.6780
vn 0.5857 -0.5844 0.5617
vn 0.7447 -0.5112 0.4291
vn 0.7175 -0.6349 0.2865
vn 0.4724 -0.3450 0.8111
vn -0.5220 -0.6191 0.5867
vn -0.8279 -0.5586 0.0503
vn -0.8183 -0.2167 -0.5324
vn 0.5330 -0.3027 0.7901
vn 0.7680 -0.6335 -0.0938
vn -0.0754 -0.9774 -0.1975
vn -0.5356 -0.2352 -0.8111
vn -0.7107 -0.1758 -0.6812
vn 0.5552 -0.5752 -0.6008
vn 0.0490 -0.5096 -0.8590
vn 0.4052 -0.7898 0.4604
vn 0.5705 -0.7050 0.4212
vn -0.2376 -0.9680 -0.0808
vn 0.5985 -0.8006 -0.0284
vn 0.3152 -0.4627 -0.8286
vn -0.3967 0.0453 -0.9168
vn -0.2857 0.0638 -0.9562
vn -0.3623 0.2745 -0.8907
vn -0.3731 0.4505 -0.8110
vn -0.3493 0.4994 -0.7928
vn -0.2690 0.5114 -0.8161
vn -0.2786 0.4021 -0.8722
vn -0.2914 0.2023 -0.9350
vn -0.5264 -0.0227 -0.8499
vn -0.7598 -0.2016 -0.6181
vn -0.8834 -0.3572 -0.3032
vn -0.5088 0.4741 -0.7186
vn -0.9205 -0.3894 -0.0328
vn -0.9043 -0.2827 -0.3198
vn -0.7674 -0.1091 -0.6318
vn -0.5130 0.1492 -0.8453
vn -0.4716 0.3968 -0.7874
vn -0.6452 0.4538 -0.6147
vn -0.6702 0.4160 -0.6147
vn -0.8970 0.2169 -0.3852
vn -0.7243 0.2913 -0.6249
vn -0.7673 0.0604 -0.6385
vn -0.9258 -0.1875 -0.3281
vn -0.9422 -0.3331 -0.0371
vn -0.9043 -0.3996 0.1501
vn -0.8778 -0.4096 0.2486
vn -0.9045 -0.3435 0.2528
vn -0.9249 -0.3474 0.1545
vn -0.9705 -0.2392 -0.0284
vn -0.9538 -0.2465 0.1717
vn -0.9306 -0.2647 0.2528
vn -0.9688 0.1242 0.2146
vn -0.9607 -0.1466 0.2359
vn -0.9612 0.1354 0.2401
vn -0.9814 0.0340 0.1889
vn -0.9756 -0.0151 0.2189
vn -0.9648 0.2318 0.1242
vn -0.9560 0.2864 0.0633
vn -0.9741 -0.1243 0.1889
vn -0.9449 0.3011 0.1285
vn -0.9528 0.1912 0.2359
vn -0.7165 0.3774 -0.5868
vn -0.7887 0.3487 -0.5063
vn -0.9284 0.2683 -0.2570
vn -0.9175 0.2058 0.3404
vn -0.9441 0.2572 0.2061
vn -0.5934 -0.2738 0.7569
vn -0.3039 -0.5163 0.8007
vn -0.9690 0.2024 -0.1415
vn -0.9604 0.2319 0.1545
vn -0.9699 0.1949 0.1459
vn -0.9802 0.1765 0.0894
vn -0.9884 0.1504 -0.0196
vn -0.9991 0.0377 -0.0197
vn -0.9950 -0.0980 -0.0197
vn -0.9410 -0.0377 -0.3363
vn -0.7526 0.2918 -0.5902
vn 0.4954 -0.8077 -0.3198
vn 0.1560 -0.4556 -0.8764
vn -0.2028 -0.3714 -0.9061
vn -0.3542 -0.9092 -0.2189
vn -0.6753 0.1904 -0.7125
vn 0.2865 -0.7940 0.5361
vn 0.7169 -0.6902 0.0982
vn -0.0340 -0.9351 -0.3527
vn -0.9476 -0.2246 -0.2274
vn 0.6514 -0.7580 0.0328
vn -0.0170 -0.9640 0.2655
vn -0.8254 -0.1981 0.5287
vn -0.4074 -0.4806 0.7765
vn -0.9611 -0.1503 0.2317
vn -0.5244 -0.2896 -0.8007
vn 0.1343 -0.3106 -0.9410
vn -0.3028 -0.9443 -0.1285
vn 0.1736 -0.6368 -0.7512
vn 0.8507 -0.2605 -0.4565
vn 0.4785 -0.3719 -0.7954
vn -0.8054 -0.4881 0.3363
vn -0.9305 0.1541 0.3322
vn -0.7813 0.0564 0.6216
vn 0.4126 -0.8077 0.4211
vn -0.1373 -0.3227 0.9365
vn -0.7951 0.1053 0.5973
vn -0.9128 0.2059 0.3527
vn -0.8139 0.2783 -0.5101
vn 0.1945 0.1218 -0.9733
vn 0.1769 0.1014 -0.9790
vn -0.8264 0.3908 -0.4053
vn -0.9079 0.2387 0.3446
vn -0.8034 0.3630 -0.4720
vn -0.2497 -0.5329 0.8085
vn 0.6969 -0.2519 -0.6715
vn 0.7179 -0.6418 -0.2697
vn 0.5704 -0.5290 -0.6283
vn 0.8552 -0.5105 -0.0895
vn 0.7648 -0.6209 0.1717
vn 0.8315 -0.4292 -0.3527
vn 0.0826 0.1280 -0.9883
vn 0.0500 0.1393 -0.9890
vn -0.5361 -0.7025 -0.4681
vn -0.6055 -0.4659 0.6452
vn 0.4299 -0.8704 0.2401
vn 0.6778 -0.1055 -0.7276
vn 0.5990 0.0075 -0.8007
vn 0.5410 0.1127 -0.8335
vn 0.8417 -0.0076 -0.5398
vn 0.8637 -0.1129 -0.4911
vn 0.8591 -0.2533 -0.4448
vn 0.8795 -0.0000 -0.4758
vn 0.7487 0.6074 -0.2655
vn 0.8041 0.5795 -0.1329
vn 0.7673 0.5127 -0.3852
vn 0.6099 0.3470 -0.7125
vn 0.7491 0.4528 -0.4835
vn 0.7483 0.4458 -0.4911
vn 0.8050 0.5924 0.0328
vn 0.6544 0.7531 -0.0677
vn 0.6540 0.7526 0.0764
vn 0.9121 0.0226 -0.4093
vn 0.9211 -0.0076 -0.3892
vn 0.9005 0.1353 -0.4132
vn 0.9539 0.2097 -0.2146
vn 0.9611 0.2758 -0.0153
vn 0.9376 0.3475 -0.0109
vn 0.8957 0.4445 -0.0066
vn 0.6492 0.7173 -0.2528
vn 0.6732 0.6185 -0.4053
vn 0.5287 0.3169 -0.7874
vn 0.6900 0.4565 -0.5617
vn 0.7121 0.4576 -0.5324
vn 0.6590 0.5562 -0.5063
vn 0.5919 0.6506 -0.4758
vn 0.5445 0.7572 -0.3609
vn 0.5320 0.8157 -0.2274
vn 0.5220 0.8512 -0.0546
vn 0.5088 0.8536 0.1112
vn 0.6253 0.7478 0.2231
vn 0.7719 0.6028 0.2018
vn 0.8707 0.4504 0.1975
vn 0.9158 0.3473 0.2018
vn 0.9377 0.2829 0.2018
vn 0.9699 0.2393 -0.0459
vn 0.9641 0.1130 -0.2401
vn 0.9050 -0.0603 -0.4212
vn 0.8589 -0.2243 -0.4604
vn 0.9923 0.0453 -0.1155
vn 0.9918 0.0302 -0.1242
vn 0.9887 -0.0000 -0.1502
vn 0.9840 -0.0604 -0.1674
vn 0.9581 -0.0076 -0.2865
vn 0.9829 0.1654 -0.0807
vn 0.9486 0.2538 0.1889
vn 0.8624 0.2747 0.4251
vn 0.8444 0.3457 0.4093
vn 0.7994 0.4543 0.3932
vn 0.7120 0.5974 0.3690
vn 0.5770 0.7287 0.3690
vn 0.4744 0.8393 0.2655
vn 0.3614 0.9216 0.1416
vn 0.3236 0.8934 0.3115
vn 0.4260 0.8007 0.4212
vn 0.5144 0.7003 0.4949
vn 0.5872 0.5965 0.5471
vn 0.6583 0.4671 0.5903
vn 0.7046 0.3423 0.6215
vn 0.7179 0.2444 0.6518
vn 0.8693 0.2385 0.4330
vn 0.9703 0.2024 0.1329
vn 0.9879 -0.0377 -0.1502
vn 0.9542 -0.2319 -0.1889
vn 0.9313 0.0904 0.3527
vn 0.9604 -0.0151 0.2781
vn 0.9982 0.0528 0.0284
vn 0.8923 0.1278 0.4330
vn 0.8750 0.2165 0.4330
vn 0.7171 0.1866 0.6715
vn 0.5061 0.2127 0.8358
vn 0.4929 0.3404 0.8007
vn 0.4590 0.4790 0.7483
vn 0.4133 0.6079 0.6780
vn 0.3960 0.7236 0.5653
vn 0.8571 0.0377 0.5138
vn 0.2869 0.8292 0.4797
vn 0.2624 0.7294 0.6318
vn 0.2553 0.6052 0.7541
vn 0.2599 0.4752 0.8406
vn 0.2763 0.3361 0.9004
vn 0.2894 0.1981 0.9365
vn 0.5037 0.1268 0.8545
vn 0.7166 0.1349 0.6844
vn 0.8132 -0.0828 0.5761
vn 0.8051 -0.3028 0.5100
vn 0.4950 0.0750 0.8657
vn 0.4922 -0.0301 0.8700
vn 0.1276 0.0909 0.9877
vn 0.2942 0.0960 0.9509
vn 0.1212 0.1999 0.9723
vn 0.2927 -0.0001 0.9562
vn 0.7126 -0.0452 0.7001
vn 0.5798 -0.1196 0.8059
vn 0.5464 -0.0526 0.8359
vn 0.4223 -0.1044 0.9004
vn 0.3701 -0.1883 0.9097
vn 0.4085 -0.2828 0.8679
vn 0.1567 -0.1435 0.9772
vn 0.1727 -0.2045 0.9635
vn 0.2701 -0.1509 0.9509
vn 0.1243 -0.1216 0.9848
vn 0.1262 -0.0074 0.9920
vn -0.0036 -0.0436 0.9990
vn 0.0970 -0.2403 0.9658
vn -0.0717 -0.2135 0.9743
vn -0.0912 -0.1630 0.9824
vn 0.5607 0.6581 -0.5025
vn 0.6525 0.4796 -0.5867
vn 0.5913 0.6153 -0.5213
vn 0.6808 0.5329 -0.5025
vn 0.8010 0.3732 -0.4681
vn 0.6547 0.3141 -0.6875
vn 0.0879 -0.1648 0.9824
vn 0.0682 -0.2147 0.9743
vn 0.0019 -0.2252 0.9743
vn -0.0935 -0.2417 0.9658
vn -0.0000 -0.1911 0.9816
vn -0.1243 -0.1216 0.9848
vn -0.1567 -0.1435 0.9772
vn -0.1263 -0.0037 0.9920
vn -0.0037 0.0916 0.9958
vn -0.0019 0.2039 0.9790
vn 0.1197 0.3296 0.9365
vn 0.1175 0.4591 0.8806
vn 0.1162 0.5912 0.7981
vn 0.1257 0.7273 0.6748
vn 0.1407 0.8462 0.5139
vn 0.1596 0.9296 0.3322
vn 0.1840 0.9707 0.1545
vn 0.2099 0.9774 -0.0240
vn 0.3824 0.9232 -0.0371
vn 0.3995 0.8881 -0.2274
vn 0.4263 0.7963 -0.4291
vn 0.8264 0.2820 -0.4873
vn 0.9288 0.1802 -0.3240
vn 0.7477 0.2596 -0.6112
vn 0.6942 0.2232 -0.6843
vn 0.6743 0.0529 -0.7366
vn 0.5715 0.5475 -0.6112
vn 0.5324 0.6365 -0.5581
vn 0.5455 0.6442 -0.5361
vn 0.4043 0.7104 -0.5761
vn 0.2407 0.6624 -0.7094
vn 0.2179 0.5729 -0.7901
vn 0.1664 0.0939 -0.9816
vn 0.2435 -0.4920 0.8358
vn -0.0697 -0.9133 0.4013
vn 0.1901 -0.5266 0.8286
vn 0.0874 -0.3564 0.9302
vn 0.8197 -0.5219 0.2359
vn 0.1348 -0.4053 0.9042
vn -0.0454 -0.1133 0.9925
vn 0.8292 -0.5027 0.2444
vn 0.7595 -0.0830 -0.6452
vn 0.6697 -0.0151 -0.7425
vn 0.6244 0.0528 -0.7793
vn 0.0615 -0.1989 -0.9781
vn 0.6342 -0.1276 -0.7626
vn 0.7012 -0.2302 -0.6747
vn 0.7480 -0.4587 0.4797
vn 0.4382 0.3184 -0.8406
vn 0.3385 0.1881 -0.9220
vn 0.2438 0.5356 -0.8085
vn 0.6789 -0.0302 -0.7336
vn 0.5682 -0.0527 -0.8212
vn 0.2033 0.0151 -0.9790
vn -0.0939 0.2279 -0.9691
vn -0.0770 0.3712 -0.9253
vn 0.1051 0.4700 -0.8764
vn -0.0133 0.6600 -0.7512
vn -0.0938 0.4207 -0.9023
vn -0.1234 0.1885 -0.9743
vn -0.1645 0.0411 -0.9855
vn 0.7538 -0.3851 0.5324
vn 0.1419 -0.0223 0.9896
vn -0.2482 -0.3947 0.8847
vn 0.1374 -0.9821 0.1285
vn -0.5268 -0.7617 -0.3771
vn -0.5481 -0.7486 0.3730
vn -0.5515 -0.4025 -0.7306
vn -0.1391 -0.0075 -0.9902
vn -0.2679 -0.2134 -0.9395
vn -0.0986 -0.3107 -0.9454
vn -0.4996 -0.3610 -0.7874
vn 0.3742 -0.4450 -0.8136
vn 0.5632 -0.3113 -0.7654
vn -0.1461 -0.3887 -0.9097
vn -0.3450 -0.4768 -0.8085
vn -0.1551 -0.6314 -0.7598
vn -0.0510 -0.5863 -0.8085
vn -0.1723 -0.7501 -0.6385
vn 0.1835 -0.8766 0.4448
vn -0.9099 -0.1317 -0.3933
vn -0.9350 -0.1617 -0.3156
vn -0.4964 -0.3476 -0.7954
vn -0.2981 -0.8319 -0.4681
vn -0.7091 -0.5058 -0.4912
vn -0.0320 -0.8911 0.4527
vn -0.0915 -0.3086 -0.9468
vn -0.0884 -0.0474 -0.9950
vn -0.0889 0.1691 -0.9816
vn -0.0621 0.3158 -0.9468
vn -0.1433 0.4436 -0.8847
vn -0.2925 0.5066 -0.8111
vn -0.2548 0.6670 -0.7001
vn -0.3834 0.5533 -0.7395
vn -0.5596 0.3245 -0.7626
vn -0.8149 0.0905 -0.5725
vn -0.4211 0.1908 -0.8867
vn -0.4765 -0.0340 -0.8785
vn -0.8438 -0.0227 -0.5361
vn -0.8727 0.0302 -0.4873
vn -0.6055 -0.6109 0.5100
vn 0.1451 -0.5295 0.8358
vn 0.1834 -0.1582 0.9702
vn 0.0872 -0.2926 0.9523
vn -0.7087 -0.1717 0.6844
vn 0.1903 -0.7710 0.6077
vn 0.1315 -0.8955 0.4251
vn 0.1279 -0.9087 0.3973
vn 0.1016 -0.8898 0.4448
vn 0.1390 -0.8706 0.4720
vn 0.0019 -0.8224 0.5689
vn -0.0471 -0.8905 0.4526
vn -0.1408 -0.8251 0.5471
vn -0.0527 -0.7706 0.6351
vn 0.0660 -0.7887 0.6112
vn 0.0509 -0.7845 0.6181
vn 0.2680 -0.9224 0.2781
vn -0.0113 -0.9341 0.3568
vn 0.3971 -0.8134 0.4251
vn 0.6389 -0.7562 0.1415
vn 0.8316 -0.5157 0.2061
vn 0.8085 -0.1870 0.5581
vn 0.3687 -0.9295 -0.0066
vn 0.5689 -0.8170 -0.0938
vn 0.7172 -0.6959 0.0371
vn 0.6711 -0.7378 0.0720
vn 0.8448 -0.4492 0.2907
vn 0.4646 -0.8852 -0.0240
vn 0.7563 -0.1425 0.6385
vn 0.6446 -0.1568 0.7483
vn 0.6134 -0.1712 0.7710
vn -0.2247 -0.5401 -0.8111
vn 0.0509 -0.9974 0.0503
vn 0.3044 -0.9369 0.1717
vn -0.0995 -0.4555 -0.8847
vn 0.5926 -0.8055 0.0022
vn -0.1937 -0.6547 -0.7306
vn 0.5705 -0.3977 -0.7186
vn 0.1838 -0.9309 0.3157
vn 0.7667 -0.4666 0.4409
vn 0.5520 -0.5200 0.6518
vn 0.2903 -0.5630 0.7738
vn 0.1386 -0.6847 0.7156
vn 0.4018 -0.4537 0.7954
vn 0.4750 -0.2192 0.8522
vn -0.3322 0.8858 0.3240
vn -0.1708 0.9710 0.1674
vn -0.3507 0.9229 0.1588
vn -0.1802 0.9836 0.0021
vn -0.0000 1.0000 0.0022
vn -0.0038 0.9873 -0.1588
vn 0.1764 0.9714 -0.1588
vn 0.1690 0.9294 -0.3281
vn 0.3416 0.8852 -0.3156
vn 0.3344 0.7851 -0.5213
vn 0.5096 0.7117 -0.4835
vn 0.4977 0.5204 -0.6938
vn 0.6302 0.4653 -0.6215
vn 0.5074 0.2689 -0.8187
vn 0.3294 0.2841 -0.9004
vn 0.3284 0.5688 -0.7541
vn 0.1615 0.8238 -0.5435
vn -0.0000 0.9418 -0.3363
vn -0.1764 0.9714 -0.1588
vn -0.3546 0.9350 0.0023
vn 0.7731 -0.1425 0.6181
vn 0.4763 -0.8778 0.0502
vn -0.3560 0.9223 -0.1502
vn -0.1689 0.9294 -0.3281
vn 0.0038 0.8346 -0.5508
vn 0.1571 0.5960 -0.7874
vn 0.1615 0.2974 -0.9410
vn -0.2116 -0.6218 -0.7541
vn -0.2213 -0.3079 -0.9253
vn 0.0038 0.3053 -0.9523
vn -0.0000 0.6061 -0.7954
vn -0.1614 0.8238 -0.5435
vn -0.3452 0.8839 -0.3157
vn 0.0038 -0.3052 -0.9523
vn -0.3344 0.7851 -0.5213
vn -0.1571 0.5960 -0.7874
vn -0.1582 0.2991 -0.9410
vn -0.1633 0.0906 -0.9824
vn -0.0000 0.0917 -0.9958
vn 0.1614 0.0939 -0.9824
vn 0.3285 0.0968 -0.9395
vn 0.4287 -0.1832 0.8847
vn 0.9105 -0.1278 0.3933
vn 0.5630 -0.3446 -0.7512
vn 0.6139 -0.3334 -0.7155
vn 0.1625 0.0302 -0.9862
vn 0.0038 0.0215 -0.9998
vn -0.1631 0.0264 -0.9862
vn -0.3312 0.0452 -0.9425
vn 0.5045 -0.2890 -0.8136
vn -0.3296 0.0932 -0.9395
vn -0.3294 0.2841 -0.9004
vn -0.3284 0.5688 -0.7540
vn -0.5056 0.2722 -0.8187
vn -0.5101 0.1162 -0.8522
vn -0.5024 0.0753 -0.8613
vn -0.4925 0.1088 -0.8635
vn -0.3273 0.0861 -0.9410
vn -0.1606 0.0665 -0.9848
vn -0.0019 0.0524 -0.9986
vn 0.4536 -0.0301 0.8907
vn 0.5114 -0.1266 0.8500
vn -0.1467 0.0935 -0.9848
vn -0.3155 0.1220 -0.9410
vn -0.4830 0.1454 -0.8635
vn -0.6775 0.1424 -0.7216
vn -0.6677 0.1424 -0.7307
vn -0.6753 0.1204 -0.7277
vn -0.6793 0.1758 -0.7125
vn 0.4954 -0.0376 0.8678
vn -0.8215 0.1726 -0.5435
vn -0.8307 0.1503 -0.5361
vn -0.8585 0.1018 -0.5025
vn -0.8861 -0.0529 -0.4604
vn -0.7005 0.0416 -0.7125
vn -0.4872 0.0753 -0.8700
vn -0.3055 0.0489 -0.9509
vn 0.5768 -0.0975 0.8111
vn -0.4852 -0.1632 -0.8590
vn -0.7089 -0.1831 -0.6812
vn -0.8591 -0.3073 -0.4092
vn -0.8894 -0.4271 -0.1631
vn 0.9417 -0.2169 0.2571
vn -0.9629 -0.1691 -0.2103
vn -0.9616 0.0151 -0.2739
vn -0.9379 0.1243 -0.3239
vn -0.9948 -0.0679 -0.0764
vn -0.9651 -0.2612 -0.0197
vn -0.8672 -0.4978 0.0109
vn -0.6854 -0.7281 -0.0022
vn 0.4675 -0.2263 -0.8545
vn -0.7036 -0.6916 -0.1631
vn -0.7031 -0.6003 -0.3812
vn -0.6482 -0.4541 -0.6112
vn -0.4718 -0.5319 -0.7032
vn -0.2945 -0.2121 -0.9318
vn -0.1392 0.0076 -0.9902
vn 0.0019 0.0829 -0.9966
vn 0.1607 0.0665 -0.9848
vn 0.3312 0.0452 -0.9425
vn 0.5092 0.1198 -0.8522
vn 0.6707 0.3008 -0.6780
vn 0.6779 0.5700 -0.4643
vn 0.5243 0.7973 -0.2990
vn 0.3525 0.9237 -0.1502
vn 0.1802 0.9836 0.0022
vn 0.0019 0.9859 0.1674
vn -0.1670 0.9253 0.3404
vn -0.3252 -0.1076 -0.9395
vn 0.3221 -0.1671 -0.9318
vn -0.3098 0.8071 0.5025
vn -0.1556 0.8367 0.5250
vn -0.0000 0.9373 0.3486
vn 0.1745 0.9703 0.1674
vn 0.3546 0.9350 0.0022
vn 0.5358 0.8324 -0.1414
vn 0.7038 0.6463 -0.2948
vn 0.7808 0.3862 -0.4911
vn 0.6803 0.1722 -0.7124
vn 0.5025 0.0754 -0.8613
vn 0.3282 0.0824 -0.9410
vn 0.1467 0.0934 -0.9848
vn -0.0019 -0.0085 -1.0000
vn -0.1290 -0.2487 -0.9599
vn -0.2867 -0.5873 -0.7569
vn -0.2714 -0.8452 -0.4604
vn -0.4609 -0.7832 -0.4173
vn -0.0227 -0.1724 -0.9848
vn -0.0607 0.0077 -0.9981
vn 0.3956 -0.2240 -0.8907
vn -0.1205 -0.8670 -0.4835
vn -0.1201 -0.6185 -0.7765
vn -0.0019 -0.2634 -0.9647
vn 0.1392 0.0075 -0.9902
vn 0.3170 0.1185 -0.9410
vn 0.4917 0.1125 -0.8635
vn 0.6753 0.1204 -0.7277
vn 0.8125 0.2457 -0.5287
vn 0.8246 0.4695 -0.3157
vn 0.7106 0.6892 -0.1415
vn 0.5366 0.8438 0.0022
vn 0.3506 0.9230 0.1588
vn 0.1633 0.9260 0.3404
vn 0.0019 0.8465 0.5324
vn -0.1515 0.6978 0.7001
vn -0.3019 0.6735 0.6747
vn -0.4489 0.6320 0.6318
vn -0.4719 0.7471 0.4681
vn -0.5066 0.8071 0.3032
vn -0.5245 0.8381 0.1502
vn -0.5366 0.8438 0.0022
vn -0.5358 0.8324 -0.1415
vn -0.5243 0.7973 -0.2990
vn -0.5096 0.7117 -0.4835
vn -0.5004 0.5178 -0.6939
vn -0.6723 0.2974 -0.6780
vn -0.8125 0.2457 -0.5287
vn -0.9152 0.2022 -0.3486
vn -0.9885 0.0792 -0.1285
vn -0.9885 -0.1279 0.0807
vn -0.4507 0.3946 -0.8007
vn -0.3986 0.4747 -0.7847
vn -0.9424 -0.3154 0.1112
vn -0.8432 -0.5231 0.1242
vn -0.6734 -0.7321 0.1025
vn -0.4747 -0.8775 0.0677
vn -0.0227 0.1287 -0.9914
vn -0.4710 -0.8812 -0.0415
vn -0.4642 -0.8644 -0.1932
vn -0.2664 -0.9345 -0.2360
vn -0.1224 -0.9575 -0.2613
vn 0.0019 -0.9629 -0.2697
vn 0.0019 -0.8711 -0.4912
vn 0.0019 -0.6266 -0.7793
vn 0.1257 -0.2504 -0.9599
vn 0.4841 0.1418 -0.8635
vn 0.6677 0.1425 -0.7306
vn 0.8215 0.1726 -0.5435
vn 0.8872 0.3113 -0.3404
vn 0.8430 0.5165 -0.1502
vn 0.7071 0.7071 0.0022
vn 0.5277 0.8361 0.1502
vn 0.3322 0.8858 0.3240
vn 0.1519 0.8374 0.5250
vn 0.0038 0.7079 0.7063
vn 0.0037 0.5343 0.8453
vn -0.1524 0.5274 0.8359
vn -0.0000 0.3548 0.9350
vn -0.1623 0.3516 0.9220
vn -0.4057 0.6573 -0.6351
vn -0.3111 0.5037 0.8059
vn -0.5562 0.5990 -0.5761
vn -0.4822 0.3373 -0.8085
vn -0.3853 0.1046 -0.9168
vn -0.2904 -0.1182 -0.9496
vn 0.1657 0.3500 0.9220
vn 0.1524 0.5274 0.8358
vn 0.1479 0.6986 0.7001
vn 0.3098 0.8072 0.5025
vn 0.5034 0.8091 0.3032
vn 0.6995 0.6996 0.1458
vn 0.8438 0.5366 0.0022
vn 0.9216 0.3542 -0.1588
vn 0.9152 0.2023 -0.3486
vn 0.8307 0.1503 -0.5361
vn 0.6775 0.1425 -0.7216
vn 0.4873 0.0753 -0.8700
vn 0.2945 -0.2121 -0.9318
vn 0.1202 -0.6185 -0.7766
vn 0.1205 -0.8670 -0.4835
vn 0.1187 -0.9579 -0.2613
vn -0.3499 -0.3139 -0.8826
vn -0.2563 -0.6397 -0.7246
vn 0.2700 -0.9335 -0.2359
vn 0.2714 -0.8452 -0.4604
vn 0.2833 -0.5889 -0.7569
vn 0.4852 -0.1632 -0.8590
vn 0.7007 0.0378 -0.7125
vn 0.8590 0.0980 -0.5025
vn 0.9384 0.1205 -0.3239
vn 0.9648 0.2097 -0.1588
vn 0.9295 0.3687 0.0066
vn 0.8341 0.5295 0.1545
vn 0.6708 0.6787 0.2990
vn 0.4720 0.7470 0.4682
vn 0.2985 0.6750 0.6748
vn 0.3111 0.5037 0.8059
vn 0.3324 0.3323 0.8826
vn 0.3491 0.1675 0.9220
vn 0.1730 0.1756 0.9691
vn 0.3548 -0.0000 0.9350
vn 0.6036 -0.7846 -0.1415
vn 0.1781 -0.0000 0.9840
vn 0.0037 0.1781 0.9840
vn 0.7811 -0.1277 0.6112
vn -0.0579 -0.2827 0.9575
vn 0.8195 -0.5674 0.0808
vn -0.3097 -0.6120 -0.7277
vn 0.5343 -0.0000 0.8453
vn 0.5263 0.1560 0.8358
vn 0.5057 0.3079 0.8059
vn 0.4740 0.4687 0.7454
vn 0.4489 0.6320 0.6318
vn 0.6319 0.6319 0.4487
vn 0.8031 0.5079 0.3116
vn 0.9193 0.3542 0.1717
vn 0.9791 0.2024 0.0197
vn 0.9882 0.0830 -0.1286
vn 0.9616 0.0151 -0.2739
vn 0.8861 -0.0529 -0.4604
vn 0.7079 -0.1867 -0.6812
vn 0.4746 -0.5294 -0.7032
vn 0.4609 -0.7833 -0.4172
vn 0.4641 -0.8645 -0.1932
vn -0.4945 -0.2920 -0.8187
vn -0.4515 -0.0528 -0.8907
vn 0.7063 -0.6889 -0.1631
vn 0.7006 -0.6032 -0.3812
vn 0.6482 -0.4541 -0.6112
vn 0.8578 -0.3109 -0.4093
vn 0.9635 -0.1654 -0.2103
vn 0.9948 -0.0679 -0.0764
vn 0.9979 0.0453 0.0459
vn 0.9639 0.1876 0.1889
vn 0.8812 0.3323 0.3363
vn 0.7446 0.4720 0.4720
vn 0.5787 0.5773 0.5760
vn 0.6298 0.4520 0.6317
vn -0.5269 0.1784 -0.8310
vn -0.5788 0.4075 -0.7063
vn -0.6330 0.3909 -0.6683
vn -0.6485 0.2512 -0.7186
vn -0.6092 0.0189 -0.7928
vn 0.8048 0.3099 0.5063
vn 0.9181 0.1725 0.3568
vn 0.9774 0.0226 0.2103
vn 0.9885 -0.1279 0.0807
vn 0.9651 -0.2612 -0.0197
vn 0.8877 -0.4305 -0.1631
vn -0.6247 -0.2506 -0.7395
vn 0.8672 -0.4978 0.0109
vn 0.9436 -0.3118 0.1112
vn 0.9631 -0.1503 0.2231
vn 0.9278 0.0075 0.3731
vn 0.8341 0.1575 0.5287
vn 0.6742 0.3003 0.6748
vn -0.3677 -0.5363 -0.7598
vn 0.6982 0.1497 0.7001
vn 0.0132 -0.9937 0.1112
vn -0.8472 -0.2781 0.4526
vn 0.8418 -0.0000 0.5398
vn 0.9143 -0.1576 0.3731
vn 0.9152 -0.3327 0.2274
vn 0.8432 -0.5231 0.1242
vn 0.6854 -0.7281 -0.0022
vn 0.4710 -0.8812 -0.0415
vn 0.2776 -0.9569 -0.0851
vn 0.1261 -0.9858 -0.1112
vn 0.0037 -0.9928 -0.1199
vn -0.1299 -0.9853 -0.1112
vn -0.2739 -0.9580 -0.0851
vn -0.7176 -0.5829 -0.3812
vn -0.2901 -0.9564 0.0328
vn -0.7578 -0.2089 -0.6181
vn -0.7293 0.0641 -0.6812
vn -0.1355 -0.9907 0.0109
vn -0.0000 -1.0000 0.0022
vn 0.1355 -0.9907 0.0109
vn 0.2901 -0.9564 0.0328
vn 0.4747 -0.8775 0.0676
vn 0.6734 -0.7321 0.1025
vn 0.8193 -0.5282 0.2231
vn 0.8715 -0.3319 0.3609
vn 0.8331 -0.1501 0.5324
vn 0.7079 -0.0000 0.7063
vn -0.7316 0.2949 -0.6147
vn -0.8334 0.0453 -0.5508
vn 0.6982 -0.1497 0.7001
vn 0.8001 -0.3095 0.5138
vn 0.7893 -0.5137 0.3363
vn 0.6660 -0.7193 0.1976
vn 0.4772 -0.8619 0.1716
vn 0.2955 -0.9435 0.1502
vn 0.1372 -0.9810 0.1372
vn 0.0019 -0.9905 0.1372
vn -0.1410 -0.9805 0.1372
vn -0.2918 -0.9446 0.1502
vn -0.4772 -0.8618 0.1718
vn -0.6660 -0.7193 0.1975
vn -0.8193 -0.5282 0.2231
vn -0.9139 -0.3361 0.2274
vn -0.9280 -0.1839 -0.3239
vn -0.9000 -0.1502 0.4092
vn -0.7893 -0.5137 0.3363
vn -0.6479 -0.6933 0.3156
vn -0.4662 -0.8326 0.2990
vn -0.2895 -0.9106 0.2948
vn -0.1353 -0.9459 0.2949
vn 0.0038 -0.9542 0.2990
vn 0.1353 -0.9459 0.2949
vn 0.2896 -0.9106 0.2949
vn 0.4662 -0.8326 0.2990
vn 0.6479 -0.6932 0.3156
vn 0.7381 -0.4784 0.4758
vn 0.6712 -0.3070 0.6747
vn 0.5263 -0.1560 0.8358
vn -0.9555 0.0075 0.2948
vn 0.3491 -0.1675 0.9220
vn 0.2254 -0.1098 -0.9681
vn -0.9636 0.0302 -0.2655
vn 0.5058 -0.3144 0.8033
vn 0.6285 -0.4585 0.6284
vn 0.6185 -0.6478 0.4448
vn -0.9513 0.1986 -0.2359
vn 0.4513 -0.7691 0.4526
vn -0.9197 0.1092 0.3771
vn -0.9242 0.1651 0.3445
vn 0.5687 -0.5941 0.5689
vn -0.9533 0.2792 -0.1155
vn 0.4670 -0.4803 0.7424
vn 0.3324 -0.3324 0.8826
vn 0.1730 -0.1756 0.9691
vn -0.0000 0.0001 1.0000
vn -0.1730 0.1756 0.9691
vn -0.3325 0.3324 0.8826
vn -0.4687 0.4740 0.7454
vn -0.5760 0.5800 0.5761
vn -0.6319 0.6319 0.4487
vn -0.6708 0.6787 0.2990
vn -0.6995 0.6996 0.1459
vn -0.7071 0.7071 0.0022
vn -0.7106 0.6893 -0.1415
vn -0.7012 0.6491 -0.2949
vn -0.6804 0.5671 -0.4643
vn -0.6302 0.4653 -0.6215
vn -0.7791 0.3896 -0.4911
vn -0.8872 0.3114 -0.3404
vn -0.9648 0.2097 -0.1588
vn -0.9981 0.0415 0.0459
vn -0.9631 -0.1503 0.2231
vn -0.8729 -0.3284 0.3608
vn -0.7380 -0.4784 0.4759
vn -0.6750 0.5258 -0.5176
vn -0.8417 0.4053 -0.3568
vn -0.8026 0.4750 -0.3609
vn -0.6185 -0.6478 0.4448
vn -0.4480 -0.7710 0.4526
vn -0.2853 -0.8342 0.4720
vn -0.1409 -0.8639 0.4835
vn -0.0019 -0.8732 0.4873
vn 0.1371 -0.8645 0.4835
vn 0.2854 -0.8341 0.4720
vn -0.6371 0.5877 -0.4987
vn -0.5974 0.6455 -0.4758
vn 0.4417 -0.6470 0.6215
vn -0.8996 0.3435 -0.2697
vn -0.8066 0.3453 -0.4797
vn 0.3056 -0.5193 0.7981
vn 0.1658 -0.3499 0.9220
vn -0.0037 -0.1781 0.9840
vn -0.1782 0.0002 0.9840
vn -0.3507 0.1640 0.9220
vn -0.5057 0.3079 0.8059
vn -0.6298 0.4519 0.6318
vn -0.7446 0.4720 0.4720
vn -0.9448 0.3224 0.0590
vn -0.7865 0.2488 0.5653
vn -0.9316 0.2571 0.2571
vn -0.9495 0.3117 0.0371
vn -0.6727 0.3036 0.6747
vn -0.5263 0.1560 0.8358
vn -0.3548 -0.0000 0.9350
vn -0.1730 -0.1756 0.9691
vn -0.0000 -0.3589 0.9334
vn 0.1543 -0.5382 0.8286
vn 0.2919 -0.6937 0.6585
vn 0.1441 -0.7209 0.6779
vn -0.7817 0.3693 -0.5025
vn -0.0038 -0.5490 0.8358
vn -0.1624 -0.3515 0.9220
vn -0.3507 -0.1642 0.9220
vn -0.5343 -0.0001 0.8453
vn -0.6974 0.1534 0.7001
vn -0.8048 0.3099 0.5063
vn -0.8011 0.5111 0.3115
vn -0.8218 0.2384 -0.5176
vn -0.8341 0.5295 0.1545
vn -0.8812 0.3323 0.3363
vn -0.7268 0.4385 -0.5287
vn -0.8347 0.1538 0.5287
vn -0.7079 -0.0000 0.7063
vn -0.5263 -0.1560 0.8358
vn -0.3324 -0.3324 0.8826
vn -0.1507 -0.5392 0.8286
vn 0.0038 -0.7321 0.6812
vn -0.6766 0.5009 -0.5398
vn -0.1405 -0.7215 0.6780
vn -0.6569 0.4735 -0.5867
vn -0.3056 -0.5193 0.7981
vn -0.5038 -0.3176 0.8033
vn -0.6974 -0.1533 0.7001
vn -0.8418 0.0037 0.5398
vn -0.9181 0.1725 0.3568
vn -0.9192 0.3543 0.1717
vn -0.8438 0.5366 0.0021
vn -0.8410 0.5197 -0.1502
vn -0.5838 0.6465 -0.4911
vn -0.9295 0.3687 0.0066
vn -0.7073 0.4933 -0.5063
vn -0.6055 0.6202 -0.4988
vn -0.6751 0.5670 -0.4720
vn -0.9646 0.1840 0.1890
vn -0.9278 0.0038 0.3730
vn -0.8324 -0.1538 0.5324
vn -0.6727 -0.3036 0.6747
vn -0.4670 -0.4803 0.7424
vn -0.2884 -0.6952 0.6584
vn -0.9120 0.3684 -0.1803
vn -0.5012 0.7072 -0.4987
vn -0.4385 -0.6491 0.6215
vn -0.5714 -0.5914 0.5689
vn -0.6285 -0.4585 0.6284
vn -0.7988 -0.3130 0.5138
vn -0.4739 0.7755 -0.4172
vn -0.9137 -0.1613 0.3731
vn -0.9774 0.0226 0.2103
vn -0.1669 0.0839 -0.9824
vn 0.0281 -0.0334 -0.9990
vn -0.5448 0.2731 -0.7928
vn -0.5649 0.3414 -0.7512
vn -0.7599 0.4031 -0.5101
vn -0.7707 0.4406 -0.4604
vn -0.8665 0.4400 -0.2359
vn -0.8311 0.3631 -0.4212
vn -0.8946 0.3078 -0.3239
vn -0.9211 -0.0076 -0.3892
vn -0.8848 0.2498 -0.3933
vn -0.9791 0.2025 0.0197
vn -0.6411 0.2155 -0.7366
vn -0.9216 0.3542 -0.1588
vn -0.8264 0.4662 -0.3157
vn -0.5269 0.3064 -0.7928
vn -0.6713 0.4877 -0.5581
vn -0.7088 0.4833 -0.5138
vn 0.1786 -0.0372 0.9832
vn -0.3504 0.1914 0.9168
vn 0.1466 -0.1479 0.9781
vn -0.4111 -0.0113 0.9115
vn -0.7560 0.4765 -0.4487
vn -0.8116 0.3693 0.4526
vn -0.6749 0.6003 0.4291
vn -0.2306 0.4096 0.8826
vn -0.5208 0.7964 0.3074
vn -0.1014 0.6184 0.7793
vn 0.2633 0.0958 0.9599
vn 0.4670 -0.1695 0.8678
vn 0.4579 -0.2115 0.8635
vn 0.1510 -0.1894 0.9702
vn -0.4206 -0.1620 0.8927
vn -0.8887 0.1391 0.4370
vn -0.9063 0.4065 -0.1155
vn -0.8028 0.5889 -0.0938
vn -0.6628 0.7335 -0.1502
vn -0.5430 0.7847 -0.2990
vn -0.4015 0.9115 0.0895
vn -0.0113 0.7941 0.6077
vn -0.9477 0.2539 -0.1932
vn 0.3502 0.2080 0.9133
vn 0.5149 -0.1121 0.8499
vn 0.5633 -0.2139 0.7981
vn 0.5670 -0.2140 0.7954
vn 0.4684 -0.1767 0.8657
vn 0.4587 -0.1336 0.8785
vn -0.9531 0.2134 -0.2146
vn 0.1548 -0.2182 0.9635
vn -0.3833 -0.3101 0.8700
vn -0.9060 -0.0716 0.4172
vn -0.9643 0.2209 -0.1459
vn -0.7877 0.3865 -0.4797
vn -0.9641 0.1130 -0.2401
vn -0.7312 0.5238 -0.4370
vn -0.6655 0.6268 -0.4053
vn -0.5863 0.6263 -0.5138
vn -0.5077 0.6037 -0.6147
vn -0.4555 0.7689 -0.4487
vn -0.3172 0.9396 -0.1285
vn -0.9047 -0.0641 -0.4212
vn -0.8217 -0.5187 -0.2359
vn -0.9581 -0.0037 -0.2865
vn -0.9252 -0.2281 -0.3032
vn -0.9840 -0.0604 -0.1674
vn -0.6196 0.4837 -0.6181
vn -0.5306 0.4639 -0.7094
vn -0.9887 -0.0038 -0.1502
vn -0.4127 0.5789 -0.7032
vn -0.3545 0.7448 -0.5653
vn -0.8589 -0.2243 -0.4604
vn -0.6515 0.3652 -0.6650
vn -0.8196 0.2457 -0.5176
vn -0.9854 0.0302 -0.1675
vn -0.8610 -0.2964 0.4133
vn -0.2886 -0.4798 0.8286
vn 0.1860 -0.3021 0.9350
vn 0.2612 -0.3673 0.8927
vn 0.4605 -0.1409 0.8764
vn 0.4916 -0.1558 0.8568
vn -0.8971 -0.4344 -0.0807
vn 0.5538 -0.0826 0.8286
vn 0.5623 -0.0974 0.8212
vn 0.5690 -0.1635 0.8059
vn 0.5565 -0.1417 0.8187
vn 0.5708 -0.0900 0.8161
vn 0.5694 -0.0751 0.8186
vn 0.5076 -0.1412 0.8499
vn -0.5899 -0.6765 0.4409
vn 0.3192 -0.4002 0.8590
vn -0.1438 -0.6204 0.7710
vn -0.7402 -0.5303 0.4133
vn -0.9693 -0.1875 -0.1588
vn -0.8369 0.0905 -0.5398
vn -0.6710 0.2442 -0.7001
vn -0.5533 0.3478 -0.7569
vn -0.4411 0.4451 -0.7793
vn -0.2907 0.5589 -0.7766
vn -0.9624 -0.2318 -0.1415
vn -0.9924 0.0415 -0.1155
vn -0.9835 0.1617 -0.0807
vn -0.9708 0.2357 -0.0459
vn -0.3256 0.4282 -0.8430
vn -0.9611 0.2758 -0.0153
vn -0.4570 0.3358 -0.8237
vn -0.5630 0.2424 -0.7901
vn -0.6830 0.1128 -0.7216
vn -0.8345 -0.0905 -0.5435
vn -0.8949 -0.4274 -0.1285
vn -0.5569 -0.7337 0.3892
vn -0.0301 -0.7195 0.6939
vn 0.3355 -0.4482 0.8286
vn 0.4998 -0.1414 0.8545
vn 0.5403 -0.0376 0.8406
vn 0.5610 -0.0527 0.8261
vn 0.5327 -0.0750 0.8430
vn -0.9247 0.3330 -0.1846
vn 0.3866 -0.0822 0.9186
vn -0.9376 0.3475 -0.0066
vn -0.9366 0.2865 0.2018
vn -0.9476 0.2575 0.1889
vn 0.4959 -0.0301 0.8678
vn 0.5260 -0.0301 0.8499
vn 0.4899 -0.1485 0.8590
vn 0.3472 -0.5009 0.7928
vn -0.9695 0.2061 0.1329
vn 0.0207 -0.8146 0.5796
vn -0.3851 -0.8731 0.2991
vn -0.7522 -0.6509 -0.1025
vn -0.8005 -0.2958 -0.5213
vn -0.6813 -0.0452 -0.7306
vn -0.5696 0.1164 -0.8136
vn -0.4642 0.2332 -0.8545
vn -0.3343 0.3250 -0.8847
vn -0.1714 0.4126 -0.8946
vn -0.1348 0.5471 -0.8261
vn -0.2234 0.7217 -0.6552
vn -0.2171 0.9319 -0.2907
vn 0.0585 0.9051 0.4212
vn 0.4077 0.3279 0.8522
vn -0.9918 0.0302 -0.1242
vn -0.9881 -0.0340 -0.1502
vn 0.4636 0.4010 0.7901
vn 0.1467 0.9429 0.2990
vn -0.0717 0.9183 -0.3892
vn -0.0472 0.7094 -0.7033
vn 0.0378 0.5329 -0.8453
vn -0.0152 0.3949 -0.9186
vn -0.9982 0.0528 0.0284
vn -0.1902 0.3042 -0.9334
vn -0.3415 0.2219 -0.9133
vn -0.4683 0.1124 -0.8764
vn -0.5661 -0.0340 -0.8237
vn -0.6612 -0.2156 -0.7186
vn -0.7255 -0.5009 -0.4720
vn -0.2884 -0.9488 0.1286
vn 0.0396 -0.8986 0.4370
vn 0.3415 -0.5213 0.7820
vn 0.4527 -0.1265 0.8826
vn 0.4772 -0.0226 0.8785
vn 0.3560 -0.0450 0.9334
vn -0.9604 -0.0151 0.2781
vn 0.2049 -0.0372 0.9781
vn 0.2276 -0.0300 0.9733
vn 0.1636 -0.0445 0.9855
vn 0.2408 -0.1433 0.9599
vn 0.3517 -0.1182 0.9286
vn 0.2960 -0.5328 0.7928
vn -0.9317 0.0867 0.3527
vn 0.0641 -0.9467 0.3157
vn -0.2430 -0.9677 -0.0677
vn -0.4583 -0.8442 -0.2781
vn -0.6245 -0.6526 -0.4291
vn -0.6151 -0.4132 -0.6715
vn -0.5497 -0.2001 -0.8111
vn -0.4650 -0.0340 -0.8847
vn -0.3454 0.0971 -0.9334
vn -0.1907 0.2054 -0.9599
vn -0.0302 0.2871 -0.9574
vn 0.1530 0.3731 -0.9151
vn -0.9551 -0.2282 -0.1889
vn 0.1995 0.5114 -0.8358
vn 0.1443 0.6930 -0.7063
vn 0.1187 0.8954 -0.4291
vn 0.2501 0.9358 0.2486
vn 0.4974 0.3977 0.7710
vn 0.5953 -0.0151 0.8034
vn 0.5842 -0.0301 0.8111
vn 0.5584 -0.0751 0.8261
vn 0.5914 -0.1854 0.7847
vn 0.5842 -0.1855 0.7901
vn 0.5730 -0.1490 0.8059
vn 0.6084 -0.1640 0.7766
vn 0.6189 -0.1347 0.7738
vn 0.3581 -0.0225 0.9334
vn -0.8928 0.1240 0.4330
vn -0.8569 0.0415 0.5138
vn 0.5766 -0.1344 0.8059
vn -0.8741 0.2202 0.4330
vn -0.8683 0.2421 0.4330
vn 0.6136 -0.1273 0.7793
vn -0.7162 0.1903 0.6715
vn 0.5622 -0.0376 0.8261
vn 0.4672 0.3636 0.8059
vn 0.3591 0.9052 0.2274
vn 0.3162 0.8559 -0.4093
vn 0.3178 0.6562 -0.6844
vn 0.3197 0.4856 -0.8136
vn -0.5028 0.1305 0.8545
vn -0.2930 0.0995 0.9509
vn 0.4600 0.5734 -0.6779
vn 0.4989 0.7861 -0.3649
vn 0.4881 0.8379 0.2444
vn 0.4140 0.3715 0.8310
vn -0.1276 0.0909 0.9877
vn 0.3311 0.3805 -0.8635
vn 0.5195 0.4381 -0.7336
vn -0.1212 0.1999 0.9723
vn 0.6450 0.6757 -0.3568
vn 0.6075 0.7393 0.2907
vn 0.4057 0.3644 0.8382
vn -0.2872 0.2012 0.9365
vn -0.5061 0.2127 0.8358
vn 0.1416 0.2704 -0.9523
vn -0.0320 0.1840 -0.9824
vn -0.1980 0.0882 -0.9762
vn -0.3436 -0.0452 -0.9380
vn -0.4489 -0.1946 -0.8722
vn -0.5134 -0.3935 -0.7626
vn -0.5450 -0.6384 -0.5435
vn -0.3824 -0.8183 -0.4291
vn -0.7179 0.2443 0.6519
vn -0.8624 0.2746 0.4252
vn -0.4623 -0.6047 -0.6485
vn -0.4167 -0.3793 -0.8261
vn -0.3309 -0.2012 -0.9220
vn -0.1945 -0.0449 -0.9799
vn -0.0279 0.0735 -0.9969
vn 0.1445 0.1673 -0.9753
vn 0.3295 0.2655 -0.9061
vn -0.9172 0.3436 0.2018
vn 0.5325 0.2965 -0.7928
vn 0.7336 0.5302 -0.4251
vn 0.7158 0.6291 0.3032
vn 0.4172 0.3217 0.8499
vn 0.2507 -0.0000 0.9681
vn 0.3321 -0.0376 0.9425
vn 0.4584 -0.0600 0.8867
vn 0.5693 -0.1344 0.8111
vn -0.8444 0.3456 0.4093
vn 0.4326 -0.1117 0.8946
vn 0.2614 -0.0885 0.9612
vn 0.2980 -0.1102 0.9482
vn 0.2120 -0.0878 0.9733
vn -0.7063 0.3389 0.6215
vn 0.2120 0.0150 0.9772
vn 0.4344 0.2848 0.8545
vn 0.8250 0.5155 0.2316
vn 0.7800 0.3517 -0.5176
vn 0.5396 0.1495 -0.8286
vn 0.3288 0.1536 -0.9318
vn -0.4951 0.3373 0.8007
vn 0.1478 0.0520 -0.9877
vn -0.0327 -0.0516 -0.9981
vn -0.1904 -0.1998 -0.9612
vn -0.3089 -0.3744 -0.8743
vn -0.3752 -0.5742 -0.7277
vn -0.3063 -0.7764 -0.5508
vn -0.1931 -0.9524 -0.2359
vn 0.0867 -0.9689 0.2316
vn -0.2791 0.3336 0.9004
vn -0.1162 0.3308 0.9365
vn 0.4447 -0.1263 0.8867
vn 0.0018 0.3260 0.9454
vn -0.0018 0.4546 0.8907
vn -0.1130 -0.9304 -0.3486
vn -0.0000 0.5849 0.8111
vn -0.2143 -0.7450 -0.6317
vn -0.2721 -0.5569 -0.7848
vn -0.1789 -0.3703 -0.9115
vn -0.0359 -0.2007 -0.9790
vn 0.1433 -0.0732 -0.9870
vn 0.3329 0.0302 -0.9425
vn 0.0019 0.7262 0.6875
vn 0.5417 -0.0000 -0.8406
vn 0.0019 0.8556 0.5176
vn 0.3348 -0.1044 -0.9365
vn 0.1424 -0.2115 -0.9670
vn -0.0283 -0.3659 -0.9302
vn -0.1459 -0.5517 -0.8212
vn -0.0867 -0.7330 -0.6747
vn 0.0019 -0.9142 -0.4053
vn 0.1504 -0.9736 0.1717
vn 0.2437 -0.5699 0.7847
vn 0.1887 -0.1715 0.9670
vn -0.1294 0.7266 0.6747
vn -0.1162 0.5912 0.7981
vn 0.2631 -0.5762 0.7738
vn -0.1138 0.4601 0.8806
vn 0.2719 -0.9491 0.1588
vn 0.1615 -0.8962 -0.4132
vn 0.0642 -0.7263 -0.6844
vn -0.0000 -0.5490 -0.8358
vn 0.1297 -0.3649 -0.9220
vn 0.3245 -0.2526 -0.9115
vn 0.5353 -0.1640 -0.8286
vn 0.8063 -0.0378 -0.5903
vn 0.8046 0.1576 -0.5725
vn 0.9297 0.3402 0.1415
vn 0.5063 0.2474 0.8261
vn -0.2599 0.4753 0.8406
vn -0.4562 0.4816 0.7483
vn 0.9873 0.1279 0.0938
vn -0.6584 0.4671 0.5902
vn 0.5907 0.1638 0.7901
vn -0.7994 0.4542 0.3933
vn -0.7120 0.5974 0.3690
vn 0.9939 -0.0754 0.0807
vn -0.2518 0.6066 0.7541
vn 0.7845 -0.2382 -0.5725
vn 0.5171 -0.3292 -0.7901
vn 0.3077 -0.3997 -0.8635
vn 0.1440 -0.5410 -0.8286
vn 0.2232 -0.7066 -0.6715
vn 0.3321 -0.8610 -0.3852
vn 0.4214 -0.8832 0.2060
vn 0.3205 -0.5225 0.7901
vn 0.1730 -0.1572 0.9723
vn 0.1413 -0.0440 0.9890
vn 0.1750 -0.0518 0.9832
vn -0.4102 0.6100 0.6780
vn 0.1254 -0.0368 0.9914
vn 0.1093 -0.0437 0.9930
vn 0.1158 -0.0505 0.9920
vn 0.1671 -0.1446 0.9753
vn -0.5899 0.5939 0.5471
vn 0.3736 -0.4547 0.8085
vn 0.5687 -0.7892 0.2316
vn 0.5049 -0.7764 -0.3771
vn 0.3712 -0.6379 -0.6747
vn 0.2710 -0.5224 -0.8085
vn 0.4701 -0.4995 -0.7276
vn 0.7346 -0.4387 -0.5176
vn 0.9574 -0.2758 0.0851
vn 0.6203 -0.0602 0.7820
vn 0.6225 0.0301 0.7820
vn -0.2624 0.7294 0.6318
vn 0.2337 0.0075 0.9723
vn 0.2005 0.0373 0.9790
vn 0.1898 0.0225 0.9816
vn 0.1765 -0.0731 0.9816
vn 0.2017 -0.0518 0.9781
vn -0.3927 0.7254 0.5653
vn -0.5144 0.7003 0.4949
vn -0.5770 0.7287 0.3690
vn -0.4258 0.8029 0.4172
vn -0.2853 0.8342 0.4720
vn -0.1427 0.8527 0.5025
vn 0.1413 -0.0439 0.9890
vn 0.1184 -0.0295 0.9925
vn 0.0151 0.9892 0.1459
vn -0.1503 0.9396 0.3074
vn -0.0000 0.9461 0.3239
vn 0.1344 -0.0370 0.9902
vn 0.1611 -0.0370 0.9862
vn 0.1255 -0.0148 0.9920
vn 0.1873 -0.1399 0.9723
vn 0.4586 -0.4067 0.7902
vn 0.7212 -0.6665 0.1889
vn 0.6414 -0.6333 -0.4331
vn 0.8637 -0.4906 0.1155
vn 0.6207 -0.1566 0.7682
vn -0.3021 0.9079 0.2907
vn 0.2393 -0.0374 0.9702
vn 0.2320 -0.0951 0.9681
vn 0.5671 -0.2970 0.7682
vn -0.4679 0.8456 0.2571
vn -0.6259 0.7485 0.2189
vn -0.7696 0.6058 0.2018
vn -0.8707 0.4505 0.1975
vn -0.8958 0.4445 -0.0022
vn -0.8050 0.5923 0.0328
vn -0.8010 0.5857 -0.1242
vn 0.2264 -0.0374 0.9733
vn 0.2351 -0.0374 0.9713
vn 0.1255 -0.0368 0.9914
vn 0.1231 -0.0440 0.9914
vn 0.1229 -0.0294 0.9920
vn -0.6483 0.7576 0.0764
vn 0.8132 0.3659 0.4526
vn 0.4112 -0.0075 0.9115
vn 0.8881 0.1428 0.4370
vn -0.4842 0.8689 0.1025
vn 0.4206 -0.1620 0.8927
vn 0.9063 -0.0678 0.4172
vn 0.9635 0.2246 -0.1457
vn 0.9854 0.0302 -0.1674
vn -0.3081 0.9432 0.1242
vn 0.8196 0.2456 -0.5176
vn 0.7877 0.3865 -0.4797
vn -0.1335 0.9815 0.1372
vn 0.9047 0.4100 -0.1155
vn 0.0453 0.9988 -0.0197
vn 0.8610 -0.2964 0.4132
vn 0.3857 -0.3072 0.8700
vn -0.1548 -0.2182 0.9635
vn 0.1449 0.9668 -0.2103
vn -0.1540 -0.1871 0.9702
vn -0.1492 -0.1452 0.9781
vn 0.2611 0.9402 -0.2189
vn 0.3522 0.1881 0.9168
vn 0.6749 0.6003 0.4291
vn 0.8005 0.5919 -0.0938
vn 0.7312 0.5238 -0.4370
vn 0.6196 0.4838 -0.6181
vn 0.6533 0.3619 -0.6650
vn 0.6710 0.2442 -0.7001
vn 0.2894 0.8615 -0.4172
vn 0.8369 0.0905 -0.5398
vn 0.9693 -0.1876 -0.1588
vn 0.7402 -0.5303 0.4133
vn 0.2918 -0.4778 0.8286
vn 0.1475 -0.6195 0.7710
vn -0.2612 -0.3673 0.8927
vn 0.2687 0.7585 -0.5938
vn -0.1860 -0.3021 0.9350
vn 0.2110 0.7765 -0.5938
vn 0.2002 0.8846 -0.4212
vn 0.5539 -0.7360 0.3892
vn 0.8933 -0.4308 -0.1285
vn 0.8345 -0.0905 -0.5435
vn 0.6830 0.1128 -0.7216
vn 0.0623 0.9655 -0.2528
vn -0.0283 0.9862 -0.1631
vn -0.3118 0.9498 -0.0240
vn -0.1205 0.9925 0.0197
vn -0.1055 0.9896 -0.0982
vn 0.6813 -0.0452 -0.7306
vn 0.8005 -0.2958 -0.5213
vn 0.7522 -0.6509 -0.1025
vn 0.3851 -0.8731 0.2990
vn 0.0301 -0.7195 0.6939
vn -0.0170 -0.8147 0.5796
vn -0.6659 0.6365 -0.3892
vn -0.7697 0.5294 -0.3568
vn -0.7457 0.6164 -0.2528
vn -0.3385 -0.4460 0.8286
vn -0.6444 0.5764 -0.5025
vn -0.3162 -0.4026 0.8590
vn 0.0622 0.9121 -0.4053
vn -0.1223 0.9181 -0.3771
vn 0.2921 -0.9477 0.1285
vn 0.5810 -0.8030 -0.1329
vn 0.7233 -0.5040 -0.4720
vn 0.6612 -0.2156 -0.7186
vn -0.5039 0.8628 -0.0415
vn 0.6151 -0.4132 -0.6715
vn 0.6218 -0.6552 -0.4291
vn 0.4616 -0.8424 -0.2781
vn 0.2430 -0.9677 -0.0677
vn -0.0358 -0.8988 0.4370
vn -0.3472 -0.5010 0.7928
vn -0.4910 -0.1449 0.8590
vn -0.6524 0.7552 -0.0634
vn -0.4988 -0.1450 0.8545
vn -0.5076 -0.1412 0.8499
vn -0.4916 -0.1558 0.8568
vn -0.4605 -0.1409 0.8764
vn -0.4597 -0.1300 0.8785
vn 0.5450 -0.6384 -0.5435
vn 0.3858 -0.8167 -0.4291
vn -0.5912 0.6540 -0.4720
vn -0.5752 0.6513 -0.4949
vn -0.5543 -0.0788 0.8286
vn -0.5698 -0.0714 0.8187
vn -0.5610 -0.0526 0.8261
vn -0.5403 -0.0376 0.8406
vn -0.5332 -0.0713 0.8430
vn -0.5708 -0.0900 0.8161
vn -0.5623 -0.0974 0.8212
vn -0.4684 -0.1767 0.8657
vn -0.4595 -0.2081 0.8635
vn -0.4683 -0.1660 0.8678
vn -0.1794 -0.0335 0.9832
vn -0.2633 0.0958 0.9599
vn 0.2306 0.4096 0.8826
vn 0.1014 0.6184 0.7793
vn -0.5567 0.7482 -0.3609
vn 0.5208 0.7964 0.3074
vn 0.6600 0.7361 -0.1502
vn 0.6629 0.6295 -0.4053
vn 0.5863 0.6263 -0.5138
vn -0.5270 0.8223 -0.2146
vn -0.6424 0.7278 -0.2401
vn -0.4148 0.8843 -0.2146
vn -0.3619 0.7626 -0.5361
vn 0.5430 0.7847 -0.2990
vn 0.3981 0.9130 0.0895
vn -0.2887 0.7907 -0.5398
vn -0.3071 0.8573 -0.4133
vn -0.2236 0.7810 -0.5832
vn 0.5077 0.6037 -0.6147
vn -0.3026 0.9142 -0.2697
vn 0.4523 0.7708 -0.4487
vn -0.1951 0.9664 -0.1674
vn 0.5306 0.4639 -0.7094
vn 0.5512 0.3510 -0.7569
vn 0.5630 0.2424 -0.7901
vn 0.5704 0.1127 -0.8136
vn 0.5663 -0.0304 -0.8237
vn 0.5496 -0.2001 -0.8111
vn 0.5134 -0.3935 -0.7626
vn 0.4593 -0.6070 -0.6485
vn 0.3063 -0.7764 -0.5508
vn 0.1893 -0.9532 -0.2359
vn -0.0641 -0.9467 0.3156
vn -0.3415 -0.5213 0.7820
vn -0.4527 -0.1265 0.8826
vn -0.5260 -0.0301 0.8499
vn -0.4957 -0.0338 0.8678
vn -0.3866 -0.0822 0.9186
vn -0.5556 -0.1453 0.8187
vn -0.5690 -0.1635 0.8059
vn -0.5657 -0.2175 0.7954
vn -0.5633 -0.2139 0.7981
vn -0.5148 -0.1120 0.8500
vn -0.3502 0.2080 0.9133
vn 0.0113 0.7941 0.6077
vn 0.3136 0.9408 -0.1285
vn 0.3545 0.7448 -0.5653
vn 0.4157 0.5767 -0.7032
vn 0.4384 0.4477 -0.7793
vn 0.4548 0.3388 -0.8237
vn 0.4642 0.2331 -0.8545
vn 0.4683 0.1124 -0.8764
vn 0.4647 -0.0378 -0.8847
vn 0.4474 -0.1981 -0.8722
vn 0.4167 -0.3793 -0.8261
vn 0.3752 -0.5743 -0.7276
vn 0.2106 -0.7460 -0.6318
vn 0.1130 -0.9304 -0.3486
vn -0.0867 -0.9689 0.2316
vn -0.2960 -0.5328 0.7928
vn -0.3517 -0.1182 0.9286
vn -0.4774 -0.0188 0.8785
vn -0.3581 -0.0225 0.9334
vn -0.3560 -0.0450 0.9334
vn -0.2276 -0.0300 0.9733
vn -0.2408 -0.1433 0.9599
vn -0.2472 -0.5684 0.7848
vn -0.1504 -0.9736 0.1717
vn -0.0057 -0.9142 -0.4053
vn 0.0867 -0.7330 -0.6747
vn -0.0528 0.8257 -0.5617
vn 0.2687 -0.5586 -0.7847
vn 0.3119 -0.3720 -0.8743
vn 0.3309 -0.2012 -0.9220
vn 0.3436 -0.0452 -0.9380
vn 0.3454 0.0971 -0.9334
vn 0.3415 0.2219 -0.9133
vn 0.3369 0.3222 -0.8847
vn 0.3226 0.4307 -0.8429
vn 0.2907 0.5589 -0.7766
vn 0.1903 0.6786 -0.7094
vn 0.2234 0.7217 -0.6552
vn 0.1204 0.8085 -0.5760
vn 0.1348 0.5471 -0.8261
vn 0.1749 0.4111 -0.8946
vn 0.1903 0.3042 -0.9334
vn 0.1934 0.2028 -0.9599
vn 0.1980 0.0882 -0.9762
vn 0.1945 -0.0449 -0.9799
vn 0.1931 -0.1972 -0.9611
vn 0.1789 -0.3703 -0.9115
vn 0.1459 -0.5517 -0.8212
vn -0.0642 -0.7263 -0.6843
vn -0.1614 -0.8962 -0.4132
vn -0.2719 -0.9491 0.1588
vn -0.2632 -0.5762 0.7738
vn -0.1912 -0.1686 0.9670
vn -0.1636 -0.0445 0.9855
vn -0.2042 -0.0408 0.9781
vn -0.4076 0.3279 0.8522
vn -0.5954 -0.0113 0.8033
vn -0.5842 -0.0301 0.8111
vn -0.4611 0.4039 0.7901
vn -0.0547 0.9053 0.4212
vn -0.3237 -0.5205 0.7901
vn -0.1731 -0.1572 0.9723
vn -0.1402 -0.0475 0.9890
vn -0.1739 -0.0553 0.9832
vn -0.1467 0.9429 0.2990
vn 0.2171 0.9319 -0.2907
vn -0.4997 0.3948 0.7710
vn -0.4248 -0.8815 0.2061
vn -0.3321 -0.8610 -0.3852
vn -0.2232 -0.7066 -0.6715
vn -0.5622 -0.0376 0.8261
vn 0.0246 -0.3662 -0.9302
vn 0.0321 -0.2014 -0.9790
vn 0.0327 -0.0516 -0.9981
vn 0.0314 0.0720 -0.9969
vn 0.0283 0.1846 -0.9824
vn 0.0302 0.2870 -0.9575
vn 0.0152 0.3949 -0.9186
vn -0.0378 0.5329 -0.8453
vn 0.0434 0.7096 -0.7032
vn -0.6136 -0.1273 0.7793
vn -0.6190 -0.1347 0.7738
vn -0.5765 -0.1344 0.8059
vn -0.1480 0.6922 -0.7063
vn -0.1995 0.5114 -0.8358
vn -0.1495 0.3745 -0.9151
vn -0.1416 0.2704 -0.9523
vn -0.1473 0.1647 -0.9753
vn -0.1478 0.0520 -0.9877
vn -0.1450 -0.0698 -0.9870
vn -0.1424 -0.2114 -0.9670
vn -0.1297 -0.3649 -0.9220
vn -0.1476 -0.5401 -0.8286
vn -0.3712 -0.6379 -0.6747
vn -0.5693 -0.1343 0.8111
vn -0.5080 -0.7744 -0.3772
vn -0.5687 -0.7892 0.2316
vn -0.3707 -0.4571 0.8085
vn -0.1696 -0.1418 0.9753
vn -0.1173 -0.0471 0.9920
vn -0.1078 -0.0472 0.9930
vn -0.1254 -0.0368 0.9914
vn -0.4584 -0.0600 0.8867
vn -0.4672 0.3636 0.8059
vn -0.1873 -0.1398 0.9723
vn -0.4611 -0.4038 0.7901
vn -0.7186 -0.6692 0.1889
vn -0.6414 -0.6333 -0.4331
vn -0.4701 -0.4995 -0.7276
vn -0.2677 -0.5241 -0.8085
vn -0.3047 -0.4020 -0.8635
vn -0.2501 0.9358 0.2486
vn -0.3245 -0.2526 -0.9115
vn 0.0717 0.9183 -0.3892
vn -0.5585 -0.0751 0.8261
vn -0.6093 -0.1604 0.7766
vn -0.5730 -0.1490 0.8059
vn -0.5171 -0.3291 -0.7901
vn -0.7346 -0.4387 -0.5176
vn -0.8655 -0.4874 0.1156
vn -0.5671 -0.2970 0.7682
vn -0.2320 -0.0951 0.9681
vn -0.5903 -0.1890 0.7847
vn -0.2387 -0.0410 0.9702
vn -0.5831 -0.1890 0.7901
vn -0.6207 -0.1566 0.7682
vn -0.9585 -0.2721 0.0851
vn -0.7845 -0.2382 -0.5725
vn -0.5364 -0.1604 -0.8286
vn -0.3336 -0.1080 -0.9365
vn -0.3329 0.0302 -0.9425
vn -0.4448 -0.1263 0.8867
vn -0.5416 -0.0000 -0.8406
vn -0.8061 -0.0416 -0.5903
vn -0.9939 -0.0754 0.0807
vn -0.6203 -0.0602 0.7820
vn -0.2264 -0.0374 0.9733
vn -0.1250 -0.0185 0.9920
vn -0.1237 -0.0258 0.9920
vn -0.1602 -0.0407 0.9862
vn -0.1231 -0.0439 0.9914
vn -0.2356 -0.0338 0.9713
vn -0.6225 0.0301 0.7820
vn -0.9878 0.1242 0.0938
vn -0.8046 0.1576 -0.5725
vn -0.5405 0.1458 -0.8286
vn -0.3288 0.1536 -0.9318
vn -0.3295 0.2655 -0.9060
vn -0.4335 -0.1081 0.8946
vn -0.2980 -0.1102 0.9482
vn -0.3326 -0.0338 0.9425
vn -0.4140 0.3715 0.8310
vn -0.3556 0.9065 0.2274
vn -0.5343 0.2932 -0.7928
vn -0.7800 0.3517 -0.5176
vn -0.9297 0.3402 0.1415
vn -0.5916 0.1601 0.7901
vn -0.2337 0.0075 0.9723
vn -0.1255 -0.0368 0.9914
vn -0.1353 -0.0333 0.9902
vn -0.1149 0.8959 -0.4291
vn -0.2025 -0.0481 0.9781
vn -0.1174 -0.0331 0.9925
vn -0.2011 0.0336 0.9790
vn -0.5063 0.2474 0.8261
vn -0.8250 0.5155 0.2316
vn -0.7358 0.5271 -0.4252
vn -0.5170 0.4410 -0.7336
vn -0.3282 0.3830 -0.8635
vn -0.3228 0.4836 -0.8136
vn -0.3127 0.8572 -0.4093
vn -0.4848 0.8398 0.2444
vn -0.4630 0.5710 -0.6780
vn -0.6423 0.6783 -0.3568
vn -0.7133 0.6319 0.3032
vn -0.4364 0.2817 0.8545
vn -0.4031 0.3672 0.8382
vn -0.1898 0.0225 0.9816
vn -0.1765 -0.0731 0.9816
vn -0.2602 -0.0920 0.9612
vn -0.2120 -0.0878 0.9733
vn -0.2507 -0.0000 0.9681
vn -0.2119 0.0150 0.9772
vn -0.4172 0.3217 0.8499
vn -0.6104 0.7368 0.2907
vn -0.5021 0.7841 -0.3650
vn -0.3178 0.6562 -0.6844
vt 0.408454 0.659146
vt 0.496851 0.578841
vt 0.497193 0.554309
vt 0.581949 0.657508
vt 0.349068 0.586575
vt 0.528860 0.781302
vt 0.723879 0.821051
vt 0.772918 0.791728
vt 0.736688 0.780557
vt 0.262823 0.819376
vt 0.214921 0.789122
vt 0.249407 0.783071
vt 0.487856 0.597171
vt 0.638762 0.655631
vt 0.361582 0.653025
s 1
usemtl Material.006
f 1/1/1 2/1/2 3/1/3
f 2/1/2 4/1/4 3/1/3
f 238/2/5 240/2/6 239/2/7
f 4/1/4 5/1/8 3/1/3
f 237/2/9 238/2/5 239/2/7
f 5/1/8 6/1/10 3/1/3
f 234/2/6 236/2/11 235/2/12
f 6/1/10 7/1/13 3/1/3
f 233/2/14 234/2/6 235/2/12
f 7/1/13 8/1/15 3/1/3
f 230/2/16 232/2/5 231/2/9
f 8/1/15 9/1/17 3/1/3
f 3/1/3 9/1/17 10/1/18
f 9/1/17 11/1/19 10/1/18
f 10/1/18 11/1/19 12/1/20
f 11/1/19 13/1/21 12/1/20
f 12/1/20 13/1/21 14/1/22
f 13/1/21 15/1/23 14/1/22
f 14/1/22 15/1/23 16/1/24
f 15/1/23 17/1/25 16/1/24
f 229/2/26 230/2/16 231/2/9
f 17/1/25 18/1/27 16/1/24
f 228/2/28 230/2/16 229/2/26
f 18/1/27 19/1/29 16/1/24
f 227/2/30 228/2/28 229/2/26
f 19/1/29 20/1/31 16/1/24
f 226/2/32 228/2/28 227/2/30
f 20/1/31 21/1/33 16/1/24
f 225/2/34 226/2/32 227/2/30
f 21/1/33 22/1/35 16/1/24
f 222/2/36 224/2/37 223/2/38
f 22/1/35 23/1/39 16/1/24
f 221/2/40 222/2/36 223/2/38
f 23/1/39 24/1/41 16/1/24
f 218/3/32 220/3/42 219/3/43
f 24/1/41 25/1/44 16/1/24
f 16/1/24 25/1/44 14/1/22
f 25/1/44 26/1/45 14/1/22
f 14/1/22 26/1/45 12/1/20
f 26/1/45 27/1/46 12/1/20
f 12/1/20 27/1/46 10/1/18
f 27/1/46 28/1/47 10/1/18
f 10/1/18 28/1/47 3/1/3
f 28/1/47 29/1/48 3/1/3
f 3/1/3 29/1/48 1/1/1
f 215/2/49 216/2/36 217/2/50
f 214/2/51 216/2/36 215/2/49
f 211/2/42 212/2/52 213/2/37
f 208/2/53 210/2/12 209/2/54
f 30/4/55 32/4/56 31/4/57
f 31/4/57 32/4/56 33/4/58
f 207/2/59 208/2/53 209/2/54
f 205/2/60 208/2/53 207/2/59
f 206/2/61 205/2/60 207/2/59
f 203/2/62 205/2/60 204/2/63
f 30/4/55 31/4/57 34/4/64
f 34/4/64 31/4/57 35/4/65
f 202/2/66 203/2/62 204/2/63
f 35/4/65 31/4/57 36/4/67
f 201/2/68 203/2/62 202/2/66
f 36/4/67 31/4/57 37/4/69
f 200/2/70 201/2/68 202/2/66
f 37/4/69 31/4/57 38/4/71
f 199/2/72 201/2/68 200/2/70
f 38/4/71 31/4/57 39/4/73
f 31/4/57 40/4/74 39/4/73
f 39/4/73 40/4/74 41/4/75
f 40/4/74 42/4/76 41/4/75
f 41/4/75 42/4/76 43/4/77
f 42/4/76 44/4/78 43/4/77
f 43/4/77 44/4/78 45/4/79
f 44/4/78 46/4/80 45/4/79
f 45/4/79 46/4/80 47/4/81
f 198/2/82 199/2/72 200/2/70
f 47/4/81 46/4/80 48/4/83
f 197/2/84 199/2/72 198/2/82
f 48/4/83 46/4/80 49/4/85
f 196/2/86 197/2/84 198/2/82
f 49/4/85 46/4/80 50/4/87
f 195/2/88 197/2/84 196/2/86
f 50/4/87 46/4/80 51/4/89
f 194/2/90 195/2/88 196/2/86
f 51/4/89 46/4/80 52/4/91
f 193/2/92 195/2/88 194/2/90
f 52/4/91 46/4/80 53/4/93
f 192/2/94 193/2/92 194/2/90
f 53/4/93 46/4/80 54/4/95
f 191/2/96 193/2/92 192/2/94
f 54/4/95 46/4/80 55/4/97
f 46/4/80 44/4/78 55/4/97
f 55/4/97 44/4/78 56/4/98
f 44/4/78 42/4/76 56/4/98
f 56/4/98 42/4/76 57/4/99
f 42/4/76 40/4/74 57/4/99
f 57/4/99 40/4/74 58/4/100
f 40/4/74 31/4/57 58/4/100
f 58/4/100 31/4/57 33/4/58
f 190/2/101 191/2/96 192/2/94
f 189/2/102 191/2/96 190/2/101
f 188/2/103 189/2/102 190/2/101
f 187/2/104 189/2/102 188/2/103
f 59/5/105 61/5/106 60/5/107
f 60/5/107 61/5/106 62/5/108
f 61/5/106 63/5/109 62/5/108
f 62/5/108 63/5/109 64/5/110
f 186/2/111 187/2/104 188/2/103
f 64/5/110 63/5/109 65/5/112
f 185/2/113 187/2/104 186/2/111
f 65/5/112 63/5/109 66/5/114
f 184/2/115 185/2/113 186/2/111
f 66/5/114 63/5/109 67/5/116
f 63/5/109 68/5/117 67/5/116
f 183/2/118 185/2/113 184/2/115
f 68/5/117 69/5/119 67/5/116
f 182/2/120 183/2/118 184/2/115
f 69/5/119 70/5/121 67/5/116
f 181/2/122 183/2/118 182/2/120
f 70/5/121 71/5/123 67/5/116
f 180/2/124 181/2/122 182/2/120
f 71/5/123 72/5/125 67/5/116
f 67/5/116 72/5/125 73/5/126
f 72/5/125 74/5/127 73/5/126
f 73/5/126 74/5/127 75/5/128
f 179/2/129 181/2/122 180/2/124
f 176/2/130 177/2/131 178/2/132
f 175/2/130 177/2/131 176/2/130
f 174/2/133 175/2/130 176/2/130
f 76/5/134 78/5/135 77/5/136
f 77/5/136 78/5/135 79/5/137
f 78/5/135 80/5/138 79/5/137
f 79/5/137 80/5/138 81/5/139
f 173/2/133 175/2/130 174/2/133
f 81/5/139 80/5/138 82/5/140
f 159/2/141 173/2/133 174/2/133
f 82/5/140 80/5/138 83/5/142
f 172/2/143 173/2/133 159/2/141
f 83/5/142 80/5/138 84/5/144
f 80/5/138 85/5/145 84/5/144
f 161/2/146 172/2/143 159/2/141
f 85/5/145 86/5/147 84/5/144
f 169/2/148 170/2/149 171/2/150
f 86/5/147 87/5/151 84/5/144
f 168/2/152 170/2/149 169/2/148
f 87/5/151 88/5/153 84/5/144
f 167/2/154 168/2/152 169/2/148
f 88/5/153 89/5/155 84/5/144
f 84/5/144 89/5/155 90/5/156
f 89/5/155 91/5/157 90/5/156
f 90/5/156 91/5/157 92/5/158
f 166/2/159 168/2/152 167/2/154
f 165/2/160 166/2/159 167/2/154
f 164/2/161 166/2/159 165/2/160
f 163/2/162 164/2/161 165/2/160
f 93/3/129 95/3/124 94/3/163
f 94/3/163 95/3/124 96/3/164
f 95/3/124 97/3/120 96/3/164
f 162/2/165 164/2/161 163/2/162
f 97/3/120 98/3/166 96/3/164
f 161/2/146 162/2/165 163/2/162
f 98/3/166 99/3/167 96/3/164
f 96/3/164 99/3/167 100/3/103
f 160/2/168 162/2/165 161/2/146
f 159/2/141 160/2/168 161/2/146
f 155/2/169 158/2/170 157/2/171
f 156/2/172 155/2/169 157/2/171
f 94/3/163 96/3/164 101/3/173
f 101/3/173 96/3/164 102/3/174
f 96/3/164 103/3/175 102/3/174
f 154/2/176 155/2/169 156/2/172
f 151/2/177 153/2/178 152/2/179
f 148/2/180 149/2/150 150/2/149
f 147/2/181 149/2/150 148/2/180
f 104/3/28 96/3/164 105/3/16
f 146/2/173 147/2/181 148/2/180
f 105/3/16 96/3/164 106/3/5
f 145/2/182 147/2/181 146/2/173
f 106/3/5 96/3/164 107/3/6
f 96/3/164 108/3/183 107/3/6
f 107/3/6 108/3/183 109/3/11
f 144/2/174 145/2/182 146/2/173
f 109/3/11 108/3/183 110/3/59
f 142/2/184 145/2/182 144/2/174
f 110/3/59 108/3/183 111/3/61
f 143/2/185 142/2/184 144/2/174
f 111/3/61 108/3/183 112/3/66
f 141/2/186 142/2/184 143/2/185
f 112/3/66 108/3/183 113/3/187
f 140/2/188 142/2/184 141/2/186
f 113/3/187 108/3/183 114/3/189
f 138/2/43 140/2/188 141/2/186
f 114/3/189 108/3/183 115/3/86
f 139/2/190 140/2/188 138/2/43
f 115/3/86 108/3/183 116/3/191
f 137/2/42 139/2/190 138/2/43
f 116/3/191 108/3/183 117/3/192
f 133/2/193 135/2/194 136/2/195
f 117/3/192 108/3/183 118/3/101
f 134/2/196 135/2/194 133/2/193
f 118/3/101 108/3/183 100/3/103
f 108/3/183 96/3/164 100/3/103
f 132/2/197 134/2/196 133/2/193
f 130/2/198 132/2/197 133/2/193
f 131/2/199 132/2/197 130/2/198
f 129/2/200 131/2/199 130/2/198
f 119/3/185 120/3/164 121/3/186
f 128/2/201 129/2/200 130/2/198
f 121/3/186 120/3/164 122/3/43
f 126/2/202 129/2/200 128/2/201
f 122/3/43 120/3/164 123/3/32
f 120/3/164 124/3/28 123/3/32
f 127/2/203 126/2/202 128/2/201
f 125/2/204 126/2/202 127/2/203
usemtl Material.005
f 2659/6/205 1972/6/206 1971/6/207
f 1973/6/208 1972/6/206 2659/6/205
f 2660/6/209 1973/6/208 2659/6/205
f 2001/6/210 1973/6/208 2660/6/209
f 2032/6/211 2001/6/210 2660/6/209
f 2659/6/205 2032/6/211 2660/6/209
f 2657/6/212 2032/6/211 2659/6/205
f 1971/6/207 2657/6/212 2659/6/205
f 2647/6/213 1971/6/207 1976/6/214
f 2075/6/215 1971/6/207 2647/6/213
f 2070/6/216 2075/6/215 2647/6/213
f 2057/6/217 2055/6/218 2655/6/219
f 2656/6/220 2057/6/217 2655/6/219
f 2658/6/221 2057/6/217 2656/6/220
f 2075/6/215 2057/6/217 2658/6/221
f 1971/6/207 2075/6/215 2658/6/221
f 2656/6/220 1971/6/207 2658/6/221
f 2657/6/212 1971/6/207 2656/6/220
f 2032/6/211 2657/6/212 2656/6/220
f 2655/6/219 2032/6/211 2656/6/220
f 2055/6/218 2032/6/211 2655/6/219
f 2103/6/222 2108/6/223 2654/6/224
f 1792/6/225 1791/6/226 2103/6/222
f 2654/6/224 1792/6/225 2103/6/222
f 1794/6/227 1792/6/225 2654/6/224
f 2108/6/223 1794/6/227 2654/6/224
f 2653/6/228 1794/6/227 2108/6/223
f 2091/6/229 2653/6/228 2108/6/223
f 2649/6/230 2653/6/228 2091/6/229
f 1794/6/227 2653/6/228 2649/6/230
f 2650/6/231 1794/6/227 2649/6/230
f 2651/6/232 1794/6/227 2650/6/231
f 1800/6/233 1794/6/227 2651/6/232
f 1801/6/234 1800/6/233 2651/6/232
f 2084/6/235 2648/6/236 2088/6/237
f 2652/6/238 2084/6/235 1805/6/239
f 1801/6/234 2652/6/238 1805/6/239
f 2651/6/232 2652/6/238 1801/6/234
f 2084/6/235 2652/6/238 2651/6/232
f 2650/6/231 2084/6/235 2651/6/232
f 2649/6/230 2084/6/235 2650/6/231
f 2648/6/236 2084/6/235 2649/6/230
f 2091/6/229 2648/6/236 2649/6/230
f 2088/6/237 2648/6/236 2091/6/229
f 2070/6/216 2647/6/213 1976/6/214
f 1948/6/240 2644/6/241 1954/6/242
f 1963/6/243 1962/6/244 2639/6/245
f 2645/6/246 1868/6/247 1848/6/248
f 1869/6/249 1868/6/247 2645/6/246
f 2646/6/250 1869/6/249 2645/6/246
f 1873/6/251 1869/6/249 2646/6/250
f 1948/6/240 1873/6/251 2646/6/250
f 2645/6/246 1948/6/240 2646/6/250
f 2644/6/241 1948/6/240 2645/6/246
f 1848/6/248 2644/6/241 2645/6/246
f 1954/6/242 2644/6/241 1848/6/248
f 2643/6/252 1954/6/242 1848/6/248
f 1955/6/253 1954/6/242 2643/6/252
f 2641/6/254 1955/6/253 2643/6/252
f 1848/6/248 2641/6/254 2643/6/252
f 2642/6/255 2641/6/254 1848/6/248
f 1847/6/256 2642/6/255 1848/6/248
f 2635/6/257 2642/6/255 1847/6/256
f 2641/6/254 2642/6/255 2635/6/257
f 2640/6/258 2641/6/254 2635/6/257
f 1955/6/253 2641/6/254 2640/6/258
f 1962/6/244 1955/6/253 2640/6/258
f 2635/6/257 1962/6/244 2640/6/258
f 2639/6/245 1962/6/244 2635/6/257
f 2637/6/259 2639/6/245 2635/6/257
f 1963/6/243 2639/6/245 2637/6/259
f 2638/6/260 1963/6/243 2637/6/259
f 1976/6/214 1963/6/243 2638/6/260
f 2070/6/216 1976/6/214 2638/6/260
f 2637/6/259 2070/6/216 2638/6/260
f 2632/6/261 2070/6/216 2637/6/259
f 2635/6/257 2632/6/261 2637/6/259
f 2631/6/262 2632/6/261 2635/6/257
f 2633/6/263 2631/6/262 2635/6/257
f 2634/6/264 1842/6/265 1822/6/266
f 1843/6/267 1842/6/265 2634/6/264
f 2636/6/268 1843/6/267 2634/6/264
f 1847/6/256 1843/6/267 2636/6/268
f 2635/6/257 1847/6/256 2636/6/268
f 2634/6/264 2635/6/257 2636/6/268
f 2633/6/263 2635/6/257 2634/6/264
f 1822/6/266 2633/6/263 2634/6/264
f 2631/6/262 2633/6/263 1822/6/266
f 2072/6/269 2631/6/262 1822/6/266
f 2070/6/216 2632/6/261 2631/6/262
f 2072/6/269 2070/6/216 2631/6/262
f 2630/6/270 1943/6/271 1944/6/272
f 1951/6/273 2630/6/270 1944/6/272
f 2621/6/274 1942/6/275 1943/6/271
f 2630/6/270 2621/6/274 1943/6/271
f 2624/6/276 2621/6/274 2630/6/270
f 2625/6/277 2624/6/276 2630/6/270
f 1951/6/273 2625/6/277 2630/6/270
f 2626/6/278 2625/6/277 1951/6/273
f 2627/6/279 2626/6/278 1951/6/273
f 2629/6/280 2627/6/279 1951/6/273
f 1957/6/281 2629/6/280 1951/6/273
f 1960/6/282 2629/6/280 1957/6/281
f 2627/6/279 2629/6/280 1960/6/282
f 2623/6/283 2621/6/274 2624/6/276
f 2622/6/284 2621/6/274 2623/6/283
f 2608/6/285 2616/6/286 2617/6/287
f 2603/6/288 2613/6/289 2602/6/290
f 2628/6/291 2002/6/292 2004/6/293
f 1960/6/282 2002/6/292 2628/6/291
f 2627/6/279 1960/6/282 2628/6/291
f 2004/6/293 2627/6/279 2628/6/291
f 2626/6/278 2627/6/279 2004/6/293
f 2597/6/294 2626/6/278 2004/6/293
f 2625/6/277 2626/6/278 2597/6/294
f 2610/6/295 2625/6/277 2597/6/294
f 2624/6/276 2625/6/277 2610/6/295
f 2623/6/283 2624/6/276 2610/6/295
f 2609/6/296 2623/6/283 2610/6/295
f 2608/6/285 2623/6/283 2609/6/296
f 2622/6/284 2623/6/283 2608/6/285
f 2617/6/287 2622/6/284 2608/6/285
f 2621/6/274 2622/6/284 2617/6/287
f 2618/6/297 2621/6/274 2617/6/287
f 2619/6/298 2621/6/274 2618/6/297
f 2620/6/299 2621/6/274 2619/6/298
f 1942/6/275 2621/6/274 2620/6/299
f 1937/6/300 1942/6/275 2620/6/299
f 2619/6/298 1937/6/300 2620/6/299
f 2615/6/301 1937/6/300 2619/6/298
f 2614/6/302 2615/6/301 2619/6/298
f 2618/6/297 2614/6/302 2619/6/298
f 2617/6/287 2614/6/302 2618/6/297
f 2616/6/286 2614/6/302 2617/6/287
f 2612/6/303 2614/6/302 2616/6/286
f 2608/6/285 2612/6/303 2616/6/286
f 2611/6/304 2612/6/303 2608/6/285
f 2615/6/301 2603/6/288 1937/6/300
f 2613/6/289 2603/6/288 2615/6/301
f 2614/6/302 2613/6/289 2615/6/301
f 2612/6/303 2613/6/289 2614/6/302
f 2602/6/290 2613/6/289 2612/6/303
f 2611/6/304 2602/6/290 2612/6/303
f 2605/6/305 2602/6/290 2611/6/304
f 2608/6/285 2605/6/305 2611/6/304
f 2606/6/306 2605/6/305 2608/6/285
f 2599/6/307 2607/6/308 2598/6/309
f 2610/6/295 2597/6/294 2598/6/309
f 2607/6/308 2610/6/295 2598/6/309
f 2609/6/296 2610/6/295 2607/6/308
f 2608/6/285 2609/6/296 2607/6/308
f 2606/6/306 2608/6/285 2607/6/308
f 2599/6/307 2606/6/306 2607/6/308
f 2605/6/305 2606/6/306 2599/6/307
f 2600/6/310 2605/6/305 2599/6/307
f 2602/6/290 2605/6/305 2600/6/310
f 2594/6/311 2601/6/312 2595/6/313
f 2604/6/314 2601/6/312 2594/6/311
f 1923/6/315 2604/6/314 2594/6/311
f 1937/6/300 2604/6/314 1923/6/315
f 2603/6/288 2604/6/314 1937/6/300
f 2601/6/312 2604/6/314 2603/6/288
f 2602/6/290 2601/6/312 2603/6/288
f 2600/6/310 2601/6/312 2602/6/290
f 2595/6/313 2601/6/312 2600/6/310
f 2599/6/307 2595/6/313 2600/6/310
f 2596/6/316 2595/6/313 2599/6/307
f 2598/6/309 2596/6/316 2599/6/307
f 2597/6/294 2596/6/316 2598/6/309
f 2004/6/293 2596/6/316 2597/6/294
f 2013/6/317 2596/6/316 2004/6/293
f 2595/6/313 2596/6/316 2013/6/317
f 2594/6/311 2595/6/313 2013/6/317
f 2014/6/318 2594/6/311 2013/6/317
f 1923/6/315 2594/6/311 2014/6/318
f 2593/6/319 2208/6/320 2365/6/321
f 2206/6/322 2208/6/320 2593/6/319
f 2204/6/323 2206/6/322 2593/6/319
f 2365/6/321 2204/6/323 2593/6/319
f 2571/6/324 2591/6/325 2573/6/326
f 2590/6/327 2589/6/328 2567/6/329
f 2566/6/330 2590/6/327 2567/6/329
f 2592/6/331 2590/6/327 2566/6/330
f 2565/6/332 2592/6/331 2566/6/330
f 2575/6/333 2592/6/331 2565/6/332
f 2574/6/334 2592/6/331 2575/6/333
f 2573/6/326 2592/6/331 2574/6/334
f 2591/6/325 2592/6/331 2573/6/326
f 2590/6/327 2592/6/331 2591/6/325
f 2571/6/324 2590/6/327 2591/6/325
f 2589/6/328 2590/6/327 2571/6/324
f 2569/6/335 2589/6/328 2571/6/324
f 2567/6/329 2589/6/328 2569/6/335
f 2582/6/336 2583/6/337 2584/6/338
f 2587/6/339 2578/6/340 2579/6/341
f 2580/6/342 2587/6/339 2579/6/341
f 2588/6/343 2587/6/339 2580/6/342
f 2582/6/336 2588/6/343 2580/6/342
f 2584/6/338 2588/6/343 2582/6/336
f 2587/6/339 2588/6/343 2584/6/338
f 2585/6/344 2587/6/339 2584/6/338
f 2586/6/345 2587/6/339 2585/6/344
f 2578/6/340 2587/6/339 2586/6/345
f 2577/6/346 2578/6/340 2586/6/345
f 2550/6/347 2577/6/346 2586/6/345
f 2554/6/348 2550/6/347 2586/6/345
f 2585/6/344 2554/6/348 2586/6/345
f 2555/6/349 2554/6/348 2585/6/344
f 2584/6/338 2555/6/349 2585/6/344
f 2583/6/337 2555/6/349 2584/6/338
f 2556/6/350 2555/6/349 2583/6/337
f 2582/6/336 2556/6/350 2583/6/337
f 2557/6/351 2556/6/350 2582/6/336
f 2558/6/352 2557/6/351 2582/6/336
f 2550/6/347 2325/6/353 2577/6/346
f 2571/6/324 2573/6/326 2572/6/354
f 2318/6/355 2570/6/356 2319/6/357
f 2567/6/329 2569/6/335 2568/6/358
f 2565/6/332 2576/6/359 2575/6/333
f 2561/6/360 2576/6/359 2565/6/332
f 2581/6/361 2582/6/336 2580/6/342
f 2558/6/352 2582/6/336 2581/6/361
f 2559/6/362 2558/6/352 2581/6/361
f 2580/6/342 2559/6/362 2581/6/361
f 2579/6/341 2559/6/362 2580/6/342
f 2560/6/363 2559/6/362 2579/6/341
f 2578/6/340 2560/6/363 2579/6/341
f 2561/6/360 2560/6/363 2578/6/340
f 2577/6/346 2561/6/360 2578/6/340
f 2325/6/353 2561/6/360 2577/6/346
f 2576/6/359 2561/6/360 2325/6/353
f 2324/6/364 2576/6/359 2325/6/353
f 2575/6/333 2576/6/359 2324/6/364
f 2323/6/365 2575/6/333 2324/6/364
f 2574/6/334 2575/6/333 2323/6/365
f 2322/6/366 2574/6/334 2323/6/365
f 2573/6/326 2574/6/334 2322/6/366
f 2572/6/354 2573/6/326 2322/6/366
f 2321/6/367 2572/6/354 2322/6/366
f 2571/6/324 2572/6/354 2321/6/367
f 2320/6/368 2571/6/324 2321/6/367
f 2319/6/357 2571/6/324 2320/6/368
f 2570/6/356 2571/6/324 2319/6/357
f 2569/6/335 2571/6/324 2570/6/356
f 2318/6/355 2569/6/335 2570/6/356
f 2568/6/358 2569/6/335 2318/6/355
f 2563/6/369 2568/6/358 2318/6/355
f 2567/6/329 2568/6/358 2563/6/369
f 2564/6/370 2567/6/329 2563/6/369
f 2566/6/330 2567/6/329 2564/6/370
f 2565/6/332 2566/6/330 2564/6/370
f 2561/6/360 2565/6/332 2564/6/370
f 2563/6/369 2561/6/360 2564/6/370
f 2562/6/371 2561/6/360 2563/6/369
f 2318/6/355 2562/6/371 2563/6/369
f 2316/6/372 2562/6/371 2318/6/355
f 2561/6/360 2562/6/371 2316/6/372
f 2315/6/373 2561/6/360 2316/6/372
f 2560/6/363 2561/6/360 2315/6/373
f 2314/6/374 2560/6/363 2315/6/373
f 2559/6/362 2560/6/363 2314/6/374
f 2313/6/375 2559/6/362 2314/6/374
f 2558/6/352 2559/6/362 2313/6/375
f 2312/6/376 2558/6/352 2313/6/375
f 2557/6/351 2558/6/352 2312/6/376
f 2556/6/350 2557/6/351 2312/6/376
f 2311/6/377 2556/6/350 2312/6/376
f 2555/6/349 2556/6/350 2311/6/377
f 2310/6/378 2555/6/349 2311/6/377
f 2554/6/348 2555/6/349 2310/6/378
f 2552/6/379 2550/6/347 2554/6/348
f 2310/6/378 2552/6/379 2554/6/348
f 1521/6/380 2552/6/379 2310/6/378
f 2336/6/381 2551/6/382 2553/6/383
f 2549/6/384 2551/6/382 2336/6/381
f 2336/6/381 1526/6/385 1539/6/386
f 1525/6/387 1526/6/385 2336/6/381
f 1524/6/388 1525/6/387 2336/6/381
f 2553/6/383 1524/6/388 2336/6/381
f 1521/6/380 1524/6/388 2553/6/383
f 2551/6/382 1521/6/380 2553/6/383
f 2552/6/379 1521/6/380 2551/6/382
f 2550/6/347 2552/6/379 2551/6/382
f 2549/6/384 2550/6/347 2551/6/382
f 2325/6/353 2550/6/347 2549/6/384
f 2336/6/381 2325/6/353 2549/6/384
f 2548/6/389 2547/6/390 2546/6/391
f 2545/6/392 2548/6/389 2546/6/391
f 2544/6/393 2548/6/389 2545/6/392
f 2541/6/394 2548/6/389 2544/6/393
f 2540/6/395 2548/6/389 2541/6/394
f 1895/6/396 2548/6/389 2540/6/395
f 1896/6/397 2548/6/389 1895/6/396
f 2547/6/390 2548/6/389 1896/6/397
f 1898/6/398 2547/6/390 1896/6/397
f 2546/6/391 2547/6/390 1898/6/398
f 1902/6/399 2546/6/391 1898/6/398
f 1903/6/400 2546/6/391 1902/6/399
f 2545/6/392 2546/6/391 1903/6/400
f 1904/6/401 2545/6/392 1903/6/400
f 2544/6/393 2545/6/392 1904/6/401
f 1905/6/402 2544/6/393 1904/6/401
f 2542/6/403 2541/6/394 2544/6/393
f 1905/6/402 2542/6/403 2544/6/393
f 2543/6/404 2542/6/403 1905/6/402
f 1923/6/315 2543/6/404 1905/6/402
f 1894/6/405 1895/6/396 2540/6/395
f 2008/6/406 1923/6/315 2014/6/318
f 2543/6/404 1923/6/315 2008/6/406
f 2009/6/407 2543/6/404 2008/6/406
f 2542/6/403 2543/6/404 2009/6/407
f 2012/6/408 2542/6/403 2009/6/407
f 2541/6/394 2542/6/403 2012/6/408
f 2015/6/409 2541/6/394 2012/6/408
f 2540/6/395 2541/6/394 2015/6/409
f 2021/6/410 2540/6/395 2015/6/409
f 1894/6/405 2540/6/395 2021/6/410
f 1893/6/411 1894/6/405 2021/6/410
f 2539/6/412 2537/6/413 1762/6/414
f 1893/6/411 2539/6/412 1762/6/414
f 2021/6/410 2539/6/412 1893/6/411
f 2537/6/413 2539/6/412 2021/6/410
f 2536/6/415 2537/6/413 2021/6/410
f 2538/6/416 1758/6/417 1760/6/418
f 1762/6/414 2538/6/416 1760/6/418
f 2537/6/413 2538/6/416 1762/6/414
f 1758/6/417 2538/6/416 2537/6/413
f 2536/6/415 1758/6/417 2537/6/413
f 1757/6/419 1758/6/417 2536/6/415
f 2021/6/410 1757/6/419 2536/6/415
f 2535/6/420 2534/6/421 2533/6/422
f 2480/6/423 2482/6/424 2524/6/425
f 2507/6/426 2508/6/427 2513/6/428
f 2464/6/429 2532/6/430 2463/6/431
f 2533/6/422 2532/6/430 2464/6/429
f 2535/6/420 2533/6/422 2464/6/429
f 2465/6/432 2535/6/420 2464/6/429
f 2476/6/433 2535/6/420 2465/6/432
f 2475/6/434 2535/6/420 2476/6/433
f 2534/6/421 2535/6/420 2475/6/434
f 2489/6/435 2534/6/421 2475/6/434
f 2527/6/436 2534/6/421 2489/6/435
f 2533/6/422 2534/6/421 2527/6/436
f 2529/6/437 2533/6/422 2527/6/436
f 2532/6/430 2533/6/422 2529/6/437
f 2530/6/438 2532/6/430 2529/6/437
f 2531/6/439 2532/6/430 2530/6/438
f 2463/6/431 2532/6/430 2531/6/439
f 2021/6/410 2463/6/431 2531/6/439
f 2516/6/440 2021/6/410 2531/6/439
f 2517/6/441 2516/6/440 2531/6/439
f 2530/6/438 2517/6/441 2531/6/439
f 2518/6/442 2517/6/441 2530/6/438
f 2519/6/443 2518/6/442 2530/6/438
f 2529/6/437 2519/6/443 2530/6/438
f 2520/6/444 2519/6/443 2529/6/437
f 2527/6/436 2520/6/444 2529/6/437
f 2521/6/445 2520/6/444 2527/6/436
f 2528/6/446 2521/6/445 2527/6/436
f 2522/6/160 2521/6/445 2528/6/446
f 2523/6/447 2522/6/160 2528/6/446
f 2525/6/448 2523/6/447 2528/6/446
f 2527/6/436 2525/6/448 2528/6/446
f 2526/6/449 2525/6/448 2527/6/436
f 2489/6/435 2526/6/449 2527/6/436
f 2480/6/423 2526/6/449 2489/6/435
f 2525/6/448 2526/6/449 2480/6/423
f 2524/6/425 2525/6/448 2480/6/423
f 2523/6/447 2525/6/448 2524/6/425
f 2482/6/424 2523/6/447 2524/6/425
f 2522/6/160 2523/6/447 2482/6/424
f 2483/6/450 2522/6/160 2482/6/424
f 2521/6/445 2522/6/160 2483/6/450
f 2502/6/451 2521/6/445 2483/6/450
f 2520/6/444 2521/6/445 2502/6/451
f 2503/6/452 2520/6/444 2502/6/451
f 2519/6/443 2520/6/444 2503/6/452
f 2504/6/453 2519/6/443 2503/6/452
f 2518/6/442 2519/6/443 2504/6/453
f 2505/6/454 2518/6/442 2504/6/453
f 2515/6/455 2518/6/442 2505/6/454
f 2517/6/441 2518/6/442 2515/6/455
f 2514/6/456 2517/6/441 2515/6/455
f 2516/6/440 2517/6/441 2514/6/456
f 2512/6/457 2516/6/440 2514/6/456
f 2021/6/410 2516/6/440 2512/6/457
f 2511/6/458 2021/6/410 2512/6/457
f 2515/6/455 2505/6/454 2507/6/426
f 2513/6/428 2515/6/455 2507/6/426
f 2514/6/456 2515/6/455 2513/6/428
f 2512/6/457 2514/6/456 2513/6/428
f 2508/6/427 2512/6/457 2513/6/428
f 2511/6/458 2512/6/457 2508/6/427
f 2509/6/459 2511/6/458 2508/6/427
f 2021/6/410 2511/6/458 2509/6/459
f 2510/6/460 1757/6/419 2021/6/410
f 2509/6/459 2510/6/460 2021/6/410
f 2506/6/461 2497/6/462 2496/6/463
f 1749/6/464 2506/6/461 2496/6/463
f 1751/6/465 2506/6/461 1749/6/464
f 2491/6/466 2493/6/467 2499/6/468
f 2487/6/469 2491/6/466 2499/6/468
f 2490/6/470 2491/6/466 2487/6/469
f 1753/6/471 1757/6/419 2510/6/460
f 2509/6/459 1753/6/471 2510/6/460
f 1752/6/472 1753/6/471 2509/6/459
f 2508/6/427 1752/6/472 2509/6/459
f 1751/6/465 1752/6/472 2508/6/427
f 2507/6/426 1751/6/465 2508/6/427
f 2506/6/461 1751/6/465 2507/6/426
f 2505/6/454 2506/6/461 2507/6/426
f 2497/6/462 2506/6/461 2505/6/454
f 2504/6/453 2497/6/462 2505/6/454
f 2498/6/473 2497/6/462 2504/6/453
f 2503/6/452 2498/6/473 2504/6/453
f 2500/6/474 2498/6/473 2503/6/452
f 2502/6/451 2500/6/474 2503/6/452
f 2501/6/475 2500/6/474 2502/6/451
f 2483/6/450 2501/6/475 2502/6/451
f 2485/6/476 2501/6/475 2483/6/450
f 2487/6/469 2501/6/475 2485/6/476
f 2500/6/474 2501/6/475 2487/6/469
f 2499/6/468 2500/6/474 2487/6/469
f 2498/6/473 2500/6/474 2499/6/468
f 2493/6/467 2498/6/473 2499/6/468
f 2497/6/462 2498/6/473 2493/6/467
f 2496/6/463 2497/6/462 2493/6/467
f 2494/6/477 2496/6/463 2493/6/467
f 1749/6/464 2496/6/463 2494/6/477
f 2495/6/478 1749/6/464 2494/6/477
f 1746/6/479 1749/6/464 2495/6/478
f 1740/6/480 1746/6/479 2495/6/478
f 2494/6/477 1740/6/480 2495/6/478
f 2492/6/481 1740/6/480 2494/6/477
f 2493/6/467 2492/6/481 2494/6/477
f 2491/6/466 2492/6/481 2493/6/467
f 1740/6/480 2492/6/481 2491/6/466
f 2490/6/470 1740/6/480 2491/6/466
f 1739/6/482 1740/6/480 2490/6/470
f 2487/6/469 1739/6/482 2490/6/470
f 1738/6/483 1739/6/482 2487/6/469
f 1737/6/484 1738/6/483 2487/6/469
f 2483/6/450 2484/6/485 2485/6/476
f 2488/6/486 2475/6/434 2477/6/487
f 2489/6/435 2475/6/434 2488/6/486
f 2480/6/423 2489/6/435 2488/6/486
f 2477/6/487 2480/6/423 2488/6/486
f 2478/6/488 2480/6/423 2477/6/487
f 2486/6/489 2487/6/469 2485/6/476
f 1737/6/484 2487/6/469 2486/6/489
f 1678/6/490 1737/6/484 2486/6/489
f 2485/6/476 1678/6/490 2486/6/489
f 2484/6/485 1678/6/490 2485/6/476
f 2479/6/491 1678/6/490 2484/6/485
f 2483/6/450 2479/6/491 2484/6/485
f 2481/6/492 2479/6/491 2483/6/450
f 2482/6/424 2481/6/492 2483/6/450
f 2480/6/423 2481/6/492 2482/6/424
f 2479/6/491 2481/6/492 2480/6/423
f 2478/6/488 2479/6/491 2480/6/423
f 1678/6/490 2479/6/491 2478/6/488
f 2477/6/487 1678/6/490 2478/6/488
f 2474/6/493 1678/6/490 2477/6/487
f 2475/6/434 2474/6/493 2477/6/487
f 1653/6/494 1666/6/495 2469/6/496
f 2476/6/433 2465/6/432 2466/6/497
f 2471/6/498 2476/6/433 2466/6/497
f 2472/6/499 2476/6/433 2471/6/498
f 2475/6/434 2476/6/433 2472/6/499
f 2474/6/493 2475/6/434 2472/6/499
f 2473/6/500 2474/6/493 2472/6/499
f 1678/6/490 2474/6/493 2473/6/500
f 1668/6/501 1678/6/490 2473/6/500
f 1667/6/502 1668/6/501 2473/6/500
f 2470/6/503 1667/6/502 2473/6/500
f 2472/6/499 2470/6/503 2473/6/500
f 2471/6/498 2470/6/503 2472/6/499
f 2468/6/504 2470/6/503 2471/6/498
f 2466/6/497 2468/6/504 2471/6/498
f 2467/6/505 2468/6/504 2466/6/497
f 2470/6/503 1666/6/495 1667/6/502
f 2469/6/496 1666/6/495 2470/6/503
f 2468/6/504 2469/6/496 2470/6/503
f 1653/6/494 2469/6/496 2468/6/504
f 2467/6/505 1653/6/494 2468/6/504
f 2459/6/506 1653/6/494 2467/6/505
f 2466/6/497 2459/6/506 2467/6/505
f 2461/6/507 2459/6/506 2466/6/497
f 2465/6/432 2461/6/507 2466/6/497
f 2462/6/508 2461/6/507 2465/6/432
f 2464/6/429 2462/6/508 2465/6/432
f 2463/6/431 2462/6/508 2464/6/429
f 2460/6/509 2455/6/510 2458/6/511
f 2456/6/512 2455/6/510 2460/6/509
f 2457/6/513 2456/6/512 2460/6/509
f 2457/6/513 2463/6/431 2021/6/410
f 2462/6/508 2463/6/431 2457/6/513
f 2460/6/509 2462/6/508 2457/6/513
f 2461/6/507 2462/6/508 2460/6/509
f 2459/6/506 2461/6/507 2460/6/509
f 2458/6/511 2459/6/506 2460/6/509
f 1653/6/494 2459/6/506 2458/6/511
f 2455/6/510 1653/6/494 2458/6/511
f 2454/6/514 1653/6/494 2455/6/510
f 2453/6/515 2449/6/516 2452/6/517
f 2450/6/518 2449/6/516 2453/6/515
f 2451/6/519 2450/6/518 2453/6/515
f 2022/6/520 2457/6/513 2021/6/410
f 2456/6/512 2457/6/513 2022/6/520
f 2451/6/519 2456/6/512 2022/6/520
f 2455/6/510 2456/6/512 2451/6/519
f 2454/6/514 2455/6/510 2451/6/519
f 2453/6/515 2454/6/514 2451/6/519
f 1653/6/494 2454/6/514 2453/6/515
f 2452/6/517 1653/6/494 2453/6/515
f 2447/6/521 1653/6/494 2452/6/517
f 2449/6/516 2447/6/521 2452/6/517
f 2448/6/522 2447/6/521 2449/6/516
f 2023/6/523 2451/6/519 2022/6/520
f 2450/6/518 2451/6/519 2023/6/523
f 2024/6/524 2450/6/518 2023/6/523
f 2449/6/516 2450/6/518 2024/6/524
f 2042/6/525 2449/6/516 2024/6/524
f 2448/6/522 2449/6/516 2042/6/525
f 2043/6/526 2448/6/522 2042/6/525
f 2445/6/527 2448/6/522 2043/6/526
f 2447/6/521 2448/6/522 2445/6/527
f 2446/6/528 2447/6/521 2445/6/527
f 1653/6/494 2447/6/521 2446/6/528
f 2442/6/529 1653/6/494 2446/6/528
f 2445/6/527 2442/6/529 2446/6/528
f 2443/6/530 2442/6/529 2445/6/527
f 2444/6/531 2443/6/530 2445/6/527
f 2043/6/526 2444/6/531 2445/6/527
f 2044/6/532 2444/6/531 2043/6/526
f 2438/6/533 2444/6/531 2044/6/532
f 2439/6/534 2444/6/531 2438/6/533
f 2443/6/530 2444/6/531 2439/6/534
f 2440/6/535 2443/6/530 2439/6/534
f 2442/6/529 2443/6/530 2440/6/535
f 2441/6/536 2442/6/529 2440/6/535
f 1653/6/494 2442/6/529 2441/6/536
f 2433/6/537 1653/6/494 2441/6/536
f 2440/6/535 2433/6/537 2441/6/536
f 2434/6/538 2433/6/537 2440/6/535
f 2435/6/539 2434/6/538 2440/6/535
f 2439/6/534 2435/6/539 2440/6/535
f 2436/6/540 2435/6/539 2439/6/534
f 2438/6/533 2436/6/540 2439/6/534
f 2437/6/541 2436/6/540 2438/6/533
f 2045/6/542 2438/6/533 2044/6/532
f 2437/6/541 2438/6/533 2045/6/542
f 2046/6/543 2437/6/541 2045/6/542
f 2395/6/345 2437/6/541 2046/6/543
f 2428/6/544 2437/6/541 2395/6/345
f 2436/6/540 2437/6/541 2428/6/544
f 2429/6/545 2436/6/540 2428/6/544
f 2435/6/539 2436/6/540 2429/6/545
f 2430/6/546 2435/6/539 2429/6/545
f 2434/6/538 2435/6/539 2430/6/546
f 2431/6/72 2434/6/538 2430/6/546
f 2433/6/537 2434/6/538 2431/6/72
f 2432/6/547 2433/6/537 2431/6/72
f 1653/6/494 2433/6/537 2432/6/547
f 2423/6/548 1653/6/494 2432/6/547
f 2431/6/72 2423/6/548 2432/6/547
f 2424/6/549 2423/6/548 2431/6/72
f 2425/6/550 2424/6/549 2431/6/72
f 2430/6/546 2425/6/550 2431/6/72
f 2426/6/551 2425/6/550 2430/6/546
f 2429/6/545 2426/6/551 2430/6/546
f 2427/6/552 2426/6/551 2429/6/545
f 2428/6/544 2427/6/552 2429/6/545
f 2396/6/553 2428/6/544 2395/6/345
f 2427/6/552 2428/6/544 2396/6/553
f 2397/6/554 2427/6/552 2396/6/553
f 2398/6/555 2427/6/552 2397/6/554
f 2426/6/551 2427/6/552 2398/6/555
f 2419/6/556 2426/6/551 2398/6/555
f 2425/6/550 2426/6/551 2419/6/556
f 2420/6/557 2425/6/550 2419/6/556
f 2424/6/549 2425/6/550 2420/6/557
f 2421/6/558 2424/6/549 2420/6/557
f 2423/6/548 2424/6/549 2421/6/558
f 2422/6/559 2423/6/548 2421/6/558
f 1653/6/494 2423/6/548 2422/6/559
f 2415/6/560 1653/6/494 2422/6/559
f 2421/6/558 2415/6/560 2422/6/559
f 2416/6/561 2415/6/560 2421/6/558
f 2417/6/562 2416/6/561 2421/6/558
f 2420/6/557 2417/6/562 2421/6/558
f 2418/6/563 2417/6/562 2420/6/557
f 2419/6/556 2418/6/563 2420/6/557
f 2399/6/45 2419/6/556 2398/6/555
f 2418/6/563 2419/6/556 2399/6/45
f 2400/6/564 2418/6/563 2399/6/45
f 2411/6/565 2418/6/563 2400/6/564
f 2417/6/562 2418/6/563 2411/6/565
f 2412/6/566 2417/6/562 2411/6/565
f 2416/6/561 2417/6/562 2412/6/566
f 2413/6/567 2416/6/561 2412/6/566
f 2415/6/560 2416/6/561 2413/6/567
f 2414/6/568 2415/6/560 2413/6/567
f 1653/6/494 2415/6/560 2414/6/568
f 2407/6/569 1653/6/494 2414/6/568
f 2413/6/567 2407/6/569 2414/6/568
f 2408/6/570 2407/6/569 2413/6/567
f 2409/6/571 2408/6/570 2413/6/567
f 2412/6/566 2409/6/571 2413/6/567
f 2410/6/572 2409/6/571 2412/6/566
f 2411/6/565 2410/6/572 2412/6/566
f 2047/6/573 2395/6/345 2046/6/543
f 2401/6/574 2411/6/565 2400/6/564
f 2410/6/572 2411/6/565 2401/6/574
f 2402/6/575 2410/6/572 2401/6/574
f 2403/6/576 2410/6/572 2402/6/575
f 2409/6/571 2410/6/572 2403/6/576
f 2404/6/577 2409/6/571 2403/6/576
f 2408/6/570 2409/6/571 2404/6/577
f 2405/6/578 2408/6/570 2404/6/577
f 2407/6/569 2408/6/570 2405/6/578
f 2406/6/579 2407/6/569 2405/6/578
f 1653/6/494 2407/6/569 2406/6/579
f 2375/6/580 1653/6/494 2406/6/579
f 2405/6/578 2375/6/580 2406/6/579
f 2376/6/581 2375/6/580 2405/6/578
f 2377/6/582 2376/6/581 2405/6/578
f 2404/6/577 2377/6/582 2405/6/578
f 2378/6/583 2377/6/582 2404/6/577
f 2403/6/576 2378/6/583 2404/6/577
f 2379/6/584 2378/6/583 2403/6/576
f 2402/6/575 2379/6/584 2403/6/576
f 2380/6/585 2379/6/584 2402/6/575
f 2381/6/586 2380/6/585 2402/6/575
f 2401/6/574 2381/6/586 2402/6/575
f 2382/6/587 2381/6/586 2401/6/574
f 2400/6/564 2382/6/587 2401/6/574
f 2383/6/588 2382/6/587 2400/6/564
f 2399/6/45 2383/6/588 2400/6/564
f 2384/6/589 2383/6/588 2399/6/45
f 2398/6/555 2384/6/589 2399/6/45
f 2397/6/554 2384/6/589 2398/6/555
f 2385/6/590 2384/6/589 2397/6/554
f 2396/6/553 2385/6/590 2397/6/554
f 2386/6/591 2385/6/590 2396/6/553
f 2395/6/345 2386/6/591 2396/6/553
f 2047/6/573 2386/6/591 2395/6/345
f 2387/6/592 2386/6/591 2047/6/573
f 2048/6/593 2387/6/592 2047/6/573
f 2394/6/594 2065/6/595 2089/6/596
f 2054/6/597 2065/6/595 2394/6/594
f 2392/6/598 2054/6/597 2394/6/594
f 2089/6/596 2392/6/598 2394/6/594
f 2393/6/599 2392/6/598 2089/6/596
f 2098/6/600 2393/6/599 2089/6/596
f 2169/6/601 2393/6/599 2098/6/600
f 2392/6/598 2393/6/599 2169/6/601
f 2389/6/602 2049/6/603 2050/6/604
f 2048/6/593 2049/6/603 2389/6/602
f 2388/6/605 2048/6/593 2389/6/602
f 2391/6/606 2059/6/607 2054/6/597
f 2392/6/598 2391/6/606 2054/6/597
f 2169/6/601 2391/6/606 2392/6/598
f 2059/6/607 2391/6/606 2169/6/601
f 2390/6/608 2059/6/607 2169/6/601
f 2050/6/604 2059/6/607 2390/6/608
f 2389/6/602 2050/6/604 2390/6/608
f 2169/6/601 2389/6/602 2390/6/608
f 2388/6/605 2389/6/602 2169/6/601
f 2171/6/609 2388/6/605 2169/6/601
f 2048/6/593 2388/6/605 2171/6/609
f 2172/6/610 2048/6/593 2171/6/609
f 2173/6/611 2048/6/593 2172/6/610
f 2387/6/592 2048/6/593 2173/6/611
f 2175/6/612 2387/6/592 2173/6/611
f 2386/6/591 2387/6/592 2175/6/612
f 2385/6/590 2386/6/591 2175/6/612
f 2210/6/613 2385/6/590 2175/6/612
f 2384/6/589 2385/6/590 2210/6/613
f 2383/6/588 2384/6/589 2210/6/613
f 2209/6/614 2383/6/588 2210/6/613
f 2382/6/587 2383/6/588 2209/6/614
f 2202/6/615 2382/6/587 2209/6/614
f 2381/6/586 2382/6/587 2202/6/615
f 2203/6/616 2381/6/586 2202/6/615
f 2380/6/585 2381/6/586 2203/6/616
f 2367/6/617 2203/6/616 2204/6/323
f 2380/6/585 2203/6/616 2367/6/617
f 2368/6/618 2380/6/585 2367/6/617
f 2379/6/584 2380/6/585 2368/6/618
f 2369/6/619 2379/6/584 2368/6/618
f 2378/6/583 2379/6/584 2369/6/619
f 2370/6/620 2378/6/583 2369/6/619
f 2377/6/582 2378/6/583 2370/6/620
f 2372/6/621 2377/6/582 2370/6/620
f 2376/6/581 2377/6/582 2372/6/621
f 2373/6/622 2376/6/581 2372/6/621
f 2375/6/580 2376/6/581 2373/6/622
f 2374/6/623 1653/6/494 2375/6/580
f 2373/6/622 2374/6/623 2375/6/580
f 2366/6/624 2367/6/617 2204/6/323
f 2365/6/321 2366/6/624 2204/6/323
f 2370/6/620 2371/6/625 2372/6/621
f 2363/6/626 2345/6/627 2364/6/628
f 2362/6/629 2345/6/627 2363/6/626
f 2348/6/630 2359/6/631 2354/6/632
f 1650/6/633 1653/6/494 2374/6/623
f 2373/6/622 1650/6/633 2374/6/623
f 1649/6/634 1650/6/633 2373/6/622
f 1656/6/635 1649/6/634 2373/6/622
f 2339/6/636 1656/6/635 2373/6/622
f 2372/6/621 2339/6/636 2373/6/622
f 2371/6/625 2339/6/636 2372/6/621
f 2340/6/637 2339/6/636 2371/6/625
f 2341/6/638 2340/6/637 2371/6/625
f 2342/6/639 2341/6/638 2371/6/625
f 2370/6/620 2342/6/639 2371/6/625
f 2369/6/619 2342/6/639 2370/6/620
f 2343/6/640 2342/6/639 2369/6/619
f 2368/6/618 2343/6/640 2369/6/619
f 2344/6/641 2343/6/640 2368/6/618
f 2367/6/617 2344/6/641 2368/6/618
f 2366/6/624 2344/6/641 2367/6/617
f 2345/6/627 2344/6/641 2366/6/624
f 2365/6/321 2345/6/627 2366/6/624
f 2364/6/628 2345/6/627 2365/6/321
f 2208/6/320 2364/6/628 2365/6/321
f 2363/6/626 2364/6/628 2208/6/320
f 2358/6/642 2363/6/626 2208/6/320
f 2357/6/643 2363/6/626 2358/6/642
f 2362/6/629 2363/6/626 2357/6/643
f 2360/6/644 2362/6/629 2357/6/643
f 2345/6/627 2362/6/629 2360/6/644
f 2361/6/645 2345/6/627 2360/6/644
f 2346/6/646 2345/6/627 2361/6/645
f 2348/6/630 2346/6/646 2361/6/645
f 2360/6/644 2348/6/630 2361/6/645
f 2359/6/631 2348/6/630 2360/6/644
f 2357/6/643 2359/6/631 2360/6/644
f 2354/6/632 2359/6/631 2357/6/643
f 2355/6/647 2354/6/632 2357/6/643
f 2232/6/648 2235/6/649 2353/6/650
f 2356/6/651 2239/6/652 2232/6/648
f 2208/6/320 2239/6/652 2356/6/651
f 2358/6/642 2208/6/320 2356/6/651
f 2357/6/643 2358/6/642 2356/6/651
f 2355/6/647 2357/6/643 2356/6/651
f 2232/6/648 2355/6/647 2356/6/651
f 2354/6/632 2355/6/647 2232/6/648
f 2353/6/650 2354/6/632 2232/6/648
f 2348/6/630 2354/6/632 2353/6/650
f 2235/6/649 2348/6/630 2353/6/650
f 2352/6/653 2348/6/630 2235/6/649
f 2236/6/654 2352/6/653 2235/6/649
f 2350/6/655 2352/6/653 2236/6/654
f 2348/6/630 2352/6/653 2350/6/655
f 2349/6/656 2348/6/630 2350/6/655
f 2348/6/630 2347/6/657 2346/6/646
f 2351/6/658 2260/6/659 2273/6/660
f 2236/6/654 2260/6/659 2351/6/658
f 2350/6/655 2236/6/654 2351/6/658
f 2273/6/660 2350/6/655 2351/6/658
f 2349/6/656 2350/6/655 2273/6/660
f 2286/6/661 2349/6/656 2273/6/660
f 2348/6/630 2349/6/656 2286/6/661
f 2287/6/662 2348/6/630 2286/6/661
f 2288/6/663 2348/6/630 2287/6/662
f 2347/6/657 2348/6/630 2288/6/663
f 2290/6/664 2347/6/657 2288/6/663
f 2346/6/646 2347/6/657 2290/6/664
f 2330/6/665 2346/6/646 2290/6/664
f 2345/6/627 2346/6/646 2330/6/665
f 2331/6/666 2345/6/627 2330/6/665
f 2344/6/641 2345/6/627 2331/6/666
f 2343/6/640 2344/6/641 2331/6/666
f 2332/6/667 2343/6/640 2331/6/666
f 2342/6/639 2343/6/640 2332/6/667
f 2341/6/638 2342/6/639 2332/6/667
f 2333/6/668 2341/6/638 2332/6/667
f 2338/6/669 2341/6/638 2333/6/668
f 2340/6/637 2341/6/638 2338/6/669
f 2337/6/670 2340/6/637 2338/6/669
f 2339/6/636 2340/6/637 2337/6/670
f 1656/6/635 2339/6/636 2337/6/670
f 1540/6/671 1656/6/635 2337/6/670
f 2335/6/672 2336/6/381 1539/6/386
f 1538/6/673 2335/6/672 1539/6/386
f 2334/6/674 2335/6/672 1538/6/673
f 1571/6/675 2334/6/674 1538/6/673
f 2338/6/669 2333/6/668 2334/6/674
f 1571/6/675 2338/6/669 2334/6/674
f 2337/6/670 2338/6/669 1571/6/675
f 1540/6/671 2337/6/670 1571/6/675
f 2303/6/676 2304/6/677 2305/6/678
f 2317/6/679 2302/6/680 2303/6/676
f 2301/6/681 2302/6/680 2317/6/679
f 2291/6/682 2293/6/683 2290/6/664
f 2284/6/684 2283/6/685 2289/6/686
f 2277/6/687 2280/6/688 2275/6/689
f 2326/6/690 2325/6/353 2336/6/381
f 2335/6/672 2326/6/690 2336/6/381
f 2327/6/691 2326/6/690 2335/6/672
f 2334/6/674 2327/6/691 2335/6/672
f 2328/6/692 2327/6/691 2334/6/674
f 2333/6/668 2328/6/692 2334/6/674
f 2329/6/693 2328/6/692 2333/6/668
f 2332/6/667 2329/6/693 2333/6/668
f 2331/6/666 2329/6/693 2332/6/667
f 2330/6/665 2329/6/693 2331/6/666
f 2290/6/664 2329/6/693 2330/6/665
f 2328/6/692 2329/6/693 2290/6/664
f 2293/6/683 2328/6/692 2290/6/664
f 2327/6/691 2328/6/692 2293/6/683
f 2294/6/694 2327/6/691 2293/6/683
f 2326/6/690 2327/6/691 2294/6/694
f 2325/6/353 2326/6/690 2294/6/694
f 2295/6/695 2325/6/353 2294/6/694
f 2324/6/364 2325/6/353 2295/6/695
f 2296/6/696 2324/6/364 2295/6/695
f 2323/6/365 2324/6/364 2296/6/696
f 2297/6/697 2323/6/365 2296/6/696
f 2322/6/366 2323/6/365 2297/6/697
f 2298/6/698 2322/6/366 2297/6/697
f 2321/6/367 2322/6/366 2298/6/698
f 2299/6/699 2321/6/367 2298/6/698
f 2320/6/368 2321/6/367 2299/6/699
f 2319/6/357 2320/6/368 2299/6/699
f 2300/6/700 2319/6/357 2299/6/699
f 2318/6/355 2319/6/357 2300/6/700
f 2301/6/681 2318/6/355 2300/6/700
f 2317/6/679 2318/6/355 2301/6/681
f 2316/6/372 2318/6/355 2317/6/679
f 2303/6/676 2316/6/372 2317/6/679
f 2315/6/373 2316/6/372 2303/6/676
f 2314/6/374 2315/6/373 2303/6/676
f 2308/6/701 2314/6/374 2303/6/676
f 2313/6/375 2314/6/374 2308/6/701
f 2312/6/376 2313/6/375 2308/6/701
f 2309/6/702 2312/6/376 2308/6/701
f 2311/6/377 2312/6/376 2309/6/702
f 2310/6/378 2311/6/377 2309/6/702
f 1521/6/380 2310/6/378 2309/6/702
f 2307/6/703 1521/6/380 2309/6/702
f 2308/6/701 2307/6/703 2309/6/702
f 2303/6/676 2307/6/703 2308/6/701
f 2305/6/678 2307/6/703 2303/6/676
f 1521/6/380 2307/6/703 2305/6/678
f 2306/6/704 1521/6/380 2305/6/678
f 1518/6/705 1521/6/380 2306/6/704
f 1516/6/706 1518/6/705 2306/6/704
f 2305/6/678 1516/6/706 2306/6/704
f 2304/6/677 1516/6/706 2305/6/678
f 2267/6/707 1516/6/706 2304/6/677
f 2303/6/676 2267/6/707 2304/6/677
f 2302/6/680 2267/6/707 2303/6/676
f 2268/6/708 2267/6/707 2302/6/680
f 2301/6/681 2268/6/708 2302/6/680
f 2279/6/709 2268/6/708 2301/6/681
f 2300/6/700 2279/6/709 2301/6/681
f 2299/6/699 2279/6/709 2300/6/700
f 2278/6/710 2279/6/709 2299/6/699
f 2298/6/698 2278/6/710 2299/6/699
f 2297/6/697 2278/6/710 2298/6/698
f 2277/6/687 2278/6/710 2297/6/697
f 2296/6/696 2277/6/687 2297/6/697
f 2292/6/711 2277/6/687 2296/6/696
f 2295/6/695 2292/6/711 2296/6/696
f 2294/6/694 2292/6/711 2295/6/695
f 2293/6/683 2292/6/711 2294/6/694
f 2291/6/682 2292/6/711 2293/6/683
f 2277/6/687 2292/6/711 2291/6/682
f 2283/6/685 2277/6/687 2291/6/682
f 2290/6/664 2283/6/685 2291/6/682
f 2289/6/686 2283/6/685 2290/6/664
f 2288/6/663 2289/6/686 2290/6/664
f 2284/6/684 2289/6/686 2288/6/663
f 2287/6/662 2284/6/684 2288/6/663
f 2286/6/661 2284/6/684 2287/6/662
f 2285/6/712 2284/6/684 2286/6/661
f 2273/6/660 2285/6/712 2286/6/661
f 2281/6/713 2285/6/712 2273/6/660
f 2284/6/684 2285/6/712 2281/6/713
f 2282/6/714 2284/6/684 2281/6/713
f 2283/6/685 2284/6/684 2282/6/714
f 2277/6/687 2283/6/685 2282/6/714
f 2281/6/713 2277/6/687 2282/6/714
f 2280/6/688 2277/6/687 2281/6/713
f 2273/6/660 2280/6/688 2281/6/713
f 2275/6/689 2280/6/688 2273/6/660
f 2274/6/715 2275/6/689 2273/6/660
f 2276/6/716 2268/6/708 2279/6/709
f 2278/6/710 2276/6/716 2279/6/709
f 2277/6/687 2276/6/716 2278/6/710
f 2275/6/689 2276/6/716 2277/6/687
f 2268/6/708 2276/6/716 2275/6/689
f 2274/6/715 2268/6/708 2275/6/689
f 2270/6/717 2268/6/708 2274/6/715
f 2273/6/660 2270/6/717 2274/6/715
f 2272/6/718 2270/6/717 2273/6/660
f 2260/6/659 2272/6/718 2273/6/660
f 2259/6/719 2272/6/718 2260/6/659
f 2270/6/717 2272/6/718 2259/6/719
f 2271/6/720 1496/6/721 2262/6/722
f 1497/6/723 1496/6/721 2271/6/720
f 2254/6/724 1497/6/723 2271/6/720
f 2262/6/722 2254/6/724 2271/6/720
f 1516/6/706 2264/6/725 1515/6/726
f 2259/6/719 2257/6/727 2261/6/728
f 2269/6/729 2268/6/708 2270/6/717
f 2259/6/719 2269/6/729 2270/6/717
f 2265/6/730 2269/6/729 2259/6/719
f 2268/6/708 2269/6/729 2265/6/730
f 2266/6/731 2268/6/708 2265/6/730
f 2267/6/707 2268/6/708 2266/6/731
f 1516/6/706 2267/6/707 2266/6/731
f 2265/6/730 1516/6/706 2266/6/731
f 2264/6/725 1516/6/706 2265/6/730
f 2259/6/719 2264/6/725 2265/6/730
f 1515/6/726 2264/6/725 2259/6/719
f 2263/6/732 1515/6/726 2259/6/719
f 1496/6/721 1515/6/726 2263/6/732
f 2262/6/722 1496/6/721 2263/6/732
f 2259/6/719 2262/6/722 2263/6/732
f 2261/6/728 2262/6/722 2259/6/719
f 2254/6/724 2262/6/722 2261/6/728
f 2257/6/727 2254/6/724 2261/6/728
f 2256/6/733 2254/6/724 2257/6/727
f 2258/6/734 2260/6/659 2236/6/654
f 2259/6/719 2260/6/659 2258/6/734
f 2257/6/727 2259/6/719 2258/6/734
f 2236/6/654 2257/6/727 2258/6/734
f 2256/6/733 2257/6/727 2236/6/654
f 2238/6/735 2256/6/733 2236/6/654
f 2254/6/724 2256/6/733 2238/6/735
f 2240/6/736 2254/6/724 2238/6/735
f 2241/6/737 2254/6/724 2240/6/736
f 2255/6/738 2254/6/724 2241/6/737
f 1489/6/739 2255/6/738 2241/6/737
f 2252/6/740 2255/6/738 1489/6/739
f 2254/6/724 2255/6/738 2252/6/740
f 2253/6/741 2254/6/724 2252/6/740
f 1497/6/723 2254/6/724 2253/6/741
f 1493/6/742 1497/6/723 2253/6/741
f 2252/6/740 1493/6/742 2253/6/741
f 1498/6/743 1493/6/742 2252/6/740
f 1489/6/739 1498/6/743 2252/6/740
f 2246/6/744 2248/6/745 2249/6/746
f 2247/6/747 2248/6/745 2246/6/744
f 2225/6/748 2224/6/749 2242/6/750
f 2250/6/751 2121/6/752 2122/6/753
f 1483/6/754 2250/6/751 2122/6/753
f 2251/6/755 2250/6/751 1483/6/754
f 1488/6/756 2251/6/755 1483/6/754
f 2246/6/744 2251/6/755 1488/6/756
f 2250/6/751 2251/6/755 2246/6/744
f 2249/6/746 2250/6/751 2246/6/744
f 2121/6/752 2250/6/751 2249/6/746
f 241/7/757 243/7/758 242/7/759
f 242/7/759 243/7/758 244/7/760
f 243/7/758 245/7/761 244/7/760
f 2248/6/745 2121/6/752 2249/6/746
f 245/7/761 246/7/762 244/7/760
f 2219/6/763 2121/6/752 2248/6/745
f 246/7/762 247/7/764 244/7/760
f 244/7/760 247/7/764 242/7/759
f 247/7/764 248/7/765 242/7/759
f 2220/6/766 2219/6/763 2248/6/745
f 2247/6/747 2220/6/766 2248/6/745
f 2244/6/767 2220/6/766 2247/6/747
f 2246/6/744 2244/6/767 2247/6/747
f 245/7/761 243/7/758 249/7/768
f 243/7/758 241/7/757 249/7/768
f 2245/6/769 2244/6/767 2246/6/744
f 1488/6/756 2245/6/769 2246/6/744
f 1489/6/739 2245/6/769 1488/6/756
f 2244/6/767 2245/6/769 1489/6/739
f 247/7/764 246/7/762 250/7/770
f 2243/6/771 2244/6/767 1489/6/739
f 250/7/770 246/7/762 251/7/772
f 2220/6/766 2244/6/767 2243/6/771
f 251/7/772 246/7/762 252/7/773
f 246/7/762 245/7/761 252/7/773
f 252/7/773 245/7/761 253/7/774
f 245/7/761 249/7/768 253/7/774
f 2224/6/749 2220/6/766 2243/6/771
f 1489/6/739 2224/6/749 2243/6/771
f 2242/6/750 2224/6/749 1489/6/739
f 2241/6/737 2242/6/750 1489/6/739
f 247/7/764 250/7/770 248/7/765
f 2225/6/748 2242/6/750 2241/6/737
f 248/7/765 250/7/770 254/7/775
f 250/7/770 255/7/776 254/7/775
f 2240/6/736 2225/6/748 2241/6/737
f 255/7/776 256/7/777 254/7/775
f 254/7/775 256/7/777 257/7/778
f 256/7/777 258/7/779 257/7/778
f 257/7/778 258/7/779 259/7/780
f 258/7/779 260/7/781 259/7/780
f 259/7/780 260/7/781 261/7/782
f 260/7/781 262/7/783 261/7/782
f 261/7/782 262/7/783 263/7/784
f 262/7/783 264/7/785 263/7/784
f 263/7/784 264/7/785 265/7/786
f 264/7/785 266/7/787 265/7/786
f 2238/6/735 2225/6/748 2240/6/736
f 2225/6/748 2233/6/788 2231/6/789
f 2229/6/790 2239/6/652 2208/6/320
f 2232/6/648 2239/6/652 2229/6/790
f 250/7/770 251/7/772 255/7/776
f 2228/6/791 2232/6/648 2229/6/790
f 2227/6/792 2232/6/648 2228/6/791
f 2214/6/793 2230/6/794 2212/6/795
f 2237/6/796 2238/6/735 2236/6/654
f 263/7/784 265/7/786 267/7/797
f 2225/6/748 2238/6/735 2237/6/796
f 265/7/786 268/7/798 267/7/797
f 267/7/797 268/7/798 269/7/799
f 268/7/798 270/7/800 269/7/799
f 269/7/799 270/7/800 271/7/801
f 270/7/800 272/7/802 271/7/801
f 2233/6/788 2225/6/748 2237/6/796
f 2236/6/654 2233/6/788 2237/6/796
f 2234/6/803 2233/6/788 2236/6/654
f 2235/6/649 2234/6/803 2236/6/654
f 271/7/801 273/7/804 269/7/799
f 2232/6/648 2234/6/803 2235/6/649
f 269/7/799 273/7/804 267/7/797
f 2233/6/788 2234/6/803 2232/6/648
f 267/7/797 273/7/804 263/7/784
f 2231/6/789 2233/6/788 2232/6/648
f 263/7/784 273/7/804 261/7/782
f 2227/6/792 2231/6/789 2232/6/648
f 261/7/782 273/7/804 259/7/780
f 273/7/804 274/7/805 259/7/780
f 259/7/780 274/7/805 257/7/778
f 274/7/805 275/7/806 257/7/778
f 257/7/778 275/7/806 254/7/775
f 2225/6/748 2231/6/789 2227/6/792
f 254/7/775 275/7/806 248/7/765
f 2226/6/807 2225/6/748 2227/6/792
f 248/7/765 275/7/806 242/7/759
f 275/7/806 276/7/808 242/7/759
f 2214/6/793 2215/6/809 2216/6/810
f 276/7/808 277/7/811 242/7/759
f 242/7/759 277/7/811 241/7/757
f 277/7/811 278/7/812 241/7/757
f 241/7/757 278/7/812 249/7/768
f 278/7/812 279/7/813 249/7/768
f 249/7/768 279/7/813 253/7/774
f 2142/6/814 2151/6/815 2213/6/816
f 2208/6/320 2211/6/817 2212/6/795
f 2230/6/794 2208/6/320 2212/6/795
f 2229/6/790 2208/6/320 2230/6/794
f 279/7/813 278/7/812 280/7/818
f 280/7/818 278/7/812 281/7/819
f 278/7/812 277/7/811 281/7/819
f 281/7/819 277/7/811 282/7/820
f 277/7/811 276/7/808 282/7/820
f 282/7/820 276/7/808 283/7/821
f 276/7/808 275/7/806 283/7/821
f 2214/6/793 2229/6/790 2230/6/794
f 275/7/806 274/7/805 283/7/821
f 283/7/821 274/7/805 284/7/822
f 274/7/805 273/7/804 284/7/822
f 2228/6/791 2229/6/790 2214/6/793
f 273/7/804 271/7/801 284/7/822
f 284/7/822 271/7/801 283/7/821
f 271/7/801 272/7/802 283/7/821
f 2227/6/792 2228/6/791 2214/6/793
f 272/7/802 285/7/823 283/7/821
f 283/7/821 285/7/823 282/7/820
f 285/7/823 286/7/824 282/7/820
f 282/7/820 286/7/824 281/7/819
f 286/7/824 287/7/825 281/7/819
f 281/7/819 287/7/825 280/7/818
f 2226/6/807 2227/6/792 2214/6/793
f 2222/6/826 2226/6/807 2214/6/793
f 2225/6/748 2226/6/807 2222/6/826
f 2223/6/827 2225/6/748 2222/6/826
f 288/8/802 290/8/828 289/8/829
f 2224/6/749 2225/6/748 2223/6/827
f 290/8/828 291/8/798 289/8/829
f 289/8/829 291/8/798 292/8/830
f 291/8/798 293/8/831 292/8/830
f 2220/6/766 2224/6/749 2223/6/827
f 293/8/831 294/8/787 292/8/830
f 2222/6/826 2220/6/766 2223/6/827
f 294/8/787 295/8/832 292/8/830
f 292/8/830 295/8/832 296/8/824
f 295/8/832 297/8/825 296/8/824
f 2221/6/833 2220/6/766 2222/6/826
f 2214/6/793 2221/6/833 2222/6/826
f 2216/6/810 2221/6/833 2214/6/793
f 2220/6/766 2221/6/833 2216/6/810
f 288/8/802 289/8/829 298/8/834
f 289/8/829 292/8/830 298/8/834
f 298/8/834 292/8/830 296/8/824
f 2217/6/835 2220/6/766 2216/6/810
f 2218/6/836 2220/6/766 2217/6/835
f 2219/6/763 2220/6/766 2218/6/836
f 2121/6/752 2219/6/763 2218/6/836
f 299/9/837 301/9/838 300/9/839
f 300/9/839 301/9/838 302/9/840
f 301/9/838 303/9/841 302/9/840
f 2137/6/842 2121/6/752 2218/6/836
f 2136/6/843 2137/6/842 2218/6/836
f 2217/6/835 2136/6/843 2218/6/836
f 2216/6/810 2136/6/843 2217/6/835
f 301/9/838 299/9/837 304/9/844
f 2215/6/809 2136/6/843 2216/6/810
f 2151/6/815 2136/6/843 2215/6/809
f 2214/6/793 2151/6/815 2215/6/809
f 2213/6/816 2151/6/815 2214/6/793
f 299/9/837 300/9/839 305/9/845
f 305/9/845 300/9/839 306/9/845
f 300/9/839 307/9/846 306/9/845
f 306/9/845 307/9/846 303/9/841
f 307/9/846 308/9/847 303/9/841
f 303/9/841 308/9/847 302/9/840
f 308/9/847 309/9/848 302/9/840
f 302/9/840 309/9/848 307/9/846
f 309/9/848 308/9/847 307/9/846
f 2212/6/795 2213/6/816 2214/6/793
f 2142/6/814 2213/6/816 2212/6/795
f 2211/6/817 2142/6/814 2212/6/795
f 2187/6/849 2142/6/814 2211/6/817
f 302/9/840 307/9/846 300/9/839
f 2208/6/320 2187/6/849 2211/6/817
f 2192/6/850 2202/6/615 2209/6/614
f 2198/6/851 2210/6/613 2175/6/612
f 2209/6/614 2210/6/613 2198/6/851
f 303/9/841 310/9/852 306/9/845
f 306/9/845 310/9/852 311/9/853
f 310/9/852 312/9/854 311/9/853
f 311/9/853 312/9/854 313/9/855
f 312/9/854 303/9/841 313/9/855
f 2192/6/850 2209/6/614 2198/6/851
f 303/9/841 301/9/838 313/9/855
f 2204/6/323 2205/6/856 2206/6/322
f 301/9/838 304/9/844 313/9/855
f 313/9/855 304/9/844 314/9/857
f 304/9/844 315/9/858 314/9/857
f 314/9/857 315/9/858 316/9/859
f 315/9/858 305/9/845 316/9/859
f 316/9/859 305/9/845 313/9/855
f 2188/6/860 2200/6/861 2199/6/862
f 313/9/855 305/9/845 311/9/853
f 305/9/845 306/9/845 311/9/853
f 2207/6/863 2208/6/320 2206/6/322
f 2187/6/849 2208/6/320 2207/6/863
f 2188/6/860 2187/6/849 2207/6/863
f 2206/6/322 2188/6/860 2207/6/863
f 303/9/841 312/9/854 310/9/852
f 2205/6/856 2188/6/860 2206/6/322
f 2200/6/861 2188/6/860 2205/6/856
f 2204/6/323 2200/6/861 2205/6/856
f 2201/6/864 2200/6/861 2204/6/323
f 313/9/855 314/9/857 316/9/859
f 2203/6/616 2201/6/864 2204/6/323
f 2202/6/615 2201/6/864 2203/6/616
f 2192/6/850 2201/6/864 2202/6/615
f 2200/6/861 2201/6/864 2192/6/850
f 317/10/865 318/10/866 319/10/867
f 318/10/866 320/10/868 319/10/867
f 319/10/867 320/10/868 321/10/869
f 2199/6/862 2200/6/861 2192/6/850
f 321/10/869 320/10/868 322/10/870
f 2190/6/871 2199/6/862 2192/6/850
f 322/10/870 320/10/868 323/10/872
f 320/10/868 318/10/866 323/10/872
f 323/10/872 318/10/866 324/10/873
f 2188/6/860 2199/6/862 2190/6/871
f 2189/6/874 2188/6/860 2190/6/871
f 2196/6/875 2192/6/850 2198/6/851
f 2175/6/612 2196/6/875 2198/6/851
f 321/10/869 325/10/876 319/10/867
f 319/10/867 325/10/876 317/10/865
f 2197/6/877 2196/6/875 2175/6/612
f 2177/6/878 2197/6/877 2175/6/612
f 2179/6/879 2197/6/877 2177/6/878
f 2196/6/875 2197/6/877 2179/6/879
f 323/10/872 326/10/880 322/10/870
f 2195/6/881 2196/6/875 2179/6/879
f 326/10/880 327/10/882 322/10/870
f 2192/6/850 2196/6/875 2195/6/881
f 327/10/882 328/10/883 322/10/870
f 322/10/870 328/10/883 321/10/869
f 328/10/883 329/10/884 321/10/869
f 321/10/869 329/10/884 325/10/876
f 2193/6/885 2192/6/850 2195/6/881
f 2179/6/879 2193/6/885 2195/6/881
f 2194/6/886 2193/6/885 2179/6/879
f 2181/6/887 2194/6/886 2179/6/879
f 323/10/872 324/10/873 326/10/880
f 2183/6/888 2194/6/886 2181/6/887
f 324/10/873 330/10/889 326/10/880
f 326/10/880 330/10/889 331/10/890
f 2193/6/885 2194/6/886 2183/6/888
f 331/10/890 330/10/889 332/10/891
f 330/10/889 333/10/892 332/10/891
f 332/10/891 333/10/892 334/10/893
f 333/10/892 335/10/894 334/10/893
f 334/10/893 335/10/894 336/10/895
f 335/10/894 337/10/896 336/10/895
f 336/10/895 337/10/896 338/10/897
f 337/10/896 339/10/898 338/10/897
f 338/10/897 339/10/898 340/10/899
f 2191/6/900 2193/6/885 2183/6/888
f 340/10/899 339/10/898 341/10/901
f 339/10/898 342/10/902 341/10/901
f 341/10/901 342/10/902 343/10/903
f 342/10/902 344/10/904 343/10/903
f 343/10/903 344/10/904 345/10/905
f 344/10/904 346/10/906 345/10/905
f 345/10/905 346/10/906 347/10/907
f 346/10/906 348/10/908 347/10/907
f 347/10/907 348/10/908 349/10/909
f 348/10/908 350/10/910 349/10/909
f 349/10/909 350/10/910 351/10/911
f 350/10/910 352/10/912 351/10/911
f 351/10/911 352/10/912 353/10/913
f 2192/6/850 2193/6/885 2191/6/900
f 353/10/913 352/10/912 354/10/914
f 352/10/912 355/10/915 354/10/914
f 354/10/914 355/10/915 356/10/916
f 355/10/915 325/10/876 356/10/916
f 356/10/916 325/10/876 329/10/884
f 2190/6/871 2192/6/850 2191/6/900
f 2183/6/888 2190/6/871 2191/6/900
f 2189/6/874 2190/6/871 2183/6/888
f 2185/6/917 2189/6/874 2183/6/888
f 326/10/880 331/10/890 327/10/882
f 2188/6/860 2189/6/874 2185/6/917
f 2186/6/918 2188/6/860 2185/6/917
f 2187/6/849 2188/6/860 2186/6/918
f 2142/6/814 2187/6/849 2186/6/918
f 351/10/911 353/10/913 357/10/919
f 2185/6/917 2142/6/814 2186/6/918
f 2184/6/920 2142/6/814 2185/6/917
f 2183/6/888 2184/6/920 2185/6/917
f 2183/6/888 2181/6/887 2182/6/921
f 325/10/876 355/10/915 317/10/865
f 317/10/865 355/10/915 358/10/922
f 355/10/915 352/10/912 358/10/922
f 2179/6/879 2180/6/923 2181/6/887
f 352/10/912 350/10/910 358/10/922
f 358/10/922 350/10/910 359/10/924
f 350/10/910 348/10/908 359/10/924
f 2156/6/925 2157/6/926 2178/6/927
f 2175/6/612 2176/6/928 2177/6/878
f 2164/6/929 2163/6/930 2174/6/931
f 2169/6/601 2170/6/932 2171/6/609
f 317/10/865 358/10/922 318/10/866
f 358/10/922 359/10/924 318/10/866
f 318/10/866 359/10/924 360/10/933
f 359/10/924 348/10/908 360/10/933
f 360/10/933 348/10/908 361/10/934
f 2143/6/935 2142/6/814 2184/6/920
f 361/10/934 348/10/908 362/10/936
f 348/10/908 346/10/906 362/10/936
f 2183/6/888 2143/6/935 2184/6/920
f 346/10/906 363/10/937 362/10/936
f 362/10/936 363/10/937 361/10/934
f 363/10/937 335/10/894 361/10/934
f 2144/6/938 2143/6/935 2183/6/888
f 335/10/894 333/10/892 361/10/934
f 361/10/934 333/10/892 360/10/933
f 333/10/892 330/10/889 360/10/933
f 2145/6/939 2144/6/938 2183/6/888
f 330/10/889 324/10/873 360/10/933
f 360/10/933 324/10/873 318/10/866
f 2182/6/921 2145/6/939 2183/6/888
f 2147/6/940 2145/6/939 2182/6/921
f 2181/6/887 2147/6/940 2182/6/921
f 2180/6/923 2147/6/940 2181/6/887
f 335/10/894 363/10/937 337/10/896
f 337/10/896 363/10/937 339/10/898
f 2157/6/926 2147/6/940 2180/6/923
f 339/10/898 363/10/937 342/10/902
f 2179/6/879 2157/6/926 2180/6/923
f 342/10/902 363/10/937 344/10/904
f 363/10/937 346/10/906 344/10/904
f 2178/6/927 2157/6/926 2179/6/879
f 2177/6/878 2178/6/927 2179/6/879
f 2156/6/925 2178/6/927 2177/6/878
f 2176/6/928 2156/6/925 2177/6/878
f 364/11/941 365/11/942 366/11/943
f 2163/6/930 2156/6/925 2176/6/928
f 366/11/943 365/11/942 367/11/944
f 365/11/942 368/11/945 367/11/944
f 367/11/944 368/11/945 369/11/901
f 368/11/945 370/11/946 369/11/901
f 369/11/901 370/11/946 371/11/947
f 2175/6/612 2163/6/930 2176/6/928
f 2174/6/931 2163/6/930 2175/6/612
f 2173/6/611 2174/6/931 2175/6/612
f 2164/6/929 2174/6/931 2173/6/611
f 364/11/941 372/11/948 365/11/942
f 365/11/942 372/11/948 368/11/945
f 372/11/948 373/11/911 368/11/945
f 2172/6/610 2164/6/929 2173/6/611
f 373/11/911 374/11/949 368/11/945
f 368/11/945 374/11/949 370/11/946
f 2171/6/609 2164/6/929 2172/6/610
f 2170/6/932 2164/6/929 2171/6/609
f 2166/6/950 2164/6/929 2170/6/932
f 2169/6/601 2166/6/950 2170/6/932
f 375/12/951 377/12/952 376/12/953
f 2169/6/601 2098/6/600 2167/6/954
f 377/12/952 378/12/955 376/12/953
f 2166/6/950 2169/6/601 2167/6/954
f 378/12/955 379/12/956 376/12/953
f 2168/6/957 2159/6/958 2096/6/959
f 379/12/956 380/12/960 376/12/953
f 376/12/953 380/12/960 381/12/961
f 380/12/960 382/12/962 381/12/961
f 381/12/961 382/12/962 383/12/963
f 382/12/962 384/12/964 383/12/963
f 383/12/963 384/12/964 385/12/965
f 384/12/964 380/12/960 385/12/965
f 385/12/965 380/12/960 386/12/966
f 380/12/960 387/12/967 386/12/966
f 386/12/966 387/12/967 388/12/968
f 387/12/967 379/12/956 388/12/968
f 2095/6/969 2168/6/957 2096/6/959
f 379/12/956 389/12/965 388/12/968
f 388/12/968 389/12/965 386/12/966
f 2100/6/970 2168/6/957 2095/6/969
f 386/12/966 389/12/965 385/12/965
f 389/12/965 377/12/952 385/12/965
f 385/12/965 377/12/952 375/12/951
f 2159/6/958 2168/6/957 2100/6/970
f 2164/6/929 2166/6/950 2165/6/971
f 2156/6/925 2158/6/972 2154/6/973
f 2096/6/959 2167/6/954 2098/6/600
f 376/12/953 381/12/961 375/12/951
f 2166/6/950 2167/6/954 2096/6/959
f 2165/6/971 2166/6/950 2096/6/959
f 2161/6/974 2165/6/971 2096/6/959
f 2164/6/929 2165/6/971 2161/6/974
f 380/12/960 384/12/964 382/12/962
f 2162/6/975 2164/6/929 2161/6/974
f 2163/6/930 2164/6/929 2162/6/975
f 2156/6/925 2163/6/930 2162/6/975
f 2161/6/974 2156/6/925 2162/6/975
f 379/12/956 387/12/967 380/12/960
f 2160/6/976 2156/6/925 2161/6/974
f 2096/6/959 2160/6/976 2161/6/974
f 2159/6/958 2160/6/976 2096/6/959
f 2156/6/925 2160/6/976 2159/6/958
f 377/12/952 389/12/965 390/12/977
f 389/12/965 379/12/956 390/12/977
f 390/12/977 379/12/956 391/12/978
f 379/12/956 378/12/955 391/12/978
f 391/12/978 378/12/955 392/12/979
f 378/12/955 390/12/977 392/12/979
f 392/12/979 390/12/977 391/12/978
f 2158/6/972 2156/6/925 2159/6/958
f 2100/6/970 2158/6/972 2159/6/958
f 2154/6/973 2158/6/972 2100/6/970
f 2153/6/980 2154/6/973 2100/6/970
f 378/12/955 377/12/952 390/12/977
f 2155/6/981 2147/6/940 2157/6/926
f 2156/6/925 2155/6/981 2157/6/926
f 2154/6/973 2155/6/981 2156/6/925
f 2147/6/940 2155/6/981 2154/6/973
f 2153/6/980 2147/6/940 2154/6/973
f 2149/6/982 2147/6/940 2153/6/980
f 2100/6/970 2149/6/982 2153/6/980
f 2152/6/983 2149/6/982 2100/6/970
f 2104/6/984 2152/6/983 2100/6/970
f 2106/6/985 2152/6/983 2104/6/984
f 2149/6/982 2152/6/983 2106/6/985
f 2147/6/940 2146/6/986 2145/6/939
f 2150/6/987 2136/6/843 2151/6/815
f 2142/6/814 2150/6/987 2151/6/815
f 2140/6/988 2150/6/987 2142/6/814
f 2136/6/843 2150/6/987 2140/6/988
f 2139/6/989 2136/6/843 2140/6/988
f 2148/6/990 2147/6/940 2149/6/982
f 2106/6/985 2148/6/990 2149/6/982
f 2131/6/991 2148/6/990 2106/6/985
f 2147/6/940 2148/6/990 2131/6/991
f 2146/6/986 2147/6/940 2131/6/991
f 2130/6/992 2146/6/986 2131/6/991
f 2145/6/939 2146/6/986 2130/6/992
f 2144/6/938 2145/6/939 2130/6/992
f 2143/6/935 2144/6/938 2130/6/992
f 2141/6/993 2143/6/935 2130/6/992
f 2142/6/814 2143/6/935 2141/6/993
f 2140/6/988 2142/6/814 2141/6/993
f 2130/6/992 2140/6/988 2141/6/993
f 2139/6/989 2140/6/988 2130/6/992
f 2133/6/994 2139/6/989 2130/6/992
f 2136/6/843 2139/6/989 2133/6/994
f 2134/6/995 2136/6/843 2133/6/994
f 2138/6/996 2135/6/997 2126/6/998
f 2124/6/999 2138/6/996 2126/6/998
f 2121/6/752 2138/6/996 2124/6/999
f 2135/6/997 2138/6/996 2121/6/752
f 2137/6/842 2135/6/997 2121/6/752
f 2136/6/843 2135/6/997 2137/6/842
f 2134/6/995 2135/6/997 2136/6/843
f 2126/6/998 2135/6/997 2134/6/995
f 2133/6/994 2126/6/998 2134/6/995
f 2132/6/1000 2126/6/998 2133/6/994
f 2130/6/992 2132/6/1000 2133/6/994
f 2128/6/1001 2132/6/1000 2130/6/992
f 2126/6/998 2132/6/1000 2128/6/1001
f 2127/6/1002 2126/6/998 2128/6/1001
f 2126/6/998 2125/6/1003 2124/6/999
f 2129/6/1004 2131/6/991 2106/6/985
f 2130/6/992 2131/6/991 2129/6/1004
f 2128/6/1001 2130/6/992 2129/6/1004
f 2106/6/985 2128/6/1001 2129/6/1004
f 2127/6/1002 2128/6/1001 2106/6/985
f 2111/6/1005 2127/6/1002 2106/6/985
f 2126/6/998 2127/6/1002 2111/6/1005
f 2112/6/1006 2126/6/998 2111/6/1005
f 2113/6/1007 2126/6/998 2112/6/1006
f 2125/6/1003 2126/6/998 2113/6/1007
f 2115/6/1008 2125/6/1003 2113/6/1007
f 2124/6/999 2125/6/1003 2115/6/1008
f 2121/6/752 2118/6/1009 2119/6/1010
f 2123/6/1011 2118/6/1009 2121/6/752
f 2124/6/999 2123/6/1011 2121/6/752
f 2115/6/1008 2123/6/1011 2124/6/999
f 2118/6/1009 2123/6/1011 2115/6/1008
f 2117/6/1012 2118/6/1009 2115/6/1008
f 2120/6/1013 1481/6/1014 1482/6/1015
f 1483/6/754 2120/6/1013 1482/6/1015
f 2122/6/753 2120/6/1013 1483/6/754
f 2121/6/752 2120/6/1013 2122/6/753
f 2119/6/1010 2120/6/1013 2121/6/752
f 1481/6/1014 2120/6/1013 2119/6/1010
f 2118/6/1009 1481/6/1014 2119/6/1010
f 2117/6/1012 1481/6/1014 2118/6/1009
f 1782/6/1016 1481/6/1014 2117/6/1012
f 2115/6/1008 1782/6/1016 2117/6/1012
f 2103/6/222 1791/6/226 1790/6/1017
f 2116/6/1018 1783/6/1019 2109/6/1020
f 1790/6/1017 1783/6/1019 2116/6/1018
f 2103/6/222 1790/6/1017 2116/6/1018
f 2109/6/1020 2103/6/222 2116/6/1018
f 2106/6/985 2110/6/1021 2111/6/1005
f 2114/6/1022 2115/6/1008 2113/6/1007
f 1782/6/1016 2115/6/1008 2114/6/1022
f 1783/6/1019 1782/6/1016 2114/6/1022
f 2113/6/1007 1783/6/1019 2114/6/1022
f 2112/6/1006 1783/6/1019 2113/6/1007
f 2111/6/1005 1783/6/1019 2112/6/1006
f 2110/6/1021 1783/6/1019 2111/6/1005
f 2109/6/1020 1783/6/1019 2110/6/1021
f 2106/6/985 2109/6/1020 2110/6/1021
f 2105/6/1023 2109/6/1020 2106/6/985
f 2103/6/222 2109/6/1020 2105/6/1023
f 2100/6/970 2102/6/1024 2104/6/984
f 2107/6/1025 2103/6/222 2101/6/1026
f 2108/6/223 2103/6/222 2107/6/1025
f 2091/6/229 2108/6/223 2107/6/1025
f 2101/6/1026 2091/6/229 2107/6/1025
f 2099/6/1027 2091/6/229 2101/6/1026
f 2104/6/984 2105/6/1023 2106/6/985
f 2103/6/222 2105/6/1023 2104/6/984
f 2102/6/1024 2103/6/222 2104/6/984
f 2101/6/1026 2103/6/222 2102/6/1024
f 2100/6/970 2101/6/1026 2102/6/1024
f 2099/6/1027 2101/6/1026 2100/6/970
f 2095/6/969 2099/6/1027 2100/6/970
f 2091/6/229 2099/6/1027 2095/6/969
f 2097/6/1028 2096/6/959 2098/6/600
f 2089/6/596 2097/6/1028 2098/6/600
f 2093/6/1029 2097/6/1028 2089/6/596
f 2096/6/959 2097/6/1028 2093/6/1029
f 2094/6/1030 2096/6/959 2093/6/1029
f 2095/6/969 2096/6/959 2094/6/1030
f 2091/6/229 2095/6/969 2094/6/1030
f 2093/6/1029 2091/6/229 2094/6/1030
f 2090/6/1031 2091/6/229 2093/6/1029
f 2089/6/596 2090/6/1031 2093/6/1029
f 2092/6/1032 2063/6/1033 2086/6/1034
f 2065/6/595 2063/6/1033 2092/6/1032
f 2089/6/596 2065/6/595 2092/6/1032
f 2086/6/1034 2089/6/596 2092/6/1032
f 2087/6/1035 2089/6/596 2086/6/1034
f 2084/6/235 2085/6/1036 2082/6/1037
f 2088/6/237 2091/6/229 2090/6/1031
f 2089/6/596 2088/6/237 2090/6/1031
f 2087/6/1035 2088/6/237 2089/6/596
f 2084/6/235 2088/6/237 2087/6/1035
f 2086/6/1034 2084/6/235 2087/6/1035
f 2085/6/1036 2084/6/235 2086/6/1034
f 2063/6/1033 2085/6/1036 2086/6/1034
f 2082/6/1037 2085/6/1036 2063/6/1033
f 2081/6/1038 2082/6/1037 2063/6/1033
f 2067/6/1039 2077/6/1040 2078/6/1041
f 1817/6/1042 2076/6/1043 1821/6/1044
f 2083/6/1045 1806/6/1046 1805/6/239
f 2084/6/235 2083/6/1045 1805/6/239
f 2082/6/1037 2083/6/1045 2084/6/235
f 1806/6/1046 2083/6/1045 2082/6/1037
f 2081/6/1038 1806/6/1046 2082/6/1037
f 2079/6/1047 1806/6/1046 2081/6/1038
f 2063/6/1033 2079/6/1047 2081/6/1038
f 2080/6/1048 2079/6/1047 2063/6/1033
f 2062/6/1049 2080/6/1048 2063/6/1033
f 2067/6/1039 2080/6/1048 2062/6/1049
f 2079/6/1047 2080/6/1048 2067/6/1039
f 2078/6/1041 2079/6/1047 2067/6/1039
f 1806/6/1046 2079/6/1047 2078/6/1041
f 2077/6/1040 1806/6/1046 2078/6/1041
f 1816/6/1050 1806/6/1046 2077/6/1040
f 1817/6/1042 1816/6/1050 2077/6/1040
f 2076/6/1043 1817/6/1042 2077/6/1040
f 2067/6/1039 2076/6/1043 2077/6/1040
f 1821/6/1044 2076/6/1043 2067/6/1039
f 2073/6/1051 1821/6/1044 2067/6/1039
f 1822/6/266 1821/6/1044 2073/6/1051
f 2074/6/1052 2070/6/216 2068/6/1053
f 2075/6/215 2070/6/216 2074/6/1052
f 2057/6/217 2075/6/215 2074/6/1052
f 2068/6/1053 2057/6/217 2074/6/1052
f 2066/6/1054 2057/6/217 2068/6/1053
f 2071/6/1055 2067/6/1039 2069/6/1056
f 2073/6/1051 2067/6/1039 2071/6/1055
f 1822/6/266 2073/6/1051 2071/6/1055
f 2072/6/269 1822/6/266 2071/6/1055
f 2070/6/216 2072/6/269 2071/6/1055
f 2069/6/1056 2070/6/216 2071/6/1055
f 2068/6/1053 2070/6/216 2069/6/1056
f 2067/6/1039 2068/6/1053 2069/6/1056
f 2066/6/1054 2068/6/1053 2067/6/1039
f 2062/6/1049 2066/6/1054 2067/6/1039
f 2057/6/217 2066/6/1054 2062/6/1049
f 2064/6/1057 2063/6/1033 2065/6/595
f 2054/6/597 2064/6/1057 2065/6/595
f 2060/6/1058 2064/6/1057 2054/6/597
f 2063/6/1033 2064/6/1057 2060/6/1058
f 2061/6/1059 2063/6/1033 2060/6/1058
f 2062/6/1049 2063/6/1033 2061/6/1059
f 2057/6/217 2062/6/1049 2061/6/1059
f 2060/6/1058 2057/6/217 2061/6/1059
f 2056/6/1060 2057/6/217 2060/6/1058
f 2054/6/597 2056/6/1060 2060/6/1058
f 2032/6/211 2055/6/218 2053/6/1061
f 2058/6/1062 2052/6/1063 2054/6/597
f 2059/6/607 2058/6/1062 2054/6/597
f 2050/6/604 2058/6/1062 2059/6/607
f 2052/6/1063 2058/6/1062 2050/6/604
f 2051/6/1064 2052/6/1063 2050/6/604
f 2055/6/218 2057/6/217 2056/6/1060
f 2054/6/597 2055/6/218 2056/6/1060
f 2053/6/1061 2055/6/218 2054/6/597
f 2052/6/1063 2053/6/1061 2054/6/597
f 2032/6/211 2053/6/1061 2052/6/1063
f 2051/6/1064 2032/6/211 2052/6/1063
f 2034/6/1065 2032/6/211 2051/6/1064
f 2050/6/604 2034/6/1065 2051/6/1064
f 2035/6/1066 2034/6/1065 2050/6/604
f 2036/6/1067 2035/6/1066 2050/6/604
f 2049/6/603 2036/6/1067 2050/6/604
f 2048/6/593 2036/6/1067 2049/6/603
f 2037/6/1068 2036/6/1067 2048/6/593
f 2038/6/1069 2037/6/1068 2048/6/593
f 2047/6/573 2038/6/1069 2048/6/593
f 2046/6/543 2038/6/1069 2047/6/573
f 2039/6/1070 2038/6/1069 2046/6/543
f 2045/6/542 2039/6/1070 2046/6/543
f 2040/6/1071 2039/6/1070 2045/6/542
f 2044/6/532 2040/6/1071 2045/6/542
f 2041/6/1072 2040/6/1071 2044/6/532
f 2043/6/526 2041/6/1072 2044/6/532
f 2042/6/525 2041/6/1072 2043/6/526
f 2032/6/211 2034/6/1065 2033/6/1073
f 2025/6/1074 2042/6/525 2024/6/524
f 2041/6/1072 2042/6/525 2025/6/1074
f 2026/6/1075 2041/6/1072 2025/6/1074
f 2040/6/1071 2041/6/1072 2026/6/1075
f 2027/6/1076 2040/6/1071 2026/6/1075
f 2039/6/1070 2040/6/1071 2027/6/1076
f 2028/6/1077 2039/6/1070 2027/6/1076
f 2038/6/1069 2039/6/1070 2028/6/1077
f 2037/6/1068 2038/6/1069 2028/6/1077
f 2029/6/1078 2037/6/1068 2028/6/1077
f 2036/6/1067 2037/6/1068 2029/6/1078
f 2035/6/1066 2036/6/1067 2029/6/1078
f 2034/6/1065 2035/6/1066 2029/6/1078
f 2033/6/1073 2034/6/1065 2029/6/1078
f 2030/6/1079 2033/6/1073 2029/6/1078
f 2032/6/211 2033/6/1073 2030/6/1079
f 2031/6/1080 2032/6/211 2030/6/1079
f 2001/6/210 2032/6/211 2031/6/1080
f 1980/6/1081 2001/6/210 2031/6/1080
f 2030/6/1079 1980/6/1081 2031/6/1080
f 1984/6/1082 1980/6/1081 2030/6/1079
f 2029/6/1078 1984/6/1082 2030/6/1079
f 1985/6/1083 1984/6/1082 2029/6/1078
f 2028/6/1077 1985/6/1083 2029/6/1078
f 2027/6/1076 1985/6/1083 2028/6/1077
f 1986/6/1084 1985/6/1083 2027/6/1076
f 2026/6/1075 1986/6/1084 2027/6/1076
f 2018/6/1085 1986/6/1084 2026/6/1075
f 2025/6/1074 2018/6/1085 2026/6/1075
f 2019/6/1086 2018/6/1085 2025/6/1074
f 2024/6/524 2019/6/1086 2025/6/1074
f 2023/6/523 2019/6/1086 2024/6/524
f 2020/6/1087 2019/6/1086 2023/6/523
f 2022/6/520 2020/6/1087 2023/6/523
f 2021/6/410 2020/6/1087 2022/6/520
f 2016/6/1088 2021/6/410 2015/6/409
f 2020/6/1087 2021/6/410 2016/6/1088
f 2017/6/1089 2020/6/1087 2016/6/1088
f 2019/6/1086 2020/6/1087 2017/6/1089
f 2018/6/1085 2019/6/1086 2017/6/1089
f 1987/6/1090 1986/6/1084 2018/6/1085
f 2017/6/1089 1987/6/1090 2018/6/1085
f 1988/6/1091 1987/6/1090 2017/6/1089
f 2016/6/1088 1988/6/1091 2017/6/1089
f 2011/6/1092 1988/6/1091 2016/6/1088
f 2015/6/409 2011/6/1092 2016/6/1088
f 2012/6/408 2011/6/1092 2015/6/409
f 2006/6/1093 2008/6/406 2014/6/318
f 2013/6/317 2006/6/1093 2014/6/318
f 2004/6/293 2006/6/1093 2013/6/317
f 2010/6/1094 2012/6/408 2009/6/407
f 2011/6/1092 2012/6/408 2010/6/1094
f 2005/6/1095 1990/6/1096 2007/6/1097
f 1994/6/1098 1990/6/1096 2005/6/1095
f 2004/6/293 2002/6/292 2003/6/1099
f 1989/6/1100 1988/6/1091 2011/6/1092
f 2010/6/1094 1989/6/1100 2011/6/1092
f 1990/6/1096 1989/6/1100 2010/6/1094
f 2007/6/1097 1990/6/1096 2010/6/1094
f 2009/6/407 2007/6/1097 2010/6/1094
f 2008/6/406 2007/6/1097 2009/6/407
f 2006/6/1093 2007/6/1097 2008/6/406
f 2005/6/1095 2007/6/1097 2006/6/1093
f 2004/6/293 2005/6/1095 2006/6/1093
f 1994/6/1098 2005/6/1095 2004/6/293
f 2003/6/1099 1994/6/1098 2004/6/293
f 1995/6/1101 1994/6/1098 2003/6/1099
f 2002/6/292 1995/6/1101 2003/6/1099
f 1999/6/1102 1995/6/1101 2002/6/292
f 1960/6/282 1999/6/1102 2002/6/292
f 2000/6/1103 1977/6/1104 1973/6/208
f 2001/6/210 2000/6/1103 1973/6/208
f 1980/6/1081 2000/6/1103 2001/6/210
f 1977/6/1104 2000/6/1103 1980/6/1081
f 1978/6/1105 1977/6/1104 1980/6/1081
f 1997/6/1106 1996/6/1107 1995/6/1101
f 1999/6/1102 1997/6/1106 1995/6/1101
f 1960/6/282 1997/6/1106 1999/6/1102
f 1998/6/1108 1997/6/1106 1960/6/282
f 1965/6/1109 1998/6/1108 1960/6/282
f 1968/6/1110 1998/6/1108 1965/6/1109
f 1997/6/1106 1998/6/1108 1968/6/1110
f 1996/6/1107 1997/6/1106 1968/6/1110
f 1992/6/1111 1996/6/1107 1968/6/1110
f 1995/6/1101 1996/6/1107 1992/6/1111
f 1993/6/1112 1995/6/1101 1992/6/1111
f 1994/6/1098 1995/6/1101 1993/6/1112
f 1990/6/1096 1994/6/1098 1993/6/1112
f 1992/6/1111 1990/6/1096 1993/6/1112
f 1991/6/1113 1990/6/1096 1992/6/1111
f 1968/6/1110 1991/6/1113 1992/6/1111
f 1979/6/1114 1991/6/1113 1968/6/1110
f 1990/6/1096 1991/6/1113 1979/6/1114
f 1981/6/1115 1990/6/1096 1979/6/1114
f 1989/6/1100 1990/6/1096 1981/6/1115
f 1982/6/1116 1989/6/1100 1981/6/1115
f 1988/6/1091 1989/6/1100 1982/6/1116
f 1987/6/1090 1988/6/1091 1982/6/1116
f 1983/6/1117 1987/6/1090 1982/6/1116
f 1986/6/1084 1987/6/1090 1983/6/1117
f 1985/6/1083 1986/6/1084 1983/6/1117
f 1984/6/1082 1985/6/1083 1983/6/1117
f 1980/6/1081 1984/6/1082 1983/6/1117
f 1982/6/1116 1980/6/1081 1983/6/1117
f 1981/6/1115 1980/6/1081 1982/6/1116
f 1979/6/1114 1980/6/1081 1981/6/1115
f 1978/6/1105 1980/6/1081 1979/6/1114
f 1968/6/1110 1978/6/1105 1979/6/1114
f 1977/6/1104 1978/6/1105 1968/6/1110
f 1974/6/1118 1977/6/1104 1968/6/1110
f 1973/6/208 1977/6/1104 1974/6/1118
f 1975/6/1119 1967/6/1120 1963/6/243
f 1976/6/214 1975/6/1119 1963/6/243
f 1971/6/207 1975/6/1119 1976/6/214
f 1967/6/1120 1975/6/1119 1971/6/207
f 1969/6/1121 1967/6/1120 1971/6/207
f 1968/6/1110 1965/6/1109 1966/6/1122
f 1970/6/1123 1974/6/1118 1968/6/1110
f 1973/6/208 1974/6/1118 1970/6/1123
f 1972/6/206 1973/6/208 1970/6/1123
f 1971/6/207 1972/6/206 1970/6/1123
f 1969/6/1121 1971/6/207 1970/6/1123
f 1968/6/1110 1969/6/1121 1970/6/1123
f 1967/6/1120 1969/6/1121 1968/6/1110
f 1966/6/1122 1967/6/1120 1968/6/1110
f 1963/6/243 1967/6/1120 1966/6/1122
f 1965/6/1109 1963/6/243 1966/6/1122
f 1964/6/1124 1963/6/243 1965/6/1109
f 1960/6/282 1964/6/1124 1965/6/1109
f 1959/6/1125 1964/6/1124 1960/6/282
f 1963/6/243 1964/6/1124 1959/6/1125
f 1961/6/1126 1963/6/243 1959/6/1125
f 1962/6/244 1963/6/243 1961/6/1126
f 1955/6/253 1962/6/244 1961/6/1126
f 1959/6/1125 1955/6/253 1961/6/1126
f 1951/6/273 1944/6/272 1945/6/1127
f 1958/6/1128 1960/6/282 1957/6/281
f 1959/6/1125 1960/6/282 1958/6/1128
f 1955/6/253 1959/6/1125 1958/6/1128
f 1957/6/281 1955/6/253 1958/6/1128
f 1956/6/1129 1955/6/253 1957/6/281
f 1951/6/273 1956/6/1129 1957/6/281
f 1952/6/1130 1956/6/1129 1951/6/273
f 1955/6/253 1956/6/1129 1952/6/1130
f 1953/6/1131 1955/6/253 1952/6/1130
f 1954/6/242 1955/6/253 1953/6/1131
f 1948/6/240 1954/6/242 1953/6/1131
f 1952/6/1130 1948/6/240 1953/6/1131
f 1950/6/1132 1948/6/240 1952/6/1130
f 1951/6/273 1950/6/1132 1952/6/1130
f 1945/6/1127 1950/6/1132 1951/6/273
f 1948/6/240 1950/6/1132 1945/6/1127
f 1946/6/1133 1948/6/240 1945/6/1127
f 1947/6/1134 1940/6/1135 1912/6/1136
f 1874/6/1137 1947/6/1134 1912/6/1136
f 1949/6/1138 1947/6/1134 1874/6/1137
f 1873/6/251 1949/6/1138 1874/6/1137
f 1948/6/240 1949/6/1138 1873/6/251
f 1947/6/1134 1949/6/1138 1948/6/240
f 1946/6/1133 1947/6/1134 1948/6/240
f 1940/6/1135 1947/6/1134 1946/6/1133
f 1945/6/1127 1940/6/1135 1946/6/1133
f 1944/6/272 1940/6/1135 1945/6/1127
f 1943/6/271 1940/6/1135 1944/6/272
f 1942/6/275 1940/6/1135 1943/6/271
f 1941/6/1139 1940/6/1135 1942/6/275
f 1937/6/300 1941/6/1139 1942/6/275
f 1938/6/1140 1941/6/1139 1937/6/300
f 1939/6/1141 1941/6/1139 1938/6/1140
f 1940/6/1135 1941/6/1139 1939/6/1141
f 1913/6/1142 1912/6/1136 1940/6/1135
f 1939/6/1141 1913/6/1142 1940/6/1135
f 1915/6/1143 1913/6/1142 1939/6/1141
f 1931/6/1144 1915/6/1143 1939/6/1141
f 1938/6/1140 1931/6/1144 1939/6/1141
f 1935/6/1145 1931/6/1144 1938/6/1140
f 1936/6/1146 1935/6/1145 1938/6/1140
f 1937/6/300 1936/6/1146 1938/6/1140
f 1924/6/1147 1937/6/300 1923/6/315
f 1936/6/1146 1937/6/300 1924/6/1147
f 1925/6/1148 1936/6/1146 1924/6/1147
f 1934/6/1149 1936/6/1146 1925/6/1148
f 1935/6/1145 1936/6/1146 1934/6/1149
f 1932/6/1150 1931/6/1144 1935/6/1145
f 1934/6/1149 1932/6/1150 1935/6/1145
f 1933/6/1151 1932/6/1150 1934/6/1149
f 1931/6/1144 1916/6/1152 1915/6/1143
f 1919/6/1153 1918/6/1154 1928/6/1155
f 1910/6/1156 1914/6/1157 1911/6/1158
f 1934/6/1149 1925/6/1148 1926/6/1159
f 1927/6/1160 1934/6/1149 1926/6/1159
f 1933/6/1151 1934/6/1149 1927/6/1160
f 1929/6/1161 1933/6/1151 1927/6/1160
f 1932/6/1150 1933/6/1151 1929/6/1161
f 1930/6/1162 1932/6/1150 1929/6/1161
f 1931/6/1144 1932/6/1150 1930/6/1162
f 1916/6/1152 1931/6/1144 1930/6/1162
f 1929/6/1161 1916/6/1152 1930/6/1162
f 1917/6/1163 1916/6/1152 1929/6/1161
f 1918/6/1154 1917/6/1163 1929/6/1161
f 1928/6/1155 1918/6/1154 1929/6/1161
f 1927/6/1160 1928/6/1155 1929/6/1161
f 1919/6/1153 1928/6/1155 1927/6/1160
f 1926/6/1159 1919/6/1153 1927/6/1160
f 1920/6/1164 1919/6/1153 1926/6/1159
f 1925/6/1148 1920/6/1164 1926/6/1159
f 1921/6/1165 1920/6/1164 1925/6/1148
f 1924/6/1147 1921/6/1165 1925/6/1148
f 1923/6/315 1921/6/1165 1924/6/1147
f 1922/6/1166 1921/6/1165 1923/6/315
f 1905/6/402 1922/6/1166 1923/6/315
f 1907/6/1167 1922/6/1166 1905/6/402
f 1921/6/1165 1922/6/1166 1907/6/1167
f 1908/6/1168 1921/6/1165 1907/6/1167
f 1920/6/1164 1921/6/1165 1908/6/1168
f 1909/6/1169 1920/6/1164 1908/6/1168
f 1919/6/1153 1920/6/1164 1909/6/1169
f 1911/6/1158 1919/6/1153 1909/6/1169
f 1918/6/1154 1919/6/1153 1911/6/1158
f 1914/6/1157 1918/6/1154 1911/6/1158
f 1917/6/1163 1918/6/1154 1914/6/1157
f 1916/6/1152 1917/6/1163 1914/6/1157
f 1915/6/1143 1916/6/1152 1914/6/1157
f 1913/6/1142 1915/6/1143 1914/6/1157
f 1910/6/1156 1913/6/1142 1914/6/1157
f 1912/6/1136 1913/6/1142 1910/6/1156
f 1874/6/1137 1912/6/1136 1910/6/1156
f 1905/6/402 1906/6/1170 1907/6/1167
f 1900/6/1171 1901/6/1172 1898/6/398
f 1899/6/1173 1900/6/1171 1898/6/398
f 1891/6/1174 1890/6/1175 1897/6/1176
f 1882/6/1177 1884/6/1178 1883/6/1179
f 1874/6/1137 1876/6/1180 1875/6/1181
f 1909/6/1169 1910/6/1156 1911/6/1158
f 1874/6/1137 1910/6/1156 1909/6/1169
f 1908/6/1168 1874/6/1137 1909/6/1169
f 1907/6/1167 1874/6/1137 1908/6/1168
f 1906/6/1170 1874/6/1137 1907/6/1167
f 1876/6/1180 1874/6/1137 1906/6/1170
f 1905/6/402 1876/6/1180 1906/6/1170
f 1877/6/1182 1876/6/1180 1905/6/402
f 1904/6/401 1877/6/1182 1905/6/402
f 1878/6/1183 1877/6/1182 1904/6/401
f 1903/6/400 1878/6/1183 1904/6/401
f 1879/6/1184 1878/6/1183 1903/6/400
f 1902/6/399 1879/6/1184 1903/6/400
f 1880/6/1185 1879/6/1184 1902/6/399
f 1898/6/398 1880/6/1185 1902/6/399
f 1881/6/1186 1880/6/1185 1898/6/398
f 1901/6/1172 1881/6/1186 1898/6/398
f 1882/6/1177 1881/6/1186 1901/6/1172
f 1884/6/1178 1882/6/1177 1901/6/1172
f 1900/6/1171 1884/6/1178 1901/6/1172
f 1885/6/1187 1884/6/1178 1900/6/1171
f 1886/6/1188 1885/6/1187 1900/6/1171
f 1899/6/1173 1886/6/1188 1900/6/1171
f 1890/6/1175 1886/6/1188 1899/6/1173
f 1898/6/398 1890/6/1175 1899/6/1173
f 1897/6/1176 1890/6/1175 1898/6/398
f 1896/6/397 1897/6/1176 1898/6/398
f 1891/6/1174 1897/6/1176 1896/6/397
f 1895/6/396 1891/6/1174 1896/6/397
f 1894/6/405 1891/6/1174 1895/6/396
f 1893/6/411 1891/6/1174 1894/6/405
f 1892/6/1189 1891/6/1174 1893/6/411
f 1762/6/414 1892/6/1189 1893/6/411
f 1888/6/1190 1892/6/1189 1762/6/414
f 1891/6/1174 1892/6/1189 1888/6/1190
f 1889/6/1191 1891/6/1174 1888/6/1190
f 1890/6/1175 1891/6/1174 1889/6/1191
f 1886/6/1188 1890/6/1175 1889/6/1191
f 1888/6/1190 1886/6/1188 1889/6/1191
f 1887/6/1192 1886/6/1188 1888/6/1190
f 1762/6/414 1887/6/1192 1888/6/1190
f 1764/6/1193 1887/6/1192 1762/6/414
f 1886/6/1188 1887/6/1192 1764/6/1193
f 1765/6/1194 1886/6/1188 1764/6/1193
f 1885/6/1187 1886/6/1188 1765/6/1194
f 1766/6/1195 1885/6/1187 1765/6/1194
f 1884/6/1178 1885/6/1187 1766/6/1195
f 1767/6/1196 1884/6/1178 1766/6/1195
f 1883/6/1179 1884/6/1178 1767/6/1196
f 1768/6/1197 1883/6/1179 1767/6/1196
f 1859/6/1198 1883/6/1179 1768/6/1197
f 1860/6/1199 1883/6/1179 1859/6/1198
f 1882/6/1177 1883/6/1179 1860/6/1199
f 1861/6/1200 1882/6/1177 1860/6/1199
f 1881/6/1186 1882/6/1177 1861/6/1200
f 1862/6/1201 1881/6/1186 1861/6/1200
f 1880/6/1185 1881/6/1186 1862/6/1201
f 1863/6/1202 1880/6/1185 1862/6/1201
f 1879/6/1184 1880/6/1185 1863/6/1202
f 1864/6/1203 1879/6/1184 1863/6/1202
f 1878/6/1183 1879/6/1184 1864/6/1203
f 1865/6/1204 1878/6/1183 1864/6/1203
f 1877/6/1182 1878/6/1183 1865/6/1204
f 1876/6/1180 1877/6/1182 1865/6/1204
f 1875/6/1181 1876/6/1180 1865/6/1204
f 1871/6/1205 1875/6/1181 1865/6/1204
f 1874/6/1137 1875/6/1181 1871/6/1205
f 1872/6/1206 1874/6/1137 1871/6/1205
f 1873/6/251 1874/6/1137 1872/6/1206
f 1869/6/249 1873/6/251 1872/6/1206
f 1871/6/1205 1869/6/249 1872/6/1206
f 1848/6/248 1850/6/1207 1849/6/1208
f 1865/6/1204 1866/6/1209 1867/6/1210
f 1870/6/1211 1865/6/1204 1867/6/1210
f 1871/6/1205 1865/6/1204 1870/6/1211
f 1869/6/249 1871/6/1205 1870/6/1211
f 1867/6/1210 1869/6/249 1870/6/1211
f 1868/6/247 1869/6/249 1867/6/1210
f 1848/6/248 1868/6/247 1867/6/1210
f 1866/6/1209 1848/6/248 1867/6/1210
f 1850/6/1207 1848/6/248 1866/6/1209
f 1865/6/1204 1850/6/1207 1866/6/1209
f 1851/6/1212 1850/6/1207 1865/6/1204
f 1864/6/1203 1851/6/1212 1865/6/1204
f 1852/6/1213 1851/6/1212 1864/6/1203
f 1863/6/1202 1852/6/1213 1864/6/1203
f 1853/6/1214 1852/6/1213 1863/6/1202
f 1862/6/1201 1853/6/1214 1863/6/1202
f 1854/6/1215 1853/6/1214 1862/6/1201
f 1861/6/1200 1854/6/1215 1862/6/1201
f 1855/6/1216 1854/6/1215 1861/6/1200
f 1860/6/1199 1855/6/1216 1861/6/1200
f 1856/6/1217 1855/6/1216 1860/6/1199
f 1859/6/1198 1856/6/1217 1860/6/1199
f 1857/6/1218 1856/6/1217 1859/6/1198
f 1858/6/1219 1857/6/1218 1859/6/1198
f 1768/6/1197 1858/6/1219 1859/6/1198
f 1769/6/1220 1858/6/1219 1768/6/1197
f 1770/6/1221 1858/6/1219 1769/6/1220
f 1832/6/1222 1858/6/1219 1770/6/1221
f 1857/6/1218 1858/6/1219 1832/6/1222
f 1833/6/1223 1857/6/1218 1832/6/1222
f 1834/6/1224 1857/6/1218 1833/6/1223
f 1856/6/1217 1857/6/1218 1834/6/1224
f 1835/6/1225 1856/6/1217 1834/6/1224
f 1855/6/1216 1856/6/1217 1835/6/1225
f 1836/6/1226 1855/6/1216 1835/6/1225
f 1854/6/1215 1855/6/1216 1836/6/1226
f 1837/6/1227 1854/6/1215 1836/6/1226
f 1853/6/1214 1854/6/1215 1837/6/1227
f 1838/6/1228 1853/6/1214 1837/6/1227
f 1852/6/1213 1853/6/1214 1838/6/1228
f 1839/6/1229 1852/6/1213 1838/6/1228
f 1851/6/1212 1852/6/1213 1839/6/1229
f 1850/6/1207 1851/6/1212 1839/6/1229
f 1849/6/1208 1850/6/1207 1839/6/1229
f 1845/6/1230 1849/6/1208 1839/6/1229
f 1848/6/248 1849/6/1208 1845/6/1230
f 1846/6/1231 1848/6/248 1845/6/1230
f 1847/6/256 1848/6/248 1846/6/1231
f 1843/6/267 1847/6/256 1846/6/1231
f 1845/6/1230 1843/6/267 1846/6/1231
f 1839/6/1229 1840/6/1232 1841/6/1233
f 1844/6/1234 1839/6/1229 1841/6/1233
f 1845/6/1230 1839/6/1229 1844/6/1234
f 1843/6/267 1845/6/1230 1844/6/1234
f 1841/6/1233 1843/6/267 1844/6/1234
f 1842/6/265 1843/6/267 1841/6/1233
f 1822/6/266 1842/6/265 1841/6/1233
f 1840/6/1232 1822/6/266 1841/6/1233
f 1824/6/1235 1822/6/266 1840/6/1232
f 1839/6/1229 1824/6/1235 1840/6/1232
f 1825/6/1236 1824/6/1235 1839/6/1229
f 1838/6/1228 1825/6/1236 1839/6/1229
f 1826/6/1237 1825/6/1236 1838/6/1228
f 1837/6/1227 1826/6/1237 1838/6/1228
f 1827/6/1238 1826/6/1237 1837/6/1227
f 1836/6/1226 1827/6/1238 1837/6/1227
f 1828/6/1239 1827/6/1238 1836/6/1226
f 1835/6/1225 1828/6/1239 1836/6/1226
f 1829/6/1240 1828/6/1239 1835/6/1225
f 1834/6/1224 1829/6/1240 1835/6/1225
f 1830/6/1241 1829/6/1240 1834/6/1224
f 1833/6/1223 1830/6/1241 1834/6/1224
f 1831/6/1242 1830/6/1241 1833/6/1223
f 1832/6/1222 1831/6/1242 1833/6/1223
f 1822/6/266 1824/6/1235 1823/6/1243
f 1771/6/1244 1832/6/1222 1770/6/1221
f 1831/6/1242 1832/6/1222 1771/6/1244
f 1772/6/1245 1831/6/1242 1771/6/1244
f 1773/6/1246 1831/6/1242 1772/6/1245
f 1830/6/1241 1831/6/1242 1773/6/1246
f 1774/6/1247 1830/6/1241 1773/6/1246
f 1829/6/1240 1830/6/1241 1774/6/1247
f 1775/6/1248 1829/6/1240 1774/6/1247
f 1828/6/1239 1829/6/1240 1775/6/1248
f 1812/6/1249 1828/6/1239 1775/6/1248
f 1827/6/1238 1828/6/1239 1812/6/1249
f 1811/6/1250 1827/6/1238 1812/6/1249
f 1826/6/1237 1827/6/1238 1811/6/1250
f 1814/6/1251 1826/6/1237 1811/6/1250
f 1825/6/1236 1826/6/1237 1814/6/1251
f 1824/6/1235 1825/6/1236 1814/6/1251
f 1823/6/1243 1824/6/1235 1814/6/1251
f 1819/6/1252 1823/6/1243 1814/6/1251
f 1822/6/266 1823/6/1243 1819/6/1252
f 1820/6/1253 1822/6/266 1819/6/1252
f 1821/6/1044 1822/6/266 1820/6/1253
f 1817/6/1042 1821/6/1044 1820/6/1253
f 1819/6/1252 1817/6/1042 1820/6/1253
f 1809/6/1254 1814/6/1251 1811/6/1250
f 1808/6/1255 1814/6/1251 1809/6/1254
f 1777/6/1256 1810/6/1257 1776/6/1258
f 1797/6/1259 1810/6/1257 1777/6/1256
f 1818/6/1260 1814/6/1251 1815/6/1261
f 1819/6/1252 1814/6/1251 1818/6/1260
f 1817/6/1042 1819/6/1252 1818/6/1260
f 1815/6/1261 1817/6/1042 1818/6/1260
f 1816/6/1050 1817/6/1042 1815/6/1261
f 1806/6/1046 1816/6/1050 1815/6/1261
f 1813/6/1262 1806/6/1046 1815/6/1261
f 1814/6/1251 1813/6/1262 1815/6/1261
f 1808/6/1255 1813/6/1262 1814/6/1251
f 1806/6/1046 1813/6/1262 1808/6/1255
f 1807/6/1263 1806/6/1046 1808/6/1255
f 1812/6/1249 1775/6/1248 1776/6/1258
f 1810/6/1257 1812/6/1249 1776/6/1258
f 1811/6/1250 1812/6/1249 1810/6/1257
f 1809/6/1254 1811/6/1250 1810/6/1257
f 1797/6/1259 1809/6/1254 1810/6/1257
f 1808/6/1255 1809/6/1254 1797/6/1259
f 1807/6/1263 1808/6/1255 1797/6/1259
f 1803/6/1264 1807/6/1263 1797/6/1259
f 1806/6/1046 1807/6/1263 1803/6/1264
f 1804/6/1265 1806/6/1046 1803/6/1264
f 1805/6/239 1806/6/1046 1804/6/1265
f 1801/6/234 1805/6/239 1804/6/1265
f 1803/6/1264 1801/6/234 1804/6/1265
f 1797/6/1259 1798/6/1266 1799/6/1267
f 1802/6/1268 1797/6/1259 1799/6/1267
f 1803/6/1264 1797/6/1259 1802/6/1268
f 1801/6/234 1803/6/1264 1802/6/1268
f 1799/6/1267 1801/6/234 1802/6/1268
f 1800/6/233 1801/6/234 1799/6/1267
f 1794/6/227 1800/6/233 1799/6/1267
f 1798/6/1266 1794/6/227 1799/6/1267
f 1796/6/1269 1794/6/227 1798/6/1266
f 1797/6/1259 1796/6/1269 1798/6/1266
f 1778/6/1270 1797/6/1259 1777/6/1256
f 1796/6/1269 1797/6/1259 1778/6/1270
f 1779/6/1271 1796/6/1269 1778/6/1270
f 1794/6/227 1793/6/1272 1792/6/225
f 1783/6/1019 1785/6/1273 1784/6/1274
f 1762/6/414 1763/6/1275 1764/6/1193
f 1744/6/1276 1743/6/1277 1761/6/1278
f 1758/6/417 1759/6/1279 1760/6/418
f 1749/6/464 1746/6/479 1747/6/1280
f 1795/6/1281 1794/6/227 1796/6/1269
f 1779/6/1271 1795/6/1281 1796/6/1269
f 1787/6/1282 1795/6/1281 1779/6/1271
f 1794/6/227 1795/6/1281 1787/6/1282
f 1793/6/1272 1794/6/227 1787/6/1282
f 1788/6/1283 1793/6/1272 1787/6/1282
f 1792/6/225 1793/6/1272 1788/6/1283
f 1791/6/226 1792/6/225 1788/6/1283
f 1790/6/1017 1791/6/226 1788/6/1283
f 1789/6/1284 1790/6/1017 1788/6/1283
f 1783/6/1019 1790/6/1017 1789/6/1284
f 1785/6/1273 1783/6/1019 1789/6/1284
f 1788/6/1283 1785/6/1273 1789/6/1284
f 1786/6/1285 1785/6/1273 1788/6/1283
f 1787/6/1282 1786/6/1285 1788/6/1283
f 1779/6/1271 1786/6/1285 1787/6/1282
f 1785/6/1273 1786/6/1285 1779/6/1271
f 1784/6/1274 1785/6/1273 1779/6/1271
f 1780/6/1286 1784/6/1274 1779/6/1271
f 1783/6/1019 1784/6/1274 1780/6/1286
f 1781/6/1287 1783/6/1019 1780/6/1286
f 1782/6/1016 1783/6/1019 1781/6/1287
f 1481/6/1014 1782/6/1016 1781/6/1287
f 1780/6/1286 1481/6/1014 1781/6/1287
f 1480/6/1288 1481/6/1014 1780/6/1286
f 1779/6/1271 1480/6/1288 1780/6/1286
f 1479/6/1289 1480/6/1288 1779/6/1271
f 1778/6/1270 1479/6/1289 1779/6/1271
f 1777/6/1256 1479/6/1289 1778/6/1270
f 1466/6/1290 1479/6/1289 1777/6/1256
f 1776/6/1258 1466/6/1290 1777/6/1256
f 1465/6/1291 1466/6/1290 1776/6/1258
f 1775/6/1248 1465/6/1291 1776/6/1258
f 1774/6/1247 1465/6/1291 1775/6/1248
f 1464/6/1292 1465/6/1291 1774/6/1247
f 1773/6/1246 1464/6/1292 1774/6/1247
f 1463/6/1293 1464/6/1292 1773/6/1246
f 1772/6/1245 1463/6/1293 1773/6/1246
f 1462/6/1294 1463/6/1293 1772/6/1245
f 1440/6/1295 1462/6/1294 1772/6/1245
f 1771/6/1244 1440/6/1295 1772/6/1245
f 1441/6/1296 1440/6/1295 1771/6/1244
f 1770/6/1221 1441/6/1296 1771/6/1244
f 1420/6/1297 1441/6/1296 1770/6/1221
f 1769/6/1220 1420/6/1297 1770/6/1221
f 1419/6/1298 1420/6/1297 1769/6/1220
f 1418/6/1299 1419/6/1298 1769/6/1220
f 1768/6/1197 1418/6/1299 1769/6/1220
f 1767/6/1196 1418/6/1299 1768/6/1197
f 1417/6/1300 1418/6/1299 1767/6/1196
f 1766/6/1195 1417/6/1300 1767/6/1196
f 1416/6/1301 1417/6/1300 1766/6/1195
f 1765/6/1194 1416/6/1301 1766/6/1195
f 1764/6/1193 1416/6/1301 1765/6/1194
f 1763/6/1275 1416/6/1301 1764/6/1193
f 1743/6/1277 1416/6/1301 1763/6/1275
f 1762/6/414 1743/6/1277 1763/6/1275
f 1761/6/1278 1743/6/1277 1762/6/414
f 1760/6/418 1761/6/1278 1762/6/414
f 1744/6/1276 1761/6/1278 1760/6/418
f 1759/6/1279 1744/6/1276 1760/6/418
f 1755/6/1302 1744/6/1276 1759/6/1279
f 1758/6/417 1755/6/1302 1759/6/1279
f 1756/6/1303 1755/6/1302 1758/6/417
f 1757/6/419 1756/6/1303 1758/6/417
f 1753/6/471 1756/6/1303 1757/6/419
f 1755/6/1302 1756/6/1303 1753/6/471
f 1754/6/1304 1755/6/1302 1753/6/471
f 1744/6/1276 1755/6/1302 1754/6/1304
f 1748/6/1305 1744/6/1276 1754/6/1304
f 1753/6/471 1748/6/1305 1754/6/1304
f 1750/6/1306 1748/6/1305 1753/6/471
f 1752/6/472 1750/6/1306 1753/6/471
f 1751/6/465 1750/6/1306 1752/6/472
f 1749/6/464 1750/6/1306 1751/6/465
f 1748/6/1305 1750/6/1306 1749/6/464
f 1747/6/1280 1748/6/1305 1749/6/464
f 1744/6/1276 1748/6/1305 1747/6/1280
f 1746/6/479 1744/6/1276 1747/6/1280
f 1745/6/1307 1744/6/1276 1746/6/479
f 1740/6/480 1745/6/1307 1746/6/479
f 1741/6/1308 1745/6/1307 1740/6/480
f 1744/6/1276 1745/6/1307 1741/6/1308
f 1742/6/1309 1744/6/1276 1741/6/1308
f 1743/6/1277 1744/6/1276 1742/6/1309
f 1416/6/1301 1743/6/1277 1742/6/1309
f 1741/6/1308 1416/6/1301 1742/6/1309
f 1415/6/1310 1416/6/1301 1741/6/1308
f 1740/6/480 1415/6/1310 1741/6/1308
f 1414/6/1311 1415/6/1310 1740/6/480
f 1739/6/482 1414/6/1311 1740/6/480
f 1367/6/1312 1414/6/1311 1739/6/482
f 1738/6/483 1367/6/1312 1739/6/482
f 1737/6/484 1367/6/1312 1738/6/483
f 1732/6/1313 1367/6/1312 1737/6/484
f 1678/6/490 1732/6/1313 1737/6/484
f 1736/6/1314 1672/6/1315 1734/6/1316
f 1670/6/1317 1672/6/1315 1736/6/1314
f 1678/6/490 1670/6/1317 1736/6/1314
f 1734/6/1316 1678/6/490 1736/6/1314
f 1733/6/1318 1678/6/490 1734/6/1316
f 1735/6/1319 1717/6/1320 1719/6/1321
f 1672/6/1315 1717/6/1320 1735/6/1319
f 1734/6/1316 1672/6/1315 1735/6/1319
f 1719/6/1321 1734/6/1316 1735/6/1319
f 1733/6/1318 1734/6/1316 1719/6/1321
f 1728/6/1322 1733/6/1318 1719/6/1321
f 1678/6/490 1733/6/1318 1728/6/1322
f 1729/6/1323 1678/6/490 1728/6/1322
f 1730/6/1324 1367/6/1312 1732/6/1313
f 1678/6/490 1730/6/1324 1732/6/1313
f 1729/6/1323 1730/6/1324 1678/6/490
f 1703/6/1325 1720/6/1326 1711/6/1327
f 1719/6/1321 1717/6/1320 1718/6/1328
f 1731/6/1329 1726/6/1330 1359/6/1331
f 1367/6/1312 1731/6/1329 1359/6/1331
f 1730/6/1324 1731/6/1329 1367/6/1312
f 1726/6/1330 1731/6/1329 1730/6/1324
f 1729/6/1323 1726/6/1330 1730/6/1324
f 1728/6/1322 1726/6/1330 1729/6/1323
f 1727/6/1332 1726/6/1330 1728/6/1322
f 1719/6/1321 1727/6/1332 1728/6/1322
f 1721/6/1333 1727/6/1332 1719/6/1321
f 1726/6/1330 1727/6/1332 1721/6/1333
f 1722/6/1334 1726/6/1330 1721/6/1333
f 1723/6/1335 1726/6/1330 1722/6/1334
f 1724/6/1336 1726/6/1330 1723/6/1335
f 1725/6/1337 1726/6/1330 1724/6/1336
f 1359/6/1331 1726/6/1330 1725/6/1337
f 1361/6/1338 1359/6/1331 1725/6/1337
f 1724/6/1336 1361/6/1338 1725/6/1337
f 1694/6/1339 1361/6/1338 1724/6/1336
f 1695/6/1340 1694/6/1339 1724/6/1336
f 1723/6/1335 1695/6/1340 1724/6/1336
f 1704/6/1341 1695/6/1340 1723/6/1335
f 1722/6/1334 1704/6/1341 1723/6/1335
f 1703/6/1325 1704/6/1341 1722/6/1334
f 1721/6/1333 1703/6/1325 1722/6/1334
f 1720/6/1326 1703/6/1325 1721/6/1333
f 1719/6/1321 1720/6/1326 1721/6/1333
f 1711/6/1327 1720/6/1326 1719/6/1321
f 1718/6/1328 1711/6/1327 1719/6/1321
f 1712/6/1342 1711/6/1327 1718/6/1328
f 1717/6/1320 1712/6/1342 1718/6/1328
f 1716/6/1343 1712/6/1342 1717/6/1320
f 1672/6/1315 1716/6/1343 1717/6/1320
f 1714/6/1344 1716/6/1343 1672/6/1315
f 1712/6/1342 1716/6/1343 1714/6/1344
f 1713/6/1345 1712/6/1342 1714/6/1344
f 1708/6/1346 1715/6/1347 1706/6/1348
f 1696/6/1349 1702/6/1350 1697/6/1351
f 1672/6/1315 1705/6/1352 1706/6/1348
f 1715/6/1347 1672/6/1315 1706/6/1348
f 1714/6/1344 1672/6/1315 1715/6/1347
f 1708/6/1346 1714/6/1344 1715/6/1347
f 1713/6/1345 1714/6/1344 1708/6/1346
f 1709/6/1353 1713/6/1345 1708/6/1346
f 1712/6/1342 1713/6/1345 1709/6/1353
f 1710/6/1354 1712/6/1342 1709/6/1353
f 1711/6/1327 1712/6/1342 1710/6/1354
f 1703/6/1325 1711/6/1327 1710/6/1354
f 1709/6/1353 1703/6/1325 1710/6/1354
f 1707/6/1355 1703/6/1325 1709/6/1353
f 1708/6/1346 1707/6/1355 1709/6/1353
f 1706/6/1348 1707/6/1355 1708/6/1346
f 1703/6/1325 1707/6/1355 1706/6/1348
f 1705/6/1352 1703/6/1325 1706/6/1348
f 1701/6/1356 1703/6/1325 1705/6/1352
f 1672/6/1315 1701/6/1356 1705/6/1352
f 1700/6/1357 1701/6/1356 1672/6/1315
f 1704/6/1341 1696/6/1349 1695/6/1340
f 1702/6/1350 1696/6/1349 1704/6/1341
f 1703/6/1325 1702/6/1350 1704/6/1341
f 1701/6/1356 1702/6/1350 1703/6/1325
f 1697/6/1351 1702/6/1350 1701/6/1356
f 1700/6/1357 1697/6/1351 1701/6/1356
f 1698/6/1358 1697/6/1351 1700/6/1357
f 1672/6/1315 1698/6/1358 1700/6/1357
f 1699/6/1359 1698/6/1358 1672/6/1315
f 1608/6/1360 1682/6/1361 1677/6/1362
f 1681/6/1363 1679/6/1364 1680/6/1365
f 1679/6/1364 1672/6/1315 1674/6/1366
f 1699/6/1359 1672/6/1315 1679/6/1364
f 1681/6/1363 1699/6/1359 1679/6/1364
f 1698/6/1358 1699/6/1359 1681/6/1363
f 1687/6/1367 1698/6/1358 1681/6/1363
f 1697/6/1351 1698/6/1358 1687/6/1367
f 1688/6/1368 1697/6/1351 1687/6/1367
f 1696/6/1349 1697/6/1351 1688/6/1368
f 1689/6/1369 1696/6/1349 1688/6/1368
f 1695/6/1340 1696/6/1349 1689/6/1369
f 1690/6/1370 1695/6/1340 1689/6/1369
f 1694/6/1339 1695/6/1340 1690/6/1370
f 1361/6/1338 1694/6/1339 1690/6/1370
f 1691/6/1371 1361/6/1338 1690/6/1370
f 1692/6/1372 1361/6/1338 1691/6/1371
f 1369/6/1373 1361/6/1338 1692/6/1372
f 1370/6/1374 1369/6/1373 1692/6/1372
f 1693/6/1375 1370/6/1374 1692/6/1372
f 1612/6/1376 1370/6/1374 1693/6/1375
f 1685/6/1377 1612/6/1376 1693/6/1375
f 1692/6/1372 1685/6/1377 1693/6/1375
f 1691/6/1371 1685/6/1377 1692/6/1372
f 1690/6/1370 1685/6/1377 1691/6/1371
f 1689/6/1369 1685/6/1377 1690/6/1370
f 1688/6/1368 1685/6/1377 1689/6/1369
f 1686/6/1378 1685/6/1377 1688/6/1368
f 1687/6/1367 1686/6/1378 1688/6/1368
f 1681/6/1363 1686/6/1378 1687/6/1367
f 1683/6/1379 1686/6/1378 1681/6/1363
f 1685/6/1377 1686/6/1378 1683/6/1379
f 1684/6/1380 1685/6/1377 1683/6/1379
f 1612/6/1376 1685/6/1377 1684/6/1380
f 1608/6/1360 1612/6/1376 1684/6/1380
f 1683/6/1379 1608/6/1360 1684/6/1380
f 1682/6/1361 1608/6/1360 1683/6/1379
f 1681/6/1363 1682/6/1361 1683/6/1379
f 1677/6/1362 1682/6/1361 1681/6/1363
f 1680/6/1365 1677/6/1362 1681/6/1363
f 1675/6/1381 1677/6/1362 1680/6/1365
f 1679/6/1364 1675/6/1381 1680/6/1365
f 1674/6/1366 1675/6/1381 1679/6/1364
f 1678/6/490 1669/6/1382 1670/6/1317
f 1668/6/501 1669/6/1382 1678/6/490
f 1608/6/1360 1673/6/1383 1671/6/1384
f 1676/6/1385 1673/6/1383 1608/6/1360
f 1677/6/1362 1676/6/1385 1608/6/1360
f 1675/6/1381 1676/6/1385 1677/6/1362
f 1673/6/1383 1676/6/1385 1675/6/1381
f 1674/6/1366 1673/6/1383 1675/6/1381
f 1672/6/1315 1673/6/1383 1674/6/1366
f 1671/6/1384 1673/6/1383 1672/6/1315
f 1670/6/1317 1671/6/1384 1672/6/1315
f 1608/6/1360 1671/6/1384 1670/6/1317
f 1669/6/1382 1608/6/1360 1670/6/1317
f 1663/6/1386 1608/6/1360 1669/6/1382
f 1668/6/501 1663/6/1386 1669/6/1382
f 1664/6/1387 1663/6/1386 1668/6/501
f 1667/6/502 1664/6/1387 1668/6/501
f 1666/6/495 1664/6/1387 1667/6/502
f 1665/6/1388 1664/6/1387 1666/6/495
f 1653/6/494 1665/6/1388 1666/6/495
f 1660/6/1389 1665/6/1388 1653/6/494
f 1664/6/1387 1665/6/1388 1660/6/1389
f 1662/6/1390 1664/6/1387 1660/6/1389
f 1663/6/1386 1664/6/1387 1662/6/1390
f 1661/6/1391 1659/6/1392 1658/6/1393
f 1642/6/1394 1641/6/1395 1661/6/1391
f 1658/6/1393 1642/6/1394 1661/6/1391
f 1643/6/1396 1642/6/1394 1658/6/1393
f 1653/6/494 1655/6/1397 1657/6/1398
f 1641/6/1395 1608/6/1360 1663/6/1386
f 1662/6/1390 1641/6/1395 1663/6/1386
f 1661/6/1391 1641/6/1395 1662/6/1390
f 1660/6/1389 1661/6/1391 1662/6/1390
f 1659/6/1392 1661/6/1391 1660/6/1389
f 1653/6/494 1659/6/1392 1660/6/1389
f 1658/6/1393 1659/6/1392 1653/6/494
f 1657/6/1398 1658/6/1393 1653/6/494
f 1643/6/1396 1658/6/1393 1657/6/1398
f 1655/6/1397 1643/6/1396 1657/6/1398
f 1644/6/1399 1643/6/1396 1655/6/1397
f 1645/6/1400 1644/6/1399 1655/6/1397
f 1647/6/1401 1649/6/634 1656/6/635
f 1540/6/671 1647/6/1401 1656/6/635
f 1596/6/1402 1647/6/1401 1540/6/671
f 1654/6/1403 1653/6/494 1652/6/1404
f 1655/6/1397 1653/6/494 1654/6/1403
f 1645/6/1400 1655/6/1397 1654/6/1403
f 1652/6/1404 1645/6/1400 1654/6/1403
f 1646/6/1405 1645/6/1400 1652/6/1404
f 1648/6/1406 1646/6/1405 1652/6/1404
f 1636/6/1407 1646/6/1405 1648/6/1406
f 1651/6/1408 1653/6/494 1650/6/633
f 1652/6/1404 1653/6/494 1651/6/1408
f 1648/6/1406 1652/6/1404 1651/6/1408
f 1650/6/633 1648/6/1406 1651/6/1408
f 1649/6/634 1648/6/1406 1650/6/633
f 1647/6/1401 1648/6/1406 1649/6/634
f 1636/6/1407 1648/6/1406 1647/6/1401
f 1596/6/1402 1636/6/1407 1647/6/1401
f 1635/6/1409 1624/6/1410 1623/6/1411
f 1634/6/1412 1631/6/1413 1625/6/1414
f 1633/6/1415 1631/6/1413 1634/6/1412
f 1628/6/1416 1632/6/1417 1629/6/1418
f 1627/6/1419 1632/6/1417 1628/6/1416
f 1637/6/1420 1646/6/1405 1636/6/1407
f 1645/6/1400 1646/6/1405 1637/6/1420
f 1638/6/1421 1645/6/1400 1637/6/1420
f 1644/6/1399 1645/6/1400 1638/6/1421
f 1639/6/1422 1644/6/1399 1638/6/1421
f 1643/6/1396 1644/6/1399 1639/6/1422
f 1640/6/1423 1643/6/1396 1639/6/1422
f 1642/6/1394 1643/6/1396 1640/6/1423
f 1641/6/1395 1642/6/1394 1640/6/1423
f 1608/6/1360 1641/6/1395 1640/6/1423
f 1618/6/1424 1608/6/1360 1640/6/1423
f 1639/6/1422 1618/6/1424 1640/6/1423
f 1619/6/1425 1618/6/1424 1639/6/1422
f 1638/6/1421 1619/6/1425 1639/6/1422
f 1623/6/1411 1619/6/1425 1638/6/1421
f 393/13/1426 395/13/1427 394/13/1428
f 394/13/1428 395/13/1427 396/13/1429
f 395/13/1427 397/13/1430 396/13/1429
f 396/13/1429 397/13/1430 398/13/1431
f 397/13/1430 399/13/1432 398/13/1431
f 398/13/1431 399/13/1432 400/13/1433
f 399/13/1432 401/13/1434 400/13/1433
f 400/13/1433 401/13/1434 402/13/1435
f 401/13/1434 403/13/1436 402/13/1435
f 402/13/1435 403/13/1436 404/13/1437
f 403/13/1436 405/13/1438 404/13/1437
f 1637/6/1420 1623/6/1411 1638/6/1421
f 405/13/1438 406/13/1439 404/13/1437
f 1635/6/1409 1623/6/1411 1637/6/1420
f 406/13/1439 407/13/1440 404/13/1437
f 1636/6/1407 1635/6/1409 1637/6/1420
f 407/13/1440 408/13/1441 404/13/1437
f 404/13/1437 408/13/1441 402/13/1435
f 408/13/1441 409/13/1442 402/13/1435
f 402/13/1435 409/13/1442 400/13/1433
f 409/13/1442 410/13/1443 400/13/1433
f 400/13/1433 410/13/1443 398/13/1431
f 410/13/1443 411/13/1444 398/13/1431
f 398/13/1431 411/13/1444 396/13/1429
f 411/13/1444 412/13/1445 396/13/1429
f 396/13/1429 412/13/1445 394/13/1428
f 1596/6/1402 1635/6/1409 1636/6/1407
f 1597/6/1446 1635/6/1409 1596/6/1402
f 1624/6/1410 1635/6/1409 1597/6/1446
f 1598/6/1447 1624/6/1410 1597/6/1446
f 412/13/1445 411/13/1444 413/13/1448
f 413/13/1448 411/13/1444 414/13/1449
f 411/13/1444 410/13/1443 414/13/1449
f 414/13/1449 410/13/1443 415/13/1450
f 410/13/1443 409/13/1442 415/13/1450
f 415/13/1450 409/13/1442 416/13/1451
f 409/13/1442 408/13/1441 416/13/1451
f 416/13/1451 408/13/1441 417/13/1452
f 408/13/1441 407/13/1440 417/13/1452
f 1625/6/1414 1624/6/1410 1598/6/1447
f 1599/6/1453 1625/6/1414 1598/6/1447
f 1634/6/1412 1625/6/1414 1599/6/1453
f 1600/6/1454 1634/6/1412 1599/6/1453
f 417/13/1452 418/13/1455 416/13/1451
f 418/13/1455 419/13/1456 416/13/1451
f 416/13/1451 419/13/1456 415/13/1450
f 419/13/1456 420/13/1457 415/13/1450
f 415/13/1450 420/13/1457 414/13/1449
f 420/13/1457 421/13/1458 414/13/1449
f 414/13/1449 421/13/1458 413/13/1448
f 1610/6/1459 1634/6/1412 1600/6/1454
f 1633/6/1415 1634/6/1412 1610/6/1459
f 1629/6/1418 1633/6/1415 1610/6/1459
f 1632/6/1417 1633/6/1415 1629/6/1418
f 421/13/1458 420/13/1457 422/13/1460
f 422/13/1460 420/13/1457 423/13/1461
f 420/13/1457 419/13/1456 423/13/1461
f 423/13/1461 419/13/1456 424/13/1462
f 419/13/1456 418/13/1455 424/13/1462
f 424/13/1462 418/13/1455 425/13/1463
f 1631/6/1413 1633/6/1415 1632/6/1417
f 425/13/1463 418/13/1455 426/13/1464
f 418/13/1455 417/13/1452 426/13/1464
f 426/13/1464 417/13/1452 427/13/1465
f 417/13/1452 407/13/1440 427/13/1465
f 427/13/1465 407/13/1440 428/13/1466
f 407/13/1440 406/13/1439 428/13/1466
f 1627/6/1419 1631/6/1413 1632/6/1417
f 1625/6/1414 1631/6/1413 1627/6/1419
f 1626/6/1467 1625/6/1414 1627/6/1419
f 1616/6/1468 1630/6/1469 1614/6/1470
f 428/13/1466 429/13/1471 427/13/1465
f 429/13/1471 430/13/1472 427/13/1465
f 427/13/1465 430/13/1472 426/13/1464
f 430/13/1472 431/13/1473 426/13/1464
f 426/13/1464 431/13/1473 425/13/1463
f 431/13/1473 432/13/1474 425/13/1463
f 1610/6/1459 1613/6/1475 1614/6/1470
f 432/13/1474 433/13/1476 425/13/1463
f 425/13/1463 433/13/1476 424/13/1462
f 433/13/1476 434/13/1477 424/13/1462
f 424/13/1462 434/13/1477 423/13/1461
f 434/13/1477 435/13/1478 423/13/1461
f 423/13/1461 435/13/1478 422/13/1460
f 1630/6/1469 1610/6/1459 1614/6/1470
f 1629/6/1418 1610/6/1459 1630/6/1469
f 1616/6/1468 1629/6/1418 1630/6/1469
f 1628/6/1416 1629/6/1418 1616/6/1468
f 435/13/1478 434/13/1477 436/13/1479
f 436/13/1479 434/13/1477 437/13/1480
f 434/13/1477 433/13/1476 437/13/1480
f 437/13/1480 433/13/1476 438/13/1481
f 433/13/1476 432/13/1474 438/13/1481
f 438/13/1481 432/13/1474 439/13/1482
f 1627/6/1419 1628/6/1416 1616/6/1468
f 439/13/1482 432/13/1474 440/13/1483
f 432/13/1474 431/13/1473 440/13/1483
f 440/13/1483 431/13/1473 441/13/1484
f 431/13/1473 430/13/1472 441/13/1484
f 441/13/1484 430/13/1472 442/13/1485
f 430/13/1472 429/13/1471 442/13/1485
f 1626/6/1467 1627/6/1419 1616/6/1468
f 1621/6/1486 1626/6/1467 1616/6/1468
f 1625/6/1414 1626/6/1467 1621/6/1486
f 1622/6/1487 1625/6/1414 1621/6/1486
f 442/13/1485 443/13/1488 441/13/1484
f 443/13/1488 444/13/1489 441/13/1484
f 441/13/1484 444/13/1489 440/13/1483
f 444/13/1489 445/13/1490 440/13/1483
f 440/13/1483 445/13/1490 439/13/1482
f 445/13/1490 446/13/1491 439/13/1482
f 1624/6/1410 1625/6/1414 1622/6/1487
f 446/13/1491 447/13/1492 439/13/1482
f 439/13/1482 447/13/1492 438/13/1481
f 447/13/1492 448/13/1493 438/13/1481
f 438/13/1481 448/13/1493 437/13/1480
f 448/13/1493 449/13/1494 437/13/1480
f 437/13/1480 449/13/1494 436/13/1479
f 1623/6/1411 1624/6/1410 1622/6/1487
f 1619/6/1425 1623/6/1411 1622/6/1487
f 1621/6/1486 1619/6/1425 1622/6/1487
f 1620/6/1495 1619/6/1425 1621/6/1486
f 449/13/1494 448/13/1493 450/13/1496
f 450/13/1496 448/13/1493 451/13/1497
f 448/13/1493 447/13/1492 451/13/1497
f 451/13/1497 447/13/1492 452/13/1498
f 447/13/1492 446/13/1491 452/13/1498
f 452/13/1498 446/13/1491 453/13/1499
f 1616/6/1468 1620/6/1495 1621/6/1486
f 453/13/1499 446/13/1491 454/13/1500
f 446/13/1491 445/13/1490 454/13/1500
f 454/13/1500 445/13/1490 455/13/1501
f 445/13/1490 444/13/1489 455/13/1501
f 455/13/1501 444/13/1489 456/13/1502
f 444/13/1489 443/13/1488 456/13/1502
f 1617/6/1503 1620/6/1495 1616/6/1468
f 1619/6/1425 1620/6/1495 1617/6/1503
f 1618/6/1424 1619/6/1425 1617/6/1503
f 1608/6/1360 1618/6/1424 1617/6/1503
f 456/13/1502 457/13/1504 455/13/1501
f 457/13/1504 458/13/1505 455/13/1501
f 455/13/1501 458/13/1505 454/13/1500
f 458/13/1505 459/13/1506 454/13/1500
f 454/13/1500 459/13/1506 453/13/1499
f 459/13/1506 460/13/1507 453/13/1499
f 1615/6/1508 1608/6/1360 1617/6/1503
f 460/13/1507 461/13/1509 453/13/1499
f 453/13/1499 461/13/1509 452/13/1498
f 461/13/1509 462/13/1510 452/13/1498
f 452/13/1498 462/13/1510 451/13/1497
f 462/13/1510 463/13/1511 451/13/1497
f 451/13/1497 463/13/1511 450/13/1496
f 1616/6/1468 1615/6/1508 1617/6/1503
f 1614/6/1470 1615/6/1508 1616/6/1468
f 1608/6/1360 1615/6/1508 1614/6/1470
f 1613/6/1475 1608/6/1360 1614/6/1470
f 463/13/1511 462/13/1510 464/13/1512
f 464/13/1512 462/13/1510 465/13/1513
f 462/13/1510 461/13/1509 465/13/1513
f 465/13/1513 461/13/1509 466/13/1514
f 461/13/1509 460/13/1507 466/13/1514
f 466/13/1514 460/13/1507 467/13/1515
f 1609/6/1516 1608/6/1360 1613/6/1475
f 467/13/1515 460/13/1507 468/13/1517
f 460/13/1507 459/13/1506 468/13/1517
f 468/13/1517 459/13/1506 469/13/1518
f 459/13/1506 458/13/1505 469/13/1518
f 469/13/1518 458/13/1505 470/13/1519
f 458/13/1505 457/13/1504 470/13/1519
f 470/13/1519 457/13/1504 471/13/1520
f 1610/6/1459 1609/6/1516 1613/6/1475
f 471/13/1520 457/13/1504 472/13/1521
f 457/13/1504 456/13/1502 472/13/1521
f 472/13/1521 456/13/1502 473/13/1522
f 456/13/1502 443/13/1488 473/13/1522
f 473/13/1522 443/13/1488 474/13/1523
f 443/13/1488 442/13/1485 474/13/1523
f 474/13/1523 442/13/1485 475/13/1524
f 442/13/1485 429/13/1471 475/13/1524
f 475/13/1524 429/13/1471 476/13/1525
f 429/13/1471 428/13/1466 476/13/1525
f 476/13/1525 428/13/1466 477/13/1526
f 428/13/1466 406/13/1439 477/13/1526
f 477/13/1526 406/13/1439 478/13/1527
f 406/13/1439 405/13/1438 478/13/1527
f 478/13/1527 405/13/1438 479/13/1528
f 405/13/1438 403/13/1436 479/13/1528
f 479/13/1528 403/13/1436 480/13/1529
f 403/13/1436 401/13/1434 480/13/1529
f 480/13/1529 401/13/1434 481/13/1530
f 401/13/1434 399/13/1432 481/13/1530
f 481/13/1530 399/13/1432 482/13/1531
f 399/13/1432 397/13/1430 482/13/1531
f 482/13/1531 397/13/1430 483/13/1532
f 397/13/1430 395/13/1427 483/13/1532
f 483/13/1532 395/13/1427 484/13/1533
f 395/13/1427 393/13/1426 484/13/1533
f 1611/6/1534 1608/6/1360 1606/6/1535
f 393/13/1426 485/13/1536 484/13/1533
f 1612/6/1376 1608/6/1360 1611/6/1534
f 485/13/1536 486/13/1537 484/13/1533
f 1370/6/1374 1612/6/1376 1611/6/1534
f 486/13/1537 487/13/1538 484/13/1533
f 484/13/1533 487/13/1538 483/13/1532
f 487/13/1538 488/13/1539 483/13/1532
f 483/13/1532 488/13/1539 482/13/1531
f 488/13/1539 489/13/1540 482/13/1531
f 482/13/1531 489/13/1540 481/13/1530
f 489/13/1540 490/13/1541 481/13/1530
f 481/13/1530 490/13/1541 480/13/1529
f 490/13/1541 491/13/1542 480/13/1529
f 480/13/1529 491/13/1542 479/13/1528
f 491/13/1542 492/13/1543 479/13/1528
f 479/13/1528 492/13/1543 478/13/1527
f 492/13/1543 493/13/1544 478/13/1527
f 478/13/1527 493/13/1544 477/13/1526
f 493/13/1544 494/13/1545 477/13/1526
f 477/13/1526 494/13/1545 476/13/1525
f 494/13/1545 495/13/1546 476/13/1525
f 476/13/1525 495/13/1546 475/13/1524
f 495/13/1546 496/13/1547 475/13/1524
f 475/13/1524 496/13/1547 474/13/1523
f 496/13/1547 497/13/1548 474/13/1523
f 474/13/1523 497/13/1548 473/13/1522
f 497/13/1548 498/13/1549 473/13/1522
f 473/13/1522 498/13/1549 472/13/1521
f 498/13/1549 499/13/1550 472/13/1521
f 472/13/1521 499/13/1550 471/13/1520
f 499/13/1550 500/13/1551 471/13/1520
f 1606/6/1535 1370/6/1374 1611/6/1534
f 500/13/1551 501/13/1552 471/13/1520
f 471/13/1520 501/13/1552 470/13/1519
f 501/13/1552 469/13/1518 470/13/1519
f 1601/6/1553 1610/6/1459 1600/6/1454
f 1609/6/1516 1610/6/1459 1601/6/1553
f 1602/6/1554 1609/6/1516 1601/6/1553
f 1607/6/1555 1609/6/1516 1602/6/1554
f 500/13/1551 499/13/1550 502/13/1556
f 1608/6/1360 1609/6/1516 1607/6/1555
f 502/13/1556 499/13/1550 503/13/1557
f 499/13/1550 498/13/1549 503/13/1557
f 503/13/1557 498/13/1549 504/13/1558
f 498/13/1549 497/13/1548 504/13/1558
f 504/13/1558 497/13/1548 505/13/1559
f 497/13/1548 496/13/1547 505/13/1559
f 505/13/1559 496/13/1547 506/13/1560
f 496/13/1547 495/13/1546 506/13/1560
f 506/13/1560 495/13/1546 507/13/1561
f 495/13/1546 494/13/1545 507/13/1561
f 507/13/1561 494/13/1545 508/13/1562
f 494/13/1545 493/13/1544 508/13/1562
f 508/13/1562 493/13/1544 509/13/1563
f 493/13/1544 492/13/1543 509/13/1563
f 509/13/1563 492/13/1543 510/13/1564
f 492/13/1543 491/13/1542 510/13/1564
f 510/13/1564 491/13/1542 511/13/1565
f 491/13/1542 490/13/1541 511/13/1565
f 511/13/1565 490/13/1541 512/13/1566
f 490/13/1541 489/13/1540 512/13/1566
f 512/13/1566 489/13/1540 513/13/1567
f 489/13/1540 488/13/1539 513/13/1567
f 513/13/1567 488/13/1539 514/13/1568
f 488/13/1539 487/13/1538 514/13/1568
f 514/13/1568 487/13/1538 515/13/1569
f 487/13/1538 486/13/1537 515/13/1569
f 515/13/1569 486/13/1537 516/13/1570
f 1606/6/1535 1608/6/1360 1607/6/1555
f 516/13/1570 486/13/1537 517/13/1571
f 486/13/1537 485/13/1536 517/13/1571
f 517/13/1571 485/13/1536 518/13/1572
f 1602/6/1554 1606/6/1535 1607/6/1555
f 518/13/1572 485/13/1536 519/13/1573
f 485/13/1536 393/13/1426 519/13/1573
f 519/13/1573 393/13/1426 520/13/1574
f 393/13/1426 394/13/1428 520/13/1574
f 520/13/1574 394/13/1428 521/13/1575
f 394/13/1428 412/13/1445 521/13/1575
f 521/13/1575 412/13/1445 522/13/1576
f 412/13/1445 413/13/1448 522/13/1576
f 522/13/1576 413/13/1448 523/13/1577
f 413/13/1448 421/13/1458 523/13/1577
f 523/13/1577 421/13/1458 524/13/1578
f 421/13/1458 422/13/1460 524/13/1578
f 524/13/1578 422/13/1460 525/13/1579
f 422/13/1460 435/13/1478 525/13/1579
f 525/13/1579 435/13/1478 526/13/1580
f 435/13/1478 436/13/1479 526/13/1580
f 526/13/1580 436/13/1479 527/13/1581
f 436/13/1479 449/13/1494 527/13/1581
f 527/13/1581 449/13/1494 528/13/1582
f 449/13/1494 450/13/1496 528/13/1582
f 528/13/1582 450/13/1496 529/13/1583
f 450/13/1496 463/13/1511 529/13/1583
f 529/13/1583 463/13/1511 530/13/1584
f 463/13/1511 464/13/1512 530/13/1584
f 530/13/1584 464/13/1512 531/13/1585
f 1602/6/1554 1603/6/1586 1604/6/1587
f 531/13/1585 464/13/1512 532/13/1588
f 464/13/1512 465/13/1513 532/13/1588
f 532/13/1588 465/13/1513 533/13/1589
f 465/13/1513 466/13/1514 533/13/1589
f 533/13/1589 466/13/1514 534/13/1590
f 466/13/1514 467/13/1515 534/13/1590
f 534/13/1590 467/13/1515 535/13/1591
f 1605/6/1592 1602/6/1554 1604/6/1587
f 535/13/1591 467/13/1515 536/13/1593
f 467/13/1515 468/13/1517 536/13/1593
f 536/13/1593 468/13/1517 537/13/1594
f 468/13/1517 469/13/1518 537/13/1594
f 1606/6/1535 1602/6/1554 1605/6/1592
f 469/13/1518 501/13/1552 537/13/1594
f 537/13/1594 501/13/1552 538/13/1595
f 501/13/1552 500/13/1551 538/13/1595
f 538/13/1595 500/13/1551 539/13/1596
f 500/13/1551 502/13/1556 539/13/1596
f 539/13/1596 502/13/1556 540/13/1597
f 1370/6/1374 1606/6/1535 1605/6/1592
f 540/13/1597 502/13/1556 541/13/1598
f 502/13/1556 503/13/1557 541/13/1598
f 541/13/1598 503/13/1557 542/13/1599
f 503/13/1557 504/13/1558 542/13/1599
f 542/13/1599 504/13/1558 543/13/1600
f 504/13/1558 505/13/1559 543/13/1600
f 543/13/1600 505/13/1559 544/13/587
f 505/13/1559 506/13/1560 544/13/587
f 544/13/587 506/13/1560 545/13/1601
f 506/13/1560 507/13/1561 545/13/1601
f 545/13/1601 507/13/1561 546/13/1602
f 507/13/1561 508/13/1562 546/13/1602
f 546/13/1602 508/13/1562 547/13/1603
f 508/13/1562 509/13/1563 547/13/1603
f 547/13/1603 509/13/1563 548/13/1604
f 509/13/1563 510/13/1564 548/13/1604
f 548/13/1604 510/13/1564 549/13/1605
f 510/13/1564 511/13/1565 549/13/1605
f 549/13/1605 511/13/1565 550/13/1606
f 511/13/1565 512/13/1566 550/13/1606
f 550/13/1606 512/13/1566 551/13/1607
f 512/13/1566 513/13/1567 551/13/1607
f 551/13/1607 513/13/1567 552/13/1608
f 513/13/1567 514/13/1568 552/13/1608
f 552/13/1608 514/13/1568 553/13/1609
f 514/13/1568 515/13/1569 553/13/1609
f 553/13/1609 515/13/1569 554/13/1610
f 515/13/1569 516/13/1570 554/13/1610
f 554/13/1610 516/13/1570 555/13/1611
f 516/13/1570 556/13/1612 555/13/1611
f 555/13/1611 556/13/1612 557/13/1613
f 1604/6/1587 1370/6/1374 1605/6/1592
f 557/13/1613 556/13/1612 558/13/1614
f 1380/6/1615 1370/6/1374 1604/6/1587
f 558/13/1614 556/13/1612 559/13/1616
f 556/13/1612 517/13/1571 559/13/1616
f 559/13/1616 517/13/1571 518/13/1572
f 1549/6/1617 1380/6/1615 1604/6/1587
f 1603/6/1586 1549/6/1617 1604/6/1587
f 1589/6/1618 1549/6/1617 1603/6/1586
f 1602/6/1554 1589/6/1618 1603/6/1586
f 556/13/1612 516/13/1570 517/13/1571
f 1590/6/1619 1589/6/1618 1602/6/1554
f 1591/6/1620 1590/6/1619 1602/6/1554
f 1601/6/1553 1591/6/1620 1602/6/1554
f 1600/6/1454 1591/6/1620 1601/6/1553
f 557/13/1613 560/13/1621 555/13/1611
f 560/13/1621 561/13/1622 555/13/1611
f 555/13/1611 561/13/1622 554/13/1610
f 561/13/1622 562/13/1623 554/13/1610
f 554/13/1610 562/13/1623 553/13/1609
f 562/13/1623 563/13/1624 553/13/1609
f 553/13/1609 563/13/1624 552/13/1608
f 563/13/1624 564/13/1625 552/13/1608
f 552/13/1608 564/13/1625 551/13/1607
f 564/13/1625 565/13/1626 551/13/1607
f 551/13/1607 565/13/1626 550/13/1606
f 565/13/1626 566/13/1627 550/13/1606
f 550/13/1606 566/13/1627 549/13/1605
f 566/13/1627 567/13/1628 549/13/1605
f 549/13/1605 567/13/1628 548/13/1604
f 567/13/1628 568/13/1629 548/13/1604
f 548/13/1604 568/13/1629 547/13/1603
f 568/13/1629 569/13/1630 547/13/1603
f 547/13/1603 569/13/1630 546/13/1602
f 569/13/1630 570/13/1631 546/13/1602
f 546/13/1602 570/13/1631 545/13/1601
f 570/13/1631 571/13/1632 545/13/1601
f 545/13/1601 571/13/1632 544/13/587
f 571/13/1632 572/13/1633 544/13/587
f 544/13/587 572/13/1633 543/13/1600
f 572/13/1633 573/13/1634 543/13/1600
f 543/13/1600 573/13/1634 542/13/1599
f 573/13/1634 574/13/1635 542/13/1599
f 542/13/1599 574/13/1635 541/13/1598
f 574/13/1635 575/13/1636 541/13/1598
f 541/13/1598 575/13/1636 540/13/1597
f 1592/6/1637 1591/6/1620 1600/6/1454
f 1599/6/1453 1592/6/1637 1600/6/1454
f 1593/6/1638 1592/6/1637 1599/6/1453
f 1598/6/1447 1593/6/1638 1599/6/1453
f 575/13/1636 574/13/1635 576/13/1639
f 576/13/1639 574/13/1635 577/13/1640
f 574/13/1635 573/13/1634 577/13/1640
f 577/13/1640 573/13/1634 578/13/1641
f 573/13/1634 572/13/1633 578/13/1641
f 578/13/1641 572/13/1633 579/13/1642
f 572/13/1633 571/13/1632 579/13/1642
f 579/13/1642 571/13/1632 580/13/1643
f 571/13/1632 570/13/1631 580/13/1643
f 580/13/1643 570/13/1631 581/13/1644
f 570/13/1631 569/13/1630 581/13/1644
f 581/13/1644 569/13/1630 582/13/1645
f 569/13/1630 568/13/1629 582/13/1645
f 582/13/1645 568/13/1629 583/13/1646
f 568/13/1629 567/13/1628 583/13/1646
f 583/13/1646 567/13/1628 584/13/1647
f 567/13/1628 566/13/1627 584/13/1647
f 584/13/1647 566/13/1627 585/13/1648
f 566/13/1627 565/13/1626 585/13/1648
f 585/13/1648 565/13/1626 586/13/1649
f 565/13/1626 564/13/1625 586/13/1649
f 586/13/1649 564/13/1625 587/13/1650
f 564/13/1625 563/13/1624 587/13/1650
f 587/13/1650 563/13/1624 588/13/1651
f 563/13/1624 562/13/1623 588/13/1651
f 588/13/1651 562/13/1623 589/13/1652
f 562/13/1623 561/13/1622 589/13/1652
f 589/13/1652 561/13/1622 590/13/1653
f 561/13/1622 560/13/1621 590/13/1653
f 590/13/1653 560/13/1621 591/13/1654
f 560/13/1621 592/13/1655 591/13/1654
f 591/13/1654 592/13/1655 593/13/1656
f 1594/6/1657 1593/6/1638 1598/6/1447
f 593/13/1656 592/13/1655 594/13/1658
f 1597/6/1446 1594/6/1657 1598/6/1447
f 594/13/1658 592/13/1655 595/13/1659
f 592/13/1655 557/13/1613 595/13/1659
f 595/13/1659 557/13/1613 558/13/1614
f 1595/6/1660 1594/6/1657 1597/6/1446
f 1596/6/1402 1595/6/1660 1597/6/1446
f 1540/6/671 1595/6/1660 1596/6/1402
f 1582/6/1661 1595/6/1660 1540/6/671
f 592/13/1655 560/13/1621 557/13/1613
f 1583/6/1662 1595/6/1660 1582/6/1661
f 1594/6/1657 1595/6/1660 1583/6/1662
f 1584/6/1663 1594/6/1657 1583/6/1662
f 1593/6/1638 1594/6/1657 1584/6/1663
f 593/13/1656 596/13/1664 591/13/1654
f 596/13/1664 597/13/1665 591/13/1654
f 591/13/1654 597/13/1665 590/13/1653
f 597/13/1665 598/13/1666 590/13/1653
f 590/13/1653 598/13/1666 589/13/1652
f 598/13/1666 599/13/1667 589/13/1652
f 589/13/1652 599/13/1667 588/13/1651
f 599/13/1667 600/13/1668 588/13/1651
f 588/13/1651 600/13/1668 587/13/1650
f 600/13/1668 601/13/1669 587/13/1650
f 587/13/1650 601/13/1669 586/13/1649
f 601/13/1669 602/13/1670 586/13/1649
f 586/13/1649 602/13/1670 585/13/1648
f 602/13/1670 603/13/1671 585/13/1648
f 585/13/1648 603/13/1671 584/13/1647
f 603/13/1671 604/13/1672 584/13/1647
f 584/13/1647 604/13/1672 583/13/1646
f 604/13/1672 605/13/1673 583/13/1646
f 583/13/1646 605/13/1673 582/13/1645
f 605/13/1673 606/13/1674 582/13/1645
f 582/13/1645 606/13/1674 581/13/1644
f 606/13/1674 607/13/1675 581/13/1644
f 581/13/1644 607/13/1675 580/13/1643
f 607/13/1675 608/13/1676 580/13/1643
f 580/13/1643 608/13/1676 579/13/1642
f 608/13/1676 609/13/1677 579/13/1642
f 579/13/1642 609/13/1677 578/13/1641
f 609/13/1677 610/13/1678 578/13/1641
f 578/13/1641 610/13/1678 577/13/1640
f 610/13/1678 611/13/1679 577/13/1640
f 577/13/1640 611/13/1679 576/13/1639
f 1585/6/1680 1593/6/1638 1584/6/1663
f 1592/6/1637 1593/6/1638 1585/6/1680
f 1586/6/1681 1592/6/1637 1585/6/1680
f 1591/6/1620 1592/6/1637 1586/6/1681
f 611/13/1679 610/13/1678 612/13/1682
f 612/13/1682 610/13/1678 613/13/1683
f 610/13/1678 609/13/1677 613/13/1683
f 613/13/1683 609/13/1677 614/13/1684
f 609/13/1677 608/13/1676 614/13/1684
f 614/13/1684 608/13/1676 615/13/1685
f 608/13/1676 607/13/1675 615/13/1685
f 615/13/1685 607/13/1675 616/13/1686
f 607/13/1675 606/13/1674 616/13/1686
f 616/13/1686 606/13/1674 617/13/1687
f 606/13/1674 605/13/1673 617/13/1687
f 617/13/1687 605/13/1673 618/13/1688
f 605/13/1673 604/13/1672 618/13/1688
f 618/13/1688 604/13/1672 619/13/1689
f 604/13/1672 603/13/1671 619/13/1689
f 619/13/1689 603/13/1671 620/13/1690
f 603/13/1671 602/13/1670 620/13/1690
f 620/13/1690 602/13/1670 621/13/1691
f 602/13/1670 601/13/1669 621/13/1691
f 621/13/1691 601/13/1669 622/13/1692
f 601/13/1669 600/13/1668 622/13/1692
f 622/13/1692 600/13/1668 623/13/1693
f 600/13/1668 599/13/1667 623/13/1693
f 1590/6/1619 1591/6/1620 1586/6/1681
f 1587/6/1694 1590/6/1619 1586/6/1681
f 1589/6/1618 1590/6/1619 1587/6/1694
f 1588/6/1695 1589/6/1618 1587/6/1694
f 614/13/1684 615/13/1685 613/13/1683
f 1549/6/1617 1589/6/1618 1588/6/1695
f 1553/6/1696 1549/6/1617 1588/6/1695
f 1587/6/1694 1553/6/1696 1588/6/1695
f 1577/6/1697 1553/6/1696 1587/6/1694
f 622/13/1692 623/13/1693 621/13/1691
f 1578/6/1698 1577/6/1697 1587/6/1694
f 623/13/1693 624/13/1699 621/13/1691
f 621/13/1691 624/13/1699 620/13/1690
f 624/13/1699 625/13/1700 620/13/1690
f 620/13/1690 625/13/1700 619/13/1689
f 625/13/1700 626/13/1701 619/13/1689
f 619/13/1689 626/13/1701 618/13/1688
f 626/13/1701 627/13/1702 618/13/1688
f 618/13/1688 627/13/1702 617/13/1687
f 627/13/1702 628/13/1703 617/13/1687
f 617/13/1687 628/13/1703 616/13/1686
f 628/13/1703 629/13/1704 616/13/1686
f 616/13/1686 629/13/1704 615/13/1685
f 1586/6/1681 1578/6/1698 1587/6/1694
f 615/13/1685 629/13/1704 613/13/1683
f 1585/6/1680 1578/6/1698 1586/6/1681
f 613/13/1683 629/13/1704 612/13/1682
f 1579/6/1705 1578/6/1698 1585/6/1680
f 612/13/1682 629/13/1704 630/13/1706
f 629/13/1704 628/13/1703 630/13/1706
f 630/13/1706 628/13/1703 631/13/1707
f 628/13/1703 627/13/1702 631/13/1707
f 631/13/1707 627/13/1702 632/13/1708
f 627/13/1702 626/13/1701 632/13/1708
f 632/13/1708 626/13/1701 633/13/1709
f 626/13/1701 625/13/1700 633/13/1709
f 633/13/1709 625/13/1700 634/13/1710
f 625/13/1700 624/13/1699 634/13/1710
f 634/13/1710 624/13/1699 635/13/1711
f 624/13/1699 623/13/1693 635/13/1711
f 1584/6/1663 1579/6/1705 1585/6/1680
f 623/13/1693 599/13/1667 635/13/1711
f 1580/6/1712 1579/6/1705 1584/6/1663
f 599/13/1667 598/13/1666 635/13/1711
f 635/13/1711 598/13/1666 636/13/1713
f 598/13/1666 597/13/1665 636/13/1713
f 1583/6/1662 1580/6/1712 1584/6/1663
f 1581/6/1714 1580/6/1712 1583/6/1662
f 1582/6/1661 1581/6/1714 1583/6/1662
f 1573/6/1715 1582/6/1661 1540/6/671
f 635/13/1711 636/13/1713 634/13/1710
f 636/13/1713 637/13/1716 634/13/1710
f 634/13/1710 637/13/1716 633/13/1709
f 637/13/1716 638/13/1717 633/13/1709
f 633/13/1709 638/13/1717 632/13/1708
f 638/13/1717 639/13/1718 632/13/1708
f 632/13/1708 639/13/1718 631/13/1707
f 639/13/1718 640/13/1719 631/13/1707
f 631/13/1707 640/13/1719 630/13/1706
f 640/13/1719 641/13/1720 630/13/1706
f 630/13/1706 641/13/1720 612/13/1682
f 1581/6/1714 1582/6/1661 1573/6/1715
f 612/13/1682 641/13/1720 611/13/1679
f 641/13/1720 642/13/1721 611/13/1679
f 611/13/1679 642/13/1721 576/13/1639
f 642/13/1721 643/13/1722 576/13/1639
f 576/13/1639 643/13/1722 575/13/1636
f 643/13/1722 644/13/1723 575/13/1636
f 575/13/1636 644/13/1723 540/13/1597
f 644/13/1723 645/13/1724 540/13/1597
f 540/13/1597 645/13/1724 539/13/1596
f 645/13/1724 646/13/1725 539/13/1596
f 539/13/1596 646/13/1725 538/13/1595
f 646/13/1725 647/13/1726 538/13/1595
f 538/13/1595 647/13/1726 537/13/1594
f 1574/6/1727 1581/6/1714 1573/6/1715
f 537/13/1594 647/13/1726 536/13/1593
f 647/13/1726 648/13/1728 536/13/1593
f 536/13/1593 648/13/1728 535/13/1591
f 1580/6/1712 1581/6/1714 1574/6/1727
f 1575/6/1729 1580/6/1712 1574/6/1727
f 1579/6/1705 1580/6/1712 1575/6/1729
f 1576/6/1730 1579/6/1705 1575/6/1729
f 648/13/1728 647/13/1726 649/13/1731
f 1578/6/1698 1579/6/1705 1576/6/1730
f 647/13/1726 646/13/1725 649/13/1731
f 649/13/1731 646/13/1725 650/13/1732
f 646/13/1725 645/13/1724 650/13/1732
f 650/13/1732 645/13/1724 651/13/1733
f 645/13/1724 644/13/1723 651/13/1733
f 651/13/1733 644/13/1723 652/13/1734
f 644/13/1723 643/13/1722 652/13/1734
f 652/13/1734 643/13/1722 653/13/1735
f 643/13/1722 642/13/1721 653/13/1735
f 653/13/1735 642/13/1721 654/13/1736
f 642/13/1721 641/13/1720 654/13/1736
f 1577/6/1697 1578/6/1698 1576/6/1730
f 641/13/1720 640/13/1719 654/13/1736
f 654/13/1736 640/13/1719 655/13/1737
f 640/13/1719 639/13/1718 655/13/1737
f 655/13/1737 639/13/1718 656/13/1738
f 639/13/1718 638/13/1717 656/13/1738
f 656/13/1738 638/13/1717 657/13/1739
f 638/13/1717 637/13/1716 657/13/1739
f 657/13/1739 637/13/1716 658/13/1740
f 637/13/1716 636/13/1713 658/13/1740
f 1554/6/1741 1553/6/1696 1577/6/1697
f 636/13/1713 597/13/1665 658/13/1740
f 1576/6/1730 1554/6/1741 1577/6/1697
f 597/13/1665 596/13/1664 658/13/1740
f 1558/6/1742 1554/6/1741 1576/6/1730
f 596/13/1664 659/13/1743 658/13/1740
f 658/13/1740 659/13/1743 657/13/1739
f 659/13/1743 660/13/1744 657/13/1739
f 657/13/1739 660/13/1744 656/13/1738
f 660/13/1744 661/13/1745 656/13/1738
f 656/13/1738 661/13/1745 655/13/1737
f 661/13/1745 662/13/1746 655/13/1737
f 655/13/1737 662/13/1746 654/13/1736
f 1575/6/1729 1558/6/1742 1576/6/1730
f 654/13/1736 662/13/1746 653/13/1735
f 662/13/1746 663/13/1747 653/13/1735
f 653/13/1735 663/13/1747 652/13/1734
f 663/13/1747 664/13/1748 652/13/1734
f 652/13/1734 664/13/1748 651/13/1733
f 664/13/1748 665/13/1749 651/13/1733
f 651/13/1733 665/13/1749 650/13/1732
f 665/13/1749 666/13/1750 650/13/1732
f 650/13/1732 666/13/1750 649/13/1731
f 666/13/1750 667/13/1751 649/13/1731
f 649/13/1731 667/13/1751 648/13/1728
f 667/13/1751 668/13/1752 648/13/1728
f 648/13/1728 668/13/1752 535/13/1591
f 668/13/1752 669/13/1753 535/13/1591
f 535/13/1591 669/13/1753 534/13/1590
f 669/13/1753 670/13/1754 534/13/1590
f 534/13/1590 670/13/1754 533/13/1589
f 670/13/1754 671/13/1755 533/13/1589
f 533/13/1589 671/13/1755 532/13/1588
f 671/13/1755 672/13/1756 532/13/1588
f 532/13/1588 672/13/1756 531/13/1585
f 1570/6/1757 1558/6/1742 1575/6/1729
f 1574/6/1727 1570/6/1757 1575/6/1729
f 1573/6/1715 1570/6/1757 1574/6/1727
f 1572/6/1758 1570/6/1757 1573/6/1715
f 672/13/1756 671/13/1755 673/13/1759
f 673/13/1759 671/13/1755 674/13/1760
f 671/13/1755 670/13/1754 674/13/1760
f 674/13/1760 670/13/1754 675/13/1761
f 670/13/1754 669/13/1753 675/13/1761
f 675/13/1761 669/13/1753 676/13/1762
f 669/13/1753 668/13/1752 676/13/1762
f 676/13/1762 668/13/1752 677/13/1763
f 668/13/1752 667/13/1751 677/13/1763
f 677/13/1763 667/13/1751 678/13/1764
f 667/13/1751 666/13/1750 678/13/1764
f 678/13/1764 666/13/1750 679/13/1765
f 666/13/1750 665/13/1749 679/13/1765
f 679/13/1765 665/13/1749 680/13/1766
f 665/13/1749 664/13/1748 680/13/1766
f 680/13/1766 664/13/1748 681/13/1767
f 664/13/1748 663/13/1747 681/13/1767
f 681/13/1767 663/13/1747 682/13/1768
f 663/13/1747 662/13/1746 682/13/1768
f 1540/6/671 1572/6/1758 1573/6/1715
f 662/13/1746 661/13/1745 682/13/1768
f 682/13/1768 661/13/1745 683/13/1769
f 661/13/1745 660/13/1744 683/13/1769
f 683/13/1769 660/13/1744 684/13/1770
f 660/13/1744 659/13/1743 684/13/1770
f 684/13/1770 659/13/1743 685/13/1771
f 659/13/1743 596/13/1664 685/13/1771
f 1569/6/1772 1572/6/1758 1540/6/671
f 596/13/1664 593/13/1656 685/13/1771
f 685/13/1771 593/13/1656 686/13/1773
f 593/13/1656 594/13/1658 686/13/1773
f 1570/6/1757 1572/6/1758 1569/6/1772
f 1537/6/1774 1540/6/671 1571/6/675
f 1538/6/673 1537/6/1774 1571/6/675
f 1559/6/1775 1558/6/1742 1570/6/1757
f 686/13/1773 687/13/1776 685/13/1771
f 1569/6/1772 1559/6/1775 1570/6/1757
f 685/13/1771 687/13/1776 684/13/1770
f 687/13/1776 688/13/1777 684/13/1770
f 684/13/1770 688/13/1777 683/13/1769
f 688/13/1777 689/13/1778 683/13/1769
f 683/13/1769 689/13/1778 682/13/1768
f 1560/6/1779 1559/6/1775 1569/6/1772
f 682/13/1768 689/13/1778 681/13/1767
f 689/13/1778 690/13/1780 681/13/1767
f 681/13/1767 690/13/1780 680/13/1766
f 1568/6/1781 1560/6/1779 1569/6/1772
f 1540/6/671 1568/6/1781 1569/6/1772
f 1566/6/1782 1568/6/1781 1540/6/671
f 1560/6/1779 1568/6/1781 1566/6/1782
f 690/13/1780 689/13/1778 691/13/1783
f 1567/6/1784 1560/6/1779 1566/6/1782
f 689/13/1778 688/13/1777 691/13/1783
f 691/13/1783 688/13/1777 692/13/1785
f 688/13/1777 687/13/1776 692/13/1785
f 692/13/1785 687/13/1776 693/13/1786
f 687/13/1776 686/13/1773 693/13/1786
f 693/13/1786 686/13/1773 694/13/1787
f 686/13/1773 594/13/1658 694/13/1787
f 694/13/1787 594/13/1658 695/13/1788
f 594/13/1658 595/13/1659 695/13/1788
f 695/13/1788 595/13/1659 696/13/1789
f 595/13/1659 558/13/1614 696/13/1789
f 696/13/1789 558/13/1614 697/13/1790
f 558/13/1614 559/13/1616 697/13/1790
f 697/13/1790 559/13/1616 698/13/1791
f 559/13/1616 518/13/1572 698/13/1791
f 698/13/1791 518/13/1572 699/13/1792
f 518/13/1572 519/13/1573 699/13/1792
f 699/13/1792 519/13/1573 700/13/1793
f 519/13/1573 520/13/1574 700/13/1793
f 700/13/1793 520/13/1574 701/13/1794
f 520/13/1574 521/13/1575 701/13/1794
f 701/13/1794 521/13/1575 702/13/1795
f 521/13/1575 522/13/1576 702/13/1795
f 702/13/1795 522/13/1576 703/13/1796
f 522/13/1576 523/13/1577 703/13/1796
f 703/13/1796 523/13/1577 704/13/1797
f 523/13/1577 524/13/1578 704/13/1797
f 704/13/1797 524/13/1578 705/13/1798
f 524/13/1578 525/13/1579 705/13/1798
f 705/13/1798 525/13/1579 706/13/1799
f 525/13/1579 526/13/1580 706/13/1799
f 706/13/1799 526/13/1580 707/13/1800
f 526/13/1580 527/13/1581 707/13/1800
f 707/13/1800 527/13/1581 708/13/1801
f 527/13/1581 528/13/1582 708/13/1801
f 708/13/1801 528/13/1582 709/13/1802
f 528/13/1582 529/13/1583 709/13/1802
f 709/13/1802 529/13/1583 710/13/1803
f 529/13/1583 530/13/1584 710/13/1803
f 710/13/1803 530/13/1584 711/13/1804
f 530/13/1584 531/13/1585 711/13/1804
f 711/13/1804 531/13/1585 712/13/1805
f 531/13/1585 672/13/1756 712/13/1805
f 712/13/1805 672/13/1756 713/13/1806
f 672/13/1756 673/13/1759 713/13/1806
f 713/13/1806 673/13/1759 714/13/1807
f 1546/6/1808 1563/6/1809 1544/6/1810
f 714/13/1807 673/13/1759 715/13/1811
f 673/13/1759 674/13/1760 715/13/1811
f 715/13/1811 674/13/1760 716/13/1812
f 674/13/1760 675/13/1761 716/13/1812
f 716/13/1812 675/13/1761 717/13/1813
f 675/13/1761 676/13/1762 717/13/1813
f 717/13/1813 676/13/1762 718/13/1814
f 676/13/1762 677/13/1763 718/13/1814
f 718/13/1814 677/13/1763 719/13/1815
f 677/13/1763 678/13/1764 719/13/1815
f 719/13/1815 678/13/1764 720/13/1816
f 678/13/1764 679/13/1765 720/13/1816
f 720/13/1816 679/13/1765 721/13/1817
f 679/13/1765 680/13/1766 721/13/1817
f 1549/6/1617 1550/6/1818 1548/6/1819
f 680/13/1766 690/13/1780 721/13/1817
f 721/13/1817 690/13/1780 722/13/1820
f 690/13/1780 691/13/1783 722/13/1820
f 1562/6/1821 1561/6/1822 1560/6/1779
f 691/13/1783 692/13/1785 722/13/1820
f 722/13/1820 692/13/1785 723/13/1823
f 692/13/1785 693/13/1786 723/13/1823
f 723/13/1823 693/13/1786 724/13/1824
f 693/13/1786 694/13/1787 724/13/1824
f 724/13/1824 694/13/1787 725/13/1825
f 694/13/1787 695/13/1788 725/13/1825
f 725/13/1825 695/13/1788 726/13/1826
f 695/13/1788 696/13/1789 726/13/1826
f 726/13/1826 696/13/1789 727/13/1827
f 696/13/1789 697/13/1790 727/13/1827
f 727/13/1827 697/13/1790 728/13/1828
f 697/13/1790 698/13/1791 728/13/1828
f 728/13/1828 698/13/1791 729/13/1829
f 698/13/1791 699/13/1792 729/13/1829
f 1567/6/1784 1562/6/1821 1560/6/1779
f 699/13/1792 700/13/1793 729/13/1829
f 729/13/1829 700/13/1793 730/13/1830
f 700/13/1793 701/13/1794 730/13/1830
f 1564/6/1831 1562/6/1821 1567/6/1784
f 1566/6/1782 1564/6/1831 1567/6/1784
f 1565/6/1832 1564/6/1831 1566/6/1782
f 1540/6/671 1565/6/1832 1566/6/1782
f 708/13/1801 706/13/1799 707/13/1800
f 1542/6/1833 1565/6/1832 1540/6/671
f 1564/6/1831 1565/6/1832 1542/6/1833
f 1543/6/1834 1564/6/1831 1542/6/1833
f 1544/6/1810 1564/6/1831 1543/6/1834
f 730/13/1830 731/13/1835 729/13/1829
f 729/13/1829 731/13/1835 728/13/1828
f 731/13/1835 732/13/1836 728/13/1828
f 728/13/1828 732/13/1836 727/13/1827
f 732/13/1836 733/13/1837 727/13/1827
f 727/13/1827 733/13/1837 726/13/1826
f 733/13/1837 734/13/1838 726/13/1826
f 726/13/1826 734/13/1838 725/13/1825
f 734/13/1838 735/13/1839 725/13/1825
f 725/13/1825 735/13/1839 724/13/1824
f 735/13/1839 736/13/1840 724/13/1824
f 724/13/1824 736/13/1840 723/13/1823
f 736/13/1840 737/13/1841 723/13/1823
f 723/13/1823 737/13/1841 722/13/1820
f 1563/6/1809 1564/6/1831 1544/6/1810
f 722/13/1820 737/13/1841 721/13/1817
f 1562/6/1821 1564/6/1831 1563/6/1809
f 721/13/1817 737/13/1841 720/13/1816
f 737/13/1841 738/13/1842 720/13/1816
f 720/13/1816 738/13/1842 719/13/1815
f 1546/6/1808 1562/6/1821 1563/6/1809
f 1561/6/1822 1562/6/1821 1546/6/1808
f 1556/6/1843 1561/6/1822 1546/6/1808
f 1560/6/1779 1561/6/1822 1556/6/1843
f 737/13/1841 736/13/1840 738/13/1842
f 738/13/1842 736/13/1840 739/13/1844
f 736/13/1840 735/13/1839 739/13/1844
f 739/13/1844 735/13/1839 740/13/1845
f 735/13/1839 734/13/1838 740/13/1845
f 740/13/1845 734/13/1838 741/13/1846
f 734/13/1838 733/13/1837 741/13/1846
f 741/13/1846 733/13/1837 742/13/1847
f 733/13/1837 732/13/1836 742/13/1847
f 742/13/1847 732/13/1836 743/13/1848
f 732/13/1836 731/13/1835 743/13/1848
f 743/13/1848 731/13/1835 744/13/1849
f 731/13/1835 730/13/1830 744/13/1849
f 744/13/1849 730/13/1830 745/13/1850
f 730/13/1830 701/13/1794 745/13/1850
f 1557/6/1851 1560/6/1779 1556/6/1843
f 701/13/1794 702/13/1795 745/13/1850
f 745/13/1850 702/13/1795 746/13/1852
f 702/13/1795 703/13/1796 746/13/1852
f 1559/6/1775 1560/6/1779 1557/6/1851
f 1558/6/1742 1559/6/1775 1557/6/1851
f 1554/6/1741 1558/6/1742 1557/6/1851
f 1556/6/1843 1554/6/1741 1557/6/1851
f 746/13/1852 747/13/1853 745/13/1850
f 1555/6/1854 1554/6/1741 1556/6/1843
f 745/13/1850 747/13/1853 744/13/1849
f 747/13/1853 748/13/1855 744/13/1849
f 744/13/1849 748/13/1855 743/13/1848
f 748/13/1855 749/13/1856 743/13/1848
f 743/13/1848 749/13/1856 742/13/1847
f 749/13/1856 750/13/1857 742/13/1847
f 742/13/1847 750/13/1857 741/13/1846
f 750/13/1857 751/13/1858 741/13/1846
f 741/13/1846 751/13/1858 740/13/1845
f 751/13/1858 752/13/1859 740/13/1845
f 740/13/1845 752/13/1859 739/13/1844
f 752/13/1859 753/13/1860 739/13/1844
f 739/13/1844 753/13/1860 738/13/1842
f 1546/6/1808 1555/6/1854 1556/6/1843
f 738/13/1842 753/13/1860 719/13/1815
f 1551/6/1861 1555/6/1854 1546/6/1808
f 719/13/1815 753/13/1860 718/13/1814
f 753/13/1860 754/13/1862 718/13/1814
f 718/13/1814 754/13/1862 717/13/1813
f 1554/6/1741 1555/6/1854 1551/6/1861
f 1552/6/1863 1554/6/1741 1551/6/1861
f 1553/6/1696 1554/6/1741 1552/6/1863
f 1549/6/1617 1553/6/1696 1552/6/1863
f 753/13/1860 752/13/1859 754/13/1862
f 754/13/1862 752/13/1859 755/13/1864
f 752/13/1859 751/13/1858 755/13/1864
f 755/13/1864 751/13/1858 756/13/1865
f 751/13/1858 750/13/1857 756/13/1865
f 756/13/1865 750/13/1857 757/13/1866
f 750/13/1857 749/13/1856 757/13/1866
f 757/13/1866 749/13/1856 758/13/1867
f 749/13/1856 748/13/1855 758/13/1867
f 758/13/1867 748/13/1855 759/13/1868
f 748/13/1855 747/13/1853 759/13/1868
f 759/13/1868 747/13/1853 760/13/1869
f 747/13/1853 746/13/1852 760/13/1869
f 760/13/1869 746/13/1852 761/13/1870
f 746/13/1852 703/13/1796 761/13/1870
f 1551/6/1861 1549/6/1617 1552/6/1863
f 703/13/1796 704/13/1797 761/13/1870
f 761/13/1870 704/13/1797 762/13/1871
f 704/13/1797 705/13/1798 762/13/1871
f 1550/6/1818 1549/6/1617 1551/6/1861
f 1546/6/1808 1550/6/1818 1551/6/1861
f 1548/6/1819 1550/6/1818 1546/6/1808
f 1547/6/1872 1548/6/1819 1546/6/1808
f 762/13/1871 763/13/1873 761/13/1870
f 1392/6/1874 1391/6/1875 1545/6/1876
f 761/13/1870 763/13/1873 760/13/1869
f 763/13/1873 764/13/1877 760/13/1869
f 760/13/1869 764/13/1877 759/13/1868
f 764/13/1877 765/13/1878 759/13/1868
f 759/13/1868 765/13/1878 758/13/1867
f 765/13/1878 766/13/1879 758/13/1867
f 758/13/1867 766/13/1879 757/13/1866
f 766/13/1879 767/13/1880 757/13/1866
f 757/13/1866 767/13/1880 756/13/1865
f 767/13/1880 768/13/1881 756/13/1865
f 756/13/1865 768/13/1881 755/13/1864
f 768/13/1881 769/13/1882 755/13/1864
f 755/13/1864 769/13/1882 754/13/1862
f 1540/6/671 1541/6/1883 1542/6/1833
f 754/13/1862 769/13/1882 717/13/1813
f 1381/6/1884 1380/6/1615 1549/6/1617
f 717/13/1813 769/13/1882 716/13/1812
f 769/13/1882 770/13/1885 716/13/1812
f 716/13/1812 770/13/1885 715/13/1811
f 770/13/1885 771/13/1886 715/13/1811
f 715/13/1811 771/13/1886 714/13/1807
f 771/13/1886 772/13/1887 714/13/1807
f 714/13/1807 772/13/1887 773/13/1888
f 772/13/1887 767/13/1880 773/13/1888
f 1548/6/1819 1381/6/1884 1549/6/1617
f 767/13/1880 766/13/1879 773/13/1888
f 1374/6/1889 1381/6/1884 1548/6/1819
f 766/13/1879 774/13/1890 773/13/1888
f 773/13/1888 774/13/1890 713/13/1806
f 1547/6/1872 1374/6/1889 1548/6/1819
f 713/13/1806 774/13/1890 712/13/1805
f 774/13/1890 775/13/1891 712/13/1805
f 712/13/1805 775/13/1891 711/13/1804
f 1391/6/1875 1374/6/1889 1547/6/1872
f 1546/6/1808 1391/6/1875 1547/6/1872
f 1545/6/1876 1391/6/1875 1546/6/1808
f 1544/6/1810 1545/6/1876 1546/6/1808
f 769/13/1882 768/13/1881 770/13/1885
f 770/13/1885 768/13/1881 772/13/1887
f 768/13/1881 767/13/1880 772/13/1887
f 1392/6/1874 1545/6/1876 1544/6/1810
f 1543/6/1834 1392/6/1874 1544/6/1810
f 1542/6/1833 1392/6/1874 1543/6/1834
f 1541/6/1883 1392/6/1874 1542/6/1833
f 770/13/1885 772/13/1887 771/13/1886
f 1534/6/1892 1392/6/1874 1541/6/1883
f 1540/6/671 1534/6/1892 1541/6/1883
f 1535/6/1893 1534/6/1892 1540/6/671
f 1537/6/1774 1535/6/1893 1540/6/671
f 714/13/1807 773/13/1888 713/13/1806
f 1536/6/1894 1535/6/1893 1537/6/1774
f 1532/6/1895 1530/6/1896 1531/6/1897
f 1398/6/1898 1529/6/1899 1505/6/1900
f 1521/6/380 1523/6/1901 1524/6/388
f 766/13/1879 765/13/1878 774/13/1890
f 1539/6/386 1526/6/385 1527/6/1902
f 774/13/1890 765/13/1878 775/13/1891
f 765/13/1878 764/13/1877 775/13/1891
f 775/13/1891 764/13/1877 776/13/1903
f 764/13/1877 763/13/1873 776/13/1903
f 1528/6/1904 1539/6/386 1527/6/1902
f 763/13/1873 777/13/1905 776/13/1903
f 776/13/1903 777/13/1905 710/13/1803
f 1538/6/673 1539/6/386 1528/6/1904
f 710/13/1803 777/13/1905 709/13/1802
f 777/13/1905 778/13/1906 709/13/1802
f 709/13/1802 778/13/1906 708/13/1801
f 1537/6/1774 1538/6/673 1528/6/1904
f 708/13/1801 778/13/1906 706/13/1799
f 1536/6/1894 1537/6/1774 1528/6/1904
f 706/13/1799 778/13/1906 705/13/1798
f 1530/6/1896 1536/6/1894 1528/6/1904
f 705/13/1798 778/13/1906 762/13/1871
f 778/13/1906 777/13/1905 762/13/1871
f 762/13/1871 777/13/1905 763/13/1873
f 1532/6/1895 1536/6/1894 1530/6/1896
f 1535/6/1893 1536/6/1894 1532/6/1895
f 1534/6/1892 1535/6/1893 1532/6/1895
f 1533/6/1907 1534/6/1892 1532/6/1895
f 775/13/1891 776/13/1903 711/13/1804
f 711/13/1804 776/13/1903 710/13/1803
f 1392/6/1874 1534/6/1892 1533/6/1907
f 1394/6/1908 1392/6/1874 1533/6/1907
f 1532/6/1895 1394/6/1908 1533/6/1907
f 1395/6/1909 1394/6/1908 1532/6/1895
f 779/14/1910 781/14/1911 780/14/1912
f 780/14/1912 781/14/1911 782/14/1913
f 1396/6/1914 1395/6/1909 1532/6/1895
f 782/14/1913 781/14/1911 783/14/1915
f 1531/6/1897 1396/6/1914 1532/6/1895
f 783/14/1915 781/14/1911 784/14/1916
f 781/14/1911 785/14/1917 784/14/1916
f 784/14/1916 785/14/1917 786/14/1918
f 1398/6/1898 1396/6/1914 1531/6/1897
f 786/14/1918 785/14/1917 787/14/1919
f 1530/6/1896 1398/6/1898 1531/6/1897
f 787/14/1919 785/14/1917 788/14/1920
f 785/14/1917 779/14/1910 788/14/1920
f 788/14/1920 779/14/1910 789/14/1921
f 779/14/1910 780/14/1912 789/14/1921
f 789/14/1921 780/14/1912 790/14/1922
f 1529/6/1899 1398/6/1898 1530/6/1896
f 790/14/1922 780/14/1912 791/14/1923
f 780/14/1912 782/14/1913 791/14/1923
f 791/14/1923 782/14/1913 792/14/1924
f 1528/6/1904 1529/6/1899 1530/6/1896
f 792/14/1924 782/14/1913 793/14/1925
f 782/14/1913 783/14/1915 793/14/1925
f 793/14/1925 783/14/1915 794/14/1926
f 1505/6/1900 1529/6/1899 1528/6/1904
f 794/14/1926 783/14/1915 795/14/1927
f 783/14/1915 784/14/1916 795/14/1927
f 795/14/1927 784/14/1916 796/14/1928
f 784/14/1916 786/14/1918 796/14/1928
f 796/14/1928 786/14/1918 797/14/1929
f 1527/6/1902 1505/6/1900 1528/6/1904
f 797/14/1929 786/14/1918 798/14/1930
f 786/14/1918 787/14/1919 798/14/1930
f 798/14/1930 787/14/1919 799/14/1931
f 1506/6/1932 1505/6/1900 1527/6/1902
f 799/14/1931 787/14/1919 800/14/1933
f 787/14/1919 788/14/1920 800/14/1933
f 800/14/1933 788/14/1920 801/14/1934
f 788/14/1920 789/14/1921 801/14/1934
f 801/14/1934 789/14/1921 802/14/1935
f 789/14/1921 790/14/1922 802/14/1935
f 802/14/1935 790/14/1922 803/14/1936
f 1526/6/385 1506/6/1932 1527/6/1902
f 803/14/1936 790/14/1922 804/14/1937
f 790/14/1922 791/14/1923 804/14/1937
f 804/14/1937 791/14/1923 805/14/1938
f 1507/6/1939 1506/6/1932 1526/6/385
f 805/14/1938 791/14/1923 806/14/1940
f 791/14/1923 792/14/1924 806/14/1940
f 806/14/1940 792/14/1924 807/14/1941
f 1525/6/387 1507/6/1939 1526/6/385
f 807/14/1941 792/14/1924 808/14/1942
f 792/14/1924 793/14/1925 808/14/1942
f 808/14/1942 793/14/1925 809/14/1943
f 793/14/1925 794/14/1926 809/14/1943
f 809/14/1943 794/14/1926 810/14/1944
f 1508/6/1945 1507/6/1939 1525/6/387
f 810/14/1944 794/14/1926 811/14/1946
f 794/14/1926 795/14/1927 811/14/1946
f 811/14/1946 795/14/1927 812/14/1947
f 795/14/1927 796/14/1928 812/14/1947
f 812/14/1947 796/14/1928 813/14/1948
f 796/14/1928 797/14/1929 813/14/1948
f 813/14/1948 797/14/1929 814/14/1949
f 1524/6/388 1508/6/1945 1525/6/387
f 814/14/1949 797/14/1929 815/14/1950
f 797/14/1929 798/14/1930 815/14/1950
f 815/14/1950 798/14/1930 816/14/1951
f 798/14/1930 799/14/1931 816/14/1951
f 1523/6/1901 1508/6/1945 1524/6/388
f 1520/6/1952 1508/6/1945 1523/6/1901
f 1521/6/380 1520/6/1952 1523/6/1901
f 1516/6/706 1517/6/1953 1518/6/705
f 779/14/1910 785/14/1917 781/14/1911
f 1522/6/1954 1512/6/1955 1510/6/1956
f 1520/6/1952 1512/6/1955 1522/6/1954
f 1508/6/1945 1520/6/1952 1522/6/1954
f 1510/6/1956 1508/6/1945 1522/6/1954
f 812/14/1947 813/14/1948 811/14/1946
f 811/14/1946 813/14/1948 817/14/1957
f 813/14/1948 814/14/1949 817/14/1957
f 817/14/1957 814/14/1949 818/14/1958
f 1509/6/1959 1508/6/1945 1510/6/1956
f 818/14/1958 814/14/1949 819/14/1960
f 814/14/1949 815/14/1950 819/14/1960
f 819/14/1960 815/14/1950 820/14/1961
f 815/14/1950 816/14/1951 820/14/1961
f 1519/6/1962 1521/6/380 1518/6/705
f 1520/6/1952 1521/6/380 1519/6/1962
f 1512/6/1955 1520/6/1952 1519/6/1962
f 1518/6/705 1512/6/1955 1519/6/1962
f 811/14/1946 817/14/1957 810/14/1944
f 817/14/1957 821/14/1963 810/14/1944
f 1517/6/1953 1512/6/1955 1518/6/705
f 821/14/1963 822/14/1964 810/14/1944
f 810/14/1944 822/14/1964 809/14/1943
f 822/14/1964 823/14/1965 809/14/1943
f 809/14/1943 823/14/1965 808/14/1942
f 823/14/1965 824/14/1966 808/14/1942
f 808/14/1942 824/14/1966 807/14/1941
f 824/14/1966 825/14/1967 807/14/1941
f 807/14/1941 825/14/1967 826/14/1968
f 825/14/1967 827/14/1969 826/14/1968
f 826/14/1968 827/14/1969 828/14/1970
f 827/14/1969 829/14/1971 828/14/1970
f 1513/6/1972 1512/6/1955 1517/6/1953
f 829/14/1971 830/14/1973 828/14/1970
f 828/14/1970 830/14/1973 805/14/1938
f 830/14/1973 831/14/1974 805/14/1938
f 805/14/1938 831/14/1974 804/14/1937
f 831/14/1974 832/14/1975 804/14/1937
f 804/14/1937 832/14/1975 803/14/1936
f 1516/6/706 1513/6/1972 1517/6/1953
f 803/14/1936 832/14/1975 833/14/1976
f 832/14/1975 831/14/1974 833/14/1976
f 833/14/1976 831/14/1974 834/14/1977
f 831/14/1974 830/14/1973 834/14/1977
f 834/14/1977 830/14/1973 835/14/1978
f 830/14/1973 829/14/1971 835/14/1978
f 835/14/1978 829/14/1971 836/14/1979
f 1514/6/1980 1513/6/1972 1516/6/706
f 836/14/1979 829/14/1971 837/14/1981
f 829/14/1971 827/14/1969 837/14/1981
f 837/14/1981 827/14/1969 838/14/1982
f 827/14/1969 825/14/1967 838/14/1982
f 838/14/1982 825/14/1967 839/14/1983
f 825/14/1967 824/14/1966 839/14/1983
f 839/14/1983 824/14/1966 840/14/1984
f 824/14/1966 823/14/1965 840/14/1984
f 840/14/1984 823/14/1965 841/14/1985
f 823/14/1965 822/14/1964 841/14/1985
f 841/14/1985 822/14/1964 842/14/1986
f 822/14/1964 821/14/1963 842/14/1986
f 842/14/1986 821/14/1963 843/14/1987
f 821/14/1963 818/14/1958 843/14/1987
f 843/14/1987 818/14/1958 844/14/1988
f 818/14/1958 819/14/1960 844/14/1988
f 844/14/1988 819/14/1960 845/14/1989
f 819/14/1960 820/14/1961 845/14/1989
f 1515/6/726 1514/6/1980 1516/6/706
f 1496/6/721 1514/6/1980 1515/6/726
f 1513/6/1972 1514/6/1980 1496/6/721
f 1511/6/1990 1513/6/1972 1496/6/721
f 821/14/1963 817/14/1957 818/14/1958
f 1512/6/1955 1513/6/1972 1511/6/1990
f 1510/6/1956 1512/6/1955 1511/6/1990
f 1496/6/721 1510/6/1956 1511/6/1990
f 1509/6/1959 1510/6/1956 1496/6/721
f 807/14/1941 826/14/1968 806/14/1940
f 1500/6/1991 1509/6/1959 1496/6/721
f 826/14/1968 828/14/1970 806/14/1940
f 806/14/1940 828/14/1970 805/14/1938
f 1508/6/1945 1509/6/1959 1500/6/1991
f 1501/6/1992 1508/6/1945 1500/6/1991
f 1502/6/1993 1508/6/1945 1501/6/1992
f 1507/6/1939 1508/6/1945 1502/6/1993
f 845/14/1989 846/14/1994 844/14/1988
f 1503/6/1995 1507/6/1939 1502/6/1993
f 846/14/1994 847/14/1996 844/14/1988
f 844/14/1988 847/14/1996 843/14/1987
f 847/14/1996 848/14/1997 843/14/1987
f 843/14/1987 848/14/1997 842/14/1986
f 848/14/1997 849/14/1998 842/14/1986
f 842/14/1986 849/14/1998 841/14/1985
f 849/14/1998 850/14/1999 841/14/1985
f 841/14/1985 850/14/1999 840/14/1984
f 850/14/1999 851/14/2000 840/14/1984
f 840/14/1984 851/14/2000 839/14/1983
f 851/14/2000 852/14/2001 839/14/1983
f 839/14/1983 852/14/2001 838/14/1982
f 852/14/2001 853/14/2002 838/14/1982
f 838/14/1982 853/14/2002 837/14/1981
f 853/14/2002 854/14/2003 837/14/1981
f 1506/6/1932 1507/6/1939 1503/6/1995
f 854/14/2003 855/14/2004 837/14/1981
f 837/14/1981 855/14/2004 836/14/1979
f 855/14/2004 856/14/2005 836/14/1979
f 836/14/1979 856/14/2005 857/14/2006
f 856/14/2005 858/14/2007 857/14/2006
f 857/14/2006 858/14/2007 835/14/1978
f 1504/6/2008 1506/6/1932 1503/6/1995
f 835/14/1978 858/14/2007 834/14/1977
f 858/14/2007 859/14/2009 834/14/1977
f 834/14/1977 859/14/2009 833/14/1976
f 1505/6/1900 1506/6/1932 1504/6/2008
f 1398/6/1898 1505/6/1900 1504/6/2008
f 1430/6/2010 1398/6/1898 1504/6/2008
f 1503/6/1995 1430/6/2010 1504/6/2008
f 836/14/1979 857/14/2006 835/14/1978
f 1472/6/2011 1430/6/2010 1503/6/1995
f 1502/6/1993 1472/6/2011 1503/6/1995
f 1473/6/2012 1472/6/2011 1502/6/1993
f 1501/6/1992 1473/6/2012 1502/6/1993
f 859/14/2009 858/14/2007 860/14/2013
f 858/14/2007 856/14/2005 860/14/2013
f 860/14/2013 856/14/2005 861/14/2014
f 856/14/2005 855/14/2004 861/14/2014
f 861/14/2014 855/14/2004 862/14/2015
f 855/14/2004 854/14/2003 862/14/2015
f 862/14/2015 854/14/2003 863/14/2016
f 1485/6/2017 1473/6/2012 1501/6/1992
f 863/14/2016 854/14/2003 864/14/2018
f 854/14/2003 853/14/2002 864/14/2018
f 864/14/2018 853/14/2002 865/14/2019
f 853/14/2002 852/14/2001 865/14/2019
f 865/14/2019 852/14/2001 866/14/2020
f 852/14/2001 851/14/2000 866/14/2020
f 866/14/2020 851/14/2000 867/14/2021
f 851/14/2000 850/14/1999 867/14/2021
f 867/14/2021 850/14/1999 868/14/2022
f 850/14/1999 849/14/1998 868/14/2022
f 868/14/2022 849/14/1998 869/14/2023
f 849/14/1998 848/14/1997 869/14/2023
f 869/14/2023 848/14/1997 870/14/2024
f 848/14/1997 847/14/1996 870/14/2024
f 870/14/2024 847/14/1996 871/14/2025
f 847/14/1996 846/14/1994 871/14/2025
f 871/14/2025 846/14/1994 872/14/2026
f 1500/6/1991 1485/6/2017 1501/6/1992
f 872/14/2026 846/14/1994 873/14/2027
f 846/14/1994 845/14/1989 873/14/2027
f 873/14/2027 845/14/1989 874/14/2028
f 845/14/1989 820/14/1961 874/14/2028
f 874/14/2028 820/14/1961 875/14/2029
f 820/14/1961 816/14/1951 875/14/2029
f 875/14/2029 816/14/1951 876/14/2030
f 816/14/1951 799/14/1931 876/14/2030
f 876/14/2030 799/14/1931 877/14/2031
f 799/14/1931 800/14/1933 877/14/2031
f 1499/6/2032 1485/6/2017 1500/6/1991
f 1496/6/721 1499/6/2032 1500/6/1991
f 1494/6/2033 1499/6/2032 1496/6/721
f 1485/6/2017 1499/6/2032 1494/6/2033
f 877/14/2031 878/14/2034 876/14/2030
f 878/14/2034 879/14/2035 876/14/2030
f 876/14/2030 879/14/2035 875/14/2029
f 879/14/2035 880/14/2036 875/14/2029
f 875/14/2029 880/14/2036 874/14/2028
f 880/14/2036 881/14/2037 874/14/2028
f 874/14/2028 881/14/2037 873/14/2027
f 881/14/2037 882/14/2038 873/14/2027
f 873/14/2027 882/14/2038 872/14/2026
f 882/14/2038 883/14/2039 872/14/2026
f 1492/6/2040 1485/6/2017 1494/6/2033
f 883/14/2039 884/14/2041 872/14/2026
f 872/14/2026 884/14/2041 871/14/2025
f 884/14/2041 885/14/2042 871/14/2025
f 871/14/2025 885/14/2042 870/14/2024
f 885/14/2042 886/14/2043 870/14/2024
f 870/14/2024 886/14/2043 869/14/2023
f 886/14/2043 887/14/2044 869/14/2023
f 869/14/2023 887/14/2044 868/14/2022
f 887/14/2044 888/14/2045 868/14/2022
f 868/14/2022 888/14/2045 867/14/2021
f 888/14/2045 889/14/2046 867/14/2021
f 867/14/2021 889/14/2046 866/14/2020
f 889/14/2046 890/14/516 866/14/2020
f 866/14/2020 890/14/516 865/14/2019
f 890/14/516 891/14/2047 865/14/2019
f 865/14/2019 891/14/2047 864/14/2018
f 891/14/2047 892/14/2048 864/14/2018
f 864/14/2018 892/14/2048 863/14/2016
f 892/14/2048 893/14/2049 863/14/2016
f 863/14/2016 893/14/2049 862/14/2015
f 893/14/2049 894/14/2050 862/14/2015
f 862/14/2015 894/14/2050 861/14/2014
f 894/14/2050 895/14/2051 861/14/2014
f 861/14/2014 895/14/2051 860/14/2013
f 895/14/2051 896/14/2052 860/14/2013
f 860/14/2013 896/14/2052 859/14/2009
f 1491/6/2053 1493/6/742 1498/6/743
f 859/14/2009 896/14/2052 897/14/2054
f 896/14/2052 898/14/2055 897/14/2054
f 897/14/2054 898/14/2055 899/14/2056
f 1489/6/739 1491/6/2053 1498/6/743
f 899/14/2056 898/14/2055 900/14/2057
f 898/14/2055 901/14/2058 900/14/2057
f 900/14/2057 901/14/2058 902/14/2059
f 901/14/2058 894/14/2050 902/14/2059
f 1490/6/2060 1491/6/2053 1489/6/739
f 894/14/2050 893/14/2049 902/14/2059
f 902/14/2059 893/14/2049 903/14/2061
f 893/14/2049 892/14/2048 903/14/2061
f 903/14/2061 892/14/2048 904/14/2062
f 892/14/2048 891/14/2047 904/14/2062
f 904/14/2062 891/14/2047 905/14/2063
f 891/14/2047 890/14/516 905/14/2063
f 905/14/2063 890/14/516 906/14/2064
f 890/14/516 889/14/2046 906/14/2064
f 906/14/2064 889/14/2046 907/14/2065
f 889/14/2046 888/14/2045 907/14/2065
f 907/14/2065 888/14/2045 908/14/2066
f 888/14/2045 887/14/2044 908/14/2066
f 908/14/2066 887/14/2044 909/14/2067
f 887/14/2044 886/14/2043 909/14/2067
f 909/14/2067 886/14/2043 910/14/2068
f 886/14/2043 885/14/2042 910/14/2068
f 910/14/2068 885/14/2042 911/14/2069
f 885/14/2042 884/14/2041 911/14/2069
f 911/14/2069 884/14/2041 912/14/2070
f 884/14/2041 883/14/2039 912/14/2070
f 912/14/2070 883/14/2039 913/14/2071
f 1495/6/2072 1497/6/723 1493/6/742
f 913/14/2071 883/14/2039 914/14/2073
f 883/14/2039 882/14/2038 914/14/2073
f 914/14/2073 882/14/2038 915/14/2074
f 882/14/2038 881/14/2037 915/14/2074
f 915/14/2074 881/14/2037 916/14/2075
f 881/14/2037 880/14/2036 916/14/2075
f 916/14/2075 880/14/2036 917/14/2076
f 880/14/2036 879/14/2035 917/14/2076
f 917/14/2076 879/14/2035 918/14/2077
f 879/14/2035 878/14/2034 918/14/2077
f 918/14/2077 878/14/2034 919/14/2078
f 878/14/2034 877/14/2031 919/14/2078
f 919/14/2078 877/14/2031 920/14/2079
f 877/14/2031 800/14/1933 920/14/2079
f 920/14/2079 800/14/1933 921/14/2080
f 800/14/1933 801/14/1934 921/14/2080
f 921/14/2080 801/14/1934 922/14/2081
f 801/14/1934 802/14/1935 922/14/2081
f 922/14/2081 802/14/1935 923/14/2082
f 802/14/1935 803/14/1936 923/14/2082
f 1496/6/721 1497/6/723 1495/6/2072
f 803/14/1936 833/14/1976 923/14/2082
f 1494/6/2033 1496/6/721 1495/6/2072
f 833/14/1976 859/14/2009 923/14/2082
f 1493/6/742 1494/6/2033 1495/6/2072
f 859/14/2009 924/14/2083 923/14/2082
f 923/14/2082 924/14/2083 922/14/2081
f 924/14/2083 925/14/2084 922/14/2081
f 922/14/2081 925/14/2084 921/14/2080
f 925/14/2084 926/14/2085 921/14/2080
f 921/14/2080 926/14/2085 920/14/2079
f 1492/6/2040 1494/6/2033 1493/6/742
f 1491/6/2053 1492/6/2040 1493/6/742
f 1485/6/2017 1492/6/2040 1491/6/2053
f 1490/6/2060 1485/6/2017 1491/6/2053
f 894/14/2050 901/14/2058 895/14/2051
f 895/14/2051 901/14/2058 927/14/2086
f 901/14/2058 898/14/2055 927/14/2086
f 1486/6/2087 1485/6/2017 1490/6/2060
f 898/14/2055 896/14/2052 927/14/2086
f 927/14/2086 896/14/2052 895/14/2051
f 1489/6/739 1486/6/2087 1490/6/2060
f 1487/6/2088 1486/6/2087 1489/6/739
f 1488/6/756 1487/6/2088 1489/6/739
f 1483/6/754 1487/6/2088 1488/6/756
f 925/14/2084 924/14/2083 926/14/2085
f 926/14/2085 924/14/2083 928/14/2089
f 924/14/2083 859/14/2009 928/14/2089
f 1486/6/2087 1487/6/2088 1483/6/754
f 1484/6/2090 1486/6/2087 1483/6/754
f 1485/6/2017 1486/6/2087 1484/6/2090
f 1474/6/2091 1473/6/2012 1485/6/2017
f 928/14/2089 929/14/2092 926/14/2085
f 1484/6/2090 1474/6/2091 1485/6/2017
f 926/14/2085 929/14/2092 920/14/2079
f 1475/6/2093 1474/6/2091 1484/6/2090
f 920/14/2079 929/14/2092 919/14/2078
f 929/14/2092 930/14/2094 919/14/2078
f 919/14/2078 930/14/2094 918/14/2077
f 930/14/2094 931/14/2095 918/14/2077
f 918/14/2077 931/14/2095 917/14/2076
f 931/14/2095 932/14/2096 917/14/2076
f 917/14/2076 932/14/2096 916/14/2075
f 932/14/2096 933/14/2097 916/14/2075
f 916/14/2075 933/14/2097 915/14/2074
f 933/14/2097 934/14/2098 915/14/2074
f 915/14/2074 934/14/2098 914/14/2073
f 934/14/2098 935/14/2099 914/14/2073
f 914/14/2073 935/14/2099 913/14/2071
f 1483/6/754 1475/6/2093 1484/6/2090
f 1476/6/2100 1475/6/2093 1483/6/754
f 1482/6/1015 1476/6/2100 1483/6/754
f 1477/6/2101 1476/6/2100 1482/6/1015
f 935/14/2099 934/14/2098 936/14/2102
f 936/14/2102 934/14/2098 937/14/2103
f 934/14/2098 933/14/2097 937/14/2103
f 937/14/2103 933/14/2097 938/14/2104
f 933/14/2097 932/14/2096 938/14/2104
f 938/14/2104 932/14/2096 939/14/2105
f 932/14/2096 931/14/2095 939/14/2105
f 1481/6/1014 1477/6/2101 1482/6/1015
f 1478/6/2106 1477/6/2101 1481/6/1014
f 1480/6/1288 1478/6/2106 1481/6/1014
f 1479/6/1289 1478/6/2106 1480/6/1288
f 935/14/2099 936/14/2102 940/14/2107
f 1466/6/1290 1478/6/2106 1479/6/1289
f 940/14/2107 936/14/2102 941/14/2108
f 1467/6/2109 1478/6/2106 1466/6/1290
f 941/14/2108 936/14/2102 942/14/2110
f 936/14/2102 937/14/2103 942/14/2110
f 942/14/2110 937/14/2103 943/14/2111
f 937/14/2103 938/14/2104 943/14/2111
f 943/14/2111 938/14/2104 944/14/2112
f 938/14/2104 939/14/2105 944/14/2112
f 1477/6/2101 1478/6/2106 1467/6/2109
f 1468/6/2113 1477/6/2101 1467/6/2109
f 1476/6/2100 1477/6/2101 1468/6/2113
f 1469/6/2114 1476/6/2100 1468/6/2113
f 935/14/2099 940/14/2107 913/14/2071
f 940/14/2107 945/14/2115 913/14/2071
f 913/14/2071 945/14/2115 912/14/2070
f 945/14/2115 946/14/2116 912/14/2070
f 912/14/2070 946/14/2116 911/14/2069
f 946/14/2116 947/14/2117 911/14/2069
f 911/14/2069 947/14/2117 910/14/2068
f 947/14/2117 948/14/2118 910/14/2068
f 910/14/2068 948/14/2118 909/14/2067
f 948/14/2118 949/14/2119 909/14/2067
f 909/14/2067 949/14/2119 908/14/2066
f 949/14/2119 950/14/2120 908/14/2066
f 908/14/2066 950/14/2120 907/14/2065
f 950/14/2120 951/14/2121 907/14/2065
f 907/14/2065 951/14/2121 906/14/2064
f 1475/6/2093 1476/6/2100 1469/6/2114
f 906/14/2064 951/14/2121 905/14/2063
f 951/14/2121 952/14/2122 905/14/2063
f 905/14/2063 952/14/2122 904/14/2062
f 1470/6/2123 1475/6/2093 1469/6/2114
f 1474/6/2091 1475/6/2093 1470/6/2123
f 1471/6/2124 1474/6/2091 1470/6/2123
f 1473/6/2012 1474/6/2091 1471/6/2124
f 952/14/2122 951/14/2121 953/14/2125
f 1472/6/2011 1473/6/2012 1471/6/2124
f 951/14/2121 950/14/2120 953/14/2125
f 953/14/2125 950/14/2120 954/14/2126
f 950/14/2120 949/14/2119 954/14/2126
f 954/14/2126 949/14/2119 955/14/2127
f 949/14/2119 948/14/2118 955/14/2127
f 955/14/2127 948/14/2118 956/14/2128
f 948/14/2118 947/14/2117 956/14/2128
f 956/14/2128 947/14/2117 957/14/2129
f 947/14/2117 946/14/2116 957/14/2129
f 957/14/2129 946/14/2116 958/14/2130
f 946/14/2116 945/14/2115 958/14/2130
f 958/14/2130 945/14/2115 959/14/2131
f 945/14/2115 940/14/2107 959/14/2131
f 1429/6/2132 1430/6/2010 1472/6/2011
f 940/14/2107 941/14/2108 959/14/2131
f 959/14/2131 941/14/2108 960/14/2133
f 1471/6/2124 1429/6/2132 1472/6/2011
f 960/14/2133 941/14/2108 961/14/2134
f 941/14/2108 942/14/2110 961/14/2134
f 961/14/2134 942/14/2110 962/14/2135
f 942/14/2110 943/14/2111 962/14/2135
f 962/14/2135 943/14/2111 963/14/2136
f 943/14/2111 944/14/2112 963/14/2136
f 963/14/2136 944/14/2112 964/14/2137
f 944/14/2112 939/14/2105 964/14/2137
f 964/14/2137 939/14/2105 965/14/2138
f 939/14/2105 931/14/2095 965/14/2138
f 965/14/2138 931/14/2095 966/14/2139
f 931/14/2095 930/14/2094 966/14/2139
f 966/14/2139 930/14/2094 967/14/2140
f 930/14/2094 929/14/2092 967/14/2140
f 1431/6/2141 1429/6/2132 1471/6/2124
f 929/14/2092 928/14/2089 967/14/2140
f 967/14/2140 928/14/2089 968/14/2142
f 928/14/2089 859/14/2009 968/14/2142
f 1470/6/2123 1431/6/2141 1471/6/2124
f 859/14/2009 969/14/2143 968/14/2142
f 968/14/2142 969/14/2143 970/14/2144
f 969/14/2143 971/14/2145 970/14/2144
f 970/14/2144 971/14/2145 965/14/2138
f 1454/6/2146 1431/6/2141 1470/6/2123
f 965/14/2138 971/14/2145 964/14/2137
f 971/14/2145 972/14/2147 964/14/2137
f 964/14/2137 972/14/2147 963/14/2136
f 972/14/2147 973/14/2148 963/14/2136
f 963/14/2136 973/14/2148 962/14/2135
f 973/14/2148 974/14/2149 962/14/2135
f 962/14/2135 974/14/2149 961/14/2134
f 974/14/2149 975/14/2150 961/14/2134
f 961/14/2134 975/14/2150 960/14/2133
f 975/14/2150 976/14/2151 960/14/2133
f 1469/6/2114 1454/6/2146 1470/6/2123
f 976/14/2151 977/14/2152 960/14/2133
f 960/14/2133 977/14/2152 959/14/2131
f 1455/6/2153 1454/6/2146 1469/6/2114
f 959/14/2131 977/14/2152 958/14/2130
f 977/14/2152 978/14/2154 958/14/2130
f 958/14/2130 978/14/2154 957/14/2129
f 978/14/2154 979/14/2155 957/14/2129
f 957/14/2129 979/14/2155 956/14/2128
f 979/14/2155 980/14/2156 956/14/2128
f 956/14/2128 980/14/2156 955/14/2127
f 980/14/2156 981/14/2157 955/14/2127
f 955/14/2127 981/14/2157 954/14/2126
f 981/14/2157 982/14/2158 954/14/2126
f 954/14/2126 982/14/2158 953/14/2125
f 982/14/2158 983/14/2159 953/14/2125
f 953/14/2125 983/14/2159 952/14/2122
f 983/14/2159 984/14/2160 952/14/2122
f 952/14/2122 984/14/2160 904/14/2062
f 1468/6/2113 1455/6/2153 1469/6/2114
f 904/14/2062 984/14/2160 903/14/2061
f 984/14/2160 985/14/2161 903/14/2061
f 903/14/2061 985/14/2161 902/14/2059
f 1456/6/2162 1455/6/2153 1468/6/2113
f 1467/6/2109 1456/6/2162 1468/6/2113
f 1457/6/2163 1456/6/2162 1467/6/2109
f 1466/6/1290 1457/6/2163 1467/6/2109
f 965/14/2138 966/14/2139 970/14/2144
f 970/14/2144 966/14/2139 986/14/2164
f 966/14/2139 967/14/2140 986/14/2164
f 1458/6/2165 1457/6/2163 1466/6/1290
f 967/14/2140 968/14/2142 986/14/2164
f 986/14/2164 968/14/2142 970/14/2144
f 1465/6/1291 1458/6/2165 1466/6/1290
f 1464/6/1292 1458/6/2165 1465/6/1291
f 1459/6/2166 1458/6/2165 1464/6/1292
f 1463/6/1293 1459/6/2166 1464/6/1292
f 985/14/2161 984/14/2160 987/14/2167
f 1460/6/2168 1459/6/2166 1463/6/1293
f 984/14/2160 983/14/2159 987/14/2167
f 987/14/2167 983/14/2159 988/14/2169
f 983/14/2159 982/14/2158 988/14/2169
f 988/14/2169 982/14/2158 989/14/2170
f 982/14/2158 981/14/2157 989/14/2170
f 989/14/2170 981/14/2157 990/14/2171
f 981/14/2157 980/14/2156 990/14/2171
f 990/14/2171 980/14/2156 991/14/2172
f 980/14/2156 979/14/2155 991/14/2172
f 991/14/2172 979/14/2155 992/14/2173
f 979/14/2155 978/14/2154 992/14/2173
f 992/14/2173 978/14/2154 993/14/2174
f 978/14/2154 977/14/2152 993/14/2174
f 1462/6/1294 1460/6/2168 1463/6/1293
f 977/14/2152 976/14/2151 993/14/2174
f 1461/6/2175 1460/6/2168 1462/6/1294
f 976/14/2151 994/14/2176 993/14/2174
f 1439/6/2177 1462/6/1294 1440/6/1295
f 994/14/2176 995/14/2178 993/14/2174
f 993/14/2174 995/14/2178 992/14/2173
f 995/14/2178 996/14/2179 992/14/2173
f 992/14/2173 996/14/2179 991/14/2172
f 996/14/2179 997/14/2180 991/14/2172
f 991/14/2172 997/14/2180 990/14/2171
f 997/14/2180 998/14/2181 990/14/2171
f 990/14/2171 998/14/2181 989/14/2170
f 998/14/2181 999/14/2182 989/14/2170
f 989/14/2170 999/14/2182 988/14/2169
f 999/14/2182 1000/14/2183 988/14/2169
f 988/14/2169 1000/14/2183 987/14/2167
f 1000/14/2183 1001/14/2184 987/14/2167
f 987/14/2167 1001/14/2184 985/14/2161
f 1001/14/2184 1002/14/2185 985/14/2161
f 985/14/2161 1002/14/2185 902/14/2059
f 1461/6/2175 1462/6/1294 1439/6/2177
f 902/14/2059 1002/14/2185 900/14/2057
f 1002/14/2185 1003/14/2186 900/14/2057
f 900/14/2057 1003/14/2186 899/14/2056
f 1442/6/2187 1461/6/2175 1439/6/2177
f 1460/6/2168 1461/6/2175 1442/6/2187
f 1449/6/2188 1460/6/2168 1442/6/2187
f 1459/6/2166 1460/6/2168 1449/6/2188
f 1003/14/2186 1002/14/2185 1004/14/2189
f 1453/6/2190 1459/6/2166 1449/6/2188
f 1002/14/2185 1001/14/2184 1004/14/2189
f 1004/14/2189 1001/14/2184 1005/14/2191
f 1001/14/2184 1000/14/2183 1005/14/2191
f 1005/14/2191 1000/14/2183 1006/14/2192
f 1000/14/2183 999/14/2182 1006/14/2192
f 1006/14/2192 999/14/2182 1007/14/2193
f 999/14/2182 998/14/2181 1007/14/2193
f 1007/14/2193 998/14/2181 1008/14/2194
f 998/14/2181 997/14/2180 1008/14/2194
f 1008/14/2194 997/14/2180 1009/14/2195
f 997/14/2180 996/14/2179 1009/14/2195
f 1009/14/2195 996/14/2179 1010/14/2196
f 996/14/2179 995/14/2178 1010/14/2196
f 1010/14/2196 995/14/2178 1011/14/2197
f 995/14/2178 994/14/2176 1011/14/2197
f 1011/14/2197 994/14/2176 1012/14/2198
f 1458/6/2165 1459/6/2166 1453/6/2190
f 1012/14/2198 994/14/2176 1013/14/2199
f 994/14/2176 976/14/2151 1013/14/2199
f 1457/6/2163 1458/6/2165 1453/6/2190
f 976/14/2151 975/14/2150 1013/14/2199
f 1013/14/2199 975/14/2150 1014/14/2200
f 975/14/2150 974/14/2149 1014/14/2200
f 1014/14/2200 974/14/2149 1015/14/2201
f 974/14/2149 973/14/2148 1015/14/2201
f 1452/6/2202 1457/6/2163 1453/6/2190
f 1456/6/2162 1457/6/2163 1452/6/2202
f 1451/6/2203 1456/6/2162 1452/6/2202
f 1455/6/2153 1456/6/2162 1451/6/2203
f 1013/14/2199 1014/14/2200 1016/14/2204
f 1450/6/2205 1455/6/2153 1451/6/2203
f 1016/14/2204 1014/14/2200 1017/14/2206
f 1014/14/2200 1015/14/2201 1017/14/2206
f 1454/6/2146 1455/6/2153 1450/6/2205
f 1432/6/2207 1431/6/2141 1454/6/2146
f 1450/6/2205 1432/6/2207 1454/6/2146
f 1433/6/2208 1432/6/2207 1450/6/2205
f 1013/14/2199 1016/14/2204 1012/14/2198
f 1016/14/2204 1018/14/2209 1012/14/2198
f 1448/6/2210 1453/6/2190 1449/6/2188
f 1018/14/2209 1019/14/2211 1012/14/2198
f 1012/14/2198 1019/14/2211 1011/14/2197
f 1019/14/2211 1020/14/2212 1011/14/2197
f 1011/14/2197 1020/14/2212 1010/14/2196
f 1020/14/2212 1021/14/2213 1010/14/2196
f 1010/14/2196 1021/14/2213 1009/14/2195
f 1021/14/2213 1022/14/2214 1009/14/2195
f 1009/14/2195 1022/14/2214 1008/14/2194
f 1022/14/2214 1023/14/2215 1008/14/2194
f 1008/14/2194 1023/14/2215 1007/14/2193
f 1023/14/2215 1024/14/2216 1007/14/2193
f 1007/14/2193 1024/14/2216 1006/14/2192
f 1024/14/2216 1025/14/2217 1006/14/2192
f 1006/14/2192 1025/14/2217 1005/14/2191
f 1025/14/2217 1026/14/2218 1005/14/2191
f 1005/14/2191 1026/14/2218 1004/14/2189
f 1452/6/2202 1453/6/2190 1448/6/2210
f 1004/14/2189 1026/14/2218 1003/14/2186
f 1026/14/2218 1027/14/2219 1003/14/2186
f 1003/14/2186 1027/14/2219 899/14/2056
f 1027/14/2219 1028/14/2220 899/14/2056
f 899/14/2056 1028/14/2220 897/14/2054
f 1028/14/2220 1029/14/2221 897/14/2054
f 897/14/2054 1029/14/2221 859/14/2009
f 1447/6/2222 1452/6/2202 1448/6/2210
f 859/14/2009 1029/14/2221 1030/14/2223
f 1451/6/2203 1452/6/2202 1447/6/2222
f 1030/14/2223 1029/14/2221 1031/14/2224
f 1029/14/2221 1032/14/2225 1031/14/2224
f 1031/14/2224 1032/14/2225 1033/14/2226
f 1032/14/2225 1028/14/2220 1033/14/2226
f 1446/6/2227 1451/6/2203 1447/6/2222
f 1028/14/2220 1027/14/2219 1033/14/2226
f 1033/14/2226 1027/14/2219 1034/14/2228
f 1027/14/2219 1026/14/2218 1034/14/2228
f 1450/6/2205 1451/6/2203 1446/6/2227
f 1026/14/2218 1025/14/2217 1034/14/2228
f 1034/14/2228 1025/14/2217 1035/14/2229
f 1025/14/2217 1024/14/2216 1035/14/2229
f 1035/14/2229 1024/14/2216 1036/14/2230
f 1024/14/2216 1023/14/2215 1036/14/2230
f 1036/14/2230 1023/14/2215 1037/14/2231
f 1023/14/2215 1022/14/2214 1037/14/2231
f 1037/14/2231 1022/14/2214 1038/14/2232
f 1022/14/2214 1021/14/2213 1038/14/2232
f 1038/14/2232 1021/14/2213 1039/14/2233
f 1021/14/2213 1020/14/2212 1039/14/2233
f 1039/14/2233 1020/14/2212 1040/14/2234
f 1020/14/2212 1019/14/2211 1040/14/2234
f 1040/14/2234 1019/14/2211 1041/14/2235
f 1019/14/2211 1018/14/2209 1041/14/2235
f 1041/14/2235 1018/14/2209 1042/14/2236
f 1433/6/2208 1450/6/2205 1446/6/2227
f 1042/14/2236 1018/14/2209 1043/14/2237
f 1018/14/2209 1016/14/2204 1043/14/2237
f 1443/6/2238 1449/6/2188 1442/6/2187
f 1016/14/2204 1017/14/2206 1043/14/2237
f 1043/14/2237 1017/14/2206 1044/14/2239
f 1017/14/2206 1015/14/2201 1044/14/2239
f 1044/14/2239 1015/14/2201 1045/14/2240
f 1015/14/2201 973/14/2148 1045/14/2240
f 1045/14/2240 973/14/2148 1046/14/2241
f 973/14/2148 972/14/2147 1046/14/2241
f 1046/14/2241 972/14/2147 1047/14/2242
f 972/14/2147 971/14/2145 1047/14/2242
f 1448/6/2210 1449/6/2188 1443/6/2238
f 971/14/2145 969/14/2143 1047/14/2242
f 1047/14/2242 969/14/2143 1048/14/2243
f 969/14/2143 859/14/2009 1048/14/2243
f 1444/6/2244 1448/6/2210 1443/6/2238
f 1447/6/2222 1448/6/2210 1444/6/2244
f 1445/6/2245 1447/6/2222 1444/6/2244
f 1446/6/2227 1447/6/2222 1445/6/2245
f 1029/14/2221 1028/14/2220 1032/14/2225
f 1434/6/2246 1433/6/2208 1446/6/2227
f 1445/6/2245 1434/6/2246 1446/6/2227
f 1435/6/2247 1434/6/2246 1445/6/2245
f 1444/6/2244 1435/6/2247 1445/6/2245
f 1038/14/2232 1039/14/2233 1037/14/2231
f 1436/6/2248 1435/6/2247 1444/6/2244
f 1443/6/2238 1436/6/2248 1444/6/2244
f 1437/6/2249 1436/6/2248 1443/6/2238
f 1442/6/2187 1437/6/2249 1443/6/2238
f 1048/14/2243 1049/14/2250 1047/14/2242
f 1439/6/2177 1437/6/2249 1442/6/2187
f 1047/14/2242 1049/14/2250 1046/14/2241
f 1049/14/2250 1050/14/2251 1046/14/2241
f 1046/14/2241 1050/14/2251 1045/14/2240
f 1421/6/2252 1422/6/2253 1438/6/2254
f 1441/6/1296 1420/6/1297 1421/6/2252
f 1438/6/2254 1441/6/1296 1421/6/2252
f 1440/6/1295 1441/6/1296 1438/6/2254
f 1049/14/2250 1048/14/2243 1050/14/2251
f 1050/14/2251 1048/14/2243 1051/14/2255
f 1048/14/2243 859/14/2009 1051/14/2255
f 1051/14/2255 859/14/2009 1052/14/2256
f 859/14/2009 1030/14/2223 1052/14/2256
f 1052/14/2256 1030/14/2223 1053/14/2257
f 1439/6/2177 1440/6/1295 1438/6/2254
f 1053/14/2257 1030/14/2223 1054/14/2223
f 1030/14/2223 1031/14/2224 1054/14/2223
f 1054/14/2223 1031/14/2224 1055/14/2258
f 1031/14/2224 1033/14/2226 1055/14/2258
f 1437/6/2249 1439/6/2177 1438/6/2254
f 1033/14/2226 1034/14/2228 1055/14/2258
f 1055/14/2258 1034/14/2228 1056/14/2259
f 1034/14/2228 1035/14/2229 1056/14/2259
f 1056/14/2259 1035/14/2229 1057/14/2260
f 1035/14/2229 1036/14/2230 1057/14/2260
f 1057/14/2260 1036/14/2230 1058/14/2261
f 1036/14/2230 1037/14/2231 1058/14/2261
f 1422/6/2253 1437/6/2249 1438/6/2254
f 1037/14/2231 1039/14/2233 1058/14/2261
f 1436/6/2248 1437/6/2249 1422/6/2253
f 1039/14/2233 1040/14/2234 1058/14/2261
f 1058/14/2261 1040/14/2234 1059/14/2262
f 1040/14/2234 1041/14/2235 1059/14/2262
f 1059/14/2262 1041/14/2235 1060/14/2263
f 1041/14/2235 1042/14/2236 1060/14/2263
f 1423/6/2264 1436/6/2248 1422/6/2253
f 1042/14/2236 1061/14/2265 1060/14/2263
f 1435/6/2247 1436/6/2248 1423/6/2264
f 1061/14/2265 1062/14/2266 1060/14/2263
f 1060/14/2263 1062/14/2266 1063/14/2267
f 1062/14/2266 1056/14/2259 1063/14/2267
f 1424/6/2268 1435/6/2247 1423/6/2264
f 1056/14/2259 1057/14/2260 1063/14/2267
f 1063/14/2267 1057/14/2260 1059/14/2262
f 1057/14/2260 1058/14/2261 1059/14/2262
f 1434/6/2246 1435/6/2247 1424/6/2268
f 1425/6/2269 1434/6/2246 1424/6/2268
f 1433/6/2208 1434/6/2246 1425/6/2269
f 1426/6/2270 1433/6/2208 1425/6/2269
f 1059/14/2262 1060/14/2263 1063/14/2267
f 1432/6/2207 1433/6/2208 1426/6/2270
f 1427/6/2271 1432/6/2207 1426/6/2270
f 1431/6/2141 1432/6/2207 1427/6/2271
f 1429/6/2132 1431/6/2141 1427/6/2271
f 1056/14/2259 1062/14/2266 1055/14/2258
f 1055/14/2258 1062/14/2266 1054/14/2223
f 1062/14/2266 1061/14/2265 1054/14/2223
f 1054/14/2223 1061/14/2265 1053/14/2257
f 1428/6/2272 1400/6/2273 1399/6/2274
f 1053/14/2257 1061/14/2265 1064/14/2275
f 1061/14/2265 1042/14/2236 1064/14/2275
f 1064/14/2275 1042/14/2236 1065/14/2276
f 1042/14/2236 1043/14/2237 1065/14/2276
f 1398/6/1898 1428/6/2272 1399/6/2274
f 1043/14/2237 1044/14/2239 1065/14/2276
f 1065/14/2276 1044/14/2239 1066/14/2277
f 1044/14/2239 1045/14/2240 1066/14/2277
f 1430/6/2010 1428/6/2272 1398/6/1898
f 1045/14/2240 1050/14/2251 1066/14/2277
f 1429/6/2132 1428/6/2272 1430/6/2010
f 1050/14/2251 1051/14/2255 1066/14/2277
f 1066/14/2277 1051/14/2255 1067/14/2278
f 1051/14/2255 1052/14/2256 1067/14/2278
f 1067/14/2278 1052/14/2256 1068/14/2279
f 1052/14/2256 1053/14/2257 1068/14/2279
f 1427/6/2271 1428/6/2272 1429/6/2132
f 1053/14/2257 1064/14/2275 1068/14/2279
f 1068/14/2279 1064/14/2275 1067/14/2278
f 1064/14/2275 1065/14/2276 1067/14/2278
f 1067/14/2278 1065/14/2276 1066/14/2277
f 1400/6/2273 1428/6/2272 1427/6/2271
f 1426/6/2270 1400/6/2273 1427/6/2271
f 1401/6/2280 1400/6/2273 1426/6/2270
f 1425/6/2269 1401/6/2280 1426/6/2270
f 1069/15/2281 1071/15/2282 1070/15/2283
f 1402/6/2284 1401/6/2280 1425/6/2269
f 1071/15/2282 1072/15/2285 1070/15/2283
f 1424/6/2268 1402/6/2284 1425/6/2269
f 1072/15/2285 1073/15/2286 1070/15/2283
f 1070/15/2283 1073/15/2286 1074/15/2287
f 1073/15/2286 1075/15/2288 1074/15/2287
f 1403/6/2289 1402/6/2284 1424/6/2268
f 1075/15/2288 1076/15/2290 1074/15/2287
f 1423/6/2264 1403/6/2289 1424/6/2268
f 1076/15/2290 1077/15/2291 1074/15/2287
f 1405/6/2292 1403/6/2289 1423/6/2264
f 1077/15/2291 1078/15/2293 1074/15/2287
f 1074/15/2287 1078/15/2293 1070/15/2283
f 1078/15/2293 1069/15/2281 1070/15/2283
f 1422/6/2253 1405/6/2292 1423/6/2264
f 1421/6/2252 1405/6/2292 1422/6/2253
f 1406/6/2294 1405/6/2292 1421/6/2252
f 1420/6/1297 1406/6/2294 1421/6/2252
f 1075/15/2288 1073/15/2286 1079/15/2295
f 1419/6/1298 1406/6/2294 1420/6/1297
f 1079/15/2295 1073/15/2286 1080/15/2296
f 1073/15/2286 1072/15/2285 1080/15/2296
f 1080/15/2296 1072/15/2285 1081/15/2297
f 1410/6/2298 1406/6/2294 1419/6/1298
f 1081/15/2297 1072/15/2285 1082/15/2299
f 1072/15/2285 1071/15/2282 1082/15/2299
f 1082/15/2299 1071/15/2282 1083/15/2300
f 1411/6/2301 1410/6/2298 1419/6/1298
f 1083/15/2300 1071/15/2282 1084/15/2302
f 1071/15/2282 1069/15/2281 1084/15/2302
f 1084/15/2302 1069/15/2281 1085/15/2303
f 1418/6/1299 1411/6/2301 1419/6/1298
f 1085/15/2303 1069/15/2281 1086/15/2304
f 1069/15/2281 1078/15/2293 1086/15/2304
f 1086/15/2304 1078/15/2293 1087/15/2305
f 1078/15/2293 1077/15/2291 1087/15/2305
f 1087/15/2305 1077/15/2291 1088/15/2306
f 1417/6/1300 1411/6/2301 1418/6/1299
f 1088/15/2306 1077/15/2291 1089/15/2307
f 1077/15/2291 1076/15/2290 1089/15/2307
f 1089/15/2307 1076/15/2290 1090/15/2308
f 1412/6/2309 1411/6/2301 1417/6/1300
f 1090/15/2308 1076/15/2290 1091/15/2310
f 1076/15/2290 1075/15/2288 1091/15/2310
f 1091/15/2310 1075/15/2288 1092/15/2311
f 1075/15/2288 1079/15/2295 1092/15/2311
f 1092/15/2311 1079/15/2295 1093/15/2312
f 1079/15/2295 1094/15/2313 1093/15/2312
f 1093/15/2312 1094/15/2313 1095/15/2314
f 1416/6/1301 1412/6/2309 1417/6/1300
f 1095/15/2314 1094/15/2313 1096/15/2315
f 1413/6/2316 1412/6/2309 1416/6/1301
f 1096/15/2315 1094/15/2313 1097/15/2317
f 1094/15/2313 1080/15/2296 1097/15/2317
f 1097/15/2317 1080/15/2296 1081/15/2297
f 1415/6/1310 1413/6/2316 1416/6/1301
f 1414/6/1311 1413/6/2316 1415/6/1310
f 1367/6/1312 1413/6/2316 1414/6/1311
f 1366/6/2318 1413/6/2316 1367/6/1312
f 1094/15/2313 1079/15/2295 1080/15/2296
f 1412/6/2309 1413/6/2316 1366/6/2318
f 1409/6/2319 1412/6/2309 1366/6/2318
f 1411/6/2301 1412/6/2309 1409/6/2319
f 1410/6/2298 1411/6/2301 1409/6/2319
f 1095/15/2314 1098/15/2320 1093/15/2312
f 1098/15/2320 1099/15/2321 1093/15/2312
f 1093/15/2312 1099/15/2321 1092/15/2311
f 1099/15/2321 1100/15/2322 1092/15/2311
f 1092/15/2311 1100/15/2322 1091/15/2310
f 1100/15/2322 1101/15/2323 1091/15/2310
f 1091/15/2310 1101/15/2323 1090/15/2308
f 1408/6/2324 1410/6/2298 1409/6/2319
f 1406/6/2294 1410/6/2298 1408/6/2324
f 1407/6/2325 1406/6/2294 1408/6/2324
f 1378/6/2326 1404/6/2327 1377/6/2328
f 1101/15/2323 1100/15/2322 1102/15/2329
f 1102/15/2329 1100/15/2322 1103/15/2330
f 1100/15/2322 1099/15/2321 1103/15/2330
f 1103/15/2330 1099/15/2321 1104/15/2331
f 1099/15/2321 1098/15/2320 1104/15/2331
f 1104/15/2331 1098/15/2320 1105/15/2332
f 1098/15/2320 1106/15/2333 1105/15/2332
f 1105/15/2332 1106/15/2333 1107/15/2334
f 1386/6/2335 1397/6/2336 1387/6/2337
f 1107/15/2334 1106/15/2333 1108/15/2338
f 1392/6/1874 1394/6/1908 1393/6/2339
f 1108/15/2338 1106/15/2333 1109/15/2340
f 1106/15/2333 1095/15/2314 1109/15/2340
f 1109/15/2340 1095/15/2314 1096/15/2315
f 1365/6/2341 1409/6/2319 1366/6/2318
f 1408/6/2324 1409/6/2319 1365/6/2341
f 1364/6/2342 1408/6/2324 1365/6/2341
f 1407/6/2325 1408/6/2324 1364/6/2342
f 1106/15/2333 1098/15/2320 1095/15/2314
f 1377/6/2328 1407/6/2325 1364/6/2342
f 1406/6/2294 1407/6/2325 1377/6/2328
f 1404/6/2327 1406/6/2294 1377/6/2328
f 1405/6/2292 1406/6/2294 1404/6/2327
f 1107/15/2334 1110/15/2343 1105/15/2332
f 1110/15/2343 1111/15/2344 1105/15/2332
f 1105/15/2332 1111/15/2344 1104/15/2331
f 1111/15/2344 1112/15/2345 1104/15/2331
f 1104/15/2331 1112/15/2345 1103/15/2330
f 1112/15/2345 1113/15/2346 1103/15/2330
f 1103/15/2330 1113/15/2346 1102/15/2329
f 1403/6/2289 1405/6/2292 1404/6/2327
f 1378/6/2326 1403/6/2289 1404/6/2327
f 1402/6/2284 1403/6/2289 1378/6/2326
f 1382/6/2347 1402/6/2284 1378/6/2326
f 1113/15/2346 1112/15/2345 1114/15/2348
f 1114/15/2348 1112/15/2345 1115/15/2349
f 1112/15/2345 1111/15/2344 1115/15/2349
f 1115/15/2349 1111/15/2344 1116/15/2350
f 1111/15/2344 1110/15/2343 1116/15/2350
f 1116/15/2350 1110/15/2343 1117/15/2351
f 1401/6/2280 1402/6/2284 1382/6/2347
f 1117/15/2351 1110/15/2343 1118/15/2352
f 1110/15/2343 1107/15/2334 1118/15/2352
f 1118/15/2352 1107/15/2334 1119/15/2353
f 1107/15/2334 1108/15/2338 1119/15/2353
f 1119/15/2353 1108/15/2338 1120/15/2354
f 1388/6/2355 1401/6/2280 1382/6/2347
f 1120/15/2354 1108/15/2338 1121/15/2356
f 1108/15/2338 1109/15/2340 1121/15/2356
f 1121/15/2356 1109/15/2340 1122/15/2357
f 1400/6/2273 1401/6/2280 1388/6/2355
f 1122/15/2357 1109/15/2340 1123/15/2358
f 1109/15/2340 1096/15/2315 1123/15/2358
f 1123/15/2358 1096/15/2315 1124/15/2359
f 1096/15/2315 1097/15/2317 1124/15/2359
f 1399/6/2274 1400/6/2273 1388/6/2355
f 1097/15/2317 1081/15/2297 1124/15/2359
f 1124/15/2359 1081/15/2297 1125/15/2360
f 1081/15/2297 1082/15/2299 1125/15/2360
f 1387/6/2337 1399/6/2274 1388/6/2355
f 1398/6/1898 1399/6/2274 1387/6/2337
f 1397/6/2336 1398/6/1898 1387/6/2337
f 1396/6/1914 1398/6/1898 1397/6/2336
f 1116/15/2350 1126/15/2361 1115/15/2349
f 1126/15/2361 1114/15/2348 1115/15/2349
f 1386/6/2335 1396/6/1914 1397/6/2336
f 1395/6/1909 1396/6/1914 1386/6/2335
f 1394/6/1908 1395/6/1909 1386/6/2335
f 1393/6/2339 1394/6/1908 1386/6/2335
f 1126/15/2361 1116/15/2350 1127/15/2362
f 1116/15/2350 1117/15/2351 1127/15/2362
f 1389/6/2363 1393/6/2339 1386/6/2335
f 1392/6/1874 1393/6/2339 1389/6/2363
f 1390/6/2364 1392/6/1874 1389/6/2363
f 1391/6/1875 1392/6/1874 1390/6/2364
f 1125/15/2360 1128/15/2365 1124/15/2359
f 1374/6/1889 1391/6/1875 1390/6/2364
f 1124/15/2359 1128/15/2365 1123/15/2358
f 1128/15/2365 1129/15/2366 1123/15/2358
f 1123/15/2358 1129/15/2366 1122/15/2357
f 1129/15/2366 1130/15/2367 1122/15/2357
f 1122/15/2357 1130/15/2367 1131/15/2368
f 1389/6/2363 1374/6/1889 1390/6/2364
f 1131/15/2368 1130/15/2367 1132/15/2369
f 1130/15/2367 1129/15/2366 1132/15/2369
f 1132/15/2369 1129/15/2366 1133/15/2370
f 1129/15/2366 1128/15/2365 1133/15/2370
f 1133/15/2370 1128/15/2365 1134/15/2371
f 1128/15/2365 1125/15/2360 1134/15/2371
f 1134/15/2371 1125/15/2360 1135/15/2372
f 1125/15/2360 1082/15/2299 1135/15/2372
f 1135/15/2372 1082/15/2299 1136/15/2373
f 1082/15/2299 1083/15/2300 1136/15/2373
f 1136/15/2373 1083/15/2300 1137/15/2374
f 1083/15/2300 1138/15/2375 1137/15/2374
f 1137/15/2374 1138/15/2375 1139/15/2376
f 1138/15/2375 1140/15/2377 1139/15/2376
f 1139/15/2376 1140/15/2377 1141/15/2378
f 1384/6/2379 1374/6/1889 1389/6/2363
f 1141/15/2378 1140/15/2377 1142/15/2380
f 1140/15/2377 1085/15/2303 1142/15/2380
f 1142/15/2380 1085/15/2303 1143/15/2381
f 1085/15/2303 1086/15/2304 1143/15/2381
f 1143/15/2381 1086/15/2304 1144/15/2382
f 1086/15/2304 1087/15/2305 1144/15/2382
f 1144/15/2382 1087/15/2305 1145/15/2383
f 1087/15/2305 1088/15/2306 1145/15/2383
f 1386/6/2335 1384/6/2379 1389/6/2363
f 1388/6/2355 1382/6/2347 1383/6/2384
f 1385/6/2385 1388/6/2355 1383/6/2384
f 1387/6/2337 1388/6/2355 1385/6/2385
f 1122/15/2357 1131/15/2368 1121/15/2356
f 1386/6/2335 1387/6/2337 1385/6/2385
f 1384/6/2379 1386/6/2335 1385/6/2385
f 1383/6/2384 1384/6/2379 1385/6/2385
f 1374/6/1889 1384/6/2379 1383/6/2384
f 1083/15/2300 1084/15/2302 1138/15/2375
f 1138/15/2375 1084/15/2302 1140/15/2377
f 1084/15/2302 1085/15/2303 1140/15/2377
f 1379/6/2386 1374/6/1889 1383/6/2384
f 1382/6/2347 1379/6/2386 1383/6/2384
f 1378/6/2326 1379/6/2386 1382/6/2347
f 1372/6/2387 1381/6/1884 1374/6/1889
f 1144/15/2382 1145/15/2383 1143/15/2381
f 1145/15/2383 1146/15/2388 1143/15/2381
f 1143/15/2381 1146/15/2388 1142/15/2380
f 1146/15/2388 1147/15/2389 1142/15/2380
f 1142/15/2380 1147/15/2389 1141/15/2378
f 1380/6/1615 1381/6/1884 1372/6/2387
f 1370/6/1374 1380/6/1615 1372/6/2387
f 1371/6/2390 1373/6/2391 1364/6/2342
f 1368/6/2392 1371/6/2390 1364/6/2342
f 1145/15/2383 1148/15/2393 1146/15/2388
f 1375/6/2394 1374/6/1889 1379/6/2386
f 1148/15/2393 1149/15/2395 1146/15/2388
f 1146/15/2388 1149/15/2395 1147/15/2389
f 1378/6/2326 1375/6/2394 1379/6/2386
f 1376/6/2396 1375/6/2394 1378/6/2326
f 1377/6/2328 1376/6/2396 1378/6/2326
f 1364/6/2342 1376/6/2396 1377/6/2328
f 1145/15/2383 1088/15/2306 1148/15/2393
f 1148/15/2393 1088/15/2306 1150/15/2397
f 1088/15/2306 1089/15/2307 1150/15/2397
f 1150/15/2397 1089/15/2307 1151/15/2398
f 1089/15/2307 1090/15/2308 1151/15/2398
f 1151/15/2398 1090/15/2308 1152/15/2399
f 1090/15/2308 1101/15/2323 1152/15/2399
f 1152/15/2399 1101/15/2323 1153/15/2400
f 1101/15/2323 1102/15/2329 1153/15/2400
f 1153/15/2400 1102/15/2329 1154/15/2401
f 1102/15/2329 1113/15/2346 1154/15/2401
f 1154/15/2401 1113/15/2346 1155/15/2402
f 1113/15/2346 1114/15/2348 1155/15/2402
f 1155/15/2402 1114/15/2348 1156/15/2403
f 1114/15/2348 1126/15/2361 1156/15/2403
f 1156/15/2403 1126/15/2361 1157/15/2404
f 1126/15/2361 1127/15/2362 1157/15/2404
f 1157/15/2404 1127/15/2362 1158/15/2405
f 1375/6/2394 1376/6/2396 1364/6/2342
f 1158/15/2405 1127/15/2362 1159/15/2406
f 1127/15/2362 1117/15/2351 1159/15/2406
f 1159/15/2406 1117/15/2351 1160/15/2407
f 1117/15/2351 1118/15/2352 1160/15/2407
f 1160/15/2407 1118/15/2352 1161/15/2408
f 1118/15/2352 1119/15/2353 1161/15/2408
f 1373/6/2391 1375/6/2394 1364/6/2342
f 1119/15/2353 1120/15/2354 1161/15/2408
f 1161/15/2408 1120/15/2354 1162/15/2409
f 1374/6/1889 1375/6/2394 1373/6/2391
f 1162/15/2409 1120/15/2354 1163/15/2410
f 1120/15/2354 1121/15/2356 1163/15/2410
f 1372/6/2387 1374/6/1889 1373/6/2391
f 1121/15/2356 1131/15/2368 1163/15/2410
f 1163/15/2410 1131/15/2368 1164/15/2411
f 1131/15/2368 1132/15/2369 1164/15/2411
f 1164/15/2411 1132/15/2369 1165/15/2412
f 1132/15/2369 1133/15/2370 1165/15/2412
f 1165/15/2412 1133/15/2370 1166/15/2413
f 1133/15/2370 1134/15/2371 1166/15/2413
f 1166/15/2413 1134/15/2371 1167/15/2414
f 1134/15/2371 1135/15/2372 1167/15/2414
f 1167/15/2414 1135/15/2372 1168/15/2415
f 1135/15/2372 1136/15/2373 1168/15/2415
f 1168/15/2415 1136/15/2373 1169/15/2416
f 1136/15/2373 1137/15/2374 1169/15/2416
f 1169/15/2416 1137/15/2374 1170/15/2417
f 1137/15/2374 1139/15/2376 1170/15/2417
f 1170/15/2417 1139/15/2376 1171/15/2418
f 1139/15/2376 1141/15/2378 1171/15/2418
f 1171/15/2418 1141/15/2378 1172/15/2419
f 1141/15/2378 1147/15/2389 1172/15/2419
f 1172/15/2419 1147/15/2389 1173/15/2420
f 1147/15/2389 1149/15/2395 1173/15/2420
f 1173/15/2420 1149/15/2395 1174/15/2421
f 1371/6/2390 1372/6/2387 1373/6/2391
f 1174/15/2421 1149/15/2395 1175/15/2422
f 1149/15/2395 1148/15/2393 1175/15/2422
f 1370/6/1374 1372/6/2387 1371/6/2390
f 1148/15/2393 1150/15/2397 1175/15/2422
f 1175/15/2422 1150/15/2397 1176/15/2423
f 1150/15/2397 1151/15/2398 1176/15/2423
f 1176/15/2423 1151/15/2398 1177/15/2424
f 1151/15/2398 1152/15/2399 1177/15/2424
f 1177/15/2424 1152/15/2399 1178/15/2425
f 1152/15/2399 1153/15/2400 1178/15/2425
f 1178/15/2425 1153/15/2400 1179/15/2426
f 1153/15/2400 1154/15/2401 1179/15/2426
f 1179/15/2426 1154/15/2401 1180/15/2427
f 1154/15/2401 1155/15/2402 1180/15/2427
f 1180/15/2427 1155/15/2402 1181/15/2428
f 1155/15/2402 1156/15/2403 1181/15/2428
f 1181/15/2428 1156/15/2403 1182/15/2429
f 1156/15/2403 1157/15/2404 1182/15/2429
f 1182/15/2429 1157/15/2404 1183/15/2430
f 1157/15/2404 1158/15/2405 1183/15/2430
f 1183/15/2430 1158/15/2405 1184/15/2431
f 1368/6/2392 1370/6/1374 1371/6/2390
f 1184/15/2431 1158/15/2405 1185/15/2432
f 1158/15/2405 1159/15/2406 1185/15/2432
f 1185/15/2432 1159/15/2406 1186/15/2433
f 1159/15/2406 1160/15/2407 1186/15/2433
f 1186/15/2433 1160/15/2407 1187/15/2434
f 1160/15/2407 1161/15/2408 1187/15/2434
f 1369/6/1373 1370/6/1374 1368/6/2392
f 1161/15/2408 1162/15/2409 1187/15/2434
f 1187/15/2434 1162/15/2409 1188/15/2435
f 1162/15/2409 1189/15/2436 1188/15/2435
f 1188/15/2435 1189/15/2436 1190/15/2437
f 1189/15/2436 1191/15/2438 1190/15/2437
f 1361/6/1338 1369/6/1373 1368/6/2392
f 1191/15/2438 1192/15/2439 1190/15/2437
f 1190/15/2437 1192/15/2439 1188/15/2435
f 1192/15/2439 1193/15/2440 1188/15/2435
f 1188/15/2435 1193/15/2440 1187/15/2434
f 1193/15/2440 1194/15/2441 1187/15/2434
f 1187/15/2434 1194/15/2441 1186/15/2433
f 1194/15/2441 1195/15/2442 1186/15/2433
f 1186/15/2433 1195/15/2442 1185/15/2432
f 1195/15/2442 1196/15/2443 1185/15/2432
f 1185/15/2432 1196/15/2443 1184/15/2431
f 1196/15/2443 1197/15/2444 1184/15/2431
f 1362/6/2445 1361/6/1338 1368/6/2392
f 1197/15/2444 1198/15/2446 1184/15/2431
f 1184/15/2431 1198/15/2446 1183/15/2430
f 1198/15/2446 1199/15/2447 1183/15/2430
f 1183/15/2430 1199/15/2447 1182/15/2429
f 1199/15/2447 1200/15/2448 1182/15/2429
f 1182/15/2429 1200/15/2448 1181/15/2428
f 1200/15/2448 1201/15/2449 1181/15/2428
f 1181/15/2428 1201/15/2449 1180/15/2427
f 1201/15/2449 1202/15/2450 1180/15/2427
f 1180/15/2427 1202/15/2450 1179/15/2426
f 1202/15/2450 1203/15/2451 1179/15/2426
f 1179/15/2426 1203/15/2451 1178/15/2425
f 1203/15/2451 1204/15/2452 1178/15/2425
f 1178/15/2425 1204/15/2452 1177/15/2424
f 1204/15/2452 1205/15/2453 1177/15/2424
f 1177/15/2424 1205/15/2453 1176/15/2423
f 1205/15/2453 1206/15/2454 1176/15/2423
f 1176/15/2423 1206/15/2454 1175/15/2422
f 1364/6/2342 1362/6/2445 1368/6/2392
f 1175/15/2422 1206/15/2454 1174/15/2421
f 1367/6/1312 1359/6/1331 1360/6/2455
f 1174/15/2421 1206/15/2454 1207/15/2456
f 1363/6/2457 1367/6/1312 1360/6/2455
f 1207/15/2456 1206/15/2454 1208/15/2458
f 1206/15/2454 1205/15/2453 1208/15/2458
f 1208/15/2458 1205/15/2453 1209/15/2459
f 1205/15/2453 1204/15/2452 1209/15/2459
f 1209/15/2459 1204/15/2452 1210/15/2460
f 1204/15/2452 1203/15/2451 1210/15/2460
f 1210/15/2460 1203/15/2451 1211/15/2461
f 1203/15/2451 1202/15/2450 1211/15/2461
f 1211/15/2461 1202/15/2450 1212/15/2462
f 1202/15/2450 1201/15/2449 1212/15/2462
f 1212/15/2462 1201/15/2449 1213/15/2463
f 1201/15/2449 1200/15/2448 1213/15/2463
f 1213/15/2463 1200/15/2448 1214/15/2464
f 1200/15/2448 1199/15/2447 1214/15/2464
f 1214/15/2464 1199/15/2447 1215/15/2465
f 1199/15/2447 1198/15/2446 1215/15/2465
f 1215/15/2465 1198/15/2446 1216/15/2466
f 1198/15/2446 1197/15/2444 1216/15/2466
f 1216/15/2466 1197/15/2444 1217/15/2467
f 1366/6/2318 1367/6/1312 1363/6/2457
f 1217/15/2467 1197/15/2444 1218/15/2468
f 1197/15/2444 1196/15/2443 1218/15/2468
f 1218/15/2468 1196/15/2443 1219/15/2469
f 1196/15/2443 1195/15/2442 1219/15/2469
f 1219/15/2469 1195/15/2442 1220/15/2470
f 1195/15/2442 1194/15/2441 1220/15/2470
f 1220/15/2470 1194/15/2441 1221/15/2471
f 1194/15/2441 1193/15/2440 1221/15/2471
f 1221/15/2471 1193/15/2440 1222/15/2472
f 1193/15/2440 1192/15/2439 1222/15/2472
f 1222/15/2472 1192/15/2439 1223/15/2473
f 1192/15/2439 1191/15/2438 1223/15/2473
f 1223/15/2473 1191/15/2438 1165/15/2412
f 1365/6/2341 1366/6/2318 1363/6/2457
f 1165/15/2412 1191/15/2438 1164/15/2411
f 1191/15/2438 1189/15/2436 1164/15/2411
f 1164/15/2411 1189/15/2436 1163/15/2410
f 1189/15/2436 1162/15/2409 1163/15/2410
f 1364/6/2342 1365/6/2341 1363/6/2457
f 1362/6/2445 1364/6/2342 1363/6/2457
f 1360/6/2455 1362/6/2445 1363/6/2457
f 1361/6/1338 1362/6/2445 1360/6/2455
f 1166/15/2413 1167/15/2414 1168/15/2415
f 1359/6/1331 1361/6/1338 1360/6/2455
f 1350/15/2474 1357/15/2475 1349/15/2476
f 1358/15/2477 1357/15/2475 1350/15/2474
f 1351/15/2478 1358/15/2477 1350/15/2474
f 1220/15/2470 1221/15/2471 1224/15/2479
f 1224/15/2479 1221/15/2471 1225/15/2480
f 1221/15/2471 1222/15/2472 1225/15/2480
f 1225/15/2480 1222/15/2472 1226/15/2481
f 1222/15/2472 1223/15/2473 1226/15/2481
f 1226/15/2481 1223/15/2473 1227/15/2482
f 1223/15/2473 1165/15/2412 1227/15/2482
f 1353/15/2483 1351/15/2478 1352/15/2484
f 1358/15/2477 1351/15/2478 1353/15/2483
f 1354/15/2485 1358/15/2477 1353/15/2483
f 1357/15/2475 1358/15/2477 1354/15/2485
f 1220/15/2470 1224/15/2479 1219/15/2469
f 1224/15/2479 1228/15/2486 1219/15/2469
f 1219/15/2469 1228/15/2486 1218/15/2468
f 1228/15/2486 1229/15/2487 1218/15/2468
f 1218/15/2468 1229/15/2487 1217/15/2467
f 1229/15/2487 1230/15/2488 1217/15/2467
f 1355/15/2489 1357/15/2475 1354/15/2485
f 1230/15/2488 1231/15/2194 1217/15/2467
f 1217/15/2467 1231/15/2194 1216/15/2466
f 1231/15/2194 1232/15/2490 1216/15/2466
f 1216/15/2466 1232/15/2490 1215/15/2465
f 1232/15/2490 1233/15/2491 1215/15/2465
f 1215/15/2465 1233/15/2491 1214/15/2464
f 1233/15/2491 1234/15/2492 1214/15/2464
f 1214/15/2464 1234/15/2492 1213/15/2463
f 1234/15/2492 1235/15/2493 1213/15/2463
f 1213/15/2463 1235/15/2493 1212/15/2462
f 1235/15/2493 1236/15/2494 1212/15/2462
f 1212/15/2462 1236/15/2494 1211/15/2461
f 1236/15/2494 1237/15/2495 1211/15/2461
f 1211/15/2461 1237/15/2495 1210/15/2460
f 1237/15/2495 1238/15/2496 1210/15/2460
f 1210/15/2460 1238/15/2496 1209/15/2459
f 1238/15/2496 1239/15/2497 1209/15/2459
f 1209/15/2459 1239/15/2497 1208/15/2458
f 1239/15/2497 1240/15/2498 1208/15/2458
f 1208/15/2458 1240/15/2498 1207/15/2456
f 1356/15/2499 1357/15/2475 1355/15/2489
f 1349/15/2476 1357/15/2475 1356/15/2499
f 1348/15/2500 1349/15/2476 1356/15/2499
f 1342/15/2501 1348/15/2500 1356/15/2499
f 1240/15/2498 1239/15/2497 1241/15/2502
f 1241/15/2502 1239/15/2497 1242/15/2503
f 1239/15/2497 1238/15/2496 1242/15/2503
f 1242/15/2503 1238/15/2496 1243/15/2504
f 1238/15/2496 1237/15/2495 1243/15/2504
f 1243/15/2504 1237/15/2495 1244/15/2505
f 1237/15/2495 1236/15/2494 1244/15/2505
f 1244/15/2505 1236/15/2494 1245/15/2506
f 1236/15/2494 1235/15/2493 1245/15/2506
f 1245/15/2506 1235/15/2493 1246/15/2507
f 1235/15/2493 1234/15/2492 1246/15/2507
f 1246/15/2507 1234/15/2492 1247/15/2508
f 1234/15/2492 1233/15/2491 1247/15/2508
f 1247/15/2508 1233/15/2491 1248/15/2509
f 1233/15/2491 1232/15/2490 1248/15/2509
f 1248/15/2509 1232/15/2490 1249/15/2510
f 1232/15/2490 1231/15/2194 1249/15/2510
f 1249/15/2510 1231/15/2194 1250/15/2511
f 1231/15/2194 1230/15/2488 1250/15/2511
f 1250/15/2511 1230/15/2488 1251/15/2512
f 1341/15/2513 1342/15/2501 1356/15/2499
f 1251/15/2512 1230/15/2488 1252/15/2514
f 1230/15/2488 1229/15/2487 1252/15/2514
f 1252/15/2514 1229/15/2487 1253/15/2515
f 1229/15/2487 1228/15/2486 1253/15/2515
f 1253/15/2515 1228/15/2486 1254/15/2516
f 1228/15/2486 1224/15/2479 1254/15/2516
f 1355/15/2489 1341/15/2513 1356/15/2499
f 1224/15/2479 1225/15/2480 1254/15/2516
f 1254/15/2516 1225/15/2480 1255/15/2517
f 1225/15/2480 1226/15/2481 1255/15/2517
f 1255/15/2517 1226/15/2481 1256/15/2518
f 1226/15/2481 1227/15/2482 1256/15/2518
f 1256/15/2518 1227/15/2482 1257/15/2519
f 1227/15/2482 1258/15/2520 1257/15/2519
f 1339/15/2521 1341/15/2513 1355/15/2489
f 1258/15/2520 1259/15/2520 1257/15/2519
f 1338/15/2522 1339/15/2521 1355/15/2489
f 1259/15/2520 1260/15/2523 1257/15/2519
f 1257/15/2519 1260/15/2523 1255/15/2517
f 1354/15/2485 1338/15/2522 1355/15/2489
f 1255/15/2517 1260/15/2523 1254/15/2516
f 1260/15/2523 1261/15/2524 1254/15/2516
f 1254/15/2516 1261/15/2524 1253/15/2515
f 1261/15/2524 1262/15/2525 1253/15/2515
f 1253/15/2515 1262/15/2525 1252/15/2514
f 1262/15/2525 1263/15/2526 1252/15/2514
f 1252/15/2514 1263/15/2526 1251/15/2512
f 1263/15/2526 1264/15/2527 1251/15/2512
f 1251/15/2512 1264/15/2527 1265/15/2528
f 1264/15/2527 1266/15/2529 1265/15/2528
f 1265/15/2528 1266/15/2529 1250/15/2511
f 1337/15/2530 1338/15/2522 1354/15/2485
f 1250/15/2511 1266/15/2529 1249/15/2510
f 1266/15/2529 1267/15/2531 1249/15/2510
f 1249/15/2510 1267/15/2531 1248/15/2509
f 1353/15/2483 1337/15/2530 1354/15/2485
f 1336/15/2532 1337/15/2530 1353/15/2483
f 1352/15/2484 1336/15/2532 1353/15/2483
f 1207/15/2456 1336/15/2532 1352/15/2484
f 1255/15/2517 1256/15/2518 1257/15/2519
f 1174/15/2421 1207/15/2456 1352/15/2484
f 1173/15/2420 1174/15/2421 1352/15/2484
f 1351/15/2478 1173/15/2420 1352/15/2484
f 1172/15/2419 1173/15/2420 1351/15/2478
f 1165/15/2412 1258/15/2520 1227/15/2482
f 1350/15/2474 1172/15/2419 1351/15/2478
f 1171/15/2418 1172/15/2419 1350/15/2474
f 1349/15/2476 1171/15/2418 1350/15/2474
f 1346/15/2533 1171/15/2418 1349/15/2476
f 1250/15/2511 1251/15/2512 1265/15/2528
f 1348/15/2500 1346/15/2533 1349/15/2476
f 1347/15/2534 1346/15/2533 1348/15/2500
f 1343/15/2535 1348/15/2500 1342/15/2501
f 1347/15/2534 1348/15/2500 1343/15/2535
f 1267/15/2531 1266/15/2529 1268/15/2536
f 1266/15/2529 1264/15/2527 1268/15/2536
f 1268/15/2536 1264/15/2527 1269/15/2537
f 1264/15/2527 1263/15/2526 1269/15/2537
f 1269/15/2537 1263/15/2526 1270/15/2538
f 1263/15/2526 1262/15/2525 1270/15/2538
f 1270/15/2538 1262/15/2525 1271/15/2539
f 1262/15/2525 1261/15/2524 1271/15/2539
f 1271/15/2539 1261/15/2524 1272/15/2540
f 1261/15/2524 1260/15/2523 1272/15/2540
f 1345/15/2541 1347/15/2534 1343/15/2535
f 1260/15/2523 1259/15/2520 1272/15/2540
f 1346/15/2533 1347/15/2534 1345/15/2541
f 1259/15/2520 1273/15/2542 1272/15/2540
f 1344/15/2543 1168/15/2415 1169/15/2416
f 1273/15/2542 1274/15/2544 1272/15/2540
f 1272/15/2540 1274/15/2544 1271/15/2539
f 1166/15/2413 1168/15/2415 1344/15/2543
f 1271/15/2539 1274/15/2544 1270/15/2538
f 1274/15/2544 1275/15/2545 1270/15/2538
f 1270/15/2538 1275/15/2545 1269/15/2537
f 1275/15/2545 1276/15/2546 1269/15/2537
f 1269/15/2537 1276/15/2546 1268/15/2536
f 1276/15/2546 1277/15/2547 1268/15/2536
f 1268/15/2536 1277/15/2547 1267/15/2531
f 1277/15/2547 1278/15/2548 1267/15/2531
f 1267/15/2531 1278/15/2548 1248/15/2509
f 1165/15/2412 1166/15/2413 1344/15/2543
f 1248/15/2509 1278/15/2548 1247/15/2508
f 1278/15/2548 1279/15/2549 1247/15/2508
f 1247/15/2508 1279/15/2549 1246/15/2507
f 1339/15/2521 1340/15/2550 1341/15/2513
f 1170/15/2417 1171/15/2418 1346/15/2533
f 1345/15/2541 1170/15/2417 1346/15/2533
f 1169/15/2416 1170/15/2417 1345/15/2541
f 1279/15/2549 1278/15/2548 1280/15/2551
f 1344/15/2543 1169/15/2416 1345/15/2541
f 1278/15/2548 1277/15/2547 1280/15/2551
f 1280/15/2551 1277/15/2547 1281/15/2552
f 1277/15/2547 1276/15/2546 1281/15/2552
f 1281/15/2552 1276/15/2546 1282/15/2553
f 1276/15/2546 1275/15/2545 1282/15/2553
f 1282/15/2553 1275/15/2545 1283/15/2554
f 1275/15/2545 1274/15/2544 1283/15/2554
f 1343/15/2535 1344/15/2543 1345/15/2541
f 1274/15/2544 1273/15/2542 1283/15/2554
f 1283/15/2554 1273/15/2542 1284/15/2555
f 1273/15/2542 1285/15/2556 1284/15/2555
f 1284/15/2555 1285/15/2556 1286/15/2557
f 1285/15/2556 1287/15/2558 1286/15/2557
f 1165/15/2412 1344/15/2543 1343/15/2535
f 1287/15/2558 1288/15/2559 1286/15/2557
f 1286/15/2557 1288/15/2559 1284/15/2555
f 1288/15/2559 1289/15/2560 1284/15/2555
f 1284/15/2555 1289/15/2560 1283/15/2554
f 1289/15/2560 1290/15/2561 1283/15/2554
f 1283/15/2554 1290/15/2561 1282/15/2553
f 1290/15/2561 1291/15/2562 1282/15/2553
f 1282/15/2553 1291/15/2562 1281/15/2552
f 1291/15/2562 1292/15/2563 1281/15/2552
f 1281/15/2552 1292/15/2563 1280/15/2551
f 1292/15/2563 1293/15/2564 1280/15/2551
f 1280/15/2551 1293/15/2564 1279/15/2549
f 1293/15/2564 1294/15/2565 1279/15/2549
f 1279/15/2549 1294/15/2565 1246/15/2507
f 1342/15/2501 1165/15/2412 1343/15/2535
f 1246/15/2507 1294/15/2565 1245/15/2506
f 1294/15/2565 1295/15/2566 1245/15/2506
f 1245/15/2506 1295/15/2566 1244/15/2505
f 1322/15/2567 1165/15/2412 1342/15/2501
f 1341/15/2513 1322/15/2567 1342/15/2501
f 1340/15/2550 1322/15/2567 1341/15/2513
f 1321/15/2568 1322/15/2567 1340/15/2550
f 1273/15/2542 1259/15/2520 1285/15/2556
f 1339/15/2521 1321/15/2568 1340/15/2550
f 1259/15/2520 1258/15/2520 1285/15/2556
f 1285/15/2556 1258/15/2520 1287/15/2558
f 1258/15/2520 1165/15/2412 1287/15/2558
f 1332/15/2569 1321/15/2568 1339/15/2521
f 1338/15/2522 1332/15/2569 1339/15/2521
f 1333/15/2570 1332/15/2569 1338/15/2522
f 1334/15/2571 1333/15/2570 1338/15/2522
f 1295/15/2566 1294/15/2565 1296/15/2572
f 1294/15/2565 1293/15/2564 1296/15/2572
f 1296/15/2572 1293/15/2564 1297/15/2573
f 1293/15/2564 1292/15/2563 1297/15/2573
f 1297/15/2573 1292/15/2563 1298/15/2574
f 1292/15/2563 1291/15/2562 1298/15/2574
f 1298/15/2574 1291/15/2562 1299/15/2575
f 1291/15/2562 1290/15/2561 1299/15/2575
f 1299/15/2575 1290/15/2561 1300/15/2576
f 1290/15/2561 1289/15/2560 1300/15/2576
f 1300/15/2576 1289/15/2560 1301/15/2577
f 1289/15/2560 1288/15/2559 1301/15/2577
f 1301/15/2577 1288/15/2559 1302/15/2578
f 1288/15/2559 1287/15/2558 1302/15/2578
f 1337/15/2530 1334/15/2571 1338/15/2522
f 1287/15/2558 1165/15/2412 1302/15/2578
f 1335/15/2579 1334/15/2571 1337/15/2530
f 1165/15/2412 1303/15/2580 1302/15/2578
f 1336/15/2532 1335/15/2579 1337/15/2530
f 1303/15/2580 1304/15/2581 1302/15/2578
f 1302/15/2578 1304/15/2581 1301/15/2577
f 1304/15/2581 1305/15/2582 1301/15/2577
f 1301/15/2577 1305/15/2582 1300/15/2576
f 1305/15/2582 1306/15/2583 1300/15/2576
f 1300/15/2576 1306/15/2583 1299/15/2575
f 1240/15/2498 1336/15/2532 1207/15/2456
f 1299/15/2575 1306/15/2583 1298/15/2574
f 1306/15/2583 1307/15/2584 1298/15/2574
f 1298/15/2574 1307/15/2584 1297/15/2573
f 1307/15/2584 1308/15/2585 1297/15/2573
f 1297/15/2573 1308/15/2585 1296/15/2572
f 1308/15/2585 1309/15/2586 1296/15/2572
f 1296/15/2572 1309/15/2586 1295/15/2566
f 1309/15/2586 1310/15/2587 1295/15/2566
f 1295/15/2566 1310/15/2587 1244/15/2505
f 1335/15/2579 1336/15/2532 1240/15/2498
f 1244/15/2505 1310/15/2587 1243/15/2504
f 1310/15/2587 1311/15/2588 1243/15/2504
f 1243/15/2504 1311/15/2588 1242/15/2503
f 1241/15/2502 1335/15/2579 1240/15/2498
f 1328/15/2589 1335/15/2579 1241/15/2502
f 1334/15/2571 1335/15/2579 1328/15/2589
f 1329/15/2590 1334/15/2571 1328/15/2589
f 1311/15/2588 1310/15/2587 1312/15/2591
f 1333/15/2570 1334/15/2571 1329/15/2590
f 1310/15/2587 1309/15/2586 1312/15/2591
f 1312/15/2591 1309/15/2586 1313/15/2592
f 1309/15/2586 1308/15/2585 1313/15/2592
f 1313/15/2592 1308/15/2585 1314/15/2593
f 1308/15/2585 1307/15/2584 1314/15/2593
f 1314/15/2593 1307/15/2584 1315/15/2594
f 1307/15/2584 1306/15/2583 1315/15/2594
f 1330/15/2595 1333/15/2570 1329/15/2590
f 1306/15/2583 1305/15/2582 1315/15/2594
f 1315/15/2594 1305/15/2582 1316/15/2596
f 1305/15/2582 1304/15/2581 1316/15/2596
f 1316/15/2596 1304/15/2581 1317/15/2481
f 1304/15/2581 1303/15/2580 1317/15/2481
f 1317/15/2481 1303/15/2580 1318/15/2597
f 1303/15/2580 1319/15/2598 1318/15/2597
f 1318/15/2597 1319/15/2598 1320/15/2599
f 1331/15/2600 1333/15/2570 1330/15/2595
f 1320/15/2599 1319/15/2598 1321/15/2568
f 1332/15/2569 1333/15/2570 1331/15/2600
f 1321/15/2568 1319/15/2598 1322/15/2567
f 1320/15/2599 1321/15/2568 1332/15/2569
f 1322/15/2567 1319/15/2598 1165/15/2412
f 1319/15/2598 1303/15/2580 1165/15/2412
f 1331/15/2600 1320/15/2599 1332/15/2569
f 1323/15/2601 1318/15/2597 1320/15/2599
f 1331/15/2600 1323/15/2601 1320/15/2599
f 1324/15/2602 1323/15/2601 1331/15/2600
f 1317/15/2481 1318/15/2597 1316/15/2596
f 1318/15/2597 1323/15/2601 1316/15/2596
f 1316/15/2596 1323/15/2601 1315/15/2594
f 1323/15/2601 1324/15/2602 1315/15/2594
f 1315/15/2594 1324/15/2602 1314/15/2593
f 1324/15/2602 1325/15/2603 1314/15/2593
f 1314/15/2593 1325/15/2603 1313/15/2592
f 1325/15/2603 1326/15/2604 1313/15/2592
f 1313/15/2592 1326/15/2604 1312/15/2591
f 1326/15/2604 1327/15/2605 1312/15/2591
f 1312/15/2591 1327/15/2605 1311/15/2588
f 1330/15/2595 1324/15/2602 1331/15/2600
f 1311/15/2588 1327/15/2605 1242/15/2503
f 1325/15/2603 1324/15/2602 1330/15/2595
f 1242/15/2503 1327/15/2605 1241/15/2502
f 1329/15/2590 1325/15/2603 1330/15/2595
f 1241/15/2502 1327/15/2605 1328/15/2589
f 1327/15/2605 1326/15/2604 1328/15/2589
f 1328/15/2589 1326/15/2604 1329/15/2590
f 1326/15/2604 1325/15/2603 1329/15/2590
