# Blender 4.5.5 LTS
# www.blender.org
mtllib cathat1.mtl
o model_1
v -2.152585 7.040517 -0.251905
v -2.234710 8.117929 -0.328951
v -2.187024 7.135934 0.096047
v -1.927406 7.561333 0.247655
v -2.022776 6.090327 0.453941
v -1.614804 7.056420 0.595607
v -1.649243 7.764093 0.163152
v -1.625400 7.887339 -0.207168
v -1.967143 5.967081 -0.229536
v -1.021389 7.410256 0.530987
v -1.633348 7.072323 0.630402
v -2.059864 6.086352 0.463882
v -2.004232 5.963105 -0.236992
v -1.045232 7.620968 -0.127636
v -1.018740 7.438087 0.558326
v -1.029337 7.656749 -0.130122
v -1.100865 7.553381 -0.254390
v -1.084970 7.577236 -0.281729
v -1.185638 7.438087 -0.341378
v -1.180340 7.446038 -0.381144
v -1.405519 7.211472 -0.296641
v -1.408168 7.207496 -0.333922
v -1.643945 6.798000 -0.259361
v -1.673085 6.770170 -0.256875
v -1.130005 7.509649 -0.065502
v -1.127356 7.485795 -0.035677
v -1.747262 6.889441 -0.224566
v -1.400221 7.660725 -0.105268
v -1.553873 7.457965 -0.174858
v -1.673085 7.811801 -0.145034
v -1.858527 7.688555 -0.234507
v -2.115497 7.903242 -0.299127
v -1.569768 7.402305 -0.311554
v -1.718121 7.779996 -0.378659
v -1.667787 7.843607 -0.326466
v -2.216165 8.070221 -0.383629
v -2.134041 7.116055 -0.346349
v -1.938002 6.118157 -0.316524
v -1.972442 6.110206 -0.338892
v -1.903563 6.237428 -0.378658
v -1.895616 6.241404 -0.338893
v -2.089005 7.179667 -0.378659
v -2.165831 7.994683 -0.403512
v -1.834685 7.676628 -0.356290
v -2.033372 7.287010 -0.271788
v -1.853229 6.491872 -0.214624
v -1.821439 6.495848 -0.241963
v -2.115497 7.903242 -0.299127
v -1.953897 7.601089 -0.202197
v -1.673085 7.811801 -0.145034
v -1.400221 7.660725 -0.105268
v -1.670436 7.088226 -0.137578
v -1.130005 7.509649 -0.065502
v -1.127356 7.485795 -0.035677
v -1.659840 7.088226 -0.177344
v -1.853229 6.491872 -0.214624
v -1.821439 6.495848 -0.241963
v -2.033372 7.287010 -0.271788
v -1.720770 7.131958 -0.197226
v -1.471748 7.394354 -0.110239
v -1.458503 7.394354 -0.110239
v -1.712823 7.541454 -0.199712
v -1.728718 7.406281 -0.204683
v -1.673085 7.044493 -0.184800
v -1.606856 7.310864 -0.157461
v -1.604207 7.402305 -0.154975
v -1.736665 7.473867 -0.202197
v -1.935353 7.581211 -0.274273
v -1.824088 7.577236 -0.236992
v -1.866475 7.302913 -0.251905
v -1.749911 7.310864 -0.204683
v -1.967143 7.187618 -0.286700
v -1.779052 7.195569 -0.224566
v -1.903563 6.897392 -0.264331
v -1.720770 7.131958 -0.197226
v -1.832036 7.072323 -0.241963
v 2.152316 7.040517 -0.251905
v 2.234440 8.117929 -0.328951
v 2.186755 7.135934 0.096047
v 1.927137 7.561333 0.247655
v 2.022507 6.090327 0.453941
v 1.617184 7.056420 0.595607
v 1.648974 7.764093 0.163152
v 1.625131 7.887339 -0.207168
v 1.966874 5.967081 -0.229536
v 1.021121 7.410256 0.530987
v 1.018471 7.438087 0.558326
v 1.633079 7.072323 0.630402
v 2.059595 6.086352 0.463882
v 1.047612 7.620968 -0.127636
v 1.029068 7.656749 -0.130122
v 1.084701 7.577236 -0.281729
v 1.100596 7.553381 -0.254390
v 1.180071 7.446038 -0.381144
v 1.185369 7.438087 -0.341378
v 1.407899 7.207496 -0.333922
v 1.405250 7.211472 -0.296641
v 1.672816 6.770170 -0.256875
v 1.643675 6.798000 -0.259361
v 1.127087 7.485795 -0.035677
v 1.129737 7.509649 -0.065502
v 1.749642 6.889441 -0.224566
v 1.399952 7.660725 -0.105268
v 1.556253 7.457965 -0.174858
v 1.672816 7.811801 -0.145034
v 1.860907 7.688555 -0.234507
v 2.115228 7.903242 -0.299127
v 2.165562 7.994683 -0.403512
v 2.033103 7.287010 -0.271788
v 2.088736 7.179667 -0.378659
v 1.852960 6.491872 -0.214624
v 1.895347 6.241404 -0.338893
v 1.903294 6.237428 -0.378658
v 1.972173 6.110206 -0.338892
v 1.940382 6.118157 -0.316524
v 2.006612 5.963105 -0.236992
v 1.823819 6.495848 -0.241963
v 2.136421 7.116055 -0.346349
v 2.215896 8.070221 -0.383629
v 1.667518 7.843607 -0.326466
v 1.717852 7.779996 -0.378659
v 1.834416 7.676628 -0.356290
v 1.569499 7.402305 -0.311554
v 2.115228 7.903242 -0.299127
v 1.953628 7.601089 -0.202197
v 1.672816 7.811801 -0.145034
v 1.399952 7.660725 -0.105268
v 1.670167 7.088226 -0.137578
v 1.129737 7.509649 -0.065502
v 1.659570 7.088226 -0.177344
v 1.127087 7.485795 -0.035677
v 2.033103 7.287010 -0.271788
v 1.852960 6.491872 -0.214624
v 1.823819 6.495848 -0.241963
v 1.720501 7.131958 -0.197226
v 1.458234 7.394354 -0.110239
v 1.471479 7.394354 -0.110239
v 1.712554 7.541454 -0.199712
v 1.731098 7.406281 -0.204683
v 1.778783 7.195569 -0.224566
v 1.672816 7.044493 -0.184800
v 1.903294 6.897392 -0.264331
v 1.720501 7.131958 -0.197226
v 1.831767 7.072323 -0.241963
v 1.609236 7.310864 -0.157461
v 1.749642 7.310864 -0.204683
v 1.966874 7.187618 -0.286700
v 1.866206 7.302913 -0.251905
v 1.603938 7.402305 -0.154975
v 1.736396 7.473867 -0.202197
v 1.935084 7.581211 -0.274273
v 1.823819 7.577236 -0.236992
v -0.539241 7.350621 0.533472
v -0.552486 7.418208 0.260082
v -0.282271 7.489770 0.267538
v -0.284920 7.513625 -0.038163
v 0.001190 7.541454 -0.038163
v 0.001190 7.513625 -0.356290
v 0.282002 7.489770 -0.353805
v 0.276704 7.418208 -0.654535
v 0.538972 7.350621 -0.634652
v 0.520427 7.243278 -0.880703
v 0.740309 7.155812 -0.828510
v 0.719115 7.028590 -0.980118
v 0.854223 6.972930 -0.903072
v 0.740309 6.853660 -1.052194
v 0.520427 6.889441 -1.149123
v 0.512480 7.088226 -1.057164
v 0.268756 7.294961 -0.915498
v 0.001190 7.438087 -0.661991
v -0.282271 7.489770 -0.353805
v -0.560434 7.438087 -0.035677
v -0.552486 7.418208 -0.343863
v -0.276973 7.418208 -0.654535
v 0.001190 7.314840 -0.925440
v 0.266107 7.127983 -1.104387
v 0.268756 6.917271 -1.206287
v 0.001190 6.925222 -1.226170
v 0.001190 7.143885 -1.119299
v -0.269025 7.294961 -0.915498
v -0.539241 7.350621 -0.634652
v -0.520696 7.243278 -0.880703
v -0.266376 7.127983 -1.104387
v -0.269025 6.917271 -1.206287
v -0.279622 6.670778 -1.246053
v 0.001190 6.674754 -1.265936
v 0.279353 6.670778 -1.246053
v 0.544270 6.654875 -1.178948
v 0.292599 6.396456 -1.251023
v 0.001190 6.400431 -1.273392
v -0.292868 6.396456 -1.251023
v -0.571031 6.392480 -1.178948
v -0.544539 6.654875 -1.178948
v -0.520696 6.889441 -1.149123
v -0.512749 7.088226 -1.057164
v -0.740578 6.853660 -1.052194
v -0.780315 6.634997 -1.069591
v -0.825351 6.384529 -1.064621
v -0.870387 6.114182 -1.062135
v -0.605470 6.114182 -1.181433
v -0.308763 6.114182 -1.253509
v 0.001190 6.114182 -1.280848
v -0.327307 5.831908 -1.278362
v -0.637260 5.839859 -1.206287
v -0.912774 5.847810 -1.082018
v -1.135304 5.851786 -0.930411
v -1.092917 6.114182 -0.905557
v -1.039934 6.380553 -0.908042
v -0.981652 6.627046 -0.920469
v -1.206831 6.384529 -0.714183
v -1.259815 6.114182 -0.711698
v -1.291605 5.847810 -0.734066
v -1.291605 5.597342 -0.771347
v -1.151199 5.605293 -0.962720
v -0.936616 5.597342 -1.111843
v -0.663752 5.577464 -1.231140
v -0.936616 5.378679 -1.114328
v -1.124707 5.398557 -0.977633
v -1.238621 5.378679 -0.801171
v -1.291605 5.346873 -0.575003
v -1.368431 5.577464 -0.537722
v -1.389624 5.839859 -0.505412
v -1.371080 6.114182 -0.488015
v -1.432011 5.831908 -0.251905
v -1.389624 5.565536 -0.276758
v -1.291605 5.323019 -0.306583
v -1.135304 5.120259 -0.336407
v -1.151199 5.156040 -0.614769
v -1.124707 5.211700 -0.835966
v -1.074373 5.267360 -0.970176
v -0.928669 5.211700 -1.052194
v -0.676997 5.346873 -1.221199
v -0.343202 5.565536 -1.300731
v 0.001190 5.831908 -1.303216
v 0.308494 6.114182 -1.253509
v 0.573411 6.392480 -1.178948
v 0.782695 6.634997 -1.069591
v 0.915154 6.833781 -0.920469
v 0.912505 7.028590 -0.776318
v 0.774748 7.243278 -0.602342
v 0.552217 7.418208 -0.343863
v 0.284651 7.513625 -0.038163
v 0.001190 7.513625 0.270023
v -0.276973 7.418208 0.548384
v -0.520696 7.243278 0.774553
v -0.269025 7.294961 0.799407
v 0.001190 7.438087 0.555841
v 0.282002 7.489770 0.267538
v 0.560165 7.438087 -0.035677
v 0.801239 7.294961 -0.326466
v 0.973435 7.088226 -0.567547
v 1.039665 6.853660 -0.751464
v 0.981383 6.627046 -0.920469
v 0.825082 6.384529 -1.064621
v 0.605201 6.114182 -1.181433
v 0.327038 5.831908 -1.278362
v 0.001190 5.557585 -1.323099
v -0.356448 5.323019 -1.280848
v -0.679647 5.156040 -1.134211
v -0.676997 5.012916 -0.952779
v -0.936616 5.092429 -0.893130
v -0.356448 4.965207 -0.987574
v -0.359097 5.120259 -1.183918
v 0.001190 5.311092 -1.298245
v 0.342933 5.565536 -1.300731
v 0.636991 5.839859 -1.206287
v 0.870118 6.114182 -1.062135
v 1.039665 6.380553 -0.908042
v 1.135035 6.634997 -0.731581
v 1.127087 6.889441 -0.535237
v 1.013173 7.127983 -0.306583
v 0.811836 7.314840 -0.030707
v 0.552217 7.418208 0.260082
v 0.276704 7.418208 0.548384
v 0.001190 7.314840 0.809348
v -0.266376 7.127983 1.013149
v -0.512749 7.088226 0.973383
v -0.719384 7.028590 0.913734
v -0.737928 7.155812 0.739758
v -0.775017 7.243278 0.516075
v -0.801508 7.294961 0.255111
v -0.809456 7.314840 -0.030707
v -0.801508 7.294961 -0.326466
v -0.775017 7.243278 -0.602342
v -0.737928 7.155812 -0.828510
v -0.719384 7.028590 -0.980118
v -0.915423 6.833781 -0.920469
v -1.135304 6.634997 -0.731581
v -1.320746 6.392480 -0.490500
v -1.429362 6.114182 -0.239478
v -1.429362 5.831908 0.016515
v -1.371080 5.557585 -0.000882
v -1.259815 5.311092 -0.020765
v -1.092917 5.108332 -0.038163
v -0.870387 4.949305 -0.050589
v -0.912774 4.965207 -0.361261
v -0.936616 5.012916 -0.654534
v -0.663752 4.917499 -0.689330
v -0.343202 4.861839 -0.711698
v 0.001190 4.841961 -0.719154
v 0.001190 4.949305 -1.000001
v 0.001190 5.108332 -1.198830
v 0.356179 5.323019 -1.280848
v 0.663483 5.577464 -1.231140
v 0.912505 5.847810 -1.082018
v 1.092648 6.114182 -0.905557
v 1.206562 6.384529 -0.714183
v 1.241002 6.654875 -0.510383
v 1.180071 6.917271 -0.281729
v 1.026419 7.143885 -0.020765
v 0.801239 7.294961 0.255111
v 0.538972 7.350621 0.533472
v 0.268756 7.294961 0.799407
v 0.001190 7.143885 1.028061
v 0.001190 6.925222 1.199551
v -0.269025 6.917271 1.179669
v 0.001190 6.674754 1.323820
v -0.276973 6.670778 1.301452
v -0.520696 6.889441 1.127476
v 0.276704 6.670778 1.301452
v 0.268756 6.917271 1.179669
v 0.266107 7.127983 1.013149
v 0.520427 7.243278 0.774553
v 0.774748 7.243278 0.516075
v 1.013173 7.127983 0.257596
v 1.198615 6.925222 -0.008338
v 1.304582 6.670778 -0.259361
v 1.320477 6.392480 -0.490500
v 1.259546 6.114182 -0.711698
v 1.135035 5.851786 -0.930411
v 0.938996 5.597342 -1.111843
v 0.676728 5.346873 -1.221199
v 0.358828 5.120259 -1.183918
v 0.356179 4.965207 -0.987574
v 0.342933 4.861839 -0.711698
v 0.663483 4.917499 -0.689330
v 0.676728 5.012916 -0.952779
v 0.682027 5.156040 -1.134211
v 0.936347 5.378679 -1.114328
v 1.150930 5.605293 -0.962720
v 1.291336 5.847810 -0.734066
v 1.370811 6.114182 -0.488015
v 1.386706 6.396456 -0.241963
v 1.325775 6.674754 0.009059
v 1.180071 6.917271 0.265052
v 0.973435 7.088226 0.508619
v 0.740309 7.155812 0.739758
v 0.512480 7.088226 0.973383
v 0.520427 6.889441 1.127476
v 0.538972 6.654875 1.236832
v 0.552217 6.392480 1.301452
v 0.282002 6.396456 1.376013
v 0.560165 6.114182 1.323820
v 0.284651 6.114182 1.400867
v 0.001190 6.400431 1.400867
v 0.811836 6.114182 1.199551
v 0.801239 6.384529 1.179669
v 0.774748 6.634997 1.127476
v 0.740309 6.853660 1.038002
v 0.719115 7.028590 0.913734
v 0.912505 7.028590 0.719875
v 1.127087 6.889441 0.518560
v 1.301933 6.670778 0.279965
v 1.405250 6.400431 0.021486
v 1.429093 6.114182 -0.239478
v 1.389355 5.839859 -0.505412
v 1.291336 5.597342 -0.771347
v 1.124438 5.398557 -0.977633
v 0.928400 5.211700 -1.052194
v 0.936347 5.092429 -0.893130
v 0.938996 5.012916 -0.654534
v 1.150930 5.156040 -0.614769
v 1.124438 5.211700 -0.835966
v 1.074104 5.267360 -0.970176
v 1.238352 5.378679 -0.801171
v 1.368162 5.577464 -0.537722
v 1.431742 5.831908 -0.251905
v 1.442339 6.114182 0.023972
v 1.378758 6.396456 0.292391
v 1.235703 6.654875 0.538443
v 1.039665 6.853660 0.739758
v 0.854223 6.972930 0.856570
v 0.912505 6.833781 0.913734
v 1.127087 6.634997 0.774553
v 1.301933 6.392480 0.555841
v 1.405250 6.114182 0.294877
v 1.429093 5.831908 0.016515
v 1.389355 5.565536 -0.276758
v 1.291336 5.346873 -0.575003
v 1.291336 5.323019 -0.306583
v 1.370811 5.557585 -0.000882
v 1.386706 5.831908 0.289906
v 1.325775 6.114182 0.563297
v 1.180071 6.384529 0.801892
v 0.973435 6.627046 0.973383
v 1.013173 6.380553 1.013149
v 1.198615 6.114182 0.811834
v 1.304582 5.839859 0.555841
v 1.320477 5.565536 0.274994
v 1.259546 5.311092 -0.020765
v 1.135035 5.120259 -0.336407
v 0.912505 4.965207 -0.361261
v 0.636991 4.861839 -0.381144
v 0.327038 4.802204 -0.391085
v 0.001190 4.782325 -0.393571
v -0.327307 4.802204 -0.391085
v -0.637260 4.861839 -0.381144
v -0.605470 4.841961 -0.055560
v -0.308763 4.782325 -0.058046
v 0.001190 4.762447 -0.058046
v 0.308494 4.782325 -0.058046
v 0.605201 4.841961 -0.055560
v 0.870118 4.949305 -0.050589
v 1.092648 5.108332 -0.038163
v 1.206562 5.323019 0.260082
v 1.241002 5.577464 0.538443
v 1.180071 5.847810 0.801892
v 1.026419 6.114182 1.028061
v 1.013173 5.851786 1.013149
v 1.127087 5.597342 0.774553
v 1.135035 5.346873 0.518560
v 1.039665 5.120259 0.250140
v 0.825082 4.965207 0.247655
v 0.573411 4.861839 0.252626
v 0.292599 4.802204 0.257596
v 0.001190 4.782325 0.260082
v -0.292868 4.802204 0.257596
v -0.571031 4.861839 0.252626
v -0.825351 4.965207 0.247655
v -1.039934 5.120259 0.250140
v -1.206831 5.323019 0.260082
v -1.320746 5.565536 0.274994
v -1.135304 5.346873 0.518560
v -0.981652 5.156040 0.506133
v -0.780315 5.012916 0.513590
v -0.544539 4.917499 0.530987
v -0.279622 4.861839 0.545899
v 0.001190 4.841961 0.553355
v 0.279353 4.861839 0.545899
v 0.544270 4.917499 0.530987
v 0.782695 5.012916 0.513590
v 0.981383 5.156040 0.506133
v 1.039665 5.378679 0.739758
v 0.973435 5.605293 0.973383
v 0.801239 5.847810 1.179669
v 0.552217 5.839859 1.301452
v 0.774748 5.597342 1.127476
v 0.912505 5.398557 0.913734
v 0.915154 5.211700 0.719875
v 0.740309 5.092429 0.737273
v 0.854223 5.267360 0.856571
v 0.740309 5.378679 1.038003
v 0.538972 5.577464 1.236832
v 0.282002 5.831908 1.376013
v 0.001190 6.114182 1.425720
v -0.282271 6.396456 1.376013
v -0.539241 6.654875 1.236832
v -0.737928 6.853660 1.038002
v -0.854492 6.972930 0.856570
v -0.912774 7.028590 0.719875
v -0.973704 7.088226 0.508619
v -1.013442 7.127983 0.257596
v -1.026688 7.143885 -0.020765
v -1.013442 7.127983 -0.306583
v -0.973704 7.088226 -0.567547
v -0.912774 7.028590 -0.776318
v -0.854492 6.972930 -0.903072
v -1.039934 6.853660 -0.751464
v -1.241271 6.654875 -0.510383
v -1.386975 6.396456 -0.241963
v -1.442608 6.114182 0.023972
v -1.386975 5.831908 0.289906
v -1.241271 5.577464 0.538443
v -1.039934 5.378679 0.739758
v -0.915423 5.211700 0.719875
v -0.740578 5.092429 0.737273
v -0.520696 5.012916 0.772068
v -0.269025 4.965207 0.799407
v 0.001190 4.949305 0.809349
v 0.268756 4.965207 0.799407
v 0.520427 5.012916 0.772068
v 0.719115 5.211700 0.913734
v 0.520427 5.346873 1.127476
v 0.276704 5.565536 1.301452
v 0.001190 5.831908 1.400867
v -0.284920 6.114182 1.400867
v -0.552486 6.392480 1.301452
v -0.775017 6.634997 1.127476
v -0.912774 6.833781 0.913734
v -1.039934 6.853660 0.739758
v -0.973704 6.627046 0.973383
v -0.801508 6.384529 1.179669
v -0.560434 6.114182 1.323820
v -0.282271 5.831908 1.376013
v 0.001190 5.557585 1.323820
v 0.268756 5.323019 1.179669
v 0.512480 5.156040 0.973383
v 0.266107 5.120259 1.013149
v 0.001190 5.311092 1.199552
v -0.276973 5.565536 1.301452
v -0.552486 5.839859 1.301452
v -0.809456 6.114182 1.199551
v -1.013442 6.380553 1.013149
v -1.127356 6.634997 0.774553
v -1.127356 6.889441 0.518560
v -1.180340 6.917271 0.265052
v -1.235972 6.654875 0.538443
v -1.180340 6.384529 0.801892
v -1.026688 6.114182 1.028061
v -0.801508 5.847810 1.179669
v -0.539241 5.577464 1.236832
v -0.269025 5.323019 1.179669
v 0.001190 5.108332 1.028061
v -0.266376 5.120259 1.013149
v -0.520696 5.346873 1.127476
v -0.775017 5.597342 1.127476
v -1.013442 5.851786 1.013149
v -1.198884 6.114182 0.811834
v -1.302202 6.392480 0.555841
v -1.302202 6.670778 0.279965
v -1.198884 6.925222 -0.008338
v -1.180340 6.917271 -0.281729
v -1.326044 6.674754 0.009059
v -1.379027 6.396456 0.292391
v -1.326044 6.114182 0.563297
v -1.180340 5.847810 0.801892
v -0.973704 5.605293 0.973383
v -0.737928 5.378679 1.038003
v -0.512749 5.156040 0.973383
v -0.719384 5.211700 0.913734
v -0.854492 5.267360 0.856571
v -0.912774 5.398557 0.913734
v -1.127356 5.597342 0.774553
v -1.304851 5.839859 0.555841
v -1.405519 6.114182 0.294877
v -1.405519 6.400431 0.021486
v -1.304851 6.670778 -0.259361
v -1.127356 6.889441 -0.535237
v -1.233323 6.320918 -0.863306
v -1.270411 6.209598 -0.868276
v -1.302202 6.332845 -0.865791
v -1.344588 6.213574 -0.873247
v -1.347237 6.336820 -0.908042
v -1.281008 6.452115 -0.915498
v -1.233323 6.444164 -0.880703
v -1.188287 6.543556 -0.950294
v -1.143251 6.543556 -0.920469
v -1.167094 6.424285 -0.880703
v -1.153848 6.301039 -0.900586
v -1.180340 6.201647 -0.908042
v -1.283657 6.094303 -0.888159
v -1.360483 6.090327 -0.893130
v -1.389624 6.213574 -0.917984
v -1.357834 6.336820 -0.977633
v -1.294254 6.444164 -0.977633
v -1.209481 6.527653 -1.004972
v -1.106163 6.587289 -1.067106
v -1.077022 6.615119 -1.017398
v -1.034635 6.615119 -0.987574
v -1.079671 6.515726 -0.922954
v -1.092917 6.384529 -0.920469
v -1.084970 6.277185 -0.950294
v -1.077022 6.205623 -0.977633
v -1.188287 6.102254 -0.927925
v -1.185638 6.006838 -0.945323
v -1.275710 5.990935 -0.910528
v -1.347237 5.975032 -0.917984
v -1.405519 6.086352 -0.940352
v -1.397572 6.213574 -0.995030
v -1.318097 6.336820 -1.072077
v -1.265113 6.440188 -1.059650
v -1.212130 6.503799 -1.054679
v -1.137953 6.531629 -1.116813
v -1.016091 6.559459 -1.206287
v -0.981652 6.623070 -1.154094
v -0.947213 6.658851 -1.106872
v -1.180340 6.448140 -1.151608
v -1.050530 6.464042 -1.251023
v -0.865089 6.567410 -1.300731
v -0.835948 6.638973 -1.248538
v -1.225376 6.340796 -1.178948
v -1.352536 6.213574 -1.091960
v -1.410818 6.086352 -1.017398
v -1.392273 5.971057 -0.962720
v -1.310149 5.875640 -0.950293
v -1.243920 5.895519 -0.940352
v -1.182989 5.819981 -0.985089
v -1.164445 5.927324 -0.967691
v -1.108812 5.863713 -1.012428
v -1.095566 5.955154 -1.007457
v -1.082320 6.018765 -1.012428
v -1.071724 6.110206 -1.007457
v -0.926019 6.118157 -1.111843
v -0.965757 6.010814 -1.096930
v -1.031986 5.927324 -1.057164
v -1.031986 5.804078 -1.067106
v -1.100865 5.752394 -1.042252
v -1.246569 5.788175 -0.995030
v -1.352536 5.863713 -0.992545
v -1.397572 5.967081 -1.039767
v -1.365782 6.086352 -1.116813
v -1.251867 6.213574 -1.206287
v -1.084970 6.344771 -1.290789
v -0.894229 6.468018 -1.350438
v -0.703489 6.559459 -1.385233
v -0.727332 6.460067 -1.434941
v -0.918072 6.348747 -1.395175
v -1.108812 6.217549 -1.323099
v -1.262464 6.086352 -1.231140
v -1.355185 5.963105 -1.136696
v -1.360483 5.859737 -1.062135
v -1.288956 5.776248 -1.032311
v -1.159146 5.716612 -1.052194
v -1.008144 5.692759 -1.106872
v -0.955160 5.744442 -1.121784
v -0.888931 5.812029 -1.161550
v -0.952511 5.875640 -1.114328
v -0.854492 5.971057 -1.178948
v -0.682296 6.122133 -1.263450
v -0.796210 5.871665 -1.218714
v -0.846544 5.756370 -1.191374
v -0.873036 5.700710 -1.176462
v -0.907475 5.645050 -1.173977
v -1.055829 5.660953 -1.119299
v -1.201533 5.704686 -1.086989
v -1.299552 5.776248 -1.091960
v -1.320746 5.859737 -1.151608
v -1.254516 5.963105 -1.246053
v -1.116760 6.086352 -1.345467
v -0.936616 6.217549 -1.429970
v -0.745876 6.340796 -1.479677
v -0.568381 6.440188 -1.492104
v -0.552486 6.535604 -1.442397
v -0.682296 6.631021 -1.333040
v -0.806807 6.678730 -1.201316
v -0.912774 6.666802 -1.072077
v -0.984301 6.591264 -0.985089
v -0.875685 6.638973 -1.062135
v -0.780315 6.686681 -1.164035
v -0.661102 6.670778 -1.283333
v -0.536591 6.603191 -1.392689
v -0.420028 6.495848 -1.474707
v -0.430625 6.408382 -1.519443
v -0.581627 6.324893 -1.531870
v -0.761771 6.213574 -1.511987
v -0.947213 6.086352 -1.452338
v -1.111461 5.963105 -1.357894
v -1.228025 5.855762 -1.253509
v -1.270411 5.776248 -1.166521
v -1.220077 5.712637 -1.134211
v -1.095566 5.653001 -1.154094
v -0.941914 5.617220 -1.193860
v -0.793561 5.621196 -1.241082
v -0.777666 5.684807 -1.233626
v -0.775017 5.768297 -1.233626
v -0.682296 5.903470 -1.275877
v -0.557785 5.863713 -1.310672
v -0.573680 5.760345 -1.310672
v -0.496854 5.744442 -1.325584
v -0.565732 5.676856 -1.315643
v -0.674348 5.676856 -1.283333
v -0.674348 5.613245 -1.295760
v -0.814754 5.597342 -1.265936
v -0.973704 5.617220 -1.231140
v -1.122058 5.668904 -1.198830
v -1.220077 5.728539 -1.176462
v -1.188287 5.772272 -1.251023
v -1.092917 5.855762 -1.355409
v -0.944564 5.963105 -1.457309
v -0.769718 6.082376 -1.534356
v -0.592224 6.201647 -1.564180
v -0.433274 6.305015 -1.556724
v -0.314061 6.376577 -1.524414
v -0.314061 6.452115 -1.487134
v -0.404133 6.559459 -1.427485
v -0.520696 6.642948 -1.342982
v -0.645207 6.678730 -1.243567
v -0.759122 6.658851 -1.146638
v -0.843895 6.583313 -1.079533
v -0.931318 6.535604 -1.017398
v -1.013442 6.464042 -0.965206
v -1.018740 6.324893 -0.987574
v -0.957809 6.229476 -1.059650
v -0.843895 6.289112 -1.134211
v -0.936616 6.388504 -1.037282
v -0.865089 6.468018 -1.079533
v -0.676997 5.776248 -1.280848
v -0.777666 6.396456 -1.164035
v -0.820053 6.523678 -1.106872
v -0.748525 6.595240 -1.151608
v -0.637260 6.650900 -1.221199
v -0.512749 6.650900 -1.300731
v -0.390887 6.591264 -1.380262
v -0.295517 6.499824 -1.447368
v -0.245183 6.416334 -1.487134
v -0.213393 6.432237 -1.459794
v -0.276973 6.523678 -1.402631
v -0.385589 6.599216 -1.338011
v -0.515398 6.623070 -1.275877
v -0.221340 6.356699 -1.509502
v -0.157760 6.352723 -1.477192
v -0.184252 6.444164 -1.420028
v -0.274324 6.527653 -1.362865
v -0.398835 6.579337 -1.310672
v -0.306114 6.281160 -1.556724
v -0.438572 6.189720 -1.584063
v -0.600172 6.078400 -1.581578
v -0.769718 5.967081 -1.536841
v -0.931318 5.855762 -1.449853
v -1.063776 5.764321 -1.342982
v -1.148550 5.708661 -1.236111
v -1.002845 5.641075 -1.275877
v -1.031986 5.692759 -1.315643
v -0.912774 5.760345 -1.429970
v -0.764420 5.859737 -1.524414
v -0.605470 5.967081 -1.584063
v -0.446520 6.074425 -1.598975
v -0.303464 6.177793 -1.579092
v -0.200147 6.265258 -1.534356
v -0.120672 6.257307 -1.497075
v -0.115373 6.352723 -1.437426
v -0.178953 6.444164 -1.380262
v -0.295517 6.507775 -1.333040
v -0.430625 6.531629 -1.295760
v -0.531293 6.567410 -1.268421
v -0.639909 6.583313 -1.221199
v -0.751174 6.503799 -1.164035
v -0.663752 6.348747 -1.243567
v -0.536591 6.368626 -1.288304
v -0.544539 6.479945 -1.273392
v -0.465064 6.479945 -1.293275
v -0.345851 6.468018 -1.315643
v -0.205445 6.424285 -1.347953
v -0.104777 6.352723 -1.395175
v -0.070338 6.257307 -1.452338
v -0.102128 6.157914 -1.514472
v -0.192199 6.165865 -1.554238
v -0.308763 6.066473 -1.591519
v -0.454467 5.967081 -1.601460
v -0.605470 5.863713 -1.571636
v -0.753823 5.764321 -1.499560
v -0.888931 5.684807 -1.395175
v -0.862439 5.629148 -1.352924
v -0.838597 5.597342 -1.305701
v -0.684945 5.589390 -1.325584
v -0.650506 6.483921 -1.231140
v -0.700840 5.597342 -1.370321
v -0.719384 5.629148 -1.417543
v -0.737928 5.688783 -1.462280
v -0.602821 5.772272 -1.544297
v -0.462415 5.867689 -1.589034
v -0.319359 5.963105 -1.594004
v -0.192199 6.058522 -1.564180
v -0.102128 6.054546 -1.521929
v -0.208094 5.959130 -1.566665
v -0.335255 5.871665 -1.584063
v -0.467713 5.784199 -1.564180
v -0.592224 5.696734 -1.507016
v -0.578978 5.641075 -1.459794
v -0.565732 5.605293 -1.412572
v -0.555136 5.593366 -1.365350
v -0.555136 5.617220 -1.333040
v -0.467713 5.684807 -1.333040
v -0.441221 5.637099 -1.352924
v -0.433274 5.617220 -1.390204
v -0.441221 5.625172 -1.434941
v -0.454467 5.660953 -1.484648
v -0.465064 5.712637 -1.529385
v -0.353799 5.796126 -1.561695
v -0.231937 5.871665 -1.559209
v -0.118023 5.955154 -1.524414
v -0.043846 6.050570 -1.472221
v -0.046495 6.153938 -1.464765
v -0.051793 6.253331 -1.407602
v -0.128619 6.340796 -1.360380
v -0.025302 6.153938 -1.420028
v -0.075636 6.249355 -1.372806
v -0.022652 6.050570 -1.424999
v -0.062390 5.951178 -1.474707
v -0.152462 5.867689 -1.516958
v -0.263727 5.800102 -1.541812
v -0.359097 5.732515 -1.531870
v -0.345851 5.688783 -1.492104
v -0.329956 5.660953 -1.447368
v -0.322009 5.653001 -1.402631
v -0.337904 5.676856 -1.365350
v -0.382940 5.724564 -1.342982
v -0.454467 5.792150 -1.328070
v -0.499503 5.955154 -1.318128
v -0.374992 5.990935 -1.330555
v -0.298166 5.903470 -1.340497
v -0.388238 5.855762 -1.333040
v -0.300815 5.780224 -1.347953
v -0.245183 5.732515 -1.372806
v -0.226639 5.708661 -1.410087
v -0.234586 5.712637 -1.454824
v -0.261078 5.732515 -1.497075
v -0.292868 5.752394 -1.526899
v -0.197498 5.788175 -1.507016
v -0.099478 5.859737 -1.469736
v -0.041197 5.955154 -1.424999
v -0.049144 6.058522 -1.385233
v -0.051793 6.153938 -1.380262
v -0.139216 6.237428 -1.350438
v -0.192199 6.312966 -1.340497
v -0.269025 6.388504 -1.330555
v -0.425326 6.416334 -1.305701
v -0.486257 6.257307 -1.305701
v -0.361746 6.332845 -1.320614
v -0.279622 6.265258 -1.330555
v -0.364395 6.193696 -1.325584
v -0.414730 6.098279 -1.323099
v -0.242534 5.994911 -1.345467
v -0.229288 5.931300 -1.345467
v -0.221340 5.839859 -1.352924
v -0.163058 5.796126 -1.377777
v -0.141865 5.780224 -1.415058
v -0.157760 5.780224 -1.462280
v -0.080934 5.859737 -1.422514
v -0.065039 5.963105 -1.385233
v -0.133918 5.979008 -1.360380
v -0.160409 5.903470 -1.357894
v -0.099478 5.875640 -1.382748
v -0.125970 6.066473 -1.360380
v -0.123321 6.153938 -1.355409
v -0.210744 6.221525 -1.340497
v -0.231937 6.161890 -1.340497
v -0.250481 6.082376 -1.342982
v 1.346968 6.336820 -0.908042
v 1.389355 6.213574 -0.917984
v 1.344319 6.213574 -0.873247
v 1.360214 6.090327 -0.893130
v 1.405250 6.086352 -0.940352
v 1.397303 6.213574 -0.995030
v 1.410549 6.086352 -1.017398
v 1.354916 6.213574 -1.091960
v 1.317828 6.336820 -1.072077
v 1.357565 6.336820 -0.977633
v 1.392004 5.971057 -0.962720
v 1.349618 5.975032 -0.917984
v 1.275441 5.990935 -0.910528
v 1.283388 6.094303 -0.888159
v 1.270143 6.209598 -0.868276
v 1.301933 6.332845 -0.865791
v 1.280739 6.452115 -0.915498
v 1.293985 6.444164 -0.977633
v 1.264844 6.440188 -1.059650
v 1.180071 6.448140 -1.151608
v 1.225107 6.340796 -1.178948
v 1.251598 6.213574 -1.206287
v 1.365513 6.086352 -1.116813
v 1.397303 5.967081 -1.039767
v 1.352267 5.863713 -0.992545
v 1.309880 5.875640 -0.950293
v 1.246300 5.788175 -0.995030
v 1.182720 5.819981 -0.985089
v 1.243651 5.895519 -0.940352
v 1.288687 5.776248 -1.032311
v 1.360214 5.859737 -1.062135
v 1.354916 5.963105 -1.136696
v 1.262195 6.086352 -1.231140
v 1.254248 5.963105 -1.246053
v 1.320477 5.859737 -1.151608
v 1.299283 5.776248 -1.091960
v 1.201264 5.704686 -1.086989
v 1.158877 5.716612 -1.052194
v 1.058209 5.660953 -1.119299
v 1.007875 5.692759 -1.106872
v 1.100596 5.752394 -1.042252
v 1.095297 5.653001 -1.154094
v 1.219808 5.712637 -1.134211
v 1.270143 5.776248 -1.166521
v 1.227756 5.855762 -1.253509
v 1.188018 5.772272 -1.251023
v 1.219808 5.728539 -1.176462
v 1.121789 5.668904 -1.198830
v 0.973435 5.617220 -1.231140
v 0.941645 5.617220 -1.193860
v 0.907206 5.645050 -1.173977
v 0.872767 5.700710 -1.176462
v 0.954891 5.744442 -1.121784
v 1.031717 5.804078 -1.067106
v 1.108543 5.863713 -1.012428
v 1.164176 5.927324 -0.967691
v 1.185369 6.006838 -0.945323
v 1.148281 5.708661 -1.236111
v 1.002576 5.641075 -1.275877
v 1.095297 5.955154 -1.007457
v 1.031717 5.927324 -1.057164
v 0.952242 5.875640 -1.114328
v 0.888662 5.812029 -1.161550
v 0.854223 5.971057 -1.178948
v 0.965488 6.010814 -1.096930
v 1.082051 6.018765 -1.012428
v 1.188018 6.102254 -0.927925
v 1.180071 6.201647 -0.908042
v 1.153579 6.301039 -0.900586
v 1.233054 6.320918 -0.863306
v 1.166825 6.424285 -0.880703
v 1.233054 6.444164 -0.880703
v 1.142982 6.543556 -0.920469
v 1.188018 6.543556 -0.950294
v 1.209212 6.527653 -1.004972
v 1.211861 6.503799 -1.054679
v 1.137684 6.531629 -1.116813
v 1.108543 6.587289 -1.067106
v 1.076753 6.615119 -1.017398
v 1.015822 6.559459 -1.206287
v 0.981383 6.623070 -1.154094
v 1.052911 6.464042 -1.251023
v 1.084701 6.344771 -1.290789
v 1.108543 6.217549 -1.323099
v 1.116491 6.086352 -1.345467
v 1.111192 5.963105 -1.357894
v 1.092648 5.855762 -1.355409
v 1.063507 5.764321 -1.342982
v 1.031717 5.692759 -1.315643
v 0.864820 5.629148 -1.352924
v 0.838328 5.597342 -1.305701
v 0.814485 5.597342 -1.265936
v 0.793292 5.621196 -1.241082
v 0.777397 5.684807 -1.233626
v 0.846275 5.756370 -1.191374
v 0.795941 5.871665 -1.218714
v 0.682027 6.122133 -1.263450
v 0.925750 6.118157 -1.111843
v 1.071455 6.110206 -1.007457
v 1.076753 6.205623 -0.977633
v 1.084701 6.277185 -0.950294
v 1.092648 6.384529 -0.920469
v 1.079402 6.515726 -0.922954
v 1.034366 6.615119 -0.987574
v 0.946944 6.658851 -1.106872
v 0.835679 6.638973 -1.248538
v 0.864820 6.567410 -1.300731
v 0.893960 6.468018 -1.350438
v 0.920452 6.348747 -1.395175
v 0.938996 6.217549 -1.429970
v 0.946944 6.086352 -1.452338
v 0.944295 5.963105 -1.457309
v 0.931049 5.855762 -1.449853
v 0.912505 5.760345 -1.429970
v 0.888662 5.684807 -1.395175
v 0.719115 5.629148 -1.417543
v 0.700571 5.597342 -1.370321
v 0.684676 5.589390 -1.325584
v 0.674079 5.613245 -1.295760
v 0.674079 5.676856 -1.283333
v 0.774748 5.768297 -1.233626
v 0.676728 5.776248 -1.280848
v 0.682027 5.903470 -1.275877
v 0.573411 5.760345 -1.310672
v 0.565463 5.676856 -1.315643
v 0.554867 5.617220 -1.333040
v 0.554867 5.593366 -1.365350
v 0.565463 5.605293 -1.412572
v 0.578709 5.641075 -1.459794
v 0.737659 5.688783 -1.462280
v 0.753554 5.764321 -1.499560
v 0.764151 5.859737 -1.524414
v 0.769449 5.967081 -1.536841
v 0.769449 6.082376 -1.534356
v 0.761502 6.213574 -1.511987
v 0.745607 6.340796 -1.479677
v 0.727063 6.460067 -1.434941
v 0.705869 6.559459 -1.385233
v 0.682027 6.631021 -1.333040
v 0.552217 6.535604 -1.442397
v 0.568112 6.440188 -1.492104
v 0.581358 6.324893 -1.531870
v 0.591955 6.201647 -1.564180
v 0.599903 6.078400 -1.581578
v 0.605201 5.967081 -1.584063
v 0.605201 5.863713 -1.571636
v 0.602552 5.772272 -1.544297
v 0.591955 5.696734 -1.507016
v 0.454198 5.660953 -1.484648
v 0.440952 5.625172 -1.434941
v 0.433005 5.617220 -1.390204
v 0.440952 5.637099 -1.352924
v 0.467444 5.684807 -1.333040
v 0.496585 5.744442 -1.325584
v 0.557516 5.863713 -1.310672
v 0.340284 5.676856 -1.365350
v 0.382671 5.724564 -1.342982
v 0.454198 5.792150 -1.328070
v 0.499234 5.955154 -1.318128
v 0.324389 5.653001 -1.402631
v 0.329687 5.660953 -1.447368
v 0.345582 5.688783 -1.492104
v 0.464795 5.712637 -1.529385
v 0.467444 5.784199 -1.564180
v 0.462146 5.867689 -1.589034
v 0.454198 5.967081 -1.601460
v 0.446251 6.074425 -1.598975
v 0.438303 6.189720 -1.584063
v 0.435654 6.305015 -1.556724
v 0.430356 6.408382 -1.519443
v 0.419759 6.495848 -1.474707
v 0.536322 6.603191 -1.392689
v 0.403864 6.559459 -1.427485
v 0.313792 6.452115 -1.487134
v 0.313792 6.376577 -1.524414
v 0.305845 6.281160 -1.556724
v 0.305845 6.177793 -1.579092
v 0.308494 6.066473 -1.591519
v 0.319090 5.963105 -1.594004
v 0.334985 5.871665 -1.584063
v 0.353530 5.796126 -1.561695
v 0.361477 5.732515 -1.531870
v 0.260809 5.732515 -1.497075
v 0.234317 5.712637 -1.454824
v 0.226370 5.708661 -1.410087
v 0.244914 5.732515 -1.372806
v 0.300546 5.780224 -1.347953
v 0.387969 5.855762 -1.333040
v 0.300546 5.903470 -1.340497
v 0.374723 5.990935 -1.330555
v 0.229019 5.931300 -1.345467
v 0.221071 5.839859 -1.352924
v 0.162789 5.796126 -1.377777
v 0.141596 5.780224 -1.415058
v 0.157491 5.780224 -1.462280
v 0.197229 5.788175 -1.507016
v 0.292599 5.752394 -1.526899
v 0.263458 5.800102 -1.541812
v 0.231668 5.871665 -1.559209
v 0.152193 5.867689 -1.516958
v 0.099209 5.859737 -1.469736
v 0.080665 5.859737 -1.422514
v 0.099209 5.875640 -1.382748
v 0.160140 5.903470 -1.357894
v 0.133649 5.979008 -1.360380
v 0.064770 5.963105 -1.385233
v 0.040928 5.955154 -1.424999
v 0.062121 5.951178 -1.474707
v 0.120403 5.955154 -1.524414
v 0.207825 5.959130 -1.566665
v 0.194579 6.058522 -1.564180
v 0.101859 6.054546 -1.521929
v 0.043577 6.050570 -1.472221
v 0.022383 6.050570 -1.424999
v 0.048875 6.058522 -1.385233
v 0.125701 6.066473 -1.360380
v 0.242265 5.994911 -1.345467
v 0.250212 6.082376 -1.342982
v 0.414461 6.098279 -1.323099
v 0.231668 6.161890 -1.340497
v 0.123052 6.153938 -1.355409
v 0.051524 6.153938 -1.380262
v 0.025033 6.153938 -1.420028
v 0.046226 6.153938 -1.464765
v 0.101859 6.157914 -1.514472
v 0.191930 6.165865 -1.554238
v 0.202527 6.265258 -1.534356
v 0.120403 6.257307 -1.497075
v 0.070069 6.257307 -1.452338
v 0.051524 6.253331 -1.407602
v 0.075367 6.249355 -1.372806
v 0.138947 6.237428 -1.350438
v 0.210475 6.221525 -1.340497
v 0.364126 6.193696 -1.325584
v 0.485988 6.257307 -1.305701
v 0.279353 6.265258 -1.330555
v 0.191930 6.312966 -1.340497
v 0.128350 6.340796 -1.360380
v 0.104508 6.352723 -1.395175
v 0.115104 6.352723 -1.437426
v 0.157491 6.352723 -1.477192
v 0.221071 6.356699 -1.509502
v 0.244914 6.416334 -1.487134
v 0.213124 6.432237 -1.459794
v 0.183983 6.444164 -1.420028
v 0.178684 6.444164 -1.380262
v 0.205176 6.424285 -1.347953
v 0.268756 6.388504 -1.330555
v 0.361477 6.332845 -1.320614
v 0.425057 6.416334 -1.305701
v 0.536322 6.368626 -1.288304
v 0.464795 6.479945 -1.293275
v 0.544270 6.479945 -1.273392
v 0.663483 6.348747 -1.243567
v 0.345582 6.468018 -1.315643
v 0.295248 6.507775 -1.333040
v 0.274055 6.527653 -1.362865
v 0.276704 6.523678 -1.402631
v 0.295248 6.499824 -1.447368
v 0.390618 6.591264 -1.380262
v 0.385320 6.599216 -1.338011
v 0.398566 6.579337 -1.310672
v 0.430356 6.531629 -1.295760
v 0.531024 6.567410 -1.268421
v 0.515129 6.623070 -1.275877
v 0.512480 6.650900 -1.300731
v 0.520427 6.642948 -1.342982
v 0.660833 6.670778 -1.283333
v 0.644938 6.678730 -1.243567
v 0.636991 6.650900 -1.221199
v 0.642289 6.583313 -1.221199
v 0.650237 6.483921 -1.231140
v 0.750905 6.503799 -1.164035
v 0.777397 6.396456 -1.164035
v 0.843626 6.289112 -1.134211
v 0.957540 6.229476 -1.059650
v 1.018471 6.324893 -0.987574
v 1.013173 6.464042 -0.965206
v 0.936347 6.388504 -1.037282
v 0.867469 6.468018 -1.079533
v 0.931049 6.535604 -1.017398
v 0.984032 6.591264 -0.985089
v 0.912505 6.666802 -1.072077
v 0.806538 6.678730 -1.201316
v 0.780046 6.686681 -1.164035
v 0.761502 6.658851 -1.146638
v 0.748256 6.595240 -1.151608
v 0.819784 6.523678 -1.106872
v 0.843626 6.583313 -1.079533
v 0.875416 6.638973 -1.062135
v 0.025033 7.477843 -1.350438
v 0.048875 7.609041 -1.228655
v -0.192199 7.553381 -1.318128
v -0.173655 7.756142 -1.084504
v 0.056823 7.776020 -1.029825
v -0.250481 7.911193 -0.781289
v 0.070069 7.919145 -0.783774
v 0.289950 7.744215 -0.997516
v 0.279353 7.533503 -1.206287
v -0.343202 7.680604 -1.156579
v -0.396185 7.545430 -1.290789
v -0.594873 7.438087 -1.283333
v -0.451818 7.692531 -1.077047
v -0.613417 7.660725 -1.017399
v -0.552486 7.839631 -0.768862
v -0.814754 7.736263 -0.726610
v -0.594873 7.927096 -0.525295
v -0.454467 7.982756 -0.405998
v -0.239884 8.026488 -0.271788
v -0.722033 7.946975 -0.060531
v -0.806807 7.871437 -0.398542
v -0.706138 7.473867 -1.196345
v -0.782964 7.585187 -0.980118
v -1.135304 7.756142 0.009059
v -1.100865 7.732287 -0.286700
v -1.069075 7.664701 -0.522810
v -1.379027 7.545430 -0.217109
v -1.339290 7.469892 -0.440793
v -1.561820 7.378451 -0.169887
v -1.434660 7.545430 0.023971
v -1.090268 7.585187 -0.637137
v -1.016091 7.573260 -0.739037
v -1.021389 7.493746 -0.826025
v -1.196235 7.350621 -0.756435
v -1.230674 7.450014 -0.624710
v -1.339290 7.290986 -0.654535
v -1.439958 7.231350 -0.570032
v -1.567119 7.167739 -0.443278
v -1.580364 7.271107 -0.294156
v -1.792298 7.004736 -0.154975
v -1.649243 7.314840 0.001603
v -1.675735 7.290986 0.277479
v -1.450555 7.529527 0.307304
v -1.145900 7.740239 0.334643
v -0.764420 7.907218 0.357011
v -0.266376 8.034440 0.011545
v -0.322009 7.998659 0.376894
v 0.186632 8.050343 -0.067987
v -0.020003 8.022512 -0.410968
v 0.128350 7.998659 -0.542693
v 0.300546 7.895291 -0.748979
v 0.311143 7.998659 -0.438307
v 0.544270 7.962877 -0.383629
v 0.528375 7.851558 -0.719154
v 0.517778 7.688555 -0.980118
v 0.517778 7.521576 -1.161550
v 0.729712 7.597114 -0.980118
v 0.803889 7.740239 -0.716669
v 0.806538 7.875412 -0.348834
v 0.833029 7.919145 0.004088
v 0.533673 8.014562 -0.005853
v 0.483339 7.998659 0.376894
v 0.112455 8.026488 0.376894
v -0.367045 7.915169 0.732302
v -0.767069 7.827704 0.699992
v -1.122058 7.684579 0.652770
v -1.418765 7.497722 0.608033
v -1.638646 7.279059 0.590636
v -1.800246 7.024615 0.595607
v -1.839983 7.020639 0.247655
v -1.916809 6.742341 0.610519
v -1.959196 6.730413 0.242684
v -1.784351 6.746316 0.998236
v -1.681033 7.012688 0.948529
v -1.543276 7.251229 0.898822
v -1.349887 7.442062 0.883909
v -1.079671 7.593138 0.933617
v -0.743227 7.704458 1.000722
v -0.374992 7.772044 1.045458
v 0.038278 7.942999 0.742243
v 0.003839 7.795898 1.060371
v 0.382671 7.772044 1.045458
v 0.422408 7.915169 0.732302
v -0.377641 7.565309 1.316364
v -0.740578 7.521576 1.256715
v -1.061127 7.450014 1.167242
v -1.275710 7.386403 1.077768
v -1.379027 7.235326 1.162271
v -1.124707 7.251229 1.348674
v -0.790912 7.279059 1.472942
v -0.409431 7.298937 1.545018
v -1.484994 7.004736 1.261686
v -1.209481 6.996785 1.492825
v -0.859790 7.000761 1.641947
v -0.446520 7.000761 1.723965
v -1.564469 6.742341 1.346188
v -1.267762 6.734389 1.597211
v -0.902177 6.726438 1.758760
v -0.470362 6.714511 1.845748
v 0.001190 6.714511 1.873087
v 0.001190 7.000761 1.748818
v 0.001190 7.306889 1.567386
v 0.001190 7.581211 1.333761
v 0.377372 7.565309 1.316364
v 0.409162 7.298937 1.545018
v 0.446251 7.000761 1.723965
v 0.470093 6.714511 1.845748
v 0.001190 6.436213 1.947648
v -0.478310 6.436213 1.920309
v -0.923370 6.448140 1.830835
v -1.310149 6.456091 1.664316
v -1.628049 6.460067 1.398381
v -1.866475 6.460067 1.033032
v -2.012179 6.452115 0.625431
v -2.096953 6.157914 0.620460
v -1.951248 6.165865 1.040488
v -1.696928 6.165865 1.415779
v -1.352536 6.161890 1.691655
v -0.941914 6.153938 1.868116
v -0.483608 6.145987 1.962560
v 0.001190 6.145987 1.989899
v -0.496854 5.871665 1.974987
v -0.971055 5.784199 1.880543
v -1.392273 5.883592 1.694140
v -1.794947 5.816005 1.410808
v -2.033372 5.891543 1.025576
v -2.200270 5.796126 0.593121
v -2.091654 5.672880 0.995751
v -2.022776 5.553609 1.144873
v -1.972442 5.426387 1.234347
v -2.123444 5.223627 0.893851
v -2.189673 5.561561 0.809348
v -2.247955 5.418436 0.695021
v -2.263850 5.450242 0.560811
v -2.226762 5.132186 0.523531
v -2.247955 5.378679 0.406719
v -2.197621 5.112308 0.349555
v -2.149936 5.179894 0.083620
v -2.104900 4.814131 0.344584
v -2.218814 5.187846 0.687565
v -2.224113 5.513853 0.307304
v -2.202919 5.645050 0.158182
v -2.181726 5.875640 0.188006
v -2.126093 6.153938 0.217830
v -2.049268 6.444164 0.235228
v -1.938002 6.690657 -0.095326
v -1.895616 6.615119 -0.351319
v -2.009530 6.420310 -0.125151
v -2.073110 6.134060 -0.164917
v -2.131392 5.780224 -0.197226
v -2.179077 5.541682 -0.023250
v -2.160533 5.414460 -0.142548
v -2.128743 5.183870 -0.154975
v -2.089005 5.140138 -0.286700
v -2.028074 4.893645 -0.179829
v -1.988337 4.849912 -0.117694
v -1.945950 4.901596 -0.043133
v -1.710174 4.492100 -0.378658
v -1.948599 4.786301 -0.304097
v -1.945950 4.861839 -0.376173
v -2.043969 5.128211 -0.388600
v -2.104900 5.390606 -0.336407
v -1.969792 5.167967 -0.522810
v -2.139339 5.450242 -0.241963
v -2.081058 5.521804 -0.383629
v -2.036022 5.656977 -0.492985
v -2.020127 5.883592 -0.495471
v -1.969792 6.145987 -0.492985
v -1.919458 6.408382 -0.450734
v -1.749911 6.468018 -0.709213
v -1.808193 6.710535 -0.465646
v -1.707525 6.794024 -0.575003
v -1.657190 6.980882 -0.483044
v -1.490293 6.968955 -0.706727
v -1.331342 7.163764 -0.744008
v -1.315447 7.036541 -0.761405
v -1.365782 6.849684 -0.793715
v -1.609505 6.710535 -0.741522
v -1.439958 6.650900 -0.803657
v -1.519433 6.436213 -0.806142
v -1.808193 6.161890 -0.731581
v -1.228025 6.790049 -0.721640
v -1.243920 7.080274 -0.791230
v -1.251867 7.116055 -0.786259
v -1.217428 7.239302 -0.811113
v -1.201533 7.279059 -0.848393
v -1.130005 7.366524 -0.848393
v -1.116760 7.279059 -0.952779
v -0.952511 7.513625 -0.880703
v -0.907475 7.489770 -0.970177
v -0.867738 7.378451 -1.156579
v -0.986950 7.350621 -1.047223
v -1.047881 7.251229 -1.079533
v -1.016091 7.235326 -1.131726
v -0.997547 7.207496 -1.171492
v -1.132655 7.100152 -1.084504
v -1.132655 7.175691 -1.032311
v -1.206831 7.104128 -0.982603
v -1.235972 7.020639 -0.982603
v -1.262464 6.909319 -0.980118
v -1.312798 6.865587 -0.883189
v -1.299552 6.980882 -0.883189
v -1.233323 7.116055 -0.932896
v -1.257166 7.131958 -0.890645
v -1.222726 7.211472 -0.883189
v -1.249218 7.147861 -0.835967
v -1.281008 7.028590 -0.796201
v -1.299552 6.976906 -0.813598
v -1.275710 7.064372 -0.860820
v -1.310149 6.893417 -0.813598
v -1.320746 6.829806 -0.821054
v -1.304851 6.742341 -0.875732
v -1.344588 6.627046 -0.634652
v -1.307500 6.738365 -0.801171
v -1.278359 6.599216 -0.803657
v -1.265113 6.555483 -0.858335
v -1.265113 6.778122 -0.962720
v -1.185638 6.957028 -1.074562
v -1.053180 7.112080 -1.164035
v -1.098215 6.992809 -1.154094
v -1.196235 6.821855 -1.049708
v -1.225376 6.615119 -0.917984
v -1.188287 6.420310 -0.808627
v -1.209481 6.563435 -0.776318
v -1.153848 6.531629 -0.821054
v -1.164445 6.682705 -0.992545
v -1.111461 6.857635 -1.124269
v -0.997547 7.024615 -1.216228
v -0.965757 7.143885 -1.221199
v -0.926019 7.251229 -1.211257
v -0.862439 7.259180 -1.253509
v -0.865089 7.179667 -1.273392
v -0.880984 7.064372 -1.265936
v -1.008144 6.893417 -1.183918
v -1.084970 6.726438 -1.059650
v -1.098215 6.623070 -0.920469
v -1.140602 6.634997 -0.821054
v -1.148550 6.829806 -0.796201
v -1.087619 6.718486 -0.878218
v -1.026688 6.666802 -0.977633
v -0.992249 6.766195 -1.121784
v -0.894229 6.937150 -1.231140
v -0.775017 7.088226 -1.290789
v -0.751174 7.215448 -1.305702
v -0.801508 7.314840 -1.265936
v -0.737928 7.370500 -1.273392
v -0.687594 7.310864 -1.308187
v -0.695542 7.227375 -1.288304
v -0.695542 7.131958 -1.278363
v -0.661102 6.964979 -1.176462
v -0.711437 7.076299 -1.278362
v -0.780315 6.961003 -1.253509
v -0.663752 7.207496 -1.288304
v -0.629312 7.191594 -1.340497
v -0.711437 6.992809 -1.251023
v -0.708788 6.929198 -1.226170
v -0.690243 6.905344 -1.151608
v -0.706138 6.813903 -1.124269
v -0.751174 6.917271 -1.096930
v -0.759122 6.972930 -1.072077
v -0.888931 6.937150 -1.019884
v -0.801508 6.873538 -1.074562
v -0.846544 6.813903 -1.047223
v -0.926019 6.801976 -1.004972
v -1.005494 6.925222 -0.945323
v -1.013442 6.770170 -0.942837
v -0.926019 6.694633 -1.039767
v -0.817403 6.754268 -1.054679
v -0.790912 6.694633 -1.091960
v -0.732630 6.690657 -1.119299
v -0.724683 6.805952 -1.193860
v -0.719384 6.881490 -1.218714
v -0.851843 6.698608 -1.074562
v -0.804158 6.730413 -1.146638
v -0.798859 6.821855 -1.201316
v -0.888931 6.801976 -1.171492
v -1.084970 6.881490 -0.875732
v -1.124707 7.004736 -0.744008
v -1.061127 7.064372 -0.835967
v -0.976354 7.104128 -0.903072
v -0.865089 7.108104 -0.957750
v -0.724683 7.084250 -1.002486
v -0.507451 7.068347 -1.037282
v -0.624014 7.235326 -0.843423
v -0.751174 7.287010 -0.801171
v -0.862439 7.287010 -0.768862
v -0.931318 7.259180 -0.704242
v -1.000196 7.195569 -0.624710
v -1.190936 6.957028 -0.555120
v -1.045232 7.147861 -0.443278
v -1.127356 7.131958 -0.147519
v -0.851843 7.314840 -0.080414
v -0.706138 7.378451 -0.249419
v -0.759122 7.366524 -0.443278
v -0.006757 7.648798 0.108474
v -0.629312 7.450014 -0.433337
v -0.653155 7.438087 -0.552634
v -1.286307 6.953052 -0.199712
v -0.502152 7.465916 -0.500442
v -0.467713 7.386403 -0.602342
v -0.274324 7.398329 -0.532751
v -0.107426 7.346645 -0.642108
v -0.420028 7.199545 -0.858335
v -0.144514 7.203521 -0.893130
v -0.168357 7.096177 -1.057164
v 0.141596 7.247253 -0.898101
v 0.088613 7.422184 -0.562576
v 0.276704 7.410256 -0.657020
v 0.366776 7.275083 -0.910528
v 0.268756 7.187618 -1.196345
v -0.192199 7.020639 -1.126755
v -0.231937 6.921247 -1.178948
v -0.441221 6.829806 -1.186404
v -0.380290 6.690657 -1.268421
v -0.563083 6.758244 -1.196345
v -0.539241 6.690657 -1.211257
v -0.639909 6.710535 -1.181433
v -0.645207 6.801976 -1.173977
v -0.629312 6.817879 -1.275877
v 0.252861 7.100152 -1.213743
v -0.547188 6.710535 -1.305701
v -0.605470 6.758244 -1.300731
v -0.544539 6.857635 -1.427485
v -0.629312 6.913295 -1.335526
v -0.610768 7.000761 -1.392689
v -0.626663 7.084250 -1.355409
v -0.515398 7.183642 -1.452338
v -0.539241 7.008712 -1.464765
v -0.435923 6.881490 -1.459794
v -0.430625 7.020639 -1.482163
v -0.396185 7.179667 -1.472221
v -0.337904 7.318816 -1.439912
v -0.377641 7.378451 -1.415058
v -0.449169 7.414232 -1.380263
v -0.560434 7.306889 -1.382748
v -0.250481 7.362548 -1.427485
v -0.295517 7.195569 -1.469736
v -0.327307 7.032566 -1.482163
v -0.345851 6.885466 -1.459794
v -0.422677 6.790049 -1.417543
v -0.475661 6.742341 -1.372806
v -0.364395 6.770170 -1.405116
v -0.300815 6.786073 -1.405116
v -0.250481 6.881490 -1.492104
v -0.112724 6.809927 -1.509502
v -0.221340 7.032566 -1.511987
v -0.263727 6.714511 -1.432455
v -0.229288 6.607167 -1.412572
v -0.139216 6.591264 -1.444882
v -0.168357 6.468018 -1.342982
v -0.062390 6.555483 -1.420028
v 0.001190 6.682705 -1.429970
v 0.064770 6.766195 -1.402631
v 0.001190 6.567410 -1.340497
v -0.096829 6.400431 -1.345467
v -0.165708 6.471993 -1.318128
v -0.237235 6.515726 -1.323099
v -0.125970 6.583313 -1.370321
v -0.017354 6.690657 -1.352924
v 0.093911 6.726438 -1.328070
v 0.152193 6.861611 -1.305701
v 0.051524 6.865587 -1.432455
v 0.019734 6.972930 -1.467250
v -0.091531 7.012688 -1.524414
v -0.192199 7.199545 -1.494590
v -0.181603 7.338694 -1.452338
v -0.091531 7.410256 -1.420029
v -0.020003 7.211472 -1.477192
v 0.088613 7.032566 -1.410087
v 0.162789 7.076299 -1.342982
v 0.160140 7.191594 -1.347953
v 0.191930 7.310864 -1.318128
v 0.115104 7.394354 -1.352924
v 0.268756 7.338694 -1.260965
v 0.199878 6.980882 -1.243567
v 0.062121 6.877514 -1.290789
v -0.017354 6.774146 -1.335526
v -0.057092 6.897392 -1.206287
v 0.319090 7.330743 -1.268421
v 0.382671 7.398329 -1.273392
v 0.496585 7.422184 -1.255994
v 0.753554 7.390378 -1.178948
v 0.872767 7.493746 -0.982603
v 0.936347 7.513625 -0.888159
v 1.013173 7.493746 -0.828510
v 1.084701 7.279059 -0.970177
v 0.933698 7.354597 -1.067106
v 0.973435 7.247253 -1.111843
v 1.058209 7.171715 -1.067106
v 1.127087 7.100152 -1.029825
v 1.005226 7.092201 -1.134211
v 1.129737 7.012688 -1.044738
v 1.124438 6.901368 -1.039767
v 1.214510 6.857635 -0.950294
v 1.217159 6.976906 -0.950294
v 1.172123 7.112080 -0.977633
v 1.201264 7.131958 -0.927925
v 1.235703 7.060396 -0.893130
v 1.262195 6.972930 -0.843423
v 1.227756 7.139910 -0.848393
v 1.182720 7.211472 -0.903072
v 1.177422 7.279059 -0.858335
v 1.116491 7.366524 -0.853364
v 1.185369 7.346645 -0.758920
v 1.010524 7.573260 -0.739037
v 1.087350 7.585187 -0.637137
v 1.068806 7.664701 -0.520325
v 1.100596 7.732287 -0.281729
v 1.145632 7.752166 0.016515
v 1.153579 7.736263 0.337128
v 0.822433 7.903242 0.361982
v 0.785344 7.827704 0.699992
v 0.745607 7.704458 1.000722
v 0.740309 7.521576 1.256715
v 0.790643 7.279059 1.472942
v 0.859521 7.000761 1.641947
v 0.901908 6.726438 1.758760
v 0.478041 6.436213 1.920309
v 0.483339 6.145987 1.962560
v 0.499234 5.871665 1.974987
v 0.001190 5.768297 2.002326
v -0.531293 5.656977 1.957589
v -0.737928 5.533731 1.912853
v -0.867738 5.394582 1.868116
v -0.578978 5.247481 1.853204
v -0.343202 5.525779 1.957590
v -0.205445 5.374703 1.942677
v 0.001190 5.414460 1.955104
v 0.205176 5.374703 1.942677
v 0.001190 5.100380 1.870602
v -0.247832 5.160016 1.878058
v -0.218691 4.810155 1.820894
v 0.001190 4.647152 1.766216
v 0.218422 4.810155 1.820894
v 0.247563 5.160016 1.878058
v 0.578709 5.247481 1.853204
v 0.345582 5.525779 1.957590
v 0.531024 5.656977 1.957589
v 0.970786 5.784199 1.880543
v 0.740309 5.533731 1.912853
v 0.870118 5.394582 1.868116
v 0.840977 5.152065 1.805982
v 0.999927 5.128211 1.761245
v 1.002576 5.442290 1.843262
v 1.148281 5.386631 1.788584
v 1.169474 5.148089 1.714023
v 1.127087 4.861839 1.641948
v 1.429093 5.235554 1.594725
v 1.251598 5.529755 1.761245
v 1.418496 5.668904 1.689169
v 1.392004 5.883592 1.694140
v 0.941645 6.153938 1.868116
v 1.352267 6.161890 1.691655
v 0.923101 6.448140 1.830835
v 1.598640 5.581439 1.574842
v 1.794678 5.816005 1.410808
v 1.725800 5.466144 1.482884
v 1.699308 5.239530 1.438147
v 1.852960 5.183870 1.293996
v 1.855609 5.497950 1.378498
v 1.972173 5.426387 1.234347
v 1.982769 5.167967 1.134932
v 1.892697 4.901596 1.060371
v 2.123175 5.223627 0.893851
v 2.022507 5.553609 1.144873
v 2.091385 5.672880 0.995751
v 2.033103 5.891543 1.025576
v 1.699308 6.165865 1.415779
v 1.309880 6.456091 1.664316
v 1.270143 6.734389 1.597211
v 1.209212 6.996785 1.492825
v 1.124438 7.251229 1.348674
v 1.060858 7.450014 1.167242
v 1.079402 7.593138 0.933617
v 1.275441 7.386403 1.077768
v 1.378758 7.235326 1.162271
v 1.484725 7.004736 1.261686
v 1.564200 6.742341 1.346188
v 1.627780 6.460067 1.398381
v 1.950979 6.165865 1.040488
v 2.200001 5.796126 0.593121
v 2.189404 5.561561 0.809348
v 2.247686 5.418436 0.695021
v 2.218545 5.187846 0.687565
v 2.226493 5.132186 0.523531
v 2.263581 5.450242 0.560811
v 2.247686 5.378679 0.406719
v 2.197352 5.112308 0.349555
v 2.104631 4.814131 0.344584
v 2.152316 5.179894 0.083620
v 2.223844 5.513853 0.307304
v 2.202650 5.645050 0.158182
v 2.181457 5.875640 0.188006
v 2.096684 6.157914 0.620460
v 1.866206 6.460067 1.033032
v 1.784081 6.746316 0.998236
v 1.683413 7.012688 0.948529
v 1.545656 7.251229 0.898822
v 1.349618 7.442062 0.883909
v 1.127087 7.684579 0.652770
v 1.418496 7.497722 0.608033
v 1.641026 7.279059 0.590636
v 1.799976 7.024615 0.595607
v 1.916540 6.742341 0.610519
v 2.011910 6.452115 0.625431
v 2.125824 6.153938 0.217830
v 2.131123 5.780224 -0.197226
v 2.178808 5.541682 -0.023250
v 2.160264 5.414460 -0.142548
v 2.128474 5.183870 -0.154975
v 2.088736 5.140138 -0.286700
v 2.139070 5.450242 -0.241963
v 2.104631 5.390606 -0.336407
v 2.043700 5.128211 -0.388600
v 1.945681 4.861839 -0.376173
v 1.969523 5.167967 -0.522810
v 2.080789 5.521804 -0.383629
v 2.035753 5.656977 -0.492985
v 2.019858 5.883592 -0.495471
v 2.072841 6.134060 -0.164917
v 2.048999 6.444164 0.235228
v 1.958927 6.730413 0.242684
v 1.839714 7.020639 0.247655
v 1.675465 7.290986 0.277479
v 1.450286 7.529527 0.307304
v 1.434391 7.545430 0.023971
v 1.376109 7.545430 -0.219595
v 1.333723 7.465916 -0.443278
v 1.225107 7.450014 -0.627195
v 1.317828 7.290986 -0.657020
v 1.415847 7.231350 -0.572517
v 1.545656 7.163764 -0.445763
v 1.455584 6.968955 -0.709213
v 1.307231 7.163764 -0.744008
v 1.312529 7.024615 -0.788745
v 1.373460 6.849684 -0.796201
v 1.585394 6.710535 -0.744008
v 1.686062 6.794024 -0.577488
v 1.630430 6.980882 -0.485529
v 1.786731 7.004736 -0.154975
v 1.572148 7.271107 -0.294156
v 1.558902 7.378451 -0.172373
v 1.648974 7.314840 0.001603
v 1.937733 6.690657 -0.095326
v 2.011910 6.420310 -0.125151
v 1.969523 6.145987 -0.492985
v 1.874153 5.851786 -0.739037
v 1.980120 5.565536 -0.617254
v 1.927137 5.474095 -0.726610
v 1.913891 5.279287 -0.724125
v 1.842363 5.068575 -0.761405
v 1.900645 5.076527 -0.612283
v 1.746993 4.857863 -0.813598
v 1.805275 4.993037 -0.515354
v 1.837065 5.028818 -0.577488
v 1.773485 4.861839 -0.701756
v 1.688711 4.893645 -0.599856
v 1.572148 4.710763 -0.721639
v 1.585394 4.655103 -0.826025
v 1.588043 4.678957 -0.900586
v 1.646325 4.818107 -0.942837
v 1.744344 5.020867 -0.890645
v 1.807924 5.263384 -0.853364
v 1.826468 5.557585 -0.821054
v 1.609236 5.617220 -0.858335
v 1.664869 5.259408 -0.917984
v 1.627780 5.012916 -0.962720
v 1.561551 4.841961 -1.002486
v 1.490024 4.706787 -1.027340
v 1.511217 4.627274 -0.990059
v 1.339021 4.531857 -1.062135
v 1.463532 4.643176 -0.865791
v 1.564200 4.853888 -0.746493
v 1.431742 4.682933 -0.913013
v 1.418496 4.678957 -0.997515
v 1.490024 4.841961 -0.955264
v 1.497971 4.822083 -0.850879
v 1.527112 4.977134 -0.942837
v 1.532410 5.112308 -0.930410
v 1.537709 4.965207 -0.813598
v 1.638377 5.016891 -0.674417
v 1.709905 5.076527 -0.557605
v 1.558902 4.997013 -0.796200
v 1.521814 5.012916 -0.793715
v 1.561551 5.024843 -0.701756
v 1.667518 5.004964 -0.473102
v 1.704606 4.865815 -0.396056
v 1.736396 4.826058 -0.453219
v 1.810573 4.889669 -0.478073
v 1.709905 4.492100 -0.378658
v 1.866206 4.810155 -0.440793
v 1.712554 4.778350 -0.306583
v 1.656921 5.028818 -0.338892
v 1.757590 4.845936 -0.189770
v 1.826468 4.818107 -0.130121
v 1.945681 4.901596 -0.043133
v 1.847662 5.088454 0.014030
v 1.728449 5.004964 -0.179829
v 1.633079 4.806180 -0.164917
v 1.611885 4.766423 -0.043133
v 1.712554 4.889669 0.110960
v 1.217159 4.511979 -0.100297
v 1.799976 5.016891 0.183035
v 1.852960 4.814131 0.267538
v 1.746993 4.981110 0.349555
v 1.598640 4.826058 0.158182
v 1.553604 4.913523 0.240199
v 1.574797 4.981110 0.302333
v 1.521814 4.790277 0.352040
v 1.508568 5.211700 0.294877
v 1.376109 4.746544 0.364467
v 1.323126 4.837985 0.389321
v 1.119140 4.531857 0.508619
v 1.233054 4.750520 0.448970
v 1.386706 5.219651 0.486250
v 1.447637 5.211700 0.419145
v 1.566850 4.738593 0.436543
v 1.667518 4.830034 0.538443
v 1.535059 5.513853 0.491221
v 1.598640 5.653001 0.466367
v 1.633079 5.776248 0.371923
v 1.603938 5.923348 0.675138
v 1.659570 5.990935 0.404233
v 1.646325 6.241404 0.451455
v 1.598640 6.241404 0.754670
v 1.463532 6.002862 0.936102
v 1.458234 6.249355 1.003207
v 1.548305 6.479945 0.796922
v 1.601289 6.475969 0.498677
v 1.564200 6.468018 0.130842
v 1.598640 6.233452 0.081135
v 1.609236 5.903470 0.031428
v 1.598640 5.645050 0.222801
v 1.556253 5.513853 0.120901
v 1.553604 5.557585 0.016515
v 1.521814 5.478071 -0.100297
v 1.447637 5.211700 -0.028221
v 1.476778 5.247481 0.105989
v 1.360214 4.877742 0.078650
v 1.399952 4.826058 0.140784
v 1.270143 4.722690 -0.050589
v 1.505919 5.581439 0.563297
v 1.423794 5.521804 0.605548
v 1.288687 4.794252 -0.154975
v 1.426444 5.179894 -0.150004
v 1.410549 5.163991 -0.326466
v 1.521814 5.605293 -0.212139
v 1.458234 5.716612 -0.455705
v 1.495322 5.990935 -0.381144
v 1.439689 5.986959 -0.711698
v 1.410549 6.217549 -0.686844
v 1.487374 6.233452 -0.333922
v 1.458234 6.460067 -0.294156
v 1.352267 6.440188 -0.679388
v 1.381408 5.470120 -0.550149
v 1.429093 5.740467 -0.724125
v 1.272792 6.627046 -0.679388
v 1.410549 6.638973 -0.259361
v 1.508568 6.650900 0.168123
v 1.537709 6.658851 0.533472
v 1.447637 6.805952 0.192977
v 1.352267 6.786073 -0.239478
v 1.211861 6.766195 -0.731581
v 1.291336 6.925222 -0.202197
v 1.376109 6.961003 0.202918
v 1.397303 6.988833 0.548384
v 1.471479 6.821855 0.553355
v 1.487374 6.670778 0.824261
v 1.410549 6.483921 1.040488
v 1.238352 6.245379 1.189610
v 1.246300 5.955154 1.087710
v 1.405250 5.804078 0.849114
v 1.429093 5.672880 0.707448
v 1.203913 5.235554 0.680109
v 1.267493 5.692759 0.876453
v 1.140333 5.561561 0.861541
v 1.074104 5.688783 0.978354
v 0.960190 5.804078 1.097651
v 0.968137 6.002862 1.226891
v 0.946944 6.245379 1.311393
v 1.193317 6.487896 1.224405
v 1.357565 6.678730 1.055400
v 1.423794 6.837757 0.836687
v 1.346968 7.008712 0.819290
v 1.238352 7.020639 1.028061
v 1.304582 6.845708 1.052915
v 1.153579 6.682705 1.229376
v 0.912505 6.483921 1.343703
v 0.623745 6.233452 1.376013
v 0.642289 5.923348 1.261686
v 0.811836 5.676856 1.057885
v 0.896610 5.326995 0.854085
v 1.039665 5.267360 0.757156
v 0.938996 4.873766 0.717390
v 1.023770 4.814131 0.744729
v 0.727063 4.551735 0.774553
v 1.190667 4.897620 0.821775
v 1.188018 4.853888 0.946044
v 1.455584 5.048697 0.953500
v 0.809187 4.774374 0.767097
v 0.724414 4.841961 0.819290
v 1.206562 4.909547 1.072798
v 1.357565 5.104356 1.117534
v 1.386706 4.881718 1.132447
v 1.214510 5.080502 1.274113
v 1.031717 4.798228 1.102622
v 0.941645 4.822083 1.167242
v 1.548305 4.798228 0.960956
v 1.553604 4.504027 0.963441
v 1.635728 4.849912 0.871483
v 1.741695 4.834009 0.836688
v 1.792029 5.048697 0.704963
v 1.887399 4.921474 0.836688
v 1.964225 5.052672 0.777039
v 1.903294 4.869791 0.933617
v 1.617184 4.973158 0.834202
v 1.553604 4.881718 0.784495
v 1.762888 4.830034 1.147359
v 1.601289 4.909547 1.358615
v 1.492673 4.889669 1.353645
v 1.384057 4.969183 1.358615
v 1.378758 4.873766 1.214464
v 1.328424 5.076527 1.423235
v 1.227756 4.893645 1.448089
v 1.190667 4.837985 1.552474
v 0.854223 4.515954 1.440633
v 1.084701 4.794252 1.366071
v 0.984032 4.818107 1.313879
v 0.848924 4.738593 1.346188
v 0.721764 4.841961 1.405837
v 0.801239 5.028818 1.271627
v 0.666132 5.032794 1.390925
v 0.491287 5.104356 1.525135
v 0.986681 4.993037 1.279083
v 0.565463 4.869791 1.311393
v 0.395916 4.778350 1.316364
v 0.247563 4.849912 1.376013
v 0.258160 4.496076 0.958471
v 0.584008 4.810155 1.182154
v 0.605201 4.861839 1.075283
v 0.229019 5.032794 1.480398
v 0.001190 5.012916 1.423235
v 0.189281 4.782325 1.520164
v 0.001190 4.655103 1.505252
v 0.001190 4.519930 1.572357
v -0.189550 4.782325 1.520164
v -0.300815 4.806180 1.597211
v -0.491556 5.104356 1.525135
v 0.300546 4.806180 1.597211
v 0.435654 4.917499 1.701596
v -0.435923 4.917499 1.701596
v -0.547188 5.104356 1.686684
v -0.637260 4.913523 1.639462
v -0.732630 4.834009 1.684199
v -0.833298 4.857863 1.721479
v -0.841246 5.152065 1.805982
v -1.000196 5.128211 1.761245
v -0.337904 4.834009 1.776157
v -1.002845 5.442290 1.843262
v -1.145900 5.386631 1.788584
v -1.251867 5.529755 1.761245
v -1.418765 5.668904 1.689169
v -1.429362 5.235554 1.594725
v -1.598909 5.581439 1.574842
v -1.169743 5.148089 1.714023
v -1.127356 4.861839 1.641948
v -0.955160 4.746544 1.644433
v -0.854492 4.515954 1.440633
v -0.676997 4.826058 1.507738
v -0.722033 4.841961 1.405837
v -0.666401 5.032794 1.390925
v -0.801508 5.028818 1.271627
v -0.565732 4.869791 1.311393
v -0.849194 4.738593 1.346188
v -0.984301 4.818107 1.313879
v -1.084970 4.794252 1.366071
v -1.228025 4.893645 1.448089
v -1.214779 5.080502 1.274113
v -1.328693 5.076527 1.423235
v -1.190936 4.837985 1.552474
v -0.986950 4.993037 1.279083
v -0.941914 4.822083 1.167242
v -0.804158 4.730641 1.087710
v -0.727332 4.551735 0.774553
v -0.706138 4.774374 1.028061
v -0.674348 4.957256 1.080254
v -0.605470 4.861839 1.075283
v -0.584276 4.810155 1.182154
v -0.255779 4.496076 0.958471
v -0.396185 4.778350 1.316364
v -0.247832 4.849912 1.376013
v -1.031986 4.798228 1.102622
v -1.206831 4.909547 1.072798
v -0.229288 5.032794 1.480398
v -0.133918 4.798228 1.276598
v -0.051793 4.857863 1.189610
v -0.107426 4.790277 1.045459
v 0.001190 5.183870 1.060371
v -0.181603 4.853888 0.975868
v 0.001190 5.036769 1.224405
v 0.051524 4.857863 1.189610
v 0.107157 4.790277 1.045459
v 0.181334 4.853888 0.975868
v 0.162789 5.223627 1.030546
v 0.117754 5.517828 1.115049
v 0.329687 5.311092 1.035517
v 0.289950 4.770398 0.951015
v 0.406513 4.865815 0.941073
v 0.480690 4.790277 0.978354
v 0.133649 4.798228 1.276598
v 0.607850 5.163991 0.960956
v 0.475392 5.235554 0.990780
v 0.533673 5.529755 1.080254
v 0.462146 5.664928 1.157300
v 0.334985 5.784199 1.226891
v 0.205176 5.660953 1.169727
v 0.001190 5.915397 1.296481
v 0.001190 5.581439 1.144873
v -0.118023 5.517828 1.115049
v -0.160409 5.223627 1.030546
v -0.329956 5.311092 1.035517
v -0.290219 4.770398 0.951015
v -0.406782 4.865815 0.941073
v -0.480959 4.790277 0.978354
v -0.608119 5.163991 0.960956
v -0.682296 4.758471 0.903793
v -0.724683 4.841961 0.819290
v -0.809456 4.774374 0.767097
v -0.936616 4.873766 0.717390
v -0.894229 5.326995 0.854085
v -0.729981 5.227602 0.893851
v -0.716735 5.525779 1.013149
v -0.626663 5.593366 1.085225
v -0.642558 5.923348 1.261686
v -0.533942 5.529755 1.080254
v -0.475661 5.235554 0.990780
v -0.462415 5.664928 1.157300
v -0.335255 5.784199 1.226891
v -0.205445 5.660953 1.169727
v -0.324658 5.990935 1.326305
v -0.812105 5.676856 1.057885
v -0.960459 5.804078 1.097651
v -0.968406 6.002862 1.226891
v -0.947213 6.245379 1.311393
v -1.235972 6.245379 1.189610
v -1.243920 5.955154 1.087710
v -1.074373 5.688783 0.978354
v -1.137953 5.561561 0.861541
v -1.039934 5.267360 0.757156
v -1.204182 5.235554 0.680109
v -0.624014 6.233452 1.376013
v -0.308763 6.233452 1.405837
v -1.024039 4.814131 0.744729
v -1.190936 4.897620 0.821775
v -1.188287 4.853888 0.946044
v -1.455853 5.048697 0.953500
v -1.355185 5.104356 1.117534
v -1.386975 4.881718 1.132447
v -1.379027 4.873766 1.214464
v -1.381677 4.969183 1.358615
v -1.492942 4.889669 1.353645
v -1.553873 4.504027 0.963441
v -1.548574 4.798228 0.960956
v -1.635997 4.849912 0.871483
v -1.741964 4.834009 0.836688
v -1.887668 4.921474 0.836688
v -1.792298 5.048697 0.704963
v -1.614804 4.973158 0.834202
v -1.553873 4.881718 0.784495
v -1.392273 4.810155 0.784495
v -1.267762 4.845936 0.759641
v -1.281008 5.032794 0.806863
v -1.567119 4.782325 0.645314
v -1.119409 4.531857 0.508619
v -1.667787 4.830034 0.538443
v -1.567119 4.738593 0.436543
v -1.522083 4.790277 0.352040
v -1.747262 4.981110 0.349555
v -1.779052 4.993037 0.533472
v -1.832036 4.806180 0.501163
v -1.177691 4.770398 0.610519
v -1.885019 4.814131 0.575724
v -1.975091 4.909547 0.677624
v -1.964494 5.052672 0.777039
v -1.900914 4.869791 0.933617
v -1.892967 4.901596 1.060371
v -1.983038 5.167967 1.134932
v -1.853229 5.183870 1.293996
v -1.763157 4.830034 1.147359
v -1.601558 4.909547 1.358615
v -1.699577 5.239530 1.438147
v -1.726069 5.466144 1.482884
v -1.855878 5.497950 1.378498
v -2.141989 4.897620 0.613004
v -2.094303 4.766423 0.473824
v -1.842632 4.523906 0.409204
v -2.057215 4.861839 0.650285
v -1.824088 4.710763 0.386836
v -1.850580 4.814131 0.267538
v -1.800246 5.016891 0.183035
v -1.847931 5.088454 0.014030
v -1.710174 4.889669 0.110960
v -1.911511 4.818107 0.212860
v -1.993635 4.881718 0.158182
v -1.998933 5.056648 0.048825
v -1.826737 4.818107 -0.130121
v -1.757859 4.845936 -0.189770
v -1.712823 4.778350 -0.306583
v -1.702226 4.865815 -0.396056
v -1.657190 5.028818 -0.338892
v -1.728718 5.004964 -0.179829
v -1.633348 4.806180 -0.164917
v -2.043969 4.798228 0.242684
v -1.612154 4.766423 -0.043133
v -1.217428 4.511979 -0.100297
v -1.498240 4.718714 -0.256875
v -1.434660 4.778350 -0.319009
v -1.482345 4.973158 -0.351319
v -1.410818 5.163991 -0.326466
v -1.450555 5.044721 -0.448249
v -1.543276 5.048697 -0.488015
v -1.294254 4.718714 -0.256875
v -1.288956 4.794252 -0.154975
v -1.424063 5.179894 -0.150004
v -1.522083 5.478071 -0.100297
v -1.447906 5.211700 -0.028221
v -1.270411 4.722690 -0.050589
v -1.360483 4.877742 0.078650
v -1.477047 5.247481 0.105989
v -1.556522 5.513853 0.120901
v -1.553873 5.557585 0.016515
v -1.606856 5.903470 0.031428
v -1.522083 5.605293 -0.212139
v -1.458503 5.716612 -0.455705
v -1.495591 5.990935 -0.381144
v -1.439958 5.986959 -0.711698
v -1.429362 5.740467 -0.724125
v -1.381677 5.470120 -0.550149
v -1.360483 5.175919 -0.500441
v -1.336641 4.985085 -0.567546
v -1.408168 4.969183 -0.657020
v -1.426713 4.925450 -0.729095
v -1.577715 5.084478 -0.584944
v -1.667787 5.004964 -0.473102
v -1.710174 5.076527 -0.557605
v -1.736665 4.826058 -0.453219
v -1.810842 4.889669 -0.478073
v -1.866475 4.810155 -0.440793
v -1.805544 4.993037 -0.515354
v -1.837334 5.028818 -0.577488
v -1.900914 5.076527 -0.612283
v -1.842632 5.068575 -0.761405
v -1.747262 4.857863 -0.813598
v -1.771105 4.861839 -0.701756
v -1.686331 4.893645 -0.599856
v -1.638646 5.016891 -0.674417
v -1.559171 4.997013 -0.796200
v -1.522083 5.012916 -0.793715
v -1.561820 5.024843 -0.701756
v -1.416116 4.889669 -0.845908
v -1.243920 4.774374 -0.873247
v -1.175041 4.778350 -0.858335
v -1.169743 4.841961 -0.766376
v -1.235972 4.993037 -0.674417
v -1.270411 5.203749 -0.671932
v -1.363132 5.478071 -0.773832
v -1.609505 5.617220 -0.858335
v -1.620102 5.947203 -0.818569
v -1.410818 6.217549 -0.686844
v -1.487643 6.233452 -0.333922
v -1.598909 6.233452 0.081135
v -1.659840 5.990935 0.404233
v -1.643945 6.241404 0.451455
v -1.561820 6.468018 0.130842
v -1.455853 6.460067 -0.291671
v -1.400221 6.440188 -0.649564
v -1.585663 6.197671 -0.813598
v -1.871773 5.851786 -0.739037
v -1.349887 6.794024 -0.239478
v -1.408168 6.638973 -0.259361
v -1.360483 6.968955 0.202918
v -1.442608 6.805952 0.192977
v -1.508837 6.650900 0.168123
v -1.537978 6.658851 0.533472
v -1.598909 6.471993 0.498677
v -1.598909 6.241404 0.754670
v -1.604207 5.923348 0.675138
v -1.633348 5.776248 0.371923
v -1.598909 5.645050 0.222801
v -1.506188 5.211700 0.294877
v -1.400221 4.826058 0.140784
v -1.553873 4.913523 0.240199
v -1.598909 4.826058 0.158182
v -1.575066 4.981110 0.302333
v -1.376378 4.746544 0.364467
v -1.323395 4.837985 0.389321
v -1.233323 4.750520 0.448970
v -1.196235 4.849912 0.516075
v -1.384326 5.219651 0.486250
v -1.307500 5.219651 0.555841
v -1.445257 5.211700 0.419145
v -1.535329 5.513853 0.491221
v -1.598909 5.653001 0.466367
v -1.506188 5.581439 0.563297
v -1.424063 5.521804 0.605548
v -1.429362 5.672880 0.707448
v -1.405519 5.804078 0.849114
v -1.463801 6.002862 0.936102
v -1.458503 6.249355 1.003207
v -1.548574 6.479945 0.796922
v -1.484994 6.670778 0.824261
v -1.416116 6.833781 0.836687
v -1.466450 6.821855 0.553355
v -1.379027 6.992809 0.548384
v -1.169743 7.163764 0.197947
v -0.780315 7.386403 0.165638
v -0.896879 7.354597 0.401748
v -1.193586 7.183642 0.496192
v -1.328693 7.008712 0.819290
v -1.299552 6.845708 1.052915
v -1.357834 6.678730 1.055400
v -1.410818 6.483921 1.040488
v -1.193586 6.487896 1.224405
v -0.910124 6.483921 1.343703
v -0.600172 6.475969 1.413293
v -0.295517 6.464042 1.450574
v 0.001190 6.221525 1.413293
v 0.308494 6.233452 1.405837
v 0.324389 5.990935 1.326305
v 0.626394 5.593366 1.085225
v 0.716466 5.525779 1.013149
v 0.729712 5.227602 0.893851
v 0.682027 4.758471 0.903793
v 0.705869 4.774374 1.028061
v 0.674079 4.957256 1.080254
v 0.803889 4.730641 1.087710
v 0.599903 6.475969 1.413293
v 0.295248 6.464042 1.450574
v 0.001190 6.460067 1.463001
v 0.001190 6.650900 1.492825
v -0.284920 6.658851 1.477913
v -0.581627 6.666802 1.433176
v -0.883633 6.678730 1.353644
v -1.153848 6.678730 1.231861
v -1.108812 6.849684 1.219434
v -1.220077 7.020639 1.028061
v -1.135304 7.207496 0.729816
v -0.753823 7.418208 0.521045
v -0.785613 7.382427 0.724846
v -1.050530 7.215448 0.921190
v -1.039934 7.028590 1.189610
v -0.851843 6.845708 1.346188
v -0.560434 6.837757 1.435662
v -0.796210 7.024615 1.318849
v -0.880984 7.227375 1.055400
v -0.581627 7.430135 0.747214
v -0.507451 7.386403 0.926161
v -0.679647 7.215448 1.182154
v -0.520696 7.016663 1.410808
v -0.274324 6.825830 1.490340
v 0.003839 6.821855 1.510223
v -0.253130 7.008712 1.470457
v -0.438572 7.215448 1.256715
v -0.290219 7.426159 0.883909
v -0.157760 7.378451 1.033032
v -0.210744 7.207496 1.323820
v 0.009138 7.004736 1.487854
v 0.279353 6.825830 1.490340
v 0.279353 6.646924 1.480398
v 0.581358 6.666802 1.433176
v 0.568112 6.837757 1.435662
v 0.271405 7.008712 1.470457
v 0.014436 7.211472 1.328791
v 0.011787 7.422184 0.931131
v 0.181334 7.378451 1.033032
v 0.239615 7.207496 1.323820
v 0.541621 7.016663 1.410808
v 0.856872 6.845708 1.346188
v 0.883364 6.678730 1.353644
v 1.116491 6.849684 1.219434
v 0.814485 7.024615 1.316364
v 0.467444 7.215448 1.256715
v 0.313792 7.426159 0.883909
v 0.533673 7.382427 0.923675
v 0.708518 7.215448 1.182154
v 1.058209 7.028590 1.187125
v 0.909855 7.223399 1.055400
v 0.605201 7.430135 0.744729
v 0.811836 7.382427 0.722360
v 1.076753 7.215448 0.921190
v 1.164176 7.207496 0.727331
v 1.219808 7.179667 0.496192
v 1.190667 7.147861 0.197947
v 0.774748 7.418208 0.521045
v 0.920452 7.350621 0.401748
v 0.795941 7.374475 0.165638
v 0.867469 7.267132 -0.070473
v 1.135035 7.092201 -0.150004
v 1.174772 6.913295 -0.565061
v 0.689974 7.330743 -0.259361
v 0.711168 7.314840 -0.465646
v 1.026419 7.084250 -0.453220
v 0.938996 7.135934 -0.652049
v 1.060858 6.957028 -0.768862
v 1.082051 6.817879 -0.826025
v 0.957540 6.877514 -0.930411
v 0.936347 7.032566 -0.883189
v 0.819784 7.219423 -0.748979
v 0.549568 7.422184 -0.465646
v 0.525726 7.418208 -0.602342
v 0.358828 7.465916 -0.547664
v 0.533673 7.290986 -0.873247
v 0.695273 7.267132 -0.830996
v 0.607850 7.124007 -1.047223
v 0.419759 7.147861 -1.091960
v 0.430356 7.052444 -1.161550
v 0.607850 6.961003 -1.164035
v 0.785344 7.088226 -0.970177
v 0.406513 6.976906 -1.233626
v 0.319090 6.984858 -1.268421
v 0.308494 6.996785 -1.298245
v 0.364126 6.841733 -1.268421
v 0.329687 6.897392 -1.330555
v 0.364126 6.750292 -1.330555
v 0.425057 6.980882 -1.345467
v 0.332336 7.076299 -1.303216
v 0.361477 7.151837 -1.318128
v 0.337635 7.231350 -1.293275
v 0.454198 7.263156 -1.333041
v 0.472742 6.897392 -1.236111
v 0.541621 6.825830 -1.218714
v 0.586657 7.342670 -1.288304
v 0.652886 7.263156 -1.300731
v 0.758853 7.247253 -1.258480
v 0.748256 7.135934 -1.278363
v 0.854223 7.203521 -1.221199
v 0.909855 7.231350 -1.171492
v 0.878065 7.104128 -1.216228
v 0.883364 6.980882 -1.208772
v 0.742958 7.016663 -1.278362
v 0.607850 7.187618 -1.325585
v 0.589306 7.068347 -1.328070
v 0.446251 7.124007 -1.345467
v 0.584008 6.933174 -1.313158
v 0.737659 6.893417 -1.258479
v 0.878065 6.857635 -1.188889
v 1.002576 6.825830 -1.109357
v 1.010524 6.945101 -1.129240
v 1.116491 6.786073 -1.019884
v 1.201264 6.750292 -0.932896
v 1.262195 6.825830 -0.875732
v 1.259546 6.889441 -0.858335
v 1.243651 6.722462 -0.855850
v 1.206562 6.595240 -0.865791
v 1.177422 6.634997 -0.922954
v 1.111192 6.563435 -0.878218
v 1.097946 6.678730 -0.987574
v 1.121789 6.495848 -0.853364
v 1.050261 6.623070 -0.920469
v 0.984032 6.722462 -1.072077
v 0.862170 6.754268 -1.146638
v 0.724414 6.774146 -1.223684
v 0.576060 6.790049 -1.285818
v 0.451549 6.790049 -1.335526
v 0.454198 6.638973 -1.260965
v 0.398566 6.563435 -1.255994
v 0.467444 6.646924 -1.228655
v 0.499234 6.762219 -1.233626
v 0.666132 6.706559 -1.166521
v 0.536322 6.682705 -1.243567
v 0.825082 6.706559 -1.082018
v 0.941645 6.682705 -0.997516
v 1.058209 6.682705 -0.870762
v 0.949593 6.758244 -0.952779
v 0.811836 6.798000 -1.037282
v 0.660833 6.821855 -1.161550
v 0.803889 6.925222 -1.019884
v 1.251598 7.012688 -0.808627
v 1.238352 7.116055 -0.783774
v 1.211861 7.231350 -0.783774
v 1.217159 7.076299 -0.791230
v 1.439689 6.650900 -0.803657
v 1.519164 6.436213 -0.806142
v 1.585394 6.197671 -0.813598
v 1.619833 5.947203 -0.818569
v 1.807924 6.161890 -0.731581
v 1.919189 6.408382 -0.453220
v 1.895347 6.615119 -0.351319
v 1.799976 6.714511 -0.468132
v 1.741695 6.464042 -0.719154
v -1.826737 5.557585 -0.821054
v -1.808193 5.263384 -0.853364
v -1.927406 5.474095 -0.726610
v -1.914160 5.279287 -0.724125
v -1.980389 5.565536 -0.617254
v -1.744613 5.020867 -0.890645
v -1.646594 4.818107 -0.942837
v -1.588312 4.678957 -0.900586
v -1.585663 4.655103 -0.826025
v -1.572417 4.710763 -0.721639
v -1.564469 4.853888 -0.746493
v -1.535329 4.965207 -0.813598
v -1.532679 5.112308 -0.930410
v -1.500889 5.036769 -0.870762
v -1.469099 4.997013 -0.947808
v -1.429362 5.104356 -0.972662
v -1.344588 5.163991 -0.960235
v -1.209481 4.929426 -1.049708
v -1.281008 4.877742 -1.047223
v -1.357834 4.845936 -0.982603
v -1.201533 4.718714 -1.039767
v -1.169743 4.698836 -0.980118
v -0.857141 4.579565 -1.211257
v -1.074373 4.786301 -0.885674
v -1.055829 4.798228 -0.957750
v -1.140602 4.969183 -0.828510
v -1.257166 5.195797 -0.855849
v -1.479696 5.402533 -0.893130
v -1.665138 5.259408 -0.917984
v -1.527381 4.977134 -0.942837
v -1.498240 4.822083 -0.850879
v -1.432011 4.682933 -0.913013
v -1.463801 4.643176 -0.865791
v -1.339290 4.531857 -1.062135
v -1.511486 4.627274 -0.990059
v -1.490293 4.706787 -1.027340
v -1.559171 4.841961 -1.002486
v -1.628049 5.012916 -0.962720
v -1.490293 4.841961 -0.955264
v -1.418765 4.678957 -0.997515
v -1.108812 4.710763 -1.114328
v -1.111461 4.766423 -1.124269
v -1.010793 4.746544 -1.096930
v -1.127356 4.949305 -0.977632
v -1.267762 5.692759 0.876453
v 1.362863 5.478071 -0.773832
v 1.272792 5.203749 -0.671932
v 1.360214 5.175919 -0.500441
v 1.450286 5.044721 -0.448249
v 1.336372 4.985085 -0.567546
v 1.235703 4.993037 -0.674417
v 1.140333 4.969183 -0.828510
v 1.259546 5.195797 -0.855849
v 1.127087 4.949305 -0.977632
v 1.344319 5.163991 -0.960235
v 1.479427 5.402533 -0.893130
v 1.055560 4.798228 -0.957750
v 1.074104 4.786301 -0.885674
v 1.169474 4.841961 -0.766376
v 0.856872 4.579565 -1.211257
v 1.174772 4.778350 -0.858335
v 1.407899 4.969183 -0.657020
v 1.010524 4.746544 -1.096930
v 1.111192 4.766423 -1.124269
v 1.209212 4.929426 -1.049708
v 1.283388 4.877742 -1.047223
v 1.429093 5.104356 -0.972662
v 1.111192 4.710763 -1.114328
v 1.201264 4.718714 -1.039767
v 1.357565 4.845936 -0.982603
v 1.468830 4.997013 -0.947808
v 1.500620 5.036769 -0.870762
v 1.415847 4.889669 -0.845908
v 1.172123 4.698836 -0.980118
v 1.243651 4.774374 -0.873247
v 1.429093 4.925450 -0.729095
v 1.543007 5.048697 -0.488015
v 1.482076 4.973158 -0.351319
v 1.434391 4.778350 -0.319009
v 1.293985 4.718714 -0.256875
v 1.497971 4.718714 -0.256875
v 1.577446 5.084478 -0.584944
v 1.974822 4.909547 0.677624
v 1.884750 4.814131 0.575724
v 2.056946 4.861839 0.650285
v 2.141719 4.897620 0.613004
v 1.842363 4.523906 0.409204
v 2.094034 4.766423 0.473824
v 1.831767 4.806180 0.501163
v 1.778783 4.993037 0.533472
v 1.826468 4.710763 0.386836
v 1.911242 4.818107 0.212860
v 1.993366 4.881718 0.158182
v 2.043700 4.798228 0.242684
v 1.998664 5.056648 0.048825
v 1.988068 4.849912 -0.117694
v 2.027805 4.893645 -0.179829
v 1.948330 4.786301 -0.304097
v 1.566850 4.782325 0.645314
v 0.676728 4.826058 1.507738
v 0.636991 4.913523 1.639462
v 0.732361 4.834009 1.684199
v 0.833029 4.857863 1.721479
v 0.954891 4.746544 1.644433
v 0.546919 5.104356 1.686684
v 0.337635 4.834009 1.776157
v 1.280739 5.032794 0.806863
v 1.267493 4.845936 0.759641
v 1.177422 4.770398 0.610519
v 1.392004 4.810155 0.784495
v 1.195966 4.849912 0.516075
v 1.307231 5.219651 0.555841
vn -0.8073 0.2385 -0.5398
vn -0.7105 0.1500 -0.6875
vn -0.5801 -0.8086 -0.0982
vn -0.6596 0.3177 -0.6812
vn -0.7156 0.3051 -0.6284
vn -0.6632 0.3793 -0.6452
vn -0.5978 0.2292 -0.7682
vn -0.9663 -0.0490 0.2528
vn 0.4925 -0.7901 0.3650
vn 0.7141 -0.6954 0.0807
vn 0.4170 -0.6695 0.6147
vn 0.1168 -0.9905 0.0720
vn -0.3261 -0.9451 0.0197
vn 0.5789 -0.5842 -0.5689
vn -0.2025 -0.9791 0.0196
vn -0.6703 -0.2369 0.7032
vn -0.0695 -0.6330 0.7710
vn -0.0019 -0.9794 -0.2018
vn 0.8098 -0.5865 0.0109
vn 0.5664 -0.6290 0.5324
vn 0.2102 -0.4668 0.8590
vn 0.0038 -0.6601 0.7512
vn 0.1111 -0.3369 0.9350
vn 0.0132 -0.8975 0.4409
vn 0.0434 -0.9929 0.1112
vn -0.7769 -0.5160 0.3609
vn -0.4478 -0.5754 0.6844
vn 0.0525 -0.4279 0.9023
vn 0.1276 -0.2910 0.9482
vn 0.2607 -0.2753 0.9253
vn -0.1355 -0.9806 -0.1416
vn -0.8435 -0.5103 -0.1674
vn -0.6911 -0.3257 -0.6452
vn 0.2266 -0.5951 0.7710
vn 0.4337 -0.4523 0.7793
vn -0.2883 -0.9387 -0.1889
vn 0.5870 -0.6790 0.4409
vn 0.0207 -0.5595 0.8286
vn -0.1821 -0.9674 -0.1761
vn -0.8147 -0.3314 -0.4759
vn -0.9641 -0.2466 -0.0981
vn 0.8954 -0.4378 -0.0807
vn 0.9624 -0.2318 -0.1415
vn 0.9437 -0.2828 -0.1717
vn 0.9243 -0.2317 -0.3032
vn 0.8238 -0.5155 -0.2359
vn 0.7951 -0.3661 -0.4835
vn 0.3617 -0.9323 -0.0066
vn 0.0491 -0.9916 0.1199
vn 0.2474 -0.5417 -0.8033
vn 0.5703 -0.5890 -0.5725
vn 0.8549 -0.4703 -0.2189
vn -0.2975 -0.9547 0.0022
vn -0.3398 -0.5582 -0.7569
vn -0.9151 -0.2609 0.3074
vn -0.1447 -0.9245 0.3527
vn -0.5679 -0.4760 0.6715
vn -0.1885 -0.5462 0.8161
vn 0.2956 -0.6225 0.7246
vn 0.8190 -0.4620 0.3404
vn 0.9149 -0.2461 0.3198
vn 0.8497 -0.2892 0.4409
vn 0.9744 -0.2246 -0.0066
vn 0.7781 -0.6157 0.1242
vn 0.3643 -0.8820 0.2990
vn 0.1411 -0.9887 0.0502
vn 0.2683 -0.9381 0.2189
vn -0.6541 -0.7035 -0.2781
vn -0.3752 -0.8257 -0.4212
vn 0.6852 -0.7278 0.0284
vn 0.4662 -0.8326 -0.2990
vn 0.4065 -0.8322 0.3771
vn 0.0793 -0.9946 -0.0677
vn -0.1955 -0.4892 -0.8499
vn -0.0638 -0.3281 -0.9425
vn 0.4235 -0.6932 -0.5832
vn 0.7462 -0.6009 -0.2865
vn -0.5555 -0.8314 0.0109
vn 0.2837 -0.8536 0.4370
vn 0.3061 -0.9275 0.2146
vn -0.6600 -0.6025 -0.4487
vn 0.4252 -0.3174 -0.8476
vn 0.6107 -0.6655 -0.4291
vn -0.1938 0.4112 -0.8907
vn -0.1122 0.4284 -0.8966
vn -0.7502 0.5693 -0.3363
vn -0.6935 -0.2051 -0.6907
vn -0.9586 0.2829 -0.0328
vn -0.9976 0.0415 0.0546
vn -0.4849 -0.8499 0.2060
vn 0.3091 -0.8782 0.3650
vn -0.0509 -0.8158 0.5760
vn 0.7036 -0.5346 -0.4681
vn 0.7383 -0.3508 -0.5760
vn 0.5970 -0.6224 -0.5062
vn 0.0020 0.0305 -0.9995
vn 0.3492 0.0825 -0.9334
vn 0.4255 -0.0377 -0.9042
vn -0.0000 0.3953 -0.9186
vn -0.5969 0.6543 -0.4642
vn -0.8724 0.4608 0.1631
vn -0.7007 -0.3183 0.6385
vn -0.8096 0.0188 0.5867
vn -0.3645 -0.5811 0.7277
vn -0.3441 -0.6462 0.6812
vn -0.9112 0.3218 0.2571
vn -0.8355 0.3879 -0.3893
vn -0.7914 0.5078 -0.3404
vn -0.9270 0.2607 0.2697
vn -0.2573 0.3001 -0.9186
vn -0.0833 0.2047 -0.9753
vn -0.8929 -0.0377 0.4487
vn -0.9520 0.2096 0.2231
vn -0.8850 0.1984 -0.4212
vn 0.5088 0.4741 -0.7186
vn 0.5977 0.2292 -0.7682
vn 0.6452 0.4538 -0.6147
vn 0.3731 0.4505 -0.8111
vn 0.4716 0.3969 -0.7874
vn 0.6625 -0.5997 -0.4488
vn 0.5941 0.6569 -0.4642
vn 0.8706 0.4641 0.1631
vn -0.0000 0.3952 -0.9186
vn -0.4275 -0.3143 -0.8476
vn -0.4258 -0.0340 -0.9042
vn 0.1122 0.4284 -0.8966
vn 0.7502 0.5693 -0.3363
vn 0.1938 0.4112 -0.8907
vn 0.7914 0.5078 -0.3404
vn 0.9125 0.3183 0.2571
vn -0.6135 -0.6629 -0.4291
vn 0.5331 -0.7048 -0.4681
vn -0.5730 -0.5263 -0.6283
vn -0.0536 0.1380 -0.9890
vn 0.8248 0.3942 -0.4053
vn 0.8151 0.2748 -0.5101
vn 0.9120 0.2095 0.3527
vn 0.9079 0.2387 0.3446
vn 0.8050 0.3595 -0.4720
vn -0.0826 0.1280 -0.9883
vn -0.1750 0.1047 -0.9790
vn -0.1925 0.1249 -0.9733
vn -0.5990 0.0076 -0.8007
vn -0.6778 -0.1054 -0.7277
vn -0.6969 -0.2519 -0.6715
vn -0.7204 -0.6390 -0.2697
vn -0.4299 -0.8704 0.2401
vn 0.2463 -0.5345 0.8085
vn 0.0797 0.2061 -0.9753
vn 0.7023 -0.3148 0.6385
vn -0.6852 -0.7278 0.0284
vn -0.3025 -0.9287 0.2146
vn -0.2873 -0.8524 0.4370
vn -0.7059 -0.5315 -0.4682
vn 0.2573 0.3001 -0.9186
vn -0.0057 0.0300 -0.9995
vn 0.6078 -0.4629 0.6452
vn 0.7951 0.1053 0.5973
vn 0.9311 0.1504 0.3322
vn 0.8355 0.3880 -0.3892
vn 0.9270 0.2607 0.2697
vn 0.8095 0.0226 0.5867
vn 0.3645 -0.5811 0.7277
vn 0.0471 -0.8161 0.5760
vn -0.7383 -0.3508 -0.5761
vn -0.3492 0.0825 -0.9334
vn -0.5942 -0.6250 -0.5063
vn -0.4662 -0.8326 -0.2990
vn 0.8053 -0.4882 0.3363
vn 0.7811 0.0602 0.6215
vn 0.1338 -0.3241 0.9365
vn -0.7648 -0.6210 0.1718
vn -0.8315 -0.4292 -0.3527
vn -0.8580 -0.2569 -0.4448
vn -0.8632 -0.1167 -0.4911
vn -0.8507 -0.2605 -0.4565
vn -0.6386 0.1389 -0.7569
vn -0.8418 -0.0076 -0.5398
vn -0.8795 -0.0000 -0.4758
vn -0.5417 0.1090 -0.8334
vn -0.8879 0.2021 -0.4132
vn -0.6180 0.1535 -0.7710
vn -0.9005 0.1354 -0.4132
vn -0.9120 0.0265 -0.4093
vn 0.6293 0.2295 -0.7425
vn 0.8098 0.3870 -0.4409
vn 0.8879 0.3183 -0.3322
vn 0.8819 0.2536 -0.3973
vn 0.6171 0.1572 -0.7710
vn -0.1250 -0.0189 -0.9920
vn -0.0899 -0.0336 -0.9954
vn 0.5400 0.2972 -0.7875
vn 0.7318 0.4254 -0.5324
vn 0.8587 0.4434 -0.2571
vn 0.9212 0.3402 -0.1889
vn 0.9477 0.2539 -0.1932
vn 0.8879 0.2021 -0.4132
vn 0.6394 0.1351 -0.7569
vn -0.1111 0.0226 -0.9936
vn -0.0951 0.0897 -0.9914
vn 0.0680 0.0297 -0.9972
vn -0.9050 0.0113 -0.4252
vn -0.9251 -0.1503 -0.3486
vn -0.9069 -0.2792 -0.3157
vn -0.8861 -0.3645 -0.2865
vn -0.6210 -0.7501 0.2274
vn 0.2287 0.1029 -0.9681
vn 0.9538 0.2465 -0.1718
vn 0.8270 0.1128 0.5508
vn 0.7023 0.4767 -0.5287
vn 0.9016 0.1279 0.4132
vn 0.8711 0.2240 0.4370
vn 0.9479 0.2465 -0.2018
vn 0.8012 0.4211 -0.4251
vn 0.9984 0.0377 -0.0415
vn -0.5652 -0.2626 0.7820
vn -0.5160 -0.1522 0.8430
vn -0.5772 -0.2350 0.7820
vn -0.7082 -0.1459 0.6907
vn -0.6595 -0.3248 -0.6780
vn -0.2756 -0.9458 0.1717
vn 0.5717 -0.2567 -0.7793
vn 0.7225 -0.2304 -0.6519
vn 0.5077 -0.4370 -0.7424
vn -0.6287 -0.2217 0.7454
vn -0.6263 -0.2467 0.7395
vn -0.6971 -0.2760 0.6617
vn -0.6501 -0.5078 0.5653
vn -0.5119 -0.5478 0.6617
vn -0.4462 -0.3558 0.8212
vn -0.3743 -0.0821 0.9237
vn -0.1595 -0.9460 0.2823
vn -0.3025 -0.9383 0.1674
vn -0.4288 -0.8936 0.1329
vn -0.7051 -0.2370 0.6683
vn -0.0603 -0.9587 0.2781
vn -0.5578 -0.8101 -0.1803
vn 0.2896 -0.6425 -0.7094
vn 0.3100 -0.6225 -0.7186
vn 0.3395 -0.5226 -0.7820
vn 0.3344 -0.3518 -0.8743
vn 0.3631 -0.9124 -0.1889
vn 0.1822 -0.2129 -0.9599
vn 0.4960 -0.6133 -0.6147
vn 0.1827 -0.5138 0.8382
vn -0.2923 -0.0524 0.9549
vn -0.0694 -0.0076 -0.9976
vn 0.2571 -0.1310 -0.9575
vn 0.3463 -0.2218 -0.9115
vn 0.4287 -0.2657 -0.8635
vn 0.4917 -0.2752 -0.8261
vn 0.3196 -0.5662 -0.7598
vn -0.3541 -0.7340 -0.5796
vn 0.8323 -0.5227 -0.1846
vn 0.9586 -0.2829 -0.0328
vn 0.9763 -0.1130 -0.1846
vn 0.9984 -0.0151 -0.0546
vn 0.5489 -0.0904 -0.8310
vn 0.4692 -0.0902 -0.8785
vn 0.4978 0.0528 -0.8657
vn 0.5910 0.0978 -0.8007
vn 0.6349 -0.1053 -0.7654
vn 0.3140 0.2953 -0.9023
vn 0.3853 0.0378 -0.9220
vn 0.2194 0.1027 -0.9702
vn -0.0799 0.2287 -0.9702
vn 0.2297 0.4533 -0.8613
vn 0.8281 0.0529 -0.5581
vn 0.7772 -0.0979 -0.6215
vn 0.3558 -0.0898 -0.9302
vn 0.2076 -0.0452 -0.9772
vn -0.1071 0.0372 -0.9936
vn -0.4847 0.0902 -0.8700
vn 0.5004 0.2344 -0.8335
vn 0.5518 0.3375 -0.7626
vn 0.6110 0.3869 -0.6907
vn 0.4197 0.5662 -0.7094
vn 0.4298 0.2983 -0.8522
vn 0.1604 0.5477 -0.8212
vn -0.0899 0.3890 -0.9168
vn -0.3592 0.1334 -0.9237
vn -0.6048 0.0378 -0.7955
vn -0.3210 -0.2165 0.9220
vn -0.3221 -0.3979 0.8590
vn -0.8146 -0.3768 0.4409
vn -0.4634 0.0789 -0.8826
vn 0.0151 -0.9176 0.3973
vn -0.7882 -0.0302 -0.6146
vn -0.7845 -0.1539 -0.6008
vn -0.3489 -0.5040 0.7901
vn -0.0075 -0.9996 0.0285
vn 0.0886 -0.8932 0.4409
vn -0.0885 -0.9527 0.2907
vn -0.5877 -0.7672 0.2571
vn -0.4087 -0.8034 0.4331
vn -0.3350 -0.6306 0.7001
vn -0.2553 -0.7171 0.6485
vn -0.0621 -0.7354 0.6748
vn -0.0452 -0.8825 0.4681
vn -0.1741 -0.8354 0.5213
vn -0.3183 -0.9113 0.2613
vn -0.4190 -0.9068 0.0458
vn -0.5555 -0.8314 0.0153
vn -0.6539 -0.7378 0.1674
vn -0.7317 -0.5390 0.4172
vn -0.6268 -0.7600 0.1717
vn -0.4571 -0.8672 0.1975
vn -0.4677 -0.8806 0.0764
vn -0.5965 -0.7722 0.2189
vn -0.7590 -0.5887 0.2781
vn -0.4064 -0.8998 0.1588
vn -0.4544 -0.8875 0.0764
vn -0.5780 -0.8052 -0.1329
vn -0.3402 -0.9398 -0.0328
vn -0.6222 -0.7819 0.0371
vn -0.6103 -0.7714 0.1804
vn -0.7835 -0.5748 0.2359
vn -0.3295 -0.9214 -0.2060
vn -0.4817 -0.8092 -0.3363
vn -0.8169 -0.5544 0.1588
vn -0.8314 -0.5555 -0.0109
vn -0.7941 -0.5564 -0.2444
vn -0.6710 -0.5417 -0.5063
vn -0.3420 -0.8035 -0.4873
vn -0.1949 -0.9510 -0.2401
vn -0.1521 -0.9136 -0.3771
vn -0.2417 -0.7782 -0.5796
vn -0.4889 -0.5076 -0.7094
vn -0.7443 -0.3057 -0.5938
vn -0.5380 -0.2386 -0.8085
vn -0.3421 -0.4568 -0.8212
vn -0.1612 -0.7694 -0.6181
vn -0.0867 -0.9407 -0.3281
vn -0.0585 -0.9032 -0.4251
vn -0.0923 -0.7527 -0.6518
vn -0.2282 -0.4154 -0.8806
vn -0.3607 -0.1617 -0.9186
vn -0.3321 -0.0377 -0.9425
vn -0.5311 -0.1237 -0.8382
vn -0.3055 0.0490 -0.9509
vn -0.2091 0.0377 -0.9772
vn -0.2344 -0.0889 -0.9681
vn -0.1210 -0.3847 -0.9151
vn -0.0000 -0.7555 -0.6552
vn 0.0019 -0.9388 -0.3445
vn 0.0547 -0.9035 -0.4252
vn 0.0885 -0.7532 -0.6519
vn -0.0000 -0.3711 -0.9286
vn -0.1252 -0.0375 -0.9914
vn -0.1037 0.0996 -0.9896
vn -0.0802 0.1591 -0.9840
vn -0.0000 0.1739 -0.9848
vn 0.0019 0.1177 -0.9930
vn 0.0039 -0.0170 -0.9998
vn 0.1230 -0.3882 -0.9133
vn 0.1650 -0.7713 -0.6147
vn 0.0848 -0.9394 -0.3322
vn 0.1523 -0.9119 -0.3811
vn 0.2382 -0.7819 -0.5761
vn 0.2254 -0.4256 -0.8764
vn 0.1228 -0.0447 -0.9914
vn 0.1062 0.0902 -0.9902
vn 0.2060 0.0302 -0.9781
vn 0.2363 -0.0958 -0.9670
vn 0.3335 -0.4719 -0.8161
vn 0.3385 -0.8072 -0.4835
vn 0.2005 -0.9487 -0.2444
vn 0.3350 -0.9185 -0.2103
vn 0.4752 -0.8131 -0.3363
vn 0.4802 -0.5243 -0.7032
vn 0.3588 -0.1752 -0.9168
vn -0.1551 0.2333 -0.9599
vn 0.3353 -0.0453 -0.9410
vn 0.5340 -0.1274 -0.8358
vn 0.5344 -0.2628 -0.8033
vn 0.6547 -0.5680 -0.4987
vn 0.5736 -0.8075 -0.1372
vn 0.3386 -0.9396 -0.0502
vn 0.4496 -0.8920 0.0459
vn 0.6167 -0.7871 0.0153
vn 0.7755 -0.5839 -0.2401
vn 0.7365 -0.3367 -0.5867
vn 0.7558 -0.2162 -0.6181
vn 0.7669 -0.1129 -0.6318
vn 0.5264 -0.0227 -0.8499
vn 0.3061 0.0452 -0.9509
vn 0.1730 0.1079 -0.9790
vn 0.0803 0.1542 -0.9848
vn -0.0038 0.2676 -0.9635
vn -0.0691 0.2542 -0.9647
vn -0.0621 0.3740 -0.9253
vn -0.1695 0.4092 -0.8966
vn -0.2783 -0.7175 0.6385
vn 0.1014 -0.6720 0.7336
vn -0.1876 -0.9817 -0.0328
vn -0.3499 -0.8521 -0.3892
vn -0.8161 -0.3871 0.4291
vn -0.1933 -0.9778 -0.0808
vn 0.7301 -0.4978 -0.4681
vn -0.3535 0.0823 -0.9318
vn -0.4120 0.3572 -0.8382
vn -0.2939 0.4637 -0.8359
vn -0.3900 0.3486 -0.8522
vn -0.2806 0.4054 -0.8700
vn -0.9602 -0.2355 -0.1501
vn -0.5968 0.1238 -0.7928
vn -0.4780 0.2302 -0.8476
vn -0.1510 0.3522 -0.9237
vn -0.1192 0.4060 -0.9060
vn -0.0527 0.4199 -0.9061
vn -0.0038 0.3872 -0.9220
vn 0.0654 0.2551 -0.9647
vn 0.1582 0.2313 -0.9599
vn 0.2935 0.1992 -0.9350
vn 0.5130 0.1492 -0.8453
vn 0.7673 0.0604 -0.6385
vn 0.9258 -0.1950 -0.3239
vn 0.9011 -0.2972 -0.3157
vn 0.8698 -0.3955 -0.2949
vn 0.8141 -0.5804 -0.0197
vn 0.6190 -0.7762 0.1198
vn 0.4050 -0.9099 0.0895
vn 0.7228 0.2948 -0.6250
vn 0.9051 -0.4239 -0.0328
vn 0.6614 0.3826 -0.6452
vn 0.8970 0.2169 -0.3852
vn 0.6702 0.4160 -0.6147
vn 0.7165 0.3774 -0.5868
vn 0.9690 0.2024 -0.1415
vn 0.7513 0.2953 -0.5902
vn 0.6764 0.1868 -0.7125
vn 0.4641 -0.8793 0.1069
vn 0.6269 -0.7653 0.1459
vn 0.8105 -0.5544 0.1889
vn 0.8132 -0.5675 0.1285
vn 0.8987 -0.4166 0.1372
vn 0.9222 -0.3544 0.1545
vn 0.9372 -0.3473 -0.0328
vn 0.9705 -0.2392 -0.0284
vn 0.9425 -0.0377 -0.3322
vn 0.7141 0.3086 -0.6284
vn 0.6580 0.3211 -0.6812
vn 0.7872 0.3521 -0.5063
vn 0.9284 0.2683 -0.2571
vn 0.9884 0.1505 -0.0196
vn 0.7105 0.1500 -0.6876
vn 0.5801 -0.8086 -0.0982
vn -0.1560 -0.4556 -0.8764
vn 0.2028 -0.3714 -0.9061
vn 0.8073 0.2385 -0.5398
vn 0.9661 -0.0528 0.2528
vn 0.3542 -0.9092 -0.2189
vn 0.1784 -0.9681 -0.1760
vn 0.3071 -0.5143 0.8007
vn 0.5918 -0.2772 0.7569
vn 0.9796 0.1802 0.0894
vn -0.2830 -0.7953 0.5361
vn -0.7169 -0.6902 0.0982
vn 0.5555 -0.8314 0.0109
vn 0.9166 0.2095 0.3405
vn 0.9451 0.2536 0.2061
vn 0.9604 0.2319 0.1545
vn 0.9815 0.0302 0.1889
vn 0.9991 0.0377 -0.0197
vn 0.9942 -0.1055 -0.0197
vn 0.9519 -0.2538 0.1717
vn 0.9515 -0.2244 0.2103
vn 0.9131 -0.3542 0.2018
vn 0.8823 -0.4231 0.2061
vn 0.7156 -0.5218 0.4643
vn 0.1295 0.0516 -0.9902
vn 0.2251 -0.0076 -0.9743
vn 0.9510 -0.1949 -0.2401
vn 0.8985 -0.3962 -0.1889
vn 0.3064 -0.9432 -0.1286
vn 0.5244 -0.2896 -0.8007
vn -0.1377 -0.3091 -0.9410
vn -0.2683 -0.9381 0.2189
vn 0.6568 -0.7009 -0.2781
vn -0.1448 -0.9882 0.0503
vn 0.9612 0.1354 0.2401
vn 0.9756 -0.0151 0.2189
vn 0.9438 0.3046 0.1285
vn 0.9648 0.2318 0.1242
vn 0.9699 0.1949 0.1459
vn 0.9975 0.0453 0.0546
vn 0.6924 -0.2087 -0.6907
vn 0.0638 -0.3281 -0.9425
vn 0.0951 0.0897 -0.9914
vn 0.9374 -0.0904 -0.3363
vn 0.9683 -0.1205 0.2189
vn 0.9736 -0.1280 0.1889
vn 0.9051 0.0076 -0.4252
vn 0.8842 0.2021 -0.4212
vn 0.9520 0.2095 0.2231
vn 0.8929 -0.0377 0.4487
vn 0.3441 -0.6462 0.6812
vn -0.3055 -0.8794 0.3650
vn -0.4098 -0.8305 0.3771
vn -0.4092 -0.8094 0.4211
vn -0.8571 -0.5072 -0.0895
vn -0.1772 -0.6358 -0.7512
vn -0.4785 -0.3719 -0.7954
vn -0.7951 -0.3661 -0.4835
vn 0.2848 -0.9398 -0.1889
vn 0.9476 -0.2245 -0.2274
vn 0.3786 -0.8242 -0.4212
vn -0.0793 -0.9946 -0.0677
vn 0.4817 -0.8518 0.2061
vn 0.9692 0.1205 0.2146
vn 0.9520 0.1949 0.2359
vn 0.9586 0.2829 -0.0328
vn 0.9549 0.2900 0.0633
vn -0.4235 -0.6932 -0.5831
vn 0.1955 -0.4893 -0.8499
vn -0.7438 -0.6039 -0.2865
vn -0.6514 -0.7580 0.0328
vn -0.0491 -0.9916 0.1199
vn -0.5703 -0.5890 -0.5725
vn -0.9437 -0.2828 -0.1717
vn -0.2508 -0.5401 -0.8033
vn -0.8549 -0.4703 -0.2189
vn 0.2975 -0.9547 0.0022
vn 0.4103 -0.4782 0.7765
vn -0.0170 -0.5596 0.8286
vn 0.8147 -0.3314 -0.4759
vn 0.3365 -0.5602 -0.7569
vn 0.0207 -0.9639 0.2655
vn 0.8245 -0.2017 0.5287
vn 0.9611 -0.1503 0.2316
vn -0.3616 -0.9323 -0.0065
vn 0.9641 -0.2466 -0.0981
vn 0.0340 -0.9351 -0.3527
vn 0.9151 -0.2609 0.3074
vn 0.5700 -0.4732 0.6717
vn 0.1885 -0.5462 0.8161
vn -0.2956 -0.6225 0.7246
vn -0.8485 -0.2927 0.4409
vn -0.8171 -0.4653 0.3404
vn -0.7781 -0.6157 0.1242
vn -0.9744 -0.2246 -0.0066
vn -0.9159 -0.2425 0.3198
vn -0.6664 -0.3102 0.6779
vn -0.4408 -0.5087 0.7395
vn -0.5349 -0.2994 0.7901
vn -0.5830 -0.5870 0.5617
vn -0.1168 -0.9905 0.0720
vn -0.5525 -0.5778 -0.6008
vn -0.3643 -0.8820 0.2990
vn -0.5798 -0.1196 0.8059
vn -0.4723 -0.3450 0.8111
vn -0.5464 -0.0526 0.8359
vn -0.7166 0.1348 0.6844
vn -0.7128 -0.0414 0.7001
vn -0.8136 -0.0791 0.5761
vn -0.9637 -0.1467 -0.2231
vn -0.9274 0.0264 0.3731
vn -0.5427 0.8393 -0.0328
vn -0.4763 0.4019 0.7820
vn -0.7526 0.5636 -0.3404
vn -0.7506 0.6572 0.0677
vn 0.0696 -0.6597 0.7483
vn 0.0565 0.7921 0.6077
vn 0.3912 0.9160 -0.0895
vn 0.2098 -0.9529 -0.2189
vn -0.7447 -0.5112 0.4291
vn -0.7667 0.6149 0.1846
vn -0.8051 -0.3028 0.5100
vn -0.6428 0.7627 0.0720
vn -0.7656 -0.6364 -0.0938
vn 0.0613 0.0492 -0.9969
vn 0.4195 0.6711 -0.6112
vn 0.4165 0.8344 0.3609
vn -0.4995 0.8651 0.0459
vn -0.6902 -0.1426 -0.7094
vn -0.8721 -0.4810 0.0895
vn -0.3839 0.8257 -0.4133
vn -0.8441 -0.1091 0.5250
vn -0.5240 0.6174 -0.5867
vn -0.6104 0.2987 0.7336
vn -0.6382 0.3648 -0.6780
vn -0.3892 0.4690 0.7928
vn -0.8499 0.4668 0.2444
vn -0.0396 0.9786 0.2018
vn -0.6765 0.5419 -0.4988
vn -0.5704 0.5891 -0.5724
vn -0.7141 -0.6954 0.0807
vn -0.4957 -0.7881 0.3650
vn 0.6703 -0.2369 0.7032
vn 0.0658 -0.6334 0.7710
vn -0.4138 -0.6715 0.6147
vn 0.3261 -0.9451 0.0197
vn 0.2025 -0.9791 0.0196
vn -0.5789 -0.5842 -0.5689
vn 0.1410 -0.9251 0.3527
vn -0.9182 -0.3860 0.0895
vn -0.3876 -0.9073 -0.1631
vn -0.6925 -0.1312 0.7094
vn -0.4337 -0.8719 -0.2274
vn -0.6111 -0.5352 0.5832
vn 0.3194 -0.5231 -0.7901
vn -0.4954 -0.8077 -0.3198
vn -0.5897 -0.2218 -0.7765
vn 0.1398 0.1425 -0.9799
vn 0.3674 0.6263 -0.6875
vn 0.0754 -0.9774 -0.1975
vn -0.4386 0.4800 -0.7598
vn 0.2412 -0.9671 -0.0807
vn 0.8183 -0.2167 -0.5324
vn -0.7400 -0.1203 -0.6617
vn -0.9623 0.2611 0.0764
vn 0.2310 0.4777 0.8476
vn 0.3499 -0.8521 -0.3892
vn -0.5734 -0.7027 0.4212
vn -0.5985 -0.8006 -0.0284
vn -0.3120 -0.4649 -0.8286
vn -0.4428 0.3366 0.8310
vn -0.7676 0.2883 -0.5725
vn 0.2369 0.0226 -0.9713
vn -0.0561 0.0668 -0.9962
vn -0.4752 -0.6124 -0.6318
vn 0.6754 0.0754 -0.7336
vn -0.0547 0.3996 -0.9151
vn -0.9784 0.1616 0.1286
vn 0.5356 -0.2351 -0.8111
vn -0.0490 -0.5096 -0.8590
vn -0.4336 -0.8719 -0.2273
vn 0.3829 -0.0151 -0.9237
vn -0.0357 0.1658 -0.9855
vn -0.6765 0.5418 -0.4988
vn -0.8604 0.2748 0.4291
vn 0.7116 -0.1721 -0.6812
vn 0.6753 0.0754 -0.7336
vn 0.8258 -0.5617 0.0503
vn 0.5190 -0.6216 0.5868
vn -0.2856 -0.0412 0.9575
vn 0.3593 0.0745 0.9302
vn -0.2739 0.0337 0.9612
vn 0.3385 0.9391 0.0590
vn -0.9157 0.0227 -0.4013
vn -0.2552 -0.9050 0.3404
vn -0.1821 -0.9822 -0.0459
vn 0.6454 -0.7401 0.1889
vn -0.3301 -0.0000 0.9439
vn -0.3342 0.0037 0.9425
vn -0.8401 0.4632 -0.2823
vn 0.1130 0.9935 0.0109
vn 0.2865 0.0601 -0.9562
vn 0.1695 0.4092 -0.8966
vn 0.0584 0.3746 -0.9253
vn -0.6410 0.7304 -0.2359
vn -0.3383 -0.0038 0.9410
vn -0.9089 -0.2862 -0.3032
vn -0.8533 -0.2784 -0.4409
vn 0.3462 0.5016 -0.7928
vn -0.5607 -0.8051 -0.1932
vn -0.3544 0.0151 0.9350
vn -0.8624 0.3746 -0.3404
vn 0.3925 0.3458 -0.8522
vn 0.2691 0.5114 -0.8161
vn 0.2939 0.4637 -0.8358
vn 0.3624 0.2745 -0.8907
vn 0.2817 0.4000 -0.8722
vn 0.9642 -0.1430 -0.2231
vn 0.5427 0.8393 -0.0328
vn 0.9275 0.0226 0.3731
vn 0.4763 0.4019 0.7820
vn 0.7526 0.5636 -0.3405
vn 0.7506 0.6572 0.0677
vn 0.4095 0.3601 -0.8382
vn -0.0565 0.7921 0.6077
vn -0.3946 0.9145 -0.0895
vn 0.4797 0.2268 -0.8476
vn 0.0527 0.4199 -0.9061
vn 0.7667 0.6149 0.1846
vn 0.0415 0.3850 -0.9220
vn 0.1039 0.3003 -0.9482
vn 0.1213 0.2756 -0.9536
vn 0.6427 0.7627 0.0720
vn 0.1192 0.4060 -0.9061
vn 0.6902 -0.1426 -0.7094
vn -0.0636 0.0462 -0.9969
vn -0.4195 0.6711 -0.6112
vn 0.1510 0.3522 -0.9237
vn 0.1178 0.2166 -0.9691
vn 0.0273 0.0498 -0.9984
vn 0.3535 0.0823 -0.9318
vn 0.5027 0.8632 0.0459
vn 0.8739 -0.4777 0.0895
vn 0.8445 -0.1053 0.5250
vn 0.3839 0.8257 -0.4132
vn 0.6104 0.2987 0.7336
vn 0.5240 0.6174 -0.5867
vn 0.3892 0.4690 0.7928
vn 0.6400 0.3615 -0.6780
vn 0.0358 0.9788 0.2017
vn 0.8481 0.4701 0.2444
vn 0.5704 0.5890 -0.5725
vn 0.2806 0.4054 -0.8700
vn 0.6741 0.5448 -0.4988
vn 0.9196 -0.3825 0.0895
vn 0.3841 -0.9088 -0.1632
vn 0.6917 -0.1350 0.7094
vn 0.4336 -0.8719 -0.2274
vn 0.6086 -0.5380 0.5832
vn -0.3194 -0.5232 -0.7901
vn 0.0561 0.0669 -0.9962
vn -0.6750 0.0792 -0.7336
vn -0.2369 0.0226 -0.9713
vn 0.0509 0.4000 -0.9151
vn 0.7676 0.2883 -0.5725
vn 0.4428 0.3366 0.8310
vn -0.2276 0.4793 0.8476
vn 0.9623 0.2611 0.0764
vn -0.4199 0.8327 0.3609
vn 0.5975 0.1201 -0.7928
vn 0.3967 0.0453 -0.9168
vn 0.9790 0.1579 0.1286
vn 0.9593 -0.2391 -0.1501
vn -0.5102 -0.3520 -0.7847
vn 0.7400 -0.1203 -0.6617
vn 0.1429 -0.0151 -0.9896
vn 0.4414 0.4774 -0.7598
vn 0.0019 0.0349 -0.9994
vn 0.2977 0.0452 -0.9536
vn 0.1720 0.1706 -0.9702
vn -0.0000 0.3465 -0.9380
vn -0.1213 0.2756 -0.9536
vn -0.1039 0.3003 -0.9482
vn -0.0415 0.3850 -0.9220
vn -0.1211 0.2147 -0.9691
vn -0.3674 0.6263 -0.6875
vn -0.1398 0.1425 -0.9799
vn 0.8161 -0.3871 0.4291
vn 0.4782 -0.6100 -0.6318
vn 0.5897 -0.2218 -0.7765
vn 0.1970 -0.9771 -0.0808
vn -0.7280 -0.5009 -0.4681
vn 0.1374 -0.9142 -0.3812
vn -0.3195 -0.5231 -0.7901
vn -0.3829 -0.0151 -0.9237
vn 0.4337 -0.8719 -0.2273
vn 0.3842 -0.9087 -0.1631
vn 0.0393 0.1650 -0.9855
vn 0.8604 0.2748 0.4291
vn 0.5703 0.5890 -0.5725
vn -0.6749 0.0792 -0.7336
vn 0.9790 0.1580 0.1286
vn -0.0239 0.0515 -0.9984
vn 0.2861 -0.0375 0.9575
vn 0.2744 0.0300 0.9612
vn -0.3585 0.0782 0.9302
vn 0.5081 -0.3551 -0.7847
vn -0.3420 0.9378 0.0590
vn 0.9157 0.0226 -0.4013
vn -0.5495 -0.6813 0.4835
vn -0.9118 -0.4104 -0.0153
vn -0.1336 -0.9148 -0.3812
vn 0.8521 -0.2821 -0.4409
vn -0.6425 -0.7426 0.1889
vn 0.5607 -0.8052 -0.1932
vn 0.3544 0.0151 0.9350
vn 0.8625 0.3746 -0.3404
vn 0.3301 -0.0000 0.9439
vn 0.3383 -0.0075 0.9410
vn 0.9078 -0.2898 -0.3032
vn 0.6382 0.7328 -0.2359
vn -0.1125 -0.6234 0.7738
vn -0.0000 -0.9758 -0.2189
vn -0.1432 -0.0113 -0.9896
vn 0.0019 -0.9728 -0.2317
vn 0.9118 -0.4104 -0.0153
vn -0.2977 0.0452 -0.9536
vn -0.1693 0.1733 -0.9702
vn -0.8127 -0.3136 -0.4911
vn 0.3342 0.0075 0.9425
vn 0.8401 0.4632 -0.2823
vn -0.1130 0.9935 0.0109
vn 0.5525 -0.6790 0.4835
vn 0.8140 -0.3101 -0.4911
vn 0.1125 -0.6234 0.7738
vn -0.2647 -0.9563 -0.1242
vn -0.3633 -0.3553 -0.8612
vn -0.0472 -0.9927 0.1112
vn -0.6551 -0.7445 0.1286
vn -0.4018 -0.7916 0.4604
vn -0.1014 -0.6720 0.7336
vn -0.2226 -0.9510 -0.2146
vn -0.1756 -0.7259 0.6650
vn -0.4388 -0.6745 0.5938
vn 0.1876 -0.9817 -0.0328
vn 0.2748 -0.7189 0.6385
vn -0.1132 -0.3362 -0.9350
vn -0.5096 -0.5577 -0.6552
vn -0.7175 -0.6349 0.2865
vn -0.7775 -0.5555 -0.2949
vn 0.1355 -0.9806 -0.1416
vn -0.4337 -0.4523 0.7793
vn 0.3038 -0.3931 -0.8678
vn 0.6895 -0.3291 -0.6452
vn 0.8435 -0.5103 -0.1674
vn -0.2302 -0.5938 0.7710
vn 0.2667 -0.9627 -0.0459
vn 0.7748 -0.5191 0.3609
vn 0.4478 -0.5754 0.6844
vn -0.0525 -0.4279 0.9023
vn -0.2580 -0.2779 0.9253
vn -0.3718 -0.1850 0.9097
vn -0.4232 -0.1007 0.9004
vn -0.4063 -0.2859 0.8678
vn -0.2719 -0.1476 0.9509
vn -0.4919 -0.0339 0.8700
vn -0.2927 -0.0037 0.9562
vn -0.4950 0.0750 0.8657
vn -0.1726 -0.2045 0.9635
vn -0.2067 -0.4684 0.8590
vn -0.5692 -0.6265 0.5324
vn -0.1111 -0.3369 0.9350
vn -0.8098 -0.5865 0.0109
vn -0.0094 -0.8975 0.4409
vn -0.1276 -0.2910 0.9482
vn -0.6299 -0.6139 -0.4758
vn 0.0038 -0.4350 -0.9004
vn 0.6299 -0.6139 -0.4758
vn 0.3633 -0.3553 -0.8612
vn 0.2647 -0.9563 -0.1242
vn 0.6579 -0.7420 0.1285
vn 0.4388 -0.6745 0.5938
vn 0.1757 -0.7259 0.6650
vn -0.2704 -0.9617 -0.0459
vn 0.2189 -0.9519 -0.2146
vn 0.1784 -0.9829 -0.0459
vn 0.1097 -0.3374 -0.9349
vn -0.3068 -0.3908 -0.8679
vn 0.5096 -0.5577 -0.6552
vn 0.7753 -0.5586 -0.2949
vn 0.2516 -0.9060 0.3404
vn -0.2098 -0.9529 -0.2189
vn 0.4379 -0.5112 0.7395
vn -0.0734 -0.6593 0.7483
vn 0.6680 -0.3068 0.6780
vn 0.5857 -0.5844 0.5617
vn 0.7447 -0.5112 0.4291
vn 0.7175 -0.6349 0.2865
vn 0.4724 -0.3450 0.8111
vn -0.5220 -0.6191 0.5867
vn -0.8279 -0.5586 0.0503
vn -0.8183 -0.2167 -0.5324
vn 0.5330 -0.3027 0.7901
vn 0.7680 -0.6335 -0.0938
vn -0.0754 -0.9774 -0.1975
vn -0.5356 -0.2352 -0.8111
vn -0.7107 -0.1758 -0.6812
vn 0.5552 -0.5752 -0.6008
vn 0.0490 -0.5096 -0.8590
vn 0.4052 -0.7898 0.4604
vn 0.5705 -0.7050 0.4212
vn -0.2376 -0.9680 -0.0808
vn 0.5985 -0.8006 -0.0284
vn 0.3152 -0.4627 -0.8286
vn -0.3967 0.0453 -0.9168
vn -0.2857 0.0638 -0.9562
vn -0.3623 0.2745 -0.8907
vn -0.3731 0.4505 -0.8110
vn -0.3493 0.4994 -0.7928
vn -0.2690 0.5114 -0.8161
vn -0.2786 0.4021 -0.8722
vn -0.2914 0.2023 -0.9350
vn -0.5264 -0.0227 -0.8499
vn -0.7598 -0.2016 -0.6181
vn -0.8834 -0.3572 -0.3032
vn -0.5088 0.4741 -0.7186
vn -0.9205 -0.3894 -0.0328
vn -0.9043 -0.2827 -0.3198
vn -0.7674 -0.1091 -0.6318
vn -0.5130 0.1492 -0.8453
vn -0.4716 0.3968 -0.7874
vn -0.6452 0.4538 -0.6147
vn -0.6702 0.4160 -0.6147
vn -0.8970 0.2169 -0.3852
vn -0.7243 0.2913 -0.6249
vn -0.7673 0.0604 -0.6385
vn -0.9258 -0.1875 -0.3281
vn -0.9422 -0.3331 -0.0371
vn -0.9043 -0.3996 0.1501
vn -0.8778 -0.4096 0.2486
vn -0.9045 -0.3435 0.2528
vn -0.9249 -0.3474 0.1545
vn -0.9705 -0.2392 -0.0284
vn -0.9538 -0.2465 0.1717
vn -0.9306 -0.2647 0.2528
vn -0.9688 0.1242 0.2146
vn -0.9607 -0.1466 0.2359
vn -0.9612 0.1354 0.2401
vn -0.9814 0.0340 0.1889
vn -0.9756 -0.0151 0.2189
vn -0.9648 0.2318 0.1242
vn -0.9560 0.2864 0.0633
vn -0.9741 -0.1243 0.1889
vn -0.9449 0.3011 0.1285
vn -0.9528 0.1912 0.2359
vn -0.7165 0.3774 -0.5868
vn -0.7887 0.3487 -0.5063
vn -0.9284 0.2683 -0.2570
vn -0.9175 0.2058 0.3404
vn -0.9441 0.2572 0.2061
vn -0.5934 -0.2738 0.7569
vn -0.3039 -0.5163 0.8007
vn -0.9690 0.2024 -0.1415
vn -0.9604 0.2319 0.1545
vn -0.9699 0.1949 0.1459
vn -0.9802 0.1765 0.0894
vn -0.9884 0.1504 -0.0196
vn -0.9991 0.0377 -0.0197
vn -0.9950 -0.0980 -0.0197
vn -0.9410 -0.0377 -0.3363
vn -0.7526 0.2918 -0.5902
vn 0.4954 -0.8077 -0.3198
vn 0.1560 -0.4556 -0.8764
vn -0.2028 -0.3714 -0.9061
vn -0.3542 -0.9092 -0.2189
vn -0.6753 0.1904 -0.7125
vn 0.2865 -0.7940 0.5361
vn 0.7169 -0.6902 0.0982
vn -0.0340 -0.9351 -0.3527
vn -0.9476 -0.2246 -0.2274
vn 0.6514 -0.7580 0.0328
vn -0.0170 -0.9640 0.2655
vn -0.8254 -0.1981 0.5287
vn -0.4074 -0.4806 0.7765
vn -0.9611 -0.1503 0.2317
vn -0.5244 -0.2896 -0.8007
vn 0.1343 -0.3106 -0.9410
vn -0.3028 -0.9443 -0.1285
vn 0.1736 -0.6368 -0.7512
vn 0.8507 -0.2605 -0.4565
vn 0.4785 -0.3719 -0.7954
vn -0.8054 -0.4881 0.3363
vn -0.9305 0.1541 0.3322
vn -0.7813 0.0564 0.6216
vn 0.4126 -0.8077 0.4211
vn -0.1373 -0.3227 0.9365
vn -0.7951 0.1053 0.5973
vn -0.9128 0.2059 0.3527
vn -0.8139 0.2783 -0.5101
vn 0.1945 0.1218 -0.9733
vn 0.1769 0.1014 -0.9790
vn -0.8264 0.3908 -0.4053
vn -0.9079 0.2387 0.3446
vn -0.8034 0.3630 -0.4720
vn -0.2497 -0.5329 0.8085
vn 0.6969 -0.2519 -0.6715
vn 0.7179 -0.6418 -0.2697
vn 0.5704 -0.5290 -0.6283
vn 0.8552 -0.5105 -0.0895
vn 0.7648 -0.6209 0.1717
vn 0.8315 -0.4292 -0.3527
vn 0.0826 0.1280 -0.9883
vn 0.0500 0.1393 -0.9890
vn -0.5361 -0.7025 -0.4681
vn -0.6055 -0.4659 0.6452
vn 0.4299 -0.8704 0.2401
vn 0.6778 -0.1055 -0.7276
vn 0.5990 0.0075 -0.8007
vn 0.5410 0.1127 -0.8335
vn 0.8417 -0.0076 -0.5398
vn 0.8637 -0.1129 -0.4911
vn 0.8591 -0.2533 -0.4448
vn 0.8795 -0.0000 -0.4758
vn 0.7487 0.6074 -0.2655
vn 0.8041 0.5795 -0.1329
vn 0.7673 0.5127 -0.3852
vn 0.6099 0.3470 -0.7125
vn 0.7491 0.4528 -0.4835
vn 0.7483 0.4458 -0.4911
vn 0.8050 0.5924 0.0328
vn 0.6544 0.7531 -0.0677
vn 0.6540 0.7526 0.0764
vn 0.9121 0.0226 -0.4093
vn 0.9211 -0.0076 -0.3892
vn 0.9005 0.1353 -0.4132
vn 0.9539 0.2097 -0.2146
vn 0.9611 0.2758 -0.0153
vn 0.9376 0.3475 -0.0109
vn 0.8957 0.4445 -0.0066
vn 0.6492 0.7173 -0.2528
vn 0.6732 0.6185 -0.4053
vn 0.5287 0.3169 -0.7874
vn 0.6900 0.4565 -0.5617
vn 0.7121 0.4576 -0.5324
vn 0.6590 0.5562 -0.5063
vn 0.5919 0.6506 -0.4758
vn 0.5445 0.7572 -0.3609
vn 0.5320 0.8157 -0.2274
vn 0.5220 0.8512 -0.0546
vn 0.5088 0.8536 0.1112
vn 0.6253 0.7478 0.2231
vn 0.7719 0.6028 0.2018
vn 0.8707 0.4504 0.1975
vn 0.9158 0.3473 0.2018
vn 0.9377 0.2829 0.2018
vn 0.9699 0.2393 -0.0459
vn 0.9641 0.1130 -0.2401
vn 0.9050 -0.0603 -0.4212
vn 0.8589 -0.2243 -0.4604
vn 0.9923 0.0453 -0.1155
vn 0.9918 0.0302 -0.1242
vn 0.9887 -0.0000 -0.1502
vn 0.9840 -0.0604 -0.1674
vn 0.9581 -0.0076 -0.2865
vn 0.9829 0.1654 -0.0807
vn 0.9486 0.2538 0.1889
vn 0.8624 0.2747 0.4251
vn 0.8444 0.3457 0.4093
vn 0.7994 0.4543 0.3932
vn 0.7120 0.5974 0.3690
vn 0.5770 0.7287 0.3690
vn 0.4744 0.8393 0.2655
vn 0.3614 0.9216 0.1416
vn 0.3236 0.8934 0.3115
vn 0.4260 0.8007 0.4212
vn 0.5144 0.7003 0.4949
vn 0.5872 0.5965 0.5471
vn 0.6583 0.4671 0.5903
vn 0.7046 0.3423 0.6215
vn 0.7179 0.2444 0.6518
vn 0.8693 0.2385 0.4330
vn 0.9703 0.2024 0.1329
vn 0.9879 -0.0377 -0.1502
vn 0.9542 -0.2319 -0.1889
vn 0.9313 0.0904 0.3527
vn 0.9604 -0.0151 0.2781
vn 0.9982 0.0528 0.0284
vn 0.8923 0.1278 0.4330
vn 0.8750 0.2165 0.4330
vn 0.7171 0.1866 0.6715
vn 0.5061 0.2127 0.8358
vn 0.4929 0.3404 0.8007
vn 0.4590 0.4790 0.7483
vn 0.4133 0.6079 0.6780
vn 0.3960 0.7236 0.5653
vn 0.8571 0.0377 0.5138
vn 0.2869 0.8292 0.4797
vn 0.2624 0.7294 0.6318
vn 0.2553 0.6052 0.7541
vn 0.2599 0.4752 0.8406
vn 0.2763 0.3361 0.9004
vn 0.2894 0.1981 0.9365
vn 0.5037 0.1268 0.8545
vn 0.7166 0.1349 0.6844
vn 0.8132 -0.0828 0.5761
vn 0.8051 -0.3028 0.5100
vn 0.4950 0.0750 0.8657
vn 0.4922 -0.0301 0.8700
vn 0.1276 0.0909 0.9877
vn 0.2942 0.0960 0.9509
vn 0.1212 0.1999 0.9723
vn 0.2927 -0.0001 0.9562
vn 0.7126 -0.0452 0.7001
vn 0.5798 -0.1196 0.8059
vn 0.5464 -0.0526 0.8359
vn 0.4223 -0.1044 0.9004
vn 0.3701 -0.1883 0.9097
vn 0.4085 -0.2828 0.8679
vn 0.1567 -0.1435 0.9772
vn 0.1727 -0.2045 0.9635
vn 0.2701 -0.1509 0.9509
vn 0.1243 -0.1216 0.9848
vn 0.1262 -0.0074 0.9920
vn -0.0036 -0.0436 0.9990
vn 0.0970 -0.2403 0.9658
vn -0.0717 -0.2135 0.9743
vn -0.0912 -0.1630 0.9824
vn 0.5607 0.6581 -0.5025
vn 0.6525 0.4796 -0.5867
vn 0.5913 0.6153 -0.5213
vn 0.6808 0.5329 -0.5025
vn 0.8010 0.3732 -0.4681
vn 0.6547 0.3141 -0.6875
vn 0.0879 -0.1648 0.9824
vn 0.0682 -0.2147 0.9743
vn 0.0019 -0.2252 0.9743
vn -0.0935 -0.2417 0.9658
vn -0.0000 -0.1911 0.9816
vn -0.1243 -0.1216 0.9848
vn -0.1567 -0.1435 0.9772
vn -0.1263 -0.0037 0.9920
vn -0.0037 0.0916 0.9958
vn -0.0019 0.2039 0.9790
vn 0.1197 0.3296 0.9365
vn 0.1175 0.4591 0.8806
vn 0.1162 0.5912 0.7981
vn 0.1257 0.7273 0.6748
vn 0.1407 0.8462 0.5139
vn 0.1596 0.9296 0.3322
vn 0.1840 0.9707 0.1545
vn 0.2099 0.9774 -0.0240
vn 0.3824 0.9232 -0.0371
vn 0.3995 0.8881 -0.2274
vn 0.4263 0.7963 -0.4291
vn 0.8264 0.2820 -0.4873
vn 0.9288 0.1802 -0.3240
vn 0.7477 0.2596 -0.6112
vn 0.6942 0.2232 -0.6843
vn 0.6743 0.0529 -0.7366
vn 0.5715 0.5475 -0.6112
vn 0.5324 0.6365 -0.5581
vn 0.5455 0.6442 -0.5361
vn 0.4043 0.7104 -0.5761
vn 0.2407 0.6624 -0.7094
vn 0.2179 0.5729 -0.7901
vn 0.1664 0.0939 -0.9816
vn 0.2435 -0.4920 0.8358
vn -0.0697 -0.9133 0.4013
vn 0.1901 -0.5266 0.8286
vn 0.0874 -0.3564 0.9302
vn 0.8197 -0.5219 0.2359
vn 0.1348 -0.4053 0.9042
vn -0.0454 -0.1133 0.9925
vn 0.8292 -0.5027 0.2444
vn 0.7595 -0.0830 -0.6452
vn 0.6697 -0.0151 -0.7425
vn 0.6244 0.0528 -0.7793
vn 0.0615 -0.1989 -0.9781
vn 0.6342 -0.1276 -0.7626
vn 0.7012 -0.2302 -0.6747
vn 0.7480 -0.4587 0.4797
vn 0.4382 0.3184 -0.8406
vn 0.3385 0.1881 -0.9220
vn 0.2438 0.5356 -0.8085
vn 0.6789 -0.0302 -0.7336
vn 0.5682 -0.0527 -0.8212
vn 0.2033 0.0151 -0.9790
vn -0.0939 0.2279 -0.9691
vn -0.0770 0.3712 -0.9253
vn 0.1051 0.4700 -0.8764
vn -0.0133 0.6600 -0.7512
vn -0.0938 0.4207 -0.9023
vn -0.1234 0.1885 -0.9743
vn -0.1645 0.0411 -0.9855
vn 0.7538 -0.3851 0.5324
vn 0.1419 -0.0223 0.9896
vn -0.2482 -0.3947 0.8847
vn 0.1374 -0.9821 0.1285
vn -0.5268 -0.7617 -0.3771
vn -0.5481 -0.7486 0.3730
vn -0.5515 -0.4025 -0.7306
vn -0.1391 -0.0075 -0.9902
vn -0.2679 -0.2134 -0.9395
vn -0.0986 -0.3107 -0.9454
vn -0.4996 -0.3610 -0.7874
vn 0.3742 -0.4450 -0.8136
vn 0.5632 -0.3113 -0.7654
vn -0.1461 -0.3887 -0.9097
vn -0.3450 -0.4768 -0.8085
vn -0.1551 -0.6314 -0.7598
vn -0.0510 -0.5863 -0.8085
vn -0.1723 -0.7501 -0.6385
vn 0.1835 -0.8766 0.4448
vn -0.9099 -0.1317 -0.3933
vn -0.9350 -0.1617 -0.3156
vn -0.4964 -0.3476 -0.7954
vn -0.2981 -0.8319 -0.4681
vn -0.7091 -0.5058 -0.4912
vn -0.0320 -0.8911 0.4527
vn -0.0915 -0.3086 -0.9468
vn -0.0884 -0.0474 -0.9950
vn -0.0889 0.1691 -0.9816
vn -0.0621 0.3158 -0.9468
vn -0.1433 0.4436 -0.8847
vn -0.2925 0.5066 -0.8111
vn -0.2548 0.6670 -0.7001
vn -0.3834 0.5533 -0.7395
vn -0.5596 0.3245 -0.7626
vn -0.8149 0.0905 -0.5725
vn -0.4211 0.1908 -0.8867
vn -0.4765 -0.0340 -0.8785
vn -0.8438 -0.0227 -0.5361
vn -0.8727 0.0302 -0.4873
vn -0.6055 -0.6109 0.5100
vn 0.1451 -0.5295 0.8358
vn 0.1834 -0.1582 0.9702
vn 0.0872 -0.2926 0.9523
vn -0.7087 -0.1717 0.6844
vn 0.1903 -0.7710 0.6077
vn 0.1315 -0.8955 0.4251
vn 0.1279 -0.9087 0.3973
vn 0.1016 -0.8898 0.4448
vn 0.1390 -0.8706 0.4720
vn 0.0019 -0.8224 0.5689
vn -0.0471 -0.8905 0.4526
vn -0.1408 -0.8251 0.5471
vn -0.0527 -0.7706 0.6351
vn 0.0660 -0.7887 0.6112
vn 0.0509 -0.7845 0.6181
vn 0.2680 -0.9224 0.2781
vn -0.0113 -0.9341 0.3568
vn 0.3971 -0.8134 0.4251
vn 0.6389 -0.7562 0.1415
vn 0.8316 -0.5157 0.2061
vn 0.8085 -0.1870 0.5581
vn 0.3687 -0.9295 -0.0066
vn 0.5689 -0.8170 -0.0938
vn 0.7172 -0.6959 0.0371
vn 0.6711 -0.7378 0.0720
vn 0.8448 -0.4492 0.2907
vn 0.4646 -0.8852 -0.0240
vn 0.7563 -0.1425 0.6385
vn 0.6446 -0.1568 0.7483
vn 0.6134 -0.1712 0.7710
vn -0.2247 -0.5401 -0.8111
vn 0.0509 -0.9974 0.0503
vn 0.3044 -0.9369 0.1717
vn -0.0995 -0.4555 -0.8847
vn 0.5926 -0.8055 0.0022
vn -0.1937 -0.6547 -0.7306
vn 0.5705 -0.3977 -0.7186
vn 0.1838 -0.9309 0.3157
vn 0.7667 -0.4666 0.4409
vn 0.5520 -0.5200 0.6518
vn 0.2903 -0.5630 0.7738
vn 0.1386 -0.6847 0.7156
vn 0.4018 -0.4537 0.7954
vn 0.4750 -0.2192 0.8522
vn -0.3322 0.8858 0.3240
vn -0.1708 0.9710 0.1674
vn -0.3507 0.9229 0.1588
vn -0.1802 0.9836 0.0021
vn -0.0000 1.0000 0.0022
vn -0.0038 0.9873 -0.1588
vn 0.1764 0.9714 -0.1588
vn 0.1690 0.9294 -0.3281
vn 0.3416 0.8852 -0.3156
vn 0.3344 0.7851 -0.5213
vn 0.5096 0.7117 -0.4835
vn 0.4977 0.5204 -0.6938
vn 0.6302 0.4653 -0.6215
vn 0.5074 0.2689 -0.8187
vn 0.3294 0.2841 -0.9004
vn 0.3284 0.5688 -0.7541
vn 0.1615 0.8238 -0.5435
vn -0.0000 0.9418 -0.3363
vn -0.1764 0.9714 -0.1588
vn -0.3546 0.9350 0.0023
vn 0.7731 -0.1425 0.6181
vn 0.4763 -0.8778 0.0502
vn -0.3560 0.9223 -0.1502
vn -0.1689 0.9294 -0.3281
vn 0.0038 0.8346 -0.5508
vn 0.1571 0.5960 -0.7874
vn 0.1615 0.2974 -0.9410
vn -0.2116 -0.6218 -0.7541
vn -0.2213 -0.3079 -0.9253
vn 0.0038 0.3053 -0.9523
vn -0.0000 0.6061 -0.7954
vn -0.1614 0.8238 -0.5435
vn -0.3452 0.8839 -0.3157
vn 0.0038 -0.3052 -0.9523
vn -0.3344 0.7851 -0.5213
vn -0.1571 0.5960 -0.7874
vn -0.1582 0.2991 -0.9410
vn -0.1633 0.0906 -0.9824
vn -0.0000 0.0917 -0.9958
vn 0.1614 0.0939 -0.9824
vn 0.3285 0.0968 -0.9395
vn 0.4287 -0.1832 0.8847
vn 0.9105 -0.1278 0.3933
vn 0.5630 -0.3446 -0.7512
vn 0.6139 -0.3334 -0.7155
vn 0.1625 0.0302 -0.9862
vn 0.0038 0.0215 -0.9998
vn -0.1631 0.0264 -0.9862
vn -0.3312 0.0452 -0.9425
vn 0.5045 -0.2890 -0.8136
vn -0.3296 0.0932 -0.9395
vn -0.3294 0.2841 -0.9004
vn -0.3284 0.5688 -0.7540
vn -0.5056 0.2722 -0.8187
vn -0.5101 0.1162 -0.8522
vn -0.5024 0.0753 -0.8613
vn -0.4925 0.1088 -0.8635
vn -0.3273 0.0861 -0.9410
vn -0.1606 0.0665 -0.9848
vn -0.0019 0.0524 -0.9986
vn 0.4536 -0.0301 0.8907
vn 0.5114 -0.1266 0.8500
vn -0.1467 0.0935 -0.9848
vn -0.3155 0.1220 -0.9410
vn -0.4830 0.1454 -0.8635
vn -0.6775 0.1424 -0.7216
vn -0.6677 0.1424 -0.7307
vn -0.6753 0.1204 -0.7277
vn -0.6793 0.1758 -0.7125
vn 0.4954 -0.0376 0.8678
vn -0.8215 0.1726 -0.5435
vn -0.8307 0.1503 -0.5361
vn -0.8585 0.1018 -0.5025
vn -0.8861 -0.0529 -0.4604
vn -0.7005 0.0416 -0.7125
vn -0.4872 0.0753 -0.8700
vn -0.3055 0.0489 -0.9509
vn 0.5768 -0.0975 0.8111
vn -0.4852 -0.1632 -0.8590
vn -0.7089 -0.1831 -0.6812
vn -0.8591 -0.3073 -0.4092
vn -0.8894 -0.4271 -0.1631
vn 0.9417 -0.2169 0.2571
vn -0.9629 -0.1691 -0.2103
vn -0.9616 0.0151 -0.2739
vn -0.9379 0.1243 -0.3239
vn -0.9948 -0.0679 -0.0764
vn -0.9651 -0.2612 -0.0197
vn -0.8672 -0.4978 0.0109
vn -0.6854 -0.7281 -0.0022
vn 0.4675 -0.2263 -0.8545
vn -0.7036 -0.6916 -0.1631
vn -0.7031 -0.6003 -0.3812
vn -0.6482 -0.4541 -0.6112
vn -0.4718 -0.5319 -0.7032
vn -0.2945 -0.2121 -0.9318
vn -0.1392 0.0076 -0.9902
vn 0.0019 0.0829 -0.9966
vn 0.1607 0.0665 -0.9848
vn 0.3312 0.0452 -0.9425
vn 0.5092 0.1198 -0.8522
vn 0.6707 0.3008 -0.6780
vn 0.6779 0.5700 -0.4643
vn 0.5243 0.7973 -0.2990
vn 0.3525 0.9237 -0.1502
vn 0.1802 0.9836 0.0022
vn 0.0019 0.9859 0.1674
vn -0.1670 0.9253 0.3404
vn -0.3252 -0.1076 -0.9395
vn 0.3221 -0.1671 -0.9318
vn -0.3098 0.8071 0.5025
vn -0.1556 0.8367 0.5250
vn -0.0000 0.9373 0.3486
vn 0.1745 0.9703 0.1674
vn 0.3546 0.9350 0.0022
vn 0.5358 0.8324 -0.1414
vn 0.7038 0.6463 -0.2948
vn 0.7808 0.3862 -0.4911
vn 0.6803 0.1722 -0.7124
vn 0.5025 0.0754 -0.8613
vn 0.3282 0.0824 -0.9410
vn 0.1467 0.0934 -0.9848
vn -0.0019 -0.0085 -1.0000
vn -0.1290 -0.2487 -0.9599
vn -0.2867 -0.5873 -0.7569
vn -0.2714 -0.8452 -0.4604
vn -0.4609 -0.7832 -0.4173
vn -0.0227 -0.1724 -0.9848
vn -0.0607 0.0077 -0.9981
vn 0.3956 -0.2240 -0.8907
vn -0.1205 -0.8670 -0.4835
vn -0.1201 -0.6185 -0.7765
vn -0.0019 -0.2634 -0.9647
vn 0.1392 0.0075 -0.9902
vn 0.3170 0.1185 -0.9410
vn 0.4917 0.1125 -0.8635
vn 0.6753 0.1204 -0.7277
vn 0.8125 0.2457 -0.5287
vn 0.8246 0.4695 -0.3157
vn 0.7106 0.6892 -0.1415
vn 0.5366 0.8438 0.0022
vn 0.3506 0.9230 0.1588
vn 0.1633 0.9260 0.3404
vn 0.0019 0.8465 0.5324
vn -0.1515 0.6978 0.7001
vn -0.3019 0.6735 0.6747
vn -0.4489 0.6320 0.6318
vn -0.4719 0.7471 0.4681
vn -0.5066 0.8071 0.3032
vn -0.5245 0.8381 0.1502
vn -0.5366 0.8438 0.0022
vn -0.5358 0.8324 -0.1415
vn -0.5243 0.7973 -0.2990
vn -0.5096 0.7117 -0.4835
vn -0.5004 0.5178 -0.6939
vn -0.6723 0.2974 -0.6780
vn -0.8125 0.2457 -0.5287
vn -0.9152 0.2022 -0.3486
vn -0.9885 0.0792 -0.1285
vn -0.9885 -0.1279 0.0807
vn -0.4507 0.3946 -0.8007
vn -0.3986 0.4747 -0.7847
vn -0.9424 -0.3154 0.1112
vn -0.8432 -0.5231 0.1242
vn -0.6734 -0.7321 0.1025
vn -0.4747 -0.8775 0.0677
vn -0.0227 0.1287 -0.9914
vn -0.4710 -0.8812 -0.0415
vn -0.4642 -0.8644 -0.1932
vn -0.2664 -0.9345 -0.2360
vn -0.1224 -0.9575 -0.2613
vn 0.0019 -0.9629 -0.2697
vn 0.0019 -0.8711 -0.4912
vn 0.0019 -0.6266 -0.7793
vn 0.1257 -0.2504 -0.9599
vn 0.4841 0.1418 -0.8635
vn 0.6677 0.1425 -0.7306
vn 0.8215 0.1726 -0.5435
vn 0.8872 0.3113 -0.3404
vn 0.8430 0.5165 -0.1502
vn 0.7071 0.7071 0.0022
vn 0.5277 0.8361 0.1502
vn 0.3322 0.8858 0.3240
vn 0.1519 0.8374 0.5250
vn 0.0038 0.7079 0.7063
vn 0.0037 0.5343 0.8453
vn -0.1524 0.5274 0.8359
vn -0.0000 0.3548 0.9350
vn -0.1623 0.3516 0.9220
vn -0.4057 0.6573 -0.6351
vn -0.3111 0.5037 0.8059
vn -0.5562 0.5990 -0.5761
vn -0.4822 0.3373 -0.8085
vn -0.3853 0.1046 -0.9168
vn -0.2904 -0.1182 -0.9496
vn 0.1657 0.3500 0.9220
vn 0.1524 0.5274 0.8358
vn 0.1479 0.6986 0.7001
vn 0.3098 0.8072 0.5025
vn 0.5034 0.8091 0.3032
vn 0.6995 0.6996 0.1458
vn 0.8438 0.5366 0.0022
vn 0.9216 0.3542 -0.1588
vn 0.9152 0.2023 -0.3486
vn 0.8307 0.1503 -0.5361
vn 0.6775 0.1425 -0.7216
vn 0.4873 0.0753 -0.8700
vn 0.2945 -0.2121 -0.9318
vn 0.1202 -0.6185 -0.7766
vn 0.1205 -0.8670 -0.4835
vn 0.1187 -0.9579 -0.2613
vn -0.3499 -0.3139 -0.8826
vn -0.2563 -0.6397 -0.7246
vn 0.2700 -0.9335 -0.2359
vn 0.2714 -0.8452 -0.4604
vn 0.2833 -0.5889 -0.7569
vn 0.4852 -0.1632 -0.8590
vn 0.7007 0.0378 -0.7125
vn 0.8590 0.0980 -0.5025
vn 0.9384 0.1205 -0.3239
vn 0.9648 0.2097 -0.1588
vn 0.9295 0.3687 0.0066
vn 0.8341 0.5295 0.1545
vn 0.6708 0.6787 0.2990
vn 0.4720 0.7470 0.4682
vn 0.2985 0.6750 0.6748
vn 0.3111 0.5037 0.8059
vn 0.3324 0.3323 0.8826
vn 0.3491 0.1675 0.9220
vn 0.1730 0.1756 0.9691
vn 0.3548 -0.0000 0.9350
vn 0.6036 -0.7846 -0.1415
vn 0.1781 -0.0000 0.9840
vn 0.0037 0.1781 0.9840
vn 0.7811 -0.1277 0.6112
vn -0.0579 -0.2827 0.9575
vn 0.8195 -0.5674 0.0808
vn -0.3097 -0.6120 -0.7277
vn 0.5343 -0.0000 0.8453
vn 0.5263 0.1560 0.8358
vn 0.5057 0.3079 0.8059
vn 0.4740 0.4687 0.7454
vn 0.4489 0.6320 0.6318
vn 0.6319 0.6319 0.4487
vn 0.8031 0.5079 0.3116
vn 0.9193 0.3542 0.1717
vn 0.9791 0.2024 0.0197
vn 0.9882 0.0830 -0.1286
vn 0.9616 0.0151 -0.2739
vn 0.8861 -0.0529 -0.4604
vn 0.7079 -0.1867 -0.6812
vn 0.4746 -0.5294 -0.7032
vn 0.4609 -0.7833 -0.4172
vn 0.4641 -0.8645 -0.1932
vn -0.4945 -0.2920 -0.8187
vn -0.4515 -0.0528 -0.8907
vn 0.7063 -0.6889 -0.1631
vn 0.7006 -0.6032 -0.3812
vn 0.6482 -0.4541 -0.6112
vn 0.8578 -0.3109 -0.4093
vn 0.9635 -0.1654 -0.2103
vn 0.9948 -0.0679 -0.0764
vn 0.9979 0.0453 0.0459
vn 0.9639 0.1876 0.1889
vn 0.8812 0.3323 0.3363
vn 0.7446 0.4720 0.4720
vn 0.5787 0.5773 0.5760
vn 0.6298 0.4520 0.6317
vn -0.5269 0.1784 -0.8310
vn -0.5788 0.4075 -0.7063
vn -0.6330 0.3909 -0.6683
vn -0.6485 0.2512 -0.7186
vn -0.6092 0.0189 -0.7928
vn 0.8048 0.3099 0.5063
vn 0.9181 0.1725 0.3568
vn 0.9774 0.0226 0.2103
vn 0.9885 -0.1279 0.0807
vn 0.9651 -0.2612 -0.0197
vn 0.8877 -0.4305 -0.1631
vn -0.6247 -0.2506 -0.7395
vn 0.8672 -0.4978 0.0109
vn 0.9436 -0.3118 0.1112
vn 0.9631 -0.1503 0.2231
vn 0.9278 0.0075 0.3731
vn 0.8341 0.1575 0.5287
vn 0.6742 0.3003 0.6748
vn -0.3677 -0.5363 -0.7598
vn 0.6982 0.1497 0.7001
vn 0.0132 -0.9937 0.1112
vn -0.8472 -0.2781 0.4526
vn 0.8418 -0.0000 0.5398
vn 0.9143 -0.1576 0.3731
vn 0.9152 -0.3327 0.2274
vn 0.8432 -0.5231 0.1242
vn 0.6854 -0.7281 -0.0022
vn 0.4710 -0.8812 -0.0415
vn 0.2776 -0.9569 -0.0851
vn 0.1261 -0.9858 -0.1112
vn 0.0037 -0.9928 -0.1199
vn -0.1299 -0.9853 -0.1112
vn -0.2739 -0.9580 -0.0851
vn -0.7176 -0.5829 -0.3812
vn -0.2901 -0.9564 0.0328
vn -0.7578 -0.2089 -0.6181
vn -0.7293 0.0641 -0.6812
vn -0.1355 -0.9907 0.0109
vn -0.0000 -1.0000 0.0022
vn 0.1355 -0.9907 0.0109
vn 0.2901 -0.9564 0.0328
vn 0.4747 -0.8775 0.0676
vn 0.6734 -0.7321 0.1025
vn 0.8193 -0.5282 0.2231
vn 0.8715 -0.3319 0.3609
vn 0.8331 -0.1501 0.5324
vn 0.7079 -0.0000 0.7063
vn -0.7316 0.2949 -0.6147
vn -0.8334 0.0453 -0.5508
vn 0.6982 -0.1497 0.7001
vn 0.8001 -0.3095 0.5138
vn 0.7893 -0.5137 0.3363
vn 0.6660 -0.7193 0.1976
vn 0.4772 -0.8619 0.1716
vn 0.2955 -0.9435 0.1502
vn 0.1372 -0.9810 0.1372
vn 0.0019 -0.9905 0.1372
vn -0.1410 -0.9805 0.1372
vn -0.2918 -0.9446 0.1502
vn -0.4772 -0.8618 0.1718
vn -0.6660 -0.7193 0.1975
vn -0.8193 -0.5282 0.2231
vn -0.9139 -0.3361 0.2274
vn -0.9280 -0.1839 -0.3239
vn -0.9000 -0.1502 0.4092
vn -0.7893 -0.5137 0.3363
vn -0.6479 -0.6933 0.3156
vn -0.4662 -0.8326 0.2990
vn -0.2895 -0.9106 0.2948
vn -0.1353 -0.9459 0.2949
vn 0.0038 -0.9542 0.2990
vn 0.1353 -0.9459 0.2949
vn 0.2896 -0.9106 0.2949
vn 0.4662 -0.8326 0.2990
vn 0.6479 -0.6932 0.3156
vn 0.7381 -0.4784 0.4758
vn 0.6712 -0.3070 0.6747
vn 0.5263 -0.1560 0.8358
vn -0.9555 0.0075 0.2948
vn 0.3491 -0.1675 0.9220
vn 0.2254 -0.1098 -0.9681
vn -0.9636 0.0302 -0.2655
vn 0.5058 -0.3144 0.8033
vn 0.6285 -0.4585 0.6284
vn 0.6185 -0.6478 0.4448
vn -0.9513 0.1986 -0.2359
vn 0.4513 -0.7691 0.4526
vn -0.9197 0.1092 0.3771
vn -0.9242 0.1651 0.3445
vn 0.5687 -0.5941 0.5689
vn -0.9533 0.2792 -0.1155
vn 0.4670 -0.4803 0.7424
vn 0.3324 -0.3324 0.8826
vn 0.1730 -0.1756 0.9691
vn -0.0000 0.0001 1.0000
vn -0.1730 0.1756 0.9691
vn -0.3325 0.3324 0.8826
vn -0.4687 0.4740 0.7454
vn -0.5760 0.5800 0.5761
vn -0.6319 0.6319 0.4487
vn -0.6708 0.6787 0.2990
vn -0.6995 0.6996 0.1459
vn -0.7071 0.7071 0.0022
vn -0.7106 0.6893 -0.1415
vn -0.7012 0.6491 -0.2949
vn -0.6804 0.5671 -0.4643
vn -0.6302 0.4653 -0.6215
vn -0.7791 0.3896 -0.4911
vn -0.8872 0.3114 -0.3404
vn -0.9648 0.2097 -0.1588
vn -0.9981 0.0415 0.0459
vn -0.9631 -0.1503 0.2231
vn -0.8729 -0.3284 0.3608
vn -0.7380 -0.4784 0.4759
vn -0.6750 0.5258 -0.5176
vn -0.8417 0.4053 -0.3568
vn -0.8026 0.4750 -0.3609
vn -0.6185 -0.6478 0.4448
vn -0.4480 -0.7710 0.4526
vn -0.2853 -0.8342 0.4720
vn -0.1409 -0.8639 0.4835
vn -0.0019 -0.8732 0.4873
vn 0.1371 -0.8645 0.4835
vn 0.2854 -0.8341 0.4720
vn -0.6371 0.5877 -0.4987
vn -0.5974 0.6455 -0.4758
vn 0.4417 -0.6470 0.6215
vn -0.8996 0.3435 -0.2697
vn -0.8066 0.3453 -0.4797
vn 0.3056 -0.5193 0.7981
vn 0.1658 -0.3499 0.9220
vn -0.0037 -0.1781 0.9840
vn -0.1782 0.0002 0.9840
vn -0.3507 0.1640 0.9220
vn -0.5057 0.3079 0.8059
vn -0.6298 0.4519 0.6318
vn -0.7446 0.4720 0.4720
vn -0.9448 0.3224 0.0590
vn -0.7865 0.2488 0.5653
vn -0.9316 0.2571 0.2571
vn -0.9495 0.3117 0.0371
vn -0.6727 0.3036 0.6747
vn -0.5263 0.1560 0.8358
vn -0.3548 -0.0000 0.9350
vn -0.1730 -0.1756 0.9691
vn -0.0000 -0.3589 0.9334
vn 0.1543 -0.5382 0.8286
vn 0.2919 -0.6937 0.6585
vn 0.1441 -0.7209 0.6779
vn -0.7817 0.3693 -0.5025
vn -0.0038 -0.5490 0.8358
vn -0.1624 -0.3515 0.9220
vn -0.3507 -0.1642 0.9220
vn -0.5343 -0.0001 0.8453
vn -0.6974 0.1534 0.7001
vn -0.8048 0.3099 0.5063
vn -0.8011 0.5111 0.3115
vn -0.8218 0.2384 -0.5176
vn -0.8341 0.5295 0.1545
vn -0.8812 0.3323 0.3363
vn -0.7268 0.4385 -0.5287
vn -0.8347 0.1538 0.5287
vn -0.7079 -0.0000 0.7063
vn -0.5263 -0.1560 0.8358
vn -0.3324 -0.3324 0.8826
vn -0.1507 -0.5392 0.8286
vn 0.0038 -0.7321 0.6812
vn -0.6766 0.5009 -0.5398
vn -0.1405 -0.7215 0.6780
vn -0.6569 0.4735 -0.5867
vn -0.3056 -0.5193 0.7981
vn -0.5038 -0.3176 0.8033
vn -0.6974 -0.1533 0.7001
vn -0.8418 0.0037 0.5398
vn -0.9181 0.1725 0.3568
vn -0.9192 0.3543 0.1717
vn -0.8438 0.5366 0.0021
vn -0.8410 0.5197 -0.1502
vn -0.5838 0.6465 -0.4911
vn -0.9295 0.3687 0.0066
vn -0.7073 0.4933 -0.5063
vn -0.6055 0.6202 -0.4988
vn -0.6751 0.5670 -0.4720
vn -0.9646 0.1840 0.1890
vn -0.9278 0.0038 0.3730
vn -0.8324 -0.1538 0.5324
vn -0.6727 -0.3036 0.6747
vn -0.4670 -0.4803 0.7424
vn -0.2884 -0.6952 0.6584
vn -0.9120 0.3684 -0.1803
vn -0.5012 0.7072 -0.4987
vn -0.4385 -0.6491 0.6215
vn -0.5714 -0.5914 0.5689
vn -0.6285 -0.4585 0.6284
vn -0.7988 -0.3130 0.5138
vn -0.4739 0.7755 -0.4172
vn -0.9137 -0.1613 0.3731
vn -0.9774 0.0226 0.2103
vn -0.1669 0.0839 -0.9824
vn 0.0281 -0.0334 -0.9990
vn -0.5448 0.2731 -0.7928
vn -0.5649 0.3414 -0.7512
vn -0.7599 0.4031 -0.5101
vn -0.7707 0.4406 -0.4604
vn -0.8665 0.4400 -0.2359
vn -0.8311 0.3631 -0.4212
vn -0.8946 0.3078 -0.3239
vn -0.9211 -0.0076 -0.3892
vn -0.8848 0.2498 -0.3933
vn -0.9791 0.2025 0.0197
vn -0.6411 0.2155 -0.7366
vn -0.9216 0.3542 -0.1588
vn -0.8264 0.4662 -0.3157
vn -0.5269 0.3064 -0.7928
vn -0.6713 0.4877 -0.5581
vn -0.7088 0.4833 -0.5138
vn 0.1786 -0.0372 0.9832
vn -0.3504 0.1914 0.9168
vn 0.1466 -0.1479 0.9781
vn -0.4111 -0.0113 0.9115
vn -0.7560 0.4765 -0.4487
vn -0.8116 0.3693 0.4526
vn -0.6749 0.6003 0.4291
vn -0.2306 0.4096 0.8826
vn -0.5208 0.7964 0.3074
vn -0.1014 0.6184 0.7793
vn 0.2633 0.0958 0.9599
vn 0.4670 -0.1695 0.8678
vn 0.4579 -0.2115 0.8635
vn 0.1510 -0.1894 0.9702
vn -0.4206 -0.1620 0.8927
vn -0.8887 0.1391 0.4370
vn -0.9063 0.4065 -0.1155
vn -0.8028 0.5889 -0.0938
vn -0.6628 0.7335 -0.1502
vn -0.5430 0.7847 -0.2990
vn -0.4015 0.9115 0.0895
vn -0.0113 0.7941 0.6077
vn -0.9477 0.2539 -0.1932
vn 0.3502 0.2080 0.9133
vn 0.5149 -0.1121 0.8499
vn 0.5633 -0.2139 0.7981
vn 0.5670 -0.2140 0.7954
vn 0.4684 -0.1767 0.8657
vn 0.4587 -0.1336 0.8785
vn -0.9531 0.2134 -0.2146
vn 0.1548 -0.2182 0.9635
vn -0.3833 -0.3101 0.8700
vn -0.9060 -0.0716 0.4172
vn -0.9643 0.2209 -0.1459
vn -0.7877 0.3865 -0.4797
vn -0.9641 0.1130 -0.2401
vn -0.7312 0.5238 -0.4370
vn -0.6655 0.6268 -0.4053
vn -0.5863 0.6263 -0.5138
vn -0.5077 0.6037 -0.6147
vn -0.4555 0.7689 -0.4487
vn -0.3172 0.9396 -0.1285
vn -0.9047 -0.0641 -0.4212
vn -0.8217 -0.5187 -0.2359
vn -0.9581 -0.0037 -0.2865
vn -0.9252 -0.2281 -0.3032
vn -0.9840 -0.0604 -0.1674
vn -0.6196 0.4837 -0.6181
vn -0.5306 0.4639 -0.7094
vn -0.9887 -0.0038 -0.1502
vn -0.4127 0.5789 -0.7032
vn -0.3545 0.7448 -0.5653
vn -0.8589 -0.2243 -0.4604
vn -0.6515 0.3652 -0.6650
vn -0.8196 0.2457 -0.5176
vn -0.9854 0.0302 -0.1675
vn -0.8610 -0.2964 0.4133
vn -0.2886 -0.4798 0.8286
vn 0.1860 -0.3021 0.9350
vn 0.2612 -0.3673 0.8927
vn 0.4605 -0.1409 0.8764
vn 0.4916 -0.1558 0.8568
vn -0.8971 -0.4344 -0.0807
vn 0.5538 -0.0826 0.8286
vn 0.5623 -0.0974 0.8212
vn 0.5690 -0.1635 0.8059
vn 0.5565 -0.1417 0.8187
vn 0.5708 -0.0900 0.8161
vn 0.5694 -0.0751 0.8186
vn 0.5076 -0.1412 0.8499
vn -0.5899 -0.6765 0.4409
vn 0.3192 -0.4002 0.8590
vn -0.1438 -0.6204 0.7710
vn -0.7402 -0.5303 0.4133
vn -0.9693 -0.1875 -0.1588
vn -0.8369 0.0905 -0.5398
vn -0.6710 0.2442 -0.7001
vn -0.5533 0.3478 -0.7569
vn -0.4411 0.4451 -0.7793
vn -0.2907 0.5589 -0.7766
vn -0.9624 -0.2318 -0.1415
vn -0.9924 0.0415 -0.1155
vn -0.9835 0.1617 -0.0807
vn -0.9708 0.2357 -0.0459
vn -0.3256 0.4282 -0.8430
vn -0.9611 0.2758 -0.0153
vn -0.4570 0.3358 -0.8237
vn -0.5630 0.2424 -0.7901
vn -0.6830 0.1128 -0.7216
vn -0.8345 -0.0905 -0.5435
vn -0.8949 -0.4274 -0.1285
vn -0.5569 -0.7337 0.3892
vn -0.0301 -0.7195 0.6939
vn 0.3355 -0.4482 0.8286
vn 0.4998 -0.1414 0.8545
vn 0.5403 -0.0376 0.8406
vn 0.5610 -0.0527 0.8261
vn 0.5327 -0.0750 0.8430
vn -0.9247 0.3330 -0.1846
vn 0.3866 -0.0822 0.9186
vn -0.9376 0.3475 -0.0066
vn -0.9366 0.2865 0.2018
vn -0.9476 0.2575 0.1889
vn 0.4959 -0.0301 0.8678
vn 0.5260 -0.0301 0.8499
vn 0.4899 -0.1485 0.8590
vn 0.3472 -0.5009 0.7928
vn -0.9695 0.2061 0.1329
vn 0.0207 -0.8146 0.5796
vn -0.3851 -0.8731 0.2991
vn -0.7522 -0.6509 -0.1025
vn -0.8005 -0.2958 -0.5213
vn -0.6813 -0.0452 -0.7306
vn -0.5696 0.1164 -0.8136
vn -0.4642 0.2332 -0.8545
vn -0.3343 0.3250 -0.8847
vn -0.1714 0.4126 -0.8946
vn -0.1348 0.5471 -0.8261
vn -0.2234 0.7217 -0.6552
vn -0.2171 0.9319 -0.2907
vn 0.0585 0.9051 0.4212
vn 0.4077 0.3279 0.8522
vn -0.9918 0.0302 -0.1242
vn -0.9881 -0.0340 -0.1502
vn 0.4636 0.4010 0.7901
vn 0.1467 0.9429 0.2990
vn -0.0717 0.9183 -0.3892
vn -0.0472 0.7094 -0.7033
vn 0.0378 0.5329 -0.8453
vn -0.0152 0.3949 -0.9186
vn -0.9982 0.0528 0.0284
vn -0.1902 0.3042 -0.9334
vn -0.3415 0.2219 -0.9133
vn -0.4683 0.1124 -0.8764
vn -0.5661 -0.0340 -0.8237
vn -0.6612 -0.2156 -0.7186
vn -0.7255 -0.5009 -0.4720
vn -0.2884 -0.9488 0.1286
vn 0.0396 -0.8986 0.4370
vn 0.3415 -0.5213 0.7820
vn 0.4527 -0.1265 0.8826
vn 0.4772 -0.0226 0.8785
vn 0.3560 -0.0450 0.9334
vn -0.9604 -0.0151 0.2781
vn 0.2049 -0.0372 0.9781
vn 0.2276 -0.0300 0.9733
vn 0.1636 -0.0445 0.9855
vn 0.2408 -0.1433 0.9599
vn 0.3517 -0.1182 0.9286
vn 0.2960 -0.5328 0.7928
vn -0.9317 0.0867 0.3527
vn 0.0641 -0.9467 0.3157
vn -0.2430 -0.9677 -0.0677
vn -0.4583 -0.8442 -0.2781
vn -0.6245 -0.6526 -0.4291
vn -0.6151 -0.4132 -0.6715
vn -0.5497 -0.2001 -0.8111
vn -0.4650 -0.0340 -0.8847
vn -0.3454 0.0971 -0.9334
vn -0.1907 0.2054 -0.9599
vn -0.0302 0.2871 -0.9574
vn 0.1530 0.3731 -0.9151
vn -0.9551 -0.2282 -0.1889
vn 0.1995 0.5114 -0.8358
vn 0.1443 0.6930 -0.7063
vn 0.1187 0.8954 -0.4291
vn 0.2501 0.9358 0.2486
vn 0.4974 0.3977 0.7710
vn 0.5953 -0.0151 0.8034
vn 0.5842 -0.0301 0.8111
vn 0.5584 -0.0751 0.8261
vn 0.5914 -0.1854 0.7847
vn 0.5842 -0.1855 0.7901
vn 0.5730 -0.1490 0.8059
vn 0.6084 -0.1640 0.7766
vn 0.6189 -0.1347 0.7738
vn 0.3581 -0.0225 0.9334
vn -0.8928 0.1240 0.4330
vn -0.8569 0.0415 0.5138
vn 0.5766 -0.1344 0.8059
vn -0.8741 0.2202 0.4330
vn -0.8683 0.2421 0.4330
vn 0.6136 -0.1273 0.7793
vn -0.7162 0.1903 0.6715
vn 0.5622 -0.0376 0.8261
vn 0.4672 0.3636 0.8059
vn 0.3591 0.9052 0.2274
vn 0.3162 0.8559 -0.4093
vn 0.3178 0.6562 -0.6844
vn 0.3197 0.4856 -0.8136
vn -0.5028 0.1305 0.8545
vn -0.2930 0.0995 0.9509
vn 0.4600 0.5734 -0.6779
vn 0.4989 0.7861 -0.3649
vn 0.4881 0.8379 0.2444
vn 0.4140 0.3715 0.8310
vn -0.1276 0.0909 0.9877
vn 0.3311 0.3805 -0.8635
vn 0.5195 0.4381 -0.7336
vn -0.1212 0.1999 0.9723
vn 0.6450 0.6757 -0.3568
vn 0.6075 0.7393 0.2907
vn 0.4057 0.3644 0.8382
vn -0.2872 0.2012 0.9365
vn -0.5061 0.2127 0.8358
vn 0.1416 0.2704 -0.9523
vn -0.0320 0.1840 -0.9824
vn -0.1980 0.0882 -0.9762
vn -0.3436 -0.0452 -0.9380
vn -0.4489 -0.1946 -0.8722
vn -0.5134 -0.3935 -0.7626
vn -0.5450 -0.6384 -0.5435
vn -0.3824 -0.8183 -0.4291
vn -0.7179 0.2443 0.6519
vn -0.8624 0.2746 0.4252
vn -0.4623 -0.6047 -0.6485
vn -0.4167 -0.3793 -0.8261
vn -0.3309 -0.2012 -0.9220
vn -0.1945 -0.0449 -0.9799
vn -0.0279 0.0735 -0.9969
vn 0.1445 0.1673 -0.9753
vn 0.3295 0.2655 -0.9061
vn -0.9172 0.3436 0.2018
vn 0.5325 0.2965 -0.7928
vn 0.7336 0.5302 -0.4251
vn 0.7158 0.6291 0.3032
vn 0.4172 0.3217 0.8499
vn 0.2507 -0.0000 0.9681
vn 0.3321 -0.0376 0.9425
vn 0.4584 -0.0600 0.8867
vn 0.5693 -0.1344 0.8111
vn -0.8444 0.3456 0.4093
vn 0.4326 -0.1117 0.8946
vn 0.2614 -0.0885 0.9612
vn 0.2980 -0.1102 0.9482
vn 0.2120 -0.0878 0.9733
vn -0.7063 0.3389 0.6215
vn 0.2120 0.0150 0.9772
vn 0.4344 0.2848 0.8545
vn 0.8250 0.5155 0.2316
vn 0.7800 0.3517 -0.5176
vn 0.5396 0.1495 -0.8286
vn 0.3288 0.1536 -0.9318
vn -0.4951 0.3373 0.8007
vn 0.1478 0.0520 -0.9877
vn -0.0327 -0.0516 -0.9981
vn -0.1904 -0.1998 -0.9612
vn -0.3089 -0.3744 -0.8743
vn -0.3752 -0.5742 -0.7277
vn -0.3063 -0.7764 -0.5508
vn -0.1931 -0.9524 -0.2359
vn 0.0867 -0.9689 0.2316
vn -0.2791 0.3336 0.9004
vn -0.1162 0.3308 0.9365
vn 0.4447 -0.1263 0.8867
vn 0.0018 0.3260 0.9454
vn -0.0018 0.4546 0.8907
vn -0.1130 -0.9304 -0.3486
vn -0.0000 0.5849 0.8111
vn -0.2143 -0.7450 -0.6317
vn -0.2721 -0.5569 -0.7848
vn -0.1789 -0.3703 -0.9115
vn -0.0359 -0.2007 -0.9790
vn 0.1433 -0.0732 -0.9870
vn 0.3329 0.0302 -0.9425
vn 0.0019 0.7262 0.6875
vn 0.5417 -0.0000 -0.8406
vn 0.0019 0.8556 0.5176
vn 0.3348 -0.1044 -0.9365
vn 0.1424 -0.2115 -0.9670
vn -0.0283 -0.3659 -0.9302
vn -0.1459 -0.5517 -0.8212
vn -0.0867 -0.7330 -0.6747
vn 0.0019 -0.9142 -0.4053
vn 0.1504 -0.9736 0.1717
vn 0.2437 -0.5699 0.7847
vn 0.1887 -0.1715 0.9670
vn -0.1294 0.7266 0.6747
vn -0.1162 0.5912 0.7981
vn 0.2631 -0.5762 0.7738
vn -0.1138 0.4601 0.8806
vn 0.2719 -0.9491 0.1588
vn 0.1615 -0.8962 -0.4132
vn 0.0642 -0.7263 -0.6844
vn -0.0000 -0.5490 -0.8358
vn 0.1297 -0.3649 -0.9220
vn 0.3245 -0.2526 -0.9115
vn 0.5353 -0.1640 -0.8286
vn 0.8063 -0.0378 -0.5903
vn 0.8046 0.1576 -0.5725
vn 0.9297 0.3402 0.1415
vn 0.5063 0.2474 0.8261
vn -0.2599 0.4753 0.8406
vn -0.4562 0.4816 0.7483
vn 0.9873 0.1279 0.0938
vn -0.6584 0.4671 0.5902
vn 0.5907 0.1638 0.7901
vn -0.7994 0.4542 0.3933
vn -0.7120 0.5974 0.3690
vn 0.9939 -0.0754 0.0807
vn -0.2518 0.6066 0.7541
vn 0.7845 -0.2382 -0.5725
vn 0.5171 -0.3292 -0.7901
vn 0.3077 -0.3997 -0.8635
vn 0.1440 -0.5410 -0.8286
vn 0.2232 -0.7066 -0.6715
vn 0.3321 -0.8610 -0.3852
vn 0.4214 -0.8832 0.2060
vn 0.3205 -0.5225 0.7901
vn 0.1730 -0.1572 0.9723
vn 0.1413 -0.0440 0.9890
vn 0.1750 -0.0518 0.9832
vn -0.4102 0.6100 0.6780
vn 0.1254 -0.0368 0.9914
vn 0.1093 -0.0437 0.9930
vn 0.1158 -0.0505 0.9920
vn 0.1671 -0.1446 0.9753
vn -0.5899 0.5939 0.5471
vn 0.3736 -0.4547 0.8085
vn 0.5687 -0.7892 0.2316
vn 0.5049 -0.7764 -0.3771
vn 0.3712 -0.6379 -0.6747
vn 0.2710 -0.5224 -0.8085
vn 0.4701 -0.4995 -0.7276
vn 0.7346 -0.4387 -0.5176
vn 0.9574 -0.2758 0.0851
vn 0.6203 -0.0602 0.7820
vn 0.6225 0.0301 0.7820
vn -0.2624 0.7294 0.6318
vn 0.2337 0.0075 0.9723
vn 0.2005 0.0373 0.9790
vn 0.1898 0.0225 0.9816
vn 0.1765 -0.0731 0.9816
vn 0.2017 -0.0518 0.9781
vn -0.3927 0.7254 0.5653
vn -0.5144 0.7003 0.4949
vn -0.5770 0.7287 0.3690
vn -0.4258 0.8029 0.4172
vn -0.2853 0.8342 0.4720
vn -0.1427 0.8527 0.5025
vn 0.1413 -0.0439 0.9890
vn 0.1184 -0.0295 0.9925
vn 0.0151 0.9892 0.1459
vn -0.1503 0.9396 0.3074
vn -0.0000 0.9461 0.3239
vn 0.1344 -0.0370 0.9902
vn 0.1611 -0.0370 0.9862
vn 0.1255 -0.0148 0.9920
vn 0.1873 -0.1399 0.9723
vn 0.4586 -0.4067 0.7902
vn 0.7212 -0.6665 0.1889
vn 0.6414 -0.6333 -0.4331
vn 0.8637 -0.4906 0.1155
vn 0.6207 -0.1566 0.7682
vn -0.3021 0.9079 0.2907
vn 0.2393 -0.0374 0.9702
vn 0.2320 -0.0951 0.9681
vn 0.5671 -0.2970 0.7682
vn -0.4679 0.8456 0.2571
vn -0.6259 0.7485 0.2189
vn -0.7696 0.6058 0.2018
vn -0.8707 0.4505 0.1975
vn -0.8958 0.4445 -0.0022
vn -0.8050 0.5923 0.0328
vn -0.8010 0.5857 -0.1242
vn 0.2264 -0.0374 0.9733
vn 0.2351 -0.0374 0.9713
vn 0.1255 -0.0368 0.9914
vn 0.1231 -0.0440 0.9914
vn 0.1229 -0.0294 0.9920
vn -0.6483 0.7576 0.0764
vn 0.8132 0.3659 0.4526
vn 0.4112 -0.0075 0.9115
vn 0.8881 0.1428 0.4370
vn -0.4842 0.8689 0.1025
vn 0.4206 -0.1620 0.8927
vn 0.9063 -0.0678 0.4172
vn 0.9635 0.2246 -0.1457
vn 0.9854 0.0302 -0.1674
vn -0.3081 0.9432 0.1242
vn 0.8196 0.2456 -0.5176
vn 0.7877 0.3865 -0.4797
vn -0.1335 0.9815 0.1372
vn 0.9047 0.4100 -0.1155
vn 0.0453 0.9988 -0.0197
vn 0.8610 -0.2964 0.4132
vn 0.3857 -0.3072 0.8700
vn -0.1548 -0.2182 0.9635
vn 0.1449 0.9668 -0.2103
vn -0.1540 -0.1871 0.9702
vn -0.1492 -0.1452 0.9781
vn 0.2611 0.9402 -0.2189
vn 0.3522 0.1881 0.9168
vn 0.6749 0.6003 0.4291
vn 0.8005 0.5919 -0.0938
vn 0.7312 0.5238 -0.4370
vn 0.6196 0.4838 -0.6181
vn 0.6533 0.3619 -0.6650
vn 0.6710 0.2442 -0.7001
vn 0.2894 0.8615 -0.4172
vn 0.8369 0.0905 -0.5398
vn 0.9693 -0.1876 -0.1588
vn 0.7402 -0.5303 0.4133
vn 0.2918 -0.4778 0.8286
vn 0.1475 -0.6195 0.7710
vn -0.2612 -0.3673 0.8927
vn 0.2687 0.7585 -0.5938
vn -0.1860 -0.3021 0.9350
vn 0.2110 0.7765 -0.5938
vn 0.2002 0.8846 -0.4212
vn 0.5539 -0.7360 0.3892
vn 0.8933 -0.4308 -0.1285
vn 0.8345 -0.0905 -0.5435
vn 0.6830 0.1128 -0.7216
vn 0.0623 0.9655 -0.2528
vn -0.0283 0.9862 -0.1631
vn -0.3118 0.9498 -0.0240
vn -0.1205 0.9925 0.0197
vn -0.1055 0.9896 -0.0982
vn 0.6813 -0.0452 -0.7306
vn 0.8005 -0.2958 -0.5213
vn 0.7522 -0.6509 -0.1025
vn 0.3851 -0.8731 0.2990
vn 0.0301 -0.7195 0.6939
vn -0.0170 -0.8147 0.5796
vn -0.6659 0.6365 -0.3892
vn -0.7697 0.5294 -0.3568
vn -0.7457 0.6164 -0.2528
vn -0.3385 -0.4460 0.8286
vn -0.6444 0.5764 -0.5025
vn -0.3162 -0.4026 0.8590
vn 0.0622 0.9121 -0.4053
vn -0.1223 0.9181 -0.3771
vn 0.2921 -0.9477 0.1285
vn 0.5810 -0.8030 -0.1329
vn 0.7233 -0.5040 -0.4720
vn 0.6612 -0.2156 -0.7186
vn -0.5039 0.8628 -0.0415
vn 0.6151 -0.4132 -0.6715
vn 0.6218 -0.6552 -0.4291
vn 0.4616 -0.8424 -0.2781
vn 0.2430 -0.9677 -0.0677
vn -0.0358 -0.8988 0.4370
vn -0.3472 -0.5010 0.7928
vn -0.4910 -0.1449 0.8590
vn -0.6524 0.7552 -0.0634
vn -0.4988 -0.1450 0.8545
vn -0.5076 -0.1412 0.8499
vn -0.4916 -0.1558 0.8568
vn -0.4605 -0.1409 0.8764
vn -0.4597 -0.1300 0.8785
vn 0.5450 -0.6384 -0.5435
vn 0.3858 -0.8167 -0.4291
vn -0.5912 0.6540 -0.4720
vn -0.5752 0.6513 -0.4949
vn -0.5543 -0.0788 0.8286
vn -0.5698 -0.0714 0.8187
vn -0.5610 -0.0526 0.8261
vn -0.5403 -0.0376 0.8406
vn -0.5332 -0.0713 0.8430
vn -0.5708 -0.0900 0.8161
vn -0.5623 -0.0974 0.8212
vn -0.4684 -0.1767 0.8657
vn -0.4595 -0.2081 0.8635
vn -0.4683 -0.1660 0.8678
vn -0.1794 -0.0335 0.9832
vn -0.2633 0.0958 0.9599
vn 0.2306 0.4096 0.8826
vn 0.1014 0.6184 0.7793
vn -0.5567 0.7482 -0.3609
vn 0.5208 0.7964 0.3074
vn 0.6600 0.7361 -0.1502
vn 0.6629 0.6295 -0.4053
vn 0.5863 0.6263 -0.5138
vn -0.5270 0.8223 -0.2146
vn -0.6424 0.7278 -0.2401
vn -0.4148 0.8843 -0.2146
vn -0.3619 0.7626 -0.5361
vn 0.5430 0.7847 -0.2990
vn 0.3981 0.9130 0.0895
vn -0.2887 0.7907 -0.5398
vn -0.3071 0.8573 -0.4133
vn -0.2236 0.7810 -0.5832
vn 0.5077 0.6037 -0.6147
vn -0.3026 0.9142 -0.2697
vn 0.4523 0.7708 -0.4487
vn -0.1951 0.9664 -0.1674
vn 0.5306 0.4639 -0.7094
vn 0.5512 0.3510 -0.7569
vn 0.5630 0.2424 -0.7901
vn 0.5704 0.1127 -0.8136
vn 0.5663 -0.0304 -0.8237
vn 0.5496 -0.2001 -0.8111
vn 0.5134 -0.3935 -0.7626
vn 0.4593 -0.6070 -0.6485
vn 0.3063 -0.7764 -0.5508
vn 0.1893 -0.9532 -0.2359
vn -0.0641 -0.9467 0.3156
vn -0.3415 -0.5213 0.7820
vn -0.4527 -0.1265 0.8826
vn -0.5260 -0.0301 0.8499
vn -0.4957 -0.0338 0.8678
vn -0.3866 -0.0822 0.9186
vn -0.5556 -0.1453 0.8187
vn -0.5690 -0.1635 0.8059
vn -0.5657 -0.2175 0.7954
vn -0.5633 -0.2139 0.7981
vn -0.5148 -0.1120 0.8500
vn -0.3502 0.2080 0.9133
vn 0.0113 0.7941 0.6077
vn 0.3136 0.9408 -0.1285
vn 0.3545 0.7448 -0.5653
vn 0.4157 0.5767 -0.7032
vn 0.4384 0.4477 -0.7793
vn 0.4548 0.3388 -0.8237
vn 0.4642 0.2331 -0.8545
vn 0.4683 0.1124 -0.8764
vn 0.4647 -0.0378 -0.8847
vn 0.4474 -0.1981 -0.8722
vn 0.4167 -0.3793 -0.8261
vn 0.3752 -0.5743 -0.7276
vn 0.2106 -0.7460 -0.6318
vn 0.1130 -0.9304 -0.3486
vn -0.0867 -0.9689 0.2316
vn -0.2960 -0.5328 0.7928
vn -0.3517 -0.1182 0.9286
vn -0.4774 -0.0188 0.8785
vn -0.3581 -0.0225 0.9334
vn -0.3560 -0.0450 0.9334
vn -0.2276 -0.0300 0.9733
vn -0.2408 -0.1433 0.9599
vn -0.2472 -0.5684 0.7848
vn -0.1504 -0.9736 0.1717
vn -0.0057 -0.9142 -0.4053
vn 0.0867 -0.7330 -0.6747
vn -0.0528 0.8257 -0.5617
vn 0.2687 -0.5586 -0.7847
vn 0.3119 -0.3720 -0.8743
vn 0.3309 -0.2012 -0.9220
vn 0.3436 -0.0452 -0.9380
vn 0.3454 0.0971 -0.9334
vn 0.3415 0.2219 -0.9133
vn 0.3369 0.3222 -0.8847
vn 0.3226 0.4307 -0.8429
vn 0.2907 0.5589 -0.7766
vn 0.1903 0.6786 -0.7094
vn 0.2234 0.7217 -0.6552
vn 0.1204 0.8085 -0.5760
vn 0.1348 0.5471 -0.8261
vn 0.1749 0.4111 -0.8946
vn 0.1903 0.3042 -0.9334
vn 0.1934 0.2028 -0.9599
vn 0.1980 0.0882 -0.9762
vn 0.1945 -0.0449 -0.9799
vn 0.1931 -0.1972 -0.9611
vn 0.1789 -0.3703 -0.9115
vn 0.1459 -0.5517 -0.8212
vn -0.0642 -0.7263 -0.6843
vn -0.1614 -0.8962 -0.4132
vn -0.2719 -0.9491 0.1588
vn -0.2632 -0.5762 0.7738
vn -0.1912 -0.1686 0.9670
vn -0.1636 -0.0445 0.9855
vn -0.2042 -0.0408 0.9781
vn -0.4076 0.3279 0.8522
vn -0.5954 -0.0113 0.8033
vn -0.5842 -0.0301 0.8111
vn -0.4611 0.4039 0.7901
vn -0.0547 0.9053 0.4212
vn -0.3237 -0.5205 0.7901
vn -0.1731 -0.1572 0.9723
vn -0.1402 -0.0475 0.9890
vn -0.1739 -0.0553 0.9832
vn -0.1467 0.9429 0.2990
vn 0.2171 0.9319 -0.2907
vn -0.4997 0.3948 0.7710
vn -0.4248 -0.8815 0.2061
vn -0.3321 -0.8610 -0.3852
vn -0.2232 -0.7066 -0.6715
vn -0.5622 -0.0376 0.8261
vn 0.0246 -0.3662 -0.9302
vn 0.0321 -0.2014 -0.9790
vn 0.0327 -0.0516 -0.9981
vn 0.0314 0.0720 -0.9969
vn 0.0283 0.1846 -0.9824
vn 0.0302 0.2870 -0.9575
vn 0.0152 0.3949 -0.9186
vn -0.0378 0.5329 -0.8453
vn 0.0434 0.7096 -0.7032
vn -0.6136 -0.1273 0.7793
vn -0.6190 -0.1347 0.7738
vn -0.5765 -0.1344 0.8059
vn -0.1480 0.6922 -0.7063
vn -0.1995 0.5114 -0.8358
vn -0.1495 0.3745 -0.9151
vn -0.1416 0.2704 -0.9523
vn -0.1473 0.1647 -0.9753
vn -0.1478 0.0520 -0.9877
vn -0.1450 -0.0698 -0.9870
vn -0.1424 -0.2114 -0.9670
vn -0.1297 -0.3649 -0.9220
vn -0.1476 -0.5401 -0.8286
vn -0.3712 -0.6379 -0.6747
vn -0.5693 -0.1343 0.8111
vn -0.5080 -0.7744 -0.3772
vn -0.5687 -0.7892 0.2316
vn -0.3707 -0.4571 0.8085
vn -0.1696 -0.1418 0.9753
vn -0.1173 -0.0471 0.9920
vn -0.1078 -0.0472 0.9930
vn -0.1254 -0.0368 0.9914
vn -0.4584 -0.0600 0.8867
vn -0.4672 0.3636 0.8059
vn -0.1873 -0.1398 0.9723
vn -0.4611 -0.4038 0.7901
vn -0.7186 -0.6692 0.1889
vn -0.6414 -0.6333 -0.4331
vn -0.4701 -0.4995 -0.7276
vn -0.2677 -0.5241 -0.8085
vn -0.3047 -0.4020 -0.8635
vn -0.2501 0.9358 0.2486
vn -0.3245 -0.2526 -0.9115
vn 0.0717 0.9183 -0.3892
vn -0.5585 -0.0751 0.8261
vn -0.6093 -0.1604 0.7766
vn -0.5730 -0.1490 0.8059
vn -0.5171 -0.3291 -0.7901
vn -0.7346 -0.4387 -0.5176
vn -0.8655 -0.4874 0.1156
vn -0.5671 -0.2970 0.7682
vn -0.2320 -0.0951 0.9681
vn -0.5903 -0.1890 0.7847
vn -0.2387 -0.0410 0.9702
vn -0.5831 -0.1890 0.7901
vn -0.6207 -0.1566 0.7682
vn -0.9585 -0.2721 0.0851
vn -0.7845 -0.2382 -0.5725
vn -0.5364 -0.1604 -0.8286
vn -0.3336 -0.1080 -0.9365
vn -0.3329 0.0302 -0.9425
vn -0.4448 -0.1263 0.8867
vn -0.5416 -0.0000 -0.8406
vn -0.8061 -0.0416 -0.5903
vn -0.9939 -0.0754 0.0807
vn -0.6203 -0.0602 0.7820
vn -0.2264 -0.0374 0.9733
vn -0.1250 -0.0185 0.9920
vn -0.1237 -0.0258 0.9920
vn -0.1602 -0.0407 0.9862
vn -0.1231 -0.0439 0.9914
vn -0.2356 -0.0338 0.9713
vn -0.6225 0.0301 0.7820
vn -0.9878 0.1242 0.0938
vn -0.8046 0.1576 -0.5725
vn -0.5405 0.1458 -0.8286
vn -0.3288 0.1536 -0.9318
vn -0.3295 0.2655 -0.9060
vn -0.4335 -0.1081 0.8946
vn -0.2980 -0.1102 0.9482
vn -0.3326 -0.0338 0.9425
vn -0.4140 0.3715 0.8310
vn -0.3556 0.9065 0.2274
vn -0.5343 0.2932 -0.7928
vn -0.7800 0.3517 -0.5176
vn -0.9297 0.3402 0.1415
vn -0.5916 0.1601 0.7901
vn -0.2337 0.0075 0.9723
vn -0.1255 -0.0368 0.9914
vn -0.1353 -0.0333 0.9902
vn -0.1149 0.8959 -0.4291
vn -0.2025 -0.0481 0.9781
vn -0.1174 -0.0331 0.9925
vn -0.2011 0.0336 0.9790
vn -0.5063 0.2474 0.8261
vn -0.8250 0.5155 0.2316
vn -0.7358 0.5271 -0.4252
vn -0.5170 0.4410 -0.7336
vn -0.3282 0.3830 -0.8635
vn -0.3228 0.4836 -0.8136
vn -0.3127 0.8572 -0.4093
vn -0.4848 0.8398 0.2444
vn -0.4630 0.5710 -0.6780
vn -0.6423 0.6783 -0.3568
vn -0.7133 0.6319 0.3032
vn -0.4364 0.2817 0.8545
vn -0.4031 0.3672 0.8382
vn -0.1898 0.0225 0.9816
vn -0.1765 -0.0731 0.9816
vn -0.2602 -0.0920 0.9612
vn -0.2120 -0.0878 0.9733
vn -0.2507 -0.0000 0.9681
vn -0.2119 0.0150 0.9772
vn -0.4172 0.3217 0.8499
vn -0.6104 0.7368 0.2907
vn -0.5021 0.7841 -0.3650
vn -0.3178 0.6562 -0.6844
vt 0.528860 0.781302
vt 0.723879 0.821051
vt 0.772918 0.791728
vt 0.736688 0.780557
vt 0.262823 0.819376
vt 0.214921 0.789122
vt 0.249407 0.783071
vt 0.487856 0.597171
vt 0.638762 0.655631
vt 0.361582 0.653025
s 1
usemtl Material.005
f 2419/1/1 1732/1/2 1731/1/3
f 1733/1/4 1732/1/2 2419/1/1
f 2420/1/5 1733/1/4 2419/1/1
f 1761/1/6 1733/1/4 2420/1/5
f 1792/1/7 1761/1/6 2420/1/5
f 2419/1/1 1792/1/7 2420/1/5
f 2417/1/8 1792/1/7 2419/1/1
f 1731/1/3 2417/1/8 2419/1/1
f 2407/1/9 1731/1/3 1736/1/10
f 1835/1/11 1731/1/3 2407/1/9
f 1830/1/12 1835/1/11 2407/1/9
f 1817/1/13 1815/1/14 2415/1/15
f 2416/1/16 1817/1/13 2415/1/15
f 2418/1/17 1817/1/13 2416/1/16
f 1835/1/11 1817/1/13 2418/1/17
f 1731/1/3 1835/1/11 2418/1/17
f 2416/1/16 1731/1/3 2418/1/17
f 2417/1/8 1731/1/3 2416/1/16
f 1792/1/7 2417/1/8 2416/1/16
f 2415/1/15 1792/1/7 2416/1/16
f 1815/1/14 1792/1/7 2415/1/15
f 1863/1/18 1868/1/19 2414/1/20
f 1552/1/21 1551/1/22 1863/1/18
f 2414/1/20 1552/1/21 1863/1/18
f 1554/1/23 1552/1/21 2414/1/20
f 1868/1/19 1554/1/23 2414/1/20
f 2413/1/24 1554/1/23 1868/1/19
f 1851/1/25 2413/1/24 1868/1/19
f 2409/1/26 2413/1/24 1851/1/25
f 1554/1/23 2413/1/24 2409/1/26
f 2410/1/27 1554/1/23 2409/1/26
f 2411/1/28 1554/1/23 2410/1/27
f 1560/1/29 1554/1/23 2411/1/28
f 1561/1/30 1560/1/29 2411/1/28
f 1844/1/31 2408/1/32 1848/1/33
f 2412/1/34 1844/1/31 1565/1/35
f 1561/1/30 2412/1/34 1565/1/35
f 2411/1/28 2412/1/34 1561/1/30
f 1844/1/31 2412/1/34 2411/1/28
f 2410/1/27 1844/1/31 2411/1/28
f 2409/1/26 1844/1/31 2410/1/27
f 2408/1/32 1844/1/31 2409/1/26
f 1851/1/25 2408/1/32 2409/1/26
f 1848/1/33 2408/1/32 1851/1/25
f 1830/1/12 2407/1/9 1736/1/10
f 1708/1/36 2404/1/37 1714/1/38
f 1723/1/39 1722/1/40 2399/1/41
f 2405/1/42 1628/1/43 1608/1/44
f 1629/1/45 1628/1/43 2405/1/42
f 2406/1/46 1629/1/45 2405/1/42
f 1633/1/47 1629/1/45 2406/1/46
f 1708/1/36 1633/1/47 2406/1/46
f 2405/1/42 1708/1/36 2406/1/46
f 2404/1/37 1708/1/36 2405/1/42
f 1608/1/44 2404/1/37 2405/1/42
f 1714/1/38 2404/1/37 1608/1/44
f 2403/1/48 1714/1/38 1608/1/44
f 1715/1/49 1714/1/38 2403/1/48
f 2401/1/50 1715/1/49 2403/1/48
f 1608/1/44 2401/1/50 2403/1/48
f 2402/1/51 2401/1/50 1608/1/44
f 1607/1/52 2402/1/51 1608/1/44
f 2395/1/53 2402/1/51 1607/1/52
f 2401/1/50 2402/1/51 2395/1/53
f 2400/1/54 2401/1/50 2395/1/53
f 1715/1/49 2401/1/50 2400/1/54
f 1722/1/40 1715/1/49 2400/1/54
f 2395/1/53 1722/1/40 2400/1/54
f 2399/1/41 1722/1/40 2395/1/53
f 2397/1/55 2399/1/41 2395/1/53
f 1723/1/39 2399/1/41 2397/1/55
f 2398/1/56 1723/1/39 2397/1/55
f 1736/1/10 1723/1/39 2398/1/56
f 1830/1/12 1736/1/10 2398/1/56
f 2397/1/55 1830/1/12 2398/1/56
f 2392/1/57 1830/1/12 2397/1/55
f 2395/1/53 2392/1/57 2397/1/55
f 2391/1/58 2392/1/57 2395/1/53
f 2393/1/59 2391/1/58 2395/1/53
f 2394/1/60 1602/1/61 1582/1/62
f 1603/1/63 1602/1/61 2394/1/60
f 2396/1/64 1603/1/63 2394/1/60
f 1607/1/52 1603/1/63 2396/1/64
f 2395/1/53 1607/1/52 2396/1/64
f 2394/1/60 2395/1/53 2396/1/64
f 2393/1/59 2395/1/53 2394/1/60
f 1582/1/62 2393/1/59 2394/1/60
f 2391/1/58 2393/1/59 1582/1/62
f 1832/1/65 2391/1/58 1582/1/62
f 1830/1/12 2392/1/57 2391/1/58
f 1832/1/65 1830/1/12 2391/1/58
f 2390/1/66 1703/1/67 1704/1/68
f 1711/1/69 2390/1/66 1704/1/68
f 2381/1/70 1702/1/71 1703/1/67
f 2390/1/66 2381/1/70 1703/1/67
f 2384/1/72 2381/1/70 2390/1/66
f 2385/1/73 2384/1/72 2390/1/66
f 1711/1/69 2385/1/73 2390/1/66
f 2386/1/74 2385/1/73 1711/1/69
f 2387/1/75 2386/1/74 1711/1/69
f 2389/1/76 2387/1/75 1711/1/69
f 1717/1/77 2389/1/76 1711/1/69
f 1720/1/78 2389/1/76 1717/1/77
f 2387/1/75 2389/1/76 1720/1/78
f 2383/1/79 2381/1/70 2384/1/72
f 2382/1/80 2381/1/70 2383/1/79
f 2368/1/81 2376/1/82 2377/1/83
f 2363/1/84 2373/1/85 2362/1/86
f 2388/1/87 1762/1/88 1764/1/89
f 1720/1/78 1762/1/88 2388/1/87
f 2387/1/75 1720/1/78 2388/1/87
f 1764/1/89 2387/1/75 2388/1/87
f 2386/1/74 2387/1/75 1764/1/89
f 2357/1/90 2386/1/74 1764/1/89
f 2385/1/73 2386/1/74 2357/1/90
f 2370/1/91 2385/1/73 2357/1/90
f 2384/1/72 2385/1/73 2370/1/91
f 2383/1/79 2384/1/72 2370/1/91
f 2369/1/92 2383/1/79 2370/1/91
f 2368/1/81 2383/1/79 2369/1/92
f 2382/1/80 2383/1/79 2368/1/81
f 2377/1/83 2382/1/80 2368/1/81
f 2381/1/70 2382/1/80 2377/1/83
f 2378/1/93 2381/1/70 2377/1/83
f 2379/1/94 2381/1/70 2378/1/93
f 2380/1/95 2381/1/70 2379/1/94
f 1702/1/71 2381/1/70 2380/1/95
f 1697/1/96 1702/1/71 2380/1/95
f 2379/1/94 1697/1/96 2380/1/95
f 2375/1/97 1697/1/96 2379/1/94
f 2374/1/98 2375/1/97 2379/1/94
f 2378/1/93 2374/1/98 2379/1/94
f 2377/1/83 2374/1/98 2378/1/93
f 2376/1/82 2374/1/98 2377/1/83
f 2372/1/99 2374/1/98 2376/1/82
f 2368/1/81 2372/1/99 2376/1/82
f 2371/1/100 2372/1/99 2368/1/81
f 2375/1/97 2363/1/84 1697/1/96
f 2373/1/85 2363/1/84 2375/1/97
f 2374/1/98 2373/1/85 2375/1/97
f 2372/1/99 2373/1/85 2374/1/98
f 2362/1/86 2373/1/85 2372/1/99
f 2371/1/100 2362/1/86 2372/1/99
f 2365/1/101 2362/1/86 2371/1/100
f 2368/1/81 2365/1/101 2371/1/100
f 2366/1/102 2365/1/101 2368/1/81
f 2359/1/103 2367/1/104 2358/1/105
f 2370/1/91 2357/1/90 2358/1/105
f 2367/1/104 2370/1/91 2358/1/105
f 2369/1/92 2370/1/91 2367/1/104
f 2368/1/81 2369/1/92 2367/1/104
f 2366/1/102 2368/1/81 2367/1/104
f 2359/1/103 2366/1/102 2367/1/104
f 2365/1/101 2366/1/102 2359/1/103
f 2360/1/106 2365/1/101 2359/1/103
f 2362/1/86 2365/1/101 2360/1/106
f 2354/1/107 2361/1/108 2355/1/109
f 2364/1/110 2361/1/108 2354/1/107
f 1683/1/111 2364/1/110 2354/1/107
f 1697/1/96 2364/1/110 1683/1/111
f 2363/1/84 2364/1/110 1697/1/96
f 2361/1/108 2364/1/110 2363/1/84
f 2362/1/86 2361/1/108 2363/1/84
f 2360/1/106 2361/1/108 2362/1/86
f 2355/1/109 2361/1/108 2360/1/106
f 2359/1/103 2355/1/109 2360/1/106
f 2356/1/112 2355/1/109 2359/1/103
f 2358/1/105 2356/1/112 2359/1/103
f 2357/1/90 2356/1/112 2358/1/105
f 1764/1/89 2356/1/112 2357/1/90
f 1773/1/113 2356/1/112 1764/1/89
f 2355/1/109 2356/1/112 1773/1/113
f 2354/1/107 2355/1/109 1773/1/113
f 1774/1/114 2354/1/107 1773/1/113
f 1683/1/111 2354/1/107 1774/1/114
f 2353/1/115 1968/1/116 2125/1/117
f 1966/1/118 1968/1/116 2353/1/115
f 1964/1/119 1966/1/118 2353/1/115
f 2125/1/117 1964/1/119 2353/1/115
f 2331/1/120 2351/1/121 2333/1/122
f 2350/1/123 2349/1/124 2327/1/125
f 2326/1/126 2350/1/123 2327/1/125
f 2352/1/127 2350/1/123 2326/1/126
f 2325/1/128 2352/1/127 2326/1/126
f 2335/1/129 2352/1/127 2325/1/128
f 2334/1/130 2352/1/127 2335/1/129
f 2333/1/122 2352/1/127 2334/1/130
f 2351/1/121 2352/1/127 2333/1/122
f 2350/1/123 2352/1/127 2351/1/121
f 2331/1/120 2350/1/123 2351/1/121
f 2349/1/124 2350/1/123 2331/1/120
f 2329/1/131 2349/1/124 2331/1/120
f 2327/1/125 2349/1/124 2329/1/131
f 2342/1/132 2343/1/133 2344/1/134
f 2347/1/135 2338/1/136 2339/1/137
f 2340/1/138 2347/1/135 2339/1/137
f 2348/1/139 2347/1/135 2340/1/138
f 2342/1/132 2348/1/139 2340/1/138
f 2344/1/134 2348/1/139 2342/1/132
f 2347/1/135 2348/1/139 2344/1/134
f 2345/1/140 2347/1/135 2344/1/134
f 2346/1/141 2347/1/135 2345/1/140
f 2338/1/136 2347/1/135 2346/1/141
f 2337/1/142 2338/1/136 2346/1/141
f 2310/1/143 2337/1/142 2346/1/141
f 2314/1/144 2310/1/143 2346/1/141
f 2345/1/140 2314/1/144 2346/1/141
f 2315/1/145 2314/1/144 2345/1/140
f 2344/1/134 2315/1/145 2345/1/140
f 2343/1/133 2315/1/145 2344/1/134
f 2316/1/146 2315/1/145 2343/1/133
f 2342/1/132 2316/1/146 2343/1/133
f 2317/1/147 2316/1/146 2342/1/132
f 2318/1/148 2317/1/147 2342/1/132
f 2310/1/143 2085/1/149 2337/1/142
f 2331/1/120 2333/1/122 2332/1/150
f 2078/1/151 2330/1/152 2079/1/153
f 2327/1/125 2329/1/131 2328/1/154
f 2325/1/128 2336/1/155 2335/1/129
f 2321/1/156 2336/1/155 2325/1/128
f 2341/1/157 2342/1/132 2340/1/138
f 2318/1/148 2342/1/132 2341/1/157
f 2319/1/158 2318/1/148 2341/1/157
f 2340/1/138 2319/1/158 2341/1/157
f 2339/1/137 2319/1/158 2340/1/138
f 2320/1/159 2319/1/158 2339/1/137
f 2338/1/136 2320/1/159 2339/1/137
f 2321/1/156 2320/1/159 2338/1/136
f 2337/1/142 2321/1/156 2338/1/136
f 2085/1/149 2321/1/156 2337/1/142
f 2336/1/155 2321/1/156 2085/1/149
f 2084/1/160 2336/1/155 2085/1/149
f 2335/1/129 2336/1/155 2084/1/160
f 2083/1/161 2335/1/129 2084/1/160
f 2334/1/130 2335/1/129 2083/1/161
f 2082/1/162 2334/1/130 2083/1/161
f 2333/1/122 2334/1/130 2082/1/162
f 2332/1/150 2333/1/122 2082/1/162
f 2081/1/163 2332/1/150 2082/1/162
f 2331/1/120 2332/1/150 2081/1/163
f 2080/1/164 2331/1/120 2081/1/163
f 2079/1/153 2331/1/120 2080/1/164
f 2330/1/152 2331/1/120 2079/1/153
f 2329/1/131 2331/1/120 2330/1/152
f 2078/1/151 2329/1/131 2330/1/152
f 2328/1/154 2329/1/131 2078/1/151
f 2323/1/165 2328/1/154 2078/1/151
f 2327/1/125 2328/1/154 2323/1/165
f 2324/1/166 2327/1/125 2323/1/165
f 2326/1/126 2327/1/125 2324/1/166
f 2325/1/128 2326/1/126 2324/1/166
f 2321/1/156 2325/1/128 2324/1/166
f 2323/1/165 2321/1/156 2324/1/166
f 2322/1/167 2321/1/156 2323/1/165
f 2078/1/151 2322/1/167 2323/1/165
f 2076/1/168 2322/1/167 2078/1/151
f 2321/1/156 2322/1/167 2076/1/168
f 2075/1/169 2321/1/156 2076/1/168
f 2320/1/159 2321/1/156 2075/1/169
f 2074/1/170 2320/1/159 2075/1/169
f 2319/1/158 2320/1/159 2074/1/170
f 2073/1/171 2319/1/158 2074/1/170
f 2318/1/148 2319/1/158 2073/1/171
f 2072/1/172 2318/1/148 2073/1/171
f 2317/1/147 2318/1/148 2072/1/172
f 2316/1/146 2317/1/147 2072/1/172
f 2071/1/173 2316/1/146 2072/1/172
f 2315/1/145 2316/1/146 2071/1/173
f 2070/1/174 2315/1/145 2071/1/173
f 2314/1/144 2315/1/145 2070/1/174
f 2312/1/175 2310/1/143 2314/1/144
f 2070/1/174 2312/1/175 2314/1/144
f 1281/1/176 2312/1/175 2070/1/174
f 2096/1/177 2311/1/178 2313/1/179
f 2309/1/180 2311/1/178 2096/1/177
f 2096/1/177 1286/1/181 1299/1/182
f 1285/1/183 1286/1/181 2096/1/177
f 1284/1/184 1285/1/183 2096/1/177
f 2313/1/179 1284/1/184 2096/1/177
f 1281/1/176 1284/1/184 2313/1/179
f 2311/1/178 1281/1/176 2313/1/179
f 2312/1/175 1281/1/176 2311/1/178
f 2310/1/143 2312/1/175 2311/1/178
f 2309/1/180 2310/1/143 2311/1/178
f 2085/1/149 2310/1/143 2309/1/180
f 2096/1/177 2085/1/149 2309/1/180
f 2308/1/185 2307/1/186 2306/1/187
f 2305/1/188 2308/1/185 2306/1/187
f 2304/1/189 2308/1/185 2305/1/188
f 2301/1/190 2308/1/185 2304/1/189
f 2300/1/191 2308/1/185 2301/1/190
f 1655/1/192 2308/1/185 2300/1/191
f 1656/1/193 2308/1/185 1655/1/192
f 2307/1/186 2308/1/185 1656/1/193
f 1658/1/194 2307/1/186 1656/1/193
f 2306/1/187 2307/1/186 1658/1/194
f 1662/1/195 2306/1/187 1658/1/194
f 1663/1/196 2306/1/187 1662/1/195
f 2305/1/188 2306/1/187 1663/1/196
f 1664/1/197 2305/1/188 1663/1/196
f 2304/1/189 2305/1/188 1664/1/197
f 1665/1/198 2304/1/189 1664/1/197
f 2302/1/199 2301/1/190 2304/1/189
f 1665/1/198 2302/1/199 2304/1/189
f 2303/1/200 2302/1/199 1665/1/198
f 1683/1/111 2303/1/200 1665/1/198
f 1654/1/201 1655/1/192 2300/1/191
f 1768/1/202 1683/1/111 1774/1/114
f 2303/1/200 1683/1/111 1768/1/202
f 1769/1/203 2303/1/200 1768/1/202
f 2302/1/199 2303/1/200 1769/1/203
f 1772/1/204 2302/1/199 1769/1/203
f 2301/1/190 2302/1/199 1772/1/204
f 1775/1/205 2301/1/190 1772/1/204
f 2300/1/191 2301/1/190 1775/1/205
f 1781/1/206 2300/1/191 1775/1/205
f 1654/1/201 2300/1/191 1781/1/206
f 1653/1/207 1654/1/201 1781/1/206
f 2299/1/208 2297/1/209 1522/1/210
f 1653/1/207 2299/1/208 1522/1/210
f 1781/1/206 2299/1/208 1653/1/207
f 2297/1/209 2299/1/208 1781/1/206
f 2296/1/211 2297/1/209 1781/1/206
f 2298/1/212 1518/1/213 1520/1/214
f 1522/1/210 2298/1/212 1520/1/214
f 2297/1/209 2298/1/212 1522/1/210
f 1518/1/213 2298/1/212 2297/1/209
f 2296/1/211 1518/1/213 2297/1/209
f 1517/1/215 1518/1/213 2296/1/211
f 1781/1/206 1517/1/215 2296/1/211
f 2295/1/216 2294/1/217 2293/1/218
f 2240/1/219 2242/1/220 2284/1/221
f 2267/1/222 2268/1/223 2273/1/224
f 2224/1/225 2292/1/226 2223/1/227
f 2293/1/218 2292/1/226 2224/1/225
f 2295/1/216 2293/1/218 2224/1/225
f 2225/1/228 2295/1/216 2224/1/225
f 2236/1/229 2295/1/216 2225/1/228
f 2235/1/230 2295/1/216 2236/1/229
f 2294/1/217 2295/1/216 2235/1/230
f 2249/1/231 2294/1/217 2235/1/230
f 2287/1/232 2294/1/217 2249/1/231
f 2293/1/218 2294/1/217 2287/1/232
f 2289/1/233 2293/1/218 2287/1/232
f 2292/1/226 2293/1/218 2289/1/233
f 2290/1/234 2292/1/226 2289/1/233
f 2291/1/235 2292/1/226 2290/1/234
f 2223/1/227 2292/1/226 2291/1/235
f 1781/1/206 2223/1/227 2291/1/235
f 2276/1/236 1781/1/206 2291/1/235
f 2277/1/237 2276/1/236 2291/1/235
f 2290/1/234 2277/1/237 2291/1/235
f 2278/1/238 2277/1/237 2290/1/234
f 2279/1/239 2278/1/238 2290/1/234
f 2289/1/233 2279/1/239 2290/1/234
f 2280/1/240 2279/1/239 2289/1/233
f 2287/1/232 2280/1/240 2289/1/233
f 2281/1/241 2280/1/240 2287/1/232
f 2288/1/242 2281/1/241 2287/1/232
f 2282/1/243 2281/1/241 2288/1/242
f 2283/1/244 2282/1/243 2288/1/242
f 2285/1/245 2283/1/244 2288/1/242
f 2287/1/232 2285/1/245 2288/1/242
f 2286/1/246 2285/1/245 2287/1/232
f 2249/1/231 2286/1/246 2287/1/232
f 2240/1/219 2286/1/246 2249/1/231
f 2285/1/245 2286/1/246 2240/1/219
f 2284/1/221 2285/1/245 2240/1/219
f 2283/1/244 2285/1/245 2284/1/221
f 2242/1/220 2283/1/244 2284/1/221
f 2282/1/243 2283/1/244 2242/1/220
f 2243/1/247 2282/1/243 2242/1/220
f 2281/1/241 2282/1/243 2243/1/247
f 2262/1/248 2281/1/241 2243/1/247
f 2280/1/240 2281/1/241 2262/1/248
f 2263/1/249 2280/1/240 2262/1/248
f 2279/1/239 2280/1/240 2263/1/249
f 2264/1/250 2279/1/239 2263/1/249
f 2278/1/238 2279/1/239 2264/1/250
f 2265/1/251 2278/1/238 2264/1/250
f 2275/1/252 2278/1/238 2265/1/251
f 2277/1/237 2278/1/238 2275/1/252
f 2274/1/253 2277/1/237 2275/1/252
f 2276/1/236 2277/1/237 2274/1/253
f 2272/1/254 2276/1/236 2274/1/253
f 1781/1/206 2276/1/236 2272/1/254
f 2271/1/255 1781/1/206 2272/1/254
f 2275/1/252 2265/1/251 2267/1/222
f 2273/1/224 2275/1/252 2267/1/222
f 2274/1/253 2275/1/252 2273/1/224
f 2272/1/254 2274/1/253 2273/1/224
f 2268/1/223 2272/1/254 2273/1/224
f 2271/1/255 2272/1/254 2268/1/223
f 2269/1/256 2271/1/255 2268/1/223
f 1781/1/206 2271/1/255 2269/1/256
f 2270/1/257 1517/1/215 1781/1/206
f 2269/1/256 2270/1/257 1781/1/206
f 2266/1/258 2257/1/259 2256/1/260
f 1509/1/261 2266/1/258 2256/1/260
f 1511/1/262 2266/1/258 1509/1/261
f 2251/1/263 2253/1/264 2259/1/265
f 2247/1/266 2251/1/263 2259/1/265
f 2250/1/267 2251/1/263 2247/1/266
f 1513/1/268 1517/1/215 2270/1/257
f 2269/1/256 1513/1/268 2270/1/257
f 1512/1/269 1513/1/268 2269/1/256
f 2268/1/223 1512/1/269 2269/1/256
f 1511/1/262 1512/1/269 2268/1/223
f 2267/1/222 1511/1/262 2268/1/223
f 2266/1/258 1511/1/262 2267/1/222
f 2265/1/251 2266/1/258 2267/1/222
f 2257/1/259 2266/1/258 2265/1/251
f 2264/1/250 2257/1/259 2265/1/251
f 2258/1/270 2257/1/259 2264/1/250
f 2263/1/249 2258/1/270 2264/1/250
f 2260/1/271 2258/1/270 2263/1/249
f 2262/1/248 2260/1/271 2263/1/249
f 2261/1/272 2260/1/271 2262/1/248
f 2243/1/247 2261/1/272 2262/1/248
f 2245/1/273 2261/1/272 2243/1/247
f 2247/1/266 2261/1/272 2245/1/273
f 2260/1/271 2261/1/272 2247/1/266
f 2259/1/265 2260/1/271 2247/1/266
f 2258/1/270 2260/1/271 2259/1/265
f 2253/1/264 2258/1/270 2259/1/265
f 2257/1/259 2258/1/270 2253/1/264
f 2256/1/260 2257/1/259 2253/1/264
f 2254/1/274 2256/1/260 2253/1/264
f 1509/1/261 2256/1/260 2254/1/274
f 2255/1/275 1509/1/261 2254/1/274
f 1506/1/276 1509/1/261 2255/1/275
f 1500/1/277 1506/1/276 2255/1/275
f 2254/1/274 1500/1/277 2255/1/275
f 2252/1/278 1500/1/277 2254/1/274
f 2253/1/264 2252/1/278 2254/1/274
f 2251/1/263 2252/1/278 2253/1/264
f 1500/1/277 2252/1/278 2251/1/263
f 2250/1/267 1500/1/277 2251/1/263
f 1499/1/279 1500/1/277 2250/1/267
f 2247/1/266 1499/1/279 2250/1/267
f 1498/1/280 1499/1/279 2247/1/266
f 1497/1/281 1498/1/280 2247/1/266
f 2243/1/247 2244/1/282 2245/1/273
f 2248/1/283 2235/1/230 2237/1/284
f 2249/1/231 2235/1/230 2248/1/283
f 2240/1/219 2249/1/231 2248/1/283
f 2237/1/284 2240/1/219 2248/1/283
f 2238/1/285 2240/1/219 2237/1/284
f 2246/1/286 2247/1/266 2245/1/273
f 1497/1/281 2247/1/266 2246/1/286
f 1438/1/287 1497/1/281 2246/1/286
f 2245/1/273 1438/1/287 2246/1/286
f 2244/1/282 1438/1/287 2245/1/273
f 2239/1/288 1438/1/287 2244/1/282
f 2243/1/247 2239/1/288 2244/1/282
f 2241/1/289 2239/1/288 2243/1/247
f 2242/1/220 2241/1/289 2243/1/247
f 2240/1/219 2241/1/289 2242/1/220
f 2239/1/288 2241/1/289 2240/1/219
f 2238/1/285 2239/1/288 2240/1/219
f 1438/1/287 2239/1/288 2238/1/285
f 2237/1/284 1438/1/287 2238/1/285
f 2234/1/290 1438/1/287 2237/1/284
f 2235/1/230 2234/1/290 2237/1/284
f 1413/1/291 1426/1/292 2229/1/293
f 2236/1/229 2225/1/228 2226/1/294
f 2231/1/295 2236/1/229 2226/1/294
f 2232/1/296 2236/1/229 2231/1/295
f 2235/1/230 2236/1/229 2232/1/296
f 2234/1/290 2235/1/230 2232/1/296
f 2233/1/297 2234/1/290 2232/1/296
f 1438/1/287 2234/1/290 2233/1/297
f 1428/1/298 1438/1/287 2233/1/297
f 1427/1/299 1428/1/298 2233/1/297
f 2230/1/300 1427/1/299 2233/1/297
f 2232/1/296 2230/1/300 2233/1/297
f 2231/1/295 2230/1/300 2232/1/296
f 2228/1/301 2230/1/300 2231/1/295
f 2226/1/294 2228/1/301 2231/1/295
f 2227/1/302 2228/1/301 2226/1/294
f 2230/1/300 1426/1/292 1427/1/299
f 2229/1/293 1426/1/292 2230/1/300
f 2228/1/301 2229/1/293 2230/1/300
f 1413/1/291 2229/1/293 2228/1/301
f 2227/1/302 1413/1/291 2228/1/301
f 2219/1/303 1413/1/291 2227/1/302
f 2226/1/294 2219/1/303 2227/1/302
f 2221/1/304 2219/1/303 2226/1/294
f 2225/1/228 2221/1/304 2226/1/294
f 2222/1/305 2221/1/304 2225/1/228
f 2224/1/225 2222/1/305 2225/1/228
f 2223/1/227 2222/1/305 2224/1/225
f 2220/1/306 2215/1/307 2218/1/308
f 2216/1/309 2215/1/307 2220/1/306
f 2217/1/310 2216/1/309 2220/1/306
f 2217/1/310 2223/1/227 1781/1/206
f 2222/1/305 2223/1/227 2217/1/310
f 2220/1/306 2222/1/305 2217/1/310
f 2221/1/304 2222/1/305 2220/1/306
f 2219/1/303 2221/1/304 2220/1/306
f 2218/1/308 2219/1/303 2220/1/306
f 1413/1/291 2219/1/303 2218/1/308
f 2215/1/307 1413/1/291 2218/1/308
f 2214/1/311 1413/1/291 2215/1/307
f 2213/1/312 2209/1/313 2212/1/314
f 2210/1/315 2209/1/313 2213/1/312
f 2211/1/316 2210/1/315 2213/1/312
f 1782/1/317 2217/1/310 1781/1/206
f 2216/1/309 2217/1/310 1782/1/317
f 2211/1/316 2216/1/309 1782/1/317
f 2215/1/307 2216/1/309 2211/1/316
f 2214/1/311 2215/1/307 2211/1/316
f 2213/1/312 2214/1/311 2211/1/316
f 1413/1/291 2214/1/311 2213/1/312
f 2212/1/314 1413/1/291 2213/1/312
f 2207/1/318 1413/1/291 2212/1/314
f 2209/1/313 2207/1/318 2212/1/314
f 2208/1/319 2207/1/318 2209/1/313
f 1783/1/320 2211/1/316 1782/1/317
f 2210/1/315 2211/1/316 1783/1/320
f 1784/1/321 2210/1/315 1783/1/320
f 2209/1/313 2210/1/315 1784/1/321
f 1802/1/322 2209/1/313 1784/1/321
f 2208/1/319 2209/1/313 1802/1/322
f 1803/1/323 2208/1/319 1802/1/322
f 2205/1/324 2208/1/319 1803/1/323
f 2207/1/318 2208/1/319 2205/1/324
f 2206/1/325 2207/1/318 2205/1/324
f 1413/1/291 2207/1/318 2206/1/325
f 2202/1/326 1413/1/291 2206/1/325
f 2205/1/324 2202/1/326 2206/1/325
f 2203/1/327 2202/1/326 2205/1/324
f 2204/1/328 2203/1/327 2205/1/324
f 1803/1/323 2204/1/328 2205/1/324
f 1804/1/329 2204/1/328 1803/1/323
f 2198/1/330 2204/1/328 1804/1/329
f 2199/1/331 2204/1/328 2198/1/330
f 2203/1/327 2204/1/328 2199/1/331
f 2200/1/332 2203/1/327 2199/1/331
f 2202/1/326 2203/1/327 2200/1/332
f 2201/1/333 2202/1/326 2200/1/332
f 1413/1/291 2202/1/326 2201/1/333
f 2193/1/334 1413/1/291 2201/1/333
f 2200/1/332 2193/1/334 2201/1/333
f 2194/1/335 2193/1/334 2200/1/332
f 2195/1/336 2194/1/335 2200/1/332
f 2199/1/331 2195/1/336 2200/1/332
f 2196/1/337 2195/1/336 2199/1/331
f 2198/1/330 2196/1/337 2199/1/331
f 2197/1/338 2196/1/337 2198/1/330
f 1805/1/339 2198/1/330 1804/1/329
f 2197/1/338 2198/1/330 1805/1/339
f 1806/1/340 2197/1/338 1805/1/339
f 2155/1/141 2197/1/338 1806/1/340
f 2188/1/341 2197/1/338 2155/1/141
f 2196/1/337 2197/1/338 2188/1/341
f 2189/1/342 2196/1/337 2188/1/341
f 2195/1/336 2196/1/337 2189/1/342
f 2190/1/343 2195/1/336 2189/1/342
f 2194/1/335 2195/1/336 2190/1/343
f 2191/1/344 2194/1/335 2190/1/343
f 2193/1/334 2194/1/335 2191/1/344
f 2192/1/345 2193/1/334 2191/1/344
f 1413/1/291 2193/1/334 2192/1/345
f 2183/1/346 1413/1/291 2192/1/345
f 2191/1/344 2183/1/346 2192/1/345
f 2184/1/347 2183/1/346 2191/1/344
f 2185/1/348 2184/1/347 2191/1/344
f 2190/1/343 2185/1/348 2191/1/344
f 2186/1/349 2185/1/348 2190/1/343
f 2189/1/342 2186/1/349 2190/1/343
f 2187/1/350 2186/1/349 2189/1/342
f 2188/1/341 2187/1/350 2189/1/342
f 2156/1/351 2188/1/341 2155/1/141
f 2187/1/350 2188/1/341 2156/1/351
f 2157/1/352 2187/1/350 2156/1/351
f 2158/1/353 2187/1/350 2157/1/352
f 2186/1/349 2187/1/350 2158/1/353
f 2179/1/354 2186/1/349 2158/1/353
f 2185/1/348 2186/1/349 2179/1/354
f 2180/1/355 2185/1/348 2179/1/354
f 2184/1/347 2185/1/348 2180/1/355
f 2181/1/356 2184/1/347 2180/1/355
f 2183/1/346 2184/1/347 2181/1/356
f 2182/1/357 2183/1/346 2181/1/356
f 1413/1/291 2183/1/346 2182/1/357
f 2175/1/358 1413/1/291 2182/1/357
f 2181/1/356 2175/1/358 2182/1/357
f 2176/1/359 2175/1/358 2181/1/356
f 2177/1/360 2176/1/359 2181/1/356
f 2180/1/355 2177/1/360 2181/1/356
f 2178/1/361 2177/1/360 2180/1/355
f 2179/1/354 2178/1/361 2180/1/355
f 2159/1/362 2179/1/354 2158/1/353
f 2178/1/361 2179/1/354 2159/1/362
f 2160/1/363 2178/1/361 2159/1/362
f 2171/1/364 2178/1/361 2160/1/363
f 2177/1/360 2178/1/361 2171/1/364
f 2172/1/365 2177/1/360 2171/1/364
f 2176/1/359 2177/1/360 2172/1/365
f 2173/1/366 2176/1/359 2172/1/365
f 2175/1/358 2176/1/359 2173/1/366
f 2174/1/367 2175/1/358 2173/1/366
f 1413/1/291 2175/1/358 2174/1/367
f 2167/1/368 1413/1/291 2174/1/367
f 2173/1/366 2167/1/368 2174/1/367
f 2168/1/369 2167/1/368 2173/1/366
f 2169/1/370 2168/1/369 2173/1/366
f 2172/1/365 2169/1/370 2173/1/366
f 2170/1/371 2169/1/370 2172/1/365
f 2171/1/364 2170/1/371 2172/1/365
f 1807/1/372 2155/1/141 1806/1/340
f 2161/1/373 2171/1/364 2160/1/363
f 2170/1/371 2171/1/364 2161/1/373
f 2162/1/374 2170/1/371 2161/1/373
f 2163/1/375 2170/1/371 2162/1/374
f 2169/1/370 2170/1/371 2163/1/375
f 2164/1/376 2169/1/370 2163/1/375
f 2168/1/369 2169/1/370 2164/1/376
f 2165/1/377 2168/1/369 2164/1/376
f 2167/1/368 2168/1/369 2165/1/377
f 2166/1/378 2167/1/368 2165/1/377
f 1413/1/291 2167/1/368 2166/1/378
f 2135/1/379 1413/1/291 2166/1/378
f 2165/1/377 2135/1/379 2166/1/378
f 2136/1/380 2135/1/379 2165/1/377
f 2137/1/381 2136/1/380 2165/1/377
f 2164/1/376 2137/1/381 2165/1/377
f 2138/1/382 2137/1/381 2164/1/376
f 2163/1/375 2138/1/382 2164/1/376
f 2139/1/383 2138/1/382 2163/1/375
f 2162/1/374 2139/1/383 2163/1/375
f 2140/1/384 2139/1/383 2162/1/374
f 2141/1/385 2140/1/384 2162/1/374
f 2161/1/373 2141/1/385 2162/1/374
f 2142/1/386 2141/1/385 2161/1/373
f 2160/1/363 2142/1/386 2161/1/373
f 2143/1/387 2142/1/386 2160/1/363
f 2159/1/362 2143/1/387 2160/1/363
f 2144/1/388 2143/1/387 2159/1/362
f 2158/1/353 2144/1/388 2159/1/362
f 2157/1/352 2144/1/388 2158/1/353
f 2145/1/389 2144/1/388 2157/1/352
f 2156/1/351 2145/1/389 2157/1/352
f 2146/1/390 2145/1/389 2156/1/351
f 2155/1/141 2146/1/390 2156/1/351
f 1807/1/372 2146/1/390 2155/1/141
f 2147/1/391 2146/1/390 1807/1/372
f 1808/1/392 2147/1/391 1807/1/372
f 2154/1/393 1825/1/394 1849/1/395
f 1814/1/396 1825/1/394 2154/1/393
f 2152/1/397 1814/1/396 2154/1/393
f 1849/1/395 2152/1/397 2154/1/393
f 2153/1/398 2152/1/397 1849/1/395
f 1858/1/399 2153/1/398 1849/1/395
f 1929/1/400 2153/1/398 1858/1/399
f 2152/1/397 2153/1/398 1929/1/400
f 2149/1/401 1809/1/402 1810/1/403
f 1808/1/392 1809/1/402 2149/1/401
f 2148/1/404 1808/1/392 2149/1/401
f 2151/1/405 1819/1/406 1814/1/396
f 2152/1/397 2151/1/405 1814/1/396
f 1929/1/400 2151/1/405 2152/1/397
f 1819/1/406 2151/1/405 1929/1/400
f 2150/1/407 1819/1/406 1929/1/400
f 1810/1/403 1819/1/406 2150/1/407
f 2149/1/401 1810/1/403 2150/1/407
f 1929/1/400 2149/1/401 2150/1/407
f 2148/1/404 2149/1/401 1929/1/400
f 1931/1/408 2148/1/404 1929/1/400
f 1808/1/392 2148/1/404 1931/1/408
f 1932/1/409 1808/1/392 1931/1/408
f 1933/1/410 1808/1/392 1932/1/409
f 2147/1/391 1808/1/392 1933/1/410
f 1935/1/411 2147/1/391 1933/1/410
f 2146/1/390 2147/1/391 1935/1/411
f 2145/1/389 2146/1/390 1935/1/411
f 1970/1/412 2145/1/389 1935/1/411
f 2144/1/388 2145/1/389 1970/1/412
f 2143/1/387 2144/1/388 1970/1/412
f 1969/1/413 2143/1/387 1970/1/412
f 2142/1/386 2143/1/387 1969/1/413
f 1962/1/414 2142/1/386 1969/1/413
f 2141/1/385 2142/1/386 1962/1/414
f 1963/1/415 2141/1/385 1962/1/414
f 2140/1/384 2141/1/385 1963/1/415
f 2127/1/416 1963/1/415 1964/1/119
f 2140/1/384 1963/1/415 2127/1/416
f 2128/1/417 2140/1/384 2127/1/416
f 2139/1/383 2140/1/384 2128/1/417
f 2129/1/418 2139/1/383 2128/1/417
f 2138/1/382 2139/1/383 2129/1/418
f 2130/1/419 2138/1/382 2129/1/418
f 2137/1/381 2138/1/382 2130/1/419
f 2132/1/420 2137/1/381 2130/1/419
f 2136/1/380 2137/1/381 2132/1/420
f 2133/1/421 2136/1/380 2132/1/420
f 2135/1/379 2136/1/380 2133/1/421
f 2134/1/422 1413/1/291 2135/1/379
f 2133/1/421 2134/1/422 2135/1/379
f 2126/1/423 2127/1/416 1964/1/119
f 2125/1/117 2126/1/423 1964/1/119
f 2130/1/419 2131/1/424 2132/1/420
f 2123/1/425 2105/1/426 2124/1/427
f 2122/1/428 2105/1/426 2123/1/425
f 2108/1/429 2119/1/430 2114/1/431
f 1410/1/432 1413/1/291 2134/1/422
f 2133/1/421 1410/1/432 2134/1/422
f 1409/1/433 1410/1/432 2133/1/421
f 1416/1/434 1409/1/433 2133/1/421
f 2099/1/435 1416/1/434 2133/1/421
f 2132/1/420 2099/1/435 2133/1/421
f 2131/1/424 2099/1/435 2132/1/420
f 2100/1/436 2099/1/435 2131/1/424
f 2101/1/437 2100/1/436 2131/1/424
f 2102/1/438 2101/1/437 2131/1/424
f 2130/1/419 2102/1/438 2131/1/424
f 2129/1/418 2102/1/438 2130/1/419
f 2103/1/439 2102/1/438 2129/1/418
f 2128/1/417 2103/1/439 2129/1/418
f 2104/1/440 2103/1/439 2128/1/417
f 2127/1/416 2104/1/440 2128/1/417
f 2126/1/423 2104/1/440 2127/1/416
f 2105/1/426 2104/1/440 2126/1/423
f 2125/1/117 2105/1/426 2126/1/423
f 2124/1/427 2105/1/426 2125/1/117
f 1968/1/116 2124/1/427 2125/1/117
f 2123/1/425 2124/1/427 1968/1/116
f 2118/1/441 2123/1/425 1968/1/116
f 2117/1/442 2123/1/425 2118/1/441
f 2122/1/428 2123/1/425 2117/1/442
f 2120/1/443 2122/1/428 2117/1/442
f 2105/1/426 2122/1/428 2120/1/443
f 2121/1/444 2105/1/426 2120/1/443
f 2106/1/445 2105/1/426 2121/1/444
f 2108/1/429 2106/1/445 2121/1/444
f 2120/1/443 2108/1/429 2121/1/444
f 2119/1/430 2108/1/429 2120/1/443
f 2117/1/442 2119/1/430 2120/1/443
f 2114/1/431 2119/1/430 2117/1/442
f 2115/1/446 2114/1/431 2117/1/442
f 1992/1/447 1995/1/448 2113/1/449
f 2116/1/450 1999/1/451 1992/1/447
f 1968/1/116 1999/1/451 2116/1/450
f 2118/1/441 1968/1/116 2116/1/450
f 2117/1/442 2118/1/441 2116/1/450
f 2115/1/446 2117/1/442 2116/1/450
f 1992/1/447 2115/1/446 2116/1/450
f 2114/1/431 2115/1/446 1992/1/447
f 2113/1/449 2114/1/431 1992/1/447
f 2108/1/429 2114/1/431 2113/1/449
f 1995/1/448 2108/1/429 2113/1/449
f 2112/1/452 2108/1/429 1995/1/448
f 1996/1/453 2112/1/452 1995/1/448
f 2110/1/454 2112/1/452 1996/1/453
f 2108/1/429 2112/1/452 2110/1/454
f 2109/1/455 2108/1/429 2110/1/454
f 2108/1/429 2107/1/456 2106/1/445
f 2111/1/457 2020/1/458 2033/1/459
f 1996/1/453 2020/1/458 2111/1/457
f 2110/1/454 1996/1/453 2111/1/457
f 2033/1/459 2110/1/454 2111/1/457
f 2109/1/455 2110/1/454 2033/1/459
f 2046/1/460 2109/1/455 2033/1/459
f 2108/1/429 2109/1/455 2046/1/460
f 2047/1/461 2108/1/429 2046/1/460
f 2048/1/462 2108/1/429 2047/1/461
f 2107/1/456 2108/1/429 2048/1/462
f 2050/1/463 2107/1/456 2048/1/462
f 2106/1/445 2107/1/456 2050/1/463
f 2090/1/464 2106/1/445 2050/1/463
f 2105/1/426 2106/1/445 2090/1/464
f 2091/1/465 2105/1/426 2090/1/464
f 2104/1/440 2105/1/426 2091/1/465
f 2103/1/439 2104/1/440 2091/1/465
f 2092/1/466 2103/1/439 2091/1/465
f 2102/1/438 2103/1/439 2092/1/466
f 2101/1/437 2102/1/438 2092/1/466
f 2093/1/467 2101/1/437 2092/1/466
f 2098/1/468 2101/1/437 2093/1/467
f 2100/1/436 2101/1/437 2098/1/468
f 2097/1/469 2100/1/436 2098/1/468
f 2099/1/435 2100/1/436 2097/1/469
f 1416/1/434 2099/1/435 2097/1/469
f 1300/1/470 1416/1/434 2097/1/469
f 2095/1/471 2096/1/177 1299/1/182
f 1298/1/472 2095/1/471 1299/1/182
f 2094/1/473 2095/1/471 1298/1/472
f 1331/1/474 2094/1/473 1298/1/472
f 2098/1/468 2093/1/467 2094/1/473
f 1331/1/474 2098/1/468 2094/1/473
f 2097/1/469 2098/1/468 1331/1/474
f 1300/1/470 2097/1/469 1331/1/474
f 2063/1/475 2064/1/476 2065/1/477
f 2077/1/478 2062/1/479 2063/1/475
f 2061/1/480 2062/1/479 2077/1/478
f 2051/1/481 2053/1/482 2050/1/463
f 2044/1/483 2043/1/484 2049/1/485
f 2037/1/486 2040/1/487 2035/1/488
f 2086/1/489 2085/1/149 2096/1/177
f 2095/1/471 2086/1/489 2096/1/177
f 2087/1/490 2086/1/489 2095/1/471
f 2094/1/473 2087/1/490 2095/1/471
f 2088/1/491 2087/1/490 2094/1/473
f 2093/1/467 2088/1/491 2094/1/473
f 2089/1/492 2088/1/491 2093/1/467
f 2092/1/466 2089/1/492 2093/1/467
f 2091/1/465 2089/1/492 2092/1/466
f 2090/1/464 2089/1/492 2091/1/465
f 2050/1/463 2089/1/492 2090/1/464
f 2088/1/491 2089/1/492 2050/1/463
f 2053/1/482 2088/1/491 2050/1/463
f 2087/1/490 2088/1/491 2053/1/482
f 2054/1/493 2087/1/490 2053/1/482
f 2086/1/489 2087/1/490 2054/1/493
f 2085/1/149 2086/1/489 2054/1/493
f 2055/1/494 2085/1/149 2054/1/493
f 2084/1/160 2085/1/149 2055/1/494
f 2056/1/495 2084/1/160 2055/1/494
f 2083/1/161 2084/1/160 2056/1/495
f 2057/1/496 2083/1/161 2056/1/495
f 2082/1/162 2083/1/161 2057/1/496
f 2058/1/497 2082/1/162 2057/1/496
f 2081/1/163 2082/1/162 2058/1/497
f 2059/1/498 2081/1/163 2058/1/497
f 2080/1/164 2081/1/163 2059/1/498
f 2079/1/153 2080/1/164 2059/1/498
f 2060/1/499 2079/1/153 2059/1/498
f 2078/1/151 2079/1/153 2060/1/499
f 2061/1/480 2078/1/151 2060/1/499
f 2077/1/478 2078/1/151 2061/1/480
f 2076/1/168 2078/1/151 2077/1/478
f 2063/1/475 2076/1/168 2077/1/478
f 2075/1/169 2076/1/168 2063/1/475
f 2074/1/170 2075/1/169 2063/1/475
f 2068/1/500 2074/1/170 2063/1/475
f 2073/1/171 2074/1/170 2068/1/500
f 2072/1/172 2073/1/171 2068/1/500
f 2069/1/501 2072/1/172 2068/1/500
f 2071/1/173 2072/1/172 2069/1/501
f 2070/1/174 2071/1/173 2069/1/501
f 1281/1/176 2070/1/174 2069/1/501
f 2067/1/502 1281/1/176 2069/1/501
f 2068/1/500 2067/1/502 2069/1/501
f 2063/1/475 2067/1/502 2068/1/500
f 2065/1/477 2067/1/502 2063/1/475
f 1281/1/176 2067/1/502 2065/1/477
f 2066/1/503 1281/1/176 2065/1/477
f 1278/1/504 1281/1/176 2066/1/503
f 1276/1/505 1278/1/504 2066/1/503
f 2065/1/477 1276/1/505 2066/1/503
f 2064/1/476 1276/1/505 2065/1/477
f 2027/1/506 1276/1/505 2064/1/476
f 2063/1/475 2027/1/506 2064/1/476
f 2062/1/479 2027/1/506 2063/1/475
f 2028/1/507 2027/1/506 2062/1/479
f 2061/1/480 2028/1/507 2062/1/479
f 2039/1/508 2028/1/507 2061/1/480
f 2060/1/499 2039/1/508 2061/1/480
f 2059/1/498 2039/1/508 2060/1/499
f 2038/1/509 2039/1/508 2059/1/498
f 2058/1/497 2038/1/509 2059/1/498
f 2057/1/496 2038/1/509 2058/1/497
f 2037/1/486 2038/1/509 2057/1/496
f 2056/1/495 2037/1/486 2057/1/496
f 2052/1/510 2037/1/486 2056/1/495
f 2055/1/494 2052/1/510 2056/1/495
f 2054/1/493 2052/1/510 2055/1/494
f 2053/1/482 2052/1/510 2054/1/493
f 2051/1/481 2052/1/510 2053/1/482
f 2037/1/486 2052/1/510 2051/1/481
f 2043/1/484 2037/1/486 2051/1/481
f 2050/1/463 2043/1/484 2051/1/481
f 2049/1/485 2043/1/484 2050/1/463
f 2048/1/462 2049/1/485 2050/1/463
f 2044/1/483 2049/1/485 2048/1/462
f 2047/1/461 2044/1/483 2048/1/462
f 2046/1/460 2044/1/483 2047/1/461
f 2045/1/511 2044/1/483 2046/1/460
f 2033/1/459 2045/1/511 2046/1/460
f 2041/1/512 2045/1/511 2033/1/459
f 2044/1/483 2045/1/511 2041/1/512
f 2042/1/513 2044/1/483 2041/1/512
f 2043/1/484 2044/1/483 2042/1/513
f 2037/1/486 2043/1/484 2042/1/513
f 2041/1/512 2037/1/486 2042/1/513
f 2040/1/487 2037/1/486 2041/1/512
f 2033/1/459 2040/1/487 2041/1/512
f 2035/1/488 2040/1/487 2033/1/459
f 2034/1/514 2035/1/488 2033/1/459
f 2036/1/515 2028/1/507 2039/1/508
f 2038/1/509 2036/1/515 2039/1/508
f 2037/1/486 2036/1/515 2038/1/509
f 2035/1/488 2036/1/515 2037/1/486
f 2028/1/507 2036/1/515 2035/1/488
f 2034/1/514 2028/1/507 2035/1/488
f 2030/1/516 2028/1/507 2034/1/514
f 2033/1/459 2030/1/516 2034/1/514
f 2032/1/517 2030/1/516 2033/1/459
f 2020/1/458 2032/1/517 2033/1/459
f 2019/1/518 2032/1/517 2020/1/458
f 2030/1/516 2032/1/517 2019/1/518
f 2031/1/519 1256/1/520 2022/1/521
f 1257/1/522 1256/1/520 2031/1/519
f 2014/1/523 1257/1/522 2031/1/519
f 2022/1/521 2014/1/523 2031/1/519
f 1276/1/505 2024/1/524 1275/1/525
f 2019/1/518 2017/1/526 2021/1/527
f 2029/1/528 2028/1/507 2030/1/516
f 2019/1/518 2029/1/528 2030/1/516
f 2025/1/529 2029/1/528 2019/1/518
f 2028/1/507 2029/1/528 2025/1/529
f 2026/1/530 2028/1/507 2025/1/529
f 2027/1/506 2028/1/507 2026/1/530
f 1276/1/505 2027/1/506 2026/1/530
f 2025/1/529 1276/1/505 2026/1/530
f 2024/1/524 1276/1/505 2025/1/529
f 2019/1/518 2024/1/524 2025/1/529
f 1275/1/525 2024/1/524 2019/1/518
f 2023/1/531 1275/1/525 2019/1/518
f 1256/1/520 1275/1/525 2023/1/531
f 2022/1/521 1256/1/520 2023/1/531
f 2019/1/518 2022/1/521 2023/1/531
f 2021/1/527 2022/1/521 2019/1/518
f 2014/1/523 2022/1/521 2021/1/527
f 2017/1/526 2014/1/523 2021/1/527
f 2016/1/532 2014/1/523 2017/1/526
f 2018/1/533 2020/1/458 1996/1/453
f 2019/1/518 2020/1/458 2018/1/533
f 2017/1/526 2019/1/518 2018/1/533
f 1996/1/453 2017/1/526 2018/1/533
f 2016/1/532 2017/1/526 1996/1/453
f 1998/1/534 2016/1/532 1996/1/453
f 2014/1/523 2016/1/532 1998/1/534
f 2000/1/535 2014/1/523 1998/1/534
f 2001/1/536 2014/1/523 2000/1/535
f 2015/1/537 2014/1/523 2001/1/536
f 1249/1/538 2015/1/537 2001/1/536
f 2012/1/539 2015/1/537 1249/1/538
f 2014/1/523 2015/1/537 2012/1/539
f 2013/1/540 2014/1/523 2012/1/539
f 1257/1/522 2014/1/523 2013/1/540
f 1253/1/541 1257/1/522 2013/1/540
f 2012/1/539 1253/1/541 2013/1/540
f 1258/1/542 1253/1/541 2012/1/539
f 1249/1/538 1258/1/542 2012/1/539
f 2006/1/543 2008/1/544 2009/1/545
f 2007/1/546 2008/1/544 2006/1/543
f 1985/1/547 1984/1/548 2002/1/549
f 2010/1/550 1881/1/551 1882/1/552
f 1243/1/553 2010/1/550 1882/1/552
f 2011/1/554 2010/1/550 1243/1/553
f 1248/1/555 2011/1/554 1243/1/553
f 2006/1/543 2011/1/554 1248/1/555
f 2010/1/550 2011/1/554 2006/1/543
f 2009/1/545 2010/1/550 2006/1/543
f 1881/1/551 2010/1/550 2009/1/545
f 1/2/556 3/2/557 2/2/558
f 2/2/558 3/2/557 4/2/559
f 3/2/557 5/2/560 4/2/559
f 2008/1/544 1881/1/551 2009/1/545
f 5/2/560 6/2/561 4/2/559
f 1979/1/562 1881/1/551 2008/1/544
f 6/2/561 7/2/563 4/2/559
f 4/2/559 7/2/563 2/2/558
f 7/2/563 8/2/564 2/2/558
f 1980/1/565 1979/1/562 2008/1/544
f 2007/1/546 1980/1/565 2008/1/544
f 2004/1/566 1980/1/565 2007/1/546
f 2006/1/543 2004/1/566 2007/1/546
f 5/2/560 3/2/557 9/2/567
f 3/2/557 1/2/556 9/2/567
f 2005/1/568 2004/1/566 2006/1/543
f 1248/1/555 2005/1/568 2006/1/543
f 1249/1/538 2005/1/568 1248/1/555
f 2004/1/566 2005/1/568 1249/1/538
f 7/2/563 6/2/561 10/2/569
f 2003/1/570 2004/1/566 1249/1/538
f 10/2/569 6/2/561 11/2/571
f 1980/1/565 2004/1/566 2003/1/570
f 11/2/571 6/2/561 12/2/572
f 6/2/561 5/2/560 12/2/572
f 12/2/572 5/2/560 13/2/573
f 5/2/560 9/2/567 13/2/573
f 1984/1/548 1980/1/565 2003/1/570
f 1249/1/538 1984/1/548 2003/1/570
f 2002/1/549 1984/1/548 1249/1/538
f 2001/1/536 2002/1/549 1249/1/538
f 7/2/563 10/2/569 8/2/564
f 1985/1/547 2002/1/549 2001/1/536
f 8/2/564 10/2/569 14/2/574
f 10/2/569 15/2/575 14/2/574
f 2000/1/535 1985/1/547 2001/1/536
f 15/2/575 16/2/576 14/2/574
f 14/2/574 16/2/576 17/2/577
f 16/2/576 18/2/578 17/2/577
f 17/2/577 18/2/578 19/2/579
f 18/2/578 20/2/580 19/2/579
f 19/2/579 20/2/580 21/2/581
f 20/2/580 22/2/582 21/2/581
f 21/2/581 22/2/582 23/2/583
f 22/2/582 24/2/584 23/2/583
f 23/2/583 24/2/584 25/2/585
f 24/2/584 26/2/586 25/2/585
f 1998/1/534 1985/1/547 2000/1/535
f 1985/1/547 1993/1/587 1991/1/588
f 1989/1/589 1999/1/451 1968/1/116
f 1992/1/447 1999/1/451 1989/1/589
f 10/2/569 11/2/571 15/2/575
f 1988/1/590 1992/1/447 1989/1/589
f 1987/1/591 1992/1/447 1988/1/590
f 1974/1/592 1990/1/593 1972/1/594
f 1997/1/595 1998/1/534 1996/1/453
f 23/2/583 25/2/585 27/2/596
f 1985/1/547 1998/1/534 1997/1/595
f 25/2/585 28/2/597 27/2/596
f 27/2/596 28/2/597 29/2/598
f 28/2/597 30/2/599 29/2/598
f 29/2/598 30/2/599 31/2/600
f 30/2/599 32/2/601 31/2/600
f 1993/1/587 1985/1/547 1997/1/595
f 1996/1/453 1993/1/587 1997/1/595
f 1994/1/602 1993/1/587 1996/1/453
f 1995/1/448 1994/1/602 1996/1/453
f 31/2/600 33/2/603 29/2/598
f 1992/1/447 1994/1/602 1995/1/448
f 29/2/598 33/2/603 27/2/596
f 1993/1/587 1994/1/602 1992/1/447
f 27/2/596 33/2/603 23/2/583
f 1991/1/588 1993/1/587 1992/1/447
f 23/2/583 33/2/603 21/2/581
f 1987/1/591 1991/1/588 1992/1/447
f 21/2/581 33/2/603 19/2/579
f 33/2/603 34/2/604 19/2/579
f 19/2/579 34/2/604 17/2/577
f 34/2/604 35/2/605 17/2/577
f 17/2/577 35/2/605 14/2/574
f 1985/1/547 1991/1/588 1987/1/591
f 14/2/574 35/2/605 8/2/564
f 1986/1/606 1985/1/547 1987/1/591
f 8/2/564 35/2/605 2/2/558
f 35/2/605 36/2/607 2/2/558
f 1974/1/592 1975/1/608 1976/1/609
f 36/2/607 37/2/610 2/2/558
f 2/2/558 37/2/610 1/2/556
f 37/2/610 38/2/611 1/2/556
f 1/2/556 38/2/611 9/2/567
f 38/2/611 39/2/612 9/2/567
f 9/2/567 39/2/612 13/2/573
f 1902/1/613 1911/1/614 1973/1/615
f 1968/1/116 1971/1/616 1972/1/594
f 1990/1/593 1968/1/116 1972/1/594
f 1989/1/589 1968/1/116 1990/1/593
f 39/2/612 38/2/611 40/2/617
f 40/2/617 38/2/611 41/2/618
f 38/2/611 37/2/610 41/2/618
f 41/2/618 37/2/610 42/2/619
f 37/2/610 36/2/607 42/2/619
f 42/2/619 36/2/607 43/2/620
f 36/2/607 35/2/605 43/2/620
f 1974/1/592 1989/1/589 1990/1/593
f 35/2/605 34/2/604 43/2/620
f 43/2/620 34/2/604 44/2/621
f 34/2/604 33/2/603 44/2/621
f 1988/1/590 1989/1/589 1974/1/592
f 33/2/603 31/2/600 44/2/621
f 44/2/621 31/2/600 43/2/620
f 31/2/600 32/2/601 43/2/620
f 1987/1/591 1988/1/590 1974/1/592
f 32/2/601 45/2/622 43/2/620
f 43/2/620 45/2/622 42/2/619
f 45/2/622 46/2/623 42/2/619
f 42/2/619 46/2/623 41/2/618
f 46/2/623 47/2/624 41/2/618
f 41/2/618 47/2/624 40/2/617
f 1986/1/606 1987/1/591 1974/1/592
f 1982/1/625 1986/1/606 1974/1/592
f 1985/1/547 1986/1/606 1982/1/625
f 1983/1/626 1985/1/547 1982/1/625
f 48/3/601 50/3/627 49/3/628
f 1984/1/548 1985/1/547 1983/1/626
f 50/3/627 51/3/597 49/3/628
f 49/3/628 51/3/597 52/3/629
f 51/3/597 53/3/630 52/3/629
f 1980/1/565 1984/1/548 1983/1/626
f 53/3/630 54/3/586 52/3/629
f 1982/1/625 1980/1/565 1983/1/626
f 54/3/586 55/3/631 52/3/629
f 52/3/629 55/3/631 56/3/623
f 55/3/631 57/3/624 56/3/623
f 1981/1/632 1980/1/565 1982/1/625
f 1974/1/592 1981/1/632 1982/1/625
f 1976/1/609 1981/1/632 1974/1/592
f 1980/1/565 1981/1/632 1976/1/609
f 48/3/601 49/3/628 58/3/633
f 49/3/628 52/3/629 58/3/633
f 58/3/633 52/3/629 56/3/623
f 1977/1/634 1980/1/565 1976/1/609
f 1978/1/635 1980/1/565 1977/1/634
f 1979/1/562 1980/1/565 1978/1/635
f 1881/1/551 1979/1/562 1978/1/635
f 59/4/636 61/4/637 60/4/638
f 60/4/638 61/4/637 62/4/639
f 61/4/637 63/4/640 62/4/639
f 1897/1/641 1881/1/551 1978/1/635
f 1896/1/642 1897/1/641 1978/1/635
f 1977/1/634 1896/1/642 1978/1/635
f 1976/1/609 1896/1/642 1977/1/634
f 61/4/637 59/4/636 64/4/643
f 1975/1/608 1896/1/642 1976/1/609
f 1911/1/614 1896/1/642 1975/1/608
f 1974/1/592 1911/1/614 1975/1/608
f 1973/1/615 1911/1/614 1974/1/592
f 59/4/636 60/4/638 65/4/644
f 65/4/644 60/4/638 66/4/644
f 60/4/638 67/4/645 66/4/644
f 66/4/644 67/4/645 63/4/640
f 67/4/645 68/4/646 63/4/640
f 63/4/640 68/4/646 62/4/639
f 68/4/646 69/4/647 62/4/639
f 62/4/639 69/4/647 67/4/645
f 69/4/647 68/4/646 67/4/645
f 1972/1/594 1973/1/615 1974/1/592
f 1902/1/613 1973/1/615 1972/1/594
f 1971/1/616 1902/1/613 1972/1/594
f 1947/1/648 1902/1/613 1971/1/616
f 62/4/639 67/4/645 60/4/638
f 1968/1/116 1947/1/648 1971/1/616
f 1952/1/649 1962/1/414 1969/1/413
f 1958/1/650 1970/1/412 1935/1/411
f 1969/1/413 1970/1/412 1958/1/650
f 63/4/640 70/4/651 66/4/644
f 66/4/644 70/4/651 71/4/652
f 70/4/651 72/4/653 71/4/652
f 71/4/652 72/4/653 73/4/654
f 72/4/653 63/4/640 73/4/654
f 1952/1/649 1969/1/413 1958/1/650
f 63/4/640 61/4/637 73/4/654
f 1964/1/119 1965/1/655 1966/1/118
f 61/4/637 64/4/643 73/4/654
f 73/4/654 64/4/643 74/4/656
f 64/4/643 75/4/657 74/4/656
f 74/4/656 75/4/657 76/4/658
f 75/4/657 65/4/644 76/4/658
f 76/4/658 65/4/644 73/4/654
f 1948/1/659 1960/1/660 1959/1/661
f 73/4/654 65/4/644 71/4/652
f 65/4/644 66/4/644 71/4/652
f 1967/1/662 1968/1/116 1966/1/118
f 1947/1/648 1968/1/116 1967/1/662
f 1948/1/659 1947/1/648 1967/1/662
f 1966/1/118 1948/1/659 1967/1/662
f 63/4/640 72/4/653 70/4/651
f 1965/1/655 1948/1/659 1966/1/118
f 1960/1/660 1948/1/659 1965/1/655
f 1964/1/119 1960/1/660 1965/1/655
f 1961/1/663 1960/1/660 1964/1/119
f 73/4/654 74/4/656 76/4/658
f 1963/1/415 1961/1/663 1964/1/119
f 1962/1/414 1961/1/663 1963/1/415
f 1952/1/649 1961/1/663 1962/1/414
f 1960/1/660 1961/1/663 1952/1/649
f 77/5/664 78/5/665 79/5/666
f 78/5/665 80/5/667 79/5/666
f 79/5/666 80/5/667 81/5/668
f 1959/1/661 1960/1/660 1952/1/649
f 81/5/668 80/5/667 82/5/669
f 1950/1/670 1959/1/661 1952/1/649
f 82/5/669 80/5/667 83/5/671
f 80/5/667 78/5/665 83/5/671
f 83/5/671 78/5/665 84/5/672
f 1948/1/659 1959/1/661 1950/1/670
f 1949/1/673 1948/1/659 1950/1/670
f 1956/1/674 1952/1/649 1958/1/650
f 1935/1/411 1956/1/674 1958/1/650
f 81/5/668 85/5/675 79/5/666
f 79/5/666 85/5/675 77/5/664
f 1957/1/676 1956/1/674 1935/1/411
f 1937/1/677 1957/1/676 1935/1/411
f 1939/1/678 1957/1/676 1937/1/677
f 1956/1/674 1957/1/676 1939/1/678
f 83/5/671 86/5/679 82/5/669
f 1955/1/680 1956/1/674 1939/1/678
f 86/5/679 87/5/681 82/5/669
f 1952/1/649 1956/1/674 1955/1/680
f 87/5/681 88/5/682 82/5/669
f 82/5/669 88/5/682 81/5/668
f 88/5/682 89/5/683 81/5/668
f 81/5/668 89/5/683 85/5/675
f 1953/1/684 1952/1/649 1955/1/680
f 1939/1/678 1953/1/684 1955/1/680
f 1954/1/685 1953/1/684 1939/1/678
f 1941/1/686 1954/1/685 1939/1/678
f 83/5/671 84/5/672 86/5/679
f 1943/1/687 1954/1/685 1941/1/686
f 84/5/672 90/5/688 86/5/679
f 86/5/679 90/5/688 91/5/689
f 1953/1/684 1954/1/685 1943/1/687
f 91/5/689 90/5/688 92/5/690
f 90/5/688 93/5/691 92/5/690
f 92/5/690 93/5/691 94/5/692
f 93/5/691 95/5/693 94/5/692
f 94/5/692 95/5/693 96/5/694
f 95/5/693 97/5/695 96/5/694
f 96/5/694 97/5/695 98/5/696
f 97/5/695 99/5/697 98/5/696
f 98/5/696 99/5/697 100/5/698
f 1951/1/699 1953/1/684 1943/1/687
f 100/5/698 99/5/697 101/5/700
f 99/5/697 102/5/701 101/5/700
f 101/5/700 102/5/701 103/5/702
f 102/5/701 104/5/703 103/5/702
f 103/5/702 104/5/703 105/5/704
f 104/5/703 106/5/705 105/5/704
f 105/5/704 106/5/705 107/5/706
f 106/5/705 108/5/707 107/5/706
f 107/5/706 108/5/707 109/5/708
f 108/5/707 110/5/709 109/5/708
f 109/5/708 110/5/709 111/5/710
f 110/5/709 112/5/711 111/5/710
f 111/5/710 112/5/711 113/5/712
f 1952/1/649 1953/1/684 1951/1/699
f 113/5/712 112/5/711 114/5/713
f 112/5/711 115/5/714 114/5/713
f 114/5/713 115/5/714 116/5/715
f 115/5/714 85/5/675 116/5/715
f 116/5/715 85/5/675 89/5/683
f 1950/1/670 1952/1/649 1951/1/699
f 1943/1/687 1950/1/670 1951/1/699
f 1949/1/673 1950/1/670 1943/1/687
f 1945/1/716 1949/1/673 1943/1/687
f 86/5/679 91/5/689 87/5/681
f 1948/1/659 1949/1/673 1945/1/716
f 1946/1/717 1948/1/659 1945/1/716
f 1947/1/648 1948/1/659 1946/1/717
f 1902/1/613 1947/1/648 1946/1/717
f 111/5/710 113/5/712 117/5/718
f 1945/1/716 1902/1/613 1946/1/717
f 1944/1/719 1902/1/613 1945/1/716
f 1943/1/687 1944/1/719 1945/1/716
f 1943/1/687 1941/1/686 1942/1/720
f 85/5/675 115/5/714 77/5/664
f 77/5/664 115/5/714 118/5/721
f 115/5/714 112/5/711 118/5/721
f 1939/1/678 1940/1/722 1941/1/686
f 112/5/711 110/5/709 118/5/721
f 118/5/721 110/5/709 119/5/723
f 110/5/709 108/5/707 119/5/723
f 1916/1/724 1917/1/725 1938/1/726
f 1935/1/411 1936/1/727 1937/1/677
f 1924/1/728 1923/1/729 1934/1/730
f 1929/1/400 1930/1/731 1931/1/408
f 77/5/664 118/5/721 78/5/665
f 118/5/721 119/5/723 78/5/665
f 78/5/665 119/5/723 120/5/732
f 119/5/723 108/5/707 120/5/732
f 120/5/732 108/5/707 121/5/733
f 1903/1/734 1902/1/613 1944/1/719
f 121/5/733 108/5/707 122/5/735
f 108/5/707 106/5/705 122/5/735
f 1943/1/687 1903/1/734 1944/1/719
f 106/5/705 123/5/736 122/5/735
f 122/5/735 123/5/736 121/5/733
f 123/5/736 95/5/693 121/5/733
f 1904/1/737 1903/1/734 1943/1/687
f 95/5/693 93/5/691 121/5/733
f 121/5/733 93/5/691 120/5/732
f 93/5/691 90/5/688 120/5/732
f 1905/1/738 1904/1/737 1943/1/687
f 90/5/688 84/5/672 120/5/732
f 120/5/732 84/5/672 78/5/665
f 1942/1/720 1905/1/738 1943/1/687
f 1907/1/739 1905/1/738 1942/1/720
f 1941/1/686 1907/1/739 1942/1/720
f 1940/1/722 1907/1/739 1941/1/686
f 95/5/693 123/5/736 97/5/695
f 97/5/695 123/5/736 99/5/697
f 1917/1/725 1907/1/739 1940/1/722
f 99/5/697 123/5/736 102/5/701
f 1939/1/678 1917/1/725 1940/1/722
f 102/5/701 123/5/736 104/5/703
f 123/5/736 106/5/705 104/5/703
f 1938/1/726 1917/1/725 1939/1/678
f 1937/1/677 1938/1/726 1939/1/678
f 1916/1/724 1938/1/726 1937/1/677
f 1936/1/727 1916/1/724 1937/1/677
f 124/6/740 125/6/741 126/6/742
f 1923/1/729 1916/1/724 1936/1/727
f 126/6/742 125/6/741 127/6/743
f 125/6/741 128/6/744 127/6/743
f 127/6/743 128/6/744 129/6/700
f 128/6/744 130/6/745 129/6/700
f 129/6/700 130/6/745 131/6/746
f 1935/1/411 1923/1/729 1936/1/727
f 1934/1/730 1923/1/729 1935/1/411
f 1933/1/410 1934/1/730 1935/1/411
f 1924/1/728 1934/1/730 1933/1/410
f 124/6/740 132/6/747 125/6/741
f 125/6/741 132/6/747 128/6/744
f 132/6/747 133/6/710 128/6/744
f 1932/1/409 1924/1/728 1933/1/410
f 133/6/710 134/6/748 128/6/744
f 128/6/744 134/6/748 130/6/745
f 1931/1/408 1924/1/728 1932/1/409
f 1930/1/731 1924/1/728 1931/1/408
f 1926/1/749 1924/1/728 1930/1/731
f 1929/1/400 1926/1/749 1930/1/731
f 135/7/750 137/7/751 136/7/752
f 1929/1/400 1858/1/399 1927/1/753
f 137/7/751 138/7/754 136/7/752
f 1926/1/749 1929/1/400 1927/1/753
f 138/7/754 139/7/755 136/7/752
f 1928/1/756 1919/1/757 1856/1/758
f 139/7/755 140/7/759 136/7/752
f 136/7/752 140/7/759 141/7/760
f 140/7/759 142/7/761 141/7/760
f 141/7/760 142/7/761 143/7/762
f 142/7/761 144/7/763 143/7/762
f 143/7/762 144/7/763 145/7/764
f 144/7/763 140/7/759 145/7/764
f 145/7/764 140/7/759 146/7/765
f 140/7/759 147/7/766 146/7/765
f 146/7/765 147/7/766 148/7/767
f 147/7/766 139/7/755 148/7/767
f 1855/1/768 1928/1/756 1856/1/758
f 139/7/755 149/7/764 148/7/767
f 148/7/767 149/7/764 146/7/765
f 1860/1/769 1928/1/756 1855/1/768
f 146/7/765 149/7/764 145/7/764
f 149/7/764 137/7/751 145/7/764
f 145/7/764 137/7/751 135/7/750
f 1919/1/757 1928/1/756 1860/1/769
f 1924/1/728 1926/1/749 1925/1/770
f 1916/1/724 1918/1/771 1914/1/772
f 1856/1/758 1927/1/753 1858/1/399
f 136/7/752 141/7/760 135/7/750
f 1926/1/749 1927/1/753 1856/1/758
f 1925/1/770 1926/1/749 1856/1/758
f 1921/1/773 1925/1/770 1856/1/758
f 1924/1/728 1925/1/770 1921/1/773
f 140/7/759 144/7/763 142/7/761
f 1922/1/774 1924/1/728 1921/1/773
f 1923/1/729 1924/1/728 1922/1/774
f 1916/1/724 1923/1/729 1922/1/774
f 1921/1/773 1916/1/724 1922/1/774
f 139/7/755 147/7/766 140/7/759
f 1920/1/775 1916/1/724 1921/1/773
f 1856/1/758 1920/1/775 1921/1/773
f 1919/1/757 1920/1/775 1856/1/758
f 1916/1/724 1920/1/775 1919/1/757
f 137/7/751 149/7/764 150/7/776
f 149/7/764 139/7/755 150/7/776
f 150/7/776 139/7/755 151/7/777
f 139/7/755 138/7/754 151/7/777
f 151/7/777 138/7/754 152/7/778
f 138/7/754 150/7/776 152/7/778
f 152/7/778 150/7/776 151/7/777
f 1918/1/771 1916/1/724 1919/1/757
f 1860/1/769 1918/1/771 1919/1/757
f 1914/1/772 1918/1/771 1860/1/769
f 1913/1/779 1914/1/772 1860/1/769
f 138/7/754 137/7/751 150/7/776
f 1915/1/780 1907/1/739 1917/1/725
f 1916/1/724 1915/1/780 1917/1/725
f 1914/1/772 1915/1/780 1916/1/724
f 1907/1/739 1915/1/780 1914/1/772
f 1913/1/779 1907/1/739 1914/1/772
f 1909/1/781 1907/1/739 1913/1/779
f 1860/1/769 1909/1/781 1913/1/779
f 1912/1/782 1909/1/781 1860/1/769
f 1864/1/783 1912/1/782 1860/1/769
f 1866/1/784 1912/1/782 1864/1/783
f 1909/1/781 1912/1/782 1866/1/784
f 1907/1/739 1906/1/785 1905/1/738
f 1910/1/786 1896/1/642 1911/1/614
f 1902/1/613 1910/1/786 1911/1/614
f 1900/1/787 1910/1/786 1902/1/613
f 1896/1/642 1910/1/786 1900/1/787
f 1899/1/788 1896/1/642 1900/1/787
f 1908/1/789 1907/1/739 1909/1/781
f 1866/1/784 1908/1/789 1909/1/781
f 1891/1/790 1908/1/789 1866/1/784
f 1907/1/739 1908/1/789 1891/1/790
f 1906/1/785 1907/1/739 1891/1/790
f 1890/1/791 1906/1/785 1891/1/790
f 1905/1/738 1906/1/785 1890/1/791
f 1904/1/737 1905/1/738 1890/1/791
f 1903/1/734 1904/1/737 1890/1/791
f 1901/1/792 1903/1/734 1890/1/791
f 1902/1/613 1903/1/734 1901/1/792
f 1900/1/787 1902/1/613 1901/1/792
f 1890/1/791 1900/1/787 1901/1/792
f 1899/1/788 1900/1/787 1890/1/791
f 1893/1/793 1899/1/788 1890/1/791
f 1896/1/642 1899/1/788 1893/1/793
f 1894/1/794 1896/1/642 1893/1/793
f 1898/1/795 1895/1/796 1886/1/797
f 1884/1/798 1898/1/795 1886/1/797
f 1881/1/551 1898/1/795 1884/1/798
f 1895/1/796 1898/1/795 1881/1/551
f 1897/1/641 1895/1/796 1881/1/551
f 1896/1/642 1895/1/796 1897/1/641
f 1894/1/794 1895/1/796 1896/1/642
f 1886/1/797 1895/1/796 1894/1/794
f 1893/1/793 1886/1/797 1894/1/794
f 1892/1/799 1886/1/797 1893/1/793
f 1890/1/791 1892/1/799 1893/1/793
f 1888/1/800 1892/1/799 1890/1/791
f 1886/1/797 1892/1/799 1888/1/800
f 1887/1/801 1886/1/797 1888/1/800
f 1886/1/797 1885/1/802 1884/1/798
f 1889/1/803 1891/1/790 1866/1/784
f 1890/1/791 1891/1/790 1889/1/803
f 1888/1/800 1890/1/791 1889/1/803
f 1866/1/784 1888/1/800 1889/1/803
f 1887/1/801 1888/1/800 1866/1/784
f 1871/1/804 1887/1/801 1866/1/784
f 1886/1/797 1887/1/801 1871/1/804
f 1872/1/805 1886/1/797 1871/1/804
f 1873/1/806 1886/1/797 1872/1/805
f 1885/1/802 1886/1/797 1873/1/806
f 1875/1/807 1885/1/802 1873/1/806
f 1884/1/798 1885/1/802 1875/1/807
f 1881/1/551 1878/1/808 1879/1/809
f 1883/1/810 1878/1/808 1881/1/551
f 1884/1/798 1883/1/810 1881/1/551
f 1875/1/807 1883/1/810 1884/1/798
f 1878/1/808 1883/1/810 1875/1/807
f 1877/1/811 1878/1/808 1875/1/807
f 1880/1/812 1241/1/813 1242/1/814
f 1243/1/553 1880/1/812 1242/1/814
f 1882/1/552 1880/1/812 1243/1/553
f 1881/1/551 1880/1/812 1882/1/552
f 1879/1/809 1880/1/812 1881/1/551
f 1241/1/813 1880/1/812 1879/1/809
f 1878/1/808 1241/1/813 1879/1/809
f 1877/1/811 1241/1/813 1878/1/808
f 1542/1/815 1241/1/813 1877/1/811
f 1875/1/807 1542/1/815 1877/1/811
f 1863/1/18 1551/1/22 1550/1/816
f 1876/1/817 1543/1/818 1869/1/819
f 1550/1/816 1543/1/818 1876/1/817
f 1863/1/18 1550/1/816 1876/1/817
f 1869/1/819 1863/1/18 1876/1/817
f 1866/1/784 1870/1/820 1871/1/804
f 1874/1/821 1875/1/807 1873/1/806
f 1542/1/815 1875/1/807 1874/1/821
f 1543/1/818 1542/1/815 1874/1/821
f 1873/1/806 1543/1/818 1874/1/821
f 1872/1/805 1543/1/818 1873/1/806
f 1871/1/804 1543/1/818 1872/1/805
f 1870/1/820 1543/1/818 1871/1/804
f 1869/1/819 1543/1/818 1870/1/820
f 1866/1/784 1869/1/819 1870/1/820
f 1865/1/822 1869/1/819 1866/1/784
f 1863/1/18 1869/1/819 1865/1/822
f 1860/1/769 1862/1/823 1864/1/783
f 1867/1/824 1863/1/18 1861/1/825
f 1868/1/19 1863/1/18 1867/1/824
f 1851/1/25 1868/1/19 1867/1/824
f 1861/1/825 1851/1/25 1867/1/824
f 1859/1/826 1851/1/25 1861/1/825
f 1864/1/783 1865/1/822 1866/1/784
f 1863/1/18 1865/1/822 1864/1/783
f 1862/1/823 1863/1/18 1864/1/783
f 1861/1/825 1863/1/18 1862/1/823
f 1860/1/769 1861/1/825 1862/1/823
f 1859/1/826 1861/1/825 1860/1/769
f 1855/1/768 1859/1/826 1860/1/769
f 1851/1/25 1859/1/826 1855/1/768
f 1857/1/827 1856/1/758 1858/1/399
f 1849/1/395 1857/1/827 1858/1/399
f 1853/1/828 1857/1/827 1849/1/395
f 1856/1/758 1857/1/827 1853/1/828
f 1854/1/829 1856/1/758 1853/1/828
f 1855/1/768 1856/1/758 1854/1/829
f 1851/1/25 1855/1/768 1854/1/829
f 1853/1/828 1851/1/25 1854/1/829
f 1850/1/830 1851/1/25 1853/1/828
f 1849/1/395 1850/1/830 1853/1/828
f 1852/1/831 1823/1/832 1846/1/833
f 1825/1/394 1823/1/832 1852/1/831
f 1849/1/395 1825/1/394 1852/1/831
f 1846/1/833 1849/1/395 1852/1/831
f 1847/1/834 1849/1/395 1846/1/833
f 1844/1/31 1845/1/835 1842/1/836
f 1848/1/33 1851/1/25 1850/1/830
f 1849/1/395 1848/1/33 1850/1/830
f 1847/1/834 1848/1/33 1849/1/395
f 1844/1/31 1848/1/33 1847/1/834
f 1846/1/833 1844/1/31 1847/1/834
f 1845/1/835 1844/1/31 1846/1/833
f 1823/1/832 1845/1/835 1846/1/833
f 1842/1/836 1845/1/835 1823/1/832
f 1841/1/837 1842/1/836 1823/1/832
f 1827/1/838 1837/1/839 1838/1/840
f 1577/1/841 1836/1/842 1581/1/843
f 1843/1/844 1566/1/845 1565/1/35
f 1844/1/31 1843/1/844 1565/1/35
f 1842/1/836 1843/1/844 1844/1/31
f 1566/1/845 1843/1/844 1842/1/836
f 1841/1/837 1566/1/845 1842/1/836
f 1839/1/846 1566/1/845 1841/1/837
f 1823/1/832 1839/1/846 1841/1/837
f 1840/1/847 1839/1/846 1823/1/832
f 1822/1/848 1840/1/847 1823/1/832
f 1827/1/838 1840/1/847 1822/1/848
f 1839/1/846 1840/1/847 1827/1/838
f 1838/1/840 1839/1/846 1827/1/838
f 1566/1/845 1839/1/846 1838/1/840
f 1837/1/839 1566/1/845 1838/1/840
f 1576/1/849 1566/1/845 1837/1/839
f 1577/1/841 1576/1/849 1837/1/839
f 1836/1/842 1577/1/841 1837/1/839
f 1827/1/838 1836/1/842 1837/1/839
f 1581/1/843 1836/1/842 1827/1/838
f 1833/1/850 1581/1/843 1827/1/838
f 1582/1/62 1581/1/843 1833/1/850
f 1834/1/851 1830/1/12 1828/1/852
f 1835/1/11 1830/1/12 1834/1/851
f 1817/1/13 1835/1/11 1834/1/851
f 1828/1/852 1817/1/13 1834/1/851
f 1826/1/853 1817/1/13 1828/1/852
f 1831/1/854 1827/1/838 1829/1/855
f 1833/1/850 1827/1/838 1831/1/854
f 1582/1/62 1833/1/850 1831/1/854
f 1832/1/65 1582/1/62 1831/1/854
f 1830/1/12 1832/1/65 1831/1/854
f 1829/1/855 1830/1/12 1831/1/854
f 1828/1/852 1830/1/12 1829/1/855
f 1827/1/838 1828/1/852 1829/1/855
f 1826/1/853 1828/1/852 1827/1/838
f 1822/1/848 1826/1/853 1827/1/838
f 1817/1/13 1826/1/853 1822/1/848
f 1824/1/856 1823/1/832 1825/1/394
f 1814/1/396 1824/1/856 1825/1/394
f 1820/1/857 1824/1/856 1814/1/396
f 1823/1/832 1824/1/856 1820/1/857
f 1821/1/858 1823/1/832 1820/1/857
f 1822/1/848 1823/1/832 1821/1/858
f 1817/1/13 1822/1/848 1821/1/858
f 1820/1/857 1817/1/13 1821/1/858
f 1816/1/859 1817/1/13 1820/1/857
f 1814/1/396 1816/1/859 1820/1/857
f 1792/1/7 1815/1/14 1813/1/860
f 1818/1/861 1812/1/862 1814/1/396
f 1819/1/406 1818/1/861 1814/1/396
f 1810/1/403 1818/1/861 1819/1/406
f 1812/1/862 1818/1/861 1810/1/403
f 1811/1/863 1812/1/862 1810/1/403
f 1815/1/14 1817/1/13 1816/1/859
f 1814/1/396 1815/1/14 1816/1/859
f 1813/1/860 1815/1/14 1814/1/396
f 1812/1/862 1813/1/860 1814/1/396
f 1792/1/7 1813/1/860 1812/1/862
f 1811/1/863 1792/1/7 1812/1/862
f 1794/1/864 1792/1/7 1811/1/863
f 1810/1/403 1794/1/864 1811/1/863
f 1795/1/865 1794/1/864 1810/1/403
f 1796/1/866 1795/1/865 1810/1/403
f 1809/1/402 1796/1/866 1810/1/403
f 1808/1/392 1796/1/866 1809/1/402
f 1797/1/867 1796/1/866 1808/1/392
f 1798/1/868 1797/1/867 1808/1/392
f 1807/1/372 1798/1/868 1808/1/392
f 1806/1/340 1798/1/868 1807/1/372
f 1799/1/869 1798/1/868 1806/1/340
f 1805/1/339 1799/1/869 1806/1/340
f 1800/1/870 1799/1/869 1805/1/339
f 1804/1/329 1800/1/870 1805/1/339
f 1801/1/871 1800/1/870 1804/1/329
f 1803/1/323 1801/1/871 1804/1/329
f 1802/1/322 1801/1/871 1803/1/323
f 1792/1/7 1794/1/864 1793/1/872
f 1785/1/873 1802/1/322 1784/1/321
f 1801/1/871 1802/1/322 1785/1/873
f 1786/1/874 1801/1/871 1785/1/873
f 1800/1/870 1801/1/871 1786/1/874
f 1787/1/875 1800/1/870 1786/1/874
f 1799/1/869 1800/1/870 1787/1/875
f 1788/1/876 1799/1/869 1787/1/875
f 1798/1/868 1799/1/869 1788/1/876
f 1797/1/867 1798/1/868 1788/1/876
f 1789/1/877 1797/1/867 1788/1/876
f 1796/1/866 1797/1/867 1789/1/877
f 1795/1/865 1796/1/866 1789/1/877
f 1794/1/864 1795/1/865 1789/1/877
f 1793/1/872 1794/1/864 1789/1/877
f 1790/1/878 1793/1/872 1789/1/877
f 1792/1/7 1793/1/872 1790/1/878
f 1791/1/879 1792/1/7 1790/1/878
f 1761/1/6 1792/1/7 1791/1/879
f 1740/1/880 1761/1/6 1791/1/879
f 1790/1/878 1740/1/880 1791/1/879
f 1744/1/881 1740/1/880 1790/1/878
f 1789/1/877 1744/1/881 1790/1/878
f 1745/1/882 1744/1/881 1789/1/877
f 1788/1/876 1745/1/882 1789/1/877
f 1787/1/875 1745/1/882 1788/1/876
f 1746/1/883 1745/1/882 1787/1/875
f 1786/1/874 1746/1/883 1787/1/875
f 1778/1/884 1746/1/883 1786/1/874
f 1785/1/873 1778/1/884 1786/1/874
f 1779/1/885 1778/1/884 1785/1/873
f 1784/1/321 1779/1/885 1785/1/873
f 1783/1/320 1779/1/885 1784/1/321
f 1780/1/886 1779/1/885 1783/1/320
f 1782/1/317 1780/1/886 1783/1/320
f 1781/1/206 1780/1/886 1782/1/317
f 1776/1/887 1781/1/206 1775/1/205
f 1780/1/886 1781/1/206 1776/1/887
f 1777/1/888 1780/1/886 1776/1/887
f 1779/1/885 1780/1/886 1777/1/888
f 1778/1/884 1779/1/885 1777/1/888
f 1747/1/889 1746/1/883 1778/1/884
f 1777/1/888 1747/1/889 1778/1/884
f 1748/1/890 1747/1/889 1777/1/888
f 1776/1/887 1748/1/890 1777/1/888
f 1771/1/891 1748/1/890 1776/1/887
f 1775/1/205 1771/1/891 1776/1/887
f 1772/1/204 1771/1/891 1775/1/205
f 1766/1/892 1768/1/202 1774/1/114
f 1773/1/113 1766/1/892 1774/1/114
f 1764/1/89 1766/1/892 1773/1/113
f 1770/1/893 1772/1/204 1769/1/203
f 1771/1/891 1772/1/204 1770/1/893
f 1765/1/894 1750/1/895 1767/1/896
f 1754/1/897 1750/1/895 1765/1/894
f 1764/1/89 1762/1/88 1763/1/898
f 1749/1/899 1748/1/890 1771/1/891
f 1770/1/893 1749/1/899 1771/1/891
f 1750/1/895 1749/1/899 1770/1/893
f 1767/1/896 1750/1/895 1770/1/893
f 1769/1/203 1767/1/896 1770/1/893
f 1768/1/202 1767/1/896 1769/1/203
f 1766/1/892 1767/1/896 1768/1/202
f 1765/1/894 1767/1/896 1766/1/892
f 1764/1/89 1765/1/894 1766/1/892
f 1754/1/897 1765/1/894 1764/1/89
f 1763/1/898 1754/1/897 1764/1/89
f 1755/1/900 1754/1/897 1763/1/898
f 1762/1/88 1755/1/900 1763/1/898
f 1759/1/901 1755/1/900 1762/1/88
f 1720/1/78 1759/1/901 1762/1/88
f 1760/1/902 1737/1/903 1733/1/4
f 1761/1/6 1760/1/902 1733/1/4
f 1740/1/880 1760/1/902 1761/1/6
f 1737/1/903 1760/1/902 1740/1/880
f 1738/1/904 1737/1/903 1740/1/880
f 1757/1/905 1756/1/906 1755/1/900
f 1759/1/901 1757/1/905 1755/1/900
f 1720/1/78 1757/1/905 1759/1/901
f 1758/1/907 1757/1/905 1720/1/78
f 1725/1/908 1758/1/907 1720/1/78
f 1728/1/909 1758/1/907 1725/1/908
f 1757/1/905 1758/1/907 1728/1/909
f 1756/1/906 1757/1/905 1728/1/909
f 1752/1/910 1756/1/906 1728/1/909
f 1755/1/900 1756/1/906 1752/1/910
f 1753/1/911 1755/1/900 1752/1/910
f 1754/1/897 1755/1/900 1753/1/911
f 1750/1/895 1754/1/897 1753/1/911
f 1752/1/910 1750/1/895 1753/1/911
f 1751/1/912 1750/1/895 1752/1/910
f 1728/1/909 1751/1/912 1752/1/910
f 1739/1/913 1751/1/912 1728/1/909
f 1750/1/895 1751/1/912 1739/1/913
f 1741/1/914 1750/1/895 1739/1/913
f 1749/1/899 1750/1/895 1741/1/914
f 1742/1/915 1749/1/899 1741/1/914
f 1748/1/890 1749/1/899 1742/1/915
f 1747/1/889 1748/1/890 1742/1/915
f 1743/1/916 1747/1/889 1742/1/915
f 1746/1/883 1747/1/889 1743/1/916
f 1745/1/882 1746/1/883 1743/1/916
f 1744/1/881 1745/1/882 1743/1/916
f 1740/1/880 1744/1/881 1743/1/916
f 1742/1/915 1740/1/880 1743/1/916
f 1741/1/914 1740/1/880 1742/1/915
f 1739/1/913 1740/1/880 1741/1/914
f 1738/1/904 1740/1/880 1739/1/913
f 1728/1/909 1738/1/904 1739/1/913
f 1737/1/903 1738/1/904 1728/1/909
f 1734/1/917 1737/1/903 1728/1/909
f 1733/1/4 1737/1/903 1734/1/917
f 1735/1/918 1727/1/919 1723/1/39
f 1736/1/10 1735/1/918 1723/1/39
f 1731/1/3 1735/1/918 1736/1/10
f 1727/1/919 1735/1/918 1731/1/3
f 1729/1/920 1727/1/919 1731/1/3
f 1728/1/909 1725/1/908 1726/1/921
f 1730/1/922 1734/1/917 1728/1/909
f 1733/1/4 1734/1/917 1730/1/922
f 1732/1/2 1733/1/4 1730/1/922
f 1731/1/3 1732/1/2 1730/1/922
f 1729/1/920 1731/1/3 1730/1/922
f 1728/1/909 1729/1/920 1730/1/922
f 1727/1/919 1729/1/920 1728/1/909
f 1726/1/921 1727/1/919 1728/1/909
f 1723/1/39 1727/1/919 1726/1/921
f 1725/1/908 1723/1/39 1726/1/921
f 1724/1/923 1723/1/39 1725/1/908
f 1720/1/78 1724/1/923 1725/1/908
f 1719/1/924 1724/1/923 1720/1/78
f 1723/1/39 1724/1/923 1719/1/924
f 1721/1/925 1723/1/39 1719/1/924
f 1722/1/40 1723/1/39 1721/1/925
f 1715/1/49 1722/1/40 1721/1/925
f 1719/1/924 1715/1/49 1721/1/925
f 1711/1/69 1704/1/68 1705/1/926
f 1718/1/927 1720/1/78 1717/1/77
f 1719/1/924 1720/1/78 1718/1/927
f 1715/1/49 1719/1/924 1718/1/927
f 1717/1/77 1715/1/49 1718/1/927
f 1716/1/928 1715/1/49 1717/1/77
f 1711/1/69 1716/1/928 1717/1/77
f 1712/1/929 1716/1/928 1711/1/69
f 1715/1/49 1716/1/928 1712/1/929
f 1713/1/930 1715/1/49 1712/1/929
f 1714/1/38 1715/1/49 1713/1/930
f 1708/1/36 1714/1/38 1713/1/930
f 1712/1/929 1708/1/36 1713/1/930
f 1710/1/931 1708/1/36 1712/1/929
f 1711/1/69 1710/1/931 1712/1/929
f 1705/1/926 1710/1/931 1711/1/69
f 1708/1/36 1710/1/931 1705/1/926
f 1706/1/932 1708/1/36 1705/1/926
f 1707/1/933 1700/1/934 1672/1/935
f 1634/1/936 1707/1/933 1672/1/935
f 1709/1/937 1707/1/933 1634/1/936
f 1633/1/47 1709/1/937 1634/1/936
f 1708/1/36 1709/1/937 1633/1/47
f 1707/1/933 1709/1/937 1708/1/36
f 1706/1/932 1707/1/933 1708/1/36
f 1700/1/934 1707/1/933 1706/1/932
f 1705/1/926 1700/1/934 1706/1/932
f 1704/1/68 1700/1/934 1705/1/926
f 1703/1/67 1700/1/934 1704/1/68
f 1702/1/71 1700/1/934 1703/1/67
f 1701/1/938 1700/1/934 1702/1/71
f 1697/1/96 1701/1/938 1702/1/71
f 1698/1/939 1701/1/938 1697/1/96
f 1699/1/940 1701/1/938 1698/1/939
f 1700/1/934 1701/1/938 1699/1/940
f 1673/1/941 1672/1/935 1700/1/934
f 1699/1/940 1673/1/941 1700/1/934
f 1675/1/942 1673/1/941 1699/1/940
f 1691/1/943 1675/1/942 1699/1/940
f 1698/1/939 1691/1/943 1699/1/940
f 1695/1/944 1691/1/943 1698/1/939
f 1696/1/945 1695/1/944 1698/1/939
f 1697/1/96 1696/1/945 1698/1/939
f 1684/1/946 1697/1/96 1683/1/111
f 1696/1/945 1697/1/96 1684/1/946
f 1685/1/947 1696/1/945 1684/1/946
f 1694/1/948 1696/1/945 1685/1/947
f 1695/1/944 1696/1/945 1694/1/948
f 1692/1/949 1691/1/943 1695/1/944
f 1694/1/948 1692/1/949 1695/1/944
f 1693/1/950 1692/1/949 1694/1/948
f 1691/1/943 1676/1/951 1675/1/942
f 1679/1/952 1678/1/953 1688/1/954
f 1670/1/955 1674/1/956 1671/1/957
f 1694/1/948 1685/1/947 1686/1/958
f 1687/1/959 1694/1/948 1686/1/958
f 1693/1/950 1694/1/948 1687/1/959
f 1689/1/960 1693/1/950 1687/1/959
f 1692/1/949 1693/1/950 1689/1/960
f 1690/1/961 1692/1/949 1689/1/960
f 1691/1/943 1692/1/949 1690/1/961
f 1676/1/951 1691/1/943 1690/1/961
f 1689/1/960 1676/1/951 1690/1/961
f 1677/1/962 1676/1/951 1689/1/960
f 1678/1/953 1677/1/962 1689/1/960
f 1688/1/954 1678/1/953 1689/1/960
f 1687/1/959 1688/1/954 1689/1/960
f 1679/1/952 1688/1/954 1687/1/959
f 1686/1/958 1679/1/952 1687/1/959
f 1680/1/963 1679/1/952 1686/1/958
f 1685/1/947 1680/1/963 1686/1/958
f 1681/1/964 1680/1/963 1685/1/947
f 1684/1/946 1681/1/964 1685/1/947
f 1683/1/111 1681/1/964 1684/1/946
f 1682/1/965 1681/1/964 1683/1/111
f 1665/1/198 1682/1/965 1683/1/111
f 1667/1/966 1682/1/965 1665/1/198
f 1681/1/964 1682/1/965 1667/1/966
f 1668/1/967 1681/1/964 1667/1/966
f 1680/1/963 1681/1/964 1668/1/967
f 1669/1/968 1680/1/963 1668/1/967
f 1679/1/952 1680/1/963 1669/1/968
f 1671/1/957 1679/1/952 1669/1/968
f 1678/1/953 1679/1/952 1671/1/957
f 1674/1/956 1678/1/953 1671/1/957
f 1677/1/962 1678/1/953 1674/1/956
f 1676/1/951 1677/1/962 1674/1/956
f 1675/1/942 1676/1/951 1674/1/956
f 1673/1/941 1675/1/942 1674/1/956
f 1670/1/955 1673/1/941 1674/1/956
f 1672/1/935 1673/1/941 1670/1/955
f 1634/1/936 1672/1/935 1670/1/955
f 1665/1/198 1666/1/969 1667/1/966
f 1660/1/970 1661/1/971 1658/1/194
f 1659/1/972 1660/1/970 1658/1/194
f 1651/1/973 1650/1/974 1657/1/975
f 1642/1/976 1644/1/977 1643/1/978
f 1634/1/936 1636/1/979 1635/1/980
f 1669/1/968 1670/1/955 1671/1/957
f 1634/1/936 1670/1/955 1669/1/968
f 1668/1/967 1634/1/936 1669/1/968
f 1667/1/966 1634/1/936 1668/1/967
f 1666/1/969 1634/1/936 1667/1/966
f 1636/1/979 1634/1/936 1666/1/969
f 1665/1/198 1636/1/979 1666/1/969
f 1637/1/981 1636/1/979 1665/1/198
f 1664/1/197 1637/1/981 1665/1/198
f 1638/1/982 1637/1/981 1664/1/197
f 1663/1/196 1638/1/982 1664/1/197
f 1639/1/983 1638/1/982 1663/1/196
f 1662/1/195 1639/1/983 1663/1/196
f 1640/1/984 1639/1/983 1662/1/195
f 1658/1/194 1640/1/984 1662/1/195
f 1641/1/985 1640/1/984 1658/1/194
f 1661/1/971 1641/1/985 1658/1/194
f 1642/1/976 1641/1/985 1661/1/971
f 1644/1/977 1642/1/976 1661/1/971
f 1660/1/970 1644/1/977 1661/1/971
f 1645/1/986 1644/1/977 1660/1/970
f 1646/1/987 1645/1/986 1660/1/970
f 1659/1/972 1646/1/987 1660/1/970
f 1650/1/974 1646/1/987 1659/1/972
f 1658/1/194 1650/1/974 1659/1/972
f 1657/1/975 1650/1/974 1658/1/194
f 1656/1/193 1657/1/975 1658/1/194
f 1651/1/973 1657/1/975 1656/1/193
f 1655/1/192 1651/1/973 1656/1/193
f 1654/1/201 1651/1/973 1655/1/192
f 1653/1/207 1651/1/973 1654/1/201
f 1652/1/988 1651/1/973 1653/1/207
f 1522/1/210 1652/1/988 1653/1/207
f 1648/1/989 1652/1/988 1522/1/210
f 1651/1/973 1652/1/988 1648/1/989
f 1649/1/990 1651/1/973 1648/1/989
f 1650/1/974 1651/1/973 1649/1/990
f 1646/1/987 1650/1/974 1649/1/990
f 1648/1/989 1646/1/987 1649/1/990
f 1647/1/991 1646/1/987 1648/1/989
f 1522/1/210 1647/1/991 1648/1/989
f 1524/1/992 1647/1/991 1522/1/210
f 1646/1/987 1647/1/991 1524/1/992
f 1525/1/993 1646/1/987 1524/1/992
f 1645/1/986 1646/1/987 1525/1/993
f 1526/1/994 1645/1/986 1525/1/993
f 1644/1/977 1645/1/986 1526/1/994
f 1527/1/995 1644/1/977 1526/1/994
f 1643/1/978 1644/1/977 1527/1/995
f 1528/1/996 1643/1/978 1527/1/995
f 1619/1/997 1643/1/978 1528/1/996
f 1620/1/998 1643/1/978 1619/1/997
f 1642/1/976 1643/1/978 1620/1/998
f 1621/1/999 1642/1/976 1620/1/998
f 1641/1/985 1642/1/976 1621/1/999
f 1622/1/1000 1641/1/985 1621/1/999
f 1640/1/984 1641/1/985 1622/1/1000
f 1623/1/1001 1640/1/984 1622/1/1000
f 1639/1/983 1640/1/984 1623/1/1001
f 1624/1/1002 1639/1/983 1623/1/1001
f 1638/1/982 1639/1/983 1624/1/1002
f 1625/1/1003 1638/1/982 1624/1/1002
f 1637/1/981 1638/1/982 1625/1/1003
f 1636/1/979 1637/1/981 1625/1/1003
f 1635/1/980 1636/1/979 1625/1/1003
f 1631/1/1004 1635/1/980 1625/1/1003
f 1634/1/936 1635/1/980 1631/1/1004
f 1632/1/1005 1634/1/936 1631/1/1004
f 1633/1/47 1634/1/936 1632/1/1005
f 1629/1/45 1633/1/47 1632/1/1005
f 1631/1/1004 1629/1/45 1632/1/1005
f 1608/1/44 1610/1/1006 1609/1/1007
f 1625/1/1003 1626/1/1008 1627/1/1009
f 1630/1/1010 1625/1/1003 1627/1/1009
f 1631/1/1004 1625/1/1003 1630/1/1010
f 1629/1/45 1631/1/1004 1630/1/1010
f 1627/1/1009 1629/1/45 1630/1/1010
f 1628/1/43 1629/1/45 1627/1/1009
f 1608/1/44 1628/1/43 1627/1/1009
f 1626/1/1008 1608/1/44 1627/1/1009
f 1610/1/1006 1608/1/44 1626/1/1008
f 1625/1/1003 1610/1/1006 1626/1/1008
f 1611/1/1011 1610/1/1006 1625/1/1003
f 1624/1/1002 1611/1/1011 1625/1/1003
f 1612/1/1012 1611/1/1011 1624/1/1002
f 1623/1/1001 1612/1/1012 1624/1/1002
f 1613/1/1013 1612/1/1012 1623/1/1001
f 1622/1/1000 1613/1/1013 1623/1/1001
f 1614/1/1014 1613/1/1013 1622/1/1000
f 1621/1/999 1614/1/1014 1622/1/1000
f 1615/1/1015 1614/1/1014 1621/1/999
f 1620/1/998 1615/1/1015 1621/1/999
f 1616/1/1016 1615/1/1015 1620/1/998
f 1619/1/997 1616/1/1016 1620/1/998
f 1617/1/1017 1616/1/1016 1619/1/997
f 1618/1/1018 1617/1/1017 1619/1/997
f 1528/1/996 1618/1/1018 1619/1/997
f 1529/1/1019 1618/1/1018 1528/1/996
f 1530/1/1020 1618/1/1018 1529/1/1019
f 1592/1/1021 1618/1/1018 1530/1/1020
f 1617/1/1017 1618/1/1018 1592/1/1021
f 1593/1/1022 1617/1/1017 1592/1/1021
f 1594/1/1023 1617/1/1017 1593/1/1022
f 1616/1/1016 1617/1/1017 1594/1/1023
f 1595/1/1024 1616/1/1016 1594/1/1023
f 1615/1/1015 1616/1/1016 1595/1/1024
f 1596/1/1025 1615/1/1015 1595/1/1024
f 1614/1/1014 1615/1/1015 1596/1/1025
f 1597/1/1026 1614/1/1014 1596/1/1025
f 1613/1/1013 1614/1/1014 1597/1/1026
f 1598/1/1027 1613/1/1013 1597/1/1026
f 1612/1/1012 1613/1/1013 1598/1/1027
f 1599/1/1028 1612/1/1012 1598/1/1027
f 1611/1/1011 1612/1/1012 1599/1/1028
f 1610/1/1006 1611/1/1011 1599/1/1028
f 1609/1/1007 1610/1/1006 1599/1/1028
f 1605/1/1029 1609/1/1007 1599/1/1028
f 1608/1/44 1609/1/1007 1605/1/1029
f 1606/1/1030 1608/1/44 1605/1/1029
f 1607/1/52 1608/1/44 1606/1/1030
f 1603/1/63 1607/1/52 1606/1/1030
f 1605/1/1029 1603/1/63 1606/1/1030
f 1599/1/1028 1600/1/1031 1601/1/1032
f 1604/1/1033 1599/1/1028 1601/1/1032
f 1605/1/1029 1599/1/1028 1604/1/1033
f 1603/1/63 1605/1/1029 1604/1/1033
f 1601/1/1032 1603/1/63 1604/1/1033
f 1602/1/61 1603/1/63 1601/1/1032
f 1582/1/62 1602/1/61 1601/1/1032
f 1600/1/1031 1582/1/62 1601/1/1032
f 1584/1/1034 1582/1/62 1600/1/1031
f 1599/1/1028 1584/1/1034 1600/1/1031
f 1585/1/1035 1584/1/1034 1599/1/1028
f 1598/1/1027 1585/1/1035 1599/1/1028
f 1586/1/1036 1585/1/1035 1598/1/1027
f 1597/1/1026 1586/1/1036 1598/1/1027
f 1587/1/1037 1586/1/1036 1597/1/1026
f 1596/1/1025 1587/1/1037 1597/1/1026
f 1588/1/1038 1587/1/1037 1596/1/1025
f 1595/1/1024 1588/1/1038 1596/1/1025
f 1589/1/1039 1588/1/1038 1595/1/1024
f 1594/1/1023 1589/1/1039 1595/1/1024
f 1590/1/1040 1589/1/1039 1594/1/1023
f 1593/1/1022 1590/1/1040 1594/1/1023
f 1591/1/1041 1590/1/1040 1593/1/1022
f 1592/1/1021 1591/1/1041 1593/1/1022
f 1582/1/62 1584/1/1034 1583/1/1042
f 1531/1/1043 1592/1/1021 1530/1/1020
f 1591/1/1041 1592/1/1021 1531/1/1043
f 1532/1/1044 1591/1/1041 1531/1/1043
f 1533/1/1045 1591/1/1041 1532/1/1044
f 1590/1/1040 1591/1/1041 1533/1/1045
f 1534/1/1046 1590/1/1040 1533/1/1045
f 1589/1/1039 1590/1/1040 1534/1/1046
f 1535/1/1047 1589/1/1039 1534/1/1046
f 1588/1/1038 1589/1/1039 1535/1/1047
f 1572/1/1048 1588/1/1038 1535/1/1047
f 1587/1/1037 1588/1/1038 1572/1/1048
f 1571/1/1049 1587/1/1037 1572/1/1048
f 1586/1/1036 1587/1/1037 1571/1/1049
f 1574/1/1050 1586/1/1036 1571/1/1049
f 1585/1/1035 1586/1/1036 1574/1/1050
f 1584/1/1034 1585/1/1035 1574/1/1050
f 1583/1/1042 1584/1/1034 1574/1/1050
f 1579/1/1051 1583/1/1042 1574/1/1050
f 1582/1/62 1583/1/1042 1579/1/1051
f 1580/1/1052 1582/1/62 1579/1/1051
f 1581/1/843 1582/1/62 1580/1/1052
f 1577/1/841 1581/1/843 1580/1/1052
f 1579/1/1051 1577/1/841 1580/1/1052
f 1569/1/1053 1574/1/1050 1571/1/1049
f 1568/1/1054 1574/1/1050 1569/1/1053
f 1537/1/1055 1570/1/1056 1536/1/1057
f 1557/1/1058 1570/1/1056 1537/1/1055
f 1578/1/1059 1574/1/1050 1575/1/1060
f 1579/1/1051 1574/1/1050 1578/1/1059
f 1577/1/841 1579/1/1051 1578/1/1059
f 1575/1/1060 1577/1/841 1578/1/1059
f 1576/1/849 1577/1/841 1575/1/1060
f 1566/1/845 1576/1/849 1575/1/1060
f 1573/1/1061 1566/1/845 1575/1/1060
f 1574/1/1050 1573/1/1061 1575/1/1060
f 1568/1/1054 1573/1/1061 1574/1/1050
f 1566/1/845 1573/1/1061 1568/1/1054
f 1567/1/1062 1566/1/845 1568/1/1054
f 1572/1/1048 1535/1/1047 1536/1/1057
f 1570/1/1056 1572/1/1048 1536/1/1057
f 1571/1/1049 1572/1/1048 1570/1/1056
f 1569/1/1053 1571/1/1049 1570/1/1056
f 1557/1/1058 1569/1/1053 1570/1/1056
f 1568/1/1054 1569/1/1053 1557/1/1058
f 1567/1/1062 1568/1/1054 1557/1/1058
f 1563/1/1063 1567/1/1062 1557/1/1058
f 1566/1/845 1567/1/1062 1563/1/1063
f 1564/1/1064 1566/1/845 1563/1/1063
f 1565/1/35 1566/1/845 1564/1/1064
f 1561/1/30 1565/1/35 1564/1/1064
f 1563/1/1063 1561/1/30 1564/1/1064
f 1557/1/1058 1558/1/1065 1559/1/1066
f 1562/1/1067 1557/1/1058 1559/1/1066
f 1563/1/1063 1557/1/1058 1562/1/1067
f 1561/1/30 1563/1/1063 1562/1/1067
f 1559/1/1066 1561/1/30 1562/1/1067
f 1560/1/29 1561/1/30 1559/1/1066
f 1554/1/23 1560/1/29 1559/1/1066
f 1558/1/1065 1554/1/23 1559/1/1066
f 1556/1/1068 1554/1/23 1558/1/1065
f 1557/1/1058 1556/1/1068 1558/1/1065
f 1538/1/1069 1557/1/1058 1537/1/1055
f 1556/1/1068 1557/1/1058 1538/1/1069
f 1539/1/1070 1556/1/1068 1538/1/1069
f 1554/1/23 1553/1/1071 1552/1/21
f 1543/1/818 1545/1/1072 1544/1/1073
f 1522/1/210 1523/1/1074 1524/1/992
f 1504/1/1075 1503/1/1076 1521/1/1077
f 1518/1/213 1519/1/1078 1520/1/214
f 1509/1/261 1506/1/276 1507/1/1079
f 1555/1/1080 1554/1/23 1556/1/1068
f 1539/1/1070 1555/1/1080 1556/1/1068
f 1547/1/1081 1555/1/1080 1539/1/1070
f 1554/1/23 1555/1/1080 1547/1/1081
f 1553/1/1071 1554/1/23 1547/1/1081
f 1548/1/1082 1553/1/1071 1547/1/1081
f 1552/1/21 1553/1/1071 1548/1/1082
f 1551/1/22 1552/1/21 1548/1/1082
f 1550/1/816 1551/1/22 1548/1/1082
f 1549/1/1083 1550/1/816 1548/1/1082
f 1543/1/818 1550/1/816 1549/1/1083
f 1545/1/1072 1543/1/818 1549/1/1083
f 1548/1/1082 1545/1/1072 1549/1/1083
f 1546/1/1084 1545/1/1072 1548/1/1082
f 1547/1/1081 1546/1/1084 1548/1/1082
f 1539/1/1070 1546/1/1084 1547/1/1081
f 1545/1/1072 1546/1/1084 1539/1/1070
f 1544/1/1073 1545/1/1072 1539/1/1070
f 1540/1/1085 1544/1/1073 1539/1/1070
f 1543/1/818 1544/1/1073 1540/1/1085
f 1541/1/1086 1543/1/818 1540/1/1085
f 1542/1/815 1543/1/818 1541/1/1086
f 1241/1/813 1542/1/815 1541/1/1086
f 1540/1/1085 1241/1/813 1541/1/1086
f 1240/1/1087 1241/1/813 1540/1/1085
f 1539/1/1070 1240/1/1087 1540/1/1085
f 1239/1/1088 1240/1/1087 1539/1/1070
f 1538/1/1069 1239/1/1088 1539/1/1070
f 1537/1/1055 1239/1/1088 1538/1/1069
f 1226/1/1089 1239/1/1088 1537/1/1055
f 1536/1/1057 1226/1/1089 1537/1/1055
f 1225/1/1090 1226/1/1089 1536/1/1057
f 1535/1/1047 1225/1/1090 1536/1/1057
f 1534/1/1046 1225/1/1090 1535/1/1047
f 1224/1/1091 1225/1/1090 1534/1/1046
f 1533/1/1045 1224/1/1091 1534/1/1046
f 1223/1/1092 1224/1/1091 1533/1/1045
f 1532/1/1044 1223/1/1092 1533/1/1045
f 1222/1/1093 1223/1/1092 1532/1/1044
f 1200/1/1094 1222/1/1093 1532/1/1044
f 1531/1/1043 1200/1/1094 1532/1/1044
f 1201/1/1095 1200/1/1094 1531/1/1043
f 1530/1/1020 1201/1/1095 1531/1/1043
f 1180/1/1096 1201/1/1095 1530/1/1020
f 1529/1/1019 1180/1/1096 1530/1/1020
f 1179/1/1097 1180/1/1096 1529/1/1019
f 1178/1/1098 1179/1/1097 1529/1/1019
f 1528/1/996 1178/1/1098 1529/1/1019
f 1527/1/995 1178/1/1098 1528/1/996
f 1177/1/1099 1178/1/1098 1527/1/995
f 1526/1/994 1177/1/1099 1527/1/995
f 1176/1/1100 1177/1/1099 1526/1/994
f 1525/1/993 1176/1/1100 1526/1/994
f 1524/1/992 1176/1/1100 1525/1/993
f 1523/1/1074 1176/1/1100 1524/1/992
f 1503/1/1076 1176/1/1100 1523/1/1074
f 1522/1/210 1503/1/1076 1523/1/1074
f 1521/1/1077 1503/1/1076 1522/1/210
f 1520/1/214 1521/1/1077 1522/1/210
f 1504/1/1075 1521/1/1077 1520/1/214
f 1519/1/1078 1504/1/1075 1520/1/214
f 1515/1/1101 1504/1/1075 1519/1/1078
f 1518/1/213 1515/1/1101 1519/1/1078
f 1516/1/1102 1515/1/1101 1518/1/213
f 1517/1/215 1516/1/1102 1518/1/213
f 1513/1/268 1516/1/1102 1517/1/215
f 1515/1/1101 1516/1/1102 1513/1/268
f 1514/1/1103 1515/1/1101 1513/1/268
f 1504/1/1075 1515/1/1101 1514/1/1103
f 1508/1/1104 1504/1/1075 1514/1/1103
f 1513/1/268 1508/1/1104 1514/1/1103
f 1510/1/1105 1508/1/1104 1513/1/268
f 1512/1/269 1510/1/1105 1513/1/268
f 1511/1/262 1510/1/1105 1512/1/269
f 1509/1/261 1510/1/1105 1511/1/262
f 1508/1/1104 1510/1/1105 1509/1/261
f 1507/1/1079 1508/1/1104 1509/1/261
f 1504/1/1075 1508/1/1104 1507/1/1079
f 1506/1/276 1504/1/1075 1507/1/1079
f 1505/1/1106 1504/1/1075 1506/1/276
f 1500/1/277 1505/1/1106 1506/1/276
f 1501/1/1107 1505/1/1106 1500/1/277
f 1504/1/1075 1505/1/1106 1501/1/1107
f 1502/1/1108 1504/1/1075 1501/1/1107
f 1503/1/1076 1504/1/1075 1502/1/1108
f 1176/1/1100 1503/1/1076 1502/1/1108
f 1501/1/1107 1176/1/1100 1502/1/1108
f 1175/1/1109 1176/1/1100 1501/1/1107
f 1500/1/277 1175/1/1109 1501/1/1107
f 1174/1/1110 1175/1/1109 1500/1/277
f 1499/1/279 1174/1/1110 1500/1/277
f 1127/1/1111 1174/1/1110 1499/1/279
f 1498/1/280 1127/1/1111 1499/1/279
f 1497/1/281 1127/1/1111 1498/1/280
f 1492/1/1112 1127/1/1111 1497/1/281
f 1438/1/287 1492/1/1112 1497/1/281
f 1496/1/1113 1432/1/1114 1494/1/1115
f 1430/1/1116 1432/1/1114 1496/1/1113
f 1438/1/287 1430/1/1116 1496/1/1113
f 1494/1/1115 1438/1/287 1496/1/1113
f 1493/1/1117 1438/1/287 1494/1/1115
f 1495/1/1118 1477/1/1119 1479/1/1120
f 1432/1/1114 1477/1/1119 1495/1/1118
f 1494/1/1115 1432/1/1114 1495/1/1118
f 1479/1/1120 1494/1/1115 1495/1/1118
f 1493/1/1117 1494/1/1115 1479/1/1120
f 1488/1/1121 1493/1/1117 1479/1/1120
f 1438/1/287 1493/1/1117 1488/1/1121
f 1489/1/1122 1438/1/287 1488/1/1121
f 1490/1/1123 1127/1/1111 1492/1/1112
f 1438/1/287 1490/1/1123 1492/1/1112
f 1489/1/1122 1490/1/1123 1438/1/287
f 1463/1/1124 1480/1/1125 1471/1/1126
f 1479/1/1120 1477/1/1119 1478/1/1127
f 1491/1/1128 1486/1/1129 1119/1/1130
f 1127/1/1111 1491/1/1128 1119/1/1130
f 1490/1/1123 1491/1/1128 1127/1/1111
f 1486/1/1129 1491/1/1128 1490/1/1123
f 1489/1/1122 1486/1/1129 1490/1/1123
f 1488/1/1121 1486/1/1129 1489/1/1122
f 1487/1/1131 1486/1/1129 1488/1/1121
f 1479/1/1120 1487/1/1131 1488/1/1121
f 1481/1/1132 1487/1/1131 1479/1/1120
f 1486/1/1129 1487/1/1131 1481/1/1132
f 1482/1/1133 1486/1/1129 1481/1/1132
f 1483/1/1134 1486/1/1129 1482/1/1133
f 1484/1/1135 1486/1/1129 1483/1/1134
f 1485/1/1136 1486/1/1129 1484/1/1135
f 1119/1/1130 1486/1/1129 1485/1/1136
f 1121/1/1137 1119/1/1130 1485/1/1136
f 1484/1/1135 1121/1/1137 1485/1/1136
f 1454/1/1138 1121/1/1137 1484/1/1135
f 1455/1/1139 1454/1/1138 1484/1/1135
f 1483/1/1134 1455/1/1139 1484/1/1135
f 1464/1/1140 1455/1/1139 1483/1/1134
f 1482/1/1133 1464/1/1140 1483/1/1134
f 1463/1/1124 1464/1/1140 1482/1/1133
f 1481/1/1132 1463/1/1124 1482/1/1133
f 1480/1/1125 1463/1/1124 1481/1/1132
f 1479/1/1120 1480/1/1125 1481/1/1132
f 1471/1/1126 1480/1/1125 1479/1/1120
f 1478/1/1127 1471/1/1126 1479/1/1120
f 1472/1/1141 1471/1/1126 1478/1/1127
f 1477/1/1119 1472/1/1141 1478/1/1127
f 1476/1/1142 1472/1/1141 1477/1/1119
f 1432/1/1114 1476/1/1142 1477/1/1119
f 1474/1/1143 1476/1/1142 1432/1/1114
f 1472/1/1141 1476/1/1142 1474/1/1143
f 1473/1/1144 1472/1/1141 1474/1/1143
f 1468/1/1145 1475/1/1146 1466/1/1147
f 1456/1/1148 1462/1/1149 1457/1/1150
f 1432/1/1114 1465/1/1151 1466/1/1147
f 1475/1/1146 1432/1/1114 1466/1/1147
f 1474/1/1143 1432/1/1114 1475/1/1146
f 1468/1/1145 1474/1/1143 1475/1/1146
f 1473/1/1144 1474/1/1143 1468/1/1145
f 1469/1/1152 1473/1/1144 1468/1/1145
f 1472/1/1141 1473/1/1144 1469/1/1152
f 1470/1/1153 1472/1/1141 1469/1/1152
f 1471/1/1126 1472/1/1141 1470/1/1153
f 1463/1/1124 1471/1/1126 1470/1/1153
f 1469/1/1152 1463/1/1124 1470/1/1153
f 1467/1/1154 1463/1/1124 1469/1/1152
f 1468/1/1145 1467/1/1154 1469/1/1152
f 1466/1/1147 1467/1/1154 1468/1/1145
f 1463/1/1124 1467/1/1154 1466/1/1147
f 1465/1/1151 1463/1/1124 1466/1/1147
f 1461/1/1155 1463/1/1124 1465/1/1151
f 1432/1/1114 1461/1/1155 1465/1/1151
f 1460/1/1156 1461/1/1155 1432/1/1114
f 1464/1/1140 1456/1/1148 1455/1/1139
f 1462/1/1149 1456/1/1148 1464/1/1140
f 1463/1/1124 1462/1/1149 1464/1/1140
f 1461/1/1155 1462/1/1149 1463/1/1124
f 1457/1/1150 1462/1/1149 1461/1/1155
f 1460/1/1156 1457/1/1150 1461/1/1155
f 1458/1/1157 1457/1/1150 1460/1/1156
f 1432/1/1114 1458/1/1157 1460/1/1156
f 1459/1/1158 1458/1/1157 1432/1/1114
f 1368/1/1159 1442/1/1160 1437/1/1161
f 1441/1/1162 1439/1/1163 1440/1/1164
f 1439/1/1163 1432/1/1114 1434/1/1165
f 1459/1/1158 1432/1/1114 1439/1/1163
f 1441/1/1162 1459/1/1158 1439/1/1163
f 1458/1/1157 1459/1/1158 1441/1/1162
f 1447/1/1166 1458/1/1157 1441/1/1162
f 1457/1/1150 1458/1/1157 1447/1/1166
f 1448/1/1167 1457/1/1150 1447/1/1166
f 1456/1/1148 1457/1/1150 1448/1/1167
f 1449/1/1168 1456/1/1148 1448/1/1167
f 1455/1/1139 1456/1/1148 1449/1/1168
f 1450/1/1169 1455/1/1139 1449/1/1168
f 1454/1/1138 1455/1/1139 1450/1/1169
f 1121/1/1137 1454/1/1138 1450/1/1169
f 1451/1/1170 1121/1/1137 1450/1/1169
f 1452/1/1171 1121/1/1137 1451/1/1170
f 1129/1/1172 1121/1/1137 1452/1/1171
f 1130/1/1173 1129/1/1172 1452/1/1171
f 1453/1/1174 1130/1/1173 1452/1/1171
f 1372/1/1175 1130/1/1173 1453/1/1174
f 1445/1/1176 1372/1/1175 1453/1/1174
f 1452/1/1171 1445/1/1176 1453/1/1174
f 1451/1/1170 1445/1/1176 1452/1/1171
f 1450/1/1169 1445/1/1176 1451/1/1170
f 1449/1/1168 1445/1/1176 1450/1/1169
f 1448/1/1167 1445/1/1176 1449/1/1168
f 1446/1/1177 1445/1/1176 1448/1/1167
f 1447/1/1166 1446/1/1177 1448/1/1167
f 1441/1/1162 1446/1/1177 1447/1/1166
f 1443/1/1178 1446/1/1177 1441/1/1162
f 1445/1/1176 1446/1/1177 1443/1/1178
f 1444/1/1179 1445/1/1176 1443/1/1178
f 1372/1/1175 1445/1/1176 1444/1/1179
f 1368/1/1159 1372/1/1175 1444/1/1179
f 1443/1/1178 1368/1/1159 1444/1/1179
f 1442/1/1160 1368/1/1159 1443/1/1178
f 1441/1/1162 1442/1/1160 1443/1/1178
f 1437/1/1161 1442/1/1160 1441/1/1162
f 1440/1/1164 1437/1/1161 1441/1/1162
f 1435/1/1180 1437/1/1161 1440/1/1164
f 1439/1/1163 1435/1/1180 1440/1/1164
f 1434/1/1165 1435/1/1180 1439/1/1163
f 1438/1/287 1429/1/1181 1430/1/1116
f 1428/1/298 1429/1/1181 1438/1/287
f 1368/1/1159 1433/1/1182 1431/1/1183
f 1436/1/1184 1433/1/1182 1368/1/1159
f 1437/1/1161 1436/1/1184 1368/1/1159
f 1435/1/1180 1436/1/1184 1437/1/1161
f 1433/1/1182 1436/1/1184 1435/1/1180
f 1434/1/1165 1433/1/1182 1435/1/1180
f 1432/1/1114 1433/1/1182 1434/1/1165
f 1431/1/1183 1433/1/1182 1432/1/1114
f 1430/1/1116 1431/1/1183 1432/1/1114
f 1368/1/1159 1431/1/1183 1430/1/1116
f 1429/1/1181 1368/1/1159 1430/1/1116
f 1423/1/1185 1368/1/1159 1429/1/1181
f 1428/1/298 1423/1/1185 1429/1/1181
f 1424/1/1186 1423/1/1185 1428/1/298
f 1427/1/299 1424/1/1186 1428/1/298
f 1426/1/292 1424/1/1186 1427/1/299
f 1425/1/1187 1424/1/1186 1426/1/292
f 1413/1/291 1425/1/1187 1426/1/292
f 1420/1/1188 1425/1/1187 1413/1/291
f 1424/1/1186 1425/1/1187 1420/1/1188
f 1422/1/1189 1424/1/1186 1420/1/1188
f 1423/1/1185 1424/1/1186 1422/1/1189
f 1421/1/1190 1419/1/1191 1418/1/1192
f 1402/1/1193 1401/1/1194 1421/1/1190
f 1418/1/1192 1402/1/1193 1421/1/1190
f 1403/1/1195 1402/1/1193 1418/1/1192
f 1413/1/291 1415/1/1196 1417/1/1197
f 1401/1/1194 1368/1/1159 1423/1/1185
f 1422/1/1189 1401/1/1194 1423/1/1185
f 1421/1/1190 1401/1/1194 1422/1/1189
f 1420/1/1188 1421/1/1190 1422/1/1189
f 1419/1/1191 1421/1/1190 1420/1/1188
f 1413/1/291 1419/1/1191 1420/1/1188
f 1418/1/1192 1419/1/1191 1413/1/291
f 1417/1/1197 1418/1/1192 1413/1/291
f 1403/1/1195 1418/1/1192 1417/1/1197
f 1415/1/1196 1403/1/1195 1417/1/1197
f 1404/1/1198 1403/1/1195 1415/1/1196
f 1405/1/1199 1404/1/1198 1415/1/1196
f 1407/1/1200 1409/1/433 1416/1/434
f 1300/1/470 1407/1/1200 1416/1/434
f 1356/1/1201 1407/1/1200 1300/1/470
f 1414/1/1202 1413/1/291 1412/1/1203
f 1415/1/1196 1413/1/291 1414/1/1202
f 1405/1/1199 1415/1/1196 1414/1/1202
f 1412/1/1203 1405/1/1199 1414/1/1202
f 1406/1/1204 1405/1/1199 1412/1/1203
f 1408/1/1205 1406/1/1204 1412/1/1203
f 1396/1/1206 1406/1/1204 1408/1/1205
f 1411/1/1207 1413/1/291 1410/1/432
f 1412/1/1203 1413/1/291 1411/1/1207
f 1408/1/1205 1412/1/1203 1411/1/1207
f 1410/1/432 1408/1/1205 1411/1/1207
f 1409/1/433 1408/1/1205 1410/1/432
f 1407/1/1200 1408/1/1205 1409/1/433
f 1396/1/1206 1408/1/1205 1407/1/1200
f 1356/1/1201 1396/1/1206 1407/1/1200
f 1395/1/1208 1384/1/1209 1383/1/1210
f 1394/1/1211 1391/1/1212 1385/1/1213
f 1393/1/1214 1391/1/1212 1394/1/1211
f 1388/1/1215 1392/1/1216 1389/1/1217
f 1387/1/1218 1392/1/1216 1388/1/1215
f 1397/1/1219 1406/1/1204 1396/1/1206
f 1405/1/1199 1406/1/1204 1397/1/1219
f 1398/1/1220 1405/1/1199 1397/1/1219
f 1404/1/1198 1405/1/1199 1398/1/1220
f 1399/1/1221 1404/1/1198 1398/1/1220
f 1403/1/1195 1404/1/1198 1399/1/1221
f 1400/1/1222 1403/1/1195 1399/1/1221
f 1402/1/1193 1403/1/1195 1400/1/1222
f 1401/1/1194 1402/1/1193 1400/1/1222
f 1368/1/1159 1401/1/1194 1400/1/1222
f 1378/1/1223 1368/1/1159 1400/1/1222
f 1399/1/1221 1378/1/1223 1400/1/1222
f 1379/1/1224 1378/1/1223 1399/1/1221
f 1398/1/1220 1379/1/1224 1399/1/1221
f 1383/1/1210 1379/1/1224 1398/1/1220
f 153/8/1225 155/8/1226 154/8/1227
f 154/8/1227 155/8/1226 156/8/1228
f 155/8/1226 157/8/1229 156/8/1228
f 156/8/1228 157/8/1229 158/8/1230
f 157/8/1229 159/8/1231 158/8/1230
f 158/8/1230 159/8/1231 160/8/1232
f 159/8/1231 161/8/1233 160/8/1232
f 160/8/1232 161/8/1233 162/8/1234
f 161/8/1233 163/8/1235 162/8/1234
f 162/8/1234 163/8/1235 164/8/1236
f 163/8/1235 165/8/1237 164/8/1236
f 1397/1/1219 1383/1/1210 1398/1/1220
f 165/8/1237 166/8/1238 164/8/1236
f 1395/1/1208 1383/1/1210 1397/1/1219
f 166/8/1238 167/8/1239 164/8/1236
f 1396/1/1206 1395/1/1208 1397/1/1219
f 167/8/1239 168/8/1240 164/8/1236
f 164/8/1236 168/8/1240 162/8/1234
f 168/8/1240 169/8/1241 162/8/1234
f 162/8/1234 169/8/1241 160/8/1232
f 169/8/1241 170/8/1242 160/8/1232
f 160/8/1232 170/8/1242 158/8/1230
f 170/8/1242 171/8/1243 158/8/1230
f 158/8/1230 171/8/1243 156/8/1228
f 171/8/1243 172/8/1244 156/8/1228
f 156/8/1228 172/8/1244 154/8/1227
f 1356/1/1201 1395/1/1208 1396/1/1206
f 1357/1/1245 1395/1/1208 1356/1/1201
f 1384/1/1209 1395/1/1208 1357/1/1245
f 1358/1/1246 1384/1/1209 1357/1/1245
f 172/8/1244 171/8/1243 173/8/1247
f 173/8/1247 171/8/1243 174/8/1248
f 171/8/1243 170/8/1242 174/8/1248
f 174/8/1248 170/8/1242 175/8/1249
f 170/8/1242 169/8/1241 175/8/1249
f 175/8/1249 169/8/1241 176/8/1250
f 169/8/1241 168/8/1240 176/8/1250
f 176/8/1250 168/8/1240 177/8/1251
f 168/8/1240 167/8/1239 177/8/1251
f 1385/1/1213 1384/1/1209 1358/1/1246
f 1359/1/1252 1385/1/1213 1358/1/1246
f 1394/1/1211 1385/1/1213 1359/1/1252
f 1360/1/1253 1394/1/1211 1359/1/1252
f 177/8/1251 178/8/1254 176/8/1250
f 178/8/1254 179/8/1255 176/8/1250
f 176/8/1250 179/8/1255 175/8/1249
f 179/8/1255 180/8/1256 175/8/1249
f 175/8/1249 180/8/1256 174/8/1248
f 180/8/1256 181/8/1257 174/8/1248
f 174/8/1248 181/8/1257 173/8/1247
f 1370/1/1258 1394/1/1211 1360/1/1253
f 1393/1/1214 1394/1/1211 1370/1/1258
f 1389/1/1217 1393/1/1214 1370/1/1258
f 1392/1/1216 1393/1/1214 1389/1/1217
f 181/8/1257 180/8/1256 182/8/1259
f 182/8/1259 180/8/1256 183/8/1260
f 180/8/1256 179/8/1255 183/8/1260
f 183/8/1260 179/8/1255 184/8/1261
f 179/8/1255 178/8/1254 184/8/1261
f 184/8/1261 178/8/1254 185/8/1262
f 1391/1/1212 1393/1/1214 1392/1/1216
f 185/8/1262 178/8/1254 186/8/1263
f 178/8/1254 177/8/1251 186/8/1263
f 186/8/1263 177/8/1251 187/8/1264
f 177/8/1251 167/8/1239 187/8/1264
f 187/8/1264 167/8/1239 188/8/1265
f 167/8/1239 166/8/1238 188/8/1265
f 1387/1/1218 1391/1/1212 1392/1/1216
f 1385/1/1213 1391/1/1212 1387/1/1218
f 1386/1/1266 1385/1/1213 1387/1/1218
f 1376/1/1267 1390/1/1268 1374/1/1269
f 188/8/1265 189/8/1270 187/8/1264
f 189/8/1270 190/8/1271 187/8/1264
f 187/8/1264 190/8/1271 186/8/1263
f 190/8/1271 191/8/1272 186/8/1263
f 186/8/1263 191/8/1272 185/8/1262
f 191/8/1272 192/8/1273 185/8/1262
f 1370/1/1258 1373/1/1274 1374/1/1269
f 192/8/1273 193/8/1275 185/8/1262
f 185/8/1262 193/8/1275 184/8/1261
f 193/8/1275 194/8/1276 184/8/1261
f 184/8/1261 194/8/1276 183/8/1260
f 194/8/1276 195/8/1277 183/8/1260
f 183/8/1260 195/8/1277 182/8/1259
f 1390/1/1268 1370/1/1258 1374/1/1269
f 1389/1/1217 1370/1/1258 1390/1/1268
f 1376/1/1267 1389/1/1217 1390/1/1268
f 1388/1/1215 1389/1/1217 1376/1/1267
f 195/8/1277 194/8/1276 196/8/1278
f 196/8/1278 194/8/1276 197/8/1279
f 194/8/1276 193/8/1275 197/8/1279
f 197/8/1279 193/8/1275 198/8/1280
f 193/8/1275 192/8/1273 198/8/1280
f 198/8/1280 192/8/1273 199/8/1281
f 1387/1/1218 1388/1/1215 1376/1/1267
f 199/8/1281 192/8/1273 200/8/1282
f 192/8/1273 191/8/1272 200/8/1282
f 200/8/1282 191/8/1272 201/8/1283
f 191/8/1272 190/8/1271 201/8/1283
f 201/8/1283 190/8/1271 202/8/1284
f 190/8/1271 189/8/1270 202/8/1284
f 1386/1/1266 1387/1/1218 1376/1/1267
f 1381/1/1285 1386/1/1266 1376/1/1267
f 1385/1/1213 1386/1/1266 1381/1/1285
f 1382/1/1286 1385/1/1213 1381/1/1285
f 202/8/1284 203/8/1287 201/8/1283
f 203/8/1287 204/8/1288 201/8/1283
f 201/8/1283 204/8/1288 200/8/1282
f 204/8/1288 205/8/1289 200/8/1282
f 200/8/1282 205/8/1289 199/8/1281
f 205/8/1289 206/8/1290 199/8/1281
f 1384/1/1209 1385/1/1213 1382/1/1286
f 206/8/1290 207/8/1291 199/8/1281
f 199/8/1281 207/8/1291 198/8/1280
f 207/8/1291 208/8/1292 198/8/1280
f 198/8/1280 208/8/1292 197/8/1279
f 208/8/1292 209/8/1293 197/8/1279
f 197/8/1279 209/8/1293 196/8/1278
f 1383/1/1210 1384/1/1209 1382/1/1286
f 1379/1/1224 1383/1/1210 1382/1/1286
f 1381/1/1285 1379/1/1224 1382/1/1286
f 1380/1/1294 1379/1/1224 1381/1/1285
f 209/8/1293 208/8/1292 210/8/1295
f 210/8/1295 208/8/1292 211/8/1296
f 208/8/1292 207/8/1291 211/8/1296
f 211/8/1296 207/8/1291 212/8/1297
f 207/8/1291 206/8/1290 212/8/1297
f 212/8/1297 206/8/1290 213/8/1298
f 1376/1/1267 1380/1/1294 1381/1/1285
f 213/8/1298 206/8/1290 214/8/1299
f 206/8/1290 205/8/1289 214/8/1299
f 214/8/1299 205/8/1289 215/8/1300
f 205/8/1289 204/8/1288 215/8/1300
f 215/8/1300 204/8/1288 216/8/1301
f 204/8/1288 203/8/1287 216/8/1301
f 1377/1/1302 1380/1/1294 1376/1/1267
f 1379/1/1224 1380/1/1294 1377/1/1302
f 1378/1/1223 1379/1/1224 1377/1/1302
f 1368/1/1159 1378/1/1223 1377/1/1302
f 216/8/1301 217/8/1303 215/8/1300
f 217/8/1303 218/8/1304 215/8/1300
f 215/8/1300 218/8/1304 214/8/1299
f 218/8/1304 219/8/1305 214/8/1299
f 214/8/1299 219/8/1305 213/8/1298
f 219/8/1305 220/8/1306 213/8/1298
f 1375/1/1307 1368/1/1159 1377/1/1302
f 220/8/1306 221/8/1308 213/8/1298
f 213/8/1298 221/8/1308 212/8/1297
f 221/8/1308 222/8/1309 212/8/1297
f 212/8/1297 222/8/1309 211/8/1296
f 222/8/1309 223/8/1310 211/8/1296
f 211/8/1296 223/8/1310 210/8/1295
f 1376/1/1267 1375/1/1307 1377/1/1302
f 1374/1/1269 1375/1/1307 1376/1/1267
f 1368/1/1159 1375/1/1307 1374/1/1269
f 1373/1/1274 1368/1/1159 1374/1/1269
f 223/8/1310 222/8/1309 224/8/1311
f 224/8/1311 222/8/1309 225/8/1312
f 222/8/1309 221/8/1308 225/8/1312
f 225/8/1312 221/8/1308 226/8/1313
f 221/8/1308 220/8/1306 226/8/1313
f 226/8/1313 220/8/1306 227/8/1314
f 1369/1/1315 1368/1/1159 1373/1/1274
f 227/8/1314 220/8/1306 228/8/1316
f 220/8/1306 219/8/1305 228/8/1316
f 228/8/1316 219/8/1305 229/8/1317
f 219/8/1305 218/8/1304 229/8/1317
f 229/8/1317 218/8/1304 230/8/1318
f 218/8/1304 217/8/1303 230/8/1318
f 230/8/1318 217/8/1303 231/8/1319
f 1370/1/1258 1369/1/1315 1373/1/1274
f 231/8/1319 217/8/1303 232/8/1320
f 217/8/1303 216/8/1301 232/8/1320
f 232/8/1320 216/8/1301 233/8/1321
f 216/8/1301 203/8/1287 233/8/1321
f 233/8/1321 203/8/1287 234/8/1322
f 203/8/1287 202/8/1284 234/8/1322
f 234/8/1322 202/8/1284 235/8/1323
f 202/8/1284 189/8/1270 235/8/1323
f 235/8/1323 189/8/1270 236/8/1324
f 189/8/1270 188/8/1265 236/8/1324
f 236/8/1324 188/8/1265 237/8/1325
f 188/8/1265 166/8/1238 237/8/1325
f 237/8/1325 166/8/1238 238/8/1326
f 166/8/1238 165/8/1237 238/8/1326
f 238/8/1326 165/8/1237 239/8/1327
f 165/8/1237 163/8/1235 239/8/1327
f 239/8/1327 163/8/1235 240/8/1328
f 163/8/1235 161/8/1233 240/8/1328
f 240/8/1328 161/8/1233 241/8/1329
f 161/8/1233 159/8/1231 241/8/1329
f 241/8/1329 159/8/1231 242/8/1330
f 159/8/1231 157/8/1229 242/8/1330
f 242/8/1330 157/8/1229 243/8/1331
f 157/8/1229 155/8/1226 243/8/1331
f 243/8/1331 155/8/1226 244/8/1332
f 155/8/1226 153/8/1225 244/8/1332
f 1371/1/1333 1368/1/1159 1366/1/1334
f 153/8/1225 245/8/1335 244/8/1332
f 1372/1/1175 1368/1/1159 1371/1/1333
f 245/8/1335 246/8/1336 244/8/1332
f 1130/1/1173 1372/1/1175 1371/1/1333
f 246/8/1336 247/8/1337 244/8/1332
f 244/8/1332 247/8/1337 243/8/1331
f 247/8/1337 248/8/1338 243/8/1331
f 243/8/1331 248/8/1338 242/8/1330
f 248/8/1338 249/8/1339 242/8/1330
f 242/8/1330 249/8/1339 241/8/1329
f 249/8/1339 250/8/1340 241/8/1329
f 241/8/1329 250/8/1340 240/8/1328
f 250/8/1340 251/8/1341 240/8/1328
f 240/8/1328 251/8/1341 239/8/1327
f 251/8/1341 252/8/1342 239/8/1327
f 239/8/1327 252/8/1342 238/8/1326
f 252/8/1342 253/8/1343 238/8/1326
f 238/8/1326 253/8/1343 237/8/1325
f 253/8/1343 254/8/1344 237/8/1325
f 237/8/1325 254/8/1344 236/8/1324
f 254/8/1344 255/8/1345 236/8/1324
f 236/8/1324 255/8/1345 235/8/1323
f 255/8/1345 256/8/1346 235/8/1323
f 235/8/1323 256/8/1346 234/8/1322
f 256/8/1346 257/8/1347 234/8/1322
f 234/8/1322 257/8/1347 233/8/1321
f 257/8/1347 258/8/1348 233/8/1321
f 233/8/1321 258/8/1348 232/8/1320
f 258/8/1348 259/8/1349 232/8/1320
f 232/8/1320 259/8/1349 231/8/1319
f 259/8/1349 260/8/1350 231/8/1319
f 1366/1/1334 1130/1/1173 1371/1/1333
f 260/8/1350 261/8/1351 231/8/1319
f 231/8/1319 261/8/1351 230/8/1318
f 261/8/1351 229/8/1317 230/8/1318
f 1361/1/1352 1370/1/1258 1360/1/1253
f 1369/1/1315 1370/1/1258 1361/1/1352
f 1362/1/1353 1369/1/1315 1361/1/1352
f 1367/1/1354 1369/1/1315 1362/1/1353
f 260/8/1350 259/8/1349 262/8/1355
f 1368/1/1159 1369/1/1315 1367/1/1354
f 262/8/1355 259/8/1349 263/8/1356
f 259/8/1349 258/8/1348 263/8/1356
f 263/8/1356 258/8/1348 264/8/1357
f 258/8/1348 257/8/1347 264/8/1357
f 264/8/1357 257/8/1347 265/8/1358
f 257/8/1347 256/8/1346 265/8/1358
f 265/8/1358 256/8/1346 266/8/1359
f 256/8/1346 255/8/1345 266/8/1359
f 266/8/1359 255/8/1345 267/8/1360
f 255/8/1345 254/8/1344 267/8/1360
f 267/8/1360 254/8/1344 268/8/1361
f 254/8/1344 253/8/1343 268/8/1361
f 268/8/1361 253/8/1343 269/8/1362
f 253/8/1343 252/8/1342 269/8/1362
f 269/8/1362 252/8/1342 270/8/1363
f 252/8/1342 251/8/1341 270/8/1363
f 270/8/1363 251/8/1341 271/8/1364
f 251/8/1341 250/8/1340 271/8/1364
f 271/8/1364 250/8/1340 272/8/1365
f 250/8/1340 249/8/1339 272/8/1365
f 272/8/1365 249/8/1339 273/8/1366
f 249/8/1339 248/8/1338 273/8/1366
f 273/8/1366 248/8/1338 274/8/1367
f 248/8/1338 247/8/1337 274/8/1367
f 274/8/1367 247/8/1337 275/8/1368
f 247/8/1337 246/8/1336 275/8/1368
f 275/8/1368 246/8/1336 276/8/1369
f 1366/1/1334 1368/1/1159 1367/1/1354
f 276/8/1369 246/8/1336 277/8/1370
f 246/8/1336 245/8/1335 277/8/1370
f 277/8/1370 245/8/1335 278/8/1371
f 1362/1/1353 1366/1/1334 1367/1/1354
f 278/8/1371 245/8/1335 279/8/1372
f 245/8/1335 153/8/1225 279/8/1372
f 279/8/1372 153/8/1225 280/8/1373
f 153/8/1225 154/8/1227 280/8/1373
f 280/8/1373 154/8/1227 281/8/1374
f 154/8/1227 172/8/1244 281/8/1374
f 281/8/1374 172/8/1244 282/8/1375
f 172/8/1244 173/8/1247 282/8/1375
f 282/8/1375 173/8/1247 283/8/1376
f 173/8/1247 181/8/1257 283/8/1376
f 283/8/1376 181/8/1257 284/8/1377
f 181/8/1257 182/8/1259 284/8/1377
f 284/8/1377 182/8/1259 285/8/1378
f 182/8/1259 195/8/1277 285/8/1378
f 285/8/1378 195/8/1277 286/8/1379
f 195/8/1277 196/8/1278 286/8/1379
f 286/8/1379 196/8/1278 287/8/1380
f 196/8/1278 209/8/1293 287/8/1380
f 287/8/1380 209/8/1293 288/8/1381
f 209/8/1293 210/8/1295 288/8/1381
f 288/8/1381 210/8/1295 289/8/1382
f 210/8/1295 223/8/1310 289/8/1382
f 289/8/1382 223/8/1310 290/8/1383
f 223/8/1310 224/8/1311 290/8/1383
f 290/8/1383 224/8/1311 291/8/1384
f 1362/1/1353 1363/1/1385 1364/1/1386
f 291/8/1384 224/8/1311 292/8/1387
f 224/8/1311 225/8/1312 292/8/1387
f 292/8/1387 225/8/1312 293/8/1388
f 225/8/1312 226/8/1313 293/8/1388
f 293/8/1388 226/8/1313 294/8/1389
f 226/8/1313 227/8/1314 294/8/1389
f 294/8/1389 227/8/1314 295/8/1390
f 1365/1/1391 1362/1/1353 1364/1/1386
f 295/8/1390 227/8/1314 296/8/1392
f 227/8/1314 228/8/1316 296/8/1392
f 296/8/1392 228/8/1316 297/8/1393
f 228/8/1316 229/8/1317 297/8/1393
f 1366/1/1334 1362/1/1353 1365/1/1391
f 229/8/1317 261/8/1351 297/8/1393
f 297/8/1393 261/8/1351 298/8/1394
f 261/8/1351 260/8/1350 298/8/1394
f 298/8/1394 260/8/1350 299/8/1395
f 260/8/1350 262/8/1355 299/8/1395
f 299/8/1395 262/8/1355 300/8/1396
f 1130/1/1173 1366/1/1334 1365/1/1391
f 300/8/1396 262/8/1355 301/8/1397
f 262/8/1355 263/8/1356 301/8/1397
f 301/8/1397 263/8/1356 302/8/1398
f 263/8/1356 264/8/1357 302/8/1398
f 302/8/1398 264/8/1357 303/8/1399
f 264/8/1357 265/8/1358 303/8/1399
f 303/8/1399 265/8/1358 304/8/386
f 265/8/1358 266/8/1359 304/8/386
f 304/8/386 266/8/1359 305/8/1400
f 266/8/1359 267/8/1360 305/8/1400
f 305/8/1400 267/8/1360 306/8/1401
f 267/8/1360 268/8/1361 306/8/1401
f 306/8/1401 268/8/1361 307/8/1402
f 268/8/1361 269/8/1362 307/8/1402
f 307/8/1402 269/8/1362 308/8/1403
f 269/8/1362 270/8/1363 308/8/1403
f 308/8/1403 270/8/1363 309/8/1404
f 270/8/1363 271/8/1364 309/8/1404
f 309/8/1404 271/8/1364 310/8/1405
f 271/8/1364 272/8/1365 310/8/1405
f 310/8/1405 272/8/1365 311/8/1406
f 272/8/1365 273/8/1366 311/8/1406
f 311/8/1406 273/8/1366 312/8/1407
f 273/8/1366 274/8/1367 312/8/1407
f 312/8/1407 274/8/1367 313/8/1408
f 274/8/1367 275/8/1368 313/8/1408
f 313/8/1408 275/8/1368 314/8/1409
f 275/8/1368 276/8/1369 314/8/1409
f 314/8/1409 276/8/1369 315/8/1410
f 276/8/1369 316/8/1411 315/8/1410
f 315/8/1410 316/8/1411 317/8/1412
f 1364/1/1386 1130/1/1173 1365/1/1391
f 317/8/1412 316/8/1411 318/8/1413
f 1140/1/1414 1130/1/1173 1364/1/1386
f 318/8/1413 316/8/1411 319/8/1415
f 316/8/1411 277/8/1370 319/8/1415
f 319/8/1415 277/8/1370 278/8/1371
f 1309/1/1416 1140/1/1414 1364/1/1386
f 1363/1/1385 1309/1/1416 1364/1/1386
f 1349/1/1417 1309/1/1416 1363/1/1385
f 1362/1/1353 1349/1/1417 1363/1/1385
f 316/8/1411 276/8/1369 277/8/1370
f 1350/1/1418 1349/1/1417 1362/1/1353
f 1351/1/1419 1350/1/1418 1362/1/1353
f 1361/1/1352 1351/1/1419 1362/1/1353
f 1360/1/1253 1351/1/1419 1361/1/1352
f 317/8/1412 320/8/1420 315/8/1410
f 320/8/1420 321/8/1421 315/8/1410
f 315/8/1410 321/8/1421 314/8/1409
f 321/8/1421 322/8/1422 314/8/1409
f 314/8/1409 322/8/1422 313/8/1408
f 322/8/1422 323/8/1423 313/8/1408
f 313/8/1408 323/8/1423 312/8/1407
f 323/8/1423 324/8/1424 312/8/1407
f 312/8/1407 324/8/1424 311/8/1406
f 324/8/1424 325/8/1425 311/8/1406
f 311/8/1406 325/8/1425 310/8/1405
f 325/8/1425 326/8/1426 310/8/1405
f 310/8/1405 326/8/1426 309/8/1404
f 326/8/1426 327/8/1427 309/8/1404
f 309/8/1404 327/8/1427 308/8/1403
f 327/8/1427 328/8/1428 308/8/1403
f 308/8/1403 328/8/1428 307/8/1402
f 328/8/1428 329/8/1429 307/8/1402
f 307/8/1402 329/8/1429 306/8/1401
f 329/8/1429 330/8/1430 306/8/1401
f 306/8/1401 330/8/1430 305/8/1400
f 330/8/1430 331/8/1431 305/8/1400
f 305/8/1400 331/8/1431 304/8/386
f 331/8/1431 332/8/1432 304/8/386
f 304/8/386 332/8/1432 303/8/1399
f 332/8/1432 333/8/1433 303/8/1399
f 303/8/1399 333/8/1433 302/8/1398
f 333/8/1433 334/8/1434 302/8/1398
f 302/8/1398 334/8/1434 301/8/1397
f 334/8/1434 335/8/1435 301/8/1397
f 301/8/1397 335/8/1435 300/8/1396
f 1352/1/1436 1351/1/1419 1360/1/1253
f 1359/1/1252 1352/1/1436 1360/1/1253
f 1353/1/1437 1352/1/1436 1359/1/1252
f 1358/1/1246 1353/1/1437 1359/1/1252
f 335/8/1435 334/8/1434 336/8/1438
f 336/8/1438 334/8/1434 337/8/1439
f 334/8/1434 333/8/1433 337/8/1439
f 337/8/1439 333/8/1433 338/8/1440
f 333/8/1433 332/8/1432 338/8/1440
f 338/8/1440 332/8/1432 339/8/1441
f 332/8/1432 331/8/1431 339/8/1441
f 339/8/1441 331/8/1431 340/8/1442
f 331/8/1431 330/8/1430 340/8/1442
f 340/8/1442 330/8/1430 341/8/1443
f 330/8/1430 329/8/1429 341/8/1443
f 341/8/1443 329/8/1429 342/8/1444
f 329/8/1429 328/8/1428 342/8/1444
f 342/8/1444 328/8/1428 343/8/1445
f 328/8/1428 327/8/1427 343/8/1445
f 343/8/1445 327/8/1427 344/8/1446
f 327/8/1427 326/8/1426 344/8/1446
f 344/8/1446 326/8/1426 345/8/1447
f 326/8/1426 325/8/1425 345/8/1447
f 345/8/1447 325/8/1425 346/8/1448
f 325/8/1425 324/8/1424 346/8/1448
f 346/8/1448 324/8/1424 347/8/1449
f 324/8/1424 323/8/1423 347/8/1449
f 347/8/1449 323/8/1423 348/8/1450
f 323/8/1423 322/8/1422 348/8/1450
f 348/8/1450 322/8/1422 349/8/1451
f 322/8/1422 321/8/1421 349/8/1451
f 349/8/1451 321/8/1421 350/8/1452
f 321/8/1421 320/8/1420 350/8/1452
f 350/8/1452 320/8/1420 351/8/1453
f 320/8/1420 352/8/1454 351/8/1453
f 351/8/1453 352/8/1454 353/8/1455
f 1354/1/1456 1353/1/1437 1358/1/1246
f 353/8/1455 352/8/1454 354/8/1457
f 1357/1/1245 1354/1/1456 1358/1/1246
f 354/8/1457 352/8/1454 355/8/1458
f 352/8/1454 317/8/1412 355/8/1458
f 355/8/1458 317/8/1412 318/8/1413
f 1355/1/1459 1354/1/1456 1357/1/1245
f 1356/1/1201 1355/1/1459 1357/1/1245
f 1300/1/470 1355/1/1459 1356/1/1201
f 1342/1/1460 1355/1/1459 1300/1/470
f 352/8/1454 320/8/1420 317/8/1412
f 1343/1/1461 1355/1/1459 1342/1/1460
f 1354/1/1456 1355/1/1459 1343/1/1461
f 1344/1/1462 1354/1/1456 1343/1/1461
f 1353/1/1437 1354/1/1456 1344/1/1462
f 353/8/1455 356/8/1463 351/8/1453
f 356/8/1463 357/8/1464 351/8/1453
f 351/8/1453 357/8/1464 350/8/1452
f 357/8/1464 358/8/1465 350/8/1452
f 350/8/1452 358/8/1465 349/8/1451
f 358/8/1465 359/8/1466 349/8/1451
f 349/8/1451 359/8/1466 348/8/1450
f 359/8/1466 360/8/1467 348/8/1450
f 348/8/1450 360/8/1467 347/8/1449
f 360/8/1467 361/8/1468 347/8/1449
f 347/8/1449 361/8/1468 346/8/1448
f 361/8/1468 362/8/1469 346/8/1448
f 346/8/1448 362/8/1469 345/8/1447
f 362/8/1469 363/8/1470 345/8/1447
f 345/8/1447 363/8/1470 344/8/1446
f 363/8/1470 364/8/1471 344/8/1446
f 344/8/1446 364/8/1471 343/8/1445
f 364/8/1471 365/8/1472 343/8/1445
f 343/8/1445 365/8/1472 342/8/1444
f 365/8/1472 366/8/1473 342/8/1444
f 342/8/1444 366/8/1473 341/8/1443
f 366/8/1473 367/8/1474 341/8/1443
f 341/8/1443 367/8/1474 340/8/1442
f 367/8/1474 368/8/1475 340/8/1442
f 340/8/1442 368/8/1475 339/8/1441
f 368/8/1475 369/8/1476 339/8/1441
f 339/8/1441 369/8/1476 338/8/1440
f 369/8/1476 370/8/1477 338/8/1440
f 338/8/1440 370/8/1477 337/8/1439
f 370/8/1477 371/8/1478 337/8/1439
f 337/8/1439 371/8/1478 336/8/1438
f 1345/1/1479 1353/1/1437 1344/1/1462
f 1352/1/1436 1353/1/1437 1345/1/1479
f 1346/1/1480 1352/1/1436 1345/1/1479
f 1351/1/1419 1352/1/1436 1346/1/1480
f 371/8/1478 370/8/1477 372/8/1481
f 372/8/1481 370/8/1477 373/8/1482
f 370/8/1477 369/8/1476 373/8/1482
f 373/8/1482 369/8/1476 374/8/1483
f 369/8/1476 368/8/1475 374/8/1483
f 374/8/1483 368/8/1475 375/8/1484
f 368/8/1475 367/8/1474 375/8/1484
f 375/8/1484 367/8/1474 376/8/1485
f 367/8/1474 366/8/1473 376/8/1485
f 376/8/1485 366/8/1473 377/8/1486
f 366/8/1473 365/8/1472 377/8/1486
f 377/8/1486 365/8/1472 378/8/1487
f 365/8/1472 364/8/1471 378/8/1487
f 378/8/1487 364/8/1471 379/8/1488
f 364/8/1471 363/8/1470 379/8/1488
f 379/8/1488 363/8/1470 380/8/1489
f 363/8/1470 362/8/1469 380/8/1489
f 380/8/1489 362/8/1469 381/8/1490
f 362/8/1469 361/8/1468 381/8/1490
f 381/8/1490 361/8/1468 382/8/1491
f 361/8/1468 360/8/1467 382/8/1491
f 382/8/1491 360/8/1467 383/8/1492
f 360/8/1467 359/8/1466 383/8/1492
f 1350/1/1418 1351/1/1419 1346/1/1480
f 1347/1/1493 1350/1/1418 1346/1/1480
f 1349/1/1417 1350/1/1418 1347/1/1493
f 1348/1/1494 1349/1/1417 1347/1/1493
f 374/8/1483 375/8/1484 373/8/1482
f 1309/1/1416 1349/1/1417 1348/1/1494
f 1313/1/1495 1309/1/1416 1348/1/1494
f 1347/1/1493 1313/1/1495 1348/1/1494
f 1337/1/1496 1313/1/1495 1347/1/1493
f 382/8/1491 383/8/1492 381/8/1490
f 1338/1/1497 1337/1/1496 1347/1/1493
f 383/8/1492 384/8/1498 381/8/1490
f 381/8/1490 384/8/1498 380/8/1489
f 384/8/1498 385/8/1499 380/8/1489
f 380/8/1489 385/8/1499 379/8/1488
f 385/8/1499 386/8/1500 379/8/1488
f 379/8/1488 386/8/1500 378/8/1487
f 386/8/1500 387/8/1501 378/8/1487
f 378/8/1487 387/8/1501 377/8/1486
f 387/8/1501 388/8/1502 377/8/1486
f 377/8/1486 388/8/1502 376/8/1485
f 388/8/1502 389/8/1503 376/8/1485
f 376/8/1485 389/8/1503 375/8/1484
f 1346/1/1480 1338/1/1497 1347/1/1493
f 375/8/1484 389/8/1503 373/8/1482
f 1345/1/1479 1338/1/1497 1346/1/1480
f 373/8/1482 389/8/1503 372/8/1481
f 1339/1/1504 1338/1/1497 1345/1/1479
f 372/8/1481 389/8/1503 390/8/1505
f 389/8/1503 388/8/1502 390/8/1505
f 390/8/1505 388/8/1502 391/8/1506
f 388/8/1502 387/8/1501 391/8/1506
f 391/8/1506 387/8/1501 392/8/1507
f 387/8/1501 386/8/1500 392/8/1507
f 392/8/1507 386/8/1500 393/8/1508
f 386/8/1500 385/8/1499 393/8/1508
f 393/8/1508 385/8/1499 394/8/1509
f 385/8/1499 384/8/1498 394/8/1509
f 394/8/1509 384/8/1498 395/8/1510
f 384/8/1498 383/8/1492 395/8/1510
f 1344/1/1462 1339/1/1504 1345/1/1479
f 383/8/1492 359/8/1466 395/8/1510
f 1340/1/1511 1339/1/1504 1344/1/1462
f 359/8/1466 358/8/1465 395/8/1510
f 395/8/1510 358/8/1465 396/8/1512
f 358/8/1465 357/8/1464 396/8/1512
f 1343/1/1461 1340/1/1511 1344/1/1462
f 1341/1/1513 1340/1/1511 1343/1/1461
f 1342/1/1460 1341/1/1513 1343/1/1461
f 1333/1/1514 1342/1/1460 1300/1/470
f 395/8/1510 396/8/1512 394/8/1509
f 396/8/1512 397/8/1515 394/8/1509
f 394/8/1509 397/8/1515 393/8/1508
f 397/8/1515 398/8/1516 393/8/1508
f 393/8/1508 398/8/1516 392/8/1507
f 398/8/1516 399/8/1517 392/8/1507
f 392/8/1507 399/8/1517 391/8/1506
f 399/8/1517 400/8/1518 391/8/1506
f 391/8/1506 400/8/1518 390/8/1505
f 400/8/1518 401/8/1519 390/8/1505
f 390/8/1505 401/8/1519 372/8/1481
f 1341/1/1513 1342/1/1460 1333/1/1514
f 372/8/1481 401/8/1519 371/8/1478
f 401/8/1519 402/8/1520 371/8/1478
f 371/8/1478 402/8/1520 336/8/1438
f 402/8/1520 403/8/1521 336/8/1438
f 336/8/1438 403/8/1521 335/8/1435
f 403/8/1521 404/8/1522 335/8/1435
f 335/8/1435 404/8/1522 300/8/1396
f 404/8/1522 405/8/1523 300/8/1396
f 300/8/1396 405/8/1523 299/8/1395
f 405/8/1523 406/8/1524 299/8/1395
f 299/8/1395 406/8/1524 298/8/1394
f 406/8/1524 407/8/1525 298/8/1394
f 298/8/1394 407/8/1525 297/8/1393
f 1334/1/1526 1341/1/1513 1333/1/1514
f 297/8/1393 407/8/1525 296/8/1392
f 407/8/1525 408/8/1527 296/8/1392
f 296/8/1392 408/8/1527 295/8/1390
f 1340/1/1511 1341/1/1513 1334/1/1526
f 1335/1/1528 1340/1/1511 1334/1/1526
f 1339/1/1504 1340/1/1511 1335/1/1528
f 1336/1/1529 1339/1/1504 1335/1/1528
f 408/8/1527 407/8/1525 409/8/1530
f 1338/1/1497 1339/1/1504 1336/1/1529
f 407/8/1525 406/8/1524 409/8/1530
f 409/8/1530 406/8/1524 410/8/1531
f 406/8/1524 405/8/1523 410/8/1531
f 410/8/1531 405/8/1523 411/8/1532
f 405/8/1523 404/8/1522 411/8/1532
f 411/8/1532 404/8/1522 412/8/1533
f 404/8/1522 403/8/1521 412/8/1533
f 412/8/1533 403/8/1521 413/8/1534
f 403/8/1521 402/8/1520 413/8/1534
f 413/8/1534 402/8/1520 414/8/1535
f 402/8/1520 401/8/1519 414/8/1535
f 1337/1/1496 1338/1/1497 1336/1/1529
f 401/8/1519 400/8/1518 414/8/1535
f 414/8/1535 400/8/1518 415/8/1536
f 400/8/1518 399/8/1517 415/8/1536
f 415/8/1536 399/8/1517 416/8/1537
f 399/8/1517 398/8/1516 416/8/1537
f 416/8/1537 398/8/1516 417/8/1538
f 398/8/1516 397/8/1515 417/8/1538
f 417/8/1538 397/8/1515 418/8/1539
f 397/8/1515 396/8/1512 418/8/1539
f 1314/1/1540 1313/1/1495 1337/1/1496
f 396/8/1512 357/8/1464 418/8/1539
f 1336/1/1529 1314/1/1540 1337/1/1496
f 357/8/1464 356/8/1463 418/8/1539
f 1318/1/1541 1314/1/1540 1336/1/1529
f 356/8/1463 419/8/1542 418/8/1539
f 418/8/1539 419/8/1542 417/8/1538
f 419/8/1542 420/8/1543 417/8/1538
f 417/8/1538 420/8/1543 416/8/1537
f 420/8/1543 421/8/1544 416/8/1537
f 416/8/1537 421/8/1544 415/8/1536
f 421/8/1544 422/8/1545 415/8/1536
f 415/8/1536 422/8/1545 414/8/1535
f 1335/1/1528 1318/1/1541 1336/1/1529
f 414/8/1535 422/8/1545 413/8/1534
f 422/8/1545 423/8/1546 413/8/1534
f 413/8/1534 423/8/1546 412/8/1533
f 423/8/1546 424/8/1547 412/8/1533
f 412/8/1533 424/8/1547 411/8/1532
f 424/8/1547 425/8/1548 411/8/1532
f 411/8/1532 425/8/1548 410/8/1531
f 425/8/1548 426/8/1549 410/8/1531
f 410/8/1531 426/8/1549 409/8/1530
f 426/8/1549 427/8/1550 409/8/1530
f 409/8/1530 427/8/1550 408/8/1527
f 427/8/1550 428/8/1551 408/8/1527
f 408/8/1527 428/8/1551 295/8/1390
f 428/8/1551 429/8/1552 295/8/1390
f 295/8/1390 429/8/1552 294/8/1389
f 429/8/1552 430/8/1553 294/8/1389
f 294/8/1389 430/8/1553 293/8/1388
f 430/8/1553 431/8/1554 293/8/1388
f 293/8/1388 431/8/1554 292/8/1387
f 431/8/1554 432/8/1555 292/8/1387
f 292/8/1387 432/8/1555 291/8/1384
f 1330/1/1556 1318/1/1541 1335/1/1528
f 1334/1/1526 1330/1/1556 1335/1/1528
f 1333/1/1514 1330/1/1556 1334/1/1526
f 1332/1/1557 1330/1/1556 1333/1/1514
f 432/8/1555 431/8/1554 433/8/1558
f 433/8/1558 431/8/1554 434/8/1559
f 431/8/1554 430/8/1553 434/8/1559
f 434/8/1559 430/8/1553 435/8/1560
f 430/8/1553 429/8/1552 435/8/1560
f 435/8/1560 429/8/1552 436/8/1561
f 429/8/1552 428/8/1551 436/8/1561
f 436/8/1561 428/8/1551 437/8/1562
f 428/8/1551 427/8/1550 437/8/1562
f 437/8/1562 427/8/1550 438/8/1563
f 427/8/1550 426/8/1549 438/8/1563
f 438/8/1563 426/8/1549 439/8/1564
f 426/8/1549 425/8/1548 439/8/1564
f 439/8/1564 425/8/1548 440/8/1565
f 425/8/1548 424/8/1547 440/8/1565
f 440/8/1565 424/8/1547 441/8/1566
f 424/8/1547 423/8/1546 441/8/1566
f 441/8/1566 423/8/1546 442/8/1567
f 423/8/1546 422/8/1545 442/8/1567
f 1300/1/470 1332/1/1557 1333/1/1514
f 422/8/1545 421/8/1544 442/8/1567
f 442/8/1567 421/8/1544 443/8/1568
f 421/8/1544 420/8/1543 443/8/1568
f 443/8/1568 420/8/1543 444/8/1569
f 420/8/1543 419/8/1542 444/8/1569
f 444/8/1569 419/8/1542 445/8/1570
f 419/8/1542 356/8/1463 445/8/1570
f 1329/1/1571 1332/1/1557 1300/1/470
f 356/8/1463 353/8/1455 445/8/1570
f 445/8/1570 353/8/1455 446/8/1572
f 353/8/1455 354/8/1457 446/8/1572
f 1330/1/1556 1332/1/1557 1329/1/1571
f 1297/1/1573 1300/1/470 1331/1/474
f 1298/1/472 1297/1/1573 1331/1/474
f 1319/1/1574 1318/1/1541 1330/1/1556
f 446/8/1572 447/8/1575 445/8/1570
f 1329/1/1571 1319/1/1574 1330/1/1556
f 445/8/1570 447/8/1575 444/8/1569
f 447/8/1575 448/8/1576 444/8/1569
f 444/8/1569 448/8/1576 443/8/1568
f 448/8/1576 449/8/1577 443/8/1568
f 443/8/1568 449/8/1577 442/8/1567
f 1320/1/1578 1319/1/1574 1329/1/1571
f 442/8/1567 449/8/1577 441/8/1566
f 449/8/1577 450/8/1579 441/8/1566
f 441/8/1566 450/8/1579 440/8/1565
f 1328/1/1580 1320/1/1578 1329/1/1571
f 1300/1/470 1328/1/1580 1329/1/1571
f 1326/1/1581 1328/1/1580 1300/1/470
f 1320/1/1578 1328/1/1580 1326/1/1581
f 450/8/1579 449/8/1577 451/8/1582
f 1327/1/1583 1320/1/1578 1326/1/1581
f 449/8/1577 448/8/1576 451/8/1582
f 451/8/1582 448/8/1576 452/8/1584
f 448/8/1576 447/8/1575 452/8/1584
f 452/8/1584 447/8/1575 453/8/1585
f 447/8/1575 446/8/1572 453/8/1585
f 453/8/1585 446/8/1572 454/8/1586
f 446/8/1572 354/8/1457 454/8/1586
f 454/8/1586 354/8/1457 455/8/1587
f 354/8/1457 355/8/1458 455/8/1587
f 455/8/1587 355/8/1458 456/8/1588
f 355/8/1458 318/8/1413 456/8/1588
f 456/8/1588 318/8/1413 457/8/1589
f 318/8/1413 319/8/1415 457/8/1589
f 457/8/1589 319/8/1415 458/8/1590
f 319/8/1415 278/8/1371 458/8/1590
f 458/8/1590 278/8/1371 459/8/1591
f 278/8/1371 279/8/1372 459/8/1591
f 459/8/1591 279/8/1372 460/8/1592
f 279/8/1372 280/8/1373 460/8/1592
f 460/8/1592 280/8/1373 461/8/1593
f 280/8/1373 281/8/1374 461/8/1593
f 461/8/1593 281/8/1374 462/8/1594
f 281/8/1374 282/8/1375 462/8/1594
f 462/8/1594 282/8/1375 463/8/1595
f 282/8/1375 283/8/1376 463/8/1595
f 463/8/1595 283/8/1376 464/8/1596
f 283/8/1376 284/8/1377 464/8/1596
f 464/8/1596 284/8/1377 465/8/1597
f 284/8/1377 285/8/1378 465/8/1597
f 465/8/1597 285/8/1378 466/8/1598
f 285/8/1378 286/8/1379 466/8/1598
f 466/8/1598 286/8/1379 467/8/1599
f 286/8/1379 287/8/1380 467/8/1599
f 467/8/1599 287/8/1380 468/8/1600
f 287/8/1380 288/8/1381 468/8/1600
f 468/8/1600 288/8/1381 469/8/1601
f 288/8/1381 289/8/1382 469/8/1601
f 469/8/1601 289/8/1382 470/8/1602
f 289/8/1382 290/8/1383 470/8/1602
f 470/8/1602 290/8/1383 471/8/1603
f 290/8/1383 291/8/1384 471/8/1603
f 471/8/1603 291/8/1384 472/8/1604
f 291/8/1384 432/8/1555 472/8/1604
f 472/8/1604 432/8/1555 473/8/1605
f 432/8/1555 433/8/1558 473/8/1605
f 473/8/1605 433/8/1558 474/8/1606
f 1306/1/1607 1323/1/1608 1304/1/1609
f 474/8/1606 433/8/1558 475/8/1610
f 433/8/1558 434/8/1559 475/8/1610
f 475/8/1610 434/8/1559 476/8/1611
f 434/8/1559 435/8/1560 476/8/1611
f 476/8/1611 435/8/1560 477/8/1612
f 435/8/1560 436/8/1561 477/8/1612
f 477/8/1612 436/8/1561 478/8/1613
f 436/8/1561 437/8/1562 478/8/1613
f 478/8/1613 437/8/1562 479/8/1614
f 437/8/1562 438/8/1563 479/8/1614
f 479/8/1614 438/8/1563 480/8/1615
f 438/8/1563 439/8/1564 480/8/1615
f 480/8/1615 439/8/1564 481/8/1616
f 439/8/1564 440/8/1565 481/8/1616
f 1309/1/1416 1310/1/1617 1308/1/1618
f 440/8/1565 450/8/1579 481/8/1616
f 481/8/1616 450/8/1579 482/8/1619
f 450/8/1579 451/8/1582 482/8/1619
f 1322/1/1620 1321/1/1621 1320/1/1578
f 451/8/1582 452/8/1584 482/8/1619
f 482/8/1619 452/8/1584 483/8/1622
f 452/8/1584 453/8/1585 483/8/1622
f 483/8/1622 453/8/1585 484/8/1623
f 453/8/1585 454/8/1586 484/8/1623
f 484/8/1623 454/8/1586 485/8/1624
f 454/8/1586 455/8/1587 485/8/1624
f 485/8/1624 455/8/1587 486/8/1625
f 455/8/1587 456/8/1588 486/8/1625
f 486/8/1625 456/8/1588 487/8/1626
f 456/8/1588 457/8/1589 487/8/1626
f 487/8/1626 457/8/1589 488/8/1627
f 457/8/1589 458/8/1590 488/8/1627
f 488/8/1627 458/8/1590 489/8/1628
f 458/8/1590 459/8/1591 489/8/1628
f 1327/1/1583 1322/1/1620 1320/1/1578
f 459/8/1591 460/8/1592 489/8/1628
f 489/8/1628 460/8/1592 490/8/1629
f 460/8/1592 461/8/1593 490/8/1629
f 1324/1/1630 1322/1/1620 1327/1/1583
f 1326/1/1581 1324/1/1630 1327/1/1583
f 1325/1/1631 1324/1/1630 1326/1/1581
f 1300/1/470 1325/1/1631 1326/1/1581
f 468/8/1600 466/8/1598 467/8/1599
f 1302/1/1632 1325/1/1631 1300/1/470
f 1324/1/1630 1325/1/1631 1302/1/1632
f 1303/1/1633 1324/1/1630 1302/1/1632
f 1304/1/1609 1324/1/1630 1303/1/1633
f 490/8/1629 491/8/1634 489/8/1628
f 489/8/1628 491/8/1634 488/8/1627
f 491/8/1634 492/8/1635 488/8/1627
f 488/8/1627 492/8/1635 487/8/1626
f 492/8/1635 493/8/1636 487/8/1626
f 487/8/1626 493/8/1636 486/8/1625
f 493/8/1636 494/8/1637 486/8/1625
f 486/8/1625 494/8/1637 485/8/1624
f 494/8/1637 495/8/1638 485/8/1624
f 485/8/1624 495/8/1638 484/8/1623
f 495/8/1638 496/8/1639 484/8/1623
f 484/8/1623 496/8/1639 483/8/1622
f 496/8/1639 497/8/1640 483/8/1622
f 483/8/1622 497/8/1640 482/8/1619
f 1323/1/1608 1324/1/1630 1304/1/1609
f 482/8/1619 497/8/1640 481/8/1616
f 1322/1/1620 1324/1/1630 1323/1/1608
f 481/8/1616 497/8/1640 480/8/1615
f 497/8/1640 498/8/1641 480/8/1615
f 480/8/1615 498/8/1641 479/8/1614
f 1306/1/1607 1322/1/1620 1323/1/1608
f 1321/1/1621 1322/1/1620 1306/1/1607
f 1316/1/1642 1321/1/1621 1306/1/1607
f 1320/1/1578 1321/1/1621 1316/1/1642
f 497/8/1640 496/8/1639 498/8/1641
f 498/8/1641 496/8/1639 499/8/1643
f 496/8/1639 495/8/1638 499/8/1643
f 499/8/1643 495/8/1638 500/8/1644
f 495/8/1638 494/8/1637 500/8/1644
f 500/8/1644 494/8/1637 501/8/1645
f 494/8/1637 493/8/1636 501/8/1645
f 501/8/1645 493/8/1636 502/8/1646
f 493/8/1636 492/8/1635 502/8/1646
f 502/8/1646 492/8/1635 503/8/1647
f 492/8/1635 491/8/1634 503/8/1647
f 503/8/1647 491/8/1634 504/8/1648
f 491/8/1634 490/8/1629 504/8/1648
f 504/8/1648 490/8/1629 505/8/1649
f 490/8/1629 461/8/1593 505/8/1649
f 1317/1/1650 1320/1/1578 1316/1/1642
f 461/8/1593 462/8/1594 505/8/1649
f 505/8/1649 462/8/1594 506/8/1651
f 462/8/1594 463/8/1595 506/8/1651
f 1319/1/1574 1320/1/1578 1317/1/1650
f 1318/1/1541 1319/1/1574 1317/1/1650
f 1314/1/1540 1318/1/1541 1317/1/1650
f 1316/1/1642 1314/1/1540 1317/1/1650
f 506/8/1651 507/8/1652 505/8/1649
f 1315/1/1653 1314/1/1540 1316/1/1642
f 505/8/1649 507/8/1652 504/8/1648
f 507/8/1652 508/8/1654 504/8/1648
f 504/8/1648 508/8/1654 503/8/1647
f 508/8/1654 509/8/1655 503/8/1647
f 503/8/1647 509/8/1655 502/8/1646
f 509/8/1655 510/8/1656 502/8/1646
f 502/8/1646 510/8/1656 501/8/1645
f 510/8/1656 511/8/1657 501/8/1645
f 501/8/1645 511/8/1657 500/8/1644
f 511/8/1657 512/8/1658 500/8/1644
f 500/8/1644 512/8/1658 499/8/1643
f 512/8/1658 513/8/1659 499/8/1643
f 499/8/1643 513/8/1659 498/8/1641
f 1306/1/1607 1315/1/1653 1316/1/1642
f 498/8/1641 513/8/1659 479/8/1614
f 1311/1/1660 1315/1/1653 1306/1/1607
f 479/8/1614 513/8/1659 478/8/1613
f 513/8/1659 514/8/1661 478/8/1613
f 478/8/1613 514/8/1661 477/8/1612
f 1314/1/1540 1315/1/1653 1311/1/1660
f 1312/1/1662 1314/1/1540 1311/1/1660
f 1313/1/1495 1314/1/1540 1312/1/1662
f 1309/1/1416 1313/1/1495 1312/1/1662
f 513/8/1659 512/8/1658 514/8/1661
f 514/8/1661 512/8/1658 515/8/1663
f 512/8/1658 511/8/1657 515/8/1663
f 515/8/1663 511/8/1657 516/8/1664
f 511/8/1657 510/8/1656 516/8/1664
f 516/8/1664 510/8/1656 517/8/1665
f 510/8/1656 509/8/1655 517/8/1665
f 517/8/1665 509/8/1655 518/8/1666
f 509/8/1655 508/8/1654 518/8/1666
f 518/8/1666 508/8/1654 519/8/1667
f 508/8/1654 507/8/1652 519/8/1667
f 519/8/1667 507/8/1652 520/8/1668
f 507/8/1652 506/8/1651 520/8/1668
f 520/8/1668 506/8/1651 521/8/1669
f 506/8/1651 463/8/1595 521/8/1669
f 1311/1/1660 1309/1/1416 1312/1/1662
f 463/8/1595 464/8/1596 521/8/1669
f 521/8/1669 464/8/1596 522/8/1670
f 464/8/1596 465/8/1597 522/8/1670
f 1310/1/1617 1309/1/1416 1311/1/1660
f 1306/1/1607 1310/1/1617 1311/1/1660
f 1308/1/1618 1310/1/1617 1306/1/1607
f 1307/1/1671 1308/1/1618 1306/1/1607
f 522/8/1670 523/8/1672 521/8/1669
f 1152/1/1673 1151/1/1674 1305/1/1675
f 521/8/1669 523/8/1672 520/8/1668
f 523/8/1672 524/8/1676 520/8/1668
f 520/8/1668 524/8/1676 519/8/1667
f 524/8/1676 525/8/1677 519/8/1667
f 519/8/1667 525/8/1677 518/8/1666
f 525/8/1677 526/8/1678 518/8/1666
f 518/8/1666 526/8/1678 517/8/1665
f 526/8/1678 527/8/1679 517/8/1665
f 517/8/1665 527/8/1679 516/8/1664
f 527/8/1679 528/8/1680 516/8/1664
f 516/8/1664 528/8/1680 515/8/1663
f 528/8/1680 529/8/1681 515/8/1663
f 515/8/1663 529/8/1681 514/8/1661
f 1300/1/470 1301/1/1682 1302/1/1632
f 514/8/1661 529/8/1681 477/8/1612
f 1141/1/1683 1140/1/1414 1309/1/1416
f 477/8/1612 529/8/1681 476/8/1611
f 529/8/1681 530/8/1684 476/8/1611
f 476/8/1611 530/8/1684 475/8/1610
f 530/8/1684 531/8/1685 475/8/1610
f 475/8/1610 531/8/1685 474/8/1606
f 531/8/1685 532/8/1686 474/8/1606
f 474/8/1606 532/8/1686 533/8/1687
f 532/8/1686 527/8/1679 533/8/1687
f 1308/1/1618 1141/1/1683 1309/1/1416
f 527/8/1679 526/8/1678 533/8/1687
f 1134/1/1688 1141/1/1683 1308/1/1618
f 526/8/1678 534/8/1689 533/8/1687
f 533/8/1687 534/8/1689 473/8/1605
f 1307/1/1671 1134/1/1688 1308/1/1618
f 473/8/1605 534/8/1689 472/8/1604
f 534/8/1689 535/8/1690 472/8/1604
f 472/8/1604 535/8/1690 471/8/1603
f 1151/1/1674 1134/1/1688 1307/1/1671
f 1306/1/1607 1151/1/1674 1307/1/1671
f 1305/1/1675 1151/1/1674 1306/1/1607
f 1304/1/1609 1305/1/1675 1306/1/1607
f 529/8/1681 528/8/1680 530/8/1684
f 530/8/1684 528/8/1680 532/8/1686
f 528/8/1680 527/8/1679 532/8/1686
f 1152/1/1673 1305/1/1675 1304/1/1609
f 1303/1/1633 1152/1/1673 1304/1/1609
f 1302/1/1632 1152/1/1673 1303/1/1633
f 1301/1/1682 1152/1/1673 1302/1/1632
f 530/8/1684 532/8/1686 531/8/1685
f 1294/1/1691 1152/1/1673 1301/1/1682
f 1300/1/470 1294/1/1691 1301/1/1682
f 1295/1/1692 1294/1/1691 1300/1/470
f 1297/1/1573 1295/1/1692 1300/1/470
f 474/8/1606 533/8/1687 473/8/1605
f 1296/1/1693 1295/1/1692 1297/1/1573
f 1292/1/1694 1290/1/1695 1291/1/1696
f 1158/1/1697 1289/1/1698 1265/1/1699
f 1281/1/176 1283/1/1700 1284/1/184
f 526/8/1678 525/8/1677 534/8/1689
f 1299/1/182 1286/1/181 1287/1/1701
f 534/8/1689 525/8/1677 535/8/1690
f 525/8/1677 524/8/1676 535/8/1690
f 535/8/1690 524/8/1676 536/8/1702
f 524/8/1676 523/8/1672 536/8/1702
f 1288/1/1703 1299/1/182 1287/1/1701
f 523/8/1672 537/8/1704 536/8/1702
f 536/8/1702 537/8/1704 470/8/1602
f 1298/1/472 1299/1/182 1288/1/1703
f 470/8/1602 537/8/1704 469/8/1601
f 537/8/1704 538/8/1705 469/8/1601
f 469/8/1601 538/8/1705 468/8/1600
f 1297/1/1573 1298/1/472 1288/1/1703
f 468/8/1600 538/8/1705 466/8/1598
f 1296/1/1693 1297/1/1573 1288/1/1703
f 466/8/1598 538/8/1705 465/8/1597
f 1290/1/1695 1296/1/1693 1288/1/1703
f 465/8/1597 538/8/1705 522/8/1670
f 538/8/1705 537/8/1704 522/8/1670
f 522/8/1670 537/8/1704 523/8/1672
f 1292/1/1694 1296/1/1693 1290/1/1695
f 1295/1/1692 1296/1/1693 1292/1/1694
f 1294/1/1691 1295/1/1692 1292/1/1694
f 1293/1/1706 1294/1/1691 1292/1/1694
f 535/8/1690 536/8/1702 471/8/1603
f 471/8/1603 536/8/1702 470/8/1602
f 1152/1/1673 1294/1/1691 1293/1/1706
f 1154/1/1707 1152/1/1673 1293/1/1706
f 1292/1/1694 1154/1/1707 1293/1/1706
f 1155/1/1708 1154/1/1707 1292/1/1694
f 539/9/1709 541/9/1710 540/9/1711
f 540/9/1711 541/9/1710 542/9/1712
f 1156/1/1713 1155/1/1708 1292/1/1694
f 542/9/1712 541/9/1710 543/9/1714
f 1291/1/1696 1156/1/1713 1292/1/1694
f 543/9/1714 541/9/1710 544/9/1715
f 541/9/1710 545/9/1716 544/9/1715
f 544/9/1715 545/9/1716 546/9/1717
f 1158/1/1697 1156/1/1713 1291/1/1696
f 546/9/1717 545/9/1716 547/9/1718
f 1290/1/1695 1158/1/1697 1291/1/1696
f 547/9/1718 545/9/1716 548/9/1719
f 545/9/1716 539/9/1709 548/9/1719
f 548/9/1719 539/9/1709 549/9/1720
f 539/9/1709 540/9/1711 549/9/1720
f 549/9/1720 540/9/1711 550/9/1721
f 1289/1/1698 1158/1/1697 1290/1/1695
f 550/9/1721 540/9/1711 551/9/1722
f 540/9/1711 542/9/1712 551/9/1722
f 551/9/1722 542/9/1712 552/9/1723
f 1288/1/1703 1289/1/1698 1290/1/1695
f 552/9/1723 542/9/1712 553/9/1724
f 542/9/1712 543/9/1714 553/9/1724
f 553/9/1724 543/9/1714 554/9/1725
f 1265/1/1699 1289/1/1698 1288/1/1703
f 554/9/1725 543/9/1714 555/9/1726
f 543/9/1714 544/9/1715 555/9/1726
f 555/9/1726 544/9/1715 556/9/1727
f 544/9/1715 546/9/1717 556/9/1727
f 556/9/1727 546/9/1717 557/9/1728
f 1287/1/1701 1265/1/1699 1288/1/1703
f 557/9/1728 546/9/1717 558/9/1729
f 546/9/1717 547/9/1718 558/9/1729
f 558/9/1729 547/9/1718 559/9/1730
f 1266/1/1731 1265/1/1699 1287/1/1701
f 559/9/1730 547/9/1718 560/9/1732
f 547/9/1718 548/9/1719 560/9/1732
f 560/9/1732 548/9/1719 561/9/1733
f 548/9/1719 549/9/1720 561/9/1733
f 561/9/1733 549/9/1720 562/9/1734
f 549/9/1720 550/9/1721 562/9/1734
f 562/9/1734 550/9/1721 563/9/1735
f 1286/1/181 1266/1/1731 1287/1/1701
f 563/9/1735 550/9/1721 564/9/1736
f 550/9/1721 551/9/1722 564/9/1736
f 564/9/1736 551/9/1722 565/9/1737
f 1267/1/1738 1266/1/1731 1286/1/181
f 565/9/1737 551/9/1722 566/9/1739
f 551/9/1722 552/9/1723 566/9/1739
f 566/9/1739 552/9/1723 567/9/1740
f 1285/1/183 1267/1/1738 1286/1/181
f 567/9/1740 552/9/1723 568/9/1741
f 552/9/1723 553/9/1724 568/9/1741
f 568/9/1741 553/9/1724 569/9/1742
f 553/9/1724 554/9/1725 569/9/1742
f 569/9/1742 554/9/1725 570/9/1743
f 1268/1/1744 1267/1/1738 1285/1/183
f 570/9/1743 554/9/1725 571/9/1745
f 554/9/1725 555/9/1726 571/9/1745
f 571/9/1745 555/9/1726 572/9/1746
f 555/9/1726 556/9/1727 572/9/1746
f 572/9/1746 556/9/1727 573/9/1747
f 556/9/1727 557/9/1728 573/9/1747
f 573/9/1747 557/9/1728 574/9/1748
f 1284/1/184 1268/1/1744 1285/1/183
f 574/9/1748 557/9/1728 575/9/1749
f 557/9/1728 558/9/1729 575/9/1749
f 575/9/1749 558/9/1729 576/9/1750
f 558/9/1729 559/9/1730 576/9/1750
f 1283/1/1700 1268/1/1744 1284/1/184
f 1280/1/1751 1268/1/1744 1283/1/1700
f 1281/1/176 1280/1/1751 1283/1/1700
f 1276/1/505 1277/1/1752 1278/1/504
f 539/9/1709 545/9/1716 541/9/1710
f 1282/1/1753 1272/1/1754 1270/1/1755
f 1280/1/1751 1272/1/1754 1282/1/1753
f 1268/1/1744 1280/1/1751 1282/1/1753
f 1270/1/1755 1268/1/1744 1282/1/1753
f 572/9/1746 573/9/1747 571/9/1745
f 571/9/1745 573/9/1747 577/9/1756
f 573/9/1747 574/9/1748 577/9/1756
f 577/9/1756 574/9/1748 578/9/1757
f 1269/1/1758 1268/1/1744 1270/1/1755
f 578/9/1757 574/9/1748 579/9/1759
f 574/9/1748 575/9/1749 579/9/1759
f 579/9/1759 575/9/1749 580/9/1760
f 575/9/1749 576/9/1750 580/9/1760
f 1279/1/1761 1281/1/176 1278/1/504
f 1280/1/1751 1281/1/176 1279/1/1761
f 1272/1/1754 1280/1/1751 1279/1/1761
f 1278/1/504 1272/1/1754 1279/1/1761
f 571/9/1745 577/9/1756 570/9/1743
f 577/9/1756 581/9/1762 570/9/1743
f 1277/1/1752 1272/1/1754 1278/1/504
f 581/9/1762 582/9/1763 570/9/1743
f 570/9/1743 582/9/1763 569/9/1742
f 582/9/1763 583/9/1764 569/9/1742
f 569/9/1742 583/9/1764 568/9/1741
f 583/9/1764 584/9/1765 568/9/1741
f 568/9/1741 584/9/1765 567/9/1740
f 584/9/1765 585/9/1766 567/9/1740
f 567/9/1740 585/9/1766 586/9/1767
f 585/9/1766 587/9/1768 586/9/1767
f 586/9/1767 587/9/1768 588/9/1769
f 587/9/1768 589/9/1770 588/9/1769
f 1273/1/1771 1272/1/1754 1277/1/1752
f 589/9/1770 590/9/1772 588/9/1769
f 588/9/1769 590/9/1772 565/9/1737
f 590/9/1772 591/9/1773 565/9/1737
f 565/9/1737 591/9/1773 564/9/1736
f 591/9/1773 592/9/1774 564/9/1736
f 564/9/1736 592/9/1774 563/9/1735
f 1276/1/505 1273/1/1771 1277/1/1752
f 563/9/1735 592/9/1774 593/9/1775
f 592/9/1774 591/9/1773 593/9/1775
f 593/9/1775 591/9/1773 594/9/1776
f 591/9/1773 590/9/1772 594/9/1776
f 594/9/1776 590/9/1772 595/9/1777
f 590/9/1772 589/9/1770 595/9/1777
f 595/9/1777 589/9/1770 596/9/1778
f 1274/1/1779 1273/1/1771 1276/1/505
f 596/9/1778 589/9/1770 597/9/1780
f 589/9/1770 587/9/1768 597/9/1780
f 597/9/1780 587/9/1768 598/9/1781
f 587/9/1768 585/9/1766 598/9/1781
f 598/9/1781 585/9/1766 599/9/1782
f 585/9/1766 584/9/1765 599/9/1782
f 599/9/1782 584/9/1765 600/9/1783
f 584/9/1765 583/9/1764 600/9/1783
f 600/9/1783 583/9/1764 601/9/1784
f 583/9/1764 582/9/1763 601/9/1784
f 601/9/1784 582/9/1763 602/9/1785
f 582/9/1763 581/9/1762 602/9/1785
f 602/9/1785 581/9/1762 603/9/1786
f 581/9/1762 578/9/1757 603/9/1786
f 603/9/1786 578/9/1757 604/9/1787
f 578/9/1757 579/9/1759 604/9/1787
f 604/9/1787 579/9/1759 605/9/1788
f 579/9/1759 580/9/1760 605/9/1788
f 1275/1/525 1274/1/1779 1276/1/505
f 1256/1/520 1274/1/1779 1275/1/525
f 1273/1/1771 1274/1/1779 1256/1/520
f 1271/1/1789 1273/1/1771 1256/1/520
f 581/9/1762 577/9/1756 578/9/1757
f 1272/1/1754 1273/1/1771 1271/1/1789
f 1270/1/1755 1272/1/1754 1271/1/1789
f 1256/1/520 1270/1/1755 1271/1/1789
f 1269/1/1758 1270/1/1755 1256/1/520
f 567/9/1740 586/9/1767 566/9/1739
f 1260/1/1790 1269/1/1758 1256/1/520
f 586/9/1767 588/9/1769 566/9/1739
f 566/9/1739 588/9/1769 565/9/1737
f 1268/1/1744 1269/1/1758 1260/1/1790
f 1261/1/1791 1268/1/1744 1260/1/1790
f 1262/1/1792 1268/1/1744 1261/1/1791
f 1267/1/1738 1268/1/1744 1262/1/1792
f 605/9/1788 606/9/1793 604/9/1787
f 1263/1/1794 1267/1/1738 1262/1/1792
f 606/9/1793 607/9/1795 604/9/1787
f 604/9/1787 607/9/1795 603/9/1786
f 607/9/1795 608/9/1796 603/9/1786
f 603/9/1786 608/9/1796 602/9/1785
f 608/9/1796 609/9/1797 602/9/1785
f 602/9/1785 609/9/1797 601/9/1784
f 609/9/1797 610/9/1798 601/9/1784
f 601/9/1784 610/9/1798 600/9/1783
f 610/9/1798 611/9/1799 600/9/1783
f 600/9/1783 611/9/1799 599/9/1782
f 611/9/1799 612/9/1800 599/9/1782
f 599/9/1782 612/9/1800 598/9/1781
f 612/9/1800 613/9/1801 598/9/1781
f 598/9/1781 613/9/1801 597/9/1780
f 613/9/1801 614/9/1802 597/9/1780
f 1266/1/1731 1267/1/1738 1263/1/1794
f 614/9/1802 615/9/1803 597/9/1780
f 597/9/1780 615/9/1803 596/9/1778
f 615/9/1803 616/9/1804 596/9/1778
f 596/9/1778 616/9/1804 617/9/1805
f 616/9/1804 618/9/1806 617/9/1805
f 617/9/1805 618/9/1806 595/9/1777
f 1264/1/1807 1266/1/1731 1263/1/1794
f 595/9/1777 618/9/1806 594/9/1776
f 618/9/1806 619/9/1808 594/9/1776
f 594/9/1776 619/9/1808 593/9/1775
f 1265/1/1699 1266/1/1731 1264/1/1807
f 1158/1/1697 1265/1/1699 1264/1/1807
f 1190/1/1809 1158/1/1697 1264/1/1807
f 1263/1/1794 1190/1/1809 1264/1/1807
f 596/9/1778 617/9/1805 595/9/1777
f 1232/1/1810 1190/1/1809 1263/1/1794
f 1262/1/1792 1232/1/1810 1263/1/1794
f 1233/1/1811 1232/1/1810 1262/1/1792
f 1261/1/1791 1233/1/1811 1262/1/1792
f 619/9/1808 618/9/1806 620/9/1812
f 618/9/1806 616/9/1804 620/9/1812
f 620/9/1812 616/9/1804 621/9/1813
f 616/9/1804 615/9/1803 621/9/1813
f 621/9/1813 615/9/1803 622/9/1814
f 615/9/1803 614/9/1802 622/9/1814
f 622/9/1814 614/9/1802 623/9/1815
f 1245/1/1816 1233/1/1811 1261/1/1791
f 623/9/1815 614/9/1802 624/9/1817
f 614/9/1802 613/9/1801 624/9/1817
f 624/9/1817 613/9/1801 625/9/1818
f 613/9/1801 612/9/1800 625/9/1818
f 625/9/1818 612/9/1800 626/9/1819
f 612/9/1800 611/9/1799 626/9/1819
f 626/9/1819 611/9/1799 627/9/1820
f 611/9/1799 610/9/1798 627/9/1820
f 627/9/1820 610/9/1798 628/9/1821
f 610/9/1798 609/9/1797 628/9/1821
f 628/9/1821 609/9/1797 629/9/1822
f 609/9/1797 608/9/1796 629/9/1822
f 629/9/1822 608/9/1796 630/9/1823
f 608/9/1796 607/9/1795 630/9/1823
f 630/9/1823 607/9/1795 631/9/1824
f 607/9/1795 606/9/1793 631/9/1824
f 631/9/1824 606/9/1793 632/9/1825
f 1260/1/1790 1245/1/1816 1261/1/1791
f 632/9/1825 606/9/1793 633/9/1826
f 606/9/1793 605/9/1788 633/9/1826
f 633/9/1826 605/9/1788 634/9/1827
f 605/9/1788 580/9/1760 634/9/1827
f 634/9/1827 580/9/1760 635/9/1828
f 580/9/1760 576/9/1750 635/9/1828
f 635/9/1828 576/9/1750 636/9/1829
f 576/9/1750 559/9/1730 636/9/1829
f 636/9/1829 559/9/1730 637/9/1830
f 559/9/1730 560/9/1732 637/9/1830
f 1259/1/1831 1245/1/1816 1260/1/1790
f 1256/1/520 1259/1/1831 1260/1/1790
f 1254/1/1832 1259/1/1831 1256/1/520
f 1245/1/1816 1259/1/1831 1254/1/1832
f 637/9/1830 638/9/1833 636/9/1829
f 638/9/1833 639/9/1834 636/9/1829
f 636/9/1829 639/9/1834 635/9/1828
f 639/9/1834 640/9/1835 635/9/1828
f 635/9/1828 640/9/1835 634/9/1827
f 640/9/1835 641/9/1836 634/9/1827
f 634/9/1827 641/9/1836 633/9/1826
f 641/9/1836 642/9/1837 633/9/1826
f 633/9/1826 642/9/1837 632/9/1825
f 642/9/1837 643/9/1838 632/9/1825
f 1252/1/1839 1245/1/1816 1254/1/1832
f 643/9/1838 644/9/1840 632/9/1825
f 632/9/1825 644/9/1840 631/9/1824
f 644/9/1840 645/9/1841 631/9/1824
f 631/9/1824 645/9/1841 630/9/1823
f 645/9/1841 646/9/1842 630/9/1823
f 630/9/1823 646/9/1842 629/9/1822
f 646/9/1842 647/9/1843 629/9/1822
f 629/9/1822 647/9/1843 628/9/1821
f 647/9/1843 648/9/1844 628/9/1821
f 628/9/1821 648/9/1844 627/9/1820
f 648/9/1844 649/9/1845 627/9/1820
f 627/9/1820 649/9/1845 626/9/1819
f 649/9/1845 650/9/313 626/9/1819
f 626/9/1819 650/9/313 625/9/1818
f 650/9/313 651/9/1846 625/9/1818
f 625/9/1818 651/9/1846 624/9/1817
f 651/9/1846 652/9/1847 624/9/1817
f 624/9/1817 652/9/1847 623/9/1815
f 652/9/1847 653/9/1848 623/9/1815
f 623/9/1815 653/9/1848 622/9/1814
f 653/9/1848 654/9/1849 622/9/1814
f 622/9/1814 654/9/1849 621/9/1813
f 654/9/1849 655/9/1850 621/9/1813
f 621/9/1813 655/9/1850 620/9/1812
f 655/9/1850 656/9/1851 620/9/1812
f 620/9/1812 656/9/1851 619/9/1808
f 1251/1/1852 1253/1/541 1258/1/542
f 619/9/1808 656/9/1851 657/9/1853
f 656/9/1851 658/9/1854 657/9/1853
f 657/9/1853 658/9/1854 659/9/1855
f 1249/1/538 1251/1/1852 1258/1/542
f 659/9/1855 658/9/1854 660/9/1856
f 658/9/1854 661/9/1857 660/9/1856
f 660/9/1856 661/9/1857 662/9/1858
f 661/9/1857 654/9/1849 662/9/1858
f 1250/1/1859 1251/1/1852 1249/1/538
f 654/9/1849 653/9/1848 662/9/1858
f 662/9/1858 653/9/1848 663/9/1860
f 653/9/1848 652/9/1847 663/9/1860
f 663/9/1860 652/9/1847 664/9/1861
f 652/9/1847 651/9/1846 664/9/1861
f 664/9/1861 651/9/1846 665/9/1862
f 651/9/1846 650/9/313 665/9/1862
f 665/9/1862 650/9/313 666/9/1863
f 650/9/313 649/9/1845 666/9/1863
f 666/9/1863 649/9/1845 667/9/1864
f 649/9/1845 648/9/1844 667/9/1864
f 667/9/1864 648/9/1844 668/9/1865
f 648/9/1844 647/9/1843 668/9/1865
f 668/9/1865 647/9/1843 669/9/1866
f 647/9/1843 646/9/1842 669/9/1866
f 669/9/1866 646/9/1842 670/9/1867
f 646/9/1842 645/9/1841 670/9/1867
f 670/9/1867 645/9/1841 671/9/1868
f 645/9/1841 644/9/1840 671/9/1868
f 671/9/1868 644/9/1840 672/9/1869
f 644/9/1840 643/9/1838 672/9/1869
f 672/9/1869 643/9/1838 673/9/1870
f 1255/1/1871 1257/1/522 1253/1/541
f 673/9/1870 643/9/1838 674/9/1872
f 643/9/1838 642/9/1837 674/9/1872
f 674/9/1872 642/9/1837 675/9/1873
f 642/9/1837 641/9/1836 675/9/1873
f 675/9/1873 641/9/1836 676/9/1874
f 641/9/1836 640/9/1835 676/9/1874
f 676/9/1874 640/9/1835 677/9/1875
f 640/9/1835 639/9/1834 677/9/1875
f 677/9/1875 639/9/1834 678/9/1876
f 639/9/1834 638/9/1833 678/9/1876
f 678/9/1876 638/9/1833 679/9/1877
f 638/9/1833 637/9/1830 679/9/1877
f 679/9/1877 637/9/1830 680/9/1878
f 637/9/1830 560/9/1732 680/9/1878
f 680/9/1878 560/9/1732 681/9/1879
f 560/9/1732 561/9/1733 681/9/1879
f 681/9/1879 561/9/1733 682/9/1880
f 561/9/1733 562/9/1734 682/9/1880
f 682/9/1880 562/9/1734 683/9/1881
f 562/9/1734 563/9/1735 683/9/1881
f 1256/1/520 1257/1/522 1255/1/1871
f 563/9/1735 593/9/1775 683/9/1881
f 1254/1/1832 1256/1/520 1255/1/1871
f 593/9/1775 619/9/1808 683/9/1881
f 1253/1/541 1254/1/1832 1255/1/1871
f 619/9/1808 684/9/1882 683/9/1881
f 683/9/1881 684/9/1882 682/9/1880
f 684/9/1882 685/9/1883 682/9/1880
f 682/9/1880 685/9/1883 681/9/1879
f 685/9/1883 686/9/1884 681/9/1879
f 681/9/1879 686/9/1884 680/9/1878
f 1252/1/1839 1254/1/1832 1253/1/541
f 1251/1/1852 1252/1/1839 1253/1/541
f 1245/1/1816 1252/1/1839 1251/1/1852
f 1250/1/1859 1245/1/1816 1251/1/1852
f 654/9/1849 661/9/1857 655/9/1850
f 655/9/1850 661/9/1857 687/9/1885
f 661/9/1857 658/9/1854 687/9/1885
f 1246/1/1886 1245/1/1816 1250/1/1859
f 658/9/1854 656/9/1851 687/9/1885
f 687/9/1885 656/9/1851 655/9/1850
f 1249/1/538 1246/1/1886 1250/1/1859
f 1247/1/1887 1246/1/1886 1249/1/538
f 1248/1/555 1247/1/1887 1249/1/538
f 1243/1/553 1247/1/1887 1248/1/555
f 685/9/1883 684/9/1882 686/9/1884
f 686/9/1884 684/9/1882 688/9/1888
f 684/9/1882 619/9/1808 688/9/1888
f 1246/1/1886 1247/1/1887 1243/1/553
f 1244/1/1889 1246/1/1886 1243/1/553
f 1245/1/1816 1246/1/1886 1244/1/1889
f 1234/1/1890 1233/1/1811 1245/1/1816
f 688/9/1888 689/9/1891 686/9/1884
f 1244/1/1889 1234/1/1890 1245/1/1816
f 686/9/1884 689/9/1891 680/9/1878
f 1235/1/1892 1234/1/1890 1244/1/1889
f 680/9/1878 689/9/1891 679/9/1877
f 689/9/1891 690/9/1893 679/9/1877
f 679/9/1877 690/9/1893 678/9/1876
f 690/9/1893 691/9/1894 678/9/1876
f 678/9/1876 691/9/1894 677/9/1875
f 691/9/1894 692/9/1895 677/9/1875
f 677/9/1875 692/9/1895 676/9/1874
f 692/9/1895 693/9/1896 676/9/1874
f 676/9/1874 693/9/1896 675/9/1873
f 693/9/1896 694/9/1897 675/9/1873
f 675/9/1873 694/9/1897 674/9/1872
f 694/9/1897 695/9/1898 674/9/1872
f 674/9/1872 695/9/1898 673/9/1870
f 1243/1/553 1235/1/1892 1244/1/1889
f 1236/1/1899 1235/1/1892 1243/1/553
f 1242/1/814 1236/1/1899 1243/1/553
f 1237/1/1900 1236/1/1899 1242/1/814
f 695/9/1898 694/9/1897 696/9/1901
f 696/9/1901 694/9/1897 697/9/1902
f 694/9/1897 693/9/1896 697/9/1902
f 697/9/1902 693/9/1896 698/9/1903
f 693/9/1896 692/9/1895 698/9/1903
f 698/9/1903 692/9/1895 699/9/1904
f 692/9/1895 691/9/1894 699/9/1904
f 1241/1/813 1237/1/1900 1242/1/814
f 1238/1/1905 1237/1/1900 1241/1/813
f 1240/1/1087 1238/1/1905 1241/1/813
f 1239/1/1088 1238/1/1905 1240/1/1087
f 695/9/1898 696/9/1901 700/9/1906
f 1226/1/1089 1238/1/1905 1239/1/1088
f 700/9/1906 696/9/1901 701/9/1907
f 1227/1/1908 1238/1/1905 1226/1/1089
f 701/9/1907 696/9/1901 702/9/1909
f 696/9/1901 697/9/1902 702/9/1909
f 702/9/1909 697/9/1902 703/9/1910
f 697/9/1902 698/9/1903 703/9/1910
f 703/9/1910 698/9/1903 704/9/1911
f 698/9/1903 699/9/1904 704/9/1911
f 1237/1/1900 1238/1/1905 1227/1/1908
f 1228/1/1912 1237/1/1900 1227/1/1908
f 1236/1/1899 1237/1/1900 1228/1/1912
f 1229/1/1913 1236/1/1899 1228/1/1912
f 695/9/1898 700/9/1906 673/9/1870
f 700/9/1906 705/9/1914 673/9/1870
f 673/9/1870 705/9/1914 672/9/1869
f 705/9/1914 706/9/1915 672/9/1869
f 672/9/1869 706/9/1915 671/9/1868
f 706/9/1915 707/9/1916 671/9/1868
f 671/9/1868 707/9/1916 670/9/1867
f 707/9/1916 708/9/1917 670/9/1867
f 670/9/1867 708/9/1917 669/9/1866
f 708/9/1917 709/9/1918 669/9/1866
f 669/9/1866 709/9/1918 668/9/1865
f 709/9/1918 710/9/1919 668/9/1865
f 668/9/1865 710/9/1919 667/9/1864
f 710/9/1919 711/9/1920 667/9/1864
f 667/9/1864 711/9/1920 666/9/1863
f 1235/1/1892 1236/1/1899 1229/1/1913
f 666/9/1863 711/9/1920 665/9/1862
f 711/9/1920 712/9/1921 665/9/1862
f 665/9/1862 712/9/1921 664/9/1861
f 1230/1/1922 1235/1/1892 1229/1/1913
f 1234/1/1890 1235/1/1892 1230/1/1922
f 1231/1/1923 1234/1/1890 1230/1/1922
f 1233/1/1811 1234/1/1890 1231/1/1923
f 712/9/1921 711/9/1920 713/9/1924
f 1232/1/1810 1233/1/1811 1231/1/1923
f 711/9/1920 710/9/1919 713/9/1924
f 713/9/1924 710/9/1919 714/9/1925
f 710/9/1919 709/9/1918 714/9/1925
f 714/9/1925 709/9/1918 715/9/1926
f 709/9/1918 708/9/1917 715/9/1926
f 715/9/1926 708/9/1917 716/9/1927
f 708/9/1917 707/9/1916 716/9/1927
f 716/9/1927 707/9/1916 717/9/1928
f 707/9/1916 706/9/1915 717/9/1928
f 717/9/1928 706/9/1915 718/9/1929
f 706/9/1915 705/9/1914 718/9/1929
f 718/9/1929 705/9/1914 719/9/1930
f 705/9/1914 700/9/1906 719/9/1930
f 1189/1/1931 1190/1/1809 1232/1/1810
f 700/9/1906 701/9/1907 719/9/1930
f 719/9/1930 701/9/1907 720/9/1932
f 1231/1/1923 1189/1/1931 1232/1/1810
f 720/9/1932 701/9/1907 721/9/1933
f 701/9/1907 702/9/1909 721/9/1933
f 721/9/1933 702/9/1909 722/9/1934
f 702/9/1909 703/9/1910 722/9/1934
f 722/9/1934 703/9/1910 723/9/1935
f 703/9/1910 704/9/1911 723/9/1935
f 723/9/1935 704/9/1911 724/9/1936
f 704/9/1911 699/9/1904 724/9/1936
f 724/9/1936 699/9/1904 725/9/1937
f 699/9/1904 691/9/1894 725/9/1937
f 725/9/1937 691/9/1894 726/9/1938
f 691/9/1894 690/9/1893 726/9/1938
f 726/9/1938 690/9/1893 727/9/1939
f 690/9/1893 689/9/1891 727/9/1939
f 1191/1/1940 1189/1/1931 1231/1/1923
f 689/9/1891 688/9/1888 727/9/1939
f 727/9/1939 688/9/1888 728/9/1941
f 688/9/1888 619/9/1808 728/9/1941
f 1230/1/1922 1191/1/1940 1231/1/1923
f 619/9/1808 729/9/1942 728/9/1941
f 728/9/1941 729/9/1942 730/9/1943
f 729/9/1942 731/9/1944 730/9/1943
f 730/9/1943 731/9/1944 725/9/1937
f 1214/1/1945 1191/1/1940 1230/1/1922
f 725/9/1937 731/9/1944 724/9/1936
f 731/9/1944 732/9/1946 724/9/1936
f 724/9/1936 732/9/1946 723/9/1935
f 732/9/1946 733/9/1947 723/9/1935
f 723/9/1935 733/9/1947 722/9/1934
f 733/9/1947 734/9/1948 722/9/1934
f 722/9/1934 734/9/1948 721/9/1933
f 734/9/1948 735/9/1949 721/9/1933
f 721/9/1933 735/9/1949 720/9/1932
f 735/9/1949 736/9/1950 720/9/1932
f 1229/1/1913 1214/1/1945 1230/1/1922
f 736/9/1950 737/9/1951 720/9/1932
f 720/9/1932 737/9/1951 719/9/1930
f 1215/1/1952 1214/1/1945 1229/1/1913
f 719/9/1930 737/9/1951 718/9/1929
f 737/9/1951 738/9/1953 718/9/1929
f 718/9/1929 738/9/1953 717/9/1928
f 738/9/1953 739/9/1954 717/9/1928
f 717/9/1928 739/9/1954 716/9/1927
f 739/9/1954 740/9/1955 716/9/1927
f 716/9/1927 740/9/1955 715/9/1926
f 740/9/1955 741/9/1956 715/9/1926
f 715/9/1926 741/9/1956 714/9/1925
f 741/9/1956 742/9/1957 714/9/1925
f 714/9/1925 742/9/1957 713/9/1924
f 742/9/1957 743/9/1958 713/9/1924
f 713/9/1924 743/9/1958 712/9/1921
f 743/9/1958 744/9/1959 712/9/1921
f 712/9/1921 744/9/1959 664/9/1861
f 1228/1/1912 1215/1/1952 1229/1/1913
f 664/9/1861 744/9/1959 663/9/1860
f 744/9/1959 745/9/1960 663/9/1860
f 663/9/1860 745/9/1960 662/9/1858
f 1216/1/1961 1215/1/1952 1228/1/1912
f 1227/1/1908 1216/1/1961 1228/1/1912
f 1217/1/1962 1216/1/1961 1227/1/1908
f 1226/1/1089 1217/1/1962 1227/1/1908
f 725/9/1937 726/9/1938 730/9/1943
f 730/9/1943 726/9/1938 746/9/1963
f 726/9/1938 727/9/1939 746/9/1963
f 1218/1/1964 1217/1/1962 1226/1/1089
f 727/9/1939 728/9/1941 746/9/1963
f 746/9/1963 728/9/1941 730/9/1943
f 1225/1/1090 1218/1/1964 1226/1/1089
f 1224/1/1091 1218/1/1964 1225/1/1090
f 1219/1/1965 1218/1/1964 1224/1/1091
f 1223/1/1092 1219/1/1965 1224/1/1091
f 745/9/1960 744/9/1959 747/9/1966
f 1220/1/1967 1219/1/1965 1223/1/1092
f 744/9/1959 743/9/1958 747/9/1966
f 747/9/1966 743/9/1958 748/9/1968
f 743/9/1958 742/9/1957 748/9/1968
f 748/9/1968 742/9/1957 749/9/1969
f 742/9/1957 741/9/1956 749/9/1969
f 749/9/1969 741/9/1956 750/9/1970
f 741/9/1956 740/9/1955 750/9/1970
f 750/9/1970 740/9/1955 751/9/1971
f 740/9/1955 739/9/1954 751/9/1971
f 751/9/1971 739/9/1954 752/9/1972
f 739/9/1954 738/9/1953 752/9/1972
f 752/9/1972 738/9/1953 753/9/1973
f 738/9/1953 737/9/1951 753/9/1973
f 1222/1/1093 1220/1/1967 1223/1/1092
f 737/9/1951 736/9/1950 753/9/1973
f 1221/1/1974 1220/1/1967 1222/1/1093
f 736/9/1950 754/9/1975 753/9/1973
f 1199/1/1976 1222/1/1093 1200/1/1094
f 754/9/1975 755/9/1977 753/9/1973
f 753/9/1973 755/9/1977 752/9/1972
f 755/9/1977 756/9/1978 752/9/1972
f 752/9/1972 756/9/1978 751/9/1971
f 756/9/1978 757/9/1979 751/9/1971
f 751/9/1971 757/9/1979 750/9/1970
f 757/9/1979 758/9/1980 750/9/1970
f 750/9/1970 758/9/1980 749/9/1969
f 758/9/1980 759/9/1981 749/9/1969
f 749/9/1969 759/9/1981 748/9/1968
f 759/9/1981 760/9/1982 748/9/1968
f 748/9/1968 760/9/1982 747/9/1966
f 760/9/1982 761/9/1983 747/9/1966
f 747/9/1966 761/9/1983 745/9/1960
f 761/9/1983 762/9/1984 745/9/1960
f 745/9/1960 762/9/1984 662/9/1858
f 1221/1/1974 1222/1/1093 1199/1/1976
f 662/9/1858 762/9/1984 660/9/1856
f 762/9/1984 763/9/1985 660/9/1856
f 660/9/1856 763/9/1985 659/9/1855
f 1202/1/1986 1221/1/1974 1199/1/1976
f 1220/1/1967 1221/1/1974 1202/1/1986
f 1209/1/1987 1220/1/1967 1202/1/1986
f 1219/1/1965 1220/1/1967 1209/1/1987
f 763/9/1985 762/9/1984 764/9/1988
f 1213/1/1989 1219/1/1965 1209/1/1987
f 762/9/1984 761/9/1983 764/9/1988
f 764/9/1988 761/9/1983 765/9/1990
f 761/9/1983 760/9/1982 765/9/1990
f 765/9/1990 760/9/1982 766/9/1991
f 760/9/1982 759/9/1981 766/9/1991
f 766/9/1991 759/9/1981 767/9/1992
f 759/9/1981 758/9/1980 767/9/1992
f 767/9/1992 758/9/1980 768/9/1993
f 758/9/1980 757/9/1979 768/9/1993
f 768/9/1993 757/9/1979 769/9/1994
f 757/9/1979 756/9/1978 769/9/1994
f 769/9/1994 756/9/1978 770/9/1995
f 756/9/1978 755/9/1977 770/9/1995
f 770/9/1995 755/9/1977 771/9/1996
f 755/9/1977 754/9/1975 771/9/1996
f 771/9/1996 754/9/1975 772/9/1997
f 1218/1/1964 1219/1/1965 1213/1/1989
f 772/9/1997 754/9/1975 773/9/1998
f 754/9/1975 736/9/1950 773/9/1998
f 1217/1/1962 1218/1/1964 1213/1/1989
f 736/9/1950 735/9/1949 773/9/1998
f 773/9/1998 735/9/1949 774/9/1999
f 735/9/1949 734/9/1948 774/9/1999
f 774/9/1999 734/9/1948 775/9/2000
f 734/9/1948 733/9/1947 775/9/2000
f 1212/1/2001 1217/1/1962 1213/1/1989
f 1216/1/1961 1217/1/1962 1212/1/2001
f 1211/1/2002 1216/1/1961 1212/1/2001
f 1215/1/1952 1216/1/1961 1211/1/2002
f 773/9/1998 774/9/1999 776/9/2003
f 1210/1/2004 1215/1/1952 1211/1/2002
f 776/9/2003 774/9/1999 777/9/2005
f 774/9/1999 775/9/2000 777/9/2005
f 1214/1/1945 1215/1/1952 1210/1/2004
f 1192/1/2006 1191/1/1940 1214/1/1945
f 1210/1/2004 1192/1/2006 1214/1/1945
f 1193/1/2007 1192/1/2006 1210/1/2004
f 773/9/1998 776/9/2003 772/9/1997
f 776/9/2003 778/9/2008 772/9/1997
f 1208/1/2009 1213/1/1989 1209/1/1987
f 778/9/2008 779/9/2010 772/9/1997
f 772/9/1997 779/9/2010 771/9/1996
f 779/9/2010 780/9/2011 771/9/1996
f 771/9/1996 780/9/2011 770/9/1995
f 780/9/2011 781/9/2012 770/9/1995
f 770/9/1995 781/9/2012 769/9/1994
f 781/9/2012 782/9/2013 769/9/1994
f 769/9/1994 782/9/2013 768/9/1993
f 782/9/2013 783/9/2014 768/9/1993
f 768/9/1993 783/9/2014 767/9/1992
f 783/9/2014 784/9/2015 767/9/1992
f 767/9/1992 784/9/2015 766/9/1991
f 784/9/2015 785/9/2016 766/9/1991
f 766/9/1991 785/9/2016 765/9/1990
f 785/9/2016 786/9/2017 765/9/1990
f 765/9/1990 786/9/2017 764/9/1988
f 1212/1/2001 1213/1/1989 1208/1/2009
f 764/9/1988 786/9/2017 763/9/1985
f 786/9/2017 787/9/2018 763/9/1985
f 763/9/1985 787/9/2018 659/9/1855
f 787/9/2018 788/9/2019 659/9/1855
f 659/9/1855 788/9/2019 657/9/1853
f 788/9/2019 789/9/2020 657/9/1853
f 657/9/1853 789/9/2020 619/9/1808
f 1207/1/2021 1212/1/2001 1208/1/2009
f 619/9/1808 789/9/2020 790/9/2022
f 1211/1/2002 1212/1/2001 1207/1/2021
f 790/9/2022 789/9/2020 791/9/2023
f 789/9/2020 792/9/2024 791/9/2023
f 791/9/2023 792/9/2024 793/9/2025
f 792/9/2024 788/9/2019 793/9/2025
f 1206/1/2026 1211/1/2002 1207/1/2021
f 788/9/2019 787/9/2018 793/9/2025
f 793/9/2025 787/9/2018 794/9/2027
f 787/9/2018 786/9/2017 794/9/2027
f 1210/1/2004 1211/1/2002 1206/1/2026
f 786/9/2017 785/9/2016 794/9/2027
f 794/9/2027 785/9/2016 795/9/2028
f 785/9/2016 784/9/2015 795/9/2028
f 795/9/2028 784/9/2015 796/9/2029
f 784/9/2015 783/9/2014 796/9/2029
f 796/9/2029 783/9/2014 797/9/2030
f 783/9/2014 782/9/2013 797/9/2030
f 797/9/2030 782/9/2013 798/9/2031
f 782/9/2013 781/9/2012 798/9/2031
f 798/9/2031 781/9/2012 799/9/2032
f 781/9/2012 780/9/2011 799/9/2032
f 799/9/2032 780/9/2011 800/9/2033
f 780/9/2011 779/9/2010 800/9/2033
f 800/9/2033 779/9/2010 801/9/2034
f 779/9/2010 778/9/2008 801/9/2034
f 801/9/2034 778/9/2008 802/9/2035
f 1193/1/2007 1210/1/2004 1206/1/2026
f 802/9/2035 778/9/2008 803/9/2036
f 778/9/2008 776/9/2003 803/9/2036
f 1203/1/2037 1209/1/1987 1202/1/1986
f 776/9/2003 777/9/2005 803/9/2036
f 803/9/2036 777/9/2005 804/9/2038
f 777/9/2005 775/9/2000 804/9/2038
f 804/9/2038 775/9/2000 805/9/2039
f 775/9/2000 733/9/1947 805/9/2039
f 805/9/2039 733/9/1947 806/9/2040
f 733/9/1947 732/9/1946 806/9/2040
f 806/9/2040 732/9/1946 807/9/2041
f 732/9/1946 731/9/1944 807/9/2041
f 1208/1/2009 1209/1/1987 1203/1/2037
f 731/9/1944 729/9/1942 807/9/2041
f 807/9/2041 729/9/1942 808/9/2042
f 729/9/1942 619/9/1808 808/9/2042
f 1204/1/2043 1208/1/2009 1203/1/2037
f 1207/1/2021 1208/1/2009 1204/1/2043
f 1205/1/2044 1207/1/2021 1204/1/2043
f 1206/1/2026 1207/1/2021 1205/1/2044
f 789/9/2020 788/9/2019 792/9/2024
f 1194/1/2045 1193/1/2007 1206/1/2026
f 1205/1/2044 1194/1/2045 1206/1/2026
f 1195/1/2046 1194/1/2045 1205/1/2044
f 1204/1/2043 1195/1/2046 1205/1/2044
f 798/9/2031 799/9/2032 797/9/2030
f 1196/1/2047 1195/1/2046 1204/1/2043
f 1203/1/2037 1196/1/2047 1204/1/2043
f 1197/1/2048 1196/1/2047 1203/1/2037
f 1202/1/1986 1197/1/2048 1203/1/2037
f 808/9/2042 809/9/2049 807/9/2041
f 1199/1/1976 1197/1/2048 1202/1/1986
f 807/9/2041 809/9/2049 806/9/2040
f 809/9/2049 810/9/2050 806/9/2040
f 806/9/2040 810/9/2050 805/9/2039
f 1181/1/2051 1182/1/2052 1198/1/2053
f 1201/1/1095 1180/1/1096 1181/1/2051
f 1198/1/2053 1201/1/1095 1181/1/2051
f 1200/1/1094 1201/1/1095 1198/1/2053
f 809/9/2049 808/9/2042 810/9/2050
f 810/9/2050 808/9/2042 811/9/2054
f 808/9/2042 619/9/1808 811/9/2054
f 811/9/2054 619/9/1808 812/9/2055
f 619/9/1808 790/9/2022 812/9/2055
f 812/9/2055 790/9/2022 813/9/2056
f 1199/1/1976 1200/1/1094 1198/1/2053
f 813/9/2056 790/9/2022 814/9/2022
f 790/9/2022 791/9/2023 814/9/2022
f 814/9/2022 791/9/2023 815/9/2057
f 791/9/2023 793/9/2025 815/9/2057
f 1197/1/2048 1199/1/1976 1198/1/2053
f 793/9/2025 794/9/2027 815/9/2057
f 815/9/2057 794/9/2027 816/9/2058
f 794/9/2027 795/9/2028 816/9/2058
f 816/9/2058 795/9/2028 817/9/2059
f 795/9/2028 796/9/2029 817/9/2059
f 817/9/2059 796/9/2029 818/9/2060
f 796/9/2029 797/9/2030 818/9/2060
f 1182/1/2052 1197/1/2048 1198/1/2053
f 797/9/2030 799/9/2032 818/9/2060
f 1196/1/2047 1197/1/2048 1182/1/2052
f 799/9/2032 800/9/2033 818/9/2060
f 818/9/2060 800/9/2033 819/9/2061
f 800/9/2033 801/9/2034 819/9/2061
f 819/9/2061 801/9/2034 820/9/2062
f 801/9/2034 802/9/2035 820/9/2062
f 1183/1/2063 1196/1/2047 1182/1/2052
f 802/9/2035 821/9/2064 820/9/2062
f 1195/1/2046 1196/1/2047 1183/1/2063
f 821/9/2064 822/9/2065 820/9/2062
f 820/9/2062 822/9/2065 823/9/2066
f 822/9/2065 816/9/2058 823/9/2066
f 1184/1/2067 1195/1/2046 1183/1/2063
f 816/9/2058 817/9/2059 823/9/2066
f 823/9/2066 817/9/2059 819/9/2061
f 817/9/2059 818/9/2060 819/9/2061
f 1194/1/2045 1195/1/2046 1184/1/2067
f 1185/1/2068 1194/1/2045 1184/1/2067
f 1193/1/2007 1194/1/2045 1185/1/2068
f 1186/1/2069 1193/1/2007 1185/1/2068
f 819/9/2061 820/9/2062 823/9/2066
f 1192/1/2006 1193/1/2007 1186/1/2069
f 1187/1/2070 1192/1/2006 1186/1/2069
f 1191/1/1940 1192/1/2006 1187/1/2070
f 1189/1/1931 1191/1/1940 1187/1/2070
f 816/9/2058 822/9/2065 815/9/2057
f 815/9/2057 822/9/2065 814/9/2022
f 822/9/2065 821/9/2064 814/9/2022
f 814/9/2022 821/9/2064 813/9/2056
f 1188/1/2071 1160/1/2072 1159/1/2073
f 813/9/2056 821/9/2064 824/9/2074
f 821/9/2064 802/9/2035 824/9/2074
f 824/9/2074 802/9/2035 825/9/2075
f 802/9/2035 803/9/2036 825/9/2075
f 1158/1/1697 1188/1/2071 1159/1/2073
f 803/9/2036 804/9/2038 825/9/2075
f 825/9/2075 804/9/2038 826/9/2076
f 804/9/2038 805/9/2039 826/9/2076
f 1190/1/1809 1188/1/2071 1158/1/1697
f 805/9/2039 810/9/2050 826/9/2076
f 1189/1/1931 1188/1/2071 1190/1/1809
f 810/9/2050 811/9/2054 826/9/2076
f 826/9/2076 811/9/2054 827/9/2077
f 811/9/2054 812/9/2055 827/9/2077
f 827/9/2077 812/9/2055 828/9/2078
f 812/9/2055 813/9/2056 828/9/2078
f 1187/1/2070 1188/1/2071 1189/1/1931
f 813/9/2056 824/9/2074 828/9/2078
f 828/9/2078 824/9/2074 827/9/2077
f 824/9/2074 825/9/2075 827/9/2077
f 827/9/2077 825/9/2075 826/9/2076
f 1160/1/2072 1188/1/2071 1187/1/2070
f 1186/1/2069 1160/1/2072 1187/1/2070
f 1161/1/2079 1160/1/2072 1186/1/2069
f 1185/1/2068 1161/1/2079 1186/1/2069
f 829/10/2080 831/10/2081 830/10/2082
f 1162/1/2083 1161/1/2079 1185/1/2068
f 831/10/2081 832/10/2084 830/10/2082
f 1184/1/2067 1162/1/2083 1185/1/2068
f 832/10/2084 833/10/2085 830/10/2082
f 830/10/2082 833/10/2085 834/10/2086
f 833/10/2085 835/10/2087 834/10/2086
f 1163/1/2088 1162/1/2083 1184/1/2067
f 835/10/2087 836/10/2089 834/10/2086
f 1183/1/2063 1163/1/2088 1184/1/2067
f 836/10/2089 837/10/2090 834/10/2086
f 1165/1/2091 1163/1/2088 1183/1/2063
f 837/10/2090 838/10/2092 834/10/2086
f 834/10/2086 838/10/2092 830/10/2082
f 838/10/2092 829/10/2080 830/10/2082
f 1182/1/2052 1165/1/2091 1183/1/2063
f 1181/1/2051 1165/1/2091 1182/1/2052
f 1166/1/2093 1165/1/2091 1181/1/2051
f 1180/1/1096 1166/1/2093 1181/1/2051
f 835/10/2087 833/10/2085 839/10/2094
f 1179/1/1097 1166/1/2093 1180/1/1096
f 839/10/2094 833/10/2085 840/10/2095
f 833/10/2085 832/10/2084 840/10/2095
f 840/10/2095 832/10/2084 841/10/2096
f 1170/1/2097 1166/1/2093 1179/1/1097
f 841/10/2096 832/10/2084 842/10/2098
f 832/10/2084 831/10/2081 842/10/2098
f 842/10/2098 831/10/2081 843/10/2099
f 1171/1/2100 1170/1/2097 1179/1/1097
f 843/10/2099 831/10/2081 844/10/2101
f 831/10/2081 829/10/2080 844/10/2101
f 844/10/2101 829/10/2080 845/10/2102
f 1178/1/1098 1171/1/2100 1179/1/1097
f 845/10/2102 829/10/2080 846/10/2103
f 829/10/2080 838/10/2092 846/10/2103
f 846/10/2103 838/10/2092 847/10/2104
f 838/10/2092 837/10/2090 847/10/2104
f 847/10/2104 837/10/2090 848/10/2105
f 1177/1/1099 1171/1/2100 1178/1/1098
f 848/10/2105 837/10/2090 849/10/2106
f 837/10/2090 836/10/2089 849/10/2106
f 849/10/2106 836/10/2089 850/10/2107
f 1172/1/2108 1171/1/2100 1177/1/1099
f 850/10/2107 836/10/2089 851/10/2109
f 836/10/2089 835/10/2087 851/10/2109
f 851/10/2109 835/10/2087 852/10/2110
f 835/10/2087 839/10/2094 852/10/2110
f 852/10/2110 839/10/2094 853/10/2111
f 839/10/2094 854/10/2112 853/10/2111
f 853/10/2111 854/10/2112 855/10/2113
f 1176/1/1100 1172/1/2108 1177/1/1099
f 855/10/2113 854/10/2112 856/10/2114
f 1173/1/2115 1172/1/2108 1176/1/1100
f 856/10/2114 854/10/2112 857/10/2116
f 854/10/2112 840/10/2095 857/10/2116
f 857/10/2116 840/10/2095 841/10/2096
f 1175/1/1109 1173/1/2115 1176/1/1100
f 1174/1/1110 1173/1/2115 1175/1/1109
f 1127/1/1111 1173/1/2115 1174/1/1110
f 1126/1/2117 1173/1/2115 1127/1/1111
f 854/10/2112 839/10/2094 840/10/2095
f 1172/1/2108 1173/1/2115 1126/1/2117
f 1169/1/2118 1172/1/2108 1126/1/2117
f 1171/1/2100 1172/1/2108 1169/1/2118
f 1170/1/2097 1171/1/2100 1169/1/2118
f 855/10/2113 858/10/2119 853/10/2111
f 858/10/2119 859/10/2120 853/10/2111
f 853/10/2111 859/10/2120 852/10/2110
f 859/10/2120 860/10/2121 852/10/2110
f 852/10/2110 860/10/2121 851/10/2109
f 860/10/2121 861/10/2122 851/10/2109
f 851/10/2109 861/10/2122 850/10/2107
f 1168/1/2123 1170/1/2097 1169/1/2118
f 1166/1/2093 1170/1/2097 1168/1/2123
f 1167/1/2124 1166/1/2093 1168/1/2123
f 1138/1/2125 1164/1/2126 1137/1/2127
f 861/10/2122 860/10/2121 862/10/2128
f 862/10/2128 860/10/2121 863/10/2129
f 860/10/2121 859/10/2120 863/10/2129
f 863/10/2129 859/10/2120 864/10/2130
f 859/10/2120 858/10/2119 864/10/2130
f 864/10/2130 858/10/2119 865/10/2131
f 858/10/2119 866/10/2132 865/10/2131
f 865/10/2131 866/10/2132 867/10/2133
f 1146/1/2134 1157/1/2135 1147/1/2136
f 867/10/2133 866/10/2132 868/10/2137
f 1152/1/1673 1154/1/1707 1153/1/2138
f 868/10/2137 866/10/2132 869/10/2139
f 866/10/2132 855/10/2113 869/10/2139
f 869/10/2139 855/10/2113 856/10/2114
f 1125/1/2140 1169/1/2118 1126/1/2117
f 1168/1/2123 1169/1/2118 1125/1/2140
f 1124/1/2141 1168/1/2123 1125/1/2140
f 1167/1/2124 1168/1/2123 1124/1/2141
f 866/10/2132 858/10/2119 855/10/2113
f 1137/1/2127 1167/1/2124 1124/1/2141
f 1166/1/2093 1167/1/2124 1137/1/2127
f 1164/1/2126 1166/1/2093 1137/1/2127
f 1165/1/2091 1166/1/2093 1164/1/2126
f 867/10/2133 870/10/2142 865/10/2131
f 870/10/2142 871/10/2143 865/10/2131
f 865/10/2131 871/10/2143 864/10/2130
f 871/10/2143 872/10/2144 864/10/2130
f 864/10/2130 872/10/2144 863/10/2129
f 872/10/2144 873/10/2145 863/10/2129
f 863/10/2129 873/10/2145 862/10/2128
f 1163/1/2088 1165/1/2091 1164/1/2126
f 1138/1/2125 1163/1/2088 1164/1/2126
f 1162/1/2083 1163/1/2088 1138/1/2125
f 1142/1/2146 1162/1/2083 1138/1/2125
f 873/10/2145 872/10/2144 874/10/2147
f 874/10/2147 872/10/2144 875/10/2148
f 872/10/2144 871/10/2143 875/10/2148
f 875/10/2148 871/10/2143 876/10/2149
f 871/10/2143 870/10/2142 876/10/2149
f 876/10/2149 870/10/2142 877/10/2150
f 1161/1/2079 1162/1/2083 1142/1/2146
f 877/10/2150 870/10/2142 878/10/2151
f 870/10/2142 867/10/2133 878/10/2151
f 878/10/2151 867/10/2133 879/10/2152
f 867/10/2133 868/10/2137 879/10/2152
f 879/10/2152 868/10/2137 880/10/2153
f 1148/1/2154 1161/1/2079 1142/1/2146
f 880/10/2153 868/10/2137 881/10/2155
f 868/10/2137 869/10/2139 881/10/2155
f 881/10/2155 869/10/2139 882/10/2156
f 1160/1/2072 1161/1/2079 1148/1/2154
f 882/10/2156 869/10/2139 883/10/2157
f 869/10/2139 856/10/2114 883/10/2157
f 883/10/2157 856/10/2114 884/10/2158
f 856/10/2114 857/10/2116 884/10/2158
f 1159/1/2073 1160/1/2072 1148/1/2154
f 857/10/2116 841/10/2096 884/10/2158
f 884/10/2158 841/10/2096 885/10/2159
f 841/10/2096 842/10/2098 885/10/2159
f 1147/1/2136 1159/1/2073 1148/1/2154
f 1158/1/1697 1159/1/2073 1147/1/2136
f 1157/1/2135 1158/1/1697 1147/1/2136
f 1156/1/1713 1158/1/1697 1157/1/2135
f 876/10/2149 886/10/2160 875/10/2148
f 886/10/2160 874/10/2147 875/10/2148
f 1146/1/2134 1156/1/1713 1157/1/2135
f 1155/1/1708 1156/1/1713 1146/1/2134
f 1154/1/1707 1155/1/1708 1146/1/2134
f 1153/1/2138 1154/1/1707 1146/1/2134
f 886/10/2160 876/10/2149 887/10/2161
f 876/10/2149 877/10/2150 887/10/2161
f 1149/1/2162 1153/1/2138 1146/1/2134
f 1152/1/1673 1153/1/2138 1149/1/2162
f 1150/1/2163 1152/1/1673 1149/1/2162
f 1151/1/1674 1152/1/1673 1150/1/2163
f 885/10/2159 888/10/2164 884/10/2158
f 1134/1/1688 1151/1/1674 1150/1/2163
f 884/10/2158 888/10/2164 883/10/2157
f 888/10/2164 889/10/2165 883/10/2157
f 883/10/2157 889/10/2165 882/10/2156
f 889/10/2165 890/10/2166 882/10/2156
f 882/10/2156 890/10/2166 891/10/2167
f 1149/1/2162 1134/1/1688 1150/1/2163
f 891/10/2167 890/10/2166 892/10/2168
f 890/10/2166 889/10/2165 892/10/2168
f 892/10/2168 889/10/2165 893/10/2169
f 889/10/2165 888/10/2164 893/10/2169
f 893/10/2169 888/10/2164 894/10/2170
f 888/10/2164 885/10/2159 894/10/2170
f 894/10/2170 885/10/2159 895/10/2171
f 885/10/2159 842/10/2098 895/10/2171
f 895/10/2171 842/10/2098 896/10/2172
f 842/10/2098 843/10/2099 896/10/2172
f 896/10/2172 843/10/2099 897/10/2173
f 843/10/2099 898/10/2174 897/10/2173
f 897/10/2173 898/10/2174 899/10/2175
f 898/10/2174 900/10/2176 899/10/2175
f 899/10/2175 900/10/2176 901/10/2177
f 1144/1/2178 1134/1/1688 1149/1/2162
f 901/10/2177 900/10/2176 902/10/2179
f 900/10/2176 845/10/2102 902/10/2179
f 902/10/2179 845/10/2102 903/10/2180
f 845/10/2102 846/10/2103 903/10/2180
f 903/10/2180 846/10/2103 904/10/2181
f 846/10/2103 847/10/2104 904/10/2181
f 904/10/2181 847/10/2104 905/10/2182
f 847/10/2104 848/10/2105 905/10/2182
f 1146/1/2134 1144/1/2178 1149/1/2162
f 1148/1/2154 1142/1/2146 1143/1/2183
f 1145/1/2184 1148/1/2154 1143/1/2183
f 1147/1/2136 1148/1/2154 1145/1/2184
f 882/10/2156 891/10/2167 881/10/2155
f 1146/1/2134 1147/1/2136 1145/1/2184
f 1144/1/2178 1146/1/2134 1145/1/2184
f 1143/1/2183 1144/1/2178 1145/1/2184
f 1134/1/1688 1144/1/2178 1143/1/2183
f 843/10/2099 844/10/2101 898/10/2174
f 898/10/2174 844/10/2101 900/10/2176
f 844/10/2101 845/10/2102 900/10/2176
f 1139/1/2185 1134/1/1688 1143/1/2183
f 1142/1/2146 1139/1/2185 1143/1/2183
f 1138/1/2125 1139/1/2185 1142/1/2146
f 1132/1/2186 1141/1/1683 1134/1/1688
f 904/10/2181 905/10/2182 903/10/2180
f 905/10/2182 906/10/2187 903/10/2180
f 903/10/2180 906/10/2187 902/10/2179
f 906/10/2187 907/10/2188 902/10/2179
f 902/10/2179 907/10/2188 901/10/2177
f 1140/1/1414 1141/1/1683 1132/1/2186
f 1130/1/1173 1140/1/1414 1132/1/2186
f 1131/1/2189 1133/1/2190 1124/1/2141
f 1128/1/2191 1131/1/2189 1124/1/2141
f 905/10/2182 908/10/2192 906/10/2187
f 1135/1/2193 1134/1/1688 1139/1/2185
f 908/10/2192 909/10/2194 906/10/2187
f 906/10/2187 909/10/2194 907/10/2188
f 1138/1/2125 1135/1/2193 1139/1/2185
f 1136/1/2195 1135/1/2193 1138/1/2125
f 1137/1/2127 1136/1/2195 1138/1/2125
f 1124/1/2141 1136/1/2195 1137/1/2127
f 905/10/2182 848/10/2105 908/10/2192
f 908/10/2192 848/10/2105 910/10/2196
f 848/10/2105 849/10/2106 910/10/2196
f 910/10/2196 849/10/2106 911/10/2197
f 849/10/2106 850/10/2107 911/10/2197
f 911/10/2197 850/10/2107 912/10/2198
f 850/10/2107 861/10/2122 912/10/2198
f 912/10/2198 861/10/2122 913/10/2199
f 861/10/2122 862/10/2128 913/10/2199
f 913/10/2199 862/10/2128 914/10/2200
f 862/10/2128 873/10/2145 914/10/2200
f 914/10/2200 873/10/2145 915/10/2201
f 873/10/2145 874/10/2147 915/10/2201
f 915/10/2201 874/10/2147 916/10/2202
f 874/10/2147 886/10/2160 916/10/2202
f 916/10/2202 886/10/2160 917/10/2203
f 886/10/2160 887/10/2161 917/10/2203
f 917/10/2203 887/10/2161 918/10/2204
f 1135/1/2193 1136/1/2195 1124/1/2141
f 918/10/2204 887/10/2161 919/10/2205
f 887/10/2161 877/10/2150 919/10/2205
f 919/10/2205 877/10/2150 920/10/2206
f 877/10/2150 878/10/2151 920/10/2206
f 920/10/2206 878/10/2151 921/10/2207
f 878/10/2151 879/10/2152 921/10/2207
f 1133/1/2190 1135/1/2193 1124/1/2141
f 879/10/2152 880/10/2153 921/10/2207
f 921/10/2207 880/10/2153 922/10/2208
f 1134/1/1688 1135/1/2193 1133/1/2190
f 922/10/2208 880/10/2153 923/10/2209
f 880/10/2153 881/10/2155 923/10/2209
f 1132/1/2186 1134/1/1688 1133/1/2190
f 881/10/2155 891/10/2167 923/10/2209
f 923/10/2209 891/10/2167 924/10/2210
f 891/10/2167 892/10/2168 924/10/2210
f 924/10/2210 892/10/2168 925/10/2211
f 892/10/2168 893/10/2169 925/10/2211
f 925/10/2211 893/10/2169 926/10/2212
f 893/10/2169 894/10/2170 926/10/2212
f 926/10/2212 894/10/2170 927/10/2213
f 894/10/2170 895/10/2171 927/10/2213
f 927/10/2213 895/10/2171 928/10/2214
f 895/10/2171 896/10/2172 928/10/2214
f 928/10/2214 896/10/2172 929/10/2215
f 896/10/2172 897/10/2173 929/10/2215
f 929/10/2215 897/10/2173 930/10/2216
f 897/10/2173 899/10/2175 930/10/2216
f 930/10/2216 899/10/2175 931/10/2217
f 899/10/2175 901/10/2177 931/10/2217
f 931/10/2217 901/10/2177 932/10/2218
f 901/10/2177 907/10/2188 932/10/2218
f 932/10/2218 907/10/2188 933/10/2219
f 907/10/2188 909/10/2194 933/10/2219
f 933/10/2219 909/10/2194 934/10/2220
f 1131/1/2189 1132/1/2186 1133/1/2190
f 934/10/2220 909/10/2194 935/10/2221
f 909/10/2194 908/10/2192 935/10/2221
f 1130/1/1173 1132/1/2186 1131/1/2189
f 908/10/2192 910/10/2196 935/10/2221
f 935/10/2221 910/10/2196 936/10/2222
f 910/10/2196 911/10/2197 936/10/2222
f 936/10/2222 911/10/2197 937/10/2223
f 911/10/2197 912/10/2198 937/10/2223
f 937/10/2223 912/10/2198 938/10/2224
f 912/10/2198 913/10/2199 938/10/2224
f 938/10/2224 913/10/2199 939/10/2225
f 913/10/2199 914/10/2200 939/10/2225
f 939/10/2225 914/10/2200 940/10/2226
f 914/10/2200 915/10/2201 940/10/2226
f 940/10/2226 915/10/2201 941/10/2227
f 915/10/2201 916/10/2202 941/10/2227
f 941/10/2227 916/10/2202 942/10/2228
f 916/10/2202 917/10/2203 942/10/2228
f 942/10/2228 917/10/2203 943/10/2229
f 917/10/2203 918/10/2204 943/10/2229
f 943/10/2229 918/10/2204 944/10/2230
f 1128/1/2191 1130/1/1173 1131/1/2189
f 944/10/2230 918/10/2204 945/10/2231
f 918/10/2204 919/10/2205 945/10/2231
f 945/10/2231 919/10/2205 946/10/2232
f 919/10/2205 920/10/2206 946/10/2232
f 946/10/2232 920/10/2206 947/10/2233
f 920/10/2206 921/10/2207 947/10/2233
f 1129/1/1172 1130/1/1173 1128/1/2191
f 921/10/2207 922/10/2208 947/10/2233
f 947/10/2233 922/10/2208 948/10/2234
f 922/10/2208 949/10/2235 948/10/2234
f 948/10/2234 949/10/2235 950/10/2236
f 949/10/2235 951/10/2237 950/10/2236
f 1121/1/1137 1129/1/1172 1128/1/2191
f 951/10/2237 952/10/2238 950/10/2236
f 950/10/2236 952/10/2238 948/10/2234
f 952/10/2238 953/10/2239 948/10/2234
f 948/10/2234 953/10/2239 947/10/2233
f 953/10/2239 954/10/2240 947/10/2233
f 947/10/2233 954/10/2240 946/10/2232
f 954/10/2240 955/10/2241 946/10/2232
f 946/10/2232 955/10/2241 945/10/2231
f 955/10/2241 956/10/2242 945/10/2231
f 945/10/2231 956/10/2242 944/10/2230
f 956/10/2242 957/10/2243 944/10/2230
f 1122/1/2244 1121/1/1137 1128/1/2191
f 957/10/2243 958/10/2245 944/10/2230
f 944/10/2230 958/10/2245 943/10/2229
f 958/10/2245 959/10/2246 943/10/2229
f 943/10/2229 959/10/2246 942/10/2228
f 959/10/2246 960/10/2247 942/10/2228
f 942/10/2228 960/10/2247 941/10/2227
f 960/10/2247 961/10/2248 941/10/2227
f 941/10/2227 961/10/2248 940/10/2226
f 961/10/2248 962/10/2249 940/10/2226
f 940/10/2226 962/10/2249 939/10/2225
f 962/10/2249 963/10/2250 939/10/2225
f 939/10/2225 963/10/2250 938/10/2224
f 963/10/2250 964/10/2251 938/10/2224
f 938/10/2224 964/10/2251 937/10/2223
f 964/10/2251 965/10/2252 937/10/2223
f 937/10/2223 965/10/2252 936/10/2222
f 965/10/2252 966/10/2253 936/10/2222
f 936/10/2222 966/10/2253 935/10/2221
f 1124/1/2141 1122/1/2244 1128/1/2191
f 935/10/2221 966/10/2253 934/10/2220
f 1127/1/1111 1119/1/1130 1120/1/2254
f 934/10/2220 966/10/2253 967/10/2255
f 1123/1/2256 1127/1/1111 1120/1/2254
f 967/10/2255 966/10/2253 968/10/2257
f 966/10/2253 965/10/2252 968/10/2257
f 968/10/2257 965/10/2252 969/10/2258
f 965/10/2252 964/10/2251 969/10/2258
f 969/10/2258 964/10/2251 970/10/2259
f 964/10/2251 963/10/2250 970/10/2259
f 970/10/2259 963/10/2250 971/10/2260
f 963/10/2250 962/10/2249 971/10/2260
f 971/10/2260 962/10/2249 972/10/2261
f 962/10/2249 961/10/2248 972/10/2261
f 972/10/2261 961/10/2248 973/10/2262
f 961/10/2248 960/10/2247 973/10/2262
f 973/10/2262 960/10/2247 974/10/2263
f 960/10/2247 959/10/2246 974/10/2263
f 974/10/2263 959/10/2246 975/10/2264
f 959/10/2246 958/10/2245 975/10/2264
f 975/10/2264 958/10/2245 976/10/2265
f 958/10/2245 957/10/2243 976/10/2265
f 976/10/2265 957/10/2243 977/10/2266
f 1126/1/2117 1127/1/1111 1123/1/2256
f 977/10/2266 957/10/2243 978/10/2267
f 957/10/2243 956/10/2242 978/10/2267
f 978/10/2267 956/10/2242 979/10/2268
f 956/10/2242 955/10/2241 979/10/2268
f 979/10/2268 955/10/2241 980/10/2269
f 955/10/2241 954/10/2240 980/10/2269
f 980/10/2269 954/10/2240 981/10/2270
f 954/10/2240 953/10/2239 981/10/2270
f 981/10/2270 953/10/2239 982/10/2271
f 953/10/2239 952/10/2238 982/10/2271
f 982/10/2271 952/10/2238 983/10/2272
f 952/10/2238 951/10/2237 983/10/2272
f 983/10/2272 951/10/2237 925/10/2211
f 1125/1/2140 1126/1/2117 1123/1/2256
f 925/10/2211 951/10/2237 924/10/2210
f 951/10/2237 949/10/2235 924/10/2210
f 924/10/2210 949/10/2235 923/10/2209
f 949/10/2235 922/10/2208 923/10/2209
f 1124/1/2141 1125/1/2140 1123/1/2256
f 1122/1/2244 1124/1/2141 1123/1/2256
f 1120/1/2254 1122/1/2244 1123/1/2256
f 1121/1/1137 1122/1/2244 1120/1/2254
f 926/10/2212 927/10/2213 928/10/2214
f 1119/1/1130 1121/1/1137 1120/1/2254
f 1110/10/2273 1117/10/2274 1109/10/2275
f 1118/10/2276 1117/10/2274 1110/10/2273
f 1111/10/2277 1118/10/2276 1110/10/2273
f 980/10/2269 981/10/2270 984/10/2278
f 984/10/2278 981/10/2270 985/10/2279
f 981/10/2270 982/10/2271 985/10/2279
f 985/10/2279 982/10/2271 986/10/2280
f 982/10/2271 983/10/2272 986/10/2280
f 986/10/2280 983/10/2272 987/10/2281
f 983/10/2272 925/10/2211 987/10/2281
f 1113/10/2282 1111/10/2277 1112/10/2283
f 1118/10/2276 1111/10/2277 1113/10/2282
f 1114/10/2284 1118/10/2276 1113/10/2282
f 1117/10/2274 1118/10/2276 1114/10/2284
f 980/10/2269 984/10/2278 979/10/2268
f 984/10/2278 988/10/2285 979/10/2268
f 979/10/2268 988/10/2285 978/10/2267
f 988/10/2285 989/10/2286 978/10/2267
f 978/10/2267 989/10/2286 977/10/2266
f 989/10/2286 990/10/2287 977/10/2266
f 1115/10/2288 1117/10/2274 1114/10/2284
f 990/10/2287 991/10/1993 977/10/2266
f 977/10/2266 991/10/1993 976/10/2265
f 991/10/1993 992/10/2289 976/10/2265
f 976/10/2265 992/10/2289 975/10/2264
f 992/10/2289 993/10/2290 975/10/2264
f 975/10/2264 993/10/2290 974/10/2263
f 993/10/2290 994/10/2291 974/10/2263
f 974/10/2263 994/10/2291 973/10/2262
f 994/10/2291 995/10/2292 973/10/2262
f 973/10/2262 995/10/2292 972/10/2261
f 995/10/2292 996/10/2293 972/10/2261
f 972/10/2261 996/10/2293 971/10/2260
f 996/10/2293 997/10/2294 971/10/2260
f 971/10/2260 997/10/2294 970/10/2259
f 997/10/2294 998/10/2295 970/10/2259
f 970/10/2259 998/10/2295 969/10/2258
f 998/10/2295 999/10/2296 969/10/2258
f 969/10/2258 999/10/2296 968/10/2257
f 999/10/2296 1000/10/2297 968/10/2257
f 968/10/2257 1000/10/2297 967/10/2255
f 1116/10/2298 1117/10/2274 1115/10/2288
f 1109/10/2275 1117/10/2274 1116/10/2298
f 1108/10/2299 1109/10/2275 1116/10/2298
f 1102/10/2300 1108/10/2299 1116/10/2298
f 1000/10/2297 999/10/2296 1001/10/2301
f 1001/10/2301 999/10/2296 1002/10/2302
f 999/10/2296 998/10/2295 1002/10/2302
f 1002/10/2302 998/10/2295 1003/10/2303
f 998/10/2295 997/10/2294 1003/10/2303
f 1003/10/2303 997/10/2294 1004/10/2304
f 997/10/2294 996/10/2293 1004/10/2304
f 1004/10/2304 996/10/2293 1005/10/2305
f 996/10/2293 995/10/2292 1005/10/2305
f 1005/10/2305 995/10/2292 1006/10/2306
f 995/10/2292 994/10/2291 1006/10/2306
f 1006/10/2306 994/10/2291 1007/10/2307
f 994/10/2291 993/10/2290 1007/10/2307
f 1007/10/2307 993/10/2290 1008/10/2308
f 993/10/2290 992/10/2289 1008/10/2308
f 1008/10/2308 992/10/2289 1009/10/2309
f 992/10/2289 991/10/1993 1009/10/2309
f 1009/10/2309 991/10/1993 1010/10/2310
f 991/10/1993 990/10/2287 1010/10/2310
f 1010/10/2310 990/10/2287 1011/10/2311
f 1101/10/2312 1102/10/2300 1116/10/2298
f 1011/10/2311 990/10/2287 1012/10/2313
f 990/10/2287 989/10/2286 1012/10/2313
f 1012/10/2313 989/10/2286 1013/10/2314
f 989/10/2286 988/10/2285 1013/10/2314
f 1013/10/2314 988/10/2285 1014/10/2315
f 988/10/2285 984/10/2278 1014/10/2315
f 1115/10/2288 1101/10/2312 1116/10/2298
f 984/10/2278 985/10/2279 1014/10/2315
f 1014/10/2315 985/10/2279 1015/10/2316
f 985/10/2279 986/10/2280 1015/10/2316
f 1015/10/2316 986/10/2280 1016/10/2317
f 986/10/2280 987/10/2281 1016/10/2317
f 1016/10/2317 987/10/2281 1017/10/2318
f 987/10/2281 1018/10/2319 1017/10/2318
f 1099/10/2320 1101/10/2312 1115/10/2288
f 1018/10/2319 1019/10/2319 1017/10/2318
f 1098/10/2321 1099/10/2320 1115/10/2288
f 1019/10/2319 1020/10/2322 1017/10/2318
f 1017/10/2318 1020/10/2322 1015/10/2316
f 1114/10/2284 1098/10/2321 1115/10/2288
f 1015/10/2316 1020/10/2322 1014/10/2315
f 1020/10/2322 1021/10/2323 1014/10/2315
f 1014/10/2315 1021/10/2323 1013/10/2314
f 1021/10/2323 1022/10/2324 1013/10/2314
f 1013/10/2314 1022/10/2324 1012/10/2313
f 1022/10/2324 1023/10/2325 1012/10/2313
f 1012/10/2313 1023/10/2325 1011/10/2311
f 1023/10/2325 1024/10/2326 1011/10/2311
f 1011/10/2311 1024/10/2326 1025/10/2327
f 1024/10/2326 1026/10/2328 1025/10/2327
f 1025/10/2327 1026/10/2328 1010/10/2310
f 1097/10/2329 1098/10/2321 1114/10/2284
f 1010/10/2310 1026/10/2328 1009/10/2309
f 1026/10/2328 1027/10/2330 1009/10/2309
f 1009/10/2309 1027/10/2330 1008/10/2308
f 1113/10/2282 1097/10/2329 1114/10/2284
f 1096/10/2331 1097/10/2329 1113/10/2282
f 1112/10/2283 1096/10/2331 1113/10/2282
f 967/10/2255 1096/10/2331 1112/10/2283
f 1015/10/2316 1016/10/2317 1017/10/2318
f 934/10/2220 967/10/2255 1112/10/2283
f 933/10/2219 934/10/2220 1112/10/2283
f 1111/10/2277 933/10/2219 1112/10/2283
f 932/10/2218 933/10/2219 1111/10/2277
f 925/10/2211 1018/10/2319 987/10/2281
f 1110/10/2273 932/10/2218 1111/10/2277
f 931/10/2217 932/10/2218 1110/10/2273
f 1109/10/2275 931/10/2217 1110/10/2273
f 1106/10/2332 931/10/2217 1109/10/2275
f 1010/10/2310 1011/10/2311 1025/10/2327
f 1108/10/2299 1106/10/2332 1109/10/2275
f 1107/10/2333 1106/10/2332 1108/10/2299
f 1103/10/2334 1108/10/2299 1102/10/2300
f 1107/10/2333 1108/10/2299 1103/10/2334
f 1027/10/2330 1026/10/2328 1028/10/2335
f 1026/10/2328 1024/10/2326 1028/10/2335
f 1028/10/2335 1024/10/2326 1029/10/2336
f 1024/10/2326 1023/10/2325 1029/10/2336
f 1029/10/2336 1023/10/2325 1030/10/2337
f 1023/10/2325 1022/10/2324 1030/10/2337
f 1030/10/2337 1022/10/2324 1031/10/2338
f 1022/10/2324 1021/10/2323 1031/10/2338
f 1031/10/2338 1021/10/2323 1032/10/2339
f 1021/10/2323 1020/10/2322 1032/10/2339
f 1105/10/2340 1107/10/2333 1103/10/2334
f 1020/10/2322 1019/10/2319 1032/10/2339
f 1106/10/2332 1107/10/2333 1105/10/2340
f 1019/10/2319 1033/10/2341 1032/10/2339
f 1104/10/2342 928/10/2214 929/10/2215
f 1033/10/2341 1034/10/2343 1032/10/2339
f 1032/10/2339 1034/10/2343 1031/10/2338
f 926/10/2212 928/10/2214 1104/10/2342
f 1031/10/2338 1034/10/2343 1030/10/2337
f 1034/10/2343 1035/10/2344 1030/10/2337
f 1030/10/2337 1035/10/2344 1029/10/2336
f 1035/10/2344 1036/10/2345 1029/10/2336
f 1029/10/2336 1036/10/2345 1028/10/2335
f 1036/10/2345 1037/10/2346 1028/10/2335
f 1028/10/2335 1037/10/2346 1027/10/2330
f 1037/10/2346 1038/10/2347 1027/10/2330
f 1027/10/2330 1038/10/2347 1008/10/2308
f 925/10/2211 926/10/2212 1104/10/2342
f 1008/10/2308 1038/10/2347 1007/10/2307
f 1038/10/2347 1039/10/2348 1007/10/2307
f 1007/10/2307 1039/10/2348 1006/10/2306
f 1099/10/2320 1100/10/2349 1101/10/2312
f 930/10/2216 931/10/2217 1106/10/2332
f 1105/10/2340 930/10/2216 1106/10/2332
f 929/10/2215 930/10/2216 1105/10/2340
f 1039/10/2348 1038/10/2347 1040/10/2350
f 1104/10/2342 929/10/2215 1105/10/2340
f 1038/10/2347 1037/10/2346 1040/10/2350
f 1040/10/2350 1037/10/2346 1041/10/2351
f 1037/10/2346 1036/10/2345 1041/10/2351
f 1041/10/2351 1036/10/2345 1042/10/2352
f 1036/10/2345 1035/10/2344 1042/10/2352
f 1042/10/2352 1035/10/2344 1043/10/2353
f 1035/10/2344 1034/10/2343 1043/10/2353
f 1103/10/2334 1104/10/2342 1105/10/2340
f 1034/10/2343 1033/10/2341 1043/10/2353
f 1043/10/2353 1033/10/2341 1044/10/2354
f 1033/10/2341 1045/10/2355 1044/10/2354
f 1044/10/2354 1045/10/2355 1046/10/2356
f 1045/10/2355 1047/10/2357 1046/10/2356
f 925/10/2211 1104/10/2342 1103/10/2334
f 1047/10/2357 1048/10/2358 1046/10/2356
f 1046/10/2356 1048/10/2358 1044/10/2354
f 1048/10/2358 1049/10/2359 1044/10/2354
f 1044/10/2354 1049/10/2359 1043/10/2353
f 1049/10/2359 1050/10/2360 1043/10/2353
f 1043/10/2353 1050/10/2360 1042/10/2352
f 1050/10/2360 1051/10/2361 1042/10/2352
f 1042/10/2352 1051/10/2361 1041/10/2351
f 1051/10/2361 1052/10/2362 1041/10/2351
f 1041/10/2351 1052/10/2362 1040/10/2350
f 1052/10/2362 1053/10/2363 1040/10/2350
f 1040/10/2350 1053/10/2363 1039/10/2348
f 1053/10/2363 1054/10/2364 1039/10/2348
f 1039/10/2348 1054/10/2364 1006/10/2306
f 1102/10/2300 925/10/2211 1103/10/2334
f 1006/10/2306 1054/10/2364 1005/10/2305
f 1054/10/2364 1055/10/2365 1005/10/2305
f 1005/10/2305 1055/10/2365 1004/10/2304
f 1082/10/2366 925/10/2211 1102/10/2300
f 1101/10/2312 1082/10/2366 1102/10/2300
f 1100/10/2349 1082/10/2366 1101/10/2312
f 1081/10/2367 1082/10/2366 1100/10/2349
f 1033/10/2341 1019/10/2319 1045/10/2355
f 1099/10/2320 1081/10/2367 1100/10/2349
f 1019/10/2319 1018/10/2319 1045/10/2355
f 1045/10/2355 1018/10/2319 1047/10/2357
f 1018/10/2319 925/10/2211 1047/10/2357
f 1092/10/2368 1081/10/2367 1099/10/2320
f 1098/10/2321 1092/10/2368 1099/10/2320
f 1093/10/2369 1092/10/2368 1098/10/2321
f 1094/10/2370 1093/10/2369 1098/10/2321
f 1055/10/2365 1054/10/2364 1056/10/2371
f 1054/10/2364 1053/10/2363 1056/10/2371
f 1056/10/2371 1053/10/2363 1057/10/2372
f 1053/10/2363 1052/10/2362 1057/10/2372
f 1057/10/2372 1052/10/2362 1058/10/2373
f 1052/10/2362 1051/10/2361 1058/10/2373
f 1058/10/2373 1051/10/2361 1059/10/2374
f 1051/10/2361 1050/10/2360 1059/10/2374
f 1059/10/2374 1050/10/2360 1060/10/2375
f 1050/10/2360 1049/10/2359 1060/10/2375
f 1060/10/2375 1049/10/2359 1061/10/2376
f 1049/10/2359 1048/10/2358 1061/10/2376
f 1061/10/2376 1048/10/2358 1062/10/2377
f 1048/10/2358 1047/10/2357 1062/10/2377
f 1097/10/2329 1094/10/2370 1098/10/2321
f 1047/10/2357 925/10/2211 1062/10/2377
f 1095/10/2378 1094/10/2370 1097/10/2329
f 925/10/2211 1063/10/2379 1062/10/2377
f 1096/10/2331 1095/10/2378 1097/10/2329
f 1063/10/2379 1064/10/2380 1062/10/2377
f 1062/10/2377 1064/10/2380 1061/10/2376
f 1064/10/2380 1065/10/2381 1061/10/2376
f 1061/10/2376 1065/10/2381 1060/10/2375
f 1065/10/2381 1066/10/2382 1060/10/2375
f 1060/10/2375 1066/10/2382 1059/10/2374
f 1000/10/2297 1096/10/2331 967/10/2255
f 1059/10/2374 1066/10/2382 1058/10/2373
f 1066/10/2382 1067/10/2383 1058/10/2373
f 1058/10/2373 1067/10/2383 1057/10/2372
f 1067/10/2383 1068/10/2384 1057/10/2372
f 1057/10/2372 1068/10/2384 1056/10/2371
f 1068/10/2384 1069/10/2385 1056/10/2371
f 1056/10/2371 1069/10/2385 1055/10/2365
f 1069/10/2385 1070/10/2386 1055/10/2365
f 1055/10/2365 1070/10/2386 1004/10/2304
f 1095/10/2378 1096/10/2331 1000/10/2297
f 1004/10/2304 1070/10/2386 1003/10/2303
f 1070/10/2386 1071/10/2387 1003/10/2303
f 1003/10/2303 1071/10/2387 1002/10/2302
f 1001/10/2301 1095/10/2378 1000/10/2297
f 1088/10/2388 1095/10/2378 1001/10/2301
f 1094/10/2370 1095/10/2378 1088/10/2388
f 1089/10/2389 1094/10/2370 1088/10/2388
f 1071/10/2387 1070/10/2386 1072/10/2390
f 1093/10/2369 1094/10/2370 1089/10/2389
f 1070/10/2386 1069/10/2385 1072/10/2390
f 1072/10/2390 1069/10/2385 1073/10/2391
f 1069/10/2385 1068/10/2384 1073/10/2391
f 1073/10/2391 1068/10/2384 1074/10/2392
f 1068/10/2384 1067/10/2383 1074/10/2392
f 1074/10/2392 1067/10/2383 1075/10/2393
f 1067/10/2383 1066/10/2382 1075/10/2393
f 1090/10/2394 1093/10/2369 1089/10/2389
f 1066/10/2382 1065/10/2381 1075/10/2393
f 1075/10/2393 1065/10/2381 1076/10/2395
f 1065/10/2381 1064/10/2380 1076/10/2395
f 1076/10/2395 1064/10/2380 1077/10/2280
f 1064/10/2380 1063/10/2379 1077/10/2280
f 1077/10/2280 1063/10/2379 1078/10/2396
f 1063/10/2379 1079/10/2397 1078/10/2396
f 1078/10/2396 1079/10/2397 1080/10/2398
f 1091/10/2399 1093/10/2369 1090/10/2394
f 1080/10/2398 1079/10/2397 1081/10/2367
f 1092/10/2368 1093/10/2369 1091/10/2399
f 1081/10/2367 1079/10/2397 1082/10/2366
f 1080/10/2398 1081/10/2367 1092/10/2368
f 1082/10/2366 1079/10/2397 925/10/2211
f 1079/10/2397 1063/10/2379 925/10/2211
f 1091/10/2399 1080/10/2398 1092/10/2368
f 1083/10/2400 1078/10/2396 1080/10/2398
f 1091/10/2399 1083/10/2400 1080/10/2398
f 1084/10/2401 1083/10/2400 1091/10/2399
f 1077/10/2280 1078/10/2396 1076/10/2395
f 1078/10/2396 1083/10/2400 1076/10/2395
f 1076/10/2395 1083/10/2400 1075/10/2393
f 1083/10/2400 1084/10/2401 1075/10/2393
f 1075/10/2393 1084/10/2401 1074/10/2392
f 1084/10/2401 1085/10/2402 1074/10/2392
f 1074/10/2392 1085/10/2402 1073/10/2391
f 1085/10/2402 1086/10/2403 1073/10/2391
f 1073/10/2391 1086/10/2403 1072/10/2390
f 1086/10/2403 1087/10/2404 1072/10/2390
f 1072/10/2390 1087/10/2404 1071/10/2387
f 1090/10/2394 1084/10/2401 1091/10/2399
f 1071/10/2387 1087/10/2404 1002/10/2302
f 1085/10/2402 1084/10/2401 1090/10/2394
f 1002/10/2302 1087/10/2404 1001/10/2301
f 1089/10/2389 1085/10/2402 1090/10/2394
f 1001/10/2301 1087/10/2404 1088/10/2388
f 1087/10/2404 1086/10/2403 1088/10/2388
f 1088/10/2388 1086/10/2403 1089/10/2389
f 1086/10/2403 1085/10/2402 1089/10/2389
o model_3
v 0.489991 6.413807 -1.518076
v 0.520744 6.434394 -1.508808
v 0.558733 6.329399 -1.541016
v 0.558733 6.443316 -1.499771
v 0.588581 6.439884 -1.492588
v 0.625666 6.426846 -1.487259
v 0.656418 6.388416 -1.493051
v 0.681744 6.339693 -1.505100
v 0.705261 6.213423 -1.533601
v 0.562351 6.205874 -1.572529
v 0.713402 6.086468 -1.553297
v 0.570491 6.083036 -1.590371
v 0.713402 5.968433 -1.556772
v 0.580441 5.969120 -1.592456
v 0.707975 5.921769 -1.551443
v 0.591295 5.866183 -1.579712
v 0.693503 5.879221 -1.549358
v 0.669081 5.842850 -1.549358
v 0.636520 5.822949 -1.556541
v 0.594913 5.818832 -1.565809
v 0.553306 5.829125 -1.573919
v 0.518031 5.855203 -1.580407
v 0.491800 5.886770 -1.591066
v 0.474615 5.925200 -1.599639
v 0.463761 5.969120 -1.605201
v 0.450193 6.078919 -1.603578
v 0.443862 6.196267 -1.587359
v 0.446575 6.313615 -1.558626
v 0.462856 6.369201 -1.538467
v -0.520331 6.434394 -1.508808
v -0.559224 6.329399 -1.541016
v -0.489578 6.413807 -1.518076
v -0.463348 6.369201 -1.538467
v -0.559224 6.443316 -1.499771
v -0.588168 6.439884 -1.492588
v -0.625252 6.426846 -1.487259
v -0.656910 6.388416 -1.493051
v -0.681331 6.339693 -1.505100
v -0.705752 6.213423 -1.533601
v -0.562842 6.205874 -1.572529
v -0.713893 6.086468 -1.553297
v -0.570078 6.083036 -1.590371
v -0.712988 5.968433 -1.556772
v -0.580028 5.969120 -1.592456
v -0.707561 5.921769 -1.551443
v -0.590882 5.866183 -1.579712
v -0.693090 5.879221 -1.549358
v -0.668668 5.842850 -1.549358
v -0.636106 5.822949 -1.556541
v -0.594500 5.818832 -1.565809
v -0.552893 5.829125 -1.573919
v -0.518522 5.855203 -1.580407
v -0.492291 5.886770 -1.591066
v -0.475106 5.925200 -1.599639
v -0.463348 5.969120 -1.605201
v -0.450685 6.078919 -1.603578
v -0.444353 6.196267 -1.587359
v -0.447067 6.313615 -1.558626
v 0.678126 5.516883 -1.241643
v 0.666368 5.505904 -1.244192
v 0.698025 5.514825 -1.233301
v 0.666368 5.479140 -1.238630
v 0.750486 5.424926 -1.207117
v 0.722447 5.385810 -1.219167
v 0.745059 5.372772 -1.210361
v 0.771289 5.383752 -1.199703
v 0.860835 5.476395 -1.160775
v 0.843649 5.516883 -1.173519
v 0.866262 5.524432 -1.164946
v 0.891587 5.513452 -1.151738
v 0.911486 5.467474 -1.141543
v 0.916913 5.421495 -1.140152
v 0.887969 5.391301 -1.151970
v 0.916009 5.396791 -1.139457
v 0.904250 5.385810 -1.145713
v -0.924641 5.516883 -1.142006
v -0.934590 5.505904 -1.135286
v -0.904742 5.514825 -1.149653
v -0.930972 5.479140 -1.131347
v -0.849567 5.424926 -1.168421
v -0.877607 5.385810 -1.157299
v -0.854994 5.372772 -1.167031
v -0.829668 5.383752 -1.177690
v -0.738314 5.476395 -1.213605
v -0.760022 5.516883 -1.210361
v -0.737410 5.524432 -1.220557
v -0.710275 5.513452 -1.228898
v -0.688567 5.467474 -1.236082
v -0.684045 5.421495 -1.238630
v -0.712988 5.391301 -1.226813
v -0.684045 5.396791 -1.237704
v -0.696708 5.385810 -1.233764
v 0.309996 5.343949 -1.291693
v 0.239446 5.359047 -1.295864
v 0.304570 5.336401 -1.294242
v -0.003864 5.339146 -1.317181
v 0.280148 5.293853 -1.277790
v 0.253013 5.250620 -1.261338
v 0.216833 5.207386 -1.245118
v 0.175227 5.164153 -1.228667
v 0.142665 5.388556 -1.305364
v 0.056738 5.422182 -1.314864
v -0.005673 5.463356 -1.323901
v -0.273403 5.309637 -1.284046
v -0.257122 5.265031 -1.267826
v -0.236319 5.221111 -1.251606
v -0.209184 5.177878 -1.235618
v -0.000246 5.124351 -1.217313
v -0.163959 5.133958 -1.219398
v -0.131398 5.112685 -1.208971
v -0.102454 5.096901 -1.198776
v -0.068987 5.082490 -1.188580
v -0.032807 5.070824 -1.178153
v -0.000246 5.070138 -1.166799
v 0.033221 5.074255 -1.178617
v 0.063974 5.087294 -1.191361
v 0.093822 5.103764 -1.203873
v 0.122766 5.120920 -1.212215
v -0.005673 5.463356 -1.323901
v -0.003864 5.339146 -1.317181
v -0.071701 5.421495 -1.317181
v -0.182049 5.381007 -1.309998
v -0.287875 5.353557 -1.300266
v -0.273403 5.309637 -1.284046
v -0.437117 5.361105 -1.286827
v -0.504050 5.385810 -1.285205
v -0.461539 5.413947 -1.290302
v -0.486864 5.447573 -1.284046
v -0.535707 5.431789 -1.277095
v -0.495005 5.479140 -1.278022
v -0.542943 5.466787 -1.268985
v -0.533898 5.492178 -1.270838
v -0.496814 5.499041 -1.276631
v -0.523949 5.503159 -1.271997
v -0.511286 5.507276 -1.272924
v -0.502241 5.505904 -1.274778
v -0.290589 5.361105 -1.299803
v -0.182049 5.381007 -1.309998
v -0.173909 5.415319 -1.314632
v -0.069892 5.459239 -1.322047
v -0.071701 5.421495 -1.317181
v -0.004768 5.507276 -1.329462
v -0.005673 5.463356 -1.323901
v 0.056738 5.422182 -1.314864
v 0.059451 5.464043 -1.321815
v 0.142665 5.388556 -1.305364
v 0.144474 5.427671 -1.313705
v 0.239446 5.359047 -1.295864
v 0.238541 5.396791 -1.305827
v 0.309996 5.343949 -1.291693
v -0.415409 5.396104 -1.299571
v -0.461539 5.413947 -1.290302
v -0.437117 5.361105 -1.286827
v 0.515317 5.496982 -1.267131
v 0.520744 5.514825 -1.263655
v 0.565064 5.496296 -1.256009
v 0.561446 5.510707 -1.257863
v 0.543356 5.523746 -1.260180
v 0.537929 5.398849 -1.261107
v 0.510795 5.368654 -1.263655
v 0.480946 5.397477 -1.272924
v 0.474615 5.349440 -1.268753
v 0.450193 5.382379 -1.279412
v 0.434817 5.338459 -1.274778
v 0.416727 5.373458 -1.285900
v 0.393210 5.335714 -1.280570
v 0.380547 5.371399 -1.292156
v 0.346176 5.336401 -1.290998
v 0.342558 5.374144 -1.298644
v 0.309996 5.343949 -1.291693
v 0.238541 5.396791 -1.305827
v 0.500845 5.422182 -1.271534
v 0.514413 5.446887 -1.269912
v 0.555115 5.431103 -1.259485
v 0.517126 5.472278 -1.268521
v 0.563255 5.463356 -1.257631
v 0.515317 5.496982 -1.267131
v 0.565064 5.496296 -1.256009
v 0.309996 5.343949 -1.291693
v 0.304570 5.336401 -1.294242
v 0.346176 5.336401 -1.290998
v 0.280148 5.293853 -1.277790
v 0.321755 5.293167 -1.274778
v 0.253013 5.250620 -1.261338
v 0.294620 5.249934 -1.258558
v 0.216833 5.207386 -1.245118
v 0.263867 5.206014 -1.242338
v 0.175227 5.164153 -1.228667
v 0.222260 5.162781 -1.226118
v 0.122766 5.120920 -1.212215
v 0.173418 5.119547 -1.209898
v 0.093822 5.103764 -1.203873
v 0.133620 5.089352 -1.190202
v 0.063974 5.087294 -1.191361
v 0.090204 5.065333 -1.170507
v 0.033221 5.074255 -1.178617
v 0.046788 5.045433 -1.150579
v -0.000246 5.070138 -1.166799
v -0.000246 5.038570 -1.130884
v -0.032807 5.070824 -1.178153
v -0.047279 5.045433 -1.148726
v -0.068987 5.082490 -1.188580
v -0.098836 5.060530 -1.166568
v -0.102454 5.096901 -1.198776
v -0.148583 5.083176 -1.184409
v -0.102454 5.096901 -1.198776
v -0.131398 5.112685 -1.208971
v -0.190190 5.109940 -1.202251
v -0.163959 5.133958 -1.219398
v -0.217325 5.138076 -1.220093
v -0.290589 5.361105 -1.299803
v -0.287875 5.353557 -1.300266
v -0.321342 5.355616 -1.298181
v -0.321342 5.355616 -1.298181
v -0.290589 5.361105 -1.299803
v -0.301443 5.394045 -1.307217
v -0.173909 5.415319 -1.314632
v -0.287875 5.353557 -1.300266
v -0.182049 5.381007 -1.309998
v -0.290589 5.361105 -1.299803
v -0.415409 5.396104 -1.299571
v -0.301443 5.394045 -1.307217
v -0.437117 5.361105 -1.286827
v -0.321342 5.355616 -1.298181
v -0.321342 5.355616 -1.298181
v -0.287875 5.353557 -1.300266
v -0.312297 5.312382 -1.282656
v -0.273403 5.309637 -1.284046
v -0.297825 5.268462 -1.267131
v -0.257122 5.265031 -1.267826
v -0.277926 5.224543 -1.251375
v -0.236319 5.221111 -1.251606
v -0.253505 5.181309 -1.235850
v -0.209184 5.177878 -1.235618
v -0.217325 5.138076 -1.220093
v -0.163959 5.133958 -1.219398
v -0.277926 5.224543 -1.251375
v -0.236319 5.221111 -1.251606
v -0.253505 5.181309 -1.235850
v -0.209184 5.177878 -1.235618
vn 0.0970 0.3327 -0.9380
vn 0.1114 0.3282 -0.9380
vn 0.1809 0.2908 -0.9395
vn 0.2032 0.3343 -0.9203
vn -0.0453 -0.3683 -0.9286
vn -0.0302 -0.3739 -0.9270
vn -0.0264 -0.3619 -0.9318
vn 0.2537 0.3337 -0.9079
vn -0.0340 -0.3572 -0.9334
vn 0.2425 0.3370 -0.9097
vn -0.0302 -0.4418 -0.8966
vn -0.0265 -0.4064 -0.9133
vn 0.2364 0.3414 -0.9097
vn -0.0264 -0.3620 -0.9318
vn 0.2423 0.2917 -0.9253
vn -0.0584 -0.3623 -0.9302
vn 0.2498 0.2030 -0.9468
vn 0.1768 0.2010 -0.9635
vn 0.2497 0.0963 -0.9635
vn 0.1760 0.0943 -0.9799
vn 0.2607 -0.0376 -0.9647
vn 0.1874 -0.0375 -0.9816
vn 0.2771 -0.1179 -0.9536
vn 0.1826 -0.1839 -0.9658
vn 0.2994 -0.1663 -0.9395
vn -0.0490 -0.3554 -0.9334
vn 0.3071 -0.1933 -0.9318
vn -0.0658 -0.3610 -0.9302
vn 0.2927 -0.1931 -0.9365
vn -0.0565 -0.3544 -0.9334
vn 0.1833 -0.2646 -0.9468
vn -0.0774 -0.1794 -0.9807
vn 0.0707 -0.2228 -0.9723
vn -0.0618 -0.2561 -0.9647
vn 0.0525 -0.2495 -0.9670
vn -0.0395 -0.2261 -0.9733
vn -0.0618 -0.2560 -0.9647
vn -0.1418 -0.1805 -0.9733
vn 0.0726 -0.2087 -0.9753
vn -0.1591 -0.2152 -0.9635
vn 0.1004 -0.1259 -0.9870
vn -0.0457 -0.0942 -0.9945
vn -0.0566 -0.1081 -0.9925
vn 0.1093 -0.0299 -0.9936
vn 0.1062 0.0902 -0.9902
vn 0.1072 0.1933 -0.9753
vn 0.1034 0.2694 -0.9575
vn 0.1098 0.3330 -0.9365
vn -0.0456 -0.0942 -0.9945
vn -0.0301 -0.1317 -0.9908
vn -0.0617 -0.2560 -0.9647
vn -0.0774 -0.1793 -0.9807
vn -0.0510 -0.5575 -0.8286
vn -0.0302 -0.4419 -0.8966
vn -0.1114 0.3282 -0.9380
vn -0.0970 0.3327 -0.9380
vn -0.1777 0.2927 -0.9395
vn -0.1133 0.3319 -0.9365
vn -0.0340 -0.5406 -0.8406
vn -0.0547 -0.6311 -0.7738
vn -0.0302 -0.6053 -0.7955
vn -0.0264 -0.6949 -0.7186
vn -0.0302 -0.6053 -0.7954
vn -0.2064 0.3323 -0.9203
vn -0.2537 0.3337 -0.9079
vn -0.0057 -0.6502 -0.7598
vn -0.2456 0.3349 -0.9097
vn 0.0830 -0.7509 -0.6552
vn -0.2394 0.3392 -0.9097
vn 0.1016 -0.6974 -0.7094
vn -0.2394 0.2941 -0.9253
vn -0.0000 -0.7555 -0.6552
vn -0.2474 0.2059 -0.9468
vn -0.1768 0.2009 -0.9635
vn -0.2497 0.0963 -0.9635
vn -0.1760 0.0943 -0.9799
vn -0.2612 -0.0339 -0.9647
vn -0.1866 -0.0412 -0.9816
vn -0.2771 -0.1179 -0.9536
vn -0.1852 -0.1811 -0.9659
vn -0.2975 -0.1696 -0.9395
vn 0.0114 -0.7291 -0.6843
vn -0.3071 -0.1933 -0.9318
vn -0.0961 -0.7167 -0.6907
vn -0.2906 -0.1962 -0.9365
vn -0.0942 -0.6890 -0.7186
vn -0.1864 -0.2624 -0.9468
vn 0.0113 -0.6763 -0.7366
vn -0.0708 -0.2228 -0.9723
vn -0.0113 -0.6468 -0.7626
vn -0.0525 -0.2495 -0.9670
vn 0.0415 -0.5976 -0.8007
vn -0.0690 -0.2100 -0.9753
vn 0.0284 -0.5664 -0.8237
vn -0.1033 -0.1235 -0.9870
vn 0.0415 -0.4330 -0.9004
vn -0.1093 -0.0300 -0.9936
vn -0.1062 0.0902 -0.9902
vn -0.1105 0.1914 -0.9753
vn -0.1034 0.2694 -0.9575
vn 0.0359 -0.4648 -0.8847
vn 0.0414 -0.3850 -0.9220
vn 0.0377 -0.3975 -0.9168
vn 0.0490 -0.3841 -0.9220
vn 0.3750 -0.1961 -0.9061
vn 0.3231 -0.1466 -0.9350
vn 0.3739 -0.1896 -0.9079
vn 0.3282 -0.1114 -0.9380
vn 0.3710 -0.0000 -0.9286
vn 0.3663 0.0227 -0.9302
vn 0.0528 -0.3917 -0.9186
vn 0.3744 0.0227 -0.9270
vn 0.0565 -0.3831 -0.9220
vn 0.3785 0.0227 -0.9253
vn 0.0547 -0.3874 -0.9203
vn 0.3854 -0.0677 -0.9203
vn 0.4039 -0.1122 -0.9079
vn 0.0640 -0.3819 -0.9220
vn 0.4038 -0.1264 -0.9061
vn 0.0621 -0.3863 -0.9203
vn 0.3831 -0.0974 -0.9186
vn 0.0833 -0.2320 -0.9691
vn 0.3504 -0.0151 -0.9365
vn 0.0835 -0.0701 -0.9940
vn 0.3751 -0.0000 -0.9270
vn 0.3825 0.0227 -0.9237
vn 0.4152 -0.0076 -0.9097
vn 0.3936 0.1048 -0.9133
vn 0.0457 0.0149 -0.9988
vn 0.2318 0.0302 -0.9723
vn 0.2210 0.0884 -0.9713
vn 0.1948 0.0152 -0.9807
vn 0.2318 -0.0302 -0.9723
vn -0.3750 -0.1962 -0.9060
vn -0.4297 -0.1483 -0.8907
vn -0.3750 -0.1961 -0.9061
vn -0.4334 -0.1086 -0.8946
vn -0.3953 -0.0000 -0.9186
vn -0.3986 0.0227 -0.9168
vn -0.3908 0.0189 -0.9203
vn 0.2147 -0.0813 -0.9733
vn -0.3866 0.0226 -0.9220
vn 0.2119 -0.0883 -0.9733
vn -0.3771 -0.0678 -0.9237
vn -0.3558 -0.1188 -0.9270
vn 0.2161 -0.1095 -0.9702
vn -0.3563 -0.1297 -0.9253
vn 0.0724 -0.2178 -0.9733
vn 0.0457 0.0148 -0.9988
vn 0.0113 -0.2377 -0.9713
vn -0.3799 -0.0936 -0.9203
vn 0.0833 -0.2320 -0.9692
vn -0.4151 -0.0113 -0.9097
vn 0.1756 -0.2237 -0.9587
vn -0.3912 0.0038 -0.9203
vn -0.3825 0.0227 -0.9237
vn -0.3505 -0.0113 -0.9365
vn -0.3686 0.1046 -0.9237
vn 0.1696 -0.2283 -0.9587
vn 0.1822 -0.2129 -0.9599
vn 0.1934 -0.2028 -0.9599
vn 0.2315 -0.1504 -0.9611
vn 0.0452 -0.0532 -0.9976
vn 0.0132 -0.2291 -0.9733
vn 0.2202 -0.1366 -0.9658
vn 0.0546 -0.3874 -0.9203
vn 0.0529 -0.3917 -0.9186
vn 0.2008 -0.1021 -0.9743
vn 0.1900 0.0741 -0.9790
vn 0.1385 0.0151 -0.9902
vn 0.1291 -0.0724 -0.9890
vn 0.1948 0.0151 -0.9807
vn 0.0518 -0.1200 -0.9914
vn 0.0664 -0.1075 -0.9920
vn 0.0114 -0.1128 -0.9936
vn 0.2210 0.0885 -0.9713
vn -0.1592 -0.2151 -0.9635
vn -0.1419 -0.1805 -0.9733
vn -0.1432 -0.0521 -0.9883
vn 0.0452 -0.0533 -0.9976
vn 0.0170 -0.2075 -0.9781
vn 0.0320 -0.1621 -0.9862
vn 0.0018 -0.5157 -0.8568
vn 0.0076 -0.1391 -0.9902
vn 0.0113 -0.1128 -0.9936
vn -0.0368 -0.0839 -0.9958
vn 0.1017 -0.6974 -0.7094
vn -0.0152 -0.1298 -0.9914
vn 0.0113 -0.7291 -0.6844
vn -0.0300 -0.1317 -0.9908
vn -0.0113 -0.6467 -0.7626
vn 0.0283 -0.5664 -0.8237
vn -0.1620 0.0840 -0.9832
vn -0.1500 0.1793 -0.9723
vn -0.1823 0.1249 -0.9753
vn -0.1591 0.0802 -0.9840
vn -0.1724 0.0227 -0.9848
vn -0.1871 0.0913 -0.9781
vn -0.2115 0.1091 -0.9713
vn -0.1915 0.1186 -0.9743
vn -0.1722 0.1009 -0.9799
vn -0.1220 0.0038 -0.9925
vn -0.1431 -0.0521 -0.9883
vn -0.1418 -0.1804 -0.9733
vt 0.408454 0.659146
vt 0.496851 0.578841
vt 0.497193 0.554309
vt 0.581949 0.657508
vt 0.349068 0.586575
s 1
f 2421/11/2405 2422/11/2406 2423/11/2407
f 2422/11/2406 2424/11/2408 2423/11/2407
f 2658/12/2409 2660/12/2410 2659/12/2411
f 2424/11/2408 2425/11/2412 2423/11/2407
f 2657/12/2413 2658/12/2409 2659/12/2411
f 2425/11/2412 2426/11/2414 2423/11/2407
f 2654/12/2410 2656/12/2415 2655/12/2416
f 2426/11/2414 2427/11/2417 2423/11/2407
f 2653/12/2418 2654/12/2410 2655/12/2416
f 2427/11/2417 2428/11/2419 2423/11/2407
f 2650/12/2420 2652/12/2409 2651/12/2413
f 2428/11/2419 2429/11/2421 2423/11/2407
f 2423/11/2407 2429/11/2421 2430/11/2422
f 2429/11/2421 2431/11/2423 2430/11/2422
f 2430/11/2422 2431/11/2423 2432/11/2424
f 2431/11/2423 2433/11/2425 2432/11/2424
f 2432/11/2424 2433/11/2425 2434/11/2426
f 2433/11/2425 2435/11/2427 2434/11/2426
f 2434/11/2426 2435/11/2427 2436/11/2428
f 2435/11/2427 2437/11/2429 2436/11/2428
f 2649/12/2430 2650/12/2420 2651/12/2413
f 2437/11/2429 2438/11/2431 2436/11/2428
f 2648/12/2432 2650/12/2420 2649/12/2430
f 2438/11/2431 2439/11/2433 2436/11/2428
f 2647/12/2434 2648/12/2432 2649/12/2430
f 2439/11/2433 2440/11/2435 2436/11/2428
f 2646/12/2436 2648/12/2432 2647/12/2434
f 2440/11/2435 2441/11/2437 2436/11/2428
f 2645/12/2438 2646/12/2436 2647/12/2434
f 2441/11/2437 2442/11/2439 2436/11/2428
f 2642/12/2440 2644/12/2441 2643/12/2442
f 2442/11/2439 2443/11/2443 2436/11/2428
f 2641/12/2444 2642/12/2440 2643/12/2442
f 2443/11/2443 2444/11/2445 2436/11/2428
f 2638/13/2436 2640/13/2446 2639/13/2447
f 2444/11/2445 2445/11/2448 2436/11/2428
f 2436/11/2428 2445/11/2448 2434/11/2426
f 2445/11/2448 2446/11/2449 2434/11/2426
f 2434/11/2426 2446/11/2449 2432/11/2424
f 2446/11/2449 2447/11/2450 2432/11/2424
f 2432/11/2424 2447/11/2450 2430/11/2422
f 2447/11/2450 2448/11/2451 2430/11/2422
f 2430/11/2422 2448/11/2451 2423/11/2407
f 2448/11/2451 2449/11/2452 2423/11/2407
f 2423/11/2407 2449/11/2452 2421/11/2405
f 2635/12/2453 2636/12/2440 2637/12/2454
f 2634/12/2455 2636/12/2440 2635/12/2453
f 2631/12/2446 2632/12/2456 2633/12/2441
f 2628/12/2457 2630/12/2416 2629/12/2458
f 2450/14/2459 2452/14/2460 2451/14/2461
f 2451/14/2461 2452/14/2460 2453/14/2462
f 2627/12/2463 2628/12/2457 2629/12/2458
f 2625/12/2464 2628/12/2457 2627/12/2463
f 2626/12/2465 2625/12/2464 2627/12/2463
f 2623/12/2466 2625/12/2464 2624/12/2467
f 2450/14/2459 2451/14/2461 2454/14/2468
f 2454/14/2468 2451/14/2461 2455/14/2469
f 2622/12/2470 2623/12/2466 2624/12/2467
f 2455/14/2469 2451/14/2461 2456/14/2471
f 2621/12/2472 2623/12/2466 2622/12/2470
f 2456/14/2471 2451/14/2461 2457/14/2473
f 2620/12/2474 2621/12/2472 2622/12/2470
f 2457/14/2473 2451/14/2461 2458/14/2475
f 2619/12/2476 2621/12/2472 2620/12/2474
f 2458/14/2475 2451/14/2461 2459/14/2477
f 2451/14/2461 2460/14/2478 2459/14/2477
f 2459/14/2477 2460/14/2478 2461/14/2479
f 2460/14/2478 2462/14/2480 2461/14/2479
f 2461/14/2479 2462/14/2480 2463/14/2481
f 2462/14/2480 2464/14/2482 2463/14/2481
f 2463/14/2481 2464/14/2482 2465/14/2483
f 2464/14/2482 2466/14/2484 2465/14/2483
f 2465/14/2483 2466/14/2484 2467/14/2485
f 2618/12/2486 2619/12/2476 2620/12/2474
f 2467/14/2485 2466/14/2484 2468/14/2487
f 2617/12/2488 2619/12/2476 2618/12/2486
f 2468/14/2487 2466/14/2484 2469/14/2489
f 2616/12/2490 2617/12/2488 2618/12/2486
f 2469/14/2489 2466/14/2484 2470/14/2491
f 2615/12/2492 2617/12/2488 2616/12/2490
f 2470/14/2491 2466/14/2484 2471/14/2493
f 2614/12/2494 2615/12/2492 2616/12/2490
f 2471/14/2493 2466/14/2484 2472/14/2495
f 2613/12/2496 2615/12/2492 2614/12/2494
f 2472/14/2495 2466/14/2484 2473/14/2497
f 2612/12/2498 2613/12/2496 2614/12/2494
f 2473/14/2497 2466/14/2484 2474/14/2499
f 2611/12/2500 2613/12/2496 2612/12/2498
f 2474/14/2499 2466/14/2484 2475/14/2501
f 2466/14/2484 2464/14/2482 2475/14/2501
f 2475/14/2501 2464/14/2482 2476/14/2502
f 2464/14/2482 2462/14/2480 2476/14/2502
f 2476/14/2502 2462/14/2480 2477/14/2503
f 2462/14/2480 2460/14/2478 2477/14/2503
f 2477/14/2503 2460/14/2478 2478/14/2504
f 2460/14/2478 2451/14/2461 2478/14/2504
f 2478/14/2504 2451/14/2461 2453/14/2462
f 2610/12/2505 2611/12/2500 2612/12/2498
f 2609/12/2506 2611/12/2500 2610/12/2505
f 2608/12/2507 2609/12/2506 2610/12/2505
f 2607/12/2508 2609/12/2506 2608/12/2507
f 2479/15/2509 2481/15/2510 2480/15/2511
f 2480/15/2511 2481/15/2510 2482/15/2512
f 2481/15/2510 2483/15/2513 2482/15/2512
f 2482/15/2512 2483/15/2513 2484/15/2514
f 2606/12/2515 2607/12/2508 2608/12/2507
f 2484/15/2514 2483/15/2513 2485/15/2516
f 2605/12/2517 2607/12/2508 2606/12/2515
f 2485/15/2516 2483/15/2513 2486/15/2518
f 2604/12/2519 2605/12/2517 2606/12/2515
f 2486/15/2518 2483/15/2513 2487/15/2520
f 2483/15/2513 2488/15/2521 2487/15/2520
f 2603/12/2522 2605/12/2517 2604/12/2519
f 2488/15/2521 2489/15/2523 2487/15/2520
f 2602/12/2524 2603/12/2522 2604/12/2519
f 2489/15/2523 2490/15/2525 2487/15/2520
f 2601/12/2526 2603/12/2522 2602/12/2524
f 2490/15/2525 2491/15/2527 2487/15/2520
f 2600/12/2528 2601/12/2526 2602/12/2524
f 2491/15/2527 2492/15/2529 2487/15/2520
f 2487/15/2520 2492/15/2529 2493/15/2530
f 2492/15/2529 2494/15/2531 2493/15/2530
f 2493/15/2530 2494/15/2531 2495/15/2532
f 2599/12/2533 2601/12/2526 2600/12/2528
f 2596/12/2534 2597/12/2535 2598/12/2536
f 2595/12/2534 2597/12/2535 2596/12/2534
f 2594/12/2537 2595/12/2534 2596/12/2534
f 2496/15/2538 2498/15/2539 2497/15/2540
f 2497/15/2540 2498/15/2539 2499/15/2541
f 2498/15/2539 2500/15/2542 2499/15/2541
f 2499/15/2541 2500/15/2542 2501/15/2543
f 2593/12/2537 2595/12/2534 2594/12/2537
f 2501/15/2543 2500/15/2542 2502/15/2544
f 2579/12/2545 2593/12/2537 2594/12/2537
f 2502/15/2544 2500/15/2542 2503/15/2546
f 2592/12/2547 2593/12/2537 2579/12/2545
f 2503/15/2546 2500/15/2542 2504/15/2548
f 2500/15/2542 2505/15/2549 2504/15/2548
f 2581/12/2550 2592/12/2547 2579/12/2545
f 2505/15/2549 2506/15/2551 2504/15/2548
f 2589/12/2552 2590/12/2553 2591/12/2554
f 2506/15/2551 2507/15/2555 2504/15/2548
f 2588/12/2556 2590/12/2553 2589/12/2552
f 2507/15/2555 2508/15/2557 2504/15/2548
f 2587/12/2558 2588/12/2556 2589/12/2552
f 2508/15/2557 2509/15/2559 2504/15/2548
f 2504/15/2548 2509/15/2559 2510/15/2560
f 2509/15/2559 2511/15/2561 2510/15/2560
f 2510/15/2560 2511/15/2561 2512/15/2562
f 2586/12/2563 2588/12/2556 2587/12/2558
f 2585/12/2564 2586/12/2563 2587/12/2558
f 2584/12/2565 2586/12/2563 2585/12/2564
f 2583/12/2566 2584/12/2565 2585/12/2564
f 2513/13/2533 2515/13/2528 2514/13/2567
f 2514/13/2567 2515/13/2528 2516/13/2568
f 2515/13/2528 2517/13/2524 2516/13/2568
f 2582/12/2569 2584/12/2565 2583/12/2566
f 2517/13/2524 2518/13/2570 2516/13/2568
f 2581/12/2550 2582/12/2569 2583/12/2566
f 2518/13/2570 2519/13/2571 2516/13/2568
f 2516/13/2568 2519/13/2571 2520/13/2507
f 2580/12/2572 2582/12/2569 2581/12/2550
f 2579/12/2545 2580/12/2572 2581/12/2550
f 2575/12/2573 2578/12/2574 2577/12/2575
f 2576/12/2576 2575/12/2573 2577/12/2575
f 2514/13/2567 2516/13/2568 2521/13/2577
f 2521/13/2577 2516/13/2568 2522/13/2578
f 2516/13/2568 2523/13/2579 2522/13/2578
f 2574/12/2580 2575/12/2573 2576/12/2576
f 2571/12/2581 2573/12/2582 2572/12/2583
f 2568/12/2584 2569/12/2554 2570/12/2553
f 2567/12/2585 2569/12/2554 2568/12/2584
f 2524/13/2432 2516/13/2568 2525/13/2420
f 2566/12/2577 2567/12/2585 2568/12/2584
f 2525/13/2420 2516/13/2568 2526/13/2409
f 2565/12/2586 2567/12/2585 2566/12/2577
f 2526/13/2409 2516/13/2568 2527/13/2410
f 2516/13/2568 2528/13/2587 2527/13/2410
f 2527/13/2410 2528/13/2587 2529/13/2415
f 2564/12/2578 2565/12/2586 2566/12/2577
f 2529/13/2415 2528/13/2587 2530/13/2463
f 2562/12/2588 2565/12/2586 2564/12/2578
f 2530/13/2463 2528/13/2587 2531/13/2465
f 2563/12/2589 2562/12/2588 2564/12/2578
f 2531/13/2465 2528/13/2587 2532/13/2470
f 2561/12/2590 2562/12/2588 2563/12/2589
f 2532/13/2470 2528/13/2587 2533/13/2591
f 2560/12/2592 2562/12/2588 2561/12/2590
f 2533/13/2591 2528/13/2587 2534/13/2593
f 2558/12/2447 2560/12/2592 2561/12/2590
f 2534/13/2593 2528/13/2587 2535/13/2490
f 2559/12/2594 2560/12/2592 2558/12/2447
f 2535/13/2490 2528/13/2587 2536/13/2595
f 2557/12/2446 2559/12/2594 2558/12/2447
f 2536/13/2595 2528/13/2587 2537/13/2596
f 2553/12/2597 2555/12/2598 2556/12/2599
f 2537/13/2596 2528/13/2587 2538/13/2505
f 2554/12/2600 2555/12/2598 2553/12/2597
f 2538/13/2505 2528/13/2587 2520/13/2507
f 2528/13/2587 2516/13/2568 2520/13/2507
f 2552/12/2601 2554/12/2600 2553/12/2597
f 2550/12/2602 2552/12/2601 2553/12/2597
f 2551/12/2603 2552/12/2601 2550/12/2602
f 2549/12/2604 2551/12/2603 2550/12/2602
f 2539/13/2589 2540/13/2568 2541/13/2590
f 2548/12/2605 2549/12/2604 2550/12/2602
f 2541/13/2590 2540/13/2568 2542/13/2447
f 2546/12/2606 2549/12/2604 2548/12/2605
f 2542/13/2447 2540/13/2568 2543/13/2436
f 2540/13/2568 2544/13/2432 2543/13/2436
f 2547/12/2607 2546/12/2606 2548/12/2605
f 2545/12/2608 2546/12/2606 2547/12/2607
