# Blender 4.5.10 LTS
# www.blender.org
mtllib model_1.mtl
o model_1
v 0.000249 0.236674 0.000034
v 0.000802 0.236655 0.000101
v 0.000330 0.236671 0.000020
v 0.000815 0.236655 0.000047
v 0.002001 0.236623 0.000249
v 0.001988 0.236623 0.000398
v 0.000802 0.236655 0.000155
v 0.000330 0.236671 0.000061
v 0.000007 0.236684 -0.000007
v 0.000249 0.236674 -0.000007
v 0.000815 0.236655 -0.000007
v 0.002028 0.236623 -0.000007
v 0.002015 0.236623 0.000114
v 0.003888 0.236578 0.000451
v 0.003848 0.236578 0.000761
v 0.003767 0.236578 0.001085
v 0.001947 0.236623 0.000546
v 0.000788 0.236655 0.000209
v 0.000249 0.236674 0.000061
v 0.000317 0.236671 0.000101
v 0.000236 0.236674 0.000101
v 0.000775 0.236655 0.000263
v 0.000748 0.236655 0.000317
v 0.001907 0.236623 0.000667
v 0.003686 0.236578 0.001327
v 0.001867 0.236623 0.000775
v 0.000734 0.236655 0.000357
v 0.000290 0.236671 0.000141
v 0.000708 0.236655 0.000411
v 0.000222 0.236674 0.000128
v 0.000681 0.236655 0.000451
v 0.000276 0.236671 0.000182
v 0.000640 0.236655 0.000492
v 0.000195 0.236674 0.000155
v 0.000613 0.236655 0.000546
v 0.000249 0.236671 0.000222
v 0.000182 0.236674 0.000182
v 0.000573 0.236655 0.000573
v 0.001503 0.236623 0.001354
v 0.001597 0.236623 0.001247
v 0.001678 0.236623 0.001125
v 0.001759 0.236623 0.000990
v 0.001826 0.236623 0.000869
v 0.003632 0.236578 0.001503
v 0.005532 0.236507 0.002028
v 0.005640 0.236507 0.001637
v 0.005761 0.236507 0.001152
v 0.005842 0.236507 0.000640
v 0.003915 0.236578 0.000182
v 0.005883 0.236507 0.000249
v 0.005896 0.236507 -0.000007
v 0.003928 0.236578 -0.000007
v 0.007271 0.236397 0.000788
v 0.007176 0.236397 0.001422
v 0.007015 0.236397 0.002055
v 0.006880 0.236397 0.002527
v 0.005438 0.236507 0.002257
v 0.003551 0.236578 0.001664
v 0.003430 0.236578 0.001907
v 0.003255 0.236578 0.002176
v 0.003066 0.236578 0.002432
v 0.002891 0.236578 0.002648
v 0.001435 0.236623 0.001435
v 0.000546 0.236655 0.000613
v 0.000222 0.236671 0.000249
v 0.000492 0.236655 0.000640
v 0.000155 0.236674 0.000195
v 0.000451 0.236655 0.000681
v 0.000182 0.236671 0.000276
v 0.000411 0.236655 0.000707
v 0.000128 0.236674 0.000222
v 0.000357 0.236655 0.000734
v 0.000142 0.236671 0.000290
v 0.000101 0.236674 0.000236
v 0.000317 0.236655 0.000748
v 0.000869 0.236623 0.001826
v 0.000991 0.236623 0.001759
v 0.001125 0.236623 0.001678
v 0.001247 0.236623 0.001597
v 0.001354 0.236623 0.001503
v 0.002769 0.236578 0.002769
v 0.004333 0.236507 0.003982
v 0.004589 0.236507 0.003672
v 0.004885 0.236507 0.003268
v 0.005141 0.236507 0.002837
v 0.005343 0.236507 0.002473
v 0.006785 0.236397 0.002810
v 0.007958 0.236249 0.002945
v 0.008133 0.236249 0.002379
v 0.008308 0.236249 0.001651
v 0.008416 0.236249 0.000910
v 0.007325 0.236397 0.000290
v 0.008484 0.236249 0.000330
v 0.008497 0.236249 -0.000007
v 0.007338 0.236397 -0.000007
v 0.009616 0.236056 0.001031
v 0.009481 0.236056 0.001880
v 0.009279 0.236056 0.002729
v 0.009090 0.236056 0.003362
v 0.007850 0.236249 0.003255
v 0.006651 0.236397 0.003066
v 0.006408 0.236397 0.003511
v 0.006085 0.236397 0.004063
v 0.005707 0.236397 0.004575
v 0.005384 0.236397 0.004966
v 0.004171 0.236507 0.004171
v 0.002648 0.236578 0.002891
v 0.002433 0.236578 0.003066
v 0.002176 0.236578 0.003255
v 0.001907 0.236578 0.003430
v 0.001664 0.236578 0.003551
v 0.000775 0.236623 0.001866
v 0.000263 0.236655 0.000775
v 0.000101 0.236671 0.000317
v 0.000209 0.236655 0.000788
v 0.000061 0.236674 0.000249
v 0.000155 0.236655 0.000802
v 0.000061 0.236671 0.000330
v 0.000101 0.236655 0.000802
v 0.000034 0.236674 0.000249
v 0.000047 0.236655 0.000815
v 0.000020 0.236671 0.000330
v 0.000007 0.236674 0.000249
v 0.000007 0.236655 0.000815
v 0.000115 0.236623 0.002015
v 0.000249 0.236623 0.002001
v 0.000398 0.236623 0.001988
v 0.000546 0.236623 0.001947
v 0.000667 0.236623 0.001907
v 0.001503 0.236578 0.003632
v 0.002473 0.236507 0.005343
v 0.002837 0.236507 0.005141
v 0.003268 0.236507 0.004885
v 0.003672 0.236507 0.004589
v 0.003982 0.236507 0.004333
v 0.005195 0.236397 0.005195
v 0.006233 0.236249 0.005761
v 0.006597 0.236249 0.005316
v 0.007042 0.236249 0.004710
v 0.007432 0.236249 0.004063
v 0.007715 0.236249 0.003551
v 0.008969 0.236056 0.003713
v 0.010155 0.235792 0.003767
v 0.010370 0.235792 0.003052
v 0.010599 0.235792 0.002109
v 0.010748 0.235792 0.001152
v 0.009683 0.236056 0.000371
v 0.010828 0.235792 0.000411
v 0.010855 0.235792 -0.000007
v 0.009710 0.236056 -0.000007
v 0.011637 0.235424 0.001247
v 0.011475 0.235424 0.002284
v 0.011233 0.235424 0.003308
v 0.011004 0.235424 0.004090
v 0.010020 0.235792 0.004157
v 0.008807 0.236056 0.004050
v 0.008497 0.236056 0.004629
v 0.008039 0.236056 0.005370
v 0.007527 0.236056 0.006071
v 0.007109 0.236056 0.006597
v 0.006017 0.236249 0.006017
v 0.004966 0.236397 0.005384
v 0.004575 0.236397 0.005707
v 0.004063 0.236397 0.006085
v 0.003511 0.236397 0.006408
v 0.003066 0.236397 0.006651
v 0.002257 0.236507 0.005438
v 0.001327 0.236578 0.003686
v 0.001085 0.236578 0.003767
v 0.000761 0.236578 0.003848
v 0.000451 0.236578 0.003888
v 0.000182 0.236578 0.003915
v 0.000007 0.236623 0.002028
v -0.000047 0.236655 0.000815
v -0.000020 0.236671 0.000330
v -0.000101 0.236655 0.000802
v -0.000034 0.236674 0.000249
v -0.000155 0.236655 0.000802
v -0.000061 0.236671 0.000330
v -0.000209 0.236655 0.000788
v -0.000061 0.236674 0.000249
v -0.000263 0.236655 0.000775
v -0.000101 0.236671 0.000317
v -0.000101 0.236674 0.000236
v -0.000317 0.236655 0.000748
v -0.000667 0.236623 0.001907
v -0.000546 0.236623 0.001947
v -0.000398 0.236623 0.001988
v -0.000249 0.236623 0.002001
v -0.000115 0.236623 0.002015
v 0.000007 0.236578 0.003928
v 0.000249 0.236507 0.005882
v 0.000640 0.236507 0.005842
v 0.001152 0.236507 0.005761
v 0.001637 0.236507 0.005640
v 0.002028 0.236507 0.005532
v 0.002810 0.236397 0.006785
v 0.003551 0.236249 0.007715
v 0.004063 0.236249 0.007432
v 0.004710 0.236249 0.007041
v 0.005317 0.236249 0.006597
v 0.005761 0.236249 0.006233
v 0.006866 0.236056 0.006866
v 0.007944 0.235792 0.007365
v 0.008416 0.235792 0.006785
v 0.008982 0.235792 0.006004
v 0.009494 0.235792 0.005182
v 0.009845 0.235792 0.004521
v 0.010855 0.235424 0.004494
v 0.011677 0.234899 0.004346
v 0.011920 0.234899 0.003511
v 0.012190 0.234899 0.002419
v 0.012365 0.234899 0.001314
v 0.011731 0.235424 0.000438
v 0.012459 0.234899 0.000465
v 0.012486 0.234899 -0.000007
v 0.011758 0.235424 -0.000007
v 0.012998 0.234161 0.001381
v 0.012823 0.234161 0.002554
v 0.012540 0.234161 0.003699
v 0.012257 0.234161 0.004562
v 0.011529 0.234899 0.004777
v 0.010667 0.235424 0.004885
v 0.010276 0.235424 0.005599
v 0.009723 0.235424 0.006502
v 0.009103 0.235424 0.007351
v 0.008605 0.235424 0.007985
v 0.007675 0.235792 0.007675
v 0.006597 0.236056 0.007109
v 0.006071 0.236056 0.007527
v 0.005370 0.236056 0.008039
v 0.004629 0.236056 0.008497
v 0.004050 0.236056 0.008807
v 0.003255 0.236249 0.007850
v 0.002527 0.236397 0.006880
v 0.002055 0.236397 0.007015
v 0.001422 0.236397 0.007176
v 0.000788 0.236397 0.007271
v 0.000290 0.236397 0.007324
v 0.000007 0.236507 0.005896
v -0.000182 0.236578 0.003915
v -0.000451 0.236578 0.003888
v -0.000761 0.236578 0.003848
v -0.001085 0.236578 0.003767
v -0.001327 0.236578 0.003686
v -0.000775 0.236623 0.001866
v -0.000357 0.236655 0.000734
v -0.000142 0.236671 0.000290
v -0.000411 0.236655 0.000707
v -0.000128 0.236674 0.000222
v -0.000451 0.236655 0.000681
v -0.000182 0.236671 0.000276
v -0.000492 0.236655 0.000640
v -0.000155 0.236674 0.000195
v -0.000546 0.236655 0.000613
v -0.000222 0.236671 0.000249
v -0.000182 0.236674 0.000182
v -0.000573 0.236655 0.000573
v -0.001354 0.236623 0.001503
v -0.001247 0.236623 0.001597
v -0.001125 0.236623 0.001678
v -0.000991 0.236623 0.001759
v -0.000869 0.236623 0.001826
v -0.001503 0.236578 0.003632
v -0.002028 0.236507 0.005532
v -0.001637 0.236507 0.005640
v -0.001152 0.236507 0.005761
v -0.000640 0.236507 0.005842
v -0.000249 0.236507 0.005882
v 0.000007 0.236397 0.007338
v 0.000330 0.236249 0.008483
v 0.000910 0.236249 0.008416
v 0.001651 0.236249 0.008308
v 0.002379 0.236249 0.008133
v 0.002945 0.236249 0.007958
v 0.003713 0.236056 0.008969
v 0.004521 0.235792 0.009845
v 0.005182 0.235792 0.009494
v 0.006004 0.235792 0.008982
v 0.006785 0.235792 0.008416
v 0.007365 0.235792 0.007944
v 0.008308 0.235424 0.008308
v 0.009130 0.234899 0.008483
v 0.009669 0.234899 0.007810
v 0.010330 0.234899 0.006907
v 0.010923 0.234899 0.005950
v 0.011327 0.234899 0.005195
v 0.012095 0.234161 0.005007
v 0.012527 0.233114 0.004643
v 0.012944 0.233114 0.003794
v 0.013322 0.233114 0.002648
v 0.013416 0.233114 0.001449
v 0.013066 0.234161 0.000478
v 0.013349 0.233114 0.000505
v 0.013308 0.233114 -0.000007
v 0.013093 0.234161 -0.000007
v 0.013497 0.231706 0.001503
v 0.013618 0.231706 0.002702
v 0.013039 0.231706 0.003780
v 0.012270 0.231706 0.004521
v 0.012297 0.233114 0.005087
v 0.011893 0.234161 0.005451
v 0.011475 0.234161 0.006246
v 0.010869 0.234161 0.007271
v 0.010168 0.234161 0.008214
v 0.009589 0.234161 0.008901
v 0.008834 0.234899 0.008834
v 0.007985 0.235424 0.008605
v 0.007351 0.235424 0.009103
v 0.006502 0.235424 0.009723
v 0.005600 0.235424 0.010276
v 0.004885 0.235424 0.010667
v 0.004158 0.235792 0.010020
v 0.003362 0.236056 0.009090
v 0.002729 0.236056 0.009279
v 0.001880 0.236056 0.009481
v 0.001031 0.236056 0.009615
v 0.000371 0.236056 0.009683
v 0.000007 0.236249 0.008497
v -0.000290 0.236397 0.007324
v -0.000788 0.236397 0.007271
v -0.001422 0.236397 0.007176
v -0.002055 0.236397 0.007015
v -0.002527 0.236397 0.006880
v -0.002257 0.236507 0.005438
v -0.001664 0.236578 0.003551
v -0.001907 0.236578 0.003430
v -0.002176 0.236578 0.003255
v -0.002433 0.236578 0.003066
v -0.002648 0.236578 0.002891
v -0.001435 0.236623 0.001435
v -0.000613 0.236655 0.000546
v -0.000249 0.236671 0.000222
v -0.000640 0.236655 0.000492
v -0.000195 0.236674 0.000155
v -0.000681 0.236655 0.000451
v -0.000276 0.236671 0.000182
v -0.000708 0.236655 0.000411
v -0.000222 0.236674 0.000128
v -0.000734 0.236655 0.000357
v -0.000290 0.236671 0.000141
v -0.000236 0.236674 0.000101
v -0.000748 0.236655 0.000317
v -0.001826 0.236623 0.000869
v -0.001759 0.236623 0.000990
v -0.001678 0.236623 0.001125
v -0.001597 0.236623 0.001247
v -0.001503 0.236623 0.001354
v -0.002769 0.236578 0.002769
v -0.003982 0.236507 0.004333
v -0.003672 0.236507 0.004589
v -0.003268 0.236507 0.004885
v -0.002837 0.236507 0.005141
v -0.002473 0.236507 0.005343
v -0.002810 0.236397 0.006785
v -0.002945 0.236249 0.007958
v -0.002379 0.236249 0.008133
v -0.001651 0.236249 0.008308
v -0.000910 0.236249 0.008416
v -0.000330 0.236249 0.008483
v 0.000007 0.236056 0.009710
v 0.000411 0.235792 0.010828
v 0.001152 0.235792 0.010748
v 0.002109 0.235792 0.010599
v 0.003052 0.235792 0.010370
v 0.003767 0.235792 0.010155
v 0.004494 0.235424 0.010855
v 0.005195 0.234899 0.011327
v 0.005950 0.234899 0.010923
v 0.006907 0.234899 0.010330
v 0.007810 0.234899 0.009669
v 0.008484 0.234899 0.009130
v 0.009265 0.234161 0.009265
v 0.009791 0.233114 0.009076
v 0.010505 0.233114 0.008457
v 0.011300 0.233114 0.007540
v 0.011839 0.233114 0.006462
v 0.012136 0.233114 0.005573
v 0.011920 0.231706 0.004939
v 0.011731 0.230092 0.004279
v 0.012944 0.230092 0.003686
v 0.013793 0.230092 0.002742
v 0.011192 0.230092 0.004629
v 0.013793 0.230092 0.002742
v 0.013376 0.230092 0.001556
v 0.013079 0.231706 0.000519
v 0.012473 0.230092 0.000532
v 0.012109 0.230092 -0.000007
v 0.012904 0.231706 -0.000007
v 0.013079 0.231706 -0.000519
v 0.012473 0.230092 -0.000532
v 0.013497 0.231706 -0.001503
v 0.013376 0.230092 -0.001557
v 0.013618 0.231706 -0.002702
v 0.013793 0.230092 -0.002743
v 0.012109 0.230092 -0.000007
v 0.013349 0.233114 -0.000505
v 0.013416 0.233114 -0.001449
v 0.013322 0.233114 -0.002648
v 0.013066 0.234161 -0.000478
v 0.012459 0.234899 -0.000465
v 0.011731 0.235424 -0.000438
v 0.010828 0.235792 -0.000411
v 0.009683 0.236056 -0.000371
v 0.008484 0.236249 -0.000330
v 0.007325 0.236397 -0.000290
v 0.005883 0.236507 -0.000249
v 0.003915 0.236578 -0.000182
v 0.002015 0.236623 -0.000115
v 0.000815 0.236655 -0.000047
v 0.000330 0.236671 -0.000020
v 0.000249 0.236674 -0.000034
v 0.000330 0.236671 -0.000061
v 0.000802 0.236655 -0.000101
v 0.000802 0.236655 -0.000155
v 0.000249 0.236674 -0.000061
v 0.000788 0.236655 -0.000209
v 0.000317 0.236671 -0.000101
v 0.000775 0.236655 -0.000263
v 0.001947 0.236623 -0.000546
v 0.001988 0.236623 -0.000398
v 0.002001 0.236623 -0.000249
v 0.003888 0.236578 -0.000452
v 0.005842 0.236507 -0.000640
v 0.007271 0.236397 -0.000788
v 0.003848 0.236578 -0.000761
v 0.003767 0.236578 -0.001085
v 0.001907 0.236623 -0.000667
v 0.001867 0.236623 -0.000775
v 0.000748 0.236655 -0.000317
v 0.000236 0.236674 -0.000101
v 0.000290 0.236671 -0.000142
v 0.000734 0.236655 -0.000357
v 0.000222 0.236674 -0.000128
v 0.000708 0.236655 -0.000411
v 0.000276 0.236671 -0.000182
v 0.005761 0.236507 -0.001152
v 0.000681 0.236655 -0.000452
v 0.000195 0.236674 -0.000155
v 0.000249 0.236671 -0.000222
v 0.000640 0.236655 -0.000492
v 0.000613 0.236655 -0.000546
v 0.001597 0.236623 -0.001247
v 0.001678 0.236623 -0.001125
v 0.001759 0.236623 -0.000991
v 0.001826 0.236623 -0.000869
v 0.003551 0.236578 -0.001664
v 0.003430 0.236578 -0.001907
v 0.003255 0.236578 -0.002177
v 0.003066 0.236578 -0.002433
v 0.001503 0.236623 -0.001354
v 0.001435 0.236623 -0.001435
v 0.000573 0.236655 -0.000573
v 0.000182 0.236674 -0.000182
v 0.000222 0.236671 -0.000249
v 0.000155 0.236674 -0.000195
v 0.000546 0.236655 -0.000613
v 0.000492 0.236655 -0.000640
v 0.000182 0.236671 -0.000276
v 0.000451 0.236655 -0.000681
v 0.000128 0.236674 -0.000222
v 0.000411 0.236655 -0.000708
v 0.000142 0.236671 -0.000290
v 0.000357 0.236655 -0.000735
v 0.000991 0.236623 -0.001759
v 0.001125 0.236623 -0.001678
v 0.001247 0.236623 -0.001597
v 0.001354 0.236623 -0.001503
v 0.002648 0.236578 -0.002891
v 0.002433 0.236578 -0.003066
v 0.002176 0.236578 -0.003255
v 0.001907 0.236578 -0.003430
v 0.000869 0.236623 -0.001826
v 0.000775 0.236623 -0.001867
v 0.000317 0.236655 -0.000748
v 0.000101 0.236674 -0.000236
v 0.000101 0.236671 -0.000317
v 0.000061 0.236674 -0.000249
v 0.000263 0.236655 -0.000775
v 0.000209 0.236655 -0.000788
v 0.000061 0.236671 -0.000330
v 0.000155 0.236655 -0.000802
v 0.000034 0.236674 -0.000249
v 0.000101 0.236655 -0.000802
v 0.000020 0.236671 -0.000330
v 0.000047 0.236655 -0.000815
v 0.000249 0.236623 -0.002001
v 0.000398 0.236623 -0.001988
v 0.000546 0.236623 -0.001947
v 0.000667 0.236623 -0.001907
v 0.001327 0.236578 -0.003686
v 0.001085 0.236578 -0.003767
v 0.000761 0.236578 -0.003848
v 0.000451 0.236578 -0.003888
v 0.000115 0.236623 -0.002015
v 0.000007 0.236623 -0.002028
v 0.000007 0.236655 -0.000815
v 0.000007 0.236674 -0.000249
v -0.000020 0.236671 -0.000330
v -0.000034 0.236674 -0.000249
v -0.000047 0.236655 -0.000815
v -0.000101 0.236655 -0.000802
v -0.000061 0.236671 -0.000330
v -0.000155 0.236655 -0.000802
v -0.000061 0.236674 -0.000249
v -0.000209 0.236655 -0.000788
v -0.000101 0.236671 -0.000317
v -0.000263 0.236655 -0.000775
v -0.000546 0.236623 -0.001947
v -0.000398 0.236623 -0.001988
v -0.000249 0.236623 -0.002001
v -0.000115 0.236623 -0.002015
v -0.000182 0.236578 -0.003915
v -0.000451 0.236578 -0.003888
v -0.000761 0.236578 -0.003848
v -0.001085 0.236578 -0.003767
v -0.000667 0.236623 -0.001907
v -0.000775 0.236623 -0.001867
v -0.000317 0.236655 -0.000748
v -0.000101 0.236674 -0.000236
v -0.000142 0.236671 -0.000290
v -0.000128 0.236674 -0.000222
v -0.000357 0.236655 -0.000735
v -0.000411 0.236655 -0.000708
v -0.000182 0.236671 -0.000276
v -0.000451 0.236655 -0.000681
v -0.000155 0.236674 -0.000195
v -0.000492 0.236655 -0.000640
v -0.000222 0.236671 -0.000249
v -0.000546 0.236655 -0.000613
v -0.001247 0.236623 -0.001597
v -0.001125 0.236623 -0.001678
v -0.000991 0.236623 -0.001759
v -0.000869 0.236623 -0.001826
v -0.001664 0.236578 -0.003551
v -0.001907 0.236578 -0.003430
v -0.002176 0.236578 -0.003255
v -0.002433 0.236578 -0.003066
v -0.001354 0.236623 -0.001503
v -0.001435 0.236623 -0.001435
v -0.000573 0.236655 -0.000573
v -0.000182 0.236674 -0.000182
v -0.000249 0.236671 -0.000222
v -0.000195 0.236674 -0.000155
v -0.000613 0.236655 -0.000546
v -0.000640 0.236655 -0.000492
v -0.000276 0.236671 -0.000182
v -0.000681 0.236655 -0.000452
v -0.000222 0.236674 -0.000128
v -0.000708 0.236655 -0.000411
v -0.000290 0.236671 -0.000142
v -0.000734 0.236655 -0.000357
v -0.001759 0.236623 -0.000991
v -0.001678 0.236623 -0.001125
v -0.001597 0.236623 -0.001247
v -0.001503 0.236623 -0.001354
v -0.002891 0.236578 -0.002648
v -0.003066 0.236578 -0.002433
v -0.003255 0.236578 -0.002177
v -0.003430 0.236578 -0.001907
v -0.001826 0.236623 -0.000869
v -0.001867 0.236623 -0.000775
v -0.000748 0.236655 -0.000317
v -0.000236 0.236674 -0.000101
v -0.000317 0.236671 -0.000101
v -0.000249 0.236674 -0.000061
v -0.000775 0.236655 -0.000263
v -0.000788 0.236655 -0.000209
v -0.000330 0.236671 -0.000061
v -0.000802 0.236655 -0.000155
v -0.000249 0.236674 -0.000034
v -0.000802 0.236655 -0.000101
v -0.000330 0.236671 -0.000020
v -0.000249 0.236674 -0.000007
v -0.000815 0.236655 -0.000007
v -0.000815 0.236655 -0.000047
v -0.002001 0.236623 -0.000249
v -0.001988 0.236623 -0.000398
v -0.001947 0.236623 -0.000546
v -0.001907 0.236623 -0.000667
v -0.003686 0.236578 -0.001328
v -0.003767 0.236578 -0.001085
v -0.003848 0.236578 -0.000761
v -0.003888 0.236578 -0.000452
v -0.002015 0.236623 -0.000115
v -0.002028 0.236623 -0.000007
v -0.002015 0.236623 0.000114
v -0.000815 0.236655 0.000047
v -0.000802 0.236655 0.000101
v -0.000249 0.236674 0.000034
v -0.000330 0.236671 0.000061
v -0.000249 0.236674 0.000061
v -0.000802 0.236655 0.000155
v -0.002001 0.236623 0.000249
v -0.003915 0.236578 0.000182
v -0.003928 0.236578 -0.000007
v -0.003915 0.236578 -0.000182
v -0.005842 0.236507 -0.000640
v -0.005761 0.236507 -0.001152
v -0.005640 0.236507 -0.001637
v -0.005532 0.236507 -0.002028
v -0.003632 0.236578 -0.001503
v -0.003551 0.236578 -0.001664
v -0.000330 0.236671 0.000020
v -0.005438 0.236507 -0.002257
v -0.006880 0.236397 -0.002527
v -0.007015 0.236397 -0.002055
v -0.007176 0.236397 -0.001422
v -0.007271 0.236397 -0.000788
v -0.005883 0.236507 -0.000249
v -0.005896 0.236507 0.000007
v -0.005883 0.236507 0.000249
v -0.003888 0.236578 0.000451
v -0.001988 0.236623 0.000398
v -0.000788 0.236655 0.000209
v -0.000317 0.236671 0.000101
v -0.000775 0.236655 0.000263
v -0.001947 0.236623 0.000546
v -0.003848 0.236578 0.000761
v -0.005842 0.236507 0.000640
v -0.007325 0.236397 0.000290
v -0.007338 0.236397 0.000007
v -0.007325 0.236397 -0.000290
v -0.008416 0.236249 -0.000910
v -0.008308 0.236249 -0.001651
v -0.008133 0.236249 -0.002379
v -0.007958 0.236249 -0.002945
v -0.006785 0.236397 -0.002810
v -0.005343 0.236507 -0.002473
v -0.005141 0.236507 -0.002837
v -0.004885 0.236507 -0.003268
v -0.004589 0.236507 -0.003672
v -0.004333 0.236507 -0.003982
v -0.002769 0.236578 -0.002769
v -0.002648 0.236578 -0.002891
v -0.004171 0.236507 -0.004171
v -0.005384 0.236397 -0.004966
v -0.005707 0.236397 -0.004575
v -0.006085 0.236397 -0.004063
v -0.006408 0.236397 -0.003511
v -0.006651 0.236397 -0.003066
v -0.007850 0.236249 -0.003255
v -0.009090 0.236056 -0.003362
v -0.009279 0.236056 -0.002729
v -0.009481 0.236056 -0.001880
v -0.009616 0.236056 -0.001031
v -0.008484 0.236249 -0.000330
v -0.008497 0.236249 0.000007
v -0.008484 0.236249 0.000330
v -0.007271 0.236397 0.000788
v -0.005761 0.236507 0.001152
v -0.003767 0.236578 0.001085
v -0.001907 0.236623 0.000667
v -0.001867 0.236623 0.000775
v -0.003551 0.236578 0.001664
v -0.003430 0.236578 0.001907
v -0.003255 0.236578 0.002176
v -0.003066 0.236578 0.002432
v -0.002891 0.236578 0.002648
v -0.004171 0.236507 0.004171
v -0.004966 0.236397 0.005384
v -0.004575 0.236397 0.005707
v -0.004063 0.236397 0.006085
v -0.003511 0.236397 0.006408
v -0.003066 0.236397 0.006651
v -0.003255 0.236249 0.007850
v -0.003362 0.236056 0.009090
v -0.002729 0.236056 0.009279
v -0.001880 0.236056 0.009481
v -0.001031 0.236056 0.009615
v -0.000371 0.236056 0.009683
v 0.000007 0.235792 0.010855
v 0.000438 0.235424 0.011731
v 0.001247 0.235424 0.011637
v 0.002284 0.235424 0.011475
v 0.003309 0.235424 0.011233
v 0.004090 0.235424 0.011004
v 0.004777 0.234899 0.011529
v 0.005451 0.234161 0.011893
v 0.006246 0.234161 0.011475
v 0.007271 0.234161 0.010869
v 0.008214 0.234161 0.010168
v 0.008901 0.234161 0.009589
v 0.009413 0.233114 0.009413
v 0.009616 0.231706 0.008874
v 0.010599 0.231706 0.008483
v 0.011543 0.231706 0.007715
v 0.011893 0.231706 0.006543
v 0.011880 0.231706 0.005478
v 0.011192 0.230092 0.004629
v 0.011327 0.230092 0.005263
v 0.011758 0.230092 0.006556
v 0.011691 0.230092 0.007810
v 0.011691 0.230092 0.007810
v 0.010559 0.230092 0.008362
v 0.009198 0.230092 0.008443
v 0.009117 0.231706 0.009117
v 0.009076 0.233114 0.009791
v 0.008457 0.233114 0.010505
v 0.007540 0.233114 0.011300
v 0.006462 0.233114 0.011839
v 0.005573 0.233114 0.012136
v 0.005007 0.234161 0.012095
v 0.004346 0.234899 0.011677
v 0.003511 0.234899 0.011920
v 0.002419 0.234899 0.012190
v 0.001314 0.234899 0.012365
v 0.000465 0.234899 0.012459
v 0.000007 0.235424 0.011758
v -0.000411 0.235792 0.010828
v -0.001152 0.235792 0.010748
v -0.002109 0.235792 0.010599
v -0.003052 0.235792 0.010370
v -0.003767 0.235792 0.010155
v -0.003713 0.236056 0.008969
v -0.003551 0.236249 0.007715
v -0.004063 0.236249 0.007432
v -0.004710 0.236249 0.007041
v -0.005317 0.236249 0.006597
v -0.005761 0.236249 0.006233
v -0.005195 0.236397 0.005195
v -0.004333 0.236507 0.003982
v -0.004589 0.236507 0.003672
v -0.004885 0.236507 0.003268
v -0.005141 0.236507 0.002837
v -0.005343 0.236507 0.002473
v -0.003632 0.236578 0.001503
v -0.003686 0.236578 0.001327
v -0.005640 0.236507 0.001637
v -0.007176 0.236397 0.001422
v -0.008416 0.236249 0.000910
v -0.009683 0.236056 0.000371
v -0.009710 0.236056 0.000007
v -0.009683 0.236056 -0.000371
v -0.010748 0.235792 -0.001152
v -0.010599 0.235792 -0.002109
v -0.010370 0.235792 -0.003053
v -0.010155 0.235792 -0.003767
v -0.008969 0.236056 -0.003713
v -0.007715 0.236249 -0.003551
v -0.007432 0.236249 -0.004063
v -0.007042 0.236249 -0.004710
v -0.006597 0.236249 -0.005317
v -0.006233 0.236249 -0.005761
v -0.005195 0.236397 -0.005195
v -0.003982 0.236507 -0.004333
v -0.003672 0.236507 -0.004589
v -0.003268 0.236507 -0.004885
v -0.002837 0.236507 -0.005141
v -0.002473 0.236507 -0.005344
v -0.001503 0.236578 -0.003632
v -0.001327 0.236578 -0.003686
v 0.008564 0.230092 0.008564
v -0.002257 0.236507 -0.005438
v -0.003066 0.236397 -0.006651
v -0.003511 0.236397 -0.006408
v -0.004063 0.236397 -0.006085
v -0.004575 0.236397 -0.005707
v -0.004966 0.236397 -0.005384
v -0.006017 0.236249 -0.006017
v -0.007109 0.236056 -0.006597
v -0.007527 0.236056 -0.006071
v -0.008039 0.236056 -0.005370
v -0.008497 0.236056 -0.004629
v -0.008807 0.236056 -0.004050
v -0.010020 0.235792 -0.004158
v -0.011004 0.235424 -0.004090
v -0.011233 0.235424 -0.003309
v -0.011475 0.235424 -0.002284
v -0.011637 0.235424 -0.001247
v -0.010828 0.235792 -0.000411
v -0.010855 0.235792 0.000007
v -0.010828 0.235792 0.000411
v -0.009616 0.236056 0.001031
v -0.008308 0.236249 0.001651
v -0.007015 0.236397 0.002055
v -0.005532 0.236507 0.002028
v -0.005438 0.236507 0.002257
v -0.006651 0.236397 0.003066
v -0.006408 0.236397 0.003511
v -0.006085 0.236397 0.004063
v -0.005707 0.236397 0.004575
v -0.005384 0.236397 0.004966
v -0.006017 0.236249 0.006017
v -0.006597 0.236056 0.007109
v -0.006071 0.236056 0.007527
v -0.005370 0.236056 0.008039
v -0.004629 0.236056 0.008497
v -0.004050 0.236056 0.008807
v -0.004158 0.235792 0.010020
v -0.004090 0.235424 0.011004
v -0.003309 0.235424 0.011233
v -0.002284 0.235424 0.011475
v -0.001247 0.235424 0.011637
v -0.000438 0.235424 0.011731
v 0.000007 0.234899 0.012486
v 0.000478 0.234161 0.013066
v 0.001381 0.234161 0.012998
v 0.002554 0.234161 0.012823
v 0.003699 0.234161 0.012540
v 0.004562 0.234161 0.012257
v 0.005087 0.233114 0.012297
v 0.005478 0.231706 0.011880
v 0.006543 0.231706 0.011893
v 0.007715 0.231706 0.011543
v 0.008484 0.231706 0.010599
v 0.008874 0.231706 0.009615
v 0.008564 0.230092 0.008564
v 0.008443 0.230092 0.009198
v 0.008362 0.230092 0.010559
v 0.007810 0.230092 0.011691
v 0.007810 0.230092 0.011691
v 0.006556 0.230092 0.011758
v 0.005263 0.230092 0.011327
v 0.004939 0.231706 0.011920
v 0.004643 0.233114 0.012526
v 0.003794 0.233114 0.012944
v 0.002648 0.233114 0.013322
v 0.001449 0.233114 0.013416
v 0.000505 0.233114 0.013349
v 0.000007 0.234161 0.013092
v -0.000465 0.234899 0.012459
v -0.001314 0.234899 0.012365
v -0.002419 0.234899 0.012190
v -0.003511 0.234899 0.011920
v -0.004346 0.234899 0.011677
v -0.004494 0.235424 0.010855
v -0.004521 0.235792 0.009845
v -0.005182 0.235792 0.009494
v -0.006004 0.235792 0.008982
v -0.006785 0.235792 0.008416
v -0.007365 0.235792 0.007944
v -0.006866 0.236056 0.006866
v -0.006233 0.236249 0.005761
v -0.006597 0.236249 0.005316
v -0.007042 0.236249 0.004710
v -0.007432 0.236249 0.004063
v -0.007715 0.236249 0.003551
v -0.006785 0.236397 0.002810
v -0.006880 0.236397 0.002527
v -0.008133 0.236249 0.002379
v -0.009481 0.236056 0.001880
v -0.010748 0.235792 0.001152
v -0.011731 0.235424 0.000438
v -0.011758 0.235424 0.000007
v -0.011731 0.235424 -0.000438
v -0.012365 0.234899 -0.001314
v -0.012190 0.234899 -0.002419
v -0.011920 0.234899 -0.003511
v -0.011677 0.234899 -0.004346
v -0.010855 0.235424 -0.004495
v -0.009845 0.235792 -0.004521
v -0.009494 0.235792 -0.005182
v -0.008982 0.235792 -0.006004
v -0.008416 0.235792 -0.006786
v -0.007944 0.235792 -0.007365
v -0.006866 0.236056 -0.006866
v -0.005761 0.236249 -0.006233
v -0.005317 0.236249 -0.006597
v -0.004710 0.236249 -0.007042
v -0.004063 0.236249 -0.007432
v -0.003551 0.236249 -0.007715
v -0.002810 0.236397 -0.006786
v -0.002028 0.236507 -0.005532
v -0.001637 0.236507 -0.005640
v -0.001152 0.236507 -0.005761
v -0.000640 0.236507 -0.005842
v -0.000249 0.236507 -0.005883
v 0.000007 0.236578 -0.003928
v 0.000182 0.236578 -0.003915
v 0.004629 0.230092 0.011192
v -0.000007 0.236507 -0.005896
v -0.000290 0.236397 -0.007325
v -0.000788 0.236397 -0.007271
v -0.001422 0.236397 -0.007176
v -0.002055 0.236397 -0.007015
v -0.002527 0.236397 -0.006880
v -0.003255 0.236249 -0.007850
v -0.004050 0.236056 -0.008807
v -0.004629 0.236056 -0.008497
v -0.005370 0.236056 -0.008039
v -0.006071 0.236056 -0.007527
v -0.006597 0.236056 -0.007109
v -0.007675 0.235792 -0.007675
v -0.008605 0.235424 -0.007985
v -0.009103 0.235424 -0.007352
v -0.009723 0.235424 -0.006503
v -0.010276 0.235424 -0.005600
v -0.010667 0.235424 -0.004885
v -0.011529 0.234899 -0.004778
v -0.012257 0.234161 -0.004562
v -0.012540 0.234161 -0.003699
v -0.012823 0.234161 -0.002554
v -0.012998 0.234161 -0.001381
v -0.012459 0.234899 -0.000465
v -0.012486 0.234899 0.000007
v -0.012459 0.234899 0.000465
v -0.011637 0.235424 0.001247
v -0.010599 0.235792 0.002109
v -0.009279 0.236056 0.002729
v -0.007958 0.236249 0.002945
v -0.007850 0.236249 0.003255
v -0.008807 0.236056 0.004050
v -0.008497 0.236056 0.004629
v -0.008039 0.236056 0.005370
v -0.007527 0.236056 0.006071
v -0.007109 0.236056 0.006597
v -0.007675 0.235792 0.007675
v -0.007985 0.235424 0.008605
v -0.007351 0.235424 0.009103
v -0.006502 0.235424 0.009723
v -0.005600 0.235424 0.010276
v -0.004885 0.235424 0.010667
v -0.004777 0.234899 0.011529
v -0.004562 0.234161 0.012257
v -0.003699 0.234161 0.012540
v -0.002554 0.234161 0.012823
v -0.001381 0.234161 0.012998
v -0.000478 0.234161 0.013066
v 0.000007 0.233114 0.013308
v 0.000519 0.231706 0.013079
v 0.001503 0.231706 0.013497
v 0.002702 0.231706 0.013618
v 0.003780 0.231706 0.013039
v 0.004521 0.231706 0.012270
v 0.004629 0.230092 0.011192
v 0.004279 0.230092 0.011731
v 0.003686 0.230092 0.012944
v 0.002742 0.230092 0.013793
v 0.002742 0.230092 0.013793
v 0.001557 0.230092 0.013375
v 0.000532 0.230092 0.012473
v 0.000007 0.231706 0.012904
v -0.000505 0.233114 0.013349
v -0.001449 0.233114 0.013416
v -0.002648 0.233114 0.013322
v -0.003794 0.233114 0.012944
v -0.004643 0.233114 0.012526
v -0.005007 0.234161 0.012095
v -0.005195 0.234899 0.011327
v -0.005950 0.234899 0.010923
v -0.006907 0.234899 0.010330
v -0.007810 0.234899 0.009669
v -0.008484 0.234899 0.009130
v -0.008308 0.235424 0.008308
v -0.007944 0.235792 0.007365
v -0.008416 0.235792 0.006785
v -0.008982 0.235792 0.006004
v -0.009494 0.235792 0.005182
v -0.009845 0.235792 0.004521
v -0.008969 0.236056 0.003713
v -0.009090 0.236056 0.003362
v -0.010370 0.235792 0.003052
v -0.011475 0.235424 0.002284
v -0.012365 0.234899 0.001314
v -0.013066 0.234161 0.000478
v -0.013093 0.234161 0.000007
v -0.013066 0.234161 -0.000478
v -0.013416 0.233114 -0.001449
v -0.013322 0.233114 -0.002648
v -0.012944 0.233114 -0.003794
v -0.012527 0.233114 -0.004643
v -0.012095 0.234161 -0.005007
v -0.011327 0.234899 -0.005195
v -0.010923 0.234899 -0.005950
v -0.010330 0.234899 -0.006907
v -0.009669 0.234899 -0.007810
v -0.009130 0.234899 -0.008484
v -0.008308 0.235424 -0.008308
v -0.007365 0.235792 -0.007945
v -0.006785 0.235792 -0.008416
v -0.006004 0.235792 -0.008982
v -0.005182 0.235792 -0.009494
v -0.004521 0.235792 -0.009845
v -0.003713 0.236056 -0.008969
v -0.002945 0.236249 -0.007958
v -0.002379 0.236249 -0.008133
v -0.001651 0.236249 -0.008308
v -0.000910 0.236249 -0.008416
v -0.000330 0.236249 -0.008484
v -0.000007 0.236397 -0.007338
v 0.000249 0.236507 -0.005883
v 0.000640 0.236507 -0.005842
v 0.001152 0.236507 -0.005761
v 0.001637 0.236507 -0.005640
v 0.002028 0.236507 -0.005532
v 0.001503 0.236578 -0.003632
v 0.001664 0.236578 -0.003551
v 0.000007 0.230092 0.012109
v 0.002257 0.236507 -0.005438
v 0.002527 0.236397 -0.006880
v 0.002055 0.236397 -0.007015
v 0.001422 0.236397 -0.007176
v 0.000788 0.236397 -0.007271
v 0.000290 0.236397 -0.007325
v -0.000007 0.236249 -0.008497
v -0.000371 0.236056 -0.009683
v -0.001031 0.236056 -0.009616
v -0.001880 0.236056 -0.009481
v -0.002729 0.236056 -0.009279
v -0.003362 0.236056 -0.009090
v -0.004158 0.235792 -0.010020
v -0.004885 0.235424 -0.010667
v -0.005600 0.235424 -0.010276
v -0.006502 0.235424 -0.009723
v -0.007351 0.235424 -0.009103
v -0.007985 0.235424 -0.008605
v -0.008834 0.234899 -0.008834
v -0.009589 0.234161 -0.008901
v -0.010168 0.234161 -0.008214
v -0.010869 0.234161 -0.007271
v -0.011475 0.234161 -0.006246
v -0.011893 0.234161 -0.005451
v -0.012297 0.233114 -0.005087
v -0.012270 0.231706 -0.004521
v -0.013039 0.231706 -0.003780
v -0.013618 0.231706 -0.002702
v -0.013497 0.231706 -0.001503
v -0.013793 0.230092 -0.002743
v -0.013376 0.230092 -0.001557
v -0.013079 0.231706 -0.000519
v -0.012473 0.230092 -0.000532
v -0.012109 0.230092 0.000007
v -0.012904 0.231706 0.000007
v -0.013349 0.233114 -0.000505
v -0.013308 0.233114 0.000007
v -0.013349 0.233114 0.000505
v -0.012109 0.230092 0.000007
v -0.012473 0.230092 0.000532
v -0.013079 0.231706 0.000519
v -0.013416 0.233114 0.001449
v -0.012998 0.234161 0.001381
v -0.012190 0.234899 0.002419
v -0.011233 0.235424 0.003308
v -0.010155 0.235792 0.003767
v -0.010020 0.235792 0.004157
v -0.010667 0.235424 0.004885
v -0.010276 0.235424 0.005599
v -0.009723 0.235424 0.006502
v -0.009103 0.235424 0.007351
v -0.008605 0.235424 0.007985
v -0.008834 0.234899 0.008834
v -0.008901 0.234161 0.009589
v -0.008214 0.234161 0.010168
v -0.007271 0.234161 0.010869
v -0.006246 0.234161 0.011475
v -0.005451 0.234161 0.011893
v -0.005087 0.233114 0.012297
v -0.004521 0.231706 0.012270
v -0.003780 0.231706 0.013039
v -0.002702 0.231706 0.013618
v -0.001503 0.231706 0.013497
v -0.000519 0.231706 0.013079
v 0.000007 0.230092 0.012109
v -0.000532 0.230092 0.012473
v -0.001557 0.230092 0.013375
v -0.002742 0.230092 0.013793
v -0.002742 0.230092 0.013793
v -0.003686 0.230092 0.012944
v -0.004279 0.230092 0.011731
v -0.004939 0.231706 0.011920
v -0.005573 0.233114 0.012136
v -0.006462 0.233114 0.011839
v -0.007540 0.233114 0.011300
v -0.008457 0.233114 0.010505
v -0.009076 0.233114 0.009791
v -0.009265 0.234161 0.009265
v -0.009130 0.234899 0.008483
v -0.009669 0.234899 0.007810
v -0.010330 0.234899 0.006907
v -0.010923 0.234899 0.005950
v -0.011327 0.234899 0.005195
v -0.010855 0.235424 0.004494
v -0.011004 0.235424 0.004090
v -0.011920 0.234899 0.003511
v -0.012823 0.234161 0.002554
v -0.013322 0.233114 0.002648
v -0.013497 0.231706 0.001503
v -0.013376 0.230092 0.001556
v -0.004629 0.230092 0.011192
v -0.012540 0.234161 0.003699
v -0.011677 0.234899 0.004346
v -0.011529 0.234899 0.004777
v -0.011893 0.234161 0.005451
v -0.011475 0.234161 0.006246
v -0.010869 0.234161 0.007271
v -0.010168 0.234161 0.008214
v -0.009589 0.234161 0.008901
v -0.009413 0.233114 0.009413
v -0.008874 0.231706 0.009615
v -0.008484 0.231706 0.010599
v -0.007715 0.231706 0.011543
v -0.006543 0.231706 0.011893
v -0.005478 0.231706 0.011880
v -0.004629 0.230092 0.011192
v -0.005263 0.230092 0.011327
v -0.006556 0.230092 0.011758
v -0.007810 0.230092 0.011691
v -0.007810 0.230092 0.011691
v -0.008362 0.230092 0.010559
v -0.008443 0.230092 0.009198
v -0.009117 0.231706 0.009117
v -0.009791 0.233114 0.009076
v -0.010505 0.233114 0.008457
v -0.011300 0.233114 0.007540
v -0.011839 0.233114 0.006462
v -0.012136 0.233114 0.005573
v -0.012095 0.234161 0.005007
v -0.012257 0.234161 0.004562
v -0.012944 0.233114 0.003794
v -0.013618 0.231706 0.002702
v -0.013793 0.230092 0.002742
v -0.008564 0.230092 0.008564
v -0.013039 0.231706 0.003780
v -0.013793 0.230092 0.002742
v -0.012944 0.230092 0.003686
v -0.012270 0.231706 0.004521
v -0.011731 0.230092 0.004279
v -0.011192 0.230092 0.004629
v -0.011920 0.231706 0.004939
v -0.012527 0.233114 0.004643
v -0.012297 0.233114 0.005087
v -0.011880 0.231706 0.005478
v -0.011327 0.230092 0.005263
v -0.011893 0.231706 0.006543
v -0.011543 0.231706 0.007715
v -0.010599 0.231706 0.008483
v -0.009616 0.231706 0.008874
v -0.008564 0.230092 0.008564
v -0.009198 0.230092 0.008443
v -0.010559 0.230092 0.008362
v -0.011691 0.230092 0.007810
v -0.011192 0.230092 0.004629
v -0.011758 0.230092 0.006556
v -0.011691 0.230092 0.007810
v 0.011758 0.230092 -0.006556
v 0.011893 0.231706 -0.006543
v 0.011327 0.230092 -0.005263
v 0.011880 0.231706 -0.005478
v 0.011839 0.233114 -0.006462
v 0.012136 0.233114 -0.005573
v 0.011475 0.234161 -0.006246
v 0.010869 0.234161 -0.007271
v 0.011300 0.233114 -0.007540
v 0.010168 0.234161 -0.008214
v 0.010505 0.233114 -0.008457
v 0.011543 0.231706 -0.007715
v 0.011691 0.230092 -0.007810
v 0.009669 0.234899 -0.007810
v 0.010330 0.234899 -0.006907
v 0.010923 0.234899 -0.005950
v 0.011893 0.234161 -0.005451
v 0.012095 0.234161 -0.005007
v 0.012297 0.233114 -0.005087
v 0.012257 0.234161 -0.004562
v 0.012527 0.233114 -0.004643
v 0.011920 0.231706 -0.004939
v 0.011192 0.230092 -0.004629
v 0.011677 0.234899 -0.004346
v 0.011529 0.234899 -0.004778
v 0.011327 0.234899 -0.005195
v 0.010276 0.235424 -0.005600
v 0.009723 0.235424 -0.006503
v 0.009103 0.235424 -0.007352
v 0.008605 0.235424 -0.007985
v 0.009130 0.234899 -0.008484
v 0.008834 0.234899 -0.008834
v 0.009265 0.234161 -0.009265
v 0.009589 0.234161 -0.008901
v 0.008308 0.235424 -0.008308
v 0.007944 0.235792 -0.007365
v 0.008416 0.235792 -0.006786
v 0.008982 0.235792 -0.006004
v 0.007527 0.236056 -0.006071
v 0.007109 0.236056 -0.006597
v 0.007675 0.235792 -0.007675
v 0.007985 0.235424 -0.008605
v 0.008484 0.234899 -0.009130
v 0.007351 0.235424 -0.009103
v 0.007810 0.234899 -0.009670
v 0.008901 0.234161 -0.009589
v 0.006785 0.235792 -0.008416
v 0.007365 0.235792 -0.007945
v 0.006866 0.236056 -0.006866
v 0.006233 0.236249 -0.005761
v 0.006017 0.236249 -0.006017
v 0.006597 0.236056 -0.007109
v 0.006071 0.236056 -0.007527
v 0.005370 0.236056 -0.008039
v 0.006004 0.235792 -0.008982
v 0.004629 0.236056 -0.008497
v 0.005182 0.235792 -0.009494
v 0.006502 0.235424 -0.009723
v 0.004063 0.236249 -0.007432
v 0.004710 0.236249 -0.007042
v 0.005317 0.236249 -0.006597
v 0.005761 0.236249 -0.006233
v 0.004575 0.236397 -0.005707
v 0.004063 0.236397 -0.006085
v 0.003511 0.236397 -0.006408
v 0.003066 0.236397 -0.006651
v 0.003551 0.236249 -0.007715
v 0.003255 0.236249 -0.007850
v 0.003713 0.236056 -0.008969
v 0.004050 0.236056 -0.008807
v 0.002810 0.236397 -0.006786
v 0.002473 0.236507 -0.005344
v 0.002837 0.236507 -0.005141
v 0.003268 0.236507 -0.004885
v 0.002945 0.236249 -0.007958
v 0.002379 0.236249 -0.008133
v 0.001651 0.236249 -0.008308
v 0.000910 0.236249 -0.008416
v 0.000330 0.236249 -0.008484
v -0.000007 0.236056 -0.009710
v -0.000411 0.235792 -0.010829
v -0.001152 0.235792 -0.010748
v -0.002109 0.235792 -0.010599
v -0.003052 0.235792 -0.010370
v -0.003767 0.235792 -0.010155
v -0.004494 0.235424 -0.010855
v -0.005195 0.234899 -0.011327
v -0.005950 0.234899 -0.010923
v -0.006907 0.234899 -0.010330
v -0.007810 0.234899 -0.009670
v -0.008484 0.234899 -0.009130
v -0.009265 0.234161 -0.009265
v -0.009791 0.233114 -0.009077
v -0.010505 0.233114 -0.008457
v -0.011300 0.233114 -0.007540
v -0.011839 0.233114 -0.006462
v -0.012136 0.233114 -0.005573
v -0.011920 0.231706 -0.004939
v -0.011731 0.230092 -0.004279
v -0.012944 0.230092 -0.003686
v -0.013793 0.230092 -0.002743
v 0.003362 0.236056 -0.009090
v -0.011192 0.230092 -0.004629
v -0.011880 0.231706 -0.005478
v -0.011192 0.230092 -0.004629
v -0.011327 0.230092 -0.005263
v -0.011758 0.230092 -0.006556
v -0.011893 0.231706 -0.006543
v -0.011691 0.230092 -0.007810
v -0.011543 0.231706 -0.007715
v -0.010599 0.231706 -0.008484
v -0.009616 0.231706 -0.008874
v -0.009413 0.233114 -0.009413
v -0.008901 0.234161 -0.009589
v -0.008214 0.234161 -0.010168
v -0.007271 0.234161 -0.010869
v -0.006246 0.234161 -0.011475
v -0.005451 0.234161 -0.011893
v -0.004777 0.234899 -0.011529
v -0.004090 0.235424 -0.011004
v -0.003309 0.235424 -0.011233
v -0.002284 0.235424 -0.011475
v -0.001247 0.235424 -0.011637
v -0.000438 0.235424 -0.011731
v -0.000007 0.235792 -0.010855
v 0.000371 0.236056 -0.009683
v 0.001031 0.236056 -0.009616
v 0.001880 0.236056 -0.009481
v 0.002729 0.236056 -0.009279
v 0.003767 0.235792 -0.010155
v 0.003052 0.235792 -0.010370
v 0.002109 0.235792 -0.010599
v 0.001152 0.235792 -0.010748
v 0.000411 0.235792 -0.010829
v -0.000007 0.235424 -0.011758
v -0.000465 0.234899 -0.012459
v -0.001314 0.234899 -0.012365
v -0.002419 0.234899 -0.012190
v -0.003511 0.234899 -0.011920
v -0.004346 0.234899 -0.011678
v -0.005007 0.234161 -0.012095
v -0.005573 0.233114 -0.012136
v -0.006462 0.233114 -0.011839
v -0.007540 0.233114 -0.011300
v -0.008457 0.233114 -0.010505
v -0.009076 0.233114 -0.009791
v -0.009117 0.231706 -0.009117
v -0.009198 0.230092 -0.008443
v -0.010559 0.230092 -0.008362
v -0.011691 0.230092 -0.007810
v -0.008564 0.230092 -0.008564
v -0.008874 0.231706 -0.009616
v -0.008564 0.230092 -0.008564
v -0.008443 0.230092 -0.009198
v -0.008362 0.230092 -0.010559
v -0.008484 0.231706 -0.010599
v -0.007810 0.230092 -0.011691
v -0.007715 0.231706 -0.011543
v -0.006543 0.231706 -0.011893
v -0.005478 0.231706 -0.011880
v -0.005087 0.233114 -0.012297
v -0.004562 0.234161 -0.012257
v -0.003699 0.234161 -0.012540
v -0.002554 0.234161 -0.012823
v -0.001381 0.234161 -0.012998
v -0.000478 0.234161 -0.013066
v -0.000007 0.234899 -0.012486
v 0.000438 0.235424 -0.011731
v 0.001247 0.235424 -0.011637
v 0.002284 0.235424 -0.011475
v 0.003309 0.235424 -0.011233
v 0.004090 0.235424 -0.011004
v 0.004158 0.235792 -0.010020
v 0.004521 0.235792 -0.009845
v 0.005600 0.235424 -0.010276
v 0.006907 0.234899 -0.010330
v 0.008214 0.234161 -0.010168
v 0.009076 0.233114 -0.009791
v 0.009413 0.233114 -0.009413
v 0.009791 0.233114 -0.009077
v 0.010599 0.231706 -0.008484
v 0.011691 0.230092 -0.007810
v 0.010559 0.230092 -0.008362
v 0.009616 0.231706 -0.008874
v 0.009198 0.230092 -0.008443
v 0.008564 0.230092 -0.008564
v 0.009117 0.231706 -0.009117
v 0.008874 0.231706 -0.009616
v 0.008564 0.230092 -0.008564
v 0.008443 0.230092 -0.009198
v 0.008484 0.231706 -0.010599
v 0.008457 0.233114 -0.010505
v 0.007271 0.234161 -0.010869
v 0.005950 0.234899 -0.010923
v 0.004885 0.235424 -0.010667
v 0.004494 0.235424 -0.010855
v 0.004346 0.234899 -0.011678
v 0.003511 0.234899 -0.011920
v 0.002419 0.234899 -0.012190
v 0.001314 0.234899 -0.012365
v 0.000465 0.234899 -0.012459
v -0.000007 0.234161 -0.013093
v -0.000505 0.233114 -0.013349
v -0.001449 0.233114 -0.013416
v -0.002648 0.233114 -0.013322
v -0.003794 0.233114 -0.012944
v -0.004643 0.233114 -0.012527
v -0.004939 0.231706 -0.011920
v -0.005263 0.230092 -0.011327
v -0.006556 0.230092 -0.011758
v -0.007810 0.230092 -0.011691
v 0.008362 0.230092 -0.010559
v -0.004629 0.230092 -0.011192
v -0.004521 0.231706 -0.012270
v -0.004629 0.230092 -0.011192
v -0.004279 0.230092 -0.011731
v -0.003686 0.230092 -0.012944
v -0.003780 0.231706 -0.013039
v -0.002742 0.230092 -0.013793
v -0.002702 0.231706 -0.013618
v -0.001503 0.231706 -0.013497
v -0.000519 0.231706 -0.013079
v -0.000007 0.233114 -0.013308
v 0.000478 0.234161 -0.013066
v 0.001381 0.234161 -0.012998
v 0.002554 0.234161 -0.012823
v 0.003699 0.234161 -0.012540
v 0.004562 0.234161 -0.012257
v 0.004777 0.234899 -0.011529
v 0.005195 0.234899 -0.011327
v 0.006246 0.234161 -0.011475
v 0.007540 0.233114 -0.011300
v 0.007715 0.231706 -0.011543
v 0.007810 0.230092 -0.011691
v 0.006462 0.233114 -0.011839
v 0.005451 0.234161 -0.011893
v 0.005007 0.234161 -0.012095
v 0.004643 0.233114 -0.012527
v 0.003794 0.233114 -0.012944
v 0.002648 0.233114 -0.013322
v 0.001449 0.233114 -0.013416
v 0.000505 0.233114 -0.013349
v -0.000007 0.231706 -0.012904
v -0.000532 0.230092 -0.012473
v -0.001557 0.230092 -0.013376
v -0.002742 0.230092 -0.013793
v -0.000007 0.230092 -0.012109
v 0.000519 0.231706 -0.013079
v -0.000007 0.230092 -0.012109
v 0.000532 0.230092 -0.012473
v 0.001557 0.230092 -0.013376
v 0.001503 0.231706 -0.013497
v 0.002742 0.230092 -0.013793
v 0.002702 0.231706 -0.013618
v 0.003780 0.231706 -0.013039
v 0.004521 0.231706 -0.012270
v 0.005087 0.233114 -0.012297
v 0.005573 0.233114 -0.012136
v 0.006543 0.231706 -0.011893
v 0.007810 0.230092 -0.011691
v 0.006556 0.230092 -0.011758
v 0.005478 0.231706 -0.011880
v 0.005263 0.230092 -0.011327
v 0.004629 0.230092 -0.011192
v 0.004939 0.231706 -0.011920
v 0.004279 0.230092 -0.011731
v 0.003686 0.230092 -0.012944
v 0.002742 0.230092 -0.013793
v 0.004629 0.230092 -0.011192
v 0.013793 0.230092 -0.002743
v 0.013039 0.231706 -0.003780
v 0.012944 0.233114 -0.003794
v 0.012270 0.231706 -0.004521
v 0.011192 0.230092 -0.004629
v 0.011731 0.230092 -0.004279
v 0.012944 0.230092 -0.003686
v 0.012540 0.234161 -0.003699
v 0.011920 0.234899 -0.003511
v 0.011004 0.235424 -0.004090
v 0.010855 0.235424 -0.004495
v 0.010667 0.235424 -0.004885
v 0.009494 0.235792 -0.005182
v 0.008039 0.236056 -0.005370
v 0.006597 0.236249 -0.005317
v 0.005384 0.236397 -0.004966
v 0.005195 0.236397 -0.005195
v 0.004966 0.236397 -0.005384
v 0.003672 0.236507 -0.004589
v 0.012823 0.234161 -0.002554
v 0.003982 0.236507 -0.004333
v 0.002769 0.236578 -0.002769
v 0.002891 0.236578 -0.002648
v 0.004171 0.236507 -0.004171
v 0.004333 0.236507 -0.003982
v 0.004589 0.236507 -0.003672
v 0.004885 0.236507 -0.003268
v 0.005141 0.236507 -0.002837
v 0.005343 0.236507 -0.002473
v 0.003632 0.236578 -0.001503
v 0.003686 0.236578 -0.001328
v 0.005640 0.236507 -0.001637
v 0.007176 0.236397 -0.001422
v 0.008416 0.236249 -0.000910
v 0.009616 0.236056 -0.001031
v 0.008308 0.236249 -0.001651
v 0.007015 0.236397 -0.002055
v 0.005532 0.236507 -0.002028
v 0.005438 0.236507 -0.002257
v 0.006651 0.236397 -0.003066
v 0.006408 0.236397 -0.003511
v 0.006085 0.236397 -0.004063
v 0.005707 0.236397 -0.004575
v 0.007042 0.236249 -0.004710
v 0.007432 0.236249 -0.004063
v 0.007715 0.236249 -0.003551
v 0.006785 0.236397 -0.002810
v 0.006880 0.236397 -0.002527
v 0.008133 0.236249 -0.002379
v 0.009481 0.236056 -0.001880
v 0.010748 0.235792 -0.001152
v 0.011637 0.235424 -0.001247
v 0.010599 0.235792 -0.002109
v 0.009279 0.236056 -0.002729
v 0.007958 0.236249 -0.002945
v 0.007850 0.236249 -0.003255
v 0.008807 0.236056 -0.004050
v 0.008497 0.236056 -0.004629
v 0.009845 0.235792 -0.004521
v 0.008969 0.236056 -0.003713
v 0.009090 0.236056 -0.003362
v 0.010370 0.235792 -0.003053
v 0.011475 0.235424 -0.002284
v 0.012365 0.234899 -0.001314
v 0.012998 0.234161 -0.001381
v 0.012190 0.234899 -0.002419
v 0.011233 0.235424 -0.003309
v 0.010155 0.235792 -0.003767
v 0.010020 0.235792 -0.004158
v 0.000236 0.236436 0.000034
v 0.000317 0.236433 0.000020
v 0.000802 0.236417 0.000101
v 0.000815 0.236413 0.000047
v 0.000802 0.236417 -0.000007
v 0.000249 0.236436 -0.000007
v 0.000007 0.236446 -0.000007
v 0.000317 0.236433 0.000061
v 0.000802 0.236413 0.000155
v 0.001974 0.236384 0.000398
v 0.002001 0.236384 0.000249
v 0.002015 0.236384 0.000114
v 0.002015 0.236384 -0.000007
v 0.002015 0.236384 -0.000115
v 0.000815 0.236413 -0.000047
v 0.000802 0.236417 -0.000101
v 0.000236 0.236436 -0.000034
v 0.000317 0.236433 -0.000061
v 0.000317 0.236433 -0.000020
v 0.000802 0.236413 -0.000155
v 0.000236 0.236436 -0.000061
v 0.000775 0.236417 -0.000209
v 0.000303 0.236433 -0.000101
v 0.000775 0.236413 -0.000263
v 0.000748 0.236417 -0.000303
v 0.000222 0.236436 -0.000088
v 0.000734 0.236413 -0.000357
v 0.000290 0.236433 -0.000142
v 0.000209 0.236436 -0.000128
v 0.000263 0.236433 -0.000182
v 0.000694 0.236417 -0.000398
v 0.000681 0.236413 -0.000452
v 0.000195 0.236436 -0.000142
v 0.000640 0.236417 -0.000492
v 0.000249 0.236433 -0.000209
v 0.000613 0.236413 -0.000532
v 0.000573 0.236417 -0.000573
v 0.000168 0.236436 -0.000169
v 0.000532 0.236413 -0.000613
v 0.000209 0.236433 -0.000249
v 0.000142 0.236436 -0.000195
v 0.000182 0.236433 -0.000263
v 0.000128 0.236436 -0.000209
v 0.000451 0.236413 -0.000681
v 0.000398 0.236417 -0.000694
v 0.000142 0.236433 -0.000290
v 0.000357 0.236413 -0.000735
v 0.000303 0.236417 -0.000748
v 0.000088 0.236436 -0.000222
v 0.000492 0.236417 -0.000640
v 0.000263 0.236413 -0.000775
v 0.000101 0.236433 -0.000303
v 0.000061 0.236436 -0.000236
v 0.000061 0.236433 -0.000317
v 0.000209 0.236417 -0.000775
v 0.000155 0.236413 -0.000802
v 0.000034 0.236436 -0.000236
v 0.000101 0.236417 -0.000802
v 0.000020 0.236433 -0.000317
v 0.000047 0.236413 -0.000815
v 0.000007 0.236417 -0.000802
v 0.000007 0.236436 -0.000249
v -0.000047 0.236413 -0.000815
v -0.000020 0.236433 -0.000317
v -0.000034 0.236436 -0.000236
v -0.000101 0.236417 -0.000802
v -0.000061 0.236433 -0.000317
v -0.000061 0.236436 -0.000236
v -0.000101 0.236433 -0.000303
v -0.000209 0.236417 -0.000775
v -0.000263 0.236413 -0.000775
v -0.000303 0.236417 -0.000748
v -0.000088 0.236436 -0.000222
v -0.000357 0.236413 -0.000735
v -0.000142 0.236433 -0.000290
v -0.000128 0.236436 -0.000209
v -0.000155 0.236413 -0.000802
v -0.000398 0.236417 -0.000694
v -0.000182 0.236433 -0.000263
v -0.000142 0.236436 -0.000195
v -0.000209 0.236433 -0.000249
v -0.000492 0.236417 -0.000640
v -0.000532 0.236413 -0.000613
v -0.000573 0.236417 -0.000573
v -0.000168 0.236436 -0.000169
v -0.000613 0.236413 -0.000532
v -0.000249 0.236433 -0.000209
v -0.000195 0.236436 -0.000142
v -0.000451 0.236413 -0.000681
v -0.000640 0.236417 -0.000492
v -0.000263 0.236433 -0.000182
v -0.000209 0.236436 -0.000128
v -0.000290 0.236433 -0.000142
v -0.000694 0.236417 -0.000398
v -0.000734 0.236413 -0.000357
v -0.000748 0.236417 -0.000303
v -0.000222 0.236436 -0.000088
v -0.000775 0.236413 -0.000263
v -0.000303 0.236433 -0.000101
v -0.000236 0.236436 -0.000061
v -0.000681 0.236413 -0.000452
v -0.000775 0.236417 -0.000209
v -0.000317 0.236433 -0.000061
v -0.000236 0.236436 -0.000034
v -0.000317 0.236433 -0.000020
v -0.000802 0.236417 -0.000101
v -0.000815 0.236413 -0.000047
v -0.000802 0.236417 -0.000007
v -0.000249 0.236436 -0.000007
v -0.000815 0.236413 0.000047
v -0.000317 0.236433 0.000020
v -0.000236 0.236436 0.000034
v -0.000802 0.236413 -0.000155
v -0.000802 0.236417 0.000101
v -0.000317 0.236433 0.000061
v -0.000236 0.236436 0.000061
v -0.000303 0.236433 0.000101
v -0.000775 0.236417 0.000209
v -0.000775 0.236413 0.000263
v -0.000748 0.236417 0.000303
v -0.000222 0.236436 0.000088
v -0.000734 0.236413 0.000357
v -0.000290 0.236433 0.000141
v -0.000209 0.236436 0.000128
v -0.000802 0.236413 0.000155
v -0.000694 0.236417 0.000398
v -0.000263 0.236433 0.000182
v -0.000195 0.236436 0.000141
v -0.000249 0.236433 0.000209
v -0.000640 0.236417 0.000492
v -0.000613 0.236413 0.000532
v -0.000573 0.236417 0.000573
v -0.000168 0.236436 0.000168
v -0.000532 0.236413 0.000613
v -0.000209 0.236433 0.000249
v -0.000142 0.236436 0.000195
v -0.000681 0.236413 0.000451
v -0.000492 0.236417 0.000640
v -0.000182 0.236433 0.000263
v -0.000128 0.236436 0.000209
v -0.000142 0.236433 0.000290
v -0.000398 0.236417 0.000694
v -0.000357 0.236413 0.000734
v -0.000303 0.236417 0.000748
v -0.000088 0.236436 0.000222
v -0.000263 0.236413 0.000775
v -0.000101 0.236433 0.000303
v -0.000061 0.236436 0.000236
v -0.000451 0.236413 0.000681
v -0.000209 0.236417 0.000775
v -0.000061 0.236433 0.000317
v -0.000034 0.236436 0.000236
v -0.000020 0.236433 0.000317
v -0.000101 0.236417 0.000802
v -0.000047 0.236413 0.000815
v 0.000007 0.236417 0.000802
v 0.000007 0.236436 0.000249
v 0.000047 0.236413 0.000815
v 0.000020 0.236433 0.000317
v 0.000034 0.236436 0.000236
v -0.000155 0.236413 0.000802
v 0.000101 0.236417 0.000802
v 0.000061 0.236433 0.000317
v 0.000061 0.236436 0.000236
v 0.000101 0.236433 0.000303
v 0.000209 0.236417 0.000775
v 0.000263 0.236413 0.000775
v 0.000303 0.236417 0.000748
v 0.000088 0.236436 0.000222
v 0.000357 0.236413 0.000734
v 0.000142 0.236433 0.000290
v 0.000128 0.236436 0.000209
v 0.000155 0.236413 0.000802
v 0.000398 0.236417 0.000694
v 0.000182 0.236433 0.000263
v 0.000142 0.236436 0.000195
v 0.000209 0.236433 0.000249
v 0.000492 0.236417 0.000640
v 0.000532 0.236413 0.000613
v 0.000573 0.236417 0.000573
v 0.000168 0.236436 0.000168
v 0.000613 0.236413 0.000532
v 0.000249 0.236433 0.000209
v 0.000195 0.236436 0.000141
v 0.000451 0.236413 0.000681
v 0.000640 0.236417 0.000492
v 0.000263 0.236433 0.000182
v 0.000209 0.236436 0.000128
v 0.000290 0.236433 0.000141
v 0.000694 0.236417 0.000398
v 0.000681 0.236413 0.000451
v 0.000236 0.236436 0.000061
v 0.000303 0.236433 0.000101
v 0.000222 0.236436 0.000088
v 0.000775 0.236413 0.000263
v 0.000775 0.236417 0.000209
v 0.001947 0.236384 0.000546
v 0.000748 0.236417 0.000303
v 0.000734 0.236413 0.000357
v 0.001867 0.236384 0.000775
v 0.001907 0.236384 0.000667
v 0.003686 0.236339 0.001327
v 0.003753 0.236339 0.001071
v 0.003834 0.236339 0.000761
v 0.003888 0.236339 0.000438
v 0.003915 0.236339 0.000182
v 0.003915 0.236339 -0.000007
v 0.003915 0.236339 -0.000182
v 0.002001 0.236384 -0.000249
v 0.001974 0.236384 -0.000398
v 0.001947 0.236384 -0.000546
v 0.001907 0.236384 -0.000667
v 0.001867 0.236384 -0.000775
v 0.001813 0.236384 -0.000869
v 0.001759 0.236384 -0.000991
v 0.001678 0.236384 -0.001125
v 0.001584 0.236384 -0.001247
v 0.001503 0.236384 -0.001341
v 0.001422 0.236384 -0.001422
v 0.001341 0.236384 -0.001503
v 0.001247 0.236384 -0.001584
v 0.001125 0.236384 -0.001678
v 0.000991 0.236384 -0.001759
v 0.000869 0.236384 -0.001813
v 0.000775 0.236384 -0.001867
v 0.000667 0.236384 -0.001907
v 0.000546 0.236384 -0.001947
v 0.000398 0.236384 -0.001974
v 0.000249 0.236384 -0.002001
v 0.000115 0.236384 -0.002015
v 0.000007 0.236384 -0.002015
v -0.000115 0.236384 -0.002015
v -0.000249 0.236384 -0.002001
v -0.000398 0.236384 -0.001974
v -0.000546 0.236384 -0.001947
v -0.000667 0.236384 -0.001907
v -0.000775 0.236384 -0.001867
v -0.000869 0.236384 -0.001813
v -0.000991 0.236384 -0.001759
v -0.001125 0.236384 -0.001678
v -0.001247 0.236384 -0.001584
v -0.001341 0.236384 -0.001503
v -0.001422 0.236384 -0.001422
v -0.001503 0.236384 -0.001341
v -0.001584 0.236384 -0.001247
v -0.001678 0.236384 -0.001125
v -0.001759 0.236384 -0.000991
v -0.001813 0.236384 -0.000869
v -0.001867 0.236384 -0.000775
v -0.001907 0.236384 -0.000667
v -0.001947 0.236384 -0.000546
v -0.001974 0.236384 -0.000398
v -0.002001 0.236384 -0.000249
v -0.002015 0.236384 -0.000115
v -0.002015 0.236384 -0.000007
v -0.002015 0.236384 0.000114
v -0.002001 0.236384 0.000249
v -0.001974 0.236384 0.000398
v -0.001947 0.236384 0.000546
v -0.001907 0.236384 0.000667
v -0.001867 0.236384 0.000775
v -0.001813 0.236384 0.000869
v -0.001759 0.236384 0.000990
v -0.001678 0.236384 0.001125
v -0.001584 0.236384 0.001247
v -0.001503 0.236384 0.001341
v -0.001422 0.236384 0.001422
v -0.001341 0.236384 0.001503
v -0.001247 0.236384 0.001583
v -0.001125 0.236384 0.001678
v -0.000991 0.236384 0.001759
v -0.000869 0.236384 0.001813
v -0.000775 0.236384 0.001866
v -0.000667 0.236384 0.001907
v -0.000546 0.236384 0.001947
v -0.000398 0.236384 0.001974
v -0.000249 0.236384 0.002001
v -0.000115 0.236384 0.002015
v 0.000007 0.236384 0.002015
v 0.000115 0.236384 0.002015
v 0.000249 0.236384 0.002001
v 0.000398 0.236384 0.001974
v 0.000546 0.236384 0.001947
v 0.000667 0.236384 0.001907
v 0.000775 0.236384 0.001866
v 0.000869 0.236384 0.001813
v 0.000991 0.236384 0.001759
v 0.001125 0.236384 0.001678
v 0.001247 0.236384 0.001583
v 0.001341 0.236384 0.001503
v 0.001422 0.236384 0.001422
v 0.001503 0.236384 0.001341
v 0.001584 0.236384 0.001247
v 0.001678 0.236384 0.001125
v 0.001759 0.236384 0.000990
v 0.001813 0.236384 0.000869
v 0.003618 0.236339 0.001503
v 0.005519 0.236268 0.002015
v 0.005626 0.236268 0.001637
v 0.005748 0.236268 0.001139
v 0.005829 0.236268 0.000640
v 0.005869 0.236268 0.000249
v 0.005883 0.236268 -0.000007
v 0.005869 0.236268 -0.000249
v 0.003888 0.236339 -0.000438
v 0.003834 0.236339 -0.000761
v 0.003753 0.236339 -0.001071
v 0.003686 0.236339 -0.001328
v 0.003618 0.236339 -0.001503
v 0.003551 0.236339 -0.001664
v 0.003416 0.236339 -0.001894
v 0.003255 0.236339 -0.002177
v 0.003066 0.236339 -0.002433
v 0.002891 0.236339 -0.002635
v 0.002769 0.236339 -0.002769
v 0.002635 0.236339 -0.002891
v 0.002433 0.236339 -0.003066
v 0.002176 0.236339 -0.003255
v 0.001893 0.236339 -0.003416
v 0.001664 0.236339 -0.003551
v 0.001503 0.236339 -0.003619
v 0.001327 0.236339 -0.003686
v 0.001071 0.236339 -0.003753
v 0.000761 0.236339 -0.003834
v 0.000438 0.236339 -0.003888
v 0.000182 0.236339 -0.003915
v 0.000007 0.236339 -0.003915
v -0.000182 0.236339 -0.003915
v -0.000438 0.236339 -0.003888
v -0.000761 0.236339 -0.003834
v -0.001071 0.236339 -0.003753
v -0.001327 0.236339 -0.003686
v -0.001503 0.236339 -0.003619
v -0.001664 0.236339 -0.003551
v -0.001893 0.236339 -0.003416
v -0.002176 0.236339 -0.003255
v -0.002433 0.236339 -0.003066
v -0.002635 0.236339 -0.002891
v -0.002769 0.236339 -0.002769
v -0.002891 0.236339 -0.002635
v -0.003066 0.236339 -0.002433
v -0.003255 0.236339 -0.002177
v -0.003416 0.236339 -0.001894
v -0.003551 0.236339 -0.001664
v -0.003618 0.236339 -0.001503
v -0.003686 0.236339 -0.001328
v -0.003753 0.236339 -0.001071
v -0.003834 0.236339 -0.000761
v -0.003888 0.236339 -0.000438
v -0.003915 0.236339 -0.000182
v -0.003915 0.236339 -0.000007
v -0.003915 0.236339 0.000182
v -0.003888 0.236339 0.000438
v -0.003834 0.236339 0.000761
v -0.003753 0.236339 0.001071
v -0.003686 0.236339 0.001327
v -0.003618 0.236339 0.001503
v -0.003551 0.236339 0.001664
v -0.003416 0.236339 0.001893
v -0.003255 0.236339 0.002176
v -0.003066 0.236339 0.002432
v -0.002891 0.236339 0.002635
v -0.002769 0.236339 0.002769
v -0.002635 0.236339 0.002891
v -0.002433 0.236339 0.003066
v -0.002176 0.236339 0.003255
v -0.001893 0.236339 0.003416
v -0.001664 0.236339 0.003551
v -0.001503 0.236339 0.003618
v -0.001327 0.236339 0.003686
v -0.001071 0.236339 0.003753
v -0.000761 0.236339 0.003834
v -0.000438 0.236339 0.003888
v -0.000182 0.236339 0.003915
v 0.000007 0.236339 0.003915
v 0.000182 0.236339 0.003915
v 0.000438 0.236339 0.003888
v 0.000761 0.236339 0.003834
v 0.001071 0.236339 0.003753
v 0.001327 0.236339 0.003686
v 0.001503 0.236339 0.003618
v 0.001664 0.236339 0.003551
v 0.001893 0.236339 0.003416
v 0.002176 0.236339 0.003255
v 0.002433 0.236339 0.003066
v 0.002635 0.236339 0.002891
v 0.002769 0.236339 0.002769
v 0.002891 0.236339 0.002635
v 0.003066 0.236339 0.002432
v 0.003255 0.236339 0.002176
v 0.003416 0.236339 0.001893
v 0.003551 0.236339 0.001664
v 0.005438 0.236268 0.002244
v 0.006853 0.236159 0.002527
v 0.007001 0.236159 0.002042
v 0.007149 0.236159 0.001422
v 0.007244 0.236159 0.000788
v 0.007298 0.236159 0.000290
v 0.007311 0.236159 -0.000007
v 0.007298 0.236159 -0.000290
v 0.005829 0.236268 -0.000640
v 0.005748 0.236268 -0.001139
v 0.005626 0.236268 -0.001637
v 0.005519 0.236268 -0.002015
v 0.005438 0.236268 -0.002244
v 0.005330 0.236268 -0.002473
v 0.005141 0.236268 -0.002823
v 0.004872 0.236268 -0.003255
v 0.004575 0.236268 -0.003659
v 0.004319 0.236268 -0.003982
v 0.004158 0.236268 -0.004158
v 0.003982 0.236268 -0.004319
v 0.003659 0.236268 -0.004575
v 0.003255 0.236268 -0.004872
v 0.002823 0.236268 -0.005141
v 0.002473 0.236268 -0.005330
v 0.002244 0.236268 -0.005438
v 0.002015 0.236268 -0.005519
v 0.001637 0.236268 -0.005627
v 0.001139 0.236268 -0.005748
v 0.000640 0.236268 -0.005829
v 0.000249 0.236268 -0.005869
v -0.000007 0.236268 -0.005883
v -0.000249 0.236268 -0.005869
v -0.000640 0.236268 -0.005829
v -0.001139 0.236268 -0.005748
v -0.001637 0.236268 -0.005627
v -0.002015 0.236268 -0.005519
v -0.002244 0.236268 -0.005438
v -0.002473 0.236268 -0.005330
v -0.002823 0.236268 -0.005141
v -0.003255 0.236268 -0.004872
v -0.003659 0.236268 -0.004575
v -0.003982 0.236268 -0.004319
v -0.004158 0.236268 -0.004158
v -0.004319 0.236268 -0.003982
v -0.004575 0.236268 -0.003659
v -0.004872 0.236268 -0.003255
v -0.005141 0.236268 -0.002823
v -0.005330 0.236268 -0.002473
v -0.005438 0.236268 -0.002244
v -0.005519 0.236268 -0.002015
v -0.005626 0.236268 -0.001637
v -0.005748 0.236268 -0.001139
v -0.005829 0.236268 -0.000640
v -0.005869 0.236268 -0.000249
v -0.005883 0.236268 0.000007
v -0.005869 0.236268 0.000249
v -0.005829 0.236268 0.000640
v -0.005748 0.236268 0.001139
v -0.005626 0.236268 0.001637
v -0.005519 0.236268 0.002015
v -0.005438 0.236268 0.002244
v -0.005330 0.236268 0.002473
v -0.005141 0.236268 0.002823
v -0.004872 0.236268 0.003255
v -0.004575 0.236268 0.003659
v -0.004319 0.236268 0.003982
v -0.004158 0.236268 0.004157
v -0.003982 0.236268 0.004319
v -0.003659 0.236268 0.004575
v -0.003255 0.236268 0.004872
v -0.002823 0.236268 0.005141
v -0.002473 0.236268 0.005330
v -0.002244 0.236268 0.005438
v -0.002015 0.236268 0.005519
v -0.001637 0.236268 0.005626
v -0.001139 0.236268 0.005748
v -0.000640 0.236268 0.005829
v -0.000249 0.236268 0.005869
v 0.000007 0.236268 0.005882
v 0.000249 0.236268 0.005869
v 0.000640 0.236268 0.005829
v 0.001139 0.236268 0.005748
v 0.001637 0.236268 0.005626
v 0.002015 0.236268 0.005519
v 0.002244 0.236268 0.005438
v 0.002473 0.236268 0.005330
v 0.002823 0.236268 0.005141
v 0.003255 0.236268 0.004872
v 0.003659 0.236268 0.004575
v 0.003982 0.236268 0.004319
v 0.004158 0.236268 0.004157
v 0.004319 0.236268 0.003982
v 0.004575 0.236268 0.003659
v 0.004872 0.236268 0.003255
v 0.005141 0.236268 0.002823
v 0.005330 0.236268 0.002473
v 0.006759 0.236159 0.002796
v 0.007931 0.236011 0.002931
v 0.008093 0.236011 0.002379
v 0.008268 0.236011 0.001651
v 0.008389 0.236011 0.000910
v 0.008443 0.236011 0.000330
v 0.008470 0.236011 -0.000007
v 0.008443 0.236011 -0.000330
v 0.007244 0.236159 -0.000788
v 0.007149 0.236159 -0.001422
v 0.007001 0.236159 -0.002042
v 0.006853 0.236159 -0.002527
v 0.006759 0.236159 -0.002796
v 0.006637 0.236159 -0.003066
v 0.006395 0.236159 -0.003497
v 0.006058 0.236159 -0.004050
v 0.005680 0.236159 -0.004562
v 0.005370 0.236159 -0.004953
v 0.005168 0.236159 -0.005168
v 0.004953 0.236159 -0.005370
v 0.004562 0.236159 -0.005680
v 0.004050 0.236159 -0.006058
v 0.003497 0.236159 -0.006395
v 0.003066 0.236159 -0.006637
v 0.002796 0.236159 -0.006759
v 0.002527 0.236159 -0.006853
v 0.002042 0.236159 -0.007001
v 0.001422 0.236159 -0.007149
v 0.000788 0.236159 -0.007244
v 0.000290 0.236159 -0.007298
v -0.000007 0.236159 -0.007311
v -0.000290 0.236159 -0.007298
v -0.000788 0.236159 -0.007244
v -0.001422 0.236159 -0.007149
v -0.002042 0.236159 -0.007001
v -0.002527 0.236159 -0.006853
v -0.002796 0.236159 -0.006759
v -0.003066 0.236159 -0.006637
v -0.003497 0.236159 -0.006395
v -0.004050 0.236159 -0.006058
v -0.004562 0.236159 -0.005680
v -0.004953 0.236159 -0.005370
v -0.005168 0.236159 -0.005168
v -0.005370 0.236159 -0.004953
v -0.005680 0.236159 -0.004562
v -0.006058 0.236159 -0.004050
v -0.006395 0.236159 -0.003497
v -0.006637 0.236159 -0.003066
v -0.006759 0.236159 -0.002796
v -0.006853 0.236159 -0.002527
v -0.007001 0.236159 -0.002042
v -0.007149 0.236159 -0.001422
v -0.007244 0.236159 -0.000788
v -0.007298 0.236159 -0.000290
v -0.007311 0.236159 0.000007
v -0.007298 0.236159 0.000290
v -0.007244 0.236159 0.000788
v -0.007149 0.236159 0.001422
v -0.007001 0.236159 0.002042
v -0.006853 0.236159 0.002527
v -0.006759 0.236159 0.002796
v -0.006637 0.236159 0.003066
v -0.006395 0.236159 0.003497
v -0.006058 0.236159 0.004050
v -0.005680 0.236159 0.004562
v -0.005370 0.236159 0.004953
v -0.005168 0.236159 0.005168
v -0.004953 0.236159 0.005370
v -0.004562 0.236159 0.005680
v -0.004050 0.236159 0.006058
v -0.003497 0.236159 0.006395
v -0.003066 0.236159 0.006637
v -0.002796 0.236159 0.006758
v -0.002527 0.236159 0.006853
v -0.002042 0.236159 0.007001
v -0.001422 0.236159 0.007149
v -0.000788 0.236159 0.007244
v -0.000290 0.236159 0.007298
v 0.000007 0.236159 0.007311
v 0.000290 0.236159 0.007298
v 0.000788 0.236159 0.007244
v 0.001422 0.236159 0.007149
v 0.002042 0.236159 0.007001
v 0.002527 0.236159 0.006853
v 0.002796 0.236159 0.006758
v 0.003066 0.236159 0.006637
v 0.003497 0.236159 0.006395
v 0.004050 0.236159 0.006058
v 0.004562 0.236159 0.005680
v 0.004953 0.236159 0.005370
v 0.005168 0.236159 0.005168
v 0.005370 0.236159 0.004953
v 0.005680 0.236159 0.004562
v 0.006058 0.236159 0.004050
v 0.006395 0.236159 0.003497
v 0.006637 0.236159 0.003066
v 0.007823 0.236011 0.003241
v 0.009050 0.235821 0.003349
v 0.009238 0.235821 0.002715
v 0.009440 0.235821 0.001880
v 0.009575 0.235821 0.001031
v 0.009643 0.235821 0.000371
v 0.009669 0.235821 -0.000007
v 0.009643 0.235821 -0.000371
v 0.008389 0.236011 -0.000910
v 0.008268 0.236011 -0.001651
v 0.008093 0.236011 -0.002379
v 0.007931 0.236011 -0.002931
v 0.007823 0.236011 -0.003241
v 0.007675 0.236011 -0.003538
v 0.007405 0.236011 -0.004050
v 0.007015 0.236011 -0.004683
v 0.006570 0.236011 -0.005290
v 0.006206 0.236011 -0.005748
v 0.005990 0.236011 -0.005990
v 0.005748 0.236011 -0.006206
v 0.005290 0.236011 -0.006570
v 0.004683 0.236011 -0.007015
v 0.004050 0.236011 -0.007405
v 0.003538 0.236011 -0.007675
v 0.003241 0.236011 -0.007823
v 0.002931 0.236011 -0.007931
v 0.002379 0.236011 -0.008093
v 0.001651 0.236011 -0.008268
v 0.000910 0.236011 -0.008389
v 0.000330 0.236011 -0.008443
v -0.000007 0.236011 -0.008470
v -0.000330 0.236011 -0.008443
v -0.000910 0.236011 -0.008389
v -0.001651 0.236011 -0.008268
v -0.002379 0.236011 -0.008093
v -0.002931 0.236011 -0.007931
v -0.003241 0.236011 -0.007823
v -0.003538 0.236011 -0.007675
v -0.004050 0.236011 -0.007405
v -0.004683 0.236011 -0.007015
v -0.005290 0.236011 -0.006570
v -0.005748 0.236011 -0.006206
v -0.005990 0.236011 -0.005990
v -0.006206 0.236011 -0.005748
v -0.006570 0.236011 -0.005290
v -0.007015 0.236011 -0.004683
v -0.007405 0.236011 -0.004050
v -0.007675 0.236011 -0.003538
v -0.007823 0.236011 -0.003241
v -0.007931 0.236011 -0.002931
v -0.008093 0.236011 -0.002379
v -0.008268 0.236011 -0.001651
v -0.008389 0.236011 -0.000910
v -0.008443 0.236011 -0.000330
v -0.008470 0.236011 0.000007
v -0.008443 0.236011 0.000330
v -0.008389 0.236011 0.000910
v -0.008268 0.236011 0.001651
v -0.008093 0.236011 0.002379
v -0.007931 0.236011 0.002931
v -0.007823 0.236011 0.003241
v -0.007675 0.236011 0.003538
v -0.007405 0.236011 0.004050
v -0.007015 0.236011 0.004683
v -0.006570 0.236011 0.005290
v -0.006206 0.236011 0.005748
v -0.005990 0.236011 0.005990
v -0.005748 0.236011 0.006206
v -0.005290 0.236011 0.006570
v -0.004683 0.236011 0.007015
v -0.004050 0.236011 0.007405
v -0.003538 0.236011 0.007675
v -0.003241 0.236011 0.007823
v -0.002931 0.236011 0.007931
v -0.002379 0.236011 0.008093
v -0.001651 0.236011 0.008268
v -0.000910 0.236011 0.008389
v -0.000330 0.236011 0.008443
v 0.000007 0.236011 0.008470
v 0.000330 0.236011 0.008443
v 0.000910 0.236011 0.008389
v 0.001651 0.236011 0.008268
v 0.002379 0.236011 0.008093
v 0.002931 0.236011 0.007931
v 0.003241 0.236011 0.007823
v 0.003538 0.236011 0.007675
v 0.004050 0.236011 0.007405
v 0.004683 0.236011 0.007015
v 0.005290 0.236011 0.006570
v 0.005748 0.236011 0.006206
v 0.005990 0.236011 0.005990
v 0.006206 0.236011 0.005748
v 0.006570 0.236011 0.005290
v 0.007015 0.236011 0.004683
v 0.007405 0.236011 0.004050
v 0.007675 0.236011 0.003538
v 0.008928 0.235821 0.003699
v 0.010087 0.235566 0.003740
v 0.010303 0.235566 0.003039
v 0.010532 0.235566 0.002096
v 0.010680 0.235566 0.001139
v 0.010761 0.235566 0.000398
v 0.010775 0.235566 -0.000007
v 0.010761 0.235566 -0.000398
v 0.009575 0.235821 -0.001031
v 0.009440 0.235821 -0.001880
v 0.009238 0.235821 -0.002716
v 0.009050 0.235821 -0.003349
v 0.008928 0.235821 -0.003699
v 0.008767 0.235821 -0.004023
v 0.008457 0.235821 -0.004616
v 0.007998 0.235821 -0.005344
v 0.007500 0.235821 -0.006044
v 0.007082 0.235821 -0.006556
v 0.006839 0.235821 -0.006839
v 0.006556 0.235821 -0.007082
v 0.006044 0.235821 -0.007500
v 0.005343 0.235821 -0.007998
v 0.004616 0.235821 -0.008457
v 0.004023 0.235821 -0.008767
v 0.003699 0.235821 -0.008928
v 0.003349 0.235821 -0.009050
v 0.002716 0.235821 -0.009238
v 0.001880 0.235821 -0.009440
v 0.001031 0.235821 -0.009575
v 0.000371 0.235821 -0.009643
v -0.000007 0.235821 -0.009670
v -0.000371 0.235821 -0.009643
v -0.001031 0.235821 -0.009575
v -0.001880 0.235821 -0.009440
v -0.002716 0.235821 -0.009238
v -0.003349 0.235821 -0.009050
v -0.003699 0.235821 -0.008928
v -0.004023 0.235821 -0.008767
v -0.004616 0.235821 -0.008457
v -0.005343 0.235821 -0.007998
v -0.006044 0.235821 -0.007500
v -0.006556 0.235821 -0.007082
v -0.006839 0.235821 -0.006839
v -0.007082 0.235821 -0.006556
v -0.007500 0.235821 -0.006044
v -0.007998 0.235821 -0.005344
v -0.008457 0.235821 -0.004616
v -0.008767 0.235821 -0.004023
v -0.008928 0.235821 -0.003699
v -0.009050 0.235821 -0.003349
v -0.009238 0.235821 -0.002716
v -0.009440 0.235821 -0.001880
v -0.009575 0.235821 -0.001031
v -0.009643 0.235821 -0.000371
v -0.009669 0.235821 0.000007
v -0.009643 0.235821 0.000371
v -0.009575 0.235821 0.001031
v -0.009440 0.235821 0.001880
v -0.009238 0.235821 0.002715
v -0.009050 0.235821 0.003349
v -0.008928 0.235821 0.003699
v -0.008767 0.235821 0.004023
v -0.008457 0.235821 0.004616
v -0.007998 0.235821 0.005343
v -0.007500 0.235821 0.006044
v -0.007082 0.235821 0.006556
v -0.006839 0.235821 0.006839
v -0.006556 0.235821 0.007082
v -0.006044 0.235821 0.007500
v -0.005343 0.235821 0.007998
v -0.004616 0.235821 0.008457
v -0.004023 0.235821 0.008766
v -0.003699 0.235821 0.008928
v -0.003349 0.235821 0.009049
v -0.002716 0.235821 0.009238
v -0.001880 0.235821 0.009440
v -0.001031 0.235821 0.009575
v -0.000371 0.235821 0.009642
v 0.000007 0.235821 0.009669
v 0.000371 0.235821 0.009642
v 0.001031 0.235821 0.009575
v 0.001880 0.235821 0.009440
v 0.002716 0.235821 0.009238
v 0.003349 0.235821 0.009049
v 0.003699 0.235821 0.008928
v 0.004023 0.235821 0.008766
v 0.004616 0.235821 0.008457
v 0.005343 0.235821 0.007998
v 0.006044 0.235821 0.007500
v 0.006556 0.235821 0.007082
v 0.006839 0.235821 0.006839
v 0.007082 0.235821 0.006556
v 0.007500 0.235821 0.006044
v 0.007998 0.235821 0.005343
v 0.008457 0.235821 0.004616
v 0.008767 0.235821 0.004023
v 0.009952 0.235566 0.004131
v 0.010896 0.235215 0.004050
v 0.011111 0.235215 0.003281
v 0.011368 0.235215 0.002257
v 0.011529 0.235215 0.001220
v 0.011610 0.235215 0.000424
v 0.011637 0.235215 -0.000007
v 0.011610 0.235215 -0.000425
v 0.010680 0.235566 -0.001139
v 0.010532 0.235566 -0.002096
v 0.010303 0.235566 -0.003039
v 0.010087 0.235566 -0.003740
v 0.009952 0.235566 -0.004131
v 0.009777 0.235566 -0.004481
v 0.009427 0.235566 -0.005141
v 0.008928 0.235566 -0.005963
v 0.008349 0.235566 -0.006745
v 0.007891 0.235566 -0.007325
v 0.007621 0.235566 -0.007621
v 0.007325 0.235566 -0.007891
v 0.006745 0.235566 -0.008349
v 0.005963 0.235566 -0.008928
v 0.005141 0.235566 -0.009427
v 0.004481 0.235566 -0.009777
v 0.004131 0.235566 -0.009953
v 0.003740 0.235566 -0.010087
v 0.003039 0.235566 -0.010303
v 0.002096 0.235566 -0.010532
v 0.001139 0.235566 -0.010680
v 0.000398 0.235566 -0.010761
v -0.000007 0.235566 -0.010775
v -0.000398 0.235566 -0.010761
v -0.001139 0.235566 -0.010680
v -0.002096 0.235566 -0.010532
v -0.003039 0.235566 -0.010303
v -0.003740 0.235566 -0.010087
v -0.004131 0.235566 -0.009953
v -0.004481 0.235566 -0.009777
v -0.005141 0.235566 -0.009427
v -0.005963 0.235566 -0.008928
v -0.006745 0.235566 -0.008349
v -0.007325 0.235566 -0.007891
v -0.007621 0.235566 -0.007621
v -0.007891 0.235566 -0.007325
v -0.008349 0.235566 -0.006745
v -0.008928 0.235566 -0.005963
v -0.009427 0.235566 -0.005141
v -0.009777 0.235566 -0.004481
v -0.009952 0.235566 -0.004131
v -0.010087 0.235566 -0.003740
v -0.010303 0.235566 -0.003039
v -0.010532 0.235566 -0.002096
v -0.010680 0.235566 -0.001139
v -0.010761 0.235566 -0.000398
v -0.010775 0.235566 0.000007
v -0.010761 0.235566 0.000398
v -0.010680 0.235566 0.001139
v -0.010532 0.235566 0.002096
v -0.010303 0.235566 0.003039
v -0.010087 0.235566 0.003740
v -0.009952 0.235566 0.004131
v -0.009777 0.235566 0.004481
v -0.009427 0.235566 0.005141
v -0.008928 0.235566 0.005963
v -0.008349 0.235566 0.006745
v -0.007891 0.235566 0.007324
v -0.007621 0.235566 0.007621
v -0.007325 0.235566 0.007890
v -0.006745 0.235566 0.008349
v -0.005963 0.235566 0.008928
v -0.005141 0.235566 0.009427
v -0.004481 0.235566 0.009777
v -0.004131 0.235566 0.009952
v -0.003740 0.235566 0.010087
v -0.003039 0.235566 0.010303
v -0.002096 0.235566 0.010532
v -0.001139 0.235566 0.010680
v -0.000398 0.235566 0.010761
v 0.000007 0.235566 0.010774
v 0.000398 0.235566 0.010761
v 0.001139 0.235566 0.010680
v 0.002096 0.235566 0.010532
v 0.003039 0.235566 0.010303
v 0.003740 0.235566 0.010087
v 0.004131 0.235566 0.009952
v 0.004481 0.235566 0.009777
v 0.005141 0.235566 0.009427
v 0.005963 0.235566 0.008928
v 0.006745 0.235566 0.008349
v 0.007325 0.235566 0.007890
v 0.007621 0.235566 0.007621
v 0.007891 0.235566 0.007324
v 0.008349 0.235566 0.006745
v 0.008928 0.235566 0.005963
v 0.009427 0.235566 0.005141
v 0.009777 0.235566 0.004481
v 0.010748 0.235215 0.004454
v 0.011529 0.234725 0.004292
v 0.011772 0.234722 0.003470
v 0.012028 0.234722 0.002392
v 0.012203 0.234722 0.001300
v 0.012297 0.234725 0.000451
v 0.012324 0.234725 -0.000007
v 0.012297 0.234725 -0.000452
v 0.011529 0.235215 -0.001220
v 0.011368 0.235215 -0.002257
v 0.011111 0.235215 -0.003282
v 0.010896 0.235215 -0.004050
v 0.010748 0.235215 -0.004454
v 0.010559 0.235215 -0.004831
v 0.010182 0.235215 -0.005546
v 0.009629 0.235215 -0.006435
v 0.009023 0.235215 -0.007284
v 0.008510 0.235215 -0.007904
v 0.008227 0.235215 -0.008228
v 0.007904 0.235215 -0.008511
v 0.007284 0.235215 -0.009023
v 0.006435 0.235215 -0.009629
v 0.005546 0.235215 -0.010182
v 0.004831 0.235215 -0.010559
v 0.004454 0.235215 -0.010748
v 0.004050 0.235215 -0.010896
v 0.003282 0.235215 -0.011112
v 0.002257 0.235215 -0.011368
v 0.001220 0.235215 -0.011529
v 0.000425 0.235215 -0.011610
v -0.000007 0.235215 -0.011637
v -0.000425 0.235215 -0.011610
v -0.001220 0.235215 -0.011529
v -0.002257 0.235215 -0.011368
v -0.003282 0.235215 -0.011112
v -0.004050 0.235215 -0.010896
v -0.004454 0.235215 -0.010748
v -0.004831 0.235215 -0.010559
v -0.005546 0.235215 -0.010182
v -0.006435 0.235215 -0.009629
v -0.007284 0.235215 -0.009023
v -0.007904 0.235215 -0.008511
v -0.008227 0.235215 -0.008228
v -0.008510 0.235215 -0.007904
v -0.009023 0.235215 -0.007284
v -0.009629 0.235215 -0.006435
v -0.010182 0.235215 -0.005546
v -0.010559 0.235215 -0.004831
v -0.010748 0.235215 -0.004454
v -0.010896 0.235215 -0.004050
v -0.011111 0.235215 -0.003282
v -0.011368 0.235215 -0.002257
v -0.011529 0.235215 -0.001220
v -0.011610 0.235215 -0.000425
v -0.011637 0.235215 0.000007
v -0.011610 0.235215 0.000424
v -0.011529 0.235215 0.001220
v -0.011368 0.235215 0.002257
v -0.011111 0.235215 0.003281
v -0.010896 0.235215 0.004050
v -0.010748 0.235215 0.004454
v -0.010559 0.235215 0.004831
v -0.010182 0.235215 0.005546
v -0.009629 0.235215 0.006435
v -0.009023 0.235215 0.007284
v -0.008510 0.235215 0.007904
v -0.008227 0.235215 0.008227
v -0.007904 0.235215 0.008510
v -0.007284 0.235215 0.009023
v -0.006435 0.235215 0.009629
v -0.005546 0.235215 0.010182
v -0.004831 0.235215 0.010559
v -0.004454 0.235215 0.010748
v -0.004050 0.235215 0.010896
v -0.003282 0.235215 0.011111
v -0.002257 0.235215 0.011367
v -0.001220 0.235215 0.011529
v -0.000425 0.235215 0.011610
v 0.000007 0.235215 0.011637
v 0.000425 0.235215 0.011610
v 0.001220 0.235215 0.011529
v 0.002257 0.235215 0.011367
v 0.003282 0.235215 0.011111
v 0.004050 0.235215 0.010896
v 0.004454 0.235215 0.010748
v 0.004831 0.235215 0.010559
v 0.005546 0.235215 0.010182
v 0.006435 0.235215 0.009629
v 0.007284 0.235215 0.009023
v 0.007904 0.235215 0.008510
v 0.008227 0.235215 0.008227
v 0.008510 0.235215 0.007904
v 0.009023 0.235215 0.007284
v 0.009629 0.235215 0.006435
v 0.010182 0.235215 0.005546
v 0.010559 0.235215 0.004831
v 0.011381 0.234725 0.004710
v 0.012068 0.234049 0.004481
v 0.012338 0.234039 0.003632
v 0.012621 0.234032 0.002513
v 0.012796 0.234039 0.001368
v 0.012863 0.234049 0.000478
v 0.012877 0.234055 -0.000007
v 0.012863 0.234049 -0.000478
v 0.012203 0.234722 -0.001301
v 0.012028 0.234722 -0.002392
v 0.011772 0.234722 -0.003470
v 0.011529 0.234725 -0.004292
v 0.011381 0.234725 -0.004710
v 0.011192 0.234725 -0.005114
v 0.010775 0.234722 -0.005869
v 0.010195 0.234722 -0.006812
v 0.009548 0.234722 -0.007715
v 0.009009 0.234725 -0.008376
v 0.008713 0.234725 -0.008713
v 0.008376 0.234725 -0.009009
v 0.007715 0.234722 -0.009548
v 0.006812 0.234722 -0.010195
v 0.005869 0.234722 -0.010775
v 0.005114 0.234725 -0.011192
v 0.004710 0.234725 -0.011381
v 0.004292 0.234725 -0.011529
v 0.003470 0.234722 -0.011772
v 0.002392 0.234722 -0.012028
v 0.001300 0.234722 -0.012203
v 0.000451 0.234725 -0.012297
v -0.000007 0.234725 -0.012324
v -0.000451 0.234725 -0.012297
v -0.001300 0.234722 -0.012203
v -0.002392 0.234722 -0.012028
v -0.003470 0.234722 -0.011772
v -0.004292 0.234725 -0.011529
v -0.004710 0.234725 -0.011381
v -0.005114 0.234725 -0.011192
v -0.005869 0.234722 -0.010775
v -0.006812 0.234722 -0.010195
v -0.007715 0.234722 -0.009548
v -0.008376 0.234725 -0.009009
v -0.008713 0.234725 -0.008713
v -0.009009 0.234725 -0.008376
v -0.009548 0.234722 -0.007715
v -0.010195 0.234722 -0.006812
v -0.010775 0.234722 -0.005869
v -0.011192 0.234725 -0.005114
v -0.011381 0.234725 -0.004710
v -0.011529 0.234725 -0.004292
v -0.011772 0.234722 -0.003470
v -0.012028 0.234722 -0.002392
v -0.012203 0.234722 -0.001301
v -0.012297 0.234725 -0.000452
v -0.012324 0.234725 0.000007
v -0.012297 0.234725 0.000451
v -0.012203 0.234722 0.001300
v -0.012028 0.234722 0.002392
v -0.011772 0.234722 0.003470
v -0.011529 0.234725 0.004292
v -0.011381 0.234725 0.004710
v -0.011192 0.234725 0.005114
v -0.010775 0.234722 0.005869
v -0.010195 0.234722 0.006812
v -0.009548 0.234722 0.007715
v -0.009009 0.234725 0.008376
v -0.008713 0.234725 0.008713
v -0.008376 0.234725 0.009009
v -0.007715 0.234722 0.009548
v -0.006812 0.234722 0.010195
v -0.005869 0.234722 0.010774
v -0.005114 0.234725 0.011192
v -0.004710 0.234725 0.011381
v -0.004292 0.234725 0.011529
v -0.003470 0.234722 0.011772
v -0.002392 0.234722 0.012028
v -0.001300 0.234722 0.012203
v -0.000451 0.234725 0.012297
v 0.000007 0.234725 0.012324
v 0.000451 0.234725 0.012297
v 0.001300 0.234722 0.012203
v 0.002392 0.234722 0.012028
v 0.003470 0.234722 0.011772
v 0.004292 0.234725 0.011529
v 0.004710 0.234725 0.011381
v 0.005114 0.234725 0.011192
v 0.005869 0.234722 0.010774
v 0.006812 0.234722 0.010195
v 0.007715 0.234722 0.009548
v 0.008376 0.234725 0.009009
v 0.008713 0.234725 0.008713
v 0.009009 0.234725 0.008376
v 0.009548 0.234722 0.007715
v 0.010195 0.234722 0.006812
v 0.010775 0.234722 0.005869
v 0.011192 0.234725 0.005114
v 0.011893 0.234055 0.004926
v 0.012311 0.233098 0.004521
v 0.012729 0.233066 0.003699
v 0.013093 0.233050 0.002608
v 0.013173 0.233066 0.001449
v 0.013106 0.233098 0.000532
v 0.013066 0.233114 -0.000007
v 0.013106 0.233098 -0.000532
v 0.012796 0.234039 -0.001368
v 0.012621 0.234032 -0.002513
v 0.012338 0.234039 -0.003632
v 0.012068 0.234049 -0.004481
v 0.011893 0.234055 -0.004926
v 0.011704 0.234049 -0.005357
v 0.011300 0.234039 -0.006152
v 0.010707 0.234032 -0.007149
v 0.010006 0.234039 -0.008079
v 0.009427 0.234049 -0.008753
v 0.009103 0.234055 -0.009103
v 0.008753 0.234049 -0.009427
v 0.008079 0.234039 -0.010006
v 0.007149 0.234032 -0.010707
v 0.006152 0.234039 -0.011300
v 0.005357 0.234049 -0.011704
v 0.004926 0.234055 -0.011893
v 0.004481 0.234049 -0.012068
v 0.003632 0.234039 -0.012338
v 0.002513 0.234032 -0.012621
v 0.001368 0.234039 -0.012796
v 0.000478 0.234049 -0.012863
v -0.000007 0.234055 -0.012877
v -0.000478 0.234049 -0.012863
v -0.001368 0.234039 -0.012796
v -0.002513 0.234032 -0.012621
v -0.003632 0.234039 -0.012338
v -0.004481 0.234049 -0.012068
v -0.004926 0.234055 -0.011893
v -0.005357 0.234049 -0.011704
v -0.006152 0.234039 -0.011300
v -0.007149 0.234032 -0.010707
v -0.008079 0.234039 -0.010006
v -0.008753 0.234049 -0.009427
v -0.009103 0.234055 -0.009103
v -0.009427 0.234049 -0.008753
v -0.010006 0.234039 -0.008079
v -0.010707 0.234032 -0.007149
v -0.011300 0.234039 -0.006152
v -0.011704 0.234049 -0.005357
v -0.011893 0.234055 -0.004926
v -0.012068 0.234049 -0.004481
v -0.012338 0.234039 -0.003632
v -0.012621 0.234032 -0.002513
v -0.012796 0.234039 -0.001368
v -0.012863 0.234049 -0.000478
v -0.012877 0.234055 0.000007
v -0.012863 0.234049 0.000478
v -0.012796 0.234039 0.001368
v -0.012621 0.234032 0.002513
v -0.012338 0.234039 0.003632
v -0.012068 0.234049 0.004481
v -0.011893 0.234055 0.004926
v -0.011704 0.234049 0.005357
v -0.011300 0.234039 0.006152
v -0.010707 0.234032 0.007149
v -0.010006 0.234039 0.008079
v -0.009427 0.234049 0.008753
v -0.009103 0.234055 0.009103
v -0.008753 0.234049 0.009427
v -0.008079 0.234039 0.010006
v -0.007149 0.234032 0.010707
v -0.006152 0.234039 0.011300
v -0.005357 0.234049 0.011704
v -0.004926 0.234055 0.011893
v -0.004481 0.234049 0.012068
v -0.003632 0.234039 0.012338
v -0.002513 0.234032 0.012621
v -0.001368 0.234039 0.012796
v -0.000478 0.234049 0.012863
v 0.000007 0.234055 0.012877
v 0.000478 0.234049 0.012863
v 0.001368 0.234039 0.012796
v 0.002513 0.234032 0.012621
v 0.003632 0.234039 0.012338
v 0.004481 0.234049 0.012068
v 0.004926 0.234055 0.011893
v 0.005357 0.234049 0.011704
v 0.006152 0.234039 0.011300
v 0.007149 0.234032 0.010707
v 0.008079 0.234039 0.010006
v 0.008753 0.234049 0.009427
v 0.009103 0.234055 0.009103
v 0.009427 0.234049 0.008753
v 0.010006 0.234039 0.008079
v 0.010707 0.234032 0.007149
v 0.011300 0.234039 0.006152
v 0.011704 0.234049 0.005357
v 0.012082 0.233114 0.005007
v 0.012109 0.231758 0.004360
v 0.012850 0.231713 0.003632
v 0.013389 0.231687 0.002662
v 0.013268 0.231713 0.001556
v 0.013564 0.230089 0.002702
v 0.013160 0.230115 0.001651
v 0.012863 0.231758 0.000600
v 0.012284 0.230160 0.000654
v 0.011893 0.230186 -0.000007
v 0.012675 0.231784 -0.000007
v 0.012863 0.231758 -0.000600
v 0.013173 0.233066 -0.001449
v 0.013093 0.233050 -0.002608
v 0.012729 0.233066 -0.003699
v 0.012311 0.233098 -0.004521
v 0.012082 0.233114 -0.005007
v 0.011907 0.233098 -0.005505
v 0.011624 0.233066 -0.006381
v 0.011098 0.233050 -0.007419
v 0.010343 0.233066 -0.008295
v 0.009643 0.233098 -0.008901
v 0.009238 0.233114 -0.009238
v 0.008901 0.233098 -0.009643
v 0.008295 0.233066 -0.010343
v 0.007419 0.233050 -0.011098
v 0.006381 0.233066 -0.011624
v 0.005505 0.233098 -0.011907
v 0.005007 0.233114 -0.012082
v 0.004521 0.233098 -0.012311
v 0.003699 0.233066 -0.012729
v 0.002608 0.233050 -0.013093
v 0.001449 0.233066 -0.013173
v 0.000532 0.233098 -0.013106
v -0.000007 0.233114 -0.013066
v -0.000532 0.233098 -0.013106
v -0.001449 0.233066 -0.013173
v -0.002608 0.233050 -0.013093
v -0.003699 0.233066 -0.012729
v -0.004521 0.233098 -0.012311
v -0.005007 0.233114 -0.012082
v -0.005505 0.233098 -0.011907
v -0.006381 0.233066 -0.011624
v -0.007419 0.233050 -0.011098
v -0.008295 0.233066 -0.010343
v -0.008901 0.233098 -0.009643
v -0.009238 0.233114 -0.009238
v -0.009643 0.233098 -0.008901
v -0.010343 0.233066 -0.008295
v -0.011098 0.233050 -0.007419
v -0.011624 0.233066 -0.006381
v -0.011907 0.233098 -0.005505
v -0.012082 0.233114 -0.005007
v -0.012311 0.233098 -0.004521
v -0.012729 0.233066 -0.003699
v -0.013093 0.233050 -0.002608
v -0.013173 0.233066 -0.001449
v -0.013106 0.233098 -0.000532
v -0.013066 0.233114 0.000007
v -0.013106 0.233098 0.000532
v -0.013173 0.233066 0.001449
v -0.013093 0.233050 0.002608
v -0.012729 0.233066 0.003699
v -0.012311 0.233098 0.004521
v -0.012082 0.233114 0.005007
v -0.011907 0.233098 0.005505
v -0.011624 0.233066 0.006381
v -0.011098 0.233050 0.007419
v -0.010343 0.233066 0.008295
v -0.009643 0.233098 0.008901
v -0.009238 0.233114 0.009238
v -0.008901 0.233098 0.009642
v -0.008295 0.233066 0.010343
v -0.007419 0.233050 0.011098
v -0.006381 0.233066 0.011624
v -0.005505 0.233098 0.011907
v -0.005007 0.233114 0.012082
v -0.004521 0.233098 0.012311
v -0.003699 0.233066 0.012729
v -0.002608 0.233050 0.013092
v -0.001449 0.233066 0.013173
v -0.000532 0.233098 0.013106
v 0.000007 0.233114 0.013066
v 0.000532 0.233098 0.013106
v 0.001449 0.233066 0.013173
v 0.002608 0.233050 0.013092
v 0.003699 0.233066 0.012729
v 0.004521 0.233098 0.012311
v 0.005007 0.233114 0.012082
v 0.005505 0.233098 0.011907
v 0.006381 0.233066 0.011624
v 0.007419 0.233050 0.011098
v 0.008295 0.233066 0.010343
v 0.008901 0.233098 0.009642
v 0.009238 0.233114 0.009238
v 0.009643 0.233098 0.008901
v 0.010343 0.233066 0.008295
v 0.011098 0.233050 0.007419
v 0.011624 0.233066 0.006381
v 0.011907 0.233098 0.005505
v 0.011704 0.231784 0.004845
v 0.011597 0.230160 0.004104
v 0.012783 0.230115 0.003511
v 0.013564 0.230089 0.002702
v 0.010990 0.230186 0.004548
v 0.011651 0.231758 0.005478
v 0.010990 0.230186 0.004548
v 0.011098 0.230160 0.005303
v 0.011529 0.230115 0.006556
v 0.011651 0.231713 0.006516
v 0.011489 0.230089 0.007675
v 0.011341 0.231687 0.007581
v 0.010478 0.231713 0.008268
v 0.009521 0.231758 0.008659
v 0.008955 0.231784 0.008955
v 0.009144 0.230160 0.008227
v 0.008416 0.230186 0.008416
v 0.011489 0.230089 0.007675
v 0.010465 0.230115 0.008133
v 0.008659 0.231758 0.009521
v 0.008416 0.230186 0.008416
v 0.008227 0.230160 0.009144
v 0.008133 0.230115 0.010465
v 0.008268 0.231713 0.010478
v 0.007675 0.230089 0.011489
v 0.007581 0.231687 0.011341
v 0.006516 0.231713 0.011650
v 0.005478 0.231758 0.011650
v 0.004845 0.231784 0.011704
v 0.005303 0.230160 0.011098
v 0.004548 0.230186 0.010990
v 0.007675 0.230089 0.011489
v 0.006556 0.230115 0.011529
v 0.004360 0.231758 0.012109
v 0.004548 0.230186 0.010990
v 0.004104 0.230160 0.011597
v 0.003511 0.230115 0.012783
v 0.003632 0.231713 0.012850
v 0.002702 0.230089 0.013564
v 0.002662 0.231687 0.013389
v 0.001557 0.231713 0.013268
v 0.000600 0.231758 0.012863
v 0.000007 0.231784 0.012675
v 0.000654 0.230160 0.012284
v 0.000007 0.230186 0.011893
v 0.002702 0.230089 0.013564
v 0.001651 0.230115 0.013160
v -0.000600 0.231758 0.012863
v 0.000007 0.230186 0.011893
v -0.000654 0.230160 0.012284
v -0.001651 0.230115 0.013160
v -0.001557 0.231713 0.013268
v -0.002702 0.230089 0.013564
v -0.002662 0.231687 0.013389
v -0.003632 0.231713 0.012850
v -0.004360 0.231758 0.012109
v -0.004845 0.231784 0.011704
v -0.004104 0.230160 0.011597
v -0.004548 0.230186 0.010990
v -0.002702 0.230089 0.013564
v -0.003511 0.230115 0.012783
v -0.005478 0.231758 0.011650
v -0.004548 0.230186 0.010990
v -0.005303 0.230160 0.011098
v -0.006556 0.230115 0.011529
v -0.006516 0.231713 0.011650
v -0.007675 0.230089 0.011489
v -0.007581 0.231687 0.011341
v -0.008268 0.231713 0.010478
v -0.008659 0.231758 0.009521
v -0.008955 0.231784 0.008955
v -0.008227 0.230160 0.009144
v -0.008416 0.230186 0.008416
v -0.007675 0.230089 0.011489
v -0.008133 0.230115 0.010465
v -0.009521 0.231758 0.008659
v -0.008416 0.230186 0.008416
v -0.009144 0.230160 0.008227
v -0.010465 0.230115 0.008133
v -0.010478 0.231713 0.008268
v -0.011489 0.230089 0.007675
v -0.011341 0.231687 0.007581
v -0.011651 0.231713 0.006516
v -0.011651 0.231758 0.005478
v -0.011704 0.231784 0.004845
v -0.011098 0.230160 0.005303
v -0.010990 0.230186 0.004548
v -0.011489 0.230089 0.007675
v -0.011529 0.230115 0.006556
v -0.012109 0.231758 0.004360
v -0.010990 0.230186 0.004548
v -0.011597 0.230160 0.004104
v -0.012783 0.230115 0.003511
v -0.012850 0.231713 0.003632
v -0.013564 0.230089 0.002702
v -0.013389 0.231687 0.002662
v -0.013268 0.231713 0.001556
v -0.012863 0.231758 0.000600
v -0.012675 0.231784 0.000007
v -0.012284 0.230160 0.000654
v -0.011893 0.230186 0.000007
v -0.013564 0.230089 0.002702
v -0.013160 0.230115 0.001651
v -0.012863 0.231758 -0.000600
v -0.011893 0.230186 0.000007
v -0.012284 0.230160 -0.000654
v -0.013160 0.230115 -0.001651
v -0.013268 0.231713 -0.001557
v -0.013564 0.230089 -0.002702
v -0.013389 0.231687 -0.002662
v -0.012850 0.231713 -0.003632
v -0.012109 0.231758 -0.004360
v -0.011704 0.231784 -0.004845
v -0.011597 0.230160 -0.004104
v -0.010990 0.230186 -0.004548
v -0.013564 0.230089 -0.002702
v -0.012783 0.230115 -0.003511
v -0.011651 0.231758 -0.005478
v -0.010990 0.230186 -0.004548
v -0.011098 0.230160 -0.005303
v -0.011529 0.230115 -0.006556
v -0.011651 0.231713 -0.006516
v -0.011489 0.230089 -0.007675
v -0.011341 0.231687 -0.007581
v -0.010478 0.231713 -0.008268
v -0.009521 0.231758 -0.008659
v -0.008955 0.231784 -0.008955
v -0.009144 0.230160 -0.008228
v -0.008416 0.230186 -0.008416
v -0.011489 0.230089 -0.007675
v -0.010465 0.230115 -0.008133
v -0.008659 0.231758 -0.009521
v -0.008416 0.230186 -0.008416
v -0.008227 0.230160 -0.009144
v -0.008133 0.230115 -0.010465
v -0.008268 0.231713 -0.010478
v -0.007675 0.230089 -0.011489
v -0.007581 0.231687 -0.011341
v -0.006516 0.231713 -0.011651
v -0.005478 0.231758 -0.011651
v -0.004845 0.231784 -0.011704
v -0.005303 0.230160 -0.011098
v -0.004548 0.230186 -0.010990
v -0.007675 0.230089 -0.011489
v -0.006556 0.230115 -0.011529
v -0.004360 0.231758 -0.012109
v -0.004548 0.230186 -0.010990
v -0.004104 0.230160 -0.011597
v -0.003511 0.230115 -0.012783
v -0.003632 0.231713 -0.012850
v -0.002702 0.230089 -0.013564
v -0.002662 0.231687 -0.013389
v -0.001557 0.231713 -0.013268
v -0.000600 0.231758 -0.012863
v -0.000007 0.231784 -0.012675
v -0.000654 0.230160 -0.012284
v -0.000007 0.230186 -0.011893
v -0.002702 0.230089 -0.013564
v -0.001651 0.230115 -0.013160
v 0.000600 0.231758 -0.012863
v -0.000007 0.230186 -0.011893
v 0.000654 0.230160 -0.012284
v 0.001651 0.230115 -0.013160
v 0.001557 0.231713 -0.013268
v 0.002702 0.230089 -0.013564
v 0.002662 0.231687 -0.013389
v 0.003632 0.231713 -0.012850
v 0.004360 0.231758 -0.012109
v 0.004845 0.231784 -0.011704
v 0.004104 0.230160 -0.011597
v 0.004548 0.230186 -0.010990
v 0.002702 0.230089 -0.013564
v 0.003511 0.230115 -0.012783
v 0.005478 0.231758 -0.011651
v 0.004548 0.230186 -0.010990
v 0.005303 0.230160 -0.011098
v 0.006556 0.230115 -0.011529
v 0.006516 0.231713 -0.011651
v 0.007675 0.230089 -0.011489
v 0.007581 0.231687 -0.011341
v 0.008268 0.231713 -0.010478
v 0.008659 0.231758 -0.009521
v 0.008955 0.231784 -0.008955
v 0.008227 0.230160 -0.009144
v 0.008416 0.230186 -0.008416
v 0.007675 0.230089 -0.011489
v 0.008133 0.230115 -0.010465
v 0.009521 0.231758 -0.008659
v 0.008416 0.230186 -0.008416
v 0.009144 0.230160 -0.008228
v 0.010465 0.230115 -0.008133
v 0.010478 0.231713 -0.008268
v 0.011489 0.230089 -0.007675
v 0.011341 0.231687 -0.007581
v 0.011651 0.231713 -0.006516
v 0.011651 0.231758 -0.005478
v 0.011704 0.231784 -0.004845
v 0.011098 0.230160 -0.005303
v 0.010990 0.230186 -0.004548
v 0.011489 0.230089 -0.007675
v 0.011529 0.230115 -0.006556
v 0.012109 0.231758 -0.004360
v 0.010990 0.230186 -0.004548
v 0.011597 0.230160 -0.004104
v 0.012783 0.230115 -0.003511
v 0.012850 0.231713 -0.003632
v 0.013564 0.230089 -0.002702
v 0.013389 0.231687 -0.002662
v 0.013268 0.231713 -0.001557
v 0.012284 0.230160 -0.000654
v 0.011893 0.230186 -0.000007
v 0.013160 0.230115 -0.001651
v 0.013564 0.230089 -0.002702
v 0.012109 0.230092 -0.000007
v 0.012284 0.230160 0.000654
v 0.012473 0.230092 0.000532
v 0.013160 0.230115 0.001651
v 0.013376 0.230092 0.001556
v 0.013564 0.230089 0.002702
v 0.013793 0.230092 0.002742
v 0.012783 0.230115 0.003511
v 0.012944 0.230092 0.003686
v 0.011597 0.230160 0.004104
v 0.011731 0.230092 0.004279
v 0.010990 0.230186 0.004548
v 0.011192 0.230092 0.004629
v 0.011098 0.230160 0.005303
v 0.011327 0.230092 0.005263
v 0.011529 0.230115 0.006556
v 0.011758 0.230092 0.006556
v 0.011489 0.230089 0.007675
v 0.011691 0.230092 0.007810
v 0.010465 0.230115 0.008133
v 0.010559 0.230092 0.008362
v 0.009144 0.230160 0.008227
v 0.009198 0.230092 0.008443
v 0.008416 0.230186 0.008416
v 0.008564 0.230092 0.008564
v 0.008227 0.230160 0.009144
v 0.008443 0.230092 0.009198
v 0.008133 0.230115 0.010465
v 0.008362 0.230092 0.010559
v 0.007675 0.230089 0.011489
v 0.007810 0.230092 0.011691
v 0.006556 0.230115 0.011529
v 0.006556 0.230092 0.011758
v 0.005303 0.230160 0.011098
v 0.005263 0.230092 0.011327
v 0.004548 0.230186 0.010990
v 0.004629 0.230092 0.011192
v 0.004104 0.230160 0.011597
v 0.004279 0.230092 0.011731
v 0.003511 0.230115 0.012783
v 0.003686 0.230092 0.012944
v 0.002702 0.230089 0.013564
v 0.002742 0.230092 0.013793
v 0.001651 0.230115 0.013160
v 0.001557 0.230092 0.013375
v 0.000654 0.230160 0.012284
v 0.000532 0.230092 0.012473
v 0.000007 0.230186 0.011893
v 0.000007 0.230092 0.012109
v -0.000654 0.230160 0.012284
v -0.000532 0.230092 0.012473
v -0.001651 0.230115 0.013160
v -0.001557 0.230092 0.013375
v -0.002702 0.230089 0.013564
v -0.002742 0.230092 0.013793
v -0.003511 0.230115 0.012783
v -0.003686 0.230092 0.012944
v -0.004104 0.230160 0.011597
v -0.004279 0.230092 0.011731
v -0.004548 0.230186 0.010990
v -0.004629 0.230092 0.011192
v -0.005303 0.230160 0.011098
v -0.005263 0.230092 0.011327
v -0.006556 0.230115 0.011529
v -0.006556 0.230092 0.011758
v -0.007675 0.230089 0.011489
v -0.007810 0.230092 0.011691
v -0.008133 0.230115 0.010465
v -0.008362 0.230092 0.010559
v -0.008227 0.230160 0.009144
v -0.008443 0.230092 0.009198
v -0.008416 0.230186 0.008416
v -0.008564 0.230092 0.008564
v -0.009144 0.230160 0.008227
v -0.009198 0.230092 0.008443
v -0.010465 0.230115 0.008133
v -0.010559 0.230092 0.008362
v -0.011489 0.230089 0.007675
v -0.011691 0.230092 0.007810
v -0.011529 0.230115 0.006556
v -0.011758 0.230092 0.006556
v -0.011098 0.230160 0.005303
v -0.011327 0.230092 0.005263
v -0.010990 0.230186 0.004548
v -0.011192 0.230092 0.004629
v -0.011597 0.230160 0.004104
v -0.011731 0.230092 0.004279
v -0.012783 0.230115 0.003511
v -0.012944 0.230092 0.003686
v -0.013564 0.230089 0.002702
v -0.013793 0.230092 0.002742
v -0.013160 0.230115 0.001651
v -0.013376 0.230092 0.001556
v -0.012284 0.230160 0.000654
v -0.012473 0.230092 0.000532
v -0.011893 0.230186 0.000007
v -0.012109 0.230092 0.000007
v -0.012284 0.230160 -0.000654
v -0.012473 0.230092 -0.000532
v -0.013160 0.230115 -0.001651
v -0.013376 0.230092 -0.001557
v -0.013564 0.230089 -0.002702
v -0.013793 0.230092 -0.002743
v -0.012783 0.230115 -0.003511
v -0.012944 0.230092 -0.003686
v -0.011597 0.230160 -0.004104
v -0.011731 0.230092 -0.004279
v -0.010990 0.230186 -0.004548
v -0.011192 0.230092 -0.004629
v -0.011098 0.230160 -0.005303
v -0.011327 0.230092 -0.005263
v -0.011529 0.230115 -0.006556
v -0.011758 0.230092 -0.006556
v -0.011489 0.230089 -0.007675
v -0.011691 0.230092 -0.007810
v -0.010465 0.230115 -0.008133
v -0.010559 0.230092 -0.008362
v -0.009144 0.230160 -0.008228
v -0.009198 0.230092 -0.008443
v -0.008416 0.230186 -0.008416
v -0.008564 0.230092 -0.008564
v -0.008227 0.230160 -0.009144
v -0.008443 0.230092 -0.009198
v -0.008133 0.230115 -0.010465
v -0.008362 0.230092 -0.010559
v -0.007675 0.230089 -0.011489
v -0.007810 0.230092 -0.011691
v -0.006556 0.230115 -0.011529
v -0.006556 0.230092 -0.011758
v -0.005303 0.230160 -0.011098
v -0.005263 0.230092 -0.011327
v -0.004548 0.230186 -0.010990
v -0.004629 0.230092 -0.011192
v -0.004104 0.230160 -0.011597
v -0.004279 0.230092 -0.011731
v -0.003511 0.230115 -0.012783
v -0.003686 0.230092 -0.012944
v -0.002702 0.230089 -0.013564
v -0.002742 0.230092 -0.013793
v -0.001651 0.230115 -0.013160
v -0.001557 0.230092 -0.013376
v -0.000654 0.230160 -0.012284
v -0.000532 0.230092 -0.012473
v -0.000007 0.230186 -0.011893
v -0.000007 0.230092 -0.012109
v 0.000654 0.230160 -0.012284
v 0.000532 0.230092 -0.012473
v 0.001651 0.230115 -0.013160
v 0.001557 0.230092 -0.013376
v 0.002702 0.230089 -0.013564
v 0.002742 0.230092 -0.013793
v 0.003511 0.230115 -0.012783
v 0.003686 0.230092 -0.012944
v 0.004104 0.230160 -0.011597
v 0.004279 0.230092 -0.011731
v 0.004548 0.230186 -0.010990
v 0.004629 0.230092 -0.011192
v 0.005303 0.230160 -0.011098
v 0.005263 0.230092 -0.011327
v 0.006556 0.230115 -0.011529
v 0.006556 0.230092 -0.011758
v 0.007675 0.230089 -0.011489
v 0.007810 0.230092 -0.011691
v 0.008133 0.230115 -0.010465
v 0.008362 0.230092 -0.010559
v 0.008227 0.230160 -0.009144
v 0.008443 0.230092 -0.009198
v 0.008416 0.230186 -0.008416
v 0.008564 0.230092 -0.008564
v 0.009144 0.230160 -0.008228
v 0.009198 0.230092 -0.008443
v 0.010465 0.230115 -0.008133
v 0.010559 0.230092 -0.008362
v 0.011489 0.230089 -0.007675
v 0.011691 0.230092 -0.007810
v 0.011529 0.230115 -0.006556
v 0.011758 0.230092 -0.006556
v 0.011098 0.230160 -0.005303
v 0.011327 0.230092 -0.005263
v 0.010990 0.230186 -0.004548
v 0.011192 0.230092 -0.004629
v 0.011597 0.230160 -0.004104
v 0.011731 0.230092 -0.004279
v 0.012783 0.230115 -0.003511
v 0.012944 0.230092 -0.003686
v 0.013564 0.230089 -0.002702
v 0.013793 0.230092 -0.002743
v 0.013160 0.230115 -0.001651
v 0.013376 0.230092 -0.001557
v 0.012284 0.230160 -0.000654
v 0.012473 0.230092 -0.000532
v 0.011893 0.230186 -0.000007
vn 0.0386 0.9992 0.0072
vn 0.0306 0.9995 -0.0000
vn 0.0351 0.9994 -0.0000
vn -0.3219 -0.9468 0.0038
vn -0.2411 -0.9587 0.1509
vn -0.2309 -0.9624 -0.1435
vn 0.0262 0.9997 -0.0000
vn -0.2411 -0.9587 -0.1508
vn 0.0252 0.9997 0.0071
vn -0.0924 -0.9940 -0.0578
vn 0.0298 0.9995 0.0070
vn 0.0342 0.9994 0.0073
vn -0.1054 -0.9925 -0.0615
vn -0.0000 1.0000 -0.0000
vn 0.0393 0.9992 -0.0001
vn -0.0386 -0.9992 0.0077
vn -0.0385 -0.9992 0.0077
vn -0.0671 -0.9940 0.0859
vn 0.0297 0.9995 0.0071
vn -0.0696 -0.9925 0.1003
vn 0.0297 0.9995 0.0072
vn 0.0387 0.9992 0.0072
vn 0.0319 0.9994 0.0142
vn 0.0367 0.9992 0.0142
vn 0.0273 0.9995 0.0137
vn -0.1591 -0.9623 0.2204
vn 0.0253 0.9997 0.0071
vn -0.1635 -0.9587 0.2327
vn -0.2979 -0.9468 0.1219
vn -0.2681 -0.9623 -0.0451
vn -0.2808 -0.9587 -0.0452
vn -0.1080 -0.9940 -0.0151
vn -0.1206 -0.9925 -0.0189
vn -0.0327 -0.9992 0.0218
vn -0.0264 -0.9940 0.1058
vn 0.0334 0.9992 0.0207
vn 0.0234 0.9995 0.0194
vn 0.0283 0.9994 0.0206
vn 0.0234 0.9995 0.0196
vn 0.0291 0.9992 0.0265
vn 0.0233 0.9995 0.0197
vn 0.0234 0.9994 0.0260
vn 0.0290 0.9992 0.0265
vn -0.0282 -0.9925 0.1187
vn -0.0563 -0.9624 0.2659
vn -0.0675 -0.9587 0.2763
vn -0.2269 -0.9468 0.2283
vn -0.2651 -0.9623 0.0600
vn -0.2763 -0.9587 0.0675
vn -0.1048 -0.9940 0.0301
vn 0.0234 0.9995 0.0197
vn 0.0179 0.9997 0.0192
vn 0.0224 0.9997 0.0136
vn 0.0549 0.9984 0.0144
vn 0.0545 0.9984 0.0144
vn 0.0559 0.9984 0.0073
vn 0.0563 0.9984 0.0072
vn -0.1191 -0.9925 0.0264
vn 0.0565 0.9984 -0.0000
vn -0.0218 -0.9992 0.0327
vn 0.0305 0.9995 -0.0000
vn 0.0114 -0.9940 0.1084
vn 0.0170 -0.9925 0.1208
vn 0.0489 -0.9624 0.2674
vn 0.0452 -0.9587 0.2808
vn -0.1201 -0.9468 0.2986
vn -0.2225 -0.9624 0.1561
vn 0.1036 0.9945 0.0149
vn 0.1023 0.9945 0.0222
vn 0.1004 0.9945 0.0295
vn 0.0960 0.9949 0.0293
vn 0.0526 0.9984 0.0213
vn 0.0271 0.9995 0.0136
vn 0.0273 0.9995 0.0138
vn 0.0235 0.9995 0.0196
vn 0.0179 0.9997 0.0191
vn 0.0183 0.9995 0.0245
vn 0.0181 0.9995 0.0248
vn 0.0237 0.9992 0.0314
vn 0.0175 0.9994 0.0303
vn 0.0121 0.9995 0.0281
vn 0.0175 0.9992 0.0352
vn 0.0120 0.9995 0.0281
vn 0.0176 0.9992 0.0352
vn -0.2327 -0.9587 0.1635
vn -0.0882 -0.9940 0.0641
vn -0.0969 -0.9925 0.0742
vn -0.0077 -0.9992 0.0385
vn 0.0545 -0.9940 0.0944
vn 0.0664 -0.9925 0.1024
vn 0.1467 -0.9623 0.2288
vn 0.0120 0.9997 0.0233
vn 0.0121 0.9997 0.0232
vn 0.0121 0.9997 0.0233
vn 0.0408 0.9984 0.0395
vn 0.0455 0.9984 0.0340
vn 0.0455 0.9984 0.0339
vn 0.0494 0.9984 0.0279
vn 0.0495 0.9984 0.0278
vn 0.0952 0.9945 0.0435
vn 0.1366 0.9896 0.0441
vn 0.1388 0.9896 0.0370
vn 0.1406 0.9896 0.0296
vn 0.1420 0.9896 0.0223
vn 0.1001 0.9950 0.0074
vn 0.1429 0.9896 0.0149
vn 0.1508 -0.9587 0.2411
vn 0.1436 0.9896 -0.0001
vn -0.0019 -0.9468 0.3219
vn 0.1047 0.9945 -0.0000
vn -0.1467 -0.9623 0.2289
vn -0.1509 -0.9587 0.2411
vn -0.0545 -0.9940 0.0944
vn -0.0632 -0.9925 0.1044
vn 0.0077 -0.9992 0.0385
vn 0.0882 -0.9940 0.0641
vn 0.1897 0.9816 0.0224
vn 0.1873 0.9816 0.0373
vn 0.1839 0.9816 0.0519
vn 0.1817 0.9816 0.0590
vn 0.1315 0.9896 0.0580
vn 0.0906 0.9950 0.0430
vn 0.0919 0.9945 0.0502
vn 0.0880 0.9945 0.0566
vn 0.0838 0.9945 0.0627
vn 0.0741 0.9950 0.0676
vn 0.0407 0.9984 0.0395
vn 0.0183 0.9995 0.0243
vn 0.0182 0.9995 0.0245
vn 0.0108 0.9994 0.0332
vn 0.0053 0.9995 0.0301
vn 0.0107 0.9992 0.0378
vn 0.0037 0.9994 0.0348
vn 0.0036 0.9992 0.0391
vn -0.0018 0.9995 0.0305
vn -0.0036 0.9992 0.0392
vn 0.0992 -0.9925 0.0711
vn 0.2225 -0.9624 0.1561
vn 0.2327 -0.9587 0.1635
vn 0.1236 -0.9468 0.2972
vn -0.0489 -0.9623 0.2674
vn -0.0452 -0.9587 0.2808
vn -0.0114 -0.9940 0.1084
vn -0.0017 0.9995 0.0305
vn -0.0018 0.9997 0.0262
vn 0.0053 0.9997 0.0257
vn 0.0230 0.9984 0.0519
vn 0.0294 0.9984 0.0485
vn 0.0294 0.9984 0.0486
vn 0.0354 0.9984 0.0444
vn 0.0740 0.9945 0.0740
vn 0.1074 0.9896 0.0955
vn 0.1122 0.9896 0.0898
vn 0.1208 0.9896 0.0777
vn 0.1247 0.9896 0.0713
vn 0.1282 0.9896 0.0647
vn 0.1765 0.9816 0.0731
vn 0.2898 0.9523 0.0961
vn 0.2941 0.9523 0.0817
vn 0.2994 0.9523 0.0598
vn 0.3030 0.9523 0.0375
vn 0.1905 0.9816 0.0150
vn 0.3044 0.9523 0.0226
vn -0.0208 -0.9925 0.1202
vn 0.3051 0.9523 -0.0000
vn 0.0218 -0.9992 0.0327
vn 0.1911 0.9816 -0.0000
vn 0.1048 -0.9940 0.0300
vn 0.1183 -0.9925 0.0301
vn 0.2651 -0.9623 0.0599
vn 0.2763 -0.9587 0.0675
vn 0.2296 -0.9468 0.2256
vn 0.0563 -0.9624 0.2659
vn 0.4817 0.8743 0.0601
vn 0.4795 0.8721 0.0973
vn 0.4686 0.8743 0.1265
vn 0.4622 0.8743 0.1482
vn 0.2818 0.9523 0.1172
vn 0.1702 0.9816 0.0867
vn 0.1667 0.9816 0.0933
vn 0.1589 0.9816 0.1061
vn 0.1501 0.9816 0.1183
vn 0.1453 0.9816 0.1241
vn 0.1023 0.9896 0.1009
vn 0.0633 0.9950 0.0778
vn 0.0627 0.9945 0.0838
vn 0.0566 0.9945 0.0880
vn 0.0502 0.9945 0.0918
vn 0.0447 0.9950 0.0898
vn 0.0054 0.9995 0.0301
vn 0.0055 0.9995 0.0299
vn -0.0036 0.9994 0.0348
vn -0.0088 0.9995 0.0293
vn -0.0087 0.9995 0.0293
vn -0.0108 0.9992 0.0378
vn -0.0108 0.9994 0.0332
vn -0.0175 0.9992 0.0352
vn 0.0675 -0.9587 0.2763
vn 0.0264 -0.9940 0.1058
vn 0.0245 -0.9925 0.1195
vn 0.0327 -0.9992 0.0218
vn 0.1079 -0.9940 -0.0152
vn 0.1199 -0.9925 -0.0227
vn 0.2680 -0.9624 -0.0451
vn -0.0088 0.9997 0.0247
vn -0.0018 0.9997 0.0261
vn 0.0018 0.9984 0.0567
vn 0.0091 0.9984 0.0560
vn 0.0161 0.9984 0.0544
vn 0.0162 0.9984 0.0544
vn 0.0366 0.9945 0.0981
vn 0.0664 0.9896 0.1274
vn 0.0729 0.9896 0.1238
vn 0.0793 0.9896 0.1198
vn 0.0854 0.9896 0.1156
vn 0.0913 0.9896 0.1109
vn 0.1351 0.9816 0.1351
vn 0.2354 0.9523 0.1943
vn 0.2402 0.9523 0.1884
vn 0.2535 0.9522 0.1702
vn 0.2653 0.9523 0.1511
vn 0.2723 0.9523 0.1378
vn 0.4534 0.8722 0.1838
vn 0.6470 0.7336 0.2078
vn 0.6523 0.7366 0.1787
vn 0.6628 0.7366 0.1347
vn 0.6713 0.7366 0.0827
vn 0.4840 0.8743 0.0376
vn 0.6775 0.7336 0.0528
vn 0.2808 -0.9587 -0.0452
vn 0.6828 0.7306 -0.0000
vn 0.2965 -0.9468 0.1254
vn 0.4892 0.8722 -0.0000
vn 0.2964 -0.9468 0.1254
vn 0.1592 -0.9623 0.2204
vn 0.1635 -0.9587 0.2327
vn 0.0671 -0.9940 0.0859
vn 0.0727 -0.9925 0.0981
vn 0.0386 -0.9992 0.0077
vn 0.0925 -0.9940 -0.0578
vn 0.8568 0.5101 0.0754
vn 0.8279 0.5361 0.1649
vn 0.8199 0.5100 0.2600
vn 0.8270 0.4643 0.3170
vn 0.6295 0.7306 0.2643
vn 0.4303 0.8743 0.2246
vn 0.4194 0.8743 0.2443
vn 0.4078 0.8722 0.2703
vn 0.3860 0.8743 0.2944
vn 0.3719 0.8743 0.3121
vn 0.2152 0.9523 0.2165
vn 0.1241 0.9816 0.1452
vn 0.1183 0.9816 0.1500
vn 0.1061 0.9816 0.1589
vn 0.0933 0.9816 0.1667
vn 0.0867 0.9816 0.1702
vn 0.0528 0.9896 0.1336
vn 0.0310 0.9950 0.0954
vn 0.0295 0.9945 0.1004
vn 0.0222 0.9945 0.1023
vn 0.0149 0.9945 0.1036
vn 0.0092 0.9950 0.0999
vn 0.0017 0.9984 0.0567
vn -0.0087 0.9995 0.0292
vn -0.0153 0.9995 0.0265
vn -0.0175 0.9994 0.0303
vn -0.0210 0.9995 0.0223
vn -0.0237 0.9992 0.0314
vn -0.0210 0.9995 0.0222
vn -0.0234 0.9994 0.0260
vn -0.0291 0.9992 0.0265
vn 0.1034 -0.9925 -0.0648
vn 0.2309 -0.9624 -0.1435
vn 0.2411 -0.9587 -0.1509
vn 0.3219 -0.9468 -0.0000
vn 0.2309 -0.9624 0.1435
vn 0.2411 -0.9587 0.1508
vn 0.0925 -0.9940 0.0577
vn -0.0211 0.9995 0.0222
vn -0.0151 0.9997 0.0214
vn -0.0151 0.9997 0.0215
vn -0.0196 0.9984 0.0533
vn -0.0127 0.9984 0.0553
vn -0.0126 0.9984 0.0554
vn -0.0055 0.9984 0.0565
vn -0.0053 0.9984 0.0565
vn -0.0000 0.9945 0.1047
vn 0.0093 0.9896 0.1434
vn 0.0168 0.9896 0.1427
vn 0.0315 0.9896 0.1402
vn 0.0385 0.9896 0.1384
vn 0.0458 0.9896 0.1362
vn 0.0731 0.9816 0.1765
vn 0.1427 0.9523 0.2698
vn 0.1559 0.9523 0.2625
vn 0.1686 0.9523 0.2545
vn 0.1870 0.9523 0.2413
vn 0.1986 0.9523 0.2319
vn 0.3459 0.8721 0.3459
vn 0.5151 0.7336 0.4432
vn 0.5355 0.7365 0.4132
vn 0.5618 0.7366 0.3765
vn 0.5857 0.7366 0.3382
vn 0.6070 0.7336 0.3055
vn 0.8283 0.4409 0.3457
vn 0.8729 0.0590 0.4843
vn 0.8906 0.1975 0.4097
vn 0.9445 0.2697 0.1874
vn 0.9796 0.1975 -0.0377
vn 0.8852 0.4643 0.0302
vn 0.9918 0.0590 -0.1130
vn 0.1034 -0.9925 0.0648
vn 1.0000 -0.0022 -0.0000
vn 0.0386 -0.9992 -0.0077
vn 0.8976 0.4409 -0.0000
vn 0.0385 -0.9992 -0.0077
vn 0.0671 -0.9940 -0.0859
vn 0.0726 -0.9925 -0.0980
vn 0.1591 -0.9623 -0.2204
vn 0.1635 -0.9587 -0.2327
vn 0.2965 -0.9468 -0.1254
vn 0.2680 -0.9624 0.0451
vn 0.9649 -0.0284 -0.2612
vn 0.9781 0.0720 0.1950
vn 0.7915 -0.0284 0.6105
vn 0.6993 -0.2146 0.6819
vn 0.9239 -0.0022 0.3827
vn 0.8067 0.4643 0.3657
vn 0.7654 0.5101 0.3925
vn 0.7015 0.5361 0.4696
vn 0.6568 0.5101 0.5554
vn 0.6434 0.4643 0.6087
vn 0.4835 0.7307 0.4821
vn 0.3136 0.8742 0.3706
vn 0.2959 0.8743 0.3848
vn 0.2702 0.8721 0.4078
vn 0.2460 0.8743 0.4185
vn 0.2195 0.8743 0.4329
vn 0.1156 0.9523 0.2826
vn 0.0590 0.9816 0.1816
vn 0.0519 0.9816 0.1839
vn 0.0373 0.9816 0.1875
vn 0.0225 0.9816 0.1898
vn 0.0151 0.9816 0.1905
vn 0.0018 0.9896 0.1437
vn -0.0056 0.9950 0.1002
vn -0.0149 0.9945 0.1036
vn -0.0222 0.9945 0.1022
vn -0.0294 0.9945 0.1004
vn -0.0275 0.9950 0.0965
vn -0.0152 0.9995 0.0264
vn -0.0209 0.9995 0.0223
vn -0.0203 0.9997 0.0165
vn -0.0255 0.9995 0.0169
vn -0.0290 0.9992 0.0265
vn -0.0256 0.9995 0.0168
vn -0.0283 0.9994 0.0205
vn -0.0256 0.9995 0.0167
vn -0.0334 0.9992 0.0207
vn -0.0287 0.9995 0.0105
vn -0.0319 0.9994 0.0142
vn -0.0366 0.9992 0.0142
vn 0.2808 -0.9587 0.0452
vn 0.1080 -0.9940 0.0152
vn 0.1199 -0.9925 0.0226
vn 0.0327 -0.9992 -0.0218
vn 0.0264 -0.9940 -0.1058
vn 0.0245 -0.9925 -0.1195
vn 0.0563 -0.9623 -0.2659
vn -0.0240 0.9997 0.0105
vn -0.0241 0.9997 0.0104
vn -0.0210 0.9995 0.0221
vn -0.0381 0.9984 0.0420
vn -0.0325 0.9984 0.0465
vn -0.0324 0.9984 0.0466
vn -0.0263 0.9984 0.0503
vn -0.0262 0.9984 0.0503
vn -0.0435 0.9945 0.0952
vn -0.0423 0.9896 0.1373
vn -0.0351 0.9896 0.1393
vn -0.0277 0.9896 0.1410
vn -0.0204 0.9896 0.1422
vn -0.0130 0.9896 0.1431
vn -0.0000 0.9816 0.1912
vn 0.0282 0.9523 0.3040
vn 0.0431 0.9523 0.3022
vn 0.0580 0.9523 0.2997
vn 0.0798 0.9523 0.2945
vn 0.0943 0.9523 0.2903
vn 0.1907 0.8722 0.4505
vn 0.3089 0.7336 0.6054
vn 0.3382 0.7366 0.5858
vn 0.3765 0.7366 0.5618
vn 0.4132 0.7366 0.5354
vn 0.4403 0.7336 0.5176
vn 0.6366 0.4409 0.6327
vn 0.6207 0.0590 0.7818
vn 0.6660 0.1975 0.7193
vn 0.8014 0.2697 0.5338
vn 0.9194 0.1975 0.3400
vn 0.9595 0.0590 0.2756
vn 0.8761 -0.3198 0.3608
vn 0.5846 -0.2865 0.7591
vn 0.6966 -0.0938 0.7113
vn 0.8142 0.0110 0.5804
vn 0.0675 -0.9587 -0.2763
vn 0.2296 -0.9468 -0.2256
vn 0.2651 -0.9624 -0.0600
vn 0.6057 -0.3568 0.7112
vn 0.2763 -0.9587 -0.0675
vn 0.1048 -0.9940 -0.0301
vn 0.1183 -0.9925 -0.0301
vn 0.0218 -0.9992 -0.0327
vn 0.9744 0.0109 -0.2246
vn 0.9163 -0.0938 -0.3893
vn 0.9075 -0.2146 -0.3611
vn 0.8313 -0.2865 -0.4763
vn -0.0114 -0.9940 -0.1084
vn 0.8298 -0.3568 -0.4290
vn -0.0208 -0.9925 -0.1203
vn 0.9475 -0.3198 -0.0000
vn -0.0489 -0.9624 -0.2674
vn -0.0452 -0.9587 -0.2808
vn 0.9075 -0.2146 0.3611
vn 0.8313 -0.2865 0.4763
vn 0.9649 -0.0284 0.2612
vn 0.9163 -0.0938 0.3893
vn 0.9781 0.0720 -0.1950
vn 0.9744 0.0109 0.2246
vn 0.1236 -0.9468 -0.2972
vn 0.2225 -0.9624 -0.1561
vn 0.2328 -0.9587 -0.1635
vn 0.0882 -0.9940 -0.0641
vn 0.0992 -0.9925 -0.0711
vn 0.0077 -0.9992 -0.0385
vn 0.0077 -0.9992 -0.0386
vn 0.8298 -0.3568 0.4290
vn -0.0545 -0.9940 -0.0944
vn -0.0632 -0.9925 -0.1044
vn -0.1467 -0.9623 -0.2288
vn -0.1508 -0.9587 -0.2411
vn 0.9919 0.0589 0.1129
vn -0.0019 -0.9468 -0.3219
vn 0.9796 0.1975 0.0377
vn 0.9445 0.2697 -0.1874
vn 0.1467 -0.9623 -0.2289
vn 0.1508 -0.9587 -0.2411
vn 0.0545 -0.9940 -0.0944
vn 0.8852 0.4643 -0.0302
vn 0.6775 0.7336 -0.0527
vn 0.4840 0.8743 -0.0376
vn 0.3044 0.9523 -0.0226
vn 0.1905 0.9816 -0.0149
vn 0.1429 0.9896 -0.0149
vn 0.1001 0.9950 -0.0074
vn 0.0563 0.9984 -0.0072
vn 0.0349 0.9994 -0.0000
vn 0.0386 0.9992 -0.0072
vn 0.0342 0.9994 -0.0073
vn 0.0664 -0.9925 -0.1024
vn 0.0298 0.9995 -0.0070
vn 0.0297 0.9995 -0.0071
vn 0.0319 0.9994 -0.0142
vn -0.0077 -0.9992 -0.0386
vn -0.0077 -0.9992 -0.0385
vn 0.0253 0.9997 -0.0071
vn -0.0882 -0.9940 -0.0641
vn 0.0252 0.9997 -0.0071
vn -0.0969 -0.9925 -0.0742
vn -0.2225 -0.9624 -0.1561
vn -0.2327 -0.9587 -0.1635
vn -0.1201 -0.9468 -0.2986
vn 0.0489 -0.9623 -0.2674
vn 0.0452 -0.9587 -0.2808
vn 0.0114 -0.9940 -0.1084
vn 0.0170 -0.9925 -0.1208
vn 0.0560 0.9984 -0.0073
vn 0.1036 0.9945 -0.0149
vn -0.0218 -0.9992 -0.0327
vn -0.1048 -0.9940 -0.0300
vn -0.1191 -0.9925 -0.0264
vn 0.0298 0.9995 -0.0071
vn -0.2651 -0.9624 -0.0600
vn -0.2763 -0.9587 -0.0675
vn 0.0274 0.9995 -0.0137
vn 0.0367 0.9992 -0.0142
vn -0.2269 -0.9468 -0.2283
vn 0.0273 0.9995 -0.0137
vn 0.0334 0.9992 -0.0207
vn 0.0273 0.9995 -0.0138
vn 0.0283 0.9994 -0.0205
vn -0.0563 -0.9623 -0.2659
vn -0.0675 -0.9587 -0.2763
vn -0.0264 -0.9940 -0.1058
vn -0.0282 -0.9925 -0.1187
vn -0.0327 -0.9992 -0.0218
vn 0.0549 0.9984 -0.0144
vn -0.1079 -0.9940 0.0152
vn -0.1205 -0.9925 0.0189
vn -0.2680 -0.9624 0.0451
vn -0.2808 -0.9587 0.0453
vn -0.2979 -0.9468 -0.1219
vn -0.1592 -0.9623 -0.2204
vn -0.1635 -0.9587 -0.2327
vn -0.0671 -0.9940 -0.0859
vn -0.0696 -0.9925 -0.1002
vn -0.0386 -0.9992 -0.0077
vn 0.0234 0.9995 -0.0195
vn 0.0291 0.9992 -0.0265
vn 0.0234 0.9994 -0.0260
vn 0.0235 0.9995 -0.0196
vn 0.0234 0.9995 -0.0196
vn -0.0924 -0.9940 0.0577
vn 0.0224 0.9997 -0.0136
vn -0.1054 -0.9925 0.0616
vn 0.0223 0.9997 -0.0136
vn 0.0223 0.9997 -0.0135
vn -0.2309 -0.9624 0.1435
vn 0.0235 0.9995 -0.0195
vn -0.9152 0.0894 -0.3929
vn -0.9778 -0.0764 0.1950
vn -0.9709 -0.0109 -0.2393
vn 0.0179 0.9997 -0.0192
vn -0.9628 0.0328 -0.2684
vn 0.0234 0.9995 -0.0197
vn 0.0290 0.9992 -0.0265
vn 0.0237 0.9992 -0.0314
vn 0.0183 0.9995 -0.0245
vn -0.8358 0.2907 -0.4658
vn 0.0179 0.9995 -0.0247
vn 0.0175 0.9994 -0.0303
vn 0.0175 0.9992 -0.0352
vn 0.0121 0.9995 -0.0281
vn -0.7868 0.0328 0.6164
vn -0.8882 -0.1932 0.4169
vn -0.8710 -0.0589 0.4876
vn -0.7032 0.2189 0.6765
vn 0.0121 0.9997 -0.0232
vn -0.8416 0.3649 -0.3981
vn -0.9475 0.3198 -0.0038
vn 0.0121 0.9997 -0.0233
vn -0.9092 0.2189 -0.3541
vn -0.9801 -0.1932 -0.0453
vn -0.9437 -0.2697 0.1913
vn -0.8054 -0.0109 0.5926
vn -0.6942 0.0895 0.7142
vn -0.5928 0.2907 0.7511
vn -0.6276 0.3649 0.6877
vn -0.8748 0.3198 0.3639
vn -0.9239 0.0022 0.3827
vn 0.0183 0.9995 -0.0244
vn 0.0182 0.9995 -0.0245
vn -0.9922 0.0328 0.1205
vn -0.9506 0.2907 -0.1092
vn -0.9755 0.2189 0.0227
vn 0.0120 0.9997 -0.0232
vn -0.9959 0.0894 -0.0113
vn 0.0119 0.9995 -0.0280
vn 0.0108 0.9994 -0.0332
vn 0.0108 0.9992 -0.0378
vn -0.8283 -0.0764 0.5551
vn 0.0054 0.9995 -0.0301
vn 0.0037 0.9994 -0.0348
vn 0.0053 0.9995 -0.0301
vn 0.0036 0.9992 -0.0391
vn 0.0036 0.9994 -0.0348
vn -0.9886 -0.0109 0.1504
vn -0.0018 0.9995 -0.0305
vn -0.6178 -0.0590 0.7842
vn -0.4910 0.0328 0.8705
vn -0.6610 -0.1932 0.7251
vn 0.0053 0.9997 -0.0257
vn -0.3890 0.2189 0.8948
vn -0.9297 0.3650 -0.0491
vn -0.9605 -0.0589 0.2720
vn -0.9228 -0.1932 0.3332
vn -0.7990 -0.2697 0.5375
vn 0.0054 0.9995 -0.0300
vn 0.0052 0.9995 -0.0301
vn -0.5173 -0.0109 0.8557
vn -0.0018 0.9997 -0.0262
vn -0.0017 0.9997 -0.0261
vn -0.3667 0.0895 0.9260
vn -0.0017 0.9995 -0.0305
vn -0.0037 0.9994 -0.0348
vn -0.0036 0.9992 -0.0391
vn -0.0019 0.9995 -0.0305
vn -0.0036 0.9994 -0.0348
vn -0.0088 0.9995 -0.0293
vn -0.0108 0.9992 -0.0378
vn -0.0087 0.9995 -0.0293
vn -0.0108 0.9994 -0.0332
vn -0.2588 0.2907 0.9212
vn -0.3127 0.3649 0.8769
vn -0.0088 0.9997 -0.0247
vn -0.6707 0.3198 0.6693
vn -0.0018 0.9997 -0.0261
vn -0.7071 0.0022 0.7071
vn -0.8706 0.0328 0.4910
vn -0.9217 0.2907 0.2570
vn -0.8948 0.2189 0.3890
vn -0.9267 0.0895 0.3650
vn -0.5520 -0.0764 0.8303
vn -0.8558 -0.0110 0.5173
vn -0.2775 -0.0589 0.9589
vn -0.1205 0.0328 0.9922
vn -0.3332 -0.1932 0.9228
vn -0.0227 0.2189 0.9755
vn -0.8763 0.3650 0.3145
vn -0.0019 0.9995 -0.0304
vn -0.0087 0.9995 -0.0292
vn -0.0088 0.9997 -0.0246
vn -0.7830 -0.0589 0.6193
vn -0.0175 0.9992 -0.0352
vn -0.0175 0.9994 -0.0303
vn -0.0153 0.9995 -0.0265
vn -0.7251 -0.1932 0.6610
vn -0.0236 0.9992 -0.0314
vn -0.0210 0.9995 -0.0223
vn -0.0234 0.9994 -0.0260
vn -0.0210 0.9995 -0.0222
vn -0.5328 -0.2697 0.8021
vn -0.0151 0.9997 -0.0214
vn -0.0150 0.9997 -0.0214
vn -0.1504 -0.0109 0.9886
vn 0.0170 0.0895 0.9958
vn 0.1148 0.2907 0.9499
vn 0.0434 0.3649 0.9300
vn -0.3656 0.3198 0.8741
vn -0.3827 0.0022 0.9239
vn -0.0152 0.9995 -0.0265
vn -0.0151 0.9995 -0.0262
vn -0.0209 0.9995 -0.0223
vn -0.6164 0.0328 0.7868
vn -0.7523 0.2907 0.5913
vn -0.6765 0.2189 0.7032
vn -0.0203 0.9997 -0.0165
vn -0.7155 0.0894 0.6928
vn -0.0211 0.9995 -0.0222
vn -0.0291 0.9992 -0.0265
vn -0.1913 -0.0764 0.9786
vn -0.0255 0.9995 -0.0169
vn -0.0283 0.9994 -0.0206
vn -0.0255 0.9995 -0.0168
vn -0.0334 0.9992 -0.0207
vn -0.0256 0.9995 -0.0168
vn -0.0319 0.9994 -0.0142
vn -0.5926 -0.0109 0.8054
vn -0.0287 0.9995 -0.0105
vn 0.1111 -0.0589 0.9921
vn 0.2684 0.0328 0.9628
vn 0.0453 -0.1932 0.9801
vn -0.0240 0.9997 -0.0105
vn 0.3541 0.2189 0.9092
vn -0.6915 0.3649 0.6234
vn -0.4860 -0.0589 0.8720
vn -0.4169 -0.1932 0.8882
vn -0.1858 -0.2697 0.9449
vn -0.0256 0.9995 -0.0167
vn 0.2393 -0.0109 0.9709
vn -0.0240 0.9997 -0.0104
vn 0.3912 0.0895 0.9160
vn -0.0367 0.9992 -0.0142
vn -0.0387 0.9992 -0.0072
vn -0.0285 0.9995 -0.0107
vn -0.0287 0.9995 -0.0104
vn -0.0342 0.9994 -0.0073
vn -0.0303 0.9995 -0.0036
vn -0.0386 0.9992 -0.0072
vn -0.0305 0.9995 -0.0034
vn 0.4642 0.2907 0.8367
vn -0.0349 0.9994 -0.0000
vn 0.3998 0.3650 0.8408
vn -0.0393 0.9992 -0.0000
vn 0.0019 0.3198 0.9475
vn -0.0304 0.9995 -0.0035
vn -0.0303 0.9995 -0.0035
vn -0.0260 0.9997 -0.0036
vn -0.0000 0.0022 1.0000
vn -0.0259 0.9997 -0.0036
vn -0.2684 0.0328 0.9628
vn -0.4675 0.2907 0.8348
vn -0.3541 0.2189 0.9092
vn -0.3946 0.0894 0.9145
vn 0.1913 -0.0764 0.9786
vn -0.2393 -0.0109 0.9709
vn 0.4827 -0.0589 0.8738
vn 0.6164 0.0328 0.7868
vn 0.4169 -0.1932 0.8882
vn 0.6765 0.2189 0.7032
vn -0.3965 0.3650 0.8424
vn -0.0304 0.9995 -0.0036
vn -0.1148 -0.0590 0.9916
vn -0.0260 0.9997 0.0035
vn -0.0259 0.9997 0.0035
vn -0.0300 0.9995 0.0035
vn -0.0306 0.9995 0.0037
vn -0.0386 0.9992 0.0072
vn -0.0342 0.9994 0.0073
vn -0.0453 -0.1932 0.9801
vn -0.0387 0.9992 0.0072
vn -0.0302 0.9995 0.0037
vn -0.0304 0.9995 0.0035
vn -0.0557 0.9984 -0.0108
vn 0.1895 -0.2697 0.9441
vn -0.0556 0.9984 -0.0110
vn -0.0539 0.9984 -0.0179
vn -0.0539 0.9984 -0.0181
vn 0.5926 -0.0109 0.8054
vn 0.7129 0.0895 0.6955
vn 0.7499 0.2907 0.5942
vn 0.6889 0.3649 0.6262
vn 0.3621 0.3198 0.8755
vn -0.0511 0.9984 -0.0246
vn 0.3827 0.0022 0.9239
vn -0.0948 0.9950 -0.0328
vn -0.1004 0.9945 -0.0295
vn -0.1023 0.9945 -0.0222
vn -0.1036 0.9945 -0.0149
vn 0.1205 0.0328 0.9922
vn -0.1110 0.2907 0.9504
vn 0.0227 0.2189 0.9755
vn -0.0566 0.9984 -0.0037
vn -0.0567 0.9984 0.0036
vn -0.0566 0.9984 0.0037
vn -0.0303 0.9995 0.0035
vn -0.0260 0.9997 0.0036
vn -0.0320 0.9994 0.0143
vn -0.0132 0.0894 0.9959
vn 0.5520 -0.0764 0.8303
vn 0.1504 -0.0109 0.9886
vn -0.0304 0.9995 0.0036
vn -0.0557 0.9984 0.0108
vn -0.0997 0.9950 0.0111
vn -0.1047 0.9945 -0.0000
vn -0.0997 0.9950 -0.0111
vn -0.1424 0.9896 -0.0186
vn 0.7807 -0.0589 0.6222
vn 0.8705 0.0328 0.4910
vn 0.7251 -0.1932 0.6610
vn -0.1413 0.9896 -0.0260
vn -0.1379 0.9896 -0.0404
vn -0.1356 0.9896 -0.0476
vn -0.0981 0.9945 -0.0366
vn -0.0511 0.9984 -0.0247
vn -0.0476 0.9984 -0.0309
vn -0.0473 0.9984 -0.0313
vn -0.0432 0.9984 -0.0368
vn -0.0432 0.9984 -0.0367
vn 0.8948 0.2189 0.3890
vn -0.0472 0.3650 0.9298
vn 0.2738 -0.0590 0.9600
vn -0.0382 0.9984 -0.0420
vn 0.3332 -0.1932 0.9228
vn -0.0766 0.9950 -0.0648
vn -0.0838 0.9945 -0.0627
vn -0.0881 0.9945 -0.0566
vn -0.0918 0.9945 -0.0502
vn -0.0890 0.9950 -0.0464
vn -0.1329 0.9896 -0.0545
vn -0.1817 0.9816 -0.0590
vn -0.1839 0.9816 -0.0519
vn -0.1873 0.9816 -0.0373
vn -0.1897 0.9816 -0.0225
vn -0.1430 0.9897 -0.0112
vn -0.1436 0.9896 -0.0037
vn -0.1431 0.9896 0.0113
vn -0.1036 0.9945 0.0149
vn -0.0557 0.9984 0.0109
vn -0.0287 0.9995 0.0104
vn -0.0240 0.9997 0.0104
vn 0.5360 -0.2697 0.8000
vn -0.0254 0.9995 0.0169
vn -0.0255 0.9995 0.0168
vn -0.0382 0.9984 0.0420
vn -0.0662 0.9950 0.0754
vn -0.0627 0.9945 0.0838
vn -0.0566 0.9945 0.0881
vn -0.0502 0.9945 0.0919
vn -0.0480 0.9949 0.0882
vn -0.0563 0.9896 0.1322
vn -0.0590 0.9816 0.1817
vn -0.0518 0.9816 0.1839
vn -0.0373 0.9816 0.1874
vn -0.0225 0.9816 0.1898
vn -0.0150 0.9816 0.1905
vn -0.0019 0.9523 0.3053
vn 0.0395 0.8743 0.4838
vn 0.0620 0.8743 0.4815
vn 0.0973 0.8722 0.4795
vn 0.1284 0.8743 0.4682
vn 0.1500 0.8743 0.4616
vn 0.2591 0.7306 0.6317
vn 0.3623 0.4643 0.8082
vn 0.3925 0.5100 0.7654
vn 0.4680 0.5361 0.7025
vn 0.5554 0.5101 0.6568
vn 0.6060 0.4643 0.6460
vn 0.7071 -0.0022 0.7071
vn 0.3907 -0.2146 0.8951
vn 0.4976 -0.0284 0.8669
vn 0.8285 0.0721 0.5553
vn 0.9914 -0.0284 0.1280
vn 0.9766 -0.2146 0.0151
vn 0.9311 -0.3568 -0.0755
vn 0.9505 -0.2865 -0.1206
vn 0.9956 -0.0938 -0.0076
vn 0.9862 0.0109 0.1654
vn 0.8557 -0.0109 0.5173
vn 0.9253 0.0895 0.3685
vn 0.9206 0.2907 0.2606
vn 0.5302 0.0109 0.8478
vn 0.3700 -0.0938 0.9243
vn 0.2483 -0.2865 0.9254
vn 0.6673 -0.3198 0.6726
vn 0.7806 0.0589 0.6222
vn 0.7193 0.1975 0.6660
vn 0.5369 0.2697 0.7993
vn 0.3400 0.1975 0.9194
vn 0.2739 0.0589 0.9600
vn 0.3439 0.4409 0.8291
vn 0.2114 0.7336 0.6459
vn 0.1787 0.7366 0.6523
vn 0.1347 0.7366 0.6628
vn 0.0827 0.7366 0.6713
vn 0.0565 0.7336 0.6772
vn -0.0000 0.8721 0.4893
vn -0.0244 0.9523 0.3043
vn -0.0395 0.9523 0.3027
vn -0.0616 0.9523 0.2990
vn -0.0763 0.9523 0.2956
vn -0.0908 0.9523 0.2914
vn -0.0731 0.9816 0.1765
vn -0.0631 0.9896 0.1290
vn -0.0697 0.9896 0.1257
vn -0.0823 0.9896 0.1178
vn -0.0882 0.9896 0.1133
vn -0.0941 0.9896 0.1086
vn -0.0740 0.9945 0.0740
vn -0.0432 0.9984 0.0367
vn -0.0433 0.9984 0.0367
vn -0.0475 0.9984 0.0310
vn -0.0476 0.9984 0.0310
vn -0.0511 0.9984 0.0248
vn -0.0287 0.9995 0.0106
vn 0.8776 0.3650 0.3109
vn -0.0539 0.9984 0.0179
vn -0.1023 0.9945 0.0223
vn -0.1421 0.9897 0.0185
vn -0.1905 0.9816 0.0150
vn -0.1911 0.9816 -0.0000
vn -0.1905 0.9816 -0.0150
vn -0.3025 0.9523 -0.0412
vn 0.6679 0.3198 0.6720
vn -0.3001 0.9523 -0.0561
vn -0.2951 0.9523 -0.0781
vn -0.2909 0.9523 -0.0925
vn -0.1765 0.9816 -0.0731
vn -0.1266 0.9896 -0.0680
vn -0.1229 0.9896 -0.0745
vn -0.1188 0.9896 -0.0808
vn -0.1144 0.9896 -0.0869
vn -0.1098 0.9896 -0.0926
vn -0.0740 0.9945 -0.0740
vn -0.0381 0.9984 -0.0421
vn -0.0325 0.9984 -0.0465
vn -0.0324 0.9984 -0.0466
vn -0.0263 0.9984 -0.0503
vn -0.0261 0.9984 -0.0504
vn -0.0088 0.9995 -0.0292
vn 0.7071 0.0022 0.7071
vn 0.4910 0.0328 0.8706
vn 0.2625 0.2907 0.9201
vn 0.3890 0.2189 0.8948
vn 0.3702 0.0894 0.9246
vn 0.8282 -0.0764 0.5551
vn 0.2843 -0.3568 0.8899
vn 0.5173 -0.0109 0.8558
vn 0.9595 -0.0589 0.2756
vn 0.9922 0.0328 0.1205
vn 0.9228 -0.1932 0.3332
vn 0.9755 0.2189 0.0227
vn 0.3162 0.3650 0.8757
vn -0.0197 0.9984 -0.0532
vn -0.0480 0.9950 -0.0881
vn -0.0502 0.9945 -0.0918
vn -0.0566 0.9945 -0.0880
vn -0.0627 0.9945 -0.0838
vn -0.0662 0.9950 -0.0754
vn -0.0996 0.9896 -0.1035
vn -0.1453 0.9816 -0.1241
vn -0.1501 0.9816 -0.1183
vn -0.1589 0.9816 -0.1061
vn -0.1667 0.9816 -0.0934
vn -0.1702 0.9816 -0.0867
vn -0.2833 0.9523 -0.1138
vn -0.4634 0.8743 -0.1446
vn -0.4696 0.8743 -0.1229
vn -0.4795 0.8721 -0.0973
vn -0.4812 0.8743 -0.0638
vn -0.3041 0.9523 -0.0263
vn -0.3052 0.9523 -0.0037
vn -0.3041 0.9523 0.0263
vn -0.1897 0.9816 0.0225
vn -0.1413 0.9896 0.0260
vn -0.1004 0.9945 0.0295
vn -0.0538 0.9984 0.0180
vn -0.0511 0.9984 0.0246
vn -0.0890 0.9950 0.0463
vn -0.0918 0.9945 0.0502
vn -0.0881 0.9945 0.0566
vn -0.0838 0.9945 0.0627
vn -0.0766 0.9950 0.0648
vn -0.0996 0.9896 0.1036
vn -0.1241 0.9816 0.1453
vn -0.1183 0.9816 0.1500
vn -0.1061 0.9816 0.1589
vn -0.0933 0.9816 0.1667
vn -0.0867 0.9816 0.1702
vn -0.1190 0.9523 0.2811
vn -0.1464 0.8743 0.4628
vn -0.1247 0.8743 0.4691
vn -0.0973 0.8721 0.4795
vn -0.0657 0.8743 0.4810
vn -0.0433 0.8743 0.4835
vn 0.0019 0.7306 0.6828
vn 0.0264 0.4643 0.8853
vn 0.0754 0.5100 0.8568
vn 0.1630 0.5361 0.8282
vn 0.2600 0.5101 0.8199
vn 0.3135 0.4643 0.8283
vn 0.3827 -0.0022 0.9239
vn 0.0170 -0.2146 0.9766
vn 0.1280 -0.0284 0.9914
vn 0.5522 0.0720 0.8306
vn 0.8669 -0.0284 0.4976
vn 0.8959 -0.2146 0.3890
vn 0.6207 -0.0589 0.7818
vn 0.8904 -0.3568 0.2826
vn 0.6610 -0.1932 0.7251
vn 0.9258 -0.2865 0.2464
vn 0.9221 -0.0938 0.3753
vn 0.8478 0.0109 0.5302
vn 0.8010 -0.2697 0.5344
vn 0.1653 0.0110 0.9862
vn -0.0057 -0.0938 0.9956
vn -0.1262 -0.2865 0.9497
vn 0.3608 -0.3198 0.8761
vn 0.4893 0.0589 0.8701
vn 0.4097 0.1975 0.8906
vn 0.1911 0.2697 0.9438
vn -0.0377 0.1975 0.9796
vn -0.1148 0.0589 0.9916
vn -0.0019 0.4409 0.8976
vn -0.0565 0.7336 0.6772
vn -0.0827 0.7366 0.6713
vn -0.1347 0.7366 0.6628
vn -0.1787 0.7366 0.6523
vn -0.2114 0.7336 0.6459
vn -0.1907 0.8721 0.4505
vn -0.1394 0.9523 0.2716
vn -0.1526 0.9523 0.2644
vn -0.1717 0.9523 0.2524
vn -0.1839 0.9523 0.2436
vn -0.1958 0.9523 0.2343
vn -0.1351 0.9816 0.1351
vn -0.1098 0.9896 0.0926
vn -0.1144 0.9896 0.0869
vn -0.1189 0.9896 0.0807
vn -0.1229 0.9896 0.0745
vn -0.1266 0.9896 0.0680
vn -0.0952 0.9945 0.0435
vn 0.9886 -0.0109 0.1504
vn -0.0948 0.9950 0.0327
vn -0.1379 0.9896 0.0405
vn -0.1874 0.9816 0.0373
vn -0.3024 0.9523 0.0412
vn -0.4837 0.8743 0.0414
vn -0.4892 0.8721 -0.0000
vn -0.4837 0.8743 -0.0414
vn -0.6713 0.7366 -0.0827
vn 0.9959 0.0895 -0.0151
vn -0.6628 0.7366 -0.1347
vn -0.6523 0.7366 -0.1787
vn -0.6470 0.7336 -0.2078
vn -0.4534 0.8722 -0.1838
vn -0.2707 0.9523 -0.1411
vn -0.2634 0.9523 -0.1543
vn -0.2555 0.9523 -0.1671
vn -0.2426 0.9522 -0.1855
vn -0.2330 0.9523 -0.1972
vn -0.1351 0.9816 -0.1351
vn -0.0941 0.9896 -0.1086
vn -0.0879 0.9897 -0.1134
vn -0.0823 0.9896 -0.1178
vn -0.0697 0.9896 -0.1256
vn -0.0631 0.9896 -0.1291
vn -0.0366 0.9945 -0.0981
vn -0.0196 0.9984 -0.0533
vn -0.0127 0.9984 -0.0553
vn -0.0126 0.9984 -0.0554
vn -0.0055 0.9984 -0.0565
vn -0.0054 0.9984 -0.0565
vn 0.9501 0.2907 -0.1129
vn 0.9299 0.3649 -0.0453
vn 0.8763 0.3198 0.3604
vn -0.0736 -0.3568 0.9313
vn 0.9239 0.0022 0.3827
vn 0.7868 0.0328 0.6164
vn 0.5957 0.2907 0.7487
vn 0.7032 0.2189 0.6765
vn 0.6915 0.0894 0.7169
vn 0.9778 -0.0764 0.1950
vn 0.0018 0.9984 -0.0567
vn -0.0056 0.9950 -0.1002
vn -0.0149 0.9945 -0.1036
vn -0.0222 0.9945 -0.1023
vn -0.0295 0.9945 -0.1004
vn -0.0275 0.9950 -0.0965
vn -0.0562 0.9896 -0.1322
vn -0.0867 0.9816 -0.1702
vn -0.0933 0.9816 -0.1667
vn -0.1061 0.9816 -0.1589
vn -0.1183 0.9816 -0.1500
vn -0.1241 0.9816 -0.1453
vn -0.2179 0.9523 -0.2138
vn -0.3694 0.8743 -0.3149
vn -0.3837 0.8743 -0.2974
vn -0.4078 0.8722 -0.2703
vn -0.4213 0.8743 -0.2411
vn -0.4321 0.8743 -0.2212
vn -0.6310 0.7306 -0.2609
vn -0.8270 0.4643 -0.3171
vn -0.8199 0.5100 -0.2600
vn -0.8286 0.5361 -0.1612
vn -0.8568 0.5101 -0.0754
vn 0.8054 -0.0109 0.5926
vn -0.6775 0.7336 -0.0528
vn -0.6828 0.7306 0.0038
vn -0.6775 0.7336 0.0527
vn -0.4812 0.8743 0.0638
vn -0.3001 0.9523 0.0561
vn -0.1839 0.9816 0.0519
vn -0.1356 0.9896 0.0476
vn -0.1329 0.9896 0.0545
vn 0.9918 -0.0590 -0.1130
vn 0.9628 0.0328 -0.2684
vn 0.9801 -0.1932 -0.0453
vn -0.1703 0.9816 0.0867
vn -0.1667 0.9816 0.0933
vn -0.1589 0.9816 0.1061
vn -0.1500 0.9816 0.1183
vn -0.1453 0.9816 0.1241
vn -0.2178 0.9523 0.2139
vn -0.3106 0.8743 0.3731
vn -0.2929 0.8743 0.3871
vn -0.2703 0.8722 0.4078
vn -0.2427 0.8743 0.4204
vn -0.2229 0.8743 0.4312
vn -0.2626 0.7306 0.6303
vn -0.3135 0.4643 0.8283
vn -0.2601 0.5101 0.8199
vn -0.1668 0.5361 0.8275
vn -0.0754 0.5101 0.8568
vn -0.0264 0.4643 0.8853
vn -0.0000 -0.0022 1.0000
vn -0.3593 -0.2146 0.9082
vn -0.2612 -0.0284 0.9649
vn 0.1913 0.0721 0.9789
vn 0.6105 -0.0284 0.7915
vn 0.6778 -0.2146 0.7032
vn 0.9092 0.2189 -0.3541
vn 0.7124 -0.3568 0.6043
vn 0.6248 0.3650 0.6902
vn 0.7602 -0.2865 0.5831
vn 0.7126 -0.0938 0.6953
vn 0.5804 0.0109 0.8143
vn 0.8729 -0.0589 0.4843
vn 0.8882 -0.1932 0.4169
vn -0.2246 0.0109 0.9744
vn -0.3876 -0.0938 0.9171
vn -0.4747 -0.2865 0.8322
vn -0.0000 -0.3198 0.9475
vn 0.1186 0.0590 0.9912
vn 0.0377 0.1975 0.9796
vn -0.1911 0.2697 0.9438
vn -0.4097 0.1975 0.8906
vn -0.4860 0.0589 0.8720
vn -0.3405 0.4409 0.8305
vn -0.3088 0.7336 0.6053
vn -0.3382 0.7366 0.5857
vn -0.3765 0.7366 0.5618
vn -0.4132 0.7365 0.5355
vn -0.4403 0.7336 0.5176
vn -0.3460 0.8721 0.3459
vn -0.2331 0.9523 0.1971
vn -0.2425 0.9522 0.1855
vn -0.2555 0.9523 0.1670
vn -0.2635 0.9523 0.1542
vn -0.2707 0.9523 0.1411
vn -0.1765 0.9816 0.0731
vn 0.9445 -0.2697 0.1876
vn -0.1817 0.9816 0.0590
vn -0.2951 0.9523 0.0781
vn -0.4795 0.8722 0.0972
vn -0.6713 0.7366 0.0827
vn -0.8852 0.4643 0.0302
vn -0.8975 0.4409 0.0038
vn -0.8852 0.4643 -0.0302
vn -0.9796 0.1975 0.0377
vn -0.9445 0.2697 -0.1874
vn -0.8906 0.1975 -0.4097
vn -0.8711 0.0589 -0.4876
vn -0.8298 0.4409 -0.3422
vn -0.6070 0.7336 -0.3055
vn -0.5857 0.7366 -0.3382
vn -0.5619 0.7366 -0.3765
vn -0.5355 0.7366 -0.4132
vn -0.5151 0.7336 -0.4432
vn -0.3460 0.8721 -0.3460
vn -0.1957 0.9523 -0.2343
vn -0.1840 0.9523 -0.2436
vn -0.1717 0.9523 -0.2524
vn -0.1526 0.9523 -0.2643
vn -0.1394 0.9523 -0.2716
vn -0.0731 0.9816 -0.1766
vn -0.0423 0.9896 -0.1373
vn -0.0351 0.9896 -0.1393
vn -0.0275 0.9896 -0.1409
vn -0.0203 0.9896 -0.1422
vn -0.0130 0.9896 -0.1431
vn -0.0000 0.9945 -0.1047
vn 0.0019 0.9984 -0.0567
vn 0.0090 0.9984 -0.0560
vn 0.0091 0.9984 -0.0560
vn 0.0161 0.9984 -0.0544
vn 0.0162 0.9984 -0.0544
vn 0.0120 0.9995 -0.0281
vn 0.9709 -0.0109 -0.2393
vn 0.9137 0.0895 -0.3964
vn -0.4273 -0.3568 0.8307
vn 0.8339 0.2907 -0.4691
vn 0.8400 0.3650 -0.4015
vn 0.9475 0.3198 -0.0000
vn 0.0229 0.9984 -0.0519
vn 0.0310 0.9950 -0.0954
vn 0.0295 0.9945 -0.1004
vn 0.0222 0.9945 -0.1022
vn 0.0149 0.9945 -0.1036
vn 0.0093 0.9950 -0.0999
vn 0.0018 0.9896 -0.1437
vn -0.0150 0.9816 -0.1905
vn -0.0225 0.9816 -0.1897
vn -0.0373 0.9816 -0.1874
vn -0.0519 0.9816 -0.1839
vn -0.0590 0.9816 -0.1817
vn -0.1190 0.9523 -0.2811
vn -0.2229 0.8743 -0.4313
vn -0.2428 0.8742 -0.4204
vn -0.2703 0.8722 -0.4078
vn -0.2929 0.8743 -0.3871
vn -0.3106 0.8743 -0.3731
vn -0.4807 0.7307 -0.4848
vn -0.6434 0.4643 -0.6087
vn -0.6568 0.5101 -0.5554
vn -0.7036 0.5361 -0.4664
vn -0.7654 0.5101 -0.3925
vn -0.8067 0.4643 -0.3657
vn -0.9239 -0.0022 -0.3827
vn -0.7019 -0.2146 -0.6792
vn -0.7915 -0.0284 -0.6105
vn -0.9781 0.0720 -0.1950
vn 1.0000 0.0022 -0.0000
vn -0.9649 -0.0284 0.2612
vn -0.9744 0.0109 0.2246
vn 0.9628 0.0328 0.2684
vn 0.8339 0.2907 0.4692
vn 0.9092 0.2189 0.3541
vn -0.9178 -0.0938 0.3858
vn -0.9089 -0.2146 0.3576
vn -0.8294 -0.2865 0.4796
vn 0.9137 0.0894 0.3964
vn -0.8316 -0.3568 0.4256
vn 0.9778 -0.0764 -0.1950
vn -0.9475 -0.3198 -0.0000
vn -0.9914 0.0590 0.1167
vn -1.0000 -0.0022 -0.0000
vn 0.9709 -0.0109 0.2393
vn -0.9914 0.0589 -0.1167
vn 0.8729 -0.0590 -0.4844
vn 0.7868 0.0328 -0.6164
vn 0.8882 -0.1932 -0.4169
vn 0.7032 0.2189 -0.6765
vn 0.8400 0.3650 0.4015
vn 0.9919 -0.0589 0.1129
vn 0.9801 -0.1932 0.0453
vn -0.8316 -0.3568 -0.4256
vn -0.8294 -0.2865 -0.4796
vn -0.9089 -0.2146 -0.3576
vn 0.9445 -0.2697 -0.1876
vn -0.9796 0.1975 -0.0377
vn -0.8568 0.5100 0.0754
vn -0.6628 0.7366 0.1348
vn -0.4696 0.8743 0.1229
vn -0.2908 0.9523 0.0926
vn -0.2833 0.9523 0.1138
vn -0.4321 0.8743 0.2212
vn -0.4213 0.8743 0.2411
vn -0.4078 0.8721 0.2702
vn -0.3837 0.8743 0.2974
vn -0.3694 0.8743 0.3149
vn -0.4808 0.7306 0.4848
vn -0.6060 0.4643 0.6460
vn -0.5554 0.5100 0.6568
vn -0.4711 0.5361 0.7004
vn -0.3925 0.5101 0.7654
vn -0.3623 0.4643 0.8082
vn -0.3827 -0.0022 0.9239
vn -0.6805 -0.2146 0.7006
vn -0.6105 -0.0284 0.7915
vn -0.1914 0.0721 0.9789
vn 0.2612 -0.0284 0.9649
vn 0.3629 -0.2146 0.9068
vn 0.8054 -0.0109 -0.5926
vn 0.4240 -0.3568 0.8324
vn 0.6915 0.0895 -0.7168
vn 0.4780 -0.2865 0.8303
vn 0.3910 -0.0938 0.9156
vn 0.2246 0.0109 0.9744
vn 0.5957 0.2907 -0.7488
vn 0.6248 0.3650 -0.6902
vn 0.8763 0.3198 -0.3604
vn -0.5804 0.0109 0.8142
vn -0.7100 -0.0938 0.6980
vn -0.7579 -0.2865 0.5861
vn -0.3608 -0.3198 0.8761
vn -0.2702 0.0589 0.9610
vn -0.3400 0.1975 0.9194
vn -0.5370 0.2697 0.7993
vn -0.7193 0.1975 0.6660
vn -0.7830 0.0589 0.6193
vn -0.6340 0.4409 0.6353
vn -0.5151 0.7336 0.4432
vn -0.5354 0.7366 0.4132
vn -0.5618 0.7366 0.3766
vn -0.5858 0.7366 0.3382
vn -0.6070 0.7336 0.3055
vn -0.4505 0.8722 0.1907
vn 0.9239 0.0022 -0.3827
vn -0.4634 0.8743 0.1446
vn -0.6523 0.7366 0.1787
vn -0.8286 0.5361 0.1612
vn 0.9922 0.0328 -0.1205
vn 0.9501 0.2907 0.1129
vn 0.9755 0.2189 -0.0227
vn -0.9445 0.2697 0.1874
vn 0.9959 0.0894 0.0151
vn -0.9649 -0.0284 -0.2612
vn 0.8283 -0.0764 -0.5551
vn -0.9178 -0.0938 -0.3858
vn 0.9886 -0.0109 -0.1504
vn 0.6207 -0.0590 -0.7818
vn 0.4910 0.0328 -0.8705
vn 0.6610 -0.1932 -0.7251
vn 0.3890 0.2189 -0.8948
vn 0.9299 0.3650 0.0453
vn -0.7099 -0.3568 0.6072
vn 0.9595 -0.0590 -0.2756
vn 0.9228 -0.1932 -0.3332
vn -0.8199 0.5101 0.2600
vn -0.6470 0.7336 0.2079
vn -0.6309 0.7307 0.2609
vn 0.8010 -0.2697 -0.5344
vn -0.8066 0.4643 0.3658
vn -0.7654 0.5100 0.3925
vn -0.7036 0.5361 0.4664
vn -0.6568 0.5101 0.5554
vn -0.6434 0.4643 0.6087
vn -0.7071 -0.0022 0.7071
vn -0.8974 -0.2146 0.3855
vn -0.8669 -0.0284 0.4976
vn -0.5522 0.0721 0.8306
vn -0.1280 -0.0284 0.9914
vn -0.0132 -0.2146 0.9766
vn 0.0774 -0.3568 0.9310
vn 0.1225 -0.2865 0.9502
vn 0.0094 -0.0938 0.9955
vn -0.1653 0.0109 0.9862
vn 0.5173 -0.0109 -0.8557
vn 0.3702 0.0895 -0.9246
vn 0.2625 0.2907 -0.9201
vn -0.8478 0.0109 0.5302
vn -0.9236 -0.0938 0.3718
vn -0.9249 -0.2865 0.2501
vn -0.6726 -0.3198 0.6673
vn -0.6178 0.0590 0.7842
vn -0.6660 0.1975 0.7193
vn -0.8014 0.2697 0.5338
vn -0.9194 0.1975 0.3400
vn -0.9605 0.0589 0.2720
vn -0.8298 0.4409 0.3421
vn 0.3163 0.3650 -0.8757
vn -0.8270 0.4643 0.3170
vn -0.8906 0.1975 0.4097
vn -0.9781 0.0720 0.1950
vn 0.6680 0.3198 -0.6720
vn -0.9744 0.0109 -0.2246
vn 0.7071 0.0022 -0.7071
vn 0.8706 0.0328 -0.4910
vn 0.9206 0.2907 -0.2607
vn 0.8948 0.2189 -0.3890
vn 0.9253 0.0895 -0.3685
vn -0.8893 -0.3568 0.2861
vn 0.5520 -0.0764 -0.8303
vn 0.8558 -0.0110 -0.5173
vn 0.2738 -0.0589 -0.9600
vn 0.1205 0.0328 -0.9922
vn 0.3332 -0.1932 -0.9228
vn 0.0227 0.2189 -0.9755
vn -0.7915 -0.0284 0.6105
vn -0.8143 0.0109 0.5804
vn 0.8776 0.3650 -0.3109
vn -0.6993 -0.0938 0.7086
vn -0.7019 -0.2146 0.6792
vn -0.5816 -0.2865 0.7614
vn -0.6029 -0.3568 0.7136
vn -0.8761 -0.3198 0.3609
vn -0.8710 0.0589 0.4877
vn -0.9239 -0.0022 0.3827
vn 0.7806 -0.0590 -0.6222
vn 0.7251 -0.1932 -0.6610
vn -0.9766 -0.2146 0.0113
vn 0.5360 -0.2697 -0.8000
vn 0.1504 -0.0109 -0.9886
vn -0.0132 0.0895 -0.9959
vn -0.9500 -0.2865 -0.1243
vn -0.1111 0.2907 -0.9504
vn -0.9914 -0.0284 0.1280
vn -0.0472 0.3649 -0.9298
vn -0.8285 0.0720 0.5553
vn -0.4976 -0.0284 0.8669
vn -0.3872 -0.2146 0.8967
vn 0.3622 0.3198 -0.8755
vn -0.2880 -0.3568 0.8887
vn -0.2519 -0.2865 0.9244
vn 0.3827 0.0022 -0.9239
vn -0.3736 -0.0938 0.9228
vn -0.5302 0.0109 0.8478
vn 0.6164 0.0328 -0.7868
vn 0.7499 0.2907 -0.5943
vn 0.6765 0.2189 -0.7032
vn 0.7129 0.0894 -0.6955
vn 0.1913 -0.0764 -0.9786
vn 0.5926 -0.0109 -0.8054
vn -0.9308 -0.3568 -0.0793
vn -0.1149 -0.0589 -0.9916
vn -0.2684 0.0328 -0.9628
vn -0.0453 -0.1932 -0.9801
vn -0.3541 0.2189 -0.9092
vn 0.6890 0.3649 -0.6262
vn -0.9955 -0.0938 -0.0113
vn -0.9862 0.0110 0.1653
vn 0.4827 -0.0590 -0.8738
vn 0.4169 -0.1932 -0.8882
vn 0.9956 -0.0938 0.0076
vn 0.9914 -0.0284 -0.1280
vn 0.9505 -0.2865 0.1205
vn 0.1895 -0.2697 -0.9441
vn 0.9766 -0.2146 -0.0151
vn 0.9194 0.1975 -0.3400
vn 0.9594 0.0589 -0.2757
vn 0.7654 0.5100 -0.3925
vn 0.7015 0.5361 -0.4695
vn 0.8014 0.2697 -0.5338
vn 0.6568 0.5101 -0.5554
vn 0.6660 0.1975 -0.7193
vn -0.2393 -0.0109 -0.9709
vn 0.8285 0.0720 -0.5553
vn -0.3946 0.0895 -0.9145
vn 0.9862 0.0110 -0.1653
vn -0.4675 0.2907 -0.8348
vn -0.3964 0.3650 -0.8424
vn 0.0019 0.3198 -0.9475
vn -0.0000 0.0022 -1.0000
vn 0.2684 0.0328 -0.9628
vn 0.4642 0.2907 -0.8367
vn 0.3541 0.2189 -0.9092
vn 0.3912 0.0894 -0.9160
vn 0.5354 0.7366 -0.4132
vn 0.5618 0.7366 -0.3765
vn 0.5857 0.7366 -0.3382
vn -0.1913 -0.0764 -0.9786
vn 0.8066 0.4643 -0.3658
vn 0.8283 0.4409 -0.3456
vn 0.9239 -0.0022 -0.3827
vn 0.8270 0.4643 -0.3171
vn 0.2393 -0.0109 -0.9709
vn 0.8729 0.0590 -0.4843
vn -0.4860 -0.0590 -0.8720
vn -0.6164 0.0328 -0.7868
vn -0.4169 -0.1932 -0.8882
vn 0.8761 -0.3198 -0.3608
vn -0.6765 0.2189 -0.7032
vn 0.9311 -0.3568 0.0755
vn 0.3999 0.3650 -0.8408
vn 0.1111 -0.0590 -0.9921
vn 0.0453 -0.1932 -0.9801
vn -0.1858 -0.2697 -0.9449
vn 0.6470 0.7336 -0.2079
vn 0.6295 0.7306 -0.2643
vn 0.6070 0.7336 -0.3055
vn 0.4195 0.8743 -0.2443
vn 0.4078 0.8722 -0.2703
vn 0.3860 0.8743 -0.2944
vn 0.3718 0.8743 -0.3120
vn 0.5151 0.7336 -0.4432
vn 0.4835 0.7306 -0.4821
vn 0.6367 0.4409 -0.6327
vn -0.5926 -0.0109 -0.8054
vn 0.6434 0.4643 -0.6087
vn -0.7155 0.0895 -0.6928
vn -0.7523 0.2907 -0.5912
vn -0.6915 0.3649 -0.6234
vn -0.3656 0.3198 -0.8741
vn -0.3827 0.0022 -0.9239
vn -0.1205 0.0328 -0.9922
vn 0.1148 0.2907 -0.9499
vn -0.0227 0.2189 -0.9755
vn 0.3460 0.8721 -0.3460
vn 0.2354 0.9523 -0.1943
vn 0.2402 0.9523 -0.1884
vn 0.2536 0.9522 -0.1703
vn 0.0170 0.0894 -0.9958
vn -0.5520 -0.0764 -0.8303
vn -0.1504 -0.0109 -0.9886
vn -0.7830 -0.0589 -0.6192
vn -0.8705 0.0328 -0.4910
vn -0.7251 -0.1932 -0.6610
vn 0.1501 0.9816 -0.1183
vn 0.1453 0.9816 -0.1241
vn 0.2152 0.9523 -0.2165
vn 0.3135 0.8743 -0.3706
vn 0.4403 0.7336 -0.5176
vn 0.2959 0.8743 -0.3849
vn -0.8948 0.2189 -0.3890
vn 0.4132 0.7366 -0.5354
vn 0.0434 0.3650 -0.9300
vn 0.6060 0.4643 -0.6460
vn -0.2775 -0.0590 -0.9589
vn -0.3332 -0.1932 -0.9228
vn -0.5328 -0.2697 -0.8021
vn 0.1869 0.9523 -0.2413
vn 0.1986 0.9523 -0.2318
vn 0.1351 0.9816 -0.1351
vn 0.1074 0.9896 -0.0955
vn -0.8557 -0.0109 -0.5173
vn -0.9267 0.0895 -0.3649
vn 0.1021 0.9896 -0.1010
vn 0.1241 0.9816 -0.1453
vn 0.1183 0.9816 -0.1501
vn 0.1061 0.9816 -0.1589
vn 0.1686 0.9523 -0.2545
vn 0.0933 0.9816 -0.1667
vn -0.9217 0.2907 -0.2570
vn 0.1559 0.9523 -0.2625
vn -0.8763 0.3650 -0.3145
vn 0.2703 0.8722 -0.4078
vn -0.6706 0.3198 -0.6693
vn -0.7071 0.0022 -0.7071
vn -0.4910 0.0328 -0.8705
vn -0.2588 0.2907 -0.9211
vn -0.3890 0.2189 -0.8948
vn -0.3667 0.0894 -0.9260
vn -0.8282 -0.0764 -0.5551
vn -0.5173 -0.0109 -0.8558
vn -0.9605 -0.0589 -0.2720
vn -0.9922 0.0328 -0.1205
vn -0.9228 -0.1932 -0.3332
vn 0.0729 0.9896 -0.1238
vn 0.0796 0.9896 -0.1196
vn 0.0854 0.9896 -0.1156
vn 0.0912 0.9896 -0.1109
vn -0.9755 0.2189 -0.0227
vn -0.3127 0.3650 -0.8770
vn 0.0627 0.9945 -0.0837
vn 0.0566 0.9945 -0.0880
vn 0.0502 0.9945 -0.0919
vn 0.0448 0.9950 -0.0898
vn 0.0663 0.9896 -0.1274
vn 0.0528 0.9896 -0.1336
vn -0.6178 -0.0589 -0.7841
vn 0.0731 0.9816 -0.1765
vn -0.6610 -0.1932 -0.7251
vn 0.0867 0.9816 -0.1702
vn -0.7989 -0.2697 -0.5375
vn -0.9886 -0.0109 -0.1504
vn -0.9959 0.0895 0.0113
vn 0.0435 0.9945 -0.0952
vn 0.0230 0.9984 -0.0519
vn 0.0294 0.9984 -0.0486
vn 0.0294 0.9984 -0.0485
vn -0.9506 0.2907 0.1092
vn -0.9297 0.3649 0.0491
vn -0.8748 0.3198 -0.3639
vn 0.0457 0.9896 -0.1362
vn 0.0385 0.9896 -0.1383
vn 0.0314 0.9896 -0.1402
vn 0.0168 0.9896 -0.1427
vn 0.0093 0.9896 -0.1434
vn -0.0000 0.9816 -0.1911
vn -0.0244 0.9523 -0.3043
vn -0.0394 0.9523 -0.3027
vn -0.0616 0.9523 -0.2990
vn -0.0763 0.9523 -0.2956
vn -0.0907 0.9523 -0.2915
vn -0.1907 0.8721 -0.4506
vn -0.3089 0.7336 -0.6053
vn -0.3382 0.7366 -0.5858
vn -0.3765 0.7366 -0.5618
vn -0.4132 0.7366 -0.5354
vn -0.4403 0.7336 -0.5176
vn -0.6340 0.4409 -0.6353
vn -0.6178 0.0590 -0.7841
vn -0.6660 0.1975 -0.7193
vn -0.8014 0.2697 -0.5338
vn -0.9194 0.1975 -0.3400
vn -0.9605 0.0589 -0.2720
vn -0.8761 -0.3198 -0.3608
vn -0.5816 -0.2865 -0.7613
vn -0.6993 -0.0938 -0.7087
vn -0.8142 0.0110 -0.5804
vn -0.5928 0.2907 -0.7511
vn -0.6276 0.3650 -0.6877
vn -0.9914 -0.0589 0.1167
vn -0.9092 0.2189 0.3541
vn -0.9628 0.0328 0.2684
vn -0.6942 0.0894 -0.7142
vn -0.9778 -0.0764 -0.1950
vn -0.8054 -0.0109 -0.5926
vn -0.7868 0.0328 -0.6164
vn 0.0590 0.9816 -0.1817
vn -0.7032 0.2189 -0.6765
vn -0.9239 0.0022 -0.3827
vn -0.8057 -0.4681 -0.3629
vn -0.7628 -0.5138 -0.3925
vn -0.6029 -0.3568 -0.7136
vn -0.7011 -0.5361 -0.4702
vn -0.6588 -0.5138 -0.5495
vn -0.9766 -0.2146 -0.0113
vn -0.9308 -0.3568 0.0793
vn -0.9500 -0.2865 0.1243
vn -0.6426 -0.4681 -0.6065
vn -0.9955 -0.0938 0.0113
vn -0.9914 -0.0284 -0.1280
vn -0.9862 0.0109 -0.1654
vn -0.6313 -0.4448 -0.6353
vn -0.8285 0.0721 -0.5553
vn -0.4976 -0.0284 -0.8669
vn -0.3872 -0.2146 -0.8967
vn -0.7071 -0.0022 -0.7071
vn -0.6060 0.4643 -0.6460
vn -0.5554 0.5101 -0.6568
vn -0.4711 0.5361 -0.7004
vn -0.3925 0.5100 -0.7654
vn -0.3623 0.4643 -0.8082
vn -0.2626 0.7306 -0.6303
vn -0.1464 0.8743 -0.4628
vn -0.1247 0.8743 -0.4692
vn -0.0973 0.8722 -0.4795
vn -0.0657 0.8743 -0.4810
vn -0.0432 0.8742 -0.4836
vn -0.0019 0.9523 -0.3053
vn 0.0150 0.9816 -0.1905
vn 0.0225 0.9816 -0.1897
vn 0.0373 0.9816 -0.1874
vn 0.0519 0.9816 -0.1839
vn -0.6052 -0.4681 -0.6439
vn 0.0943 0.9523 -0.2903
vn -0.5524 -0.5138 -0.6564
vn -0.4670 -0.5361 -0.7032
vn -0.3959 -0.5138 -0.7611
vn 0.0799 0.9523 -0.2947
vn -0.3611 -0.4681 -0.8065
vn 0.0579 0.9523 -0.2997
vn 0.0431 0.9523 -0.3022
vn 0.0282 0.9523 -0.3040
vn -0.0000 0.8722 -0.4892
vn -0.0565 0.7336 -0.6772
vn -0.0827 0.7366 -0.6713
vn -0.1347 0.7366 -0.6628
vn -0.1787 0.7366 -0.6523
vn -0.2114 0.7336 -0.6459
vn -0.3404 0.4409 -0.8305
vn -0.2702 0.0589 -0.9610
vn -0.3400 0.1975 -0.9194
vn -0.5369 0.2697 -0.7993
vn -0.7193 0.1975 -0.6660
vn -0.7830 0.0589 -0.6192
vn -0.6673 -0.3198 -0.6726
vn -0.2519 -0.2865 -0.9244
vn -0.3736 -0.0938 -0.9229
vn -0.5302 0.0109 -0.8478
vn -0.3440 -0.4448 -0.8269
vn -0.3123 -0.4681 -0.8267
vn -0.2879 -0.3568 -0.8887
vn -0.2565 -0.5138 -0.8187
vn -0.1614 -0.5361 -0.8286
vn -0.8974 -0.2146 -0.3855
vn -0.8893 -0.3568 -0.2862
vn -0.9249 -0.2865 -0.2500
vn -0.0717 -0.5138 -0.8549
vn -0.9236 -0.0938 -0.3718
vn -0.8669 -0.0284 -0.4976
vn -0.8478 0.0109 -0.5302
vn -0.5522 0.0720 -0.8306
vn -0.0246 -0.4681 -0.8833
vn -0.1280 -0.0284 -0.9914
vn -0.0132 -0.2146 -0.9766
vn -0.3827 -0.0022 -0.9239
vn -0.3135 0.4643 -0.8283
vn -0.2600 0.5101 -0.8199
vn -0.1668 0.5361 -0.8275
vn -0.0754 0.5100 -0.8568
vn -0.0264 0.4643 -0.8853
vn 0.0019 0.7307 -0.6827
vn 0.0395 0.8743 -0.4838
vn 0.0620 0.8743 -0.4815
vn 0.0972 0.8721 -0.4795
vn 0.1284 0.8743 -0.4681
vn 0.1500 0.8743 -0.4617
vn 0.1155 0.9523 -0.2825
vn 0.0019 -0.4448 -0.8956
vn 0.1428 0.9523 -0.2698
vn 0.2459 0.8743 -0.4185
vn 0.3765 0.7366 -0.5619
vn 0.5554 0.5100 -0.6568
vn 0.7806 0.0589 -0.6222
vn 0.7071 -0.0022 -0.7071
vn 0.6207 0.0589 -0.7818
vn 0.4976 -0.0284 -0.8669
vn 0.5302 0.0109 -0.8478
vn 0.0283 -0.4681 -0.8832
vn 0.3701 -0.0938 -0.9243
vn 0.3907 -0.2146 -0.8952
vn 0.2482 -0.2865 -0.9254
vn 0.2844 -0.3568 -0.8899
vn 0.6726 -0.3198 -0.6673
vn 0.0716 -0.5138 -0.8549
vn 0.8959 -0.2146 -0.3890
vn 0.1615 -0.5361 -0.8285
vn 0.2565 -0.5138 -0.8187
vn 0.3087 -0.4681 -0.8280
vn 0.3405 -0.4448 -0.8284
vn 0.3646 -0.4681 -0.8049
vn 0.3959 -0.5138 -0.7611
vn 0.8904 -0.3568 -0.2826
vn 0.9258 -0.2865 -0.2464
vn 0.8669 -0.0284 -0.4976
vn 0.4670 -0.5361 -0.7032
vn 0.7193 0.1975 -0.6660
vn 0.4680 0.5361 -0.7025
vn 0.3381 0.7366 -0.5858
vn 0.2196 0.8743 -0.4329
vn 0.1907 0.8722 -0.4505
vn 0.5524 -0.5138 -0.6564
vn 0.2114 0.7336 -0.6459
vn 0.1787 0.7366 -0.6523
vn 0.1347 0.7366 -0.6628
vn 0.0827 0.7366 -0.6713
vn 0.0565 0.7336 -0.6772
vn -0.0019 0.4409 -0.8976
vn 0.1186 0.0589 -0.9912
vn 0.0377 0.1975 -0.9796
vn -0.1911 0.2697 -0.9438
vn -0.4097 0.1975 -0.8906
vn -0.4860 0.0590 -0.8720
vn -0.3608 -0.3198 -0.8761
vn 0.1224 -0.2865 -0.9502
vn 0.0095 -0.0938 -0.9955
vn -0.1653 0.0109 -0.9862
vn 0.6024 -0.4681 -0.6465
vn 0.6340 -0.4448 -0.6326
vn 0.9221 -0.0938 -0.3753
vn 0.6452 -0.4682 -0.6038
vn 0.6588 -0.5138 -0.5495
vn 0.0774 -0.3568 -0.9310
vn 0.7011 -0.5361 -0.4702
vn 0.7628 -0.5138 -0.3925
vn -0.6806 -0.2146 -0.7005
vn -0.7099 -0.3568 -0.6072
vn 0.8042 -0.4681 -0.3663
vn -0.7579 -0.2865 -0.5861
vn 0.8262 -0.4448 -0.3458
vn -0.7100 -0.0938 -0.6979
vn -0.6105 -0.0284 -0.7915
vn -0.5804 0.0109 -0.8143
vn -0.1913 0.0721 -0.9789
vn 0.8273 -0.4682 -0.3105
vn 0.2612 -0.0284 -0.9649
vn 0.3628 -0.2146 -0.9068
vn -0.0000 -0.0022 -1.0000
vn 0.0264 0.4643 -0.8853
vn 0.0754 0.5101 -0.8568
vn 0.1631 0.5361 -0.8282
vn 0.2600 0.5100 -0.8199
vn 0.3135 0.4643 -0.8283
vn 0.2591 0.7306 -0.6317
vn 0.3088 0.7336 -0.6054
vn 0.3925 0.5101 -0.7654
vn 0.5370 0.2697 -0.7993
vn 0.5522 0.0721 -0.8306
vn 0.8478 0.0109 -0.5302
vn 0.8175 -0.5138 -0.2601
vn 0.8278 -0.5361 -0.1652
vn 0.8546 -0.5138 -0.0754
vn 0.8831 -0.4681 -0.0302
vn 0.8956 -0.4448 -0.0000
vn 0.3400 0.1975 -0.9194
vn 0.3623 0.4643 -0.8082
vn 0.3439 0.4409 -0.8291
vn 0.4893 0.0590 -0.8701
vn 0.4097 0.1975 -0.8906
vn 0.1911 0.2697 -0.9438
vn -0.0377 0.1975 -0.9796
vn -0.1149 0.0590 -0.9916
vn -0.0000 -0.3198 -0.9475
vn 0.4780 -0.2865 -0.8304
vn 0.3910 -0.0938 -0.9156
vn 0.2246 0.0109 -0.9744
vn 0.8831 -0.4681 0.0302
vn 0.8546 -0.5138 0.0754
vn 0.4240 -0.3568 -0.8324
vn 0.8278 -0.5361 0.1652
vn 0.8175 -0.5138 0.2601
vn -0.3593 -0.2146 -0.9082
vn -0.4273 -0.3568 -0.8307
vn -0.4747 -0.2865 -0.8322
vn 0.8273 -0.4681 0.3105
vn -0.3875 -0.0938 -0.9171
vn -0.2612 -0.0284 -0.9649
vn -0.2246 0.0109 -0.9744
vn 0.8262 -0.4448 0.3458
vn 0.1914 0.0721 -0.9789
vn 0.6105 -0.0284 -0.7915
vn 0.6778 -0.2146 -0.7032
vn 0.3827 -0.0022 -0.9239
vn 0.8042 -0.4681 0.3663
vn 0.2738 0.0590 -0.9600
vn 0.1280 -0.0284 -0.9914
vn 0.1654 0.0109 -0.9862
vn -0.0057 -0.0938 -0.9956
vn 0.0170 -0.2146 -0.9766
vn -0.1262 -0.2865 -0.9497
vn 0.7628 -0.5138 0.3925
vn -0.0736 -0.3568 -0.9313
vn 0.3608 -0.3198 -0.8761
vn 0.7011 -0.5361 0.4702
vn 0.7602 -0.2865 -0.5831
vn 0.7126 -0.0938 -0.6952
vn 0.5804 0.0109 -0.8142
vn 0.6588 -0.5138 0.5495
vn 0.6452 -0.4681 0.6038
vn 0.6340 -0.4448 0.6326
vn 0.6024 -0.4681 0.6465
vn 0.5524 -0.5138 0.6564
vn 0.4670 -0.5361 0.7032
vn 0.7124 -0.3568 -0.6043
vn 0.3959 -0.5138 0.7611
vn 0.3646 -0.4681 0.8049
vn 0.3406 -0.4448 0.8283
vn 0.8142 0.0109 -0.5804
vn 0.7915 -0.0284 -0.6105
vn 0.8906 0.1975 -0.4097
vn 0.3087 -0.4681 0.8280
vn 0.6992 -0.2146 -0.6819
vn 0.6058 -0.3568 -0.7112
vn 0.5846 -0.2865 -0.7591
vn 0.2565 -0.5138 0.8187
vn 0.6966 -0.0938 -0.7113
vn 0.1614 -0.5361 0.8286
vn 0.0717 -0.5138 0.8549
vn 0.8199 0.5101 -0.2600
vn 0.6523 0.7366 -0.1787
vn 0.4622 0.8743 -0.1482
vn 0.4534 0.8722 -0.1838
vn 0.4304 0.8743 -0.2246
vn 0.2653 0.9523 -0.1510
vn 0.1589 0.9816 -0.1062
vn 0.1122 0.9896 -0.0898
vn 0.0741 0.9950 -0.0676
vn 0.0740 0.9945 -0.0740
vn 0.0634 0.9950 -0.0778
vn 0.0352 0.9984 -0.0444
vn 0.0283 -0.4681 0.8832
vn 0.0019 -0.4448 0.8956
vn -0.0245 -0.4681 0.8833
vn 0.8279 0.5361 -0.1649
vn -0.0716 -0.5138 0.8549
vn -0.1615 -0.5361 0.8285
vn -0.2565 -0.5138 0.8187
vn 0.0354 0.9984 -0.0443
vn -0.3123 -0.4681 0.8266
vn -0.3441 -0.4448 0.8269
vn -0.3611 -0.4681 0.8065
vn 0.0407 0.9984 -0.0396
vn 0.0408 0.9984 -0.0394
vn -0.3959 -0.5138 0.7611
vn -0.4670 -0.5361 0.7032
vn -0.5524 -0.5138 0.6564
vn 0.0455 0.9984 -0.0340
vn 0.0455 0.9984 -0.0339
vn 0.0494 0.9984 -0.0279
vn 0.0495 0.9984 -0.0278
vn 0.0547 0.9984 -0.0144
vn 0.1023 0.9945 -0.0222
vn 0.1420 0.9896 -0.0223
vn -0.6052 -0.4681 0.6439
vn 0.1897 0.9816 -0.0225
vn -0.6313 -0.4448 0.6353
vn -0.6426 -0.4681 0.6065
vn 0.1406 0.9896 -0.0296
vn 0.1004 0.9945 -0.0295
vn 0.0526 0.9984 -0.0213
vn -0.6588 -0.5138 0.5495
vn 0.0906 0.9950 -0.0431
vn 0.0918 0.9945 -0.0502
vn 0.0881 0.9945 -0.0566
vn 0.0838 0.9945 -0.0627
vn -0.7011 -0.5361 0.4701
vn 0.1209 0.9896 -0.0777
vn -0.7628 -0.5138 0.3925
vn -0.8057 -0.4681 0.3629
vn 0.1246 0.9896 -0.0713
vn 0.1279 0.9897 -0.0646
vn 0.0981 0.9945 -0.0366
vn -0.8276 -0.4448 0.3423
vn 0.0960 0.9950 -0.0292
vn 0.1389 0.9896 -0.0369
vn 0.1873 0.9816 -0.0373
vn 0.3029 0.9523 -0.0376
vn 0.4817 0.8743 -0.0601
vn -0.8260 -0.4682 0.3140
vn -0.8175 -0.5138 0.2601
vn 0.2994 0.9522 -0.0598
vn 0.1839 0.9816 -0.0519
vn 0.1368 0.9896 -0.0440
vn 0.1315 0.9896 -0.0580
vn -0.8278 -0.5361 0.1652
vn 0.1703 0.9816 -0.0867
vn 0.1667 0.9816 -0.0933
vn -0.8546 -0.5138 0.0754
vn 0.2723 0.9523 -0.1377
vn -0.9914 -0.0589 -0.1167
vn -1.0000 0.0022 -0.0000
vn 0.1765 0.9816 -0.0731
vn 0.1817 0.9816 -0.0590
vn 0.2941 0.9523 -0.0816
vn 0.4795 0.8721 -0.0973
vn 0.6713 0.7366 -0.0827
vn 0.8568 0.5100 -0.0754
vn -0.8416 0.3649 0.3981
vn -0.8357 0.2907 0.4659
vn 0.6628 0.7366 -0.1347
vn 0.4687 0.8743 -0.1265
vn 0.2897 0.9523 -0.0961
vn -0.9152 0.0895 0.3929
vn -0.9709 -0.0109 0.2393
vn -0.0299 -0.9994 -0.0180
vn -0.0284 -0.9995 -0.0113
vn -0.0247 -0.9995 -0.0180
vn 0.2819 0.9523 -0.1172
vn -0.0284 -0.9995 -0.0112
vn -0.0363 -0.9992 -0.0150
vn -0.0236 -0.9997 -0.0114
vn -0.0259 -0.9997 -0.0039
vn -0.9801 -0.1932 0.0453
vn -0.9437 -0.2697 -0.1914
vn -0.0386 -0.9992 -0.0076
vn -0.0347 -0.9994 -0.0038
vn -0.0304 -0.9995 -0.0038
vn -0.8882 -0.1932 -0.4169
vn -0.0303 -0.9995 0.0038
vn -0.0393 -0.9992 -0.0000
vn -0.8711 -0.0589 -0.4876
vn -0.0000 -1.0000 -0.0000
vn -0.0303 -0.9995 -0.0038
vn -0.8276 -0.4448 -0.3423
vn -0.0259 -0.9997 0.0039
vn -0.0303 -0.9995 0.0039
vn -0.0347 -0.9994 0.0038
vn -0.6051 -0.7336 -0.3093
vn -0.5851 -0.7366 -0.3393
vn -0.5618 -0.7395 -0.3708
vn -0.5345 -0.7366 -0.4145
vn -0.5170 -0.7336 -0.4410
vn -0.0284 -0.9995 0.0110
vn -0.0331 -0.9994 0.0112
vn -0.0284 -0.9995 0.0113
vn -0.4828 -0.7307 -0.4828
vn -0.0363 -0.9992 0.0150
vn -0.0299 -0.9994 0.0180
vn -0.0247 -0.9995 0.0180
vn -0.4424 -0.7336 -0.5158
vn -0.0248 -0.9995 0.0180
vn -0.0253 -0.9994 0.0241
vn -0.4115 -0.7366 -0.5368
vn -0.3771 -0.7395 -0.5576
vn -0.3360 -0.7366 -0.5870
vn -0.3110 -0.7336 -0.6042
vn -0.2648 -0.7306 -0.6293
vn -0.2064 -0.7336 -0.6475
vn -0.1756 -0.7366 -0.6531
vn -0.0195 -0.9995 0.0236
vn -0.0278 -0.9992 0.0278
vn -0.0195 -0.9995 0.0235
vn -0.0254 -0.9994 0.0240
vn -0.0196 -0.9994 0.0290
vn -0.1350 -0.7395 -0.6595
vn -0.0130 -0.9995 0.0277
vn -0.0130 -0.9994 0.0325
vn -0.0867 -0.7366 -0.6708
vn -0.0150 -0.9992 0.0363
vn -0.0510 -0.7336 -0.6777
vn -0.0000 -0.7306 -0.6828
vn 0.0547 -0.7337 -0.6772
vn 0.0867 -0.7366 -0.6708
vn 0.1350 -0.7395 -0.6595
vn 0.1757 -0.7366 -0.6531
vn -0.0077 -0.9992 0.0386
vn -0.0057 -0.9994 0.0345
vn -0.0058 -0.9995 0.0300
vn 0.2100 -0.7336 -0.6463
vn -0.0057 -0.9995 0.0300
vn 0.0019 -0.9994 0.0349
vn 0.0019 -0.9995 0.0305
vn 0.2578 -0.7307 -0.6322
vn -0.0000 -0.9992 0.0393
vn 0.0077 -0.9992 0.0386
vn 0.3077 -0.7336 -0.6059
vn 0.3360 -0.7366 -0.5870
vn 0.3771 -0.7395 -0.5576
vn 0.4115 -0.7366 -0.5368
vn 0.4395 -0.7336 -0.5183
vn 0.0093 -0.9994 0.0337
vn 0.0095 -0.9995 0.0291
vn 0.4828 -0.7306 -0.4828
vn 0.0094 -0.9995 0.0291
vn 0.0151 -0.9992 0.0363
vn 0.0163 -0.9995 0.0258
vn 0.0164 -0.9994 0.0309
vn 0.0219 -0.9992 0.0327
vn 0.5195 -0.7336 -0.4381
vn 0.5344 -0.7366 -0.4145
vn 0.5617 -0.7395 -0.3709
vn 0.5851 -0.7366 -0.3393
vn 0.6068 -0.7336 -0.3060
vn 0.0162 -0.9995 0.0260
vn 0.0226 -0.9994 0.0266
vn 0.0164 -0.9995 0.0258
vn 0.6322 -0.7306 -0.2578
vn 0.0223 -0.9995 0.0209
vn 0.0222 -0.9995 0.0209
vn 0.0278 -0.9992 0.0278
vn 0.0223 -0.9995 0.0210
vn 0.0278 -0.9994 0.0212
vn 0.6469 -0.7336 -0.2082
vn 0.6522 -0.7366 -0.1793
vn 0.6609 -0.7395 -0.1276
vn 0.6712 -0.7366 -0.0830
vn 0.6775 -0.7336 -0.0528
vn 0.0320 -0.9994 0.0146
vn 0.0268 -0.9995 0.0147
vn 0.6828 -0.7306 0.0001
vn 0.0363 -0.9992 0.0151
vn 0.0296 -0.9995 0.0076
vn 0.0317 -0.9994 0.0147
vn 0.0385 -0.9992 0.0077
vn 0.6775 -0.7336 0.0528
vn 0.6712 -0.7366 0.0830
vn 0.6609 -0.7395 0.1276
vn 0.6522 -0.7366 0.1793
vn 0.6469 -0.7335 0.2083
vn 0.0296 -0.9995 0.0077
vn 0.0341 -0.9994 0.0075
vn 0.0349 -0.9994 -0.0000
vn 0.0306 -0.9995 -0.0000
vn 0.6293 -0.7307 0.2647
vn 0.0393 -0.9992 -0.0000
vn 0.6068 -0.7336 0.3060
vn 0.5850 -0.7366 0.3392
vn 0.5618 -0.7395 0.3708
vn 0.5345 -0.7366 0.4145
vn 0.5195 -0.7336 0.4381
vn 0.0341 -0.9994 -0.0075
vn 0.0318 -0.9994 -0.0146
vn 0.0296 -0.9995 -0.0076
vn 0.4828 -0.7306 0.4828
vn 0.0268 -0.9995 -0.0147
vn 0.0363 -0.9992 -0.0150
vn 0.0317 -0.9994 -0.0147
vn 0.4396 -0.7336 0.5183
vn 0.4115 -0.7366 0.5368
vn 0.3771 -0.7395 0.5576
vn 0.3360 -0.7366 0.5870
vn 0.3077 -0.7336 0.6059
vn 0.0268 -0.9995 -0.0148
vn 0.0278 -0.9994 -0.0211
vn 0.0222 -0.9995 -0.0210
vn 0.2648 -0.7306 0.6293
vn 0.0223 -0.9995 -0.0209
vn 0.0279 -0.9992 -0.0277
vn 0.0226 -0.9994 -0.0266
vn 0.2100 -0.7336 0.6463
vn 0.1757 -0.7366 0.6531
vn 0.1350 -0.7395 0.6594
vn 0.0867 -0.7366 0.6708
vn 0.0547 -0.7336 0.6774
vn 0.0164 -0.9995 -0.0258
vn 0.0219 -0.9992 -0.0327
vn 0.0164 -0.9994 -0.0309
vn 0.0163 -0.9995 -0.0258
vn -0.0000 -0.7306 0.6828
vn 0.0094 -0.9995 -0.0291
vn 0.0150 -0.9992 -0.0363
vn 0.0093 -0.9994 -0.0337
vn -0.0510 -0.7336 0.6776
vn -0.0867 -0.7366 0.6708
vn -0.1350 -0.7395 0.6595
vn -0.1757 -0.7366 0.6531
vn -0.2065 -0.7336 0.6475
vn 0.0095 -0.9995 -0.0291
vn 0.0094 -0.9994 -0.0337
vn 0.0020 -0.9994 -0.0349
vn 0.0019 -0.9995 -0.0305
vn -0.2578 -0.7307 0.6322
vn 0.0019 -0.9995 -0.0306
vn -0.0000 -0.9992 -0.0393
vn 0.0019 -0.9994 -0.0349
vn -0.3110 -0.7336 0.6042
vn -0.3360 -0.7366 0.5870
vn -0.3771 -0.7395 0.5576
vn -0.4115 -0.7366 0.5368
vn -0.4424 -0.7336 0.5158
vn -0.0057 -0.9995 -0.0300
vn -0.0057 -0.9994 -0.0345
vn -0.0129 -0.9994 -0.0325
vn -0.0058 -0.9995 -0.0300
vn -0.4828 -0.7306 0.4828
vn -0.0130 -0.9995 -0.0277
vn -0.0151 -0.9992 -0.0363
vn -0.5171 -0.7336 0.4410
vn -0.5345 -0.7366 0.4145
vn -0.5617 -0.7395 0.3709
vn -0.5851 -0.7365 0.3393
vn -0.6051 -0.7336 0.3094
vn -0.0196 -0.9994 -0.0289
vn -0.0256 -0.9994 -0.0243
vn -0.0195 -0.9995 -0.0236
vn -0.6322 -0.7306 0.2578
vn -0.0195 -0.9995 -0.0235
vn -0.0277 -0.9992 -0.0278
vn -0.0254 -0.9994 -0.0240
vn -0.0327 -0.9992 -0.0219
vn -0.6457 -0.7336 0.2118
vn -0.6522 -0.7366 0.1793
vn -0.6609 -0.7395 0.1276
vn -0.6712 -0.7366 0.0830
vn -0.8833 -0.4681 0.0264
vn -0.8956 -0.4448 0.0038
vn -0.8833 -0.4681 -0.0264
vn -0.8546 -0.5138 -0.0754
vn -0.0331 -0.9994 -0.0111
vn -0.8278 -0.5361 -0.1651
vn -0.8175 -0.5138 -0.2601
vn -0.8260 -0.4681 -0.3140
vn -0.0235 -0.9997 -0.0113
vn -0.0303 -0.9995 -0.0039
vn -0.0299 -0.9995 -0.0041
vn -0.6322 -0.7307 -0.2578
vn -0.0236 -0.9997 0.0114
vn -0.4314 -0.8743 -0.2223
vn -0.0192 -0.9997 0.0178
vn -0.4207 -0.8743 -0.2422
vn -0.0131 -0.9997 0.0227
vn -0.4054 -0.8721 -0.2740
vn -0.0058 -0.9997 0.0256
vn -0.0058 -0.9997 0.0255
vn 0.0020 -0.9997 0.0261
vn -0.3873 -0.8743 -0.2926
vn 0.0019 -0.9997 0.0261
vn 0.0096 -0.9997 0.0244
vn -0.3732 -0.8743 -0.3104
vn -0.3426 -0.8743 -0.3439
vn 0.0163 -0.9997 0.0205
vn 0.0164 -0.9997 0.0205
vn 0.0217 -0.9997 0.0148
vn -0.3148 -0.8743 -0.3695
vn 0.0216 -0.9997 0.0148
vn 0.0250 -0.9997 0.0077
vn 0.0262 -0.9997 -0.0000
vn -0.2971 -0.8743 -0.3838
vn 0.0251 -0.9997 -0.0077
vn 0.0250 -0.9997 -0.0077
vn -0.2724 -0.8721 -0.4064
vn 0.0217 -0.9997 -0.0148
vn 0.0216 -0.9997 -0.0148
vn -0.2405 -0.8743 -0.4216
vn 0.0163 -0.9997 -0.0205
vn 0.0164 -0.9997 -0.0205
vn 0.0096 -0.9997 -0.0244
vn -0.2205 -0.8743 -0.4324
vn -0.1863 -0.8743 -0.4483
vn 0.0020 -0.9997 -0.0261
vn 0.0019 -0.9997 -0.0262
vn 0.0019 -0.9997 -0.0261
vn -0.1506 -0.8743 -0.4615
vn -0.0059 -0.9997 -0.0256
vn -0.0058 -0.9997 -0.0255
vn -0.0058 -0.9997 -0.0256
vn -0.0131 -0.9997 -0.0227
vn -0.0192 -0.9997 -0.0178
vn -0.1290 -0.8743 -0.4680
vn -0.0192 -0.9997 -0.0179
vn -0.0283 -0.9995 -0.0112
vn -0.0537 -0.9984 -0.0186
vn -0.0556 -0.9984 -0.0113
vn -0.0557 -0.9984 -0.0112
vn -0.0566 -0.9984 -0.0038
vn -0.0566 -0.9984 -0.0040
vn -0.0920 -0.8721 -0.4805
vn -0.0566 -0.9984 0.0038
vn -0.0566 -0.9984 0.0039
vn -0.0299 -0.9995 0.0041
vn -0.0284 -0.9995 0.0112
vn -0.0623 -0.8743 -0.4815
vn -0.0283 -0.9995 0.0112
vn -0.0248 -0.9995 0.0179
vn -0.0397 -0.8743 -0.4838
vn -0.0018 -0.8742 -0.4855
vn -0.0194 -0.9995 0.0236
vn -0.0130 -0.9995 0.0276
vn -0.0131 -0.9995 0.0275
vn 0.0434 -0.8743 -0.4835
vn 0.0018 -0.9995 0.0304
vn 0.0020 -0.9995 0.0305
vn 0.0093 -0.9995 0.0287
vn 0.0660 -0.8743 -0.4809
vn 0.0957 -0.8722 -0.4798
vn 0.0222 -0.9995 0.0210
vn 0.0223 -0.9995 0.0208
vn 0.0268 -0.9995 0.0148
vn 0.0268 -0.9995 0.0146
vn 0.1253 -0.8742 -0.4690
vn 0.1472 -0.8743 -0.4626
vn 0.0304 -0.9995 -0.0000
vn 0.1827 -0.8743 -0.4497
vn 0.0295 -0.9995 -0.0076
vn 0.0268 -0.9995 -0.0146
vn 0.2240 -0.8743 -0.4307
vn 0.0267 -0.9995 -0.0148
vn 0.0223 -0.9995 -0.0210
vn 0.0166 -0.9995 -0.0254
vn 0.2438 -0.8743 -0.4198
vn 0.0095 -0.9995 -0.0290
vn 0.0093 -0.9995 -0.0288
vn 0.0020 -0.9995 -0.0305
vn 0.2693 -0.8721 -0.4085
vn 0.2941 -0.8743 -0.3862
vn -0.0131 -0.9995 -0.0276
vn -0.0194 -0.9995 -0.0236
vn 0.3118 -0.8743 -0.3720
vn 0.3452 -0.8743 -0.3412
vn -0.0248 -0.9995 -0.0179
vn -0.0536 -0.9984 -0.0187
vn -0.0946 -0.9950 -0.0335
vn -0.1013 -0.9945 -0.0262
vn -0.1029 -0.9945 -0.0188
vn -0.1040 -0.9945 -0.0113
vn -0.0997 -0.9950 -0.0114
vn -0.1046 -0.9945 0.0037
vn -0.0997 -0.9950 0.0114
vn 0.3708 -0.8743 -0.3133
vn -0.0558 -0.9984 0.0113
vn -0.0556 -0.9984 0.0113
vn -0.0536 -0.9984 0.0186
vn -0.0536 -0.9984 0.0187
vn -0.0504 -0.9984 0.0254
vn -0.0507 -0.9984 0.0256
vn -0.0472 -0.9984 0.0319
vn -0.0468 -0.9984 0.0322
vn -0.0421 -0.9984 0.0381
vn 0.3850 -0.8743 -0.2956
vn -0.0369 -0.9984 0.0432
vn -0.0366 -0.9984 0.0434
vn -0.0306 -0.9984 0.0478
vn -0.0305 -0.9984 0.0479
vn -0.0240 -0.9984 0.0515
vn 0.4074 -0.8721 -0.2709
vn -0.0238 -0.9984 0.0515
vn -0.0172 -0.9984 0.0541
vn -0.0168 -0.9984 0.0542
vn -0.0095 -0.9984 0.0560
vn -0.0094 -0.9984 0.0560
vn -0.0020 -0.9984 0.0567
vn 0.4188 -0.8743 -0.2454
vn -0.0018 -0.9984 0.0567
vn 0.0056 -0.9984 0.0565
vn 0.0057 -0.9984 0.0565
vn 0.0131 -0.9984 0.0552
vn 0.0132 -0.9984 0.0552
vn 0.0204 -0.9984 0.0530
vn 0.4298 -0.8743 -0.2256
vn 0.0205 -0.9984 0.0530
vn 0.0272 -0.9984 0.0498
vn 0.4490 -0.8743 -0.1845
vn 0.0273 -0.9984 0.0498
vn 0.0337 -0.9984 0.0457
vn 0.0338 -0.9984 0.0456
vn 0.0394 -0.9984 0.0408
vn 0.0396 -0.9984 0.0407
vn 0.0445 -0.9984 0.0352
vn 0.4620 -0.8743 -0.1489
vn 0.0447 -0.9984 0.0350
vn 0.0488 -0.9984 0.0290
vn 0.0490 -0.9984 0.0288
vn 0.0489 -0.9984 0.0289
vn 0.0523 -0.9984 0.0221
vn 0.0547 -0.9984 0.0150
vn 0.0547 -0.9984 0.0149
vn 0.0563 -0.9984 0.0076
vn 0.0564 -0.9984 0.0074
vn 0.0563 -0.9984 0.0075
vn 0.4685 -0.8743 -0.1272
vn 0.0569 -0.9984 -0.0001
vn 0.0563 -0.9984 -0.0076
vn 0.0564 -0.9984 -0.0075
vn 0.0547 -0.9984 -0.0149
vn 0.0547 -0.9984 -0.0150
vn 0.4794 -0.8721 -0.0975
vn 0.0524 -0.9984 -0.0218
vn 0.0489 -0.9984 -0.0289
vn 0.0488 -0.9984 -0.0290
vn 0.0488 -0.9984 -0.0289
vn 0.0446 -0.9984 -0.0351
vn 0.0446 -0.9984 -0.0352
vn 0.4817 -0.8743 -0.0604
vn 0.0395 -0.9984 -0.0408
vn 0.0394 -0.9984 -0.0408
vn 0.0337 -0.9984 -0.0457
vn 0.0274 -0.9984 -0.0498
vn 0.0272 -0.9984 -0.0498
vn 0.4840 -0.8743 -0.0378
vn 0.0205 -0.9984 -0.0530
vn 0.0204 -0.9984 -0.0530
vn 0.4854 -0.8743 -0.0000
vn 0.0132 -0.9984 -0.0552
vn 0.0131 -0.9984 -0.0552
vn 0.0057 -0.9984 -0.0565
vn 0.0056 -0.9984 -0.0565
vn -0.0019 -0.9984 -0.0567
vn 0.4840 -0.8743 0.0378
vn -0.0094 -0.9984 -0.0560
vn -0.0095 -0.9984 -0.0560
vn -0.0168 -0.9984 -0.0542
vn -0.0170 -0.9984 -0.0541
vn -0.0238 -0.9984 -0.0515
vn -0.0239 -0.9984 -0.0515
vn -0.0305 -0.9984 -0.0479
vn -0.0306 -0.9984 -0.0478
vn -0.0366 -0.9984 -0.0434
vn -0.0369 -0.9984 -0.0431
vn 0.4816 -0.8743 0.0604
vn -0.0421 -0.9984 -0.0381
vn -0.0468 -0.9984 -0.0322
vn -0.0471 -0.9984 -0.0319
vn -0.0507 -0.9984 -0.0256
vn -0.0506 -0.9984 -0.0256
vn -0.0965 -0.9945 -0.0405
vn -0.1376 -0.9896 -0.0412
vn -0.1396 -0.9896 -0.0339
vn -0.1412 -0.9896 -0.0264
vn -0.1423 -0.9896 -0.0188
vn -0.1432 -0.9896 -0.0114
vn 0.4794 -0.8722 0.0975
vn -0.1436 -0.9896 0.0038
vn -0.1432 -0.9896 0.0114
vn -0.1040 -0.9945 0.0113
vn -0.1029 -0.9945 0.0188
vn -0.1013 -0.9945 0.0262
vn -0.0946 -0.9950 0.0335
vn 0.4685 -0.8743 0.1272
vn -0.0965 -0.9945 0.0404
vn -0.0884 -0.9950 0.0474
vn -0.0897 -0.9945 0.0540
vn -0.0856 -0.9945 0.0603
vn -0.0810 -0.9945 0.0663
vn -0.0755 -0.9950 0.0661
vn 0.4620 -0.8743 0.1489
vn -0.0760 -0.9945 0.0720
vn -0.0646 -0.9950 0.0767
vn 0.4490 -0.8743 0.1844
vn -0.0648 -0.9945 0.0822
vn -0.0587 -0.9945 0.0866
vn -0.0523 -0.9945 0.0906
vn -0.0457 -0.9950 0.0893
vn -0.0387 -0.9945 0.0972
vn -0.0317 -0.9949 0.0952
vn 0.4298 -0.8743 0.2256
vn -0.0244 -0.9945 0.1018
vn -0.0169 -0.9945 0.1033
vn -0.0095 -0.9950 0.0999
vn -0.0019 -0.9945 0.1046
vn 0.0057 -0.9950 0.1002
vn 0.0132 -0.9945 0.1038
vn 0.0206 -0.9945 0.1026
vn 0.0280 -0.9945 0.1008
vn 0.0281 -0.9950 0.0963
vn 0.4188 -0.8743 0.2454
vn 0.0422 -0.9945 0.0958
vn 0.0423 -0.9950 0.0910
vn 0.0490 -0.9945 0.0925
vn 0.0556 -0.9945 0.0887
vn 0.0618 -0.9945 0.0844
vn 0.0675 -0.9950 0.0742
vn 0.4074 -0.8722 0.2708
vn 0.0733 -0.9945 0.0746
vn 0.0779 -0.9950 0.0632
vn 0.0833 -0.9945 0.0633
vn 0.0877 -0.9945 0.0572
vn 0.0915 -0.9945 0.0507
vn 0.0902 -0.9950 0.0440
vn 0.3850 -0.8743 0.2956
vn 0.0979 -0.9945 0.0370
vn 0.0957 -0.9950 0.0299
vn 0.1003 -0.9945 0.0298
vn 0.1022 -0.9945 0.0225
vn 0.1036 -0.9945 0.0150
vn 0.1000 -0.9950 0.0076
vn 0.3707 -0.8743 0.3133
vn 0.1046 -0.9945 -0.0000
vn 0.1000 -0.9950 -0.0076
vn 0.3452 -0.8743 0.3412
vn 0.1036 -0.9945 -0.0151
vn 0.1022 -0.9945 -0.0225
vn 0.1003 -0.9945 -0.0298
vn 0.0958 -0.9950 -0.0299
vn 0.0979 -0.9945 -0.0370
vn 0.0901 -0.9950 -0.0440
vn 0.3119 -0.8743 0.3720
vn 0.0915 -0.9945 -0.0507
vn 0.0877 -0.9945 -0.0572
vn 0.0833 -0.9945 -0.0633
vn 0.0779 -0.9950 -0.0632
vn 0.0733 -0.9945 -0.0746
vn 0.0675 -0.9950 -0.0743
vn 0.0618 -0.9945 -0.0844
vn 0.0556 -0.9945 -0.0887
vn 0.0490 -0.9945 -0.0925
vn 0.0423 -0.9950 -0.0910
vn 0.2942 -0.8743 0.3862
vn 0.0422 -0.9945 -0.0958
vn 0.0281 -0.9950 -0.0963
vn 0.0280 -0.9945 -0.1008
vn 0.0207 -0.9945 -0.1026
vn 0.0132 -0.9945 -0.1038
vn 0.0057 -0.9950 -0.1002
vn 0.2693 -0.8721 0.4085
vn -0.0019 -0.9945 -0.1046
vn -0.0095 -0.9950 -0.0999
vn -0.0169 -0.9945 -0.1033
vn -0.0170 -0.9945 -0.1033
vn -0.0244 -0.9945 -0.1018
vn -0.0317 -0.9950 -0.0952
vn 0.2438 -0.8743 0.4198
vn -0.0388 -0.9945 -0.0973
vn -0.0457 -0.9950 -0.0893
vn -0.0523 -0.9945 -0.0906
vn -0.0587 -0.9945 -0.0866
vn -0.0648 -0.9945 -0.0822
vn -0.0646 -0.9950 -0.0767
vn 0.2239 -0.8743 0.4307
vn -0.0760 -0.9945 -0.0720
vn -0.0755 -0.9950 -0.0661
vn 0.1827 -0.8743 0.4497
vn -0.0810 -0.9945 -0.0663
vn -0.0856 -0.9945 -0.0603
vn -0.0897 -0.9945 -0.0540
vn -0.0884 -0.9950 -0.0474
vn -0.1324 -0.9897 -0.0554
vn -0.1827 -0.9816 -0.0558
vn -0.1848 -0.9816 -0.0485
vn -0.1881 -0.9816 -0.0338
vn -0.1892 -0.9816 -0.0263
vn -0.1901 -0.9816 -0.0189
vn -0.1910 -0.9816 -0.0038
vn -0.1901 -0.9816 0.0188
vn -0.1424 -0.9896 0.0188
vn 0.1472 -0.8743 0.4626
vn -0.1412 -0.9896 0.0265
vn -0.1396 -0.9896 0.0339
vn -0.1377 -0.9896 0.0411
vn -0.1325 -0.9896 0.0554
vn -0.1295 -0.9896 0.0623
vn -0.1259 -0.9896 0.0691
vn -0.1180 -0.9896 0.0820
vn -0.1135 -0.9896 0.0881
vn -0.1087 -0.9896 0.0939
vn 0.1253 -0.8743 0.4690
vn -0.1036 -0.9896 0.0996
vn -0.0924 -0.9896 0.1098
vn -0.0866 -0.9896 0.1146
vn -0.0802 -0.9896 0.1191
vn -0.0740 -0.9896 0.1232
vn -0.0673 -0.9896 0.1269
vn 0.0957 -0.8722 0.4798
vn -0.0537 -0.9896 0.1333
vn -0.0466 -0.9896 0.1359
vn -0.0393 -0.9896 0.1382
vn -0.0246 -0.9896 0.1416
vn -0.0171 -0.9896 0.1426
vn -0.0095 -0.9896 0.1434
vn 0.0660 -0.8743 0.4809
vn -0.0019 -0.9896 0.1437
vn 0.0132 -0.9896 0.1430
vn 0.0207 -0.9896 0.1422
vn 0.0283 -0.9897 0.1406
vn 0.0357 -0.9896 0.1391
vn 0.0430 -0.9896 0.1370
vn 0.0434 -0.8743 0.4835
vn 0.0571 -0.9896 0.1318
vn 0.0641 -0.9896 0.1286
vn -0.0019 -0.8743 0.4854
vn 0.0708 -0.9896 0.1249
vn 0.0773 -0.9896 0.1211
vn 0.0895 -0.9896 0.1124
vn 0.0954 -0.9896 0.1075
vn 0.1009 -0.9896 0.1022
vn 0.1111 -0.9896 0.0911
vn -0.0397 -0.8743 0.4838
vn 0.1158 -0.9896 0.0851
vn 0.1201 -0.9896 0.0789
vn 0.1241 -0.9896 0.0723
vn 0.1275 -0.9897 0.0654
vn 0.1340 -0.9896 0.0519
vn 0.1365 -0.9896 0.0447
vn 0.1386 -0.9896 0.0373
vn 0.1405 -0.9896 0.0301
vn 0.1429 -0.9896 0.0152
vn 0.1429 -0.9896 0.0150
vn -0.0623 -0.8743 0.4814
vn 0.1437 -0.9896 -0.0000
vn 0.1429 -0.9896 -0.0151
vn 0.1429 -0.9896 -0.0152
vn 0.1405 -0.9896 -0.0301
vn 0.1387 -0.9896 -0.0374
vn 0.1365 -0.9896 -0.0447
vn -0.0920 -0.8721 0.4805
vn 0.1340 -0.9896 -0.0519
vn 0.1276 -0.9896 -0.0657
vn 0.1241 -0.9896 -0.0723
vn 0.1201 -0.9896 -0.0789
vn 0.1158 -0.9896 -0.0851
vn 0.1111 -0.9896 -0.0911
vn -0.1290 -0.8743 0.4680
vn 0.1009 -0.9896 -0.1022
vn 0.0954 -0.9896 -0.1075
vn 0.0895 -0.9896 -0.1124
vn 0.0772 -0.9896 -0.1212
vn 0.0708 -0.9896 -0.1251
vn 0.0641 -0.9896 -0.1286
vn -0.1507 -0.8743 0.4615
vn 0.0571 -0.9896 -0.1318
vn 0.0430 -0.9896 -0.1371
vn -0.1862 -0.8743 0.4483
vn 0.0357 -0.9896 -0.1392
vn 0.0282 -0.9897 -0.1407
vn 0.0208 -0.9896 -0.1422
vn 0.0132 -0.9896 -0.1431
vn -0.0019 -0.9896 -0.1437
vn -0.0095 -0.9896 -0.1434
vn -0.2205 -0.8743 0.4324
vn -0.0170 -0.9896 -0.1427
vn -0.0246 -0.9896 -0.1416
vn -0.0393 -0.9896 -0.1382
vn -0.0465 -0.9896 -0.1359
vn -0.0537 -0.9896 -0.1333
vn -0.0674 -0.9896 -0.1269
vn -0.0740 -0.9896 -0.1232
vn -0.0803 -0.9897 -0.1189
vn -0.0866 -0.9896 -0.1146
vn -0.0925 -0.9896 -0.1099
vn -0.2405 -0.8743 0.4217
vn -0.1036 -0.9896 -0.0996
vn -0.1087 -0.9896 -0.0939
vn -0.1135 -0.9896 -0.0881
vn -0.1180 -0.9896 -0.0820
vn -0.1260 -0.9896 -0.0691
vn -0.1295 -0.9896 -0.0623
vn -0.1778 -0.9816 -0.0700
vn -0.2919 -0.9523 -0.0893
vn -0.2940 -0.9523 -0.0820
vn -0.2995 -0.9522 -0.0600
vn -0.3029 -0.9523 -0.0377
vn -0.3044 -0.9523 -0.0226
vn -0.2724 -0.8721 0.4064
vn -0.3052 -0.9523 -0.0000
vn -0.3045 -0.9522 0.0226
vn -0.1892 -0.9816 0.0264
vn -0.1881 -0.9816 0.0338
vn -0.1848 -0.9816 0.0485
vn -0.1827 -0.9816 0.0558
vn -0.2971 -0.8743 0.3839
vn -0.1778 -0.9816 0.0701
vn -0.1682 -0.9816 0.0906
vn -0.1645 -0.9816 0.0972
vn -0.1606 -0.9816 0.1036
vn -0.1518 -0.9816 0.1159
vn -0.1472 -0.9816 0.1219
vn -0.3147 -0.8743 0.3695
vn -0.1371 -0.9816 0.1331
vn -0.1262 -0.9816 0.1435
vn -0.3426 -0.8743 0.3439
vn -0.1144 -0.9816 0.1530
vn -0.1083 -0.9816 0.1574
vn -0.0956 -0.9816 0.1654
vn -0.0889 -0.9816 0.1691
vn -0.0753 -0.9816 0.1756
vn -0.0612 -0.9816 0.1810
vn -0.3732 -0.8743 0.3104
vn -0.0467 -0.9816 0.1853
vn -0.0394 -0.9816 0.1870
vn -0.0245 -0.9816 0.1894
vn -0.0170 -0.9816 0.1903
vn -0.0019 -0.9816 0.1911
vn 0.0132 -0.9816 0.1906
vn 0.0282 -0.9816 0.1890
vn 0.0356 -0.9816 0.1877
vn 0.0503 -0.9816 0.1843
vn 0.0576 -0.9816 0.1822
vn -0.3873 -0.8743 0.2926
vn 0.0718 -0.9816 0.1771
vn 0.0856 -0.9816 0.1708
vn 0.0922 -0.9816 0.1673
vn 0.1052 -0.9816 0.1595
vn 0.1174 -0.9816 0.1507
vn 0.1233 -0.9816 0.1460
vn -0.4054 -0.8721 0.2739
vn 0.1344 -0.9816 0.1358
vn 0.1447 -0.9816 0.1247
vn 0.1495 -0.9816 0.1189
vn 0.1584 -0.9816 0.1067
vn 0.1664 -0.9816 0.0938
vn 0.1700 -0.9816 0.0871
vn -0.4207 -0.8743 0.2421
vn 0.1763 -0.9816 0.0736
vn 0.1816 -0.9816 0.0594
vn 0.1838 -0.9816 0.0522
vn 0.1874 -0.9816 0.0376
vn 0.1897 -0.9816 0.0226
vn 0.1905 -0.9816 0.0150
vn -0.4316 -0.8743 0.2222
vn 0.1910 -0.9816 -0.0001
vn 0.1905 -0.9816 -0.0151
vn -0.4476 -0.8743 0.1880
vn 0.1897 -0.9816 -0.0226
vn 0.1873 -0.9816 -0.0377
vn 0.1838 -0.9816 -0.0522
vn 0.1816 -0.9816 -0.0595
vn 0.1763 -0.9816 -0.0735
vn 0.1701 -0.9815 -0.0875
vn -0.4632 -0.8743 0.1453
vn 0.1664 -0.9816 -0.0938
vn 0.1584 -0.9816 -0.1068
vn 0.1495 -0.9816 -0.1189
vn 0.1447 -0.9816 -0.1247
vn 0.1344 -0.9816 -0.1358
vn 0.1234 -0.9816 -0.1460
vn 0.1175 -0.9816 -0.1507
vn 0.1051 -0.9816 -0.1596
vn 0.0988 -0.9816 -0.1636
vn 0.0856 -0.9816 -0.1708
vn -0.4694 -0.8743 0.1235
vn 0.0718 -0.9816 -0.1771
vn 0.0575 -0.9816 -0.1822
vn 0.0499 -0.9816 -0.1844
vn 0.0358 -0.9816 -0.1877
vn 0.0282 -0.9816 -0.1890
vn 0.0132 -0.9816 -0.1906
vn -0.4802 -0.8721 0.0939
vn -0.0019 -0.9816 -0.1911
vn -0.0169 -0.9816 -0.1902
vn -0.0246 -0.9816 -0.1895
vn -0.0393 -0.9816 -0.1870
vn -0.0467 -0.9816 -0.1853
vn -0.0612 -0.9816 -0.1810
vn -0.4812 -0.8743 0.0641
vn -0.0753 -0.9816 -0.1756
vn -0.0890 -0.9816 -0.1691
vn -0.6772 -0.7336 0.0566
vn -0.0955 -0.9816 -0.1655
vn -0.1083 -0.9816 -0.1574
vn -0.1144 -0.9816 -0.1530
vn -0.1262 -0.9816 -0.1435
vn -0.1371 -0.9816 -0.1331
vn -0.1473 -0.9816 -0.1218
vn -0.6828 -0.7306 -0.0001
vn -0.1518 -0.9816 -0.1159
vn -0.1606 -0.9816 -0.1036
vn -0.1645 -0.9816 -0.0972
vn -0.1682 -0.9816 -0.0906
vn -0.2817 -0.9523 -0.1177
vn -0.4632 -0.8743 -0.1453
vn -0.4695 -0.8743 -0.1235
vn -0.4802 -0.8721 -0.0939
vn -0.4812 -0.8743 -0.0641
vn -0.4837 -0.8743 -0.0416
vn -0.4854 -0.8743 0.0038
vn -0.4836 -0.8743 0.0416
vn -0.3029 -0.9523 0.0377
vn -0.6772 -0.7336 -0.0566
vn -0.2993 -0.9523 0.0600
vn -0.2941 -0.9523 0.0820
vn -0.2919 -0.9523 0.0893
vn -0.2816 -0.9523 0.1178
vn -0.2721 -0.9523 0.1383
vn -0.2650 -0.9523 0.1515
vn -0.2532 -0.9522 0.1708
vn -0.2443 -0.9523 0.1831
vn -0.2349 -0.9523 0.1949
vn -0.6712 -0.7366 -0.0830
vn -0.2145 -0.9523 0.2172
vn -0.1978 -0.9523 0.2325
vn -0.1861 -0.9522 0.2420
vn -0.1676 -0.9523 0.2551
vn -0.1548 -0.9523 0.2631
vn -0.1416 -0.9523 0.2704
vn -0.6609 -0.7395 -0.1276
vn -0.1142 -0.9523 0.2831
vn -0.0929 -0.9523 0.2908
vn -0.0784 -0.9523 0.2950
vn -0.0563 -0.9523 0.3000
vn -0.0414 -0.9523 0.3024
vn -0.0264 -0.9523 0.3041
vn -0.6522 -0.7366 -0.1793
vn 0.0038 -0.9523 0.3053
vn 0.0264 -0.9523 0.3041
vn 0.0414 -0.9523 0.3025
vn 0.0563 -0.9523 0.3000
vn 0.0784 -0.9523 0.2950
vn 0.0929 -0.9523 0.2908
vn -0.6457 -0.7336 -0.2118
vn 0.1142 -0.9523 0.2831
vn 0.1416 -0.9523 0.2704
vn 0.1548 -0.9523 0.2631
vn 0.1676 -0.9523 0.2551
vn 0.1861 -0.9523 0.2420
vn 0.1978 -0.9523 0.2325
vn -0.4476 -0.8743 -0.1880
vn 0.2145 -0.9523 0.2172
vn 0.2349 -0.9523 0.1949
vn 0.2443 -0.9523 0.1831
vn 0.2531 -0.9523 0.1708
vn 0.2649 -0.9524 0.1511
vn 0.2722 -0.9523 0.1383
vn -0.2722 -0.9523 -0.1383
vn 0.2816 -0.9523 0.1177
vn 0.2919 -0.9523 0.0893
vn 0.2940 -0.9523 0.0820
vn 0.2993 -0.9523 0.0600
vn 0.3029 -0.9523 0.0377
vn 0.3044 -0.9523 0.0226
vn -0.2650 -0.9523 -0.1514
vn 0.3052 -0.9523 -0.0000
vn 0.3046 -0.9522 -0.0225
vn 0.3029 -0.9523 -0.0377
vn 0.2993 -0.9523 -0.0600
vn 0.2940 -0.9523 -0.0821
vn 0.2919 -0.9523 -0.0893
vn -0.2530 -0.9523 -0.1708
vn 0.2816 -0.9523 -0.1178
vn 0.2721 -0.9523 -0.1383
vn 0.2650 -0.9523 -0.1515
vn 0.2531 -0.9523 -0.1708
vn 0.2443 -0.9523 -0.1831
vn 0.2349 -0.9523 -0.1949
vn -0.2443 -0.9523 -0.1831
vn 0.2145 -0.9523 -0.2172
vn 0.1978 -0.9523 -0.2325
vn 0.1861 -0.9523 -0.2420
vn 0.1677 -0.9523 -0.2551
vn 0.1548 -0.9523 -0.2631
vn 0.1416 -0.9523 -0.2704
vn -0.2349 -0.9523 -0.1949
vn 0.1142 -0.9523 -0.2831
vn 0.0929 -0.9523 -0.2908
vn -0.2145 -0.9523 -0.2172
vn 0.0784 -0.9523 -0.2950
vn 0.0563 -0.9523 -0.3000
vn 0.0414 -0.9523 -0.3025
vn 0.0264 -0.9523 -0.3041
vn -0.0038 -0.9523 -0.3053
vn -0.0264 -0.9523 -0.3041
vn -0.1978 -0.9523 -0.2325
vn -0.0414 -0.9523 -0.3024
vn -0.0563 -0.9523 -0.3000
vn -0.0784 -0.9523 -0.2950
vn -0.0929 -0.9523 -0.2908
vn -0.1142 -0.9523 -0.2831
vn -0.1416 -0.9523 -0.2704
vn -0.1548 -0.9523 -0.2631
vn -0.1676 -0.9523 -0.2551
vn -0.1860 -0.9523 -0.2420
vt 0.496000 0.526084
vt 0.499614 0.540877
vt 0.495484 0.528146
vt 0.494107 0.836030
vt 0.494107 0.841858
vt 0.527322 0.846341
vt 0.496861 0.541146
vt 0.466916 0.851631
vt 0.506670 0.572795
vt 0.461065 0.846341
vt 0.514415 0.572168
vt 0.414943 0.875390
vt 0.502368 0.540877
vt 0.497549 0.528056
vt 0.410124 0.869562
vt 0.494107 0.519449
vt 0.494107 0.526084
vt 0.354020 0.886597
vt 0.494107 0.540967
vt 0.494107 0.573244
vt 0.356430 0.880321
vt 0.499786 0.573154
vt 0.516996 0.623004
vt 0.306005 0.864183
vt 0.533173 0.621659
vt 0.549350 0.619686
vt 0.314610 0.859700
vt 0.521815 0.571271
vt 0.504949 0.540339
vt 0.497549 0.525904
vt 0.499442 0.527787
vt 0.499098 0.525635
vt 0.507703 0.540070
vt 0.510112 0.539353
vt 0.275372 0.831727
vt 0.528527 0.570195
vt 0.284665 0.828051
vt 0.562258 0.617624
vt 0.257302 0.817292
vt 0.261604 0.811912
vt 0.224948 0.820878
vt 0.223399 0.814871
vt 0.159379 0.832534
vt 0.159206 0.826168
vt 0.095014 0.830740
vt 0.101726 0.825451
vt 0.533689 0.569119
vt 0.066962 0.800346
vt 0.512694 0.538994
vt 0.501679 0.527249
vt 0.514931 0.538098
vt 0.500819 0.525187
vt 0.517512 0.537560
vt 0.503573 0.526711
vt 0.519405 0.536574
vt 0.502024 0.524739
vt 0.521815 0.535767
vt 0.505294 0.526084
vt 0.503228 0.524111
vt 0.078321 0.798015
vt 0.062660 0.764394
vt 0.073846 0.762780
vt 0.056465 0.747448
vt 0.064381 0.743324
vt 0.023938 0.744221
vt 0.027036 0.738393
vt -0.045073 0.741979
vt 0.523536 0.534691
vt 0.563118 0.559436
vt 0.557783 0.561767
vt 0.551588 0.564188
vt 0.545048 0.566250
vt 0.538852 0.567954
vt 0.571035 0.615921
vt 0.597538 0.666488
vt 0.577918 0.669626
vt 0.552792 0.672764
vt 0.527150 0.674826
vt 0.503400 0.623721
vt 0.506670 0.675902
vt -0.040598 0.736062
vt 0.494107 0.676260
vt -0.103241 0.727365
vt 0.494107 0.623900
vt -0.093260 0.723868
vt -0.106856 0.693833
vt -0.094637 0.693923
vt -0.084483 0.659674
vt -0.072952 0.660480
vt -0.077599 0.642818
vt -0.067273 0.640576
vt -0.105307 0.633404
vt 0.534722 0.712930
vt 0.567076 0.710241
vt 0.598914 0.706296
vt 0.623524 0.702440
vt 0.609412 0.664336
vt 0.579295 0.613948
vt 0.591342 0.610631
vt 0.605454 0.606148
vt 0.618705 0.601037
vt 0.629203 0.596555
vt 0.567248 0.557464
vt 0.525601 0.533794
vt 0.507015 0.525187
vt 0.527150 0.532539
vt 0.504433 0.523484
vt 0.529043 0.531553
vt 0.508219 0.524290
vt 0.530075 0.530208
vt 0.505294 0.522856
vt 0.531796 0.529042
vt 0.509252 0.523304
vt 0.506154 0.521959
vt -0.098251 0.628562
vt -0.167606 0.617445
vt -0.159001 0.612962
vt -0.210630 0.592430
vt -0.198583 0.591175
vt -0.189118 0.560691
vt -0.177932 0.563202
vt -0.143512 0.533615
vt 0.532485 0.527697
vt 0.587384 0.542670
vt 0.584114 0.545898
vt 0.580156 0.549305
vt 0.575509 0.552533
vt 0.571035 0.555312
vt 0.636087 0.593327
vt 0.697870 0.634659
vt 0.681865 0.641473
vt 0.660869 0.649363
vt 0.638841 0.656446
vt 0.620771 0.661556
vt 0.637636 0.699840
vt 0.644520 0.731400
vt 0.615952 0.735793
vt 0.578607 0.740455
vt 0.540745 0.743593
vt 0.509080 0.714275
vt 0.510973 0.745207
vt -0.133358 0.536663
vt 0.494107 0.745655
vt -0.124754 0.519449
vt 0.494107 0.714723
vt -0.113567 0.519449
vt -0.143512 0.505193
vt -0.133358 0.502145
vt -0.189118 0.478117
vt -0.177932 0.475606
vt -0.210630 0.446378
vt -0.198583 0.447633
vt -0.167606 0.421363
vt 0.546941 0.775511
vt 0.590654 0.771925
vt 0.633506 0.766546
vt 0.666204 0.761435
vt 0.660353 0.728441
vt 0.651060 0.696523
vt 0.673777 0.690157
vt 0.701656 0.681191
vt 0.728159 0.671150
vt 0.748122 0.662722
vt 0.707163 0.630356
vt 0.642283 0.589741
vt 0.650888 0.584271
vt 0.660697 0.577368
vt 0.669302 0.570016
vt 0.675670 0.563740
vt 0.589621 0.539981
vt 0.533862 0.526442
vt 0.510284 0.522139
vt 0.534378 0.525008
vt 0.506670 0.521152
vt 0.535411 0.523663
vt 0.510801 0.521152
vt 0.535411 0.522228
vt 0.507015 0.520346
vt 0.535927 0.520794
vt 0.510973 0.520077
vt 0.507015 0.519449
vt -0.159001 0.425846
vt -0.105307 0.405404
vt -0.098251 0.410246
vt -0.077599 0.395990
vt -0.067273 0.398232
vt -0.084483 0.379135
vt -0.072952 0.378328
vt -0.106856 0.344975
vt 0.535583 0.519449
vt 0.597365 0.522318
vt 0.596677 0.525904
vt 0.595472 0.529939
vt 0.593751 0.533794
vt 0.591686 0.537291
vt 0.679456 0.559436
vt 0.767053 0.585347
vt 0.757244 0.594761
vt 0.743648 0.606238
vt 0.728503 0.617176
vt 0.715424 0.625514
vt 0.759309 0.657522
vt 0.788737 0.685226
vt 0.765504 0.695088
vt 0.734527 0.706834
vt 0.701828 0.717234
vt 0.675670 0.724675
vt 0.684102 0.758207
vt 0.686684 0.789857
vt 0.650199 0.795505
vt 0.601840 0.801512
vt 0.552964 0.805547
vt 0.513038 0.777304
vt 0.514931 0.807609
vt -0.094637 0.344885
vt 0.494107 0.808326
vt -0.103241 0.311443
vt 0.494107 0.777932
vt -0.093260 0.314940
vt -0.045073 0.296829
vt -0.040598 0.302746
vt 0.023938 0.294587
vt 0.027036 0.300415
vt 0.056465 0.291360
vt 0.064381 0.295484
vt 0.062660 0.274414
vt 0.557611 0.829306
vt 0.610789 0.824913
vt 0.663279 0.818368
vt 0.702861 0.812271
vt 0.706475 0.786270
vt 0.701140 0.753904
vt 0.731085 0.745476
vt 0.768774 0.733462
vt 0.804398 0.719924
vt 0.830901 0.708716
vt 0.801300 0.679398
vt 0.769290 0.651694
vt 0.785467 0.641294
vt 0.804742 0.627486
vt 0.821952 0.612962
vt 0.834171 0.601127
vt 0.772388 0.579430
vt 0.682726 0.554864
vt 0.686684 0.548139
vt 0.690470 0.539712
vt 0.693051 0.531284
vt 0.694428 0.524201
vt 0.597538 0.519449
vt 0.535927 0.518014
vt 0.510973 0.518732
vt 0.535411 0.516580
vt 0.507015 0.518463
vt 0.535411 0.515145
vt 0.510801 0.517656
vt 0.534378 0.513801
vt 0.506670 0.517656
vt 0.533862 0.512366
vt 0.510284 0.516670
vt 0.506154 0.516849
vt 0.073846 0.276028
vt 0.066962 0.238462
vt 0.078321 0.240793
vt 0.095014 0.208157
vt 0.101726 0.213358
vt 0.159379 0.206275
vt 0.159206 0.212640
vt 0.224948 0.217930
vt 0.532485 0.511111
vt 0.591686 0.501517
vt 0.593751 0.505014
vt 0.595472 0.508869
vt 0.596677 0.512904
vt 0.597365 0.516490
vt 0.694772 0.519449
vt 0.794589 0.525904
vt 0.792523 0.536574
vt 0.788565 0.549933
vt 0.782542 0.563023
vt 0.776518 0.573244
vt 0.840539 0.594134
vt 0.888209 0.613948
vt 0.873925 0.627576
vt 0.853962 0.644611
vt 0.831417 0.660749
vt 0.812487 0.672853
vt 0.845013 0.702171
vt 0.870655 0.730862
vt 0.841055 0.743414
vt 0.800956 0.758566
vt 0.758620 0.772104
vt 0.725061 0.781518
vt 0.724029 0.808505
vt 0.716112 0.830382
vt 0.673949 0.836927
vt 0.618017 0.843920
vt 0.561397 0.848582
vt 0.516480 0.831547
vt 0.517685 0.851003
vt 0.223399 0.223937
vt 0.494107 0.851720
vt 0.257302 0.221516
vt 0.494107 0.832265
vt 0.261604 0.226896
vt 0.275372 0.207082
vt 0.284665 0.210757
vt 0.306005 0.174625
vt 0.314610 0.179108
vt 0.354020 0.152211
vt 0.356430 0.158487
vt 0.414943 0.163418
vt 0.564839 0.865438
vt 0.624557 0.860776
vt 0.683070 0.853155
vt 0.727127 0.845803
vt 0.738313 0.826437
vt 0.743992 0.803395
vt 0.780477 0.793084
vt 0.826427 0.778380
vt 0.869967 0.761883
vt 0.902149 0.748345
vt 0.886316 0.723689
vt 0.857576 0.694819
vt 0.879088 0.681012
vt 0.905075 0.662453
vt 0.928136 0.642818
vt 0.944313 0.627217
vt 0.895437 0.605969
vt 0.845529 0.586782
vt 0.852929 0.573961
vt 0.860502 0.557374
vt 0.865665 0.540519
vt 0.868246 0.527160
vt 0.795277 0.519449
vt 0.694428 0.514607
vt 0.693051 0.507524
vt 0.690470 0.499097
vt 0.686684 0.490669
vt 0.682726 0.483944
vt 0.589621 0.498828
vt 0.531796 0.509766
vt 0.509252 0.515504
vt 0.530075 0.508600
vt 0.505294 0.516042
vt 0.529043 0.507255
vt 0.508219 0.514518
vt 0.527150 0.506269
vt 0.504433 0.515325
vt 0.525601 0.505014
vt 0.507015 0.513621
vt 0.503228 0.514697
vt 0.410124 0.169246
vt 0.466916 0.187178
vt 0.461065 0.192467
vt 0.494107 0.196950
vt 0.494107 0.202778
vt 0.521471 0.187178
vt 0.527322 0.192467
vt 0.573444 0.163418
vt 0.523536 0.504117
vt 0.571035 0.483496
vt 0.575509 0.486276
vt 0.580156 0.489503
vt 0.584114 0.492910
vt 0.587384 0.496138
vt 0.679456 0.479372
vt 0.776518 0.465565
vt 0.782542 0.475786
vt 0.788565 0.488876
vt 0.792523 0.502235
vt 0.794589 0.512904
vt 0.869107 0.519449
vt 0.927620 0.528146
vt 0.924522 0.543657
vt 0.918498 0.563381
vt 0.909549 0.582837
vt 0.901117 0.597720
vt 0.952574 0.618341
vt 0.997319 0.639680
vt 0.979249 0.657163
vt 0.953262 0.679219
vt 0.924178 0.700109
vt 0.900084 0.715530
vt 0.918843 0.740635
vt 0.927620 0.762511
vt 0.893372 0.776946
vt 0.847078 0.794519
vt 0.798030 0.810119
vt 0.759481 0.821057
vt 0.750188 0.841410
vt 0.731429 0.852707
vt 0.688233 0.864003
vt 0.629548 0.874045
vt 0.567937 0.876466
vt 0.518717 0.867410
vt 0.519750 0.874673
vt 0.578263 0.169246
vt 0.494107 0.873686
vt 0.634366 0.152211
vt 0.494107 0.867948
vt 0.631957 0.158487
vt 0.682381 0.174625
vt 0.673777 0.179108
vt 0.713015 0.207082
vt 0.703721 0.210757
vt 0.731085 0.221516
vt 0.726782 0.226896
vt 0.763439 0.217930
vt 0.570862 0.878528
vt 0.632645 0.881935
vt 0.687200 0.866514
vt 0.725406 0.846251
vt 0.754490 0.846789
vt 0.772560 0.836030
vt 0.813691 0.825002
vt 0.865320 0.808864
vt 0.913852 0.790126
vt 0.949132 0.774525
vt 0.945346 0.754442
vt 0.933643 0.731938
vt 0.959630 0.715172
vt 0.991295 0.692488
vt 1.019519 0.668550
vt 1.039310 0.649542
vt 1.006440 0.629997
vt 0.958769 0.609017
vt 0.968579 0.591982
vt 0.978904 0.569657
vt 0.985788 0.546884
vt 0.989230 0.529222
vt 0.928480 0.519449
vt 0.868246 0.511649
vt 0.865665 0.498290
vt 0.860502 0.481434
vt 0.852929 0.464847
vt 0.845529 0.452026
vt 0.772388 0.459378
vt 0.675670 0.475068
vt 0.669302 0.468792
vt 0.660697 0.461440
vt 0.650888 0.454537
vt 0.642283 0.449068
vt 0.567248 0.481344
vt 0.521815 0.503042
vt 0.505294 0.512725
vt 0.519405 0.502235
vt 0.502024 0.514069
vt 0.517512 0.501248
vt 0.503573 0.512097
vt 0.514931 0.500710
vt 0.500819 0.513621
vt 0.512694 0.499814
vt 0.501679 0.511559
vt 0.499098 0.513173
vt 0.764988 0.223937
vt 0.829008 0.206275
vt 0.829180 0.212640
vt 0.893372 0.208157
vt 0.886660 0.213358
vt 0.921424 0.238462
vt 0.910066 0.240793
vt 0.925726 0.274414
vt 0.510112 0.499455
vt 0.538852 0.470854
vt 0.545048 0.472558
vt 0.551588 0.474620
vt 0.557783 0.477041
vt 0.563118 0.479372
vt 0.636087 0.445481
vt 0.715424 0.413294
vt 0.728503 0.421632
vt 0.743648 0.432571
vt 0.757244 0.444047
vt 0.767053 0.453461
vt 0.840539 0.444674
vt 0.901117 0.441088
vt 0.909549 0.455971
vt 0.918498 0.475427
vt 0.924522 0.495152
vt 0.927620 0.510662
vt 0.990435 0.519449
vt 1.047399 0.530208
vt 1.043441 0.550022
vt 1.035697 0.575485
vt 1.024166 0.600679
vt 1.013324 0.619686
vt 1.049120 0.639142
vt 1.073214 0.657611
vt 1.052218 0.677695
vt 1.022273 0.703247
vt 0.988542 0.727365
vt 0.960834 0.745207
vt 0.967374 0.765918
vt 0.958253 0.779994
vt 0.926587 0.799091
vt 0.879777 0.820071
vt 0.824706 0.834506
vt 0.778756 0.842486
vt 0.746401 0.836658
vt 0.713015 0.831727
vt 0.682381 0.864183
vt 0.634366 0.886597
vt 0.914540 0.276028
vt 0.931922 0.291360
vt 0.924006 0.295484
vt 0.964448 0.294587
vt 0.731085 0.817292
vt 0.961351 0.300415
vt 1.033459 0.296829
vt 1.028985 0.302746
vt 1.091800 0.311443
vt 1.081646 0.314940
vt 0.573444 0.875390
vt 0.520610 0.867410
vt 0.521471 0.851631
vt 1.095242 0.344975
vt 1.083023 0.344885
vt 0.494107 0.862748
vt 1.072869 0.379135
vt 1.061339 0.378328
vt 0.467776 0.867410
vt 0.417524 0.878528
vt 0.355741 0.881935
vt 1.065986 0.395990
vt 1.055660 0.398232
vt 1.093693 0.405404
vt 1.086637 0.410246
vt 1.155992 0.421363
vt 1.147387 0.425846
vt 1.199017 0.446378
vt 1.186970 0.447633
vt 1.177504 0.478117
vt 1.166318 0.475606
vt 1.131899 0.505193
vt 1.121745 0.502145
vt 0.468637 0.874673
vt 1.113140 0.519449
vt 0.420450 0.876466
vt 0.358839 0.874045
vt 1.101954 0.519449
vt 1.131899 0.533615
vt 1.121745 0.536663
vt 1.177504 0.560691
vt 0.469669 0.867410
vt 0.470702 0.851003
vt 0.471907 0.831547
vt 0.473456 0.807609
vt 0.475349 0.777304
vt 0.477414 0.745207
vt 0.479307 0.714275
vt 0.481716 0.675902
vt 0.484986 0.623721
vt 0.488600 0.573154
vt 0.491526 0.541146
vt 0.492903 0.528146
vt 0.492386 0.526084
vt 0.490837 0.528056
vt 0.488772 0.540877
vt 1.166318 0.563202
vt 0.486019 0.540877
vt 0.490837 0.525904
vt 0.483437 0.540339
vt 0.488944 0.527787
vt 1.199017 0.592430
vt 0.480684 0.540070
vt 1.186970 0.591175
vt 0.466572 0.571271
vt 1.155992 0.617445
vt 0.473972 0.572168
vt 0.481716 0.572795
vt 1.147387 0.612962
vt 1.093693 0.633404
vt 1.086637 0.628562
vt 1.065986 0.642818
vt 1.055660 0.640576
vt 1.072869 0.659674
vt 1.061339 0.660480
vt 1.095242 0.693833
vt 1.083023 0.693923
vt 0.471390 0.623004
vt 0.461237 0.674826
vt 0.453664 0.712930
vt 1.091628 0.727365
vt 1.081646 0.723868
vt 1.033459 0.741979
vt 1.028985 0.736062
vt 0.455213 0.621659
vt 0.439036 0.619686
vt 0.964448 0.744221
vt 0.459860 0.570195
vt 0.454697 0.569119
vt 0.961351 0.738393
vt 0.478274 0.539353
vt 0.489289 0.525635
vt 0.931922 0.747448
vt 0.486707 0.527249
vt 0.475693 0.538994
vt 0.487568 0.525187
vt 0.473456 0.538098
vt 0.924006 0.743324
vt 0.484814 0.526711
vt 0.925726 0.764394
vt 0.914540 0.762780
vt 0.921424 0.800346
vt 0.910066 0.798015
vt 0.893372 0.830740
vt 0.435594 0.672764
vt 0.886660 0.825451
vt 0.829008 0.832534
vt 0.829180 0.826168
vt 0.763439 0.820878
vt 0.764988 0.814871
vt 0.726782 0.811912
vt 0.703721 0.828051
vt 0.673777 0.859700
vt 0.470874 0.537560
vt 0.486363 0.524739
vt 0.631957 0.880321
vt 0.483093 0.526084
vt 0.468981 0.536574
vt 0.466572 0.535767
vt 0.430603 0.561767
vt 0.578263 0.869562
vt 0.436799 0.564188
vt 0.443339 0.566250
vt 0.449534 0.567954
vt 0.409091 0.613948
vt 0.397045 0.610631
vt 0.382933 0.606148
vt 0.369681 0.601037
vt 0.358151 0.875659
vt 0.425268 0.559436
vt 0.421138 0.557464
vt 0.414426 0.872431
vt 0.464851 0.534691
vt 0.485158 0.524111
vt 0.481372 0.525187
vt 0.483954 0.523484
vt 0.462786 0.533794
vt 0.461237 0.532539
vt 0.480167 0.524290
vt 0.459344 0.531553
vt 0.483093 0.522856
vt 0.458311 0.530208
vt 0.479135 0.523304
vt 0.308587 0.861493
vt 0.305145 0.858355
vt 0.262809 0.847148
vt 0.456590 0.529042
vt 0.271242 0.841768
vt 0.404273 0.545898
vt 0.494107 0.856741
vt 0.408231 0.549305
vt 0.412877 0.552533
vt 0.417352 0.555312
vt 0.463302 0.861672
vt 0.419933 0.870190
vt 0.361076 0.868038
vt 0.246460 0.831099
vt 0.238543 0.840872
vt 0.346104 0.589741
vt 0.337499 0.584271
vt 0.327689 0.577368
vt 0.319085 0.570016
vt 0.161100 0.829665
vt 0.214277 0.829485
vt 0.401003 0.542670
vt 0.398765 0.539981
vt 0.455902 0.527697
vt 0.482233 0.521959
vt 0.478102 0.522139
vt 0.481716 0.521152
vt 0.454525 0.526442
vt 0.106889 0.821416
vt 0.454009 0.525008
vt 0.477586 0.521152
vt 0.452976 0.523663
vt 0.481372 0.520346
vt 0.452976 0.522228
vt 0.477414 0.520077
vt 0.452460 0.520794
vt 0.039599 0.776049
vt 0.071437 0.798464
vt 0.070576 0.794788
vt 0.391710 0.525904
vt 0.051474 0.772822
vt 0.392914 0.529939
vt 0.394635 0.533794
vt 0.396700 0.537291
vt 0.212901 0.836389
vt 0.167811 0.828678
vt 0.115150 0.814961
vt 0.305661 0.554864
vt 0.301703 0.548139
vt 0.297917 0.539712
vt 0.295335 0.531284
vt 0.391021 0.522318
vt 0.390849 0.519449
vt 0.452804 0.519449
vt 0.481372 0.519449
vt 0.477414 0.518732
vt 0.481372 0.518463
vt 0.452460 0.518014
vt 0.452976 0.516580
vt 0.477586 0.517656
vt 0.452976 0.515145
vt 0.481716 0.517656
vt 0.454009 0.513801
vt 0.478102 0.516670
vt 0.454525 0.512366
vt 0.394635 0.505014
vt 0.036329 0.757938
vt 0.392914 0.508869
vt 0.391710 0.512904
vt 0.391021 0.516490
vt 0.021873 0.765470
vt -0.041459 0.739648
vt 0.007761 0.750049
vt -0.085515 0.721179
vt -0.114256 0.665950
vt -0.101348 0.692937
vt -0.099455 0.689440
vt -0.101004 0.665232
vt 0.293958 0.514607
vt 0.295335 0.507524
vt 0.297917 0.499097
vt 0.301703 0.490669
vt 0.396700 0.501517
vt 0.398765 0.498828
vt 0.001566 0.756235
vt 0.455902 0.511111
vt 0.482233 0.516849
vt 0.479135 0.515504
vt 0.483093 0.516042
vt 0.456590 0.509766
vt -0.034403 0.740097
vt 0.458311 0.508600
vt 0.480167 0.514518
vt 0.459344 0.507255
vt 0.483954 0.515325
vt 0.461237 0.506269
vt 0.481372 0.513621
vt 0.462786 0.505014
vt -0.073124 0.716875
vt 0.412877 0.486276
vt 0.408231 0.489503
vt 0.404273 0.492910
vt 0.401003 0.496138
vt -0.104102 0.648466
vt -0.122861 0.652591
vt 0.312717 0.475068
vt 0.319085 0.468792
vt 0.327689 0.461440
vt 0.337499 0.454537
vt -0.162443 0.616100
vt -0.124582 0.635556
vt 0.417352 0.483496
vt 0.421138 0.481344
vt 0.464851 0.504117
vt 0.485158 0.514697
vt 0.483093 0.512725
vt 0.486363 0.514069
vt 0.466572 0.503042
vt -0.189634 0.590279
vt 0.468981 0.502235
vt 0.484814 0.512097
vt 0.470874 0.501248
vt 0.487568 0.513621
vt 0.473456 0.500710
vt 0.486707 0.511559
vt 0.475693 0.499814
vt -0.175522 0.533436
vt -0.183439 0.560960
vt -0.179136 0.558091
vt 0.443339 0.472558
vt -0.162787 0.535498
vt 0.436799 0.474620
vt 0.430603 0.477041
vt 0.425268 0.479372
vt -0.134907 0.639949
vt -0.156419 0.617893
vt -0.175006 0.588754
vt 0.359183 0.442254
vt 0.369681 0.437771
vt 0.382933 0.432660
vt 0.397045 0.428177
vt 0.449534 0.470854
vt 0.454697 0.469689
vt 0.478274 0.499455
vt 0.489289 0.513173
vt 0.488944 0.511021
vt 0.490837 0.512904
vt 0.480684 0.498738
vt 0.483437 0.498469
vt 0.490837 0.510752
vt 0.486019 0.497931
vt 0.492386 0.512725
vt 0.488772 0.497931
vt 0.492903 0.510662
vt 0.494107 0.512725
vt -0.153322 0.519449
vt 0.494107 0.497841
vt 0.491526 0.497662
vt 0.481716 0.466013
vt -0.173629 0.519449
vt 0.473972 0.466641
vt 0.466572 0.467537
vt 0.459860 0.468613
vt -0.183439 0.477848
vt -0.162787 0.503311
vt -0.189634 0.448530
vt -0.134907 0.398859
vt -0.162443 0.422708
vt -0.156419 0.420915
vt -0.124582 0.403253
vt 0.426129 0.421184
vt 0.439036 0.419122
vt 0.455213 0.417150
vt 0.471390 0.415805
vt -0.175522 0.505373
vt 0.488600 0.465654
vt 0.494107 0.465565
vt 0.499786 0.465654
vt 0.496861 0.497662
vt 0.499614 0.497931
vt 0.496000 0.512725
vt 0.497549 0.510752
vt -0.179136 0.480717
vt 0.497549 0.512904
vt 0.502368 0.497931
vt 0.506670 0.466013
vt 0.503400 0.415087
vt 0.494107 0.414908
vt 0.484986 0.415087
vt 0.461237 0.363982
vt -0.175006 0.450054
vt 0.435594 0.366045
vt 0.410468 0.369183
vt 0.390849 0.372321
vt 0.417352 0.422888
vt 0.409091 0.424860
vt 0.495484 0.510662
vt -0.104102 0.390342
vt 0.378974 0.374472
vt -0.122861 0.386218
vt 0.364862 0.336368
vt 0.389472 0.332513
vt 0.421310 0.328568
vt 0.453664 0.325878
vt -0.101348 0.345872
vt -0.101004 0.373576
vt 0.481716 0.362907
vt 0.494107 0.362548
vt 0.506670 0.362907
vt 0.516996 0.415805
vt 0.514415 0.466641
vt 0.504949 0.498469
vt 0.499442 0.511021
vt -0.085515 0.317629
vt 0.507703 0.498738
vt 0.521815 0.467537
vt 0.533173 0.417150
vt 0.527150 0.363982
vt 0.509080 0.324533
vt 0.494107 0.324085
vt 0.479307 0.324533
vt 0.447641 0.295215
vt 0.001566 0.282573
vt -0.041459 0.299160
vt -0.034403 0.298712
vt 0.409780 0.298353
vt 0.372435 0.303015
vt 0.343867 0.307408
vt 0.350750 0.338968
vt 0.367616 0.377252
vt 0.349546 0.382362
vt 0.327517 0.389445
vt 0.306521 0.397335
vt 0.290516 0.404149
vt 0.352299 0.445481
vt 0.007761 0.288760
vt 0.346104 0.449068
vt -0.114256 0.372859
vt 0.281223 0.408453
vt -0.099455 0.349368
vt 0.240264 0.376086
vt 0.260227 0.367658
vt 0.286730 0.357617
vt 0.314610 0.348651
vt 0.337327 0.342285
vt 0.328034 0.310367
vt 0.322182 0.277373
vt 0.354881 0.272263
vt 0.397733 0.266883
vt 0.441446 0.263297
vt 0.477414 0.293601
vt 0.494107 0.293153
vt 0.510973 0.293601
vt 0.534722 0.325878
vt 0.552792 0.366045
vt 0.549350 0.419122
vt 0.528527 0.468613
vt 0.533689 0.469689
vt -0.073124 0.321933
vt 0.579295 0.424860
vt 0.591342 0.428177
vt 0.605454 0.432660
vt 0.618705 0.437771
vt 0.629203 0.442254
vt 0.707163 0.408453
vt 0.769290 0.387114
vt 0.785467 0.397514
vt 0.804742 0.411322
vt 0.821952 0.425846
vt 0.834171 0.437681
vt 0.895437 0.432840
vt 0.958769 0.429791
vt 0.968579 0.446826
vt 0.978904 0.469151
vt 0.985788 0.491924
vt 0.989230 0.509587
vt 1.048776 0.519449
vt 1.093349 0.531015
vt 1.089047 0.552443
vt 1.080614 0.580147
vt 1.068051 0.607493
vt 1.056348 0.628114
vt 1.083539 0.646584
vt 1.101954 0.664425
vt 1.080786 0.685854
vt 1.049808 0.712751
vt 1.013840 0.738034
vt 0.983895 0.756414
vt 0.975118 0.769953
vt 0.947927 0.775242
vt 0.927447 0.801602
vt 0.888381 0.826706
vt 0.828836 0.835941
vt 0.774281 0.835672
vt 0.960318 0.762242
vt 0.994393 0.761166
vt 1.031050 0.744669
vt 1.071321 0.720282
vt 1.099028 0.691592
vt 1.114345 0.667653
vt 1.112280 0.652770
vt 1.091112 0.635018
vt 1.103675 0.613052
vt 1.117098 0.583913
vt 1.126047 0.554415
vt 1.130694 0.531642
vt 1.094726 0.519449
vt 1.047399 0.508600
vt 1.043441 0.488786
vt 1.035697 0.463323
vt 1.024166 0.438129
vt 1.013324 0.419122
vt 0.952574 0.420467
vt 0.888209 0.424860
vt 0.873925 0.411232
vt 0.853962 0.394197
vt 0.831417 0.378059
vt 0.812487 0.365955
vt 0.759309 0.381286
vt 0.697870 0.404149
vt 0.681865 0.397335
vt 0.660869 0.389445
vt 0.638841 0.382362
vt 0.620771 0.377252
vt 0.571035 0.422888
vt 0.562258 0.421184
vt 0.577918 0.369183
vt 0.567076 0.328568
vt 0.540745 0.295215
vt 0.513038 0.261504
vt 0.494107 0.260876
vt 0.475349 0.261504
vt 0.435422 0.233262
vt 0.036329 0.280870
vt 0.386547 0.237296
vt 0.338187 0.243303
vt 0.301703 0.248952
vt 0.304284 0.280601
vt 0.312717 0.314133
vt 0.286558 0.321574
vt 0.253860 0.331975
vt 0.222882 0.343720
vt 0.199649 0.353582
vt 0.229078 0.381286
vt 0.272963 0.413294
vt 0.259883 0.421632
vt 0.244739 0.432571
vt 0.231143 0.444047
vt 0.221333 0.453461
vt 0.308931 0.479372
vt 0.305661 0.483944
vt 0.021873 0.273339
vt 0.071437 0.240345
vt 0.051474 0.265987
vt 0.106889 0.217392
vt 0.212901 0.202419
vt 0.161100 0.209144
vt 0.167811 0.210130
vt 0.214277 0.209323
vt 0.215998 0.459378
vt 0.154216 0.437681
vt 0.166435 0.425846
vt 0.183644 0.411322
vt 0.202919 0.397514
vt 0.219096 0.387114
vt 0.187086 0.359410
vt 0.157485 0.330092
vt 0.183988 0.318885
vt 0.219612 0.305346
vt 0.257302 0.293332
vt 0.287247 0.284904
vt 0.281912 0.252538
vt 0.285526 0.226537
vt 0.325108 0.220441
vt 0.377598 0.213895
vt 0.430776 0.209502
vt 0.473456 0.231199
vt 0.494107 0.230482
vt 0.514931 0.231199
vt 0.546941 0.263297
vt 0.578607 0.298353
vt 0.598914 0.332513
vt 0.597538 0.372321
vt 0.609412 0.374472
vt 0.651060 0.342285
vt 0.673777 0.348651
vt 0.701656 0.357617
vt 0.728159 0.367658
vt 0.748122 0.376086
vt 0.801300 0.359410
vt 0.857576 0.343989
vt 0.879088 0.357796
vt 0.905075 0.376355
vt 0.928136 0.395990
vt 0.944313 0.411591
vt 1.006440 0.408811
vt 1.056348 0.410694
vt 1.068051 0.431315
vt 1.080614 0.458661
vt 1.089047 0.486365
vt 1.093349 0.507793
vt 1.132071 0.519449
vt 1.162188 0.532180
vt 1.158402 0.556209
vt 1.149453 0.587320
vt 1.134824 0.617803
vt 1.120712 0.640756
vt 1.122605 0.655011
vt 1.101265 0.665322
vt 1.101782 0.693744
vt 1.084056 0.724765
vt 1.035869 0.745117
vt 0.985272 0.755787
vt 0.039599 0.262759
vt 0.070576 0.244020
vt 0.115150 0.223848
vt 1.103158 0.650797
vt 1.133964 0.642997
vt 1.155648 0.620493
vt 1.174923 0.589920
vt 1.179570 0.557822
vt 1.176128 0.532718
vt 1.163220 0.519449
vt 1.130694 0.507166
vt 1.126047 0.484393
vt 1.117098 0.454895
vt 1.103675 0.425757
vt 1.091112 0.403791
vt 1.049120 0.399666
vt 0.997319 0.399128
vt 0.979249 0.381645
vt 0.953262 0.359589
vt 0.924178 0.338699
vt 0.900084 0.323278
vt 0.845013 0.336637
vt 0.788737 0.353582
vt 0.765504 0.343720
vt 0.734527 0.331975
vt 0.701828 0.321574
vt 0.675670 0.314133
vt 0.637636 0.338968
vt 0.623524 0.336368
vt 0.615952 0.303015
vt 0.590654 0.266883
vt 0.552964 0.233262
vt 0.516480 0.207261
vt 0.494107 0.206544
vt 0.471907 0.207261
vt 0.426989 0.190226
vt 0.370369 0.194888
vt 0.314438 0.201881
vt 0.272274 0.208426
vt 0.264358 0.230303
vt 0.263325 0.257290
vt 0.229766 0.266704
vt 0.187430 0.280242
vt 0.147332 0.295394
vt 0.117731 0.307946
vt 0.143374 0.336637
vt 0.175900 0.365955
vt 0.156969 0.378059
vt 0.134424 0.394197
vt 0.114461 0.411232
vt 0.100177 0.424860
vt 0.147848 0.444674
vt 0.211868 0.465565
vt 0.205845 0.475786
vt 0.199821 0.488876
vt 0.195863 0.502235
vt 0.193798 0.512904
vt 0.293614 0.519449
vt 0.293958 0.524201
vt 0.246460 0.207709
vt 0.238543 0.197936
vt 0.308587 0.177315
vt 0.271242 0.197040
vt 0.358151 0.163149
vt 0.193110 0.519449
vt 0.120140 0.511649
vt 0.122722 0.498290
vt 0.127885 0.481434
vt 0.135457 0.464847
vt 0.142857 0.452026
vt 0.092949 0.432840
vt 0.044074 0.411591
vt 0.060251 0.395990
vt 0.083312 0.376355
vt 0.109298 0.357796
vt 0.130810 0.343989
vt 0.102070 0.315119
vt 0.086237 0.290463
vt 0.118419 0.276925
vt 0.161960 0.260428
vt 0.207910 0.245724
vt 0.244394 0.235413
vt 0.250074 0.212371
vt 0.261260 0.193005
vt 0.305317 0.185653
vt 0.363830 0.178032
vt 0.423547 0.173370
vt 0.470702 0.187805
vt 0.494107 0.187088
vt 0.517685 0.187805
vt 0.557611 0.209502
vt 0.601840 0.237296
vt 0.633506 0.272263
vt 0.644520 0.307408
vt 0.660353 0.310367
vt 0.467260 0.170501
vt 0.414426 0.166377
vt 0.419933 0.168618
vt 0.701140 0.284904
vt 0.731085 0.293332
vt 0.768774 0.305346
vt 0.804398 0.318885
vt 0.830901 0.330092
vt 0.886316 0.315119
vt 0.933643 0.306871
vt 0.959630 0.323637
vt 0.991295 0.346320
vt 1.019519 0.370259
vt 1.039310 0.389266
vt 1.083539 0.392225
vt 1.120712 0.398052
vt 1.134824 0.421005
vt 1.149453 0.451488
vt 1.158402 0.482600
vt 1.162188 0.506628
vt 1.174235 0.519449
vt 1.162188 0.533167
vt 1.183528 0.559347
vt 1.190068 0.591534
vt 1.160467 0.619955
vt 1.121573 0.639859
vt 0.463302 0.177136
vt 0.262809 0.191660
vt 0.305145 0.180453
vt 1.153239 0.519449
vt 1.176128 0.506090
vt 1.179570 0.480986
vt 1.174923 0.448888
vt 1.155648 0.418315
vt 1.133964 0.395811
vt 1.112280 0.386038
vt 1.073214 0.381197
vt 1.052218 0.361113
vt 1.022273 0.335561
vt 0.988542 0.311443
vt 0.960834 0.293601
vt 0.918843 0.298174
vt 0.870655 0.307946
vt 0.841055 0.295394
vt 0.800956 0.280242
vt 0.758620 0.266704
vt 0.725061 0.257290
vt 0.684102 0.280601
vt 0.361076 0.170770
vt 0.666204 0.277373
vt 0.650199 0.243303
vt 0.610789 0.213895
vt 0.561397 0.190226
vt 0.518717 0.171398
vt 0.494107 0.170860
vt 0.469669 0.171398
vt 0.420450 0.162342
vt 0.358839 0.164763
vt 0.300154 0.174805
vt 0.256958 0.186102
vt 0.238199 0.197398
vt 0.228906 0.217751
vt 0.190356 0.228689
vt 0.141308 0.244289
vt 0.095014 0.261862
vt 0.060767 0.276297
vt 0.069544 0.298174
vt 0.088302 0.323278
vt 0.064209 0.338699
vt 0.035125 0.359589
vt 0.009138 0.381645
vt -0.008932 0.399128
vt 0.035813 0.420467
vt 0.087270 0.441088
vt 0.078837 0.455971
vt 0.069888 0.475427
vt 0.063865 0.495152
vt 0.060767 0.510662
vt 0.119280 0.519449
vt 0.193798 0.525904
vt 0.195863 0.536574
vt 0.199821 0.549933
vt 0.205845 0.563023
vt 0.211868 0.573244
vt 0.308931 0.559436
vt 0.312717 0.563740
vt 0.494107 0.182067
vt 0.215998 0.579430
vt 0.142857 0.586782
vt 0.135457 0.573961
vt 0.127885 0.557374
vt 0.122722 0.540519
vt 0.120140 0.527160
vt 0.059906 0.519449
vt -0.000844 0.509587
vt 0.002598 0.491924
vt 0.009482 0.469151
vt 0.019808 0.446826
vt 0.029617 0.429791
vt -0.018053 0.408811
vt -0.050924 0.389266
vt -0.031133 0.370259
vt -0.002909 0.346320
vt 0.028757 0.323637
vt 0.054744 0.306871
vt 0.043041 0.284366
vt 0.039255 0.264283
vt 0.074535 0.248683
vt 0.123066 0.229944
vt 0.174695 0.213806
vt 0.215826 0.202778
vt 0.233897 0.192019
vt 0.262981 0.192557
vt 0.301186 0.172294
vt 0.355741 0.156873
vt 0.494107 0.171487
vt 0.417524 0.160280
vt 0.573960 0.166377
vt 0.525085 0.177136
vt 0.467776 0.171398
vt 0.630236 0.163149
vt 0.494107 0.176060
vt 0.468637 0.164135
vt 0.494107 0.165122
vt 0.519750 0.164135
vt 0.725578 0.191660
vt 0.679800 0.177315
vt 0.683242 0.180453
vt 0.717145 0.197040
vt 0.521126 0.170501
vt 0.568453 0.168618
vt 0.520610 0.171398
vt 0.627310 0.170770
vt 0.567937 0.162342
vt 0.564839 0.173370
vt 0.618017 0.194888
vt 0.663279 0.220441
vt 0.686684 0.248952
vt 0.706475 0.252538
vt 0.743992 0.235413
vt 0.780477 0.245724
vt 0.826427 0.260428
vt 0.869967 0.276925
vt 0.902149 0.290463
vt 0.945346 0.284366
vt 0.983895 0.282394
vt 1.013840 0.300774
vt 1.049808 0.326057
vt 1.080786 0.352955
vt 1.101954 0.374383
vt 1.122605 0.383797
vt 1.121573 0.398949
vt 1.160467 0.418853
vt 1.190068 0.447274
vt 1.183528 0.479462
vt 1.162188 0.505642
vt 0.741927 0.207709
vt 1.103158 0.388011
vt 1.114345 0.371155
vt 1.099028 0.347216
vt 1.071321 0.318526
vt 1.031050 0.294139
vt 0.994393 0.277642
vt 0.967374 0.272890
vt 0.927620 0.276297
vt 0.893372 0.261862
vt 0.847078 0.244289
vt 0.798030 0.228689
vt 0.759481 0.217751
vt 0.724029 0.230303
vt 0.749843 0.197936
vt 0.702861 0.226537
vt 0.673949 0.201881
vt 0.624557 0.178032
vt 0.827287 0.209144
vt 0.774109 0.209323
vt 0.629548 0.164763
vt 0.570862 0.160280
vt 0.881498 0.217392
vt 0.948788 0.262759
vt 0.916950 0.240345
vt 0.917810 0.244020
vt 0.936913 0.265987
vt 0.775486 0.202419
vt 0.820575 0.210130
vt 0.683070 0.185653
vt 0.716112 0.208426
vt 0.738313 0.212371
vt 0.873237 0.223848
vt 0.772560 0.202778
vt 0.813691 0.213806
vt 0.865320 0.229944
vt 0.913852 0.248683
vt 0.949132 0.264283
vt 0.975118 0.268856
vt 0.985272 0.283022
vt 1.035869 0.293691
vt 1.084056 0.314043
vt 1.101782 0.345065
vt 1.101265 0.373486
vt 0.960318 0.276566
vt 0.958253 0.258814
vt 0.926587 0.239717
vt 0.879777 0.218737
vt 0.824706 0.204302
vt 0.778756 0.196323
vt 0.750188 0.197398
vt 0.727127 0.193005
vt 0.688233 0.174805
vt 0.632645 0.156873
vt 0.952057 0.280870
vt 0.966513 0.273339
vt 1.029845 0.299160
vt 0.980625 0.288760
vt 1.073902 0.317629
vt 1.102642 0.372859
vt 1.089735 0.345872
vt 1.087842 0.349368
vt 1.089391 0.373576
vt 0.687200 0.172294
vt 0.725406 0.192557
vt 0.746401 0.202150
vt 0.731429 0.186102
vt 0.754490 0.192019
vt 0.986821 0.282573
vt 1.022789 0.298712
vt 0.774281 0.203137
vt 1.061511 0.321933
vt 0.828836 0.202868
vt 0.888381 0.212102
vt 0.927447 0.237207
vt 0.947927 0.263566
vt 1.092489 0.390342
vt 1.111247 0.386218
vt 1.150829 0.422708
vt 1.112968 0.403253
vt 1.178021 0.448530
vt 1.163909 0.505373
vt 1.171825 0.477848
vt 1.167523 0.480717
vt 1.151174 0.503311
vt 1.123294 0.398859
vt 1.144806 0.420915
vt 0.159551 0.835941
vt 1.163392 0.450054
vt 0.214105 0.835672
vt 0.163681 0.834506
vt 0.209631 0.842486
vt 0.174695 0.825002
vt 0.123066 0.808864
vt 0.108610 0.820071
vt 0.074535 0.790126
vt 0.061800 0.799091
vt 0.100005 0.826706
vt 1.141708 0.519449
vt 1.162016 0.519449
vt 1.171825 0.560960
vt 1.151174 0.535498
vt 0.095014 0.776946
vt 0.141308 0.794519
vt 0.190356 0.810119
vt 1.178021 0.590279
vt 0.215826 0.836030
vt 0.238199 0.841410
vt 0.233897 0.846789
vt 0.261260 0.845803
vt 0.256958 0.852707
vt 1.123294 0.639949
vt 1.150829 0.616100
vt 1.144806 0.617893
vt 0.241985 0.836658
vt 1.112968 0.635556
vt 1.163909 0.533436
vt 1.167523 0.558091
vt 1.163392 0.588754
vt 0.272274 0.830382
vt 0.250074 0.826437
vt 0.228906 0.821057
vt 0.207910 0.793084
vt 0.161960 0.778380
vt 0.118419 0.761883
vt 0.086237 0.748345
vt 0.060767 0.762511
vt 0.043041 0.754442
vt 0.021013 0.765918
vt 0.039255 0.774525
vt 1.092489 0.648466
vt 1.111247 0.652591
vt 1.089735 0.692937
vt 1.089391 0.665232
vt 0.069544 0.740635
vt 0.117731 0.730862
vt 0.147332 0.743414
vt 0.187430 0.758566
vt 1.073902 0.721179
vt 0.986821 0.756235
vt 1.029845 0.739648
vt 1.022789 0.740097
vt 0.183988 0.719924
vt 0.157485 0.708716
vt 0.102070 0.723689
vt 0.054744 0.731938
vt 0.027552 0.745207
vt 0.028757 0.715172
vt 0.980625 0.750049
vt -0.000155 0.727365
vt 0.004491 0.756414
vt 1.102642 0.665950
vt 1.087842 0.689440
vt 1.061511 0.716875
vt 0.064209 0.700109
vt 0.088302 0.715530
vt 0.143374 0.702171
vt 0.199649 0.685226
vt 0.187086 0.679398
vt 0.130810 0.694819
vt 0.109298 0.681012
vt 0.083312 0.662453
vt 0.035125 0.679219
vt 0.060251 0.642818
vt 0.009138 0.657163
vt -0.002909 0.692488
vt 0.952057 0.757938
vt 0.966513 0.765470
vt 0.916950 0.798464
vt 0.936913 0.772822
vt 0.881498 0.821416
vt 0.775486 0.836389
vt 0.827287 0.829665
vt 0.820575 0.828678
vt 0.114461 0.627576
vt 0.134424 0.644611
vt 0.156969 0.660749
vt 0.175900 0.672853
vt 0.774109 0.829485
vt 0.202919 0.641294
vt 0.183644 0.627486
vt 0.166435 0.612962
vt 0.154216 0.601127
vt 0.100177 0.613948
vt 0.092949 0.605969
vt 0.948788 0.776049
vt 0.035813 0.618341
vt 0.917810 0.794788
vt 0.044074 0.627217
vt 0.873237 0.814961
vt 0.147848 0.594134
vt 0.221333 0.585347
vt 0.231143 0.594761
vt 0.244739 0.606238
vt 0.741927 0.831099
vt 0.087270 0.597720
vt 0.078837 0.582837
vt 0.069888 0.563381
vt 0.063865 0.543657
vt 0.060767 0.528146
vt -0.002048 0.519449
vt -0.059013 0.508600
vt -0.055054 0.488786
vt -0.047310 0.463323
vt -0.035779 0.438129
vt -0.024937 0.419122
vt -0.060734 0.399666
vt -0.084827 0.381197
vt -0.063831 0.361113
vt -0.033886 0.335561
vt -0.000155 0.311443
vt 0.027552 0.293601
vt 0.021013 0.272890
vt 0.030134 0.258814
vt 0.061800 0.239717
vt 0.108610 0.218737
vt 0.163681 0.204302
vt 0.209631 0.196323
vt 0.241985 0.202150
vt 0.521126 0.868307
vt 0.525085 0.861672
vt 0.573960 0.872431
vt 0.630236 0.875659
vt 0.679800 0.861493
vt 0.029617 0.609017
vt 0.717145 0.841768
vt 0.749843 0.840872
vt 0.768086 0.830920
vt 0.808701 0.820161
vt 0.859641 0.804381
vt 0.907140 0.785912
vt 0.214105 0.203137
vt 0.941732 0.770401
vt 0.159551 0.202868
vt 0.959630 0.761883
vt 0.100005 0.212102
vt 0.060939 0.237207
vt 0.040460 0.263566
vt 0.013268 0.268856
vt 0.004491 0.282394
vt -0.025454 0.300774
vt -0.061422 0.326057
vt -0.092399 0.352955
vt -0.113567 0.374383
vt -0.095153 0.392225
vt -0.067962 0.410694
vt -0.079664 0.431315
vt -0.092227 0.458661
vt -0.100660 0.486365
vt -0.104962 0.507793
vt -0.060389 0.519449
vt -0.000844 0.529222
vt 0.002598 0.546884
vt 0.009482 0.569657
vt 0.019808 0.591982
vt 0.975979 0.752559
vt -0.024937 0.619686
vt 1.005752 0.734538
vt 1.041204 0.709792
vt 1.071493 0.683254
vt -0.035779 0.600679
vt 1.092144 0.662094
vt -0.047310 0.575485
vt -0.055054 0.550022
vt -0.059013 0.530208
vt -0.106339 0.519449
vt -0.142307 0.507166
vt -0.137661 0.484393
vt -0.128712 0.454895
vt -0.115288 0.425757
vt -0.102725 0.403791
vt -0.123893 0.386038
vt -0.125958 0.371155
vt -0.110642 0.347216
vt -0.082934 0.318526
vt -0.042663 0.294139
vt -0.006007 0.277642
vt 0.028069 0.276566
vt 1.102298 0.650618
vt 1.110559 0.638783
vt 1.124843 0.616190
vt 1.139471 0.586244
vt 0.003114 0.283022
vt 1.147904 0.555760
vt -0.047482 0.293691
vt -0.095669 0.314043
vt 1.151346 0.532001
vt -0.113395 0.345065
vt -0.112879 0.373486
vt -0.134219 0.383797
vt -0.132326 0.398052
vt -0.146438 0.421005
vt -0.161066 0.451488
vt -0.170015 0.482600
vt -0.173801 0.506628
vt -0.143684 0.519449
vt -0.104962 0.531015
vt -0.100660 0.552443
vt -0.092227 0.580147
vt -0.079664 0.607493
vt -0.067962 0.628114
vt -0.018053 0.629997
vt 1.152378 0.519449
vt -0.008932 0.639680
vt -0.031133 0.668550
vt -0.033886 0.703247
vt -0.025454 0.738034
vt -0.006007 0.761166
vt 0.013268 0.769953
vt 0.030134 0.779994
vt 0.060939 0.801602
vt 1.151346 0.506807
vt 0.040460 0.775242
vt 0.028069 0.762242
vt 1.147904 0.483048
vt 0.003114 0.755787
vt 1.139471 0.452564
vt 1.124843 0.422619
vt 1.110559 0.400025
vt 1.102298 0.388190
vt 1.092144 0.376714
vt 1.071493 0.355555
vt -0.047482 0.745117
vt 1.041204 0.329016
vt -0.042663 0.744669
vt -0.061422 0.712751
vt -0.063831 0.677695
vt -0.050924 0.649542
vt -0.060734 0.639142
vt 1.005752 0.304270
vt -0.102725 0.635018
vt -0.115288 0.613052
vt -0.128712 0.583913
vt -0.137661 0.554415
vt -0.142307 0.531642
vt -0.174834 0.519449
vt -0.187741 0.506090
vt -0.191183 0.480986
vt -0.186536 0.448888
vt -0.167262 0.418315
vt -0.145577 0.395811
vt -0.114772 0.388011
vt 0.975979 0.286249
vt 0.959630 0.276925
vt 0.941732 0.268407
vt 0.907140 0.252897
vt 0.859641 0.234427
vt 0.808701 0.218647
vt -0.133186 0.398949
vt 0.768086 0.207888
vt 0.746057 0.202599
vt -0.172080 0.418853
vt -0.201681 0.447274
vt 0.723340 0.198295
vt -0.195141 0.479462
vt -0.173801 0.505642
vt -0.185848 0.519449
vt -0.173801 0.532180
vt -0.170015 0.556209
vt -0.161066 0.587320
vt -0.146438 0.617803
vt -0.132326 0.640756
vt -0.095153 0.646584
vt -0.084827 0.657611
vt -0.092399 0.685854
vt -0.082934 0.720282
vt -0.095669 0.724765
vt 0.679972 0.190853
vt 0.622492 0.183233
vt 0.563979 0.178839
vt 0.518373 0.177046
vt 0.494107 0.176508
vt -0.110642 0.691592
vt -0.113567 0.664425
vt -0.123893 0.652770
vt -0.145577 0.642997
vt -0.167262 0.620493
vt -0.186536 0.589920
vt -0.191183 0.557822
vt -0.187741 0.532718
vt -0.164852 0.519449
vt 0.470014 0.177046
vt 0.424408 0.178839
vt 0.365895 0.183233
vt 0.308415 0.190853
vt -0.173801 0.533167
vt 0.265046 0.198295
vt -0.195141 0.559347
vt 0.242329 0.202599
vt -0.201681 0.591534
vt -0.172080 0.619955
vt -0.133186 0.639859
vt -0.134219 0.655011
vt 0.220301 0.207888
vt -0.125958 0.667653
vt -0.113395 0.693744
vt -0.112879 0.665322
vt 0.179686 0.218647
vt -0.114772 0.650797
vt 0.128745 0.234427
vt 0.081247 0.252897
vt 0.046655 0.268407
vt 0.028757 0.276925
vt 0.012408 0.286249
vt -0.017365 0.304270
vt -0.052817 0.329016
vt -0.083106 0.355555
vt -0.103758 0.376714
vt -0.113911 0.388190
vt 0.301186 0.866514
vt 0.300154 0.864003
vt -0.122172 0.400025
vt 0.262981 0.846251
vt -0.136456 0.422619
vt -0.151084 0.452564
vt -0.159517 0.483048
vt 0.305317 0.853155
vt 0.314438 0.836927
vt 0.285526 0.812271
vt 0.264358 0.808505
vt 0.244394 0.803395
vt 0.229766 0.772104
vt 0.219612 0.733462
vt 0.222882 0.695088
vt 0.240264 0.662722
vt 0.229078 0.657522
vt 0.219096 0.651694
vt 0.259883 0.617176
vt -0.162959 0.506807
vt -0.163992 0.519449
vt -0.162959 0.532001
vt 0.363830 0.860776
vt -0.159517 0.555760
vt -0.151084 0.586244
vt -0.136456 0.616190
vt 0.272963 0.625514
vt 0.352299 0.593327
vt -0.122172 0.638783
vt 0.359183 0.596555
vt -0.113911 0.650618
vt -0.103758 0.662094
vt 0.281223 0.630356
vt 0.290516 0.634659
vt -0.083106 0.683254
vt -0.052817 0.709792
vt -0.017365 0.734538
vt 0.306521 0.641473
vt 0.327517 0.649363
vt 0.349546 0.656446
vt 0.367616 0.661556
vt 0.417352 0.615921
vt 0.426129 0.617624
vt 0.410468 0.669626
vt 0.421310 0.710241
vt 0.447641 0.743593
vt 0.012408 0.752559
vt 0.441446 0.775511
vt 0.028757 0.761883
vt 0.046655 0.770401
vt 0.409780 0.740455
vt 0.389472 0.706296
vt 0.390849 0.666488
vt 0.378974 0.664336
vt 0.081247 0.785912
vt 0.337327 0.696523
vt 0.314610 0.690157
vt 0.286730 0.681191
vt 0.260227 0.671150
vt 0.128745 0.804381
vt 0.253860 0.706834
vt 0.179686 0.820161
vt 0.220301 0.830920
vt 0.286558 0.717234
vt 0.312717 0.724675
vt 0.350750 0.699840
vt 0.242329 0.836210
vt 0.364862 0.702440
vt 0.372435 0.735793
vt 0.397733 0.771925
vt 0.435422 0.805547
vt 0.430776 0.829306
vt 0.265046 0.840513
vt 0.308415 0.847955
vt 0.386547 0.801512
vt 0.354881 0.766546
vt 0.343867 0.731400
vt 0.328034 0.728441
vt 0.365895 0.855576
vt 0.287247 0.753904
vt 0.257302 0.745476
vt 0.424408 0.859969
vt 0.263325 0.781518
vt 0.467260 0.868307
vt 0.494107 0.867321
vt 0.304284 0.758207
vt 0.322182 0.761435
vt 0.338187 0.795505
vt 0.377598 0.824913
vt 0.426989 0.848582
vt 0.423547 0.865438
vt 0.370369 0.843920
vt 0.325108 0.818368
vt 0.301703 0.789857
vt 0.501507 0.527070
vt 0.512522 0.538815
vt 0.514759 0.537918
vt 0.281912 0.786270
vt 0.507531 0.539891
vt 0.509940 0.539174
vt 0.498926 0.525366
vt 0.528355 0.570016
vt 0.504777 0.540070
vt 0.521815 0.571092
vt 0.568453 0.870190
vt 0.627310 0.868038
vt 0.495828 0.525815
vt 0.495312 0.527966
vt 0.499614 0.540608
vt 0.496861 0.540967
vt 0.683242 0.858355
vt 0.494107 0.540787
vt 0.494107 0.525904
vt 0.725578 0.847148
vt 0.497377 0.527877
vt 0.502368 0.540608
vt 0.514243 0.572078
vt 0.746057 0.836210
vt 0.506670 0.572706
vt 0.499786 0.572975
vt 0.494107 0.573064
vt 0.488600 0.572975
vt 0.491526 0.540967
vt 0.488772 0.540608
vt 0.492558 0.525815
vt 0.491009 0.527877
vt 0.755695 0.817202
vt 0.493075 0.527966
vt 0.793900 0.806354
vt 0.842432 0.790932
vt 0.888381 0.773539
vt 0.922285 0.759194
vt 0.486019 0.540608
vt 0.491009 0.525725
vt 0.483609 0.540070
vt 0.488944 0.527518
vt 0.480856 0.539891
vt 0.939322 0.751304
vt 0.478446 0.539174
vt 0.489461 0.525366
vt 0.475865 0.538815
vt 0.486879 0.527070
vt 0.487912 0.525008
vt 0.484986 0.526532
vt 0.473628 0.537918
vt 0.954467 0.742428
vt 0.471046 0.537380
vt 0.486707 0.524559
vt 0.469153 0.536394
vt 0.483437 0.525904
vt 0.982002 0.724765
vt 1.015389 0.700826
vt 1.044990 0.675543
vt 1.065813 0.655639
vt 1.075795 0.644880
vt 1.083195 0.633673
vt 1.095586 0.611886
vt 0.466916 0.535677
vt 0.465195 0.534511
vt 0.485502 0.523932
vt 0.462958 0.533615
vt 0.481716 0.525008
vt 0.484298 0.523304
vt 0.480512 0.524201
vt 0.483437 0.522677
vt 0.459688 0.531463
vt 1.109010 0.583106
vt 0.458655 0.530118
vt 0.479479 0.523215
vt 0.456934 0.528953
vt 0.456246 0.527608
vt 1.117787 0.553877
vt 0.482749 0.521870
vt 1.122433 0.531284
vt 1.123810 0.519449
vt 1.122433 0.507524
vt 1.117787 0.484931
vt 0.461581 0.532449
vt 1.109010 0.455702
vt 1.095586 0.426922
vt 0.454869 0.526353
vt 0.478618 0.522139
vt 0.482060 0.521063
vt 0.477930 0.521063
vt 0.454525 0.524918
vt 1.083195 0.405135
vt 0.453492 0.523663
vt 0.481888 0.520256
vt 0.453492 0.522228
vt 0.477758 0.519987
vt 0.452804 0.520794
vt 1.075795 0.393928
vt 0.453148 0.519449
vt 0.481716 0.519449
vt 0.452804 0.518014
vt 0.477758 0.518821
vt 0.481888 0.518552
vt 1.065813 0.383169
vt 1.044990 0.363265
vt 1.015389 0.337982
vt 0.982002 0.314043
vt 0.954467 0.296381
vt 0.453492 0.516580
vt 0.477930 0.517745
vt 0.482060 0.517745
vt 0.478618 0.516670
vt 0.454525 0.513890
vt 0.939322 0.287504
vt 0.454869 0.512456
vt 0.456246 0.511200
vt 0.482749 0.516939
vt 0.456934 0.509856
vt 0.479479 0.515594
vt 0.483437 0.516132
vt 0.922285 0.279615
vt 0.888381 0.265269
vt 0.453492 0.515145
vt 0.842432 0.247876
vt 0.793900 0.232455
vt 0.755695 0.221606
vt 0.458655 0.508690
vt 0.480512 0.514607
vt 0.484298 0.515504
vt 0.481716 0.513801
vt 0.461581 0.506359
vt 0.735043 0.216406
vt 0.462958 0.505193
vt 0.465195 0.504297
vt 0.485502 0.514876
vt 0.466916 0.503131
vt 0.483437 0.512904
vt 0.486707 0.514249
vt 0.713531 0.212551
vt 0.671711 0.206095
vt 0.459688 0.507345
vt 0.616468 0.199102
vt 0.560365 0.194529
vt 0.516996 0.192109
vt 0.469153 0.502414
vt 0.484986 0.512276
vt 0.487912 0.513801
vt 0.486879 0.511738
vt 0.473628 0.500890
vt 0.494107 0.191391
vt 0.475865 0.499993
vt 0.478446 0.499635
vt 0.489461 0.513442
vt 0.480856 0.498917
vt 0.488944 0.511290
vt 0.491009 0.513083
vt 0.471390 0.192109
vt 0.428022 0.194529
vt 0.471046 0.501428
vt 0.371918 0.199102
vt 0.316675 0.206095
vt 0.274856 0.212551
vt 0.483609 0.498738
vt 0.491009 0.510931
vt 0.492558 0.512994
vt 0.493075 0.510842
vt 0.488772 0.498200
vt 0.253344 0.216406
vt 0.491526 0.497841
vt 0.494107 0.498021
vt 0.494107 0.512904
vt 0.496861 0.497841
vt 0.495312 0.510842
vt 0.495828 0.512994
vt 0.232692 0.221606
vt 0.194486 0.232455
vt 0.486019 0.498200
vt 0.145955 0.247876
vt 0.100005 0.265269
vt 0.066102 0.279615
vt 0.499614 0.498200
vt 0.497377 0.510931
vt 0.497377 0.513083
vt 0.499442 0.511290
vt 0.504777 0.498738
vt 0.049064 0.287504
vt 0.507531 0.498917
vt 0.509940 0.499635
vt 0.498926 0.513442
vt 0.512522 0.499993
vt 0.501507 0.511738
vt 0.500475 0.513801
vt 0.033920 0.296381
vt 0.006384 0.314043
vt 0.502368 0.498200
vt -0.027003 0.337982
vt -0.056603 0.363265
vt -0.077427 0.383169
vt 0.514759 0.500890
vt 0.503400 0.512276
vt 0.501679 0.514249
vt 0.504949 0.512904
vt 0.519233 0.502414
vt -0.087409 0.393928
vt 0.521471 0.503131
vt 0.523192 0.504297
vt 0.502884 0.514876
vt 0.525429 0.505193
vt 0.506670 0.513801
vt 0.504089 0.515504
vt -0.094809 0.405135
vt -0.107200 0.426922
vt 0.517340 0.501428
vt -0.120623 0.455702
vt -0.129400 0.484931
vt -0.134047 0.507524
vt 0.526806 0.506359
vt 0.507875 0.514607
vt 0.504949 0.516132
vt 0.508908 0.515594
vt 0.529731 0.508690
vt -0.135424 0.519449
vt 0.531452 0.509856
vt 0.532141 0.511200
vt 0.505638 0.516939
vt 0.533517 0.512456
vt 0.509768 0.516670
vt 0.506326 0.517745
vt -0.134047 0.531284
vt -0.129400 0.553877
vt 0.528699 0.507345
vt -0.120623 0.583106
vt -0.107200 0.611886
vt -0.094809 0.633673
vt 0.533862 0.513890
vt 0.510456 0.517745
vt 0.506498 0.518552
vt 0.510629 0.518821
vt 0.534894 0.516580
vt -0.087409 0.644880
vt 0.535583 0.518014
vt 0.535238 0.519449
vt 0.506670 0.519449
vt 0.535583 0.520794
vt 0.510629 0.519987
vt 0.506498 0.520256
vt -0.077427 0.655639
vt -0.056603 0.675543
vt 0.534894 0.515145
vt -0.027003 0.700826
vt 0.006384 0.724765
vt 0.033920 0.742428
vt 0.534894 0.522228
vt 0.510456 0.521063
vt 0.506326 0.521063
vt 0.509768 0.522139
vt 0.533862 0.524918
vt 0.049064 0.751304
vt 0.533517 0.526353
vt 0.532141 0.527608
vt 0.505638 0.521870
vt 0.531452 0.528953
vt 0.508908 0.523215
vt 0.504949 0.522677
vt 0.066102 0.759194
vt 0.100005 0.773539
vt 0.534894 0.523663
vt 0.145955 0.790932
vt 0.194486 0.806354
vt 0.232692 0.817202
vt 0.529731 0.530118
vt 0.507875 0.524201
vt 0.504089 0.523304
vt 0.506670 0.525008
vt 0.526806 0.532449
vt 0.253344 0.822402
vt 0.525429 0.533615
vt 0.523192 0.534511
vt 0.502884 0.523932
vt 0.521471 0.535677
vt 0.504949 0.525904
vt 0.501679 0.524559
vt 0.274856 0.826258
vt 0.316675 0.832713
vt 0.528699 0.531463
vt 0.371918 0.839706
vt 0.428022 0.844279
vt 0.470014 0.861762
vt 0.519233 0.536394
vt 0.503400 0.526532
vt 0.500475 0.525008
vt 0.494107 0.862300
vt 0.517340 0.537380
vt 0.518373 0.861762
vt 0.563979 0.859969
vt 0.497377 0.525725
vt 0.499442 0.527518
vt 0.622492 0.855576
vt 0.679972 0.847955
vt 0.723340 0.840513
vt 0.533689 0.569030
vt 0.562258 0.617445
vt 0.549178 0.619507
vt 0.533173 0.621479
vt 0.516824 0.622824
vt 0.503400 0.623542
vt 0.735043 0.822402
vt 0.494107 0.623721
vt 0.484986 0.623542
vt 0.481716 0.572706
vt 0.474144 0.572078
vt 0.466572 0.571092
vt 0.460032 0.570016
vt 0.741411 0.800615
vt 0.454697 0.569030
vt 0.449706 0.567774
vt 0.443511 0.566161
vt 0.436971 0.564009
vt 0.430776 0.561678
vt 0.425441 0.559347
vt 0.777379 0.790394
vt 0.421310 0.557374
vt 0.417524 0.555222
vt 0.413050 0.552443
vt 0.408575 0.549215
vt 0.404445 0.545808
vt 0.401347 0.542581
vt 0.822985 0.775780
vt 0.398938 0.539981
vt 0.397045 0.537201
vt 0.394979 0.533794
vt 0.393086 0.529849
vt 0.391882 0.525904
vt 0.391365 0.522318
vt 0.866353 0.759463
vt 0.391193 0.519449
vt 0.391365 0.516490
vt 0.391882 0.512904
vt 0.393086 0.508959
vt 0.394979 0.505014
vt 0.397045 0.501607
vt 0.898363 0.746014
vt 0.398938 0.498828
vt 0.401347 0.496228
vt 0.914712 0.738483
vt 0.404445 0.493000
vt 0.408575 0.489593
vt 0.413050 0.486365
vt 0.417524 0.483586
vt 0.421310 0.481434
vt 0.425441 0.479462
vt 0.929168 0.729965
vt 0.430776 0.477131
vt 0.436971 0.474799
vt 0.443511 0.472648
vt 0.449706 0.471034
vt 0.454697 0.469779
vt 0.460032 0.468792
vt 0.466572 0.467716
vt 0.474144 0.466730
vt 0.481716 0.466103
vt 0.488600 0.465834
vt 0.954983 0.713289
vt 0.494107 0.465744
vt 0.499786 0.465834
vt 0.506670 0.466103
vt 0.514243 0.466730
vt 0.521815 0.467716
vt 0.528355 0.468792
vt 0.986305 0.690695
vt 0.533689 0.469779
vt 0.538680 0.471034
vt 0.544876 0.472648
vt 0.551416 0.474799
vt 0.557611 0.477131
vt 0.562946 0.479462
vt 1.014356 0.666936
vt 0.567076 0.481434
vt 0.570862 0.483586
vt 0.575337 0.486365
vt 0.579812 0.489593
vt 0.583942 0.493000
vt 0.587040 0.496228
vt 1.033975 0.648197
vt 0.589449 0.498828
vt 0.591342 0.501607
vt 1.043613 0.637976
vt 0.593407 0.505014
vt 0.595300 0.508959
vt 0.596505 0.512904
vt 0.597021 0.516490
vt 0.597193 0.519449
vt 0.597021 0.522318
vt 1.050669 0.627217
vt 0.596505 0.525904
vt 0.595300 0.529849
vt 0.593407 0.533794
vt 0.591342 0.537201
vt 0.589449 0.539981
vt 0.587040 0.542581
vt 0.583942 0.545808
vt 0.579812 0.549215
vt 0.575337 0.552443
vt 0.570862 0.555222
vt 1.062199 0.606686
vt 0.567076 0.557374
vt 0.562946 0.559347
vt 0.557611 0.561678
vt 0.551416 0.564009
vt 0.544876 0.566161
vt 0.538680 0.567774
vt 0.570862 0.615831
vt 0.597365 0.666129
vt 0.577746 0.669267
vt 0.552620 0.672405
vt 0.527150 0.674467
vt 0.506670 0.675543
vt 1.074762 0.579609
vt 0.494107 0.675902
vt 0.481716 0.675543
vt 0.471563 0.622824
vt 0.455213 0.621479
vt 0.439208 0.619507
vt 0.426129 0.617445
vt 1.083195 0.551995
vt 0.417524 0.615831
vt 0.409263 0.613769
vt 0.397217 0.610452
vt 0.383277 0.605969
vt 0.369853 0.600858
vt 0.359355 0.596375
vt 1.087498 0.530746
vt 0.352643 0.593148
vt 0.346448 0.589651
vt 1.088874 0.519449
vt 0.337843 0.584182
vt 0.328034 0.577188
vt 0.319429 0.569926
vt 0.313061 0.563650
vt 0.309103 0.559347
vt 0.306005 0.554864
vt 1.087498 0.508062
vt 0.302047 0.548050
vt 0.298261 0.539712
vt 0.295679 0.531194
vt 0.294303 0.524201
vt 0.293958 0.519449
vt 0.294303 0.514607
vt 0.295679 0.507614
vt 0.298261 0.499097
vt 0.302047 0.490758
vt 0.306005 0.483944
vt 1.083195 0.486814
vt 0.309103 0.479462
vt 0.313061 0.475158
vt 0.319429 0.468882
vt 0.328034 0.461620
vt 0.337843 0.454626
vt 0.346448 0.449157
vt 1.074762 0.459199
vt 0.352643 0.445661
vt 0.359355 0.442433
vt 0.369853 0.437950
vt 0.383277 0.432840
vt 0.397217 0.428357
vt 0.409263 0.425039
vt 1.062199 0.432122
vt 0.417524 0.422977
vt 0.426129 0.421363
vt 0.439208 0.419301
vt 0.455213 0.417329
vt 0.471563 0.415984
vt 0.484986 0.415267
vt 1.050669 0.411591
vt 0.494107 0.415087
vt 0.503400 0.415267
vt 1.043613 0.400832
vt 0.516824 0.415984
vt 0.533173 0.417329
vt 0.549178 0.419301
vt 0.562258 0.421363
vt 0.570862 0.422977
vt 0.579123 0.425039
vt 1.033975 0.390611
vt 0.591170 0.428357
vt 0.605110 0.432840
vt 0.618533 0.437950
vt 0.629031 0.442433
vt 0.635743 0.445661
vt 0.641939 0.449157
vt 0.650543 0.454626
vt 0.660353 0.461620
vt 0.668958 0.468882
vt 0.675325 0.475158
vt 1.014356 0.371872
vt 0.679284 0.479462
vt 0.682381 0.483944
vt 0.686340 0.490758
vt 0.690126 0.499097
vt 0.692707 0.507614
vt 0.694084 0.514607
vt 0.986305 0.348113
vt 0.694428 0.519449
vt 0.694084 0.524201
vt 0.692707 0.531194
vt 0.690126 0.539712
vt 0.686340 0.548050
vt 0.682381 0.554864
vt 0.954983 0.325519
vt 0.679284 0.559347
vt 0.675325 0.563650
vt 0.668958 0.569926
vt 0.660353 0.577188
vt 0.650543 0.584182
vt 0.641939 0.589651
vt 0.929168 0.308843
vt 0.635743 0.593148
vt 0.629031 0.596375
vt 0.914712 0.300326
vt 0.618533 0.600858
vt 0.605110 0.605969
vt 0.591170 0.610452
vt 0.579123 0.613769
vt 0.609240 0.663977
vt 0.623180 0.701813
vt 0.598570 0.705668
vt 0.566904 0.709613
vt 0.534550 0.712303
vt 0.509080 0.713648
vt 0.494107 0.714096
vt 0.479307 0.713648
vt 0.461237 0.674467
vt 0.898363 0.292794
vt 0.435766 0.672405
vt 0.410640 0.669267
vt 0.391021 0.666129
vt 0.379146 0.663977
vt 0.367960 0.661198
vt 0.349890 0.656087
vt 0.327862 0.649094
vt 0.307038 0.641204
vt 0.291033 0.634390
vt 0.866353 0.279346
vt 0.281740 0.630087
vt 0.273479 0.625245
vt 0.260399 0.616907
vt 0.245255 0.606058
vt 0.231831 0.594582
vt 0.222022 0.585168
vt 0.822985 0.263028
vt 0.216687 0.579340
vt 0.212557 0.573154
vt 0.206533 0.562933
vt 0.200510 0.549843
vt 0.196552 0.536574
vt 0.194486 0.525904
vt 0.777379 0.248414
vt 0.193798 0.519449
vt 0.194486 0.512904
vt 0.196552 0.502235
vt 0.200510 0.488965
vt 0.206533 0.475875
vt 0.212557 0.465654
vt 0.741411 0.238193
vt 0.216687 0.459468
vt 0.222022 0.453640
vt 0.721792 0.233172
vt 0.231831 0.444226
vt 0.245255 0.432750
vt 0.260399 0.421901
vt 0.273479 0.413563
vt 0.281740 0.408722
vt 0.291033 0.404418
vt 0.701140 0.229496
vt 0.307038 0.397604
vt 0.327862 0.389714
vt 0.349890 0.382721
vt 0.367960 0.377610
vt 0.379146 0.374831
vt 0.391021 0.372679
vt 0.410640 0.369541
vt 0.435766 0.366403
vt 0.461237 0.364341
vt 0.481716 0.363265
vt 0.661730 0.223489
vt 0.494107 0.362907
vt 0.506670 0.363265
vt 0.527150 0.364341
vt 0.552620 0.366403
vt 0.577746 0.369541
vt 0.597365 0.372679
vt 0.609756 0.216944
vt 0.609240 0.374831
vt 0.620426 0.377610
vt 0.638497 0.382721
vt 0.660525 0.389714
vt 0.681349 0.397604
vt 0.697354 0.404418
vt 0.556751 0.212551
vt 0.706647 0.408722
vt 0.714908 0.413563
vt 0.727987 0.421901
vt 0.743132 0.432750
vt 0.756555 0.444226
vt 0.766365 0.453640
vt 0.515964 0.210309
vt 0.771700 0.459468
vt 0.775830 0.465654
vt 0.494107 0.209592
vt 0.781853 0.475875
vt 0.787877 0.488965
vt 0.791835 0.502235
vt 0.793900 0.512904
vt 0.794589 0.519449
vt 0.793900 0.525904
vt 0.472423 0.210309
vt 0.791835 0.536574
vt 0.787877 0.549843
vt 0.781853 0.562933
vt 0.775830 0.573154
vt 0.771700 0.579340
vt 0.766365 0.585168
vt 0.756555 0.594582
vt 0.743132 0.606058
vt 0.727987 0.616907
vt 0.714908 0.625245
vt 0.431636 0.212551
vt 0.706647 0.630087
vt 0.697354 0.634390
vt 0.681349 0.641204
vt 0.660525 0.649094
vt 0.638497 0.656087
vt 0.620426 0.661198
vt 0.637120 0.699302
vt 0.644004 0.730503
vt 0.615436 0.734896
vt 0.578263 0.739559
vt 0.540401 0.742697
vt 0.510973 0.744310
vt 0.378630 0.216944
vt 0.494107 0.744759
vt 0.477414 0.744310
vt 0.453837 0.712303
vt 0.421482 0.709613
vt 0.389816 0.705668
vt 0.365207 0.701813
vt 0.326657 0.223489
vt 0.351267 0.699302
vt 0.337843 0.695895
vt 0.315298 0.689530
vt 0.287419 0.680654
vt 0.260916 0.670612
vt 0.240953 0.662184
vt 0.287247 0.229496
vt 0.229938 0.657073
vt 0.220129 0.651335
vt 0.266595 0.233172
vt 0.203952 0.640935
vt 0.184677 0.627128
vt 0.167639 0.612603
vt 0.155420 0.600858
vt 0.148881 0.593865
vt 0.144062 0.586603
vt 0.246976 0.238193
vt 0.136662 0.573781
vt 0.129089 0.557284
vt 0.123927 0.540429
vt 0.121345 0.527160
vt 0.120485 0.519449
vt 0.121345 0.511649
vt 0.123927 0.498379
vt 0.129089 0.481524
vt 0.136662 0.465027
vt 0.144062 0.452206
vt 0.211008 0.248414
vt 0.148881 0.444943
vt 0.155420 0.437950
vt 0.167639 0.426205
vt 0.184677 0.411680
vt 0.203952 0.397873
vt 0.220129 0.387473
vt 0.165402 0.263028
vt 0.229938 0.381735
vt 0.240953 0.376624
vt 0.260916 0.368196
vt 0.287419 0.358155
vt 0.315298 0.349279
vt 0.337843 0.342913
vt 0.122033 0.279346
vt 0.351267 0.339506
vt 0.365207 0.336996
vt 0.389816 0.333140
vt 0.421482 0.329195
vt 0.453837 0.326506
vt 0.479307 0.325161
vt 0.090023 0.292794
vt 0.494107 0.324712
vt 0.509080 0.325161
vt 0.073674 0.300326
vt 0.534550 0.326506
vt 0.566904 0.329195
vt 0.598570 0.333140
vt 0.623180 0.336996
vt 0.637120 0.339506
vt 0.650543 0.342913
vt 0.059218 0.308843
vt 0.673088 0.349279
vt 0.700968 0.358155
vt 0.727471 0.368196
vt 0.747434 0.376624
vt 0.758448 0.381735
vt 0.768258 0.387473
vt 0.784435 0.397873
vt 0.803710 0.411680
vt 0.820747 0.426205
vt 0.832966 0.437950
vt 0.033404 0.325519
vt 0.839506 0.444943
vt 0.844325 0.452206
vt 0.851725 0.465027
vt 0.859297 0.481524
vt 0.864460 0.498379
vt 0.867041 0.511649
vt 0.002082 0.348113
vt 0.867902 0.519449
vt 0.867041 0.527160
vt 0.864460 0.540429
vt 0.859297 0.557284
vt 0.851725 0.573781
vt 0.844325 0.586603
vt -0.025970 0.371872
vt 0.839506 0.593865
vt 0.832966 0.600858
vt 0.820747 0.612603
vt 0.803710 0.627128
vt 0.784435 0.640935
vt 0.768258 0.651335
vt -0.045589 0.390611
vt 0.758448 0.657073
vt 0.747434 0.662184
vt -0.055226 0.400832
vt 0.727471 0.670612
vt 0.700968 0.680654
vt 0.673088 0.689530
vt 0.650543 0.695895
vt 0.659665 0.727634
vt 0.665516 0.760270
vt 0.632989 0.765290
vt 0.590137 0.770670
vt 0.546769 0.774256
vt 0.512866 0.776139
vt 0.494107 0.776677
vt 0.475521 0.776139
vt 0.447985 0.742697
vt -0.062282 0.411591
vt 0.410124 0.739559
vt 0.372951 0.734896
vt 0.344383 0.730503
vt 0.328722 0.727634
vt 0.313577 0.723868
vt 0.287419 0.716427
vt 0.254892 0.706027
vt 0.223915 0.694371
vt 0.200854 0.684598
vt -0.073813 0.432122
vt 0.188291 0.678771
vt 0.177105 0.672226
vt 0.158346 0.660212
vt 0.135973 0.644073
vt 0.116010 0.627128
vt 0.101726 0.613500
vt -0.086376 0.459199
vt 0.094498 0.605610
vt 0.088991 0.597451
vt 0.080558 0.582568
vt 0.071609 0.563202
vt 0.065586 0.543477
vt 0.062488 0.528146
vt -0.094809 0.486814
vt 0.061627 0.519449
vt 0.062488 0.510662
vt 0.065586 0.495331
vt 0.071609 0.475606
vt 0.080558 0.456240
vt 0.088991 0.441357
vt -0.099111 0.508062
vt 0.094498 0.433198
vt 0.101726 0.425308
vt -0.100488 0.519449
vt 0.116010 0.411680
vt 0.135973 0.394735
vt 0.158346 0.378597
vt 0.177105 0.366583
vt 0.188291 0.360038
vt 0.200854 0.354210
vt -0.099111 0.530746
vt 0.223915 0.344527
vt 0.254892 0.332782
vt 0.287419 0.322381
vt 0.313577 0.314940
vt 0.328722 0.311174
vt 0.344383 0.308305
vt 0.372951 0.303912
vt 0.410124 0.299250
vt 0.447985 0.296112
vt 0.477414 0.294498
vt -0.094809 0.551995
vt 0.494107 0.294049
vt 0.510973 0.294498
vt 0.540401 0.296112
vt 0.578263 0.299250
vt 0.615436 0.303912
vt 0.644004 0.308305
vt -0.086376 0.579609
vt 0.659665 0.311174
vt 0.674809 0.314940
vt 0.700968 0.322381
vt 0.733494 0.332782
vt 0.764472 0.344527
vt 0.787533 0.354210
vt -0.073813 0.606686
vt 0.800096 0.360038
vt 0.811282 0.366583
vt 0.830041 0.378597
vt 0.852413 0.394735
vt 0.872376 0.411680
vt 0.886660 0.425308
vt -0.062282 0.627217
vt 0.893889 0.433198
vt 0.899396 0.441357
vt -0.055226 0.637976
vt 0.907828 0.456240
vt 0.916777 0.475606
vt 0.922801 0.495331
vt 0.925899 0.510662
vt 0.926759 0.519449
vt 0.925899 0.528146
vt -0.045589 0.648197
vt 0.922801 0.543477
vt 0.916777 0.563202
vt 0.907828 0.582568
vt 0.899396 0.597451
vt 0.893889 0.605610
vt 0.886660 0.613500
vt 0.872376 0.627128
vt 0.852413 0.644073
vt 0.830041 0.660212
vt 0.811282 0.672226
vt -0.025970 0.666936
vt 0.800096 0.678771
vt 0.787533 0.684598
vt 0.764472 0.694371
vt 0.733494 0.706027
vt 0.700968 0.716427
vt 0.674809 0.723868
vt 0.683242 0.757132
vt 0.685651 0.787974
vt 0.649167 0.793622
vt 0.601152 0.799629
vt 0.552448 0.803664
vt 0.514587 0.805726
vt 0.002082 0.690695
vt 0.494107 0.806354
vt 0.473800 0.805726
vt 0.441618 0.774256
vt 0.398249 0.770670
vt 0.355397 0.765290
vt 0.322871 0.760270
vt 0.033404 0.713289
vt 0.305145 0.757132
vt 0.288451 0.752828
vt 0.258506 0.744400
vt 0.220989 0.732386
vt 0.185365 0.718937
vt 0.159034 0.707820
vt 0.059218 0.729965
vt 0.144922 0.701364
vt 0.132531 0.694012
vt 0.073674 0.738483
vt 0.111191 0.680295
vt 0.085377 0.661736
vt 0.062316 0.642190
vt 0.046139 0.626590
vt 0.037878 0.617893
vt 0.031855 0.608658
vt 0.090023 0.746014
vt 0.022217 0.591713
vt 0.011891 0.569388
vt 0.005008 0.546795
vt 0.001394 0.529132
vt 0.000361 0.519449
vt 0.001394 0.509676
vt 0.005008 0.492014
vt 0.011891 0.469420
vt 0.022217 0.447095
vt 0.031855 0.430150
vt 0.122033 0.759463
vt 0.037878 0.420915
vt 0.046139 0.412218
vt 0.062316 0.396618
vt 0.085377 0.377073
vt 0.111191 0.358513
vt 0.132531 0.344796
vt 0.165402 0.775780
vt 0.144922 0.337444
vt 0.159034 0.330988
vt 0.185365 0.319871
vt 0.220989 0.306422
vt 0.258506 0.294408
vt 0.288451 0.285980
vt 0.211008 0.790394
vt 0.305145 0.281677
vt 0.322871 0.278539
vt 0.355397 0.273518
vt 0.398249 0.268138
vt 0.441618 0.264552
vt 0.475521 0.262669
vt 0.246976 0.800615
vt 0.494107 0.262131
vt 0.512866 0.262669
vt 0.266595 0.805636
vt 0.546769 0.264552
vt 0.590137 0.268138
vt 0.632989 0.273518
vt 0.665516 0.278539
vt 0.683242 0.281677
vt 0.699935 0.285980
vt 0.287247 0.809312
vt 0.729880 0.294408
vt 0.767397 0.306422
vt 0.803021 0.319871
vt 0.829352 0.330988
vt 0.843464 0.337444
vt 0.855855 0.344796
vt 0.877195 0.358513
vt 0.903010 0.377073
vt 0.926071 0.396618
vt 0.942248 0.412218
vt 0.326657 0.815319
vt 0.950508 0.420915
vt 0.956532 0.430150
vt 0.966169 0.447095
vt 0.976495 0.469420
vt 0.983379 0.492014
vt 0.986993 0.509676
vt 0.378630 0.821864
vt 0.988026 0.519449
vt 0.986993 0.529132
vt 0.983379 0.546795
vt 0.976495 0.569388
vt 0.966169 0.591713
vt 0.956532 0.608658
vt 0.431636 0.826258
vt 0.950508 0.617893
vt 0.942248 0.626590
vt 0.471390 0.846700
vt 0.926071 0.642190
vt 0.903010 0.661736
vt 0.877195 0.680295
vt 0.855855 0.694012
vt 0.843464 0.701364
vt 0.829352 0.707820
vt 0.494107 0.847417
vt 0.803021 0.718937
vt 0.767397 0.732386
vt 0.729880 0.744400
vt 0.699935 0.752828
vt 0.704926 0.784477
vt 0.701140 0.809312
vt 0.661730 0.815319
vt 0.609756 0.821864
vt 0.556751 0.826258
vt 0.515964 0.828499
vt 0.494107 0.829216
vt 0.472423 0.828499
vt 0.435938 0.803664
vt 0.516996 0.846700
vt 0.387235 0.799629
vt 0.339220 0.793622
vt 0.302735 0.787974
vt 0.283460 0.784477
vt 0.265046 0.779815
vt 0.231659 0.770401
vt 0.189496 0.756952
vt 0.149569 0.741800
vt 0.120140 0.729427
vt 0.560365 0.844279
vt 0.104652 0.722344
vt 0.091056 0.714275
vt 0.067307 0.698944
vt 0.038222 0.678143
vt 0.012408 0.656177
vt -0.005662 0.638783
vt 0.616468 0.839706
vt -0.014612 0.629190
vt -0.021323 0.619148
vt -0.032165 0.600141
vt -0.043696 0.575126
vt -0.051440 0.549753
vt -0.055399 0.530029
vt 0.671711 0.832713
vt -0.056603 0.519449
vt -0.055399 0.508780
vt -0.051440 0.489055
vt -0.043696 0.463682
vt -0.032165 0.438667
vt -0.021323 0.419660
vt 0.713531 0.826258
vt -0.014612 0.409618
vt -0.005662 0.400025
vt 0.012408 0.382631
vt 0.038222 0.360665
vt 0.067307 0.339865
vt 0.091056 0.324533
vt 0.721792 0.805636
vt 0.104652 0.316464
vt 0.120140 0.309381
vt 0.149569 0.297008
vt 0.189496 0.281856
vt 0.231659 0.268407
vt 0.265046 0.258993
vt 0.723340 0.779815
vt 0.283460 0.254331
vt 0.302735 0.250834
vt 0.339220 0.245186
vt 0.387235 0.239179
vt 0.435938 0.235144
vt 0.473800 0.233082
vt 0.756727 0.770401
vt 0.494107 0.232455
vt 0.514587 0.233082
vt 0.552448 0.235144
vt 0.601152 0.239179
vt 0.649167 0.245186
vt 0.685651 0.250834
vt 0.798891 0.756952
vt 0.704926 0.254331
vt 0.723340 0.258993
vt 0.756727 0.268407
vt 0.798891 0.281856
vt 0.838817 0.297008
vt 0.868246 0.309381
vt 0.838817 0.741800
vt 0.883735 0.316464
vt 0.897330 0.324533
vt 0.921080 0.339865
vt 0.950164 0.360665
vt 0.975979 0.382631
vt 0.994049 0.400025
vt 0.868246 0.729427
vt 1.002998 0.409618
vt 1.009710 0.419660
vt 0.883735 0.722344
vt 1.020552 0.438667
vt 1.032082 0.463682
vt 1.039827 0.489055
vt 1.043785 0.508780
vt 1.044990 0.519449
vt 1.043785 0.530029
vt 0.897330 0.714275
vt 1.039827 0.549753
vt 1.032082 0.575126
vt 1.020552 0.600141
vt 1.009710 0.619148
vt 1.002998 0.629190
vt 0.994049 0.638783
vt 0.975979 0.656177
vt 0.950164 0.678143
vt 0.921080 0.698944
s 1
f 1/1/1 2/2/2 3/3/3
f 3138/4/4 2947/5/4 2948/6/5
f 3/3/3 2/2/2 4/7/2
f 3137/8/6 2947/5/4 3138/4/4
f 4/7/2 2/2/2 5/9/7
f 3136/10/8 3137/8/6 3138/4/4
f 5/9/7 2/2/2 6/11/9
f 3135/12/10 3137/8/6 3136/10/8
f 6/11/9 2/2/2 7/13/11
f 2/2/2 1/1/1 7/13/11
f 7/13/11 1/1/1 8/14/12
f 3134/15/13 3135/12/10 3136/10/8
f 8/14/12 1/1/1 9/16/14
f 1/1/1 3/3/3 9/16/14
f 9/16/14 3/3/3 10/17/15
f 3133/18/16 3135/12/10 3134/15/13
f 10/17/15 3/3/3 11/19/2
f 3/3/3 4/7/2 11/19/2
f 11/19/2 4/7/2 12/20/7
f 3132/21/17 3133/18/16 3134/15/13
f 12/20/7 4/7/2 13/22/7
f 4/7/2 5/9/7 13/22/7
f 13/22/7 5/9/7 14/23/11
f 3131/24/18 3133/18/16 3132/21/17
f 14/23/11 5/9/7 15/25/11
f 5/9/7 6/11/9 15/25/11
f 15/25/11 6/11/9 16/26/19
f 3130/27/20 3131/24/18 3132/21/17
f 16/26/19 6/11/9 17/28/9
f 6/11/9 7/13/11 17/28/9
f 17/28/9 7/13/11 18/29/21
f 7/13/11 8/14/12 18/29/21
f 18/29/21 8/14/12 19/30/22
f 8/14/12 9/16/14 19/30/22
f 19/30/22 9/16/14 20/31/23
f 9/16/14 21/32/24 20/31/23
f 20/31/23 21/32/24 22/33/19
f 21/32/24 23/34/25 22/33/19
f 3129/35/26 3131/24/18 3130/27/20
f 23/34/25 24/36/27 22/33/19
f 22/33/19 24/36/27 18/29/21
f 3128/37/28 3129/35/26 3130/27/20
f 18/29/21 24/36/27 17/28/9
f 24/36/27 25/38/11 17/28/9
f 17/28/9 25/38/11 16/26/19
f 3127/39/29 3129/35/26 3128/37/28
f 3126/40/29 3127/39/29 3128/37/28
f 3125/41/30 3127/39/29 3126/40/29
f 3124/42/31 3125/41/30 3126/40/29
f 18/29/21 19/30/22 22/33/19
f 22/33/19 19/30/22 20/31/23
f 3123/43/32 3125/41/30 3124/42/31
f 3122/44/33 3123/43/32 3124/42/31
f 3121/45/34 3123/43/32 3122/44/33
f 3120/46/34 3121/45/34 3122/44/33
f 25/38/11 24/36/27 26/47/9
f 3119/48/35 3121/45/34 3120/46/34
f 24/36/27 23/34/25 26/47/9
f 26/47/9 23/34/25 27/49/25
f 23/34/25 28/50/23 27/49/25
f 27/49/25 28/50/23 29/51/25
f 28/50/23 30/52/36 29/51/25
f 29/51/25 30/52/36 31/53/37
f 30/52/36 32/54/38 31/53/37
f 31/53/37 32/54/38 33/55/39
f 32/54/38 34/56/40 33/55/39
f 33/55/39 34/56/40 35/57/41
f 34/56/40 36/58/42 35/57/41
f 35/57/41 36/58/42 37/59/43
f 3118/60/44 3119/48/35 3120/46/34
f 37/59/43 36/58/42 9/16/14
f 36/58/42 34/56/40 9/16/14
f 3117/61/45 3119/48/35 3118/60/44
f 34/56/40 32/54/38 9/16/14
f 3116/62/46 3117/61/45 3118/60/44
f 32/54/38 30/52/36 9/16/14
f 3115/63/47 3117/61/45 3116/62/46
f 30/52/36 28/50/23 9/16/14
f 9/16/14 28/50/23 21/32/24
f 28/50/23 23/34/25 21/32/24
f 3114/64/47 3115/63/47 3116/62/46
f 3113/65/48 3115/63/47 3114/64/47
f 3112/66/49 3113/65/48 3114/64/47
f 3111/67/50 3113/65/48 3112/66/49
f 37/59/43 38/68/51 35/57/41
f 38/68/51 39/69/52 35/57/41
f 35/57/41 39/69/52 33/55/39
f 39/69/52 40/70/53 33/55/39
f 33/55/39 40/70/53 31/53/37
f 40/70/53 41/71/53 31/53/37
f 31/53/37 41/71/53 29/51/25
f 41/71/53 42/72/53 29/51/25
f 29/51/25 42/72/53 27/49/25
f 42/72/53 43/73/53 27/49/25
f 27/49/25 43/73/53 26/47/9
f 43/73/53 44/74/25 26/47/9
f 26/47/9 44/74/25 25/38/11
f 44/74/25 45/75/54 25/38/11
f 25/38/11 45/75/54 16/26/19
f 45/75/54 46/76/55 16/26/19
f 16/26/19 46/76/55 15/25/11
f 46/76/55 47/77/54 15/25/11
f 15/25/11 47/77/54 14/23/11
f 47/77/54 48/78/56 14/23/11
f 14/23/11 48/78/56 49/79/2
f 48/78/56 50/80/57 49/79/2
f 3110/81/58 3111/67/50 3112/66/49
f 50/80/57 51/82/59 49/79/2
f 3109/83/60 3111/67/50 3110/81/58
f 51/82/59 52/84/61 49/79/2
f 49/79/2 52/84/61 13/22/7
f 52/84/61 12/20/7 13/22/7
f 3108/85/60 3109/83/60 3110/81/58
f 3107/86/62 3109/83/60 3108/85/60
f 3106/87/63 3107/86/62 3108/85/60
f 3105/88/64 3107/86/62 3106/87/63
f 13/22/7 14/23/11 49/79/2
f 3104/89/65 3105/88/64 3106/87/63
f 3103/90/66 3105/88/64 3104/89/65
f 3102/91/66 3103/90/66 3104/89/65
f 3101/92/67 3103/90/66 3102/91/66
f 50/80/57 48/78/56 53/93/68
f 53/93/68 48/78/56 54/94/69
f 48/78/56 47/77/54 54/94/69
f 54/94/69 47/77/54 55/95/70
f 47/77/54 46/76/55 55/95/70
f 55/95/70 46/76/55 56/96/71
f 46/76/55 45/75/54 56/96/71
f 56/96/71 45/75/54 57/97/72
f 45/75/54 44/74/25 57/97/72
f 57/97/72 44/74/25 58/98/73
f 44/74/25 43/73/53 58/98/73
f 58/98/73 43/73/53 59/99/74
f 43/73/53 42/72/53 59/99/74
f 59/99/74 42/72/53 60/100/75
f 42/72/53 41/71/53 60/100/75
f 60/100/75 41/71/53 61/101/39
f 41/71/53 40/70/53 61/101/39
f 61/101/39 40/70/53 62/102/51
f 40/70/53 39/69/52 62/102/51
f 62/102/51 39/69/52 63/103/76
f 39/69/52 38/68/51 63/103/76
f 63/103/76 38/68/51 64/104/77
f 38/68/51 65/105/42 64/104/77
f 64/104/77 65/105/42 66/106/78
f 65/105/42 67/107/79 66/106/78
f 66/106/78 67/107/79 68/108/77
f 67/107/79 69/109/80 68/108/77
f 68/108/77 69/109/80 70/110/81
f 69/109/80 71/111/82 70/110/81
f 70/110/81 71/111/82 72/112/83
f 71/111/82 73/113/80 72/112/83
f 72/112/83 73/113/80 74/114/84
f 3100/115/85 3101/92/67 3102/91/66
f 74/114/84 73/113/80 9/16/14
f 73/113/80 71/111/82 9/16/14
f 3099/116/86 3101/92/67 3100/115/85
f 71/111/82 69/109/80 9/16/14
f 3098/117/87 3099/116/86 3100/115/85
f 69/109/80 67/107/79 9/16/14
f 3097/118/88 3099/116/86 3098/117/87
f 67/107/79 65/105/42 9/16/14
f 9/16/14 65/105/42 37/59/43
f 65/105/42 38/68/51 37/59/43
f 3096/119/88 3097/118/88 3098/117/87
f 3095/120/89 3097/118/88 3096/119/88
f 3094/121/90 3095/120/89 3096/119/88
f 3093/122/91 3095/120/89 3094/121/90
f 74/114/84 75/123/83 72/112/83
f 75/123/83 76/124/92 72/112/83
f 72/112/83 76/124/92 70/110/81
f 76/124/92 77/125/93 70/110/81
f 70/110/81 77/125/93 68/108/77
f 77/125/93 78/126/94 68/108/77
f 68/108/77 78/126/94 66/106/78
f 78/126/94 79/127/52 66/106/78
f 66/106/78 79/127/52 64/104/77
f 79/127/52 80/128/52 64/104/77
f 64/104/77 80/128/52 63/103/76
f 80/128/52 81/129/51 63/103/76
f 63/103/76 81/129/51 62/102/51
f 81/129/51 82/130/95 62/102/51
f 62/102/51 82/130/95 61/101/39
f 82/130/95 83/131/96 61/101/39
f 61/101/39 83/131/96 60/100/75
f 83/131/96 84/132/97 60/100/75
f 60/100/75 84/132/97 59/99/74
f 84/132/97 85/133/98 59/99/74
f 59/99/74 85/133/98 58/98/73
f 85/133/98 86/134/99 58/98/73
f 58/98/73 86/134/99 57/97/72
f 86/134/99 87/135/100 57/97/72
f 57/97/72 87/135/100 56/96/71
f 87/135/100 88/136/101 56/96/71
f 56/96/71 88/136/101 55/95/70
f 88/136/101 89/137/102 55/95/70
f 55/95/70 89/137/102 54/94/69
f 89/137/102 90/138/103 54/94/69
f 54/94/69 90/138/103 53/93/68
f 90/138/103 91/139/104 53/93/68
f 53/93/68 91/139/104 92/140/105
f 91/139/104 93/141/106 92/140/105
f 3092/142/107 3093/122/91 3094/121/90
f 93/141/106 94/143/108 92/140/105
f 3091/144/109 3093/122/91 3092/142/107
f 94/143/108 95/145/110 92/140/105
f 92/140/105 95/145/110 50/80/57
f 95/145/110 51/82/59 50/80/57
f 3090/146/109 3091/144/109 3092/142/107
f 3089/147/111 3091/144/109 3090/146/109
f 3088/148/112 3089/147/111 3090/146/109
f 3087/149/113 3089/147/111 3088/148/112
f 50/80/57 53/93/68 92/140/105
f 3086/150/114 3087/149/113 3088/148/112
f 3085/151/115 3087/149/113 3086/150/114
f 3084/152/115 3085/151/115 3086/150/114
f 3083/153/116 3085/151/115 3084/152/115
f 93/141/106 91/139/104 96/154/117
f 96/154/117 91/139/104 97/155/118
f 91/139/104 90/138/103 97/155/118
f 97/155/118 90/138/103 98/156/119
f 90/138/103 89/137/102 98/156/119
f 98/156/119 89/137/102 99/157/120
f 89/137/102 88/136/101 99/157/120
f 99/157/120 88/136/101 100/158/121
f 88/136/101 87/135/100 100/158/121
f 100/158/121 87/135/100 101/159/122
f 87/135/100 86/134/99 101/159/122
f 101/159/122 86/134/99 102/160/123
f 86/134/99 85/133/98 102/160/123
f 102/160/123 85/133/98 103/161/124
f 85/133/98 84/132/97 103/161/124
f 103/161/124 84/132/97 104/162/125
f 84/132/97 83/131/96 104/162/125
f 104/162/125 83/131/96 105/163/126
f 83/131/96 82/130/95 105/163/126
f 105/163/126 82/130/95 106/164/127
f 82/130/95 81/129/51 106/164/127
f 106/164/127 81/129/51 107/165/77
f 81/129/51 80/128/52 107/165/77
f 107/165/77 80/128/52 108/166/128
f 80/128/52 79/127/52 108/166/128
f 108/166/128 79/127/52 109/167/129
f 79/127/52 78/126/94 109/167/129
f 109/167/129 78/126/94 110/168/81
f 78/126/94 77/125/93 110/168/81
f 110/168/81 77/125/93 111/169/81
f 77/125/93 76/124/92 111/169/81
f 111/169/81 76/124/92 112/170/94
f 76/124/92 75/123/83 112/170/94
f 112/170/94 75/123/83 113/171/81
f 75/123/83 114/172/130 113/171/81
f 113/171/81 114/172/130 115/173/131
f 114/172/130 116/174/132 115/173/131
f 115/173/131 116/174/132 117/175/131
f 116/174/132 118/176/133 117/175/131
f 117/175/131 118/176/133 119/177/131
f 118/176/133 120/178/134 119/177/131
f 119/177/131 120/178/134 121/179/135
f 120/178/134 122/180/133 121/179/135
f 121/179/135 122/180/133 123/181/136
f 3082/182/137 3083/153/116 3084/152/115
f 123/181/136 122/180/133 9/16/14
f 122/180/133 120/178/134 9/16/14
f 3081/183/138 3083/153/116 3082/182/137
f 120/178/134 118/176/133 9/16/14
f 3080/184/139 3081/183/138 3082/182/137
f 118/176/133 116/174/132 9/16/14
f 3079/185/140 3081/183/138 3080/184/139
f 116/174/132 114/172/130 9/16/14
f 9/16/14 114/172/130 74/114/84
f 114/172/130 75/123/83 74/114/84
f 3078/186/140 3079/185/140 3080/184/139
f 3077/187/141 3079/185/140 3078/186/140
f 3076/188/142 3077/187/141 3078/186/140
f 3075/189/143 3077/187/141 3076/188/142
f 123/181/136 124/190/144 121/179/135
f 124/190/144 125/191/145 121/179/135
f 121/179/135 125/191/145 119/177/131
f 125/191/145 126/192/146 119/177/131
f 119/177/131 126/192/146 117/175/131
f 126/192/146 127/193/146 117/175/131
f 117/175/131 127/193/146 115/173/131
f 127/193/146 128/194/146 115/173/131
f 115/173/131 128/194/146 113/171/81
f 128/194/146 129/195/146 113/171/81
f 113/171/81 129/195/146 112/170/94
f 129/195/146 130/196/81 112/170/94
f 112/170/94 130/196/81 111/169/81
f 130/196/81 131/197/147 111/169/81
f 111/169/81 131/197/147 110/168/81
f 131/197/147 132/198/148 110/168/81
f 110/168/81 132/198/148 109/167/129
f 132/198/148 133/199/149 109/167/129
f 109/167/129 133/199/149 108/166/128
f 133/199/149 134/200/150 108/166/128
f 108/166/128 134/200/150 107/165/77
f 134/200/150 135/201/150 107/165/77
f 107/165/77 135/201/150 106/164/127
f 135/201/150 136/202/151 106/164/127
f 106/164/127 136/202/151 105/163/126
f 136/202/151 137/203/152 105/163/126
f 105/163/126 137/203/152 104/162/125
f 137/203/152 138/204/153 104/162/125
f 104/162/125 138/204/153 103/161/124
f 138/204/153 139/205/154 103/161/124
f 103/161/124 139/205/154 102/160/123
f 139/205/154 140/206/155 102/160/123
f 102/160/123 140/206/155 101/159/122
f 140/206/155 141/207/156 101/159/122
f 101/159/122 141/207/156 100/158/121
f 141/207/156 142/208/157 100/158/121
f 100/158/121 142/208/157 99/157/120
f 142/208/157 143/209/158 99/157/120
f 99/157/120 143/209/158 98/156/119
f 143/209/158 144/210/159 98/156/119
f 98/156/119 144/210/159 97/155/118
f 144/210/159 145/211/160 97/155/118
f 97/155/118 145/211/160 96/154/117
f 145/211/160 146/212/161 96/154/117
f 96/154/117 146/212/161 147/213/162
f 146/212/161 148/214/163 147/213/162
f 3074/215/164 3075/189/143 3076/188/142
f 148/214/163 149/216/165 147/213/162
f 3073/217/166 3075/189/143 3074/215/164
f 149/216/165 150/218/167 147/213/162
f 147/213/162 150/218/167 93/141/106
f 150/218/167 94/143/108 93/141/106
f 3072/219/166 3073/217/166 3074/215/164
f 3071/220/168 3073/217/166 3072/219/166
f 3070/221/169 3071/220/168 3072/219/166
f 3069/222/170 3071/220/168 3070/221/169
f 93/141/106 96/154/117 147/213/162
f 3068/223/171 3069/222/170 3070/221/169
f 3067/224/172 3069/222/170 3068/223/171
f 3066/225/172 3067/224/172 3068/223/171
f 3065/226/173 3067/224/172 3066/225/172
f 148/214/163 146/212/161 151/227/174
f 151/227/174 146/212/161 152/228/175
f 146/212/161 145/211/160 152/228/175
f 152/228/175 145/211/160 153/229/176
f 145/211/160 144/210/159 153/229/176
f 153/229/176 144/210/159 154/230/177
f 144/210/159 143/209/158 154/230/177
f 154/230/177 143/209/158 155/231/178
f 143/209/158 142/208/157 155/231/178
f 155/231/178 142/208/157 156/232/179
f 142/208/157 141/207/156 156/232/179
f 156/232/179 141/207/156 157/233/180
f 141/207/156 140/206/155 157/233/180
f 157/233/180 140/206/155 158/234/181
f 140/206/155 139/205/154 158/234/181
f 158/234/181 139/205/154 159/235/182
f 139/205/154 138/204/153 159/235/182
f 159/235/182 138/204/153 160/236/183
f 138/204/153 137/203/152 160/236/183
f 160/236/183 137/203/152 161/237/184
f 137/203/152 136/202/151 161/237/184
f 161/237/184 136/202/151 162/238/185
f 136/202/151 135/201/150 162/238/185
f 162/238/185 135/201/150 163/239/186
f 135/201/150 134/200/150 163/239/186
f 163/239/186 134/200/150 164/240/187
f 134/200/150 133/199/149 164/240/187
f 164/240/187 133/199/149 165/241/188
f 133/199/149 132/198/148 165/241/188
f 165/241/188 132/198/148 166/242/189
f 132/198/148 131/197/147 166/242/189
f 166/242/189 131/197/147 167/243/147
f 131/197/147 130/196/81 167/243/147
f 167/243/147 130/196/81 168/244/81
f 130/196/81 129/195/146 168/244/81
f 168/244/81 129/195/146 169/245/190
f 129/195/146 128/194/146 169/245/190
f 169/245/190 128/194/146 170/246/191
f 128/194/146 127/193/146 170/246/191
f 170/246/191 127/193/146 171/247/131
f 127/193/146 126/192/146 171/247/131
f 171/247/131 126/192/146 172/248/131
f 126/192/146 125/191/145 172/248/131
f 172/248/131 125/191/145 173/249/145
f 125/191/145 124/190/144 173/249/145
f 173/249/145 124/190/144 174/250/135
f 124/190/144 175/251/192 174/250/135
f 174/250/135 175/251/192 176/252/135
f 175/251/192 177/253/136 176/252/135
f 176/252/135 177/253/136 178/254/193
f 177/253/136 179/255/192 178/254/193
f 178/254/193 179/255/192 180/256/194
f 179/255/192 181/257/195 180/256/194
f 180/256/194 181/257/195 182/258/193
f 181/257/195 183/259/196 182/258/193
f 182/258/193 183/259/196 184/260/197
f 3064/261/198 3065/226/173 3066/225/172
f 184/260/197 183/259/196 9/16/14
f 183/259/196 181/257/195 9/16/14
f 3063/262/199 3065/226/173 3064/261/198
f 181/257/195 179/255/192 9/16/14
f 3062/263/200 3063/262/199 3064/261/198
f 179/255/192 177/253/136 9/16/14
f 3061/264/201 3063/262/199 3062/263/200
f 177/253/136 175/251/192 9/16/14
f 9/16/14 175/251/192 123/181/136
f 175/251/192 124/190/144 123/181/136
f 3060/265/201 3061/264/201 3062/263/200
f 3059/266/202 3061/264/201 3060/265/201
f 3058/267/203 3059/266/202 3060/265/201
f 3057/268/204 3059/266/202 3058/267/203
f 184/260/197 185/269/193 182/258/193
f 185/269/193 186/270/205 182/258/193
f 182/258/193 186/270/205 180/256/194
f 186/270/205 187/271/205 180/256/194
f 180/256/194 187/271/205 178/254/193
f 187/271/205 188/272/206 178/254/193
f 178/254/193 188/272/206 176/252/135
f 188/272/206 189/273/206 176/252/135
f 176/252/135 189/273/206 174/250/135
f 189/273/206 190/274/145 174/250/135
f 174/250/135 190/274/145 173/249/145
f 190/274/145 191/275/135 173/249/145
f 173/249/145 191/275/135 172/248/131
f 191/275/135 192/276/207 172/248/131
f 172/248/131 192/276/207 171/247/131
f 192/276/207 193/277/208 171/247/131
f 171/247/131 193/277/208 170/246/191
f 193/277/208 194/278/208 170/246/191
f 170/246/191 194/278/208 169/245/190
f 194/278/208 195/279/209 169/245/190
f 169/245/190 195/279/209 168/244/81
f 195/279/209 196/280/210 168/244/81
f 168/244/81 196/280/210 167/243/147
f 196/280/210 197/281/211 167/243/147
f 167/243/147 197/281/211 166/242/189
f 197/281/211 198/282/212 166/242/189
f 166/242/189 198/282/212 165/241/188
f 198/282/212 199/283/213 165/241/188
f 165/241/188 199/283/213 164/240/187
f 199/283/213 200/284/214 164/240/187
f 164/240/187 200/284/214 163/239/186
f 200/284/214 201/285/215 163/239/186
f 163/239/186 201/285/215 162/238/185
f 201/285/215 202/286/216 162/238/185
f 162/238/185 202/286/216 161/237/184
f 202/286/216 203/287/217 161/237/184
f 161/237/184 203/287/217 160/236/183
f 203/287/217 204/288/218 160/236/183
f 160/236/183 204/288/218 159/235/182
f 204/288/218 205/289/219 159/235/182
f 159/235/182 205/289/219 158/234/181
f 205/289/219 206/290/220 158/234/181
f 158/234/181 206/290/220 157/233/180
f 206/290/220 207/291/221 157/233/180
f 157/233/180 207/291/221 156/232/179
f 207/291/221 208/292/222 156/232/179
f 156/232/179 208/292/222 155/231/178
f 208/292/222 209/293/223 155/231/178
f 155/231/178 209/293/223 154/230/177
f 209/293/223 210/294/224 154/230/177
f 154/230/177 210/294/224 153/229/176
f 210/294/224 211/295/225 153/229/176
f 153/229/176 211/295/225 152/228/175
f 211/295/225 212/296/226 152/228/175
f 152/228/175 212/296/226 151/227/174
f 212/296/226 213/297/227 151/227/174
f 151/227/174 213/297/227 214/298/228
f 213/297/227 215/299/229 214/298/228
f 3056/300/230 3057/268/204 3058/267/203
f 215/299/229 216/301/231 214/298/228
f 3055/302/232 3057/268/204 3056/300/230
f 216/301/231 217/303/233 214/298/228
f 214/298/228 217/303/233 148/214/163
f 217/303/233 149/216/165 148/214/163
f 3054/304/234 3055/302/232 3056/300/230
f 3053/305/235 3055/302/232 3054/304/234
f 3052/306/236 3053/305/235 3054/304/234
f 3051/307/237 3053/305/235 3052/306/236
f 148/214/163 151/227/174 214/298/228
f 3050/308/238 3051/307/237 3052/306/236
f 3049/309/239 3051/307/237 3050/308/238
f 3048/310/239 3049/309/239 3050/308/238
f 3047/311/240 3049/309/239 3048/310/239
f 215/299/229 213/297/227 218/312/241
f 218/312/241 213/297/227 219/313/242
f 213/297/227 212/296/226 219/313/242
f 219/313/242 212/296/226 220/314/243
f 212/296/226 211/295/225 220/314/243
f 220/314/243 211/295/225 221/315/244
f 211/295/225 210/294/224 221/315/244
f 221/315/244 210/294/224 222/316/245
f 210/294/224 209/293/223 222/316/245
f 222/316/245 209/293/223 223/317/246
f 209/293/223 208/292/222 223/317/246
f 223/317/246 208/292/222 224/318/247
f 208/292/222 207/291/221 224/318/247
f 224/318/247 207/291/221 225/319/248
f 207/291/221 206/290/220 225/319/248
f 225/319/248 206/290/220 226/320/249
f 206/290/220 205/289/219 226/320/249
f 226/320/249 205/289/219 227/321/250
f 205/289/219 204/288/218 227/321/250
f 227/321/250 204/288/218 228/322/251
f 204/288/218 203/287/217 228/322/251
f 228/322/251 203/287/217 229/323/252
f 203/287/217 202/286/216 229/323/252
f 229/323/252 202/286/216 230/324/253
f 202/286/216 201/285/215 230/324/253
f 230/324/253 201/285/215 231/325/254
f 201/285/215 200/284/214 231/325/254
f 231/325/254 200/284/214 232/326/255
f 200/284/214 199/283/213 232/326/255
f 232/326/255 199/283/213 233/327/256
f 199/283/213 198/282/212 233/327/256
f 233/327/256 198/282/212 234/328/257
f 198/282/212 197/281/211 234/328/257
f 234/328/257 197/281/211 235/329/258
f 197/281/211 196/280/210 235/329/258
f 235/329/258 196/280/210 236/330/259
f 196/280/210 195/279/209 236/330/259
f 236/330/259 195/279/209 237/331/260
f 195/279/209 194/278/208 237/331/260
f 237/331/260 194/278/208 238/332/261
f 194/278/208 193/277/208 238/332/261
f 238/332/261 193/277/208 239/333/262
f 193/277/208 192/276/207 239/333/262
f 239/333/262 192/276/207 240/334/263
f 192/276/207 191/275/135 240/334/263
f 240/334/263 191/275/135 241/335/135
f 191/275/135 190/274/145 241/335/135
f 241/335/135 190/274/145 242/336/135
f 190/274/145 189/273/206 242/336/135
f 242/336/135 189/273/206 243/337/194
f 189/273/206 188/272/206 243/337/194
f 243/337/194 188/272/206 244/338/264
f 188/272/206 187/271/205 244/338/264
f 244/338/264 187/271/205 245/339/193
f 187/271/205 186/270/205 245/339/193
f 245/339/193 186/270/205 246/340/205
f 186/270/205 185/269/193 246/340/205
f 246/340/205 185/269/193 247/341/265
f 185/269/193 248/342/266 247/341/265
f 247/341/265 248/342/266 249/343/265
f 248/342/266 250/344/197 249/343/265
f 249/343/265 250/344/197 251/345/265
f 250/344/197 252/346/266 251/345/265
f 251/345/265 252/346/266 253/347/267
f 252/346/266 254/348/268 253/347/267
f 253/347/267 254/348/268 255/349/269
f 254/348/268 256/350/270 255/349/269
f 255/349/269 256/350/270 257/351/271
f 3046/352/272 3047/311/240 3048/310/239
f 257/351/271 256/350/270 9/16/14
f 256/350/270 254/348/268 9/16/14
f 3045/353/273 3047/311/240 3046/352/272
f 254/348/268 252/346/266 9/16/14
f 3044/354/274 3045/353/273 3046/352/272
f 252/346/266 250/344/197 9/16/14
f 3043/355/275 3045/353/273 3044/354/274
f 250/344/197 248/342/266 9/16/14
f 9/16/14 248/342/266 184/260/197
f 248/342/266 185/269/193 184/260/197
f 3042/356/275 3043/355/275 3044/354/274
f 3041/357/276 3043/355/275 3042/356/275
f 3040/358/277 3041/357/276 3042/356/275
f 3039/359/278 3041/357/276 3040/358/277
f 257/351/271 258/360/279 255/349/269
f 258/360/279 259/361/280 255/349/269
f 255/349/269 259/361/280 253/347/267
f 259/361/280 260/362/281 253/347/267
f 253/347/267 260/362/281 251/345/265
f 260/362/281 261/363/280 251/345/265
f 251/345/265 261/363/280 249/343/265
f 261/363/280 262/364/280 249/343/265
f 249/343/265 262/364/280 247/341/265
f 262/364/280 263/365/205 247/341/265
f 247/341/265 263/365/205 246/340/205
f 263/365/205 264/366/193 246/340/205
f 246/340/205 264/366/193 245/339/193
f 264/366/193 265/367/282 245/339/193
f 245/339/193 265/367/282 244/338/264
f 265/367/282 266/368/283 244/338/264
f 244/338/264 266/368/283 243/337/194
f 266/368/283 267/369/284 243/337/194
f 243/337/194 267/369/284 242/336/135
f 267/369/284 268/370/285 242/336/135
f 242/336/135 268/370/285 241/335/135
f 268/370/285 269/371/286 241/335/135
f 241/335/135 269/371/286 240/334/263
f 269/371/286 270/372/287 240/334/263
f 240/334/263 270/372/287 239/333/262
f 270/372/287 271/373/288 239/333/262
f 239/333/262 271/373/288 238/332/261
f 271/373/288 272/374/289 238/332/261
f 238/332/261 272/374/289 237/331/260
f 272/374/289 273/375/290 237/331/260
f 237/331/260 273/375/290 236/330/259
f 273/375/290 274/376/291 236/330/259
f 236/330/259 274/376/291 235/329/258
f 274/376/291 275/377/292 235/329/258
f 235/329/258 275/377/292 234/328/257
f 275/377/292 276/378/293 234/328/257
f 234/328/257 276/378/293 233/327/256
f 276/378/293 277/379/294 233/327/256
f 233/327/256 277/379/294 232/326/255
f 277/379/294 278/380/295 232/326/255
f 232/326/255 278/380/295 231/325/254
f 278/380/295 279/381/296 231/325/254
f 231/325/254 279/381/296 230/324/253
f 279/381/296 280/382/297 230/324/253
f 230/324/253 280/382/297 229/323/252
f 280/382/297 281/383/298 229/323/252
f 229/323/252 281/383/298 228/322/251
f 281/383/298 282/384/299 228/322/251
f 228/322/251 282/384/299 227/321/250
f 282/384/299 283/385/300 227/321/250
f 227/321/250 283/385/300 226/320/249
f 283/385/300 284/386/301 226/320/249
f 226/320/249 284/386/301 225/319/248
f 284/386/301 285/387/302 225/319/248
f 225/319/248 285/387/302 224/318/247
f 285/387/302 286/388/303 224/318/247
f 224/318/247 286/388/303 223/317/246
f 286/388/303 287/389/304 223/317/246
f 223/317/246 287/389/304 222/316/245
f 287/389/304 288/390/305 222/316/245
f 222/316/245 288/390/305 221/315/244
f 288/390/305 289/391/306 221/315/244
f 221/315/244 289/391/306 220/314/243
f 289/391/306 290/392/307 220/314/243
f 220/314/243 290/392/307 219/313/242
f 290/392/307 291/393/308 219/313/242
f 219/313/242 291/393/308 218/312/241
f 291/393/308 292/394/309 218/312/241
f 218/312/241 292/394/309 293/395/310
f 292/394/309 294/396/311 293/395/310
f 3038/397/312 3039/359/278 3040/358/277
f 294/396/311 295/398/313 293/395/310
f 3037/399/314 3039/359/278 3038/397/312
f 295/398/313 296/400/315 293/395/310
f 293/395/310 296/400/315 215/299/229
f 296/400/315 216/301/231 215/299/229
f 3036/401/316 3037/399/314 3038/397/312
f 3035/402/317 3037/399/314 3036/401/316
f 3034/403/318 3035/402/317 3036/401/316
f 3033/404/319 3035/402/317 3034/403/318
f 215/299/229 218/312/241 293/395/310
f 3032/405/320 3033/404/319 3034/403/318
f 3031/406/321 3033/404/319 3032/405/320
f 3030/407/321 3031/406/321 3032/405/320
f 3029/408/322 3031/406/321 3030/407/321
f 294/396/311 292/394/309 297/409/323
f 297/409/323 292/394/309 298/410/324
f 292/394/309 291/393/308 298/410/324
f 298/410/324 291/393/308 299/411/325
f 291/393/308 290/392/307 299/411/325
f 299/411/325 290/392/307 300/412/326
f 290/392/307 289/391/306 300/412/326
f 300/412/326 289/391/306 301/413/327
f 289/391/306 288/390/305 301/413/327
f 301/413/327 288/390/305 302/414/328
f 288/390/305 287/389/304 302/414/328
f 302/414/328 287/389/304 303/415/329
f 287/389/304 286/388/303 303/415/329
f 303/415/329 286/388/303 304/416/330
f 286/388/303 285/387/302 304/416/330
f 304/416/330 285/387/302 305/417/331
f 285/387/302 284/386/301 305/417/331
f 305/417/331 284/386/301 306/418/332
f 284/386/301 283/385/300 306/418/332
f 306/418/332 283/385/300 307/419/333
f 283/385/300 282/384/299 307/419/333
f 307/419/333 282/384/299 308/420/334
f 282/384/299 281/383/298 308/420/334
f 308/420/334 281/383/298 309/421/335
f 281/383/298 280/382/297 309/421/335
f 309/421/335 280/382/297 310/422/336
f 280/382/297 279/381/296 310/422/336
f 310/422/336 279/381/296 311/423/337
f 279/381/296 278/380/295 311/423/337
f 311/423/337 278/380/295 312/424/338
f 278/380/295 277/379/294 312/424/338
f 312/424/338 277/379/294 313/425/339
f 277/379/294 276/378/293 313/425/339
f 313/425/339 276/378/293 314/426/340
f 276/378/293 275/377/292 314/426/340
f 314/426/340 275/377/292 315/427/341
f 275/377/292 274/376/291 315/427/341
f 315/427/341 274/376/291 316/428/342
f 274/376/291 273/375/290 316/428/342
f 316/428/342 273/375/290 317/429/343
f 273/375/290 272/374/289 317/429/343
f 317/429/343 272/374/289 318/430/344
f 272/374/289 271/373/288 318/430/344
f 318/430/344 271/373/288 319/431/345
f 271/373/288 270/372/287 319/431/345
f 319/431/345 270/372/287 320/432/346
f 270/372/287 269/371/286 320/432/346
f 320/432/346 269/371/286 321/433/347
f 269/371/286 268/370/285 321/433/347
f 321/433/347 268/370/285 322/434/348
f 268/370/285 267/369/284 322/434/348
f 322/434/348 267/369/284 323/435/349
f 267/369/284 266/368/283 323/435/349
f 323/435/349 266/368/283 324/436/350
f 266/368/283 265/367/282 324/436/350
f 324/436/350 265/367/282 325/437/282
f 265/367/282 264/366/193 325/437/282
f 325/437/282 264/366/193 326/438/265
f 264/366/193 263/365/205 326/438/265
f 326/438/265 263/365/205 327/439/351
f 263/365/205 262/364/280 327/439/351
f 327/439/351 262/364/280 328/440/265
f 262/364/280 261/363/280 328/440/265
f 328/440/265 261/363/280 329/441/352
f 261/363/280 260/362/281 329/441/352
f 329/441/352 260/362/281 330/442/352
f 260/362/281 259/361/280 330/442/352
f 330/442/352 259/361/280 331/443/353
f 259/361/280 258/360/279 331/443/353
f 331/443/353 258/360/279 332/444/267
f 258/360/279 333/445/270 332/444/267
f 332/444/267 333/445/270 334/446/354
f 333/445/270 335/447/355 334/446/354
f 334/446/354 335/447/355 336/448/356
f 335/447/355 337/449/357 336/448/356
f 336/448/356 337/449/357 338/450/358
f 337/449/357 339/451/359 338/450/358
f 338/450/358 339/451/359 340/452/360
f 339/451/359 341/453/361 340/452/360
f 340/452/360 341/453/361 342/454/362
f 3028/455/363 3029/408/322 3030/407/321
f 342/454/362 341/453/361 9/16/14
f 341/453/361 339/451/359 9/16/14
f 3027/456/364 3029/408/322 3028/455/363
f 339/451/359 337/449/357 9/16/14
f 3026/457/365 3027/456/364 3028/455/363
f 337/449/357 335/447/355 9/16/14
f 3025/458/366 3027/456/364 3026/457/365
f 335/447/355 333/445/270 9/16/14
f 9/16/14 333/445/270 257/351/271
f 333/445/270 258/360/279 257/351/271
f 3024/459/366 3025/458/366 3026/457/365
f 3023/460/367 3025/458/366 3024/459/366
f 3022/461/368 3023/460/367 3024/459/366
f 3021/462/369 3023/460/367 3022/461/368
f 342/454/362 343/463/360 340/452/360
f 343/463/360 344/464/370 340/452/360
f 340/452/360 344/464/370 338/450/358
f 344/464/370 345/465/371 338/450/358
f 338/450/358 345/465/371 336/448/356
f 345/465/371 346/466/353 336/448/356
f 336/448/356 346/466/353 334/446/354
f 346/466/353 347/467/353 334/446/354
f 334/446/354 347/467/353 332/444/267
f 347/467/353 348/468/353 332/444/267
f 332/444/267 348/468/353 331/443/353
f 348/468/353 349/469/372 331/443/353
f 331/443/353 349/469/372 330/442/352
f 349/469/372 350/470/373 330/442/352
f 330/442/352 350/470/373 329/441/352
f 350/470/373 351/471/374 329/441/352
f 329/441/352 351/471/374 328/440/265
f 351/471/374 352/472/375 328/440/265
f 328/440/265 352/472/375 327/439/351
f 352/472/375 353/473/376 327/439/351
f 327/439/351 353/473/376 326/438/265
f 353/473/376 354/474/377 326/438/265
f 326/438/265 354/474/377 325/437/282
f 354/474/377 355/475/378 325/437/282
f 325/437/282 355/475/378 324/436/350
f 355/475/378 356/476/379 324/436/350
f 324/436/350 356/476/379 323/435/349
f 356/476/379 357/477/380 323/435/349
f 323/435/349 357/477/380 322/434/348
f 357/477/380 358/478/381 322/434/348
f 322/434/348 358/478/381 321/433/347
f 358/478/381 359/479/382 321/433/347
f 321/433/347 359/479/382 320/432/346
f 359/479/382 360/480/383 320/432/346
f 320/432/346 360/480/383 319/431/345
f 360/480/383 361/481/384 319/431/345
f 319/431/345 361/481/384 318/430/344
f 361/481/384 362/482/385 318/430/344
f 318/430/344 362/482/385 317/429/343
f 362/482/385 363/483/386 317/429/343
f 317/429/343 363/483/386 316/428/342
f 363/483/386 364/484/387 316/428/342
f 316/428/342 364/484/387 315/427/341
f 364/484/387 365/485/388 315/427/341
f 315/427/341 365/485/388 314/426/340
f 365/485/388 366/486/389 314/426/340
f 314/426/340 366/486/389 313/425/339
f 366/486/389 367/487/390 313/425/339
f 313/425/339 367/487/390 312/424/338
f 367/487/390 368/488/391 312/424/338
f 312/424/338 368/488/391 311/423/337
f 368/488/391 369/489/392 311/423/337
f 311/423/337 369/489/392 310/422/336
f 369/489/392 370/490/393 310/422/336
f 310/422/336 370/490/393 309/421/335
f 370/490/393 371/491/394 309/421/335
f 309/421/335 371/491/394 308/420/334
f 371/491/394 372/492/395 308/420/334
f 308/420/334 372/492/395 307/419/333
f 372/492/395 373/493/396 307/419/333
f 307/419/333 373/493/396 306/418/332
f 373/493/396 374/494/397 306/418/332
f 306/418/332 374/494/397 305/417/331
f 374/494/397 375/495/398 305/417/331
f 305/417/331 375/495/398 304/416/330
f 375/495/398 376/496/399 304/416/330
f 304/416/330 376/496/399 303/415/329
f 376/496/399 377/497/400 303/415/329
f 303/415/329 377/497/400 302/414/328
f 377/497/400 378/498/401 302/414/328
f 302/414/328 378/498/401 301/413/327
f 378/498/401 379/499/402 301/413/327
f 301/413/327 379/499/402 300/412/326
f 379/499/402 380/500/403 300/412/326
f 300/412/326 380/500/403 299/411/325
f 380/500/403 381/501/404 299/411/325
f 299/411/325 381/501/404 298/410/324
f 381/501/404 382/502/405 298/410/324
f 3020/503/406 3021/462/369 3022/461/368
f 3019/504/407 3021/462/369 3020/503/406
f 3018/505/407 3019/504/407 3020/503/406
f 3017/506/408 3019/504/407 3018/505/407
f 380/500/403 379/499/402 383/507/409
f 3016/508/410 3017/506/408 3018/505/407
f 3015/509/411 3017/506/408 3016/508/410
f 3014/510/412 3015/509/411 3016/508/410
f 3013/511/413 3015/509/411 3014/510/412
f 298/410/324 384/502/414 297/409/323
f 3012/512/413 3013/511/413 3014/510/412
f 384/502/414 385/513/415 297/409/323
f 297/409/323 385/513/415 386/514/416
f 385/513/415 387/515/417 386/514/416
f 3011/516/418 3013/511/413 3012/512/413
f 387/515/417 388/5/419 386/514/416
f 3010/517/420 3011/516/418 3012/512/413
f 388/5/419 389/518/421 386/514/416
f 386/514/416 389/518/421 294/396/311
f 3009/519/422 3011/516/418 3010/517/420
f 294/396/311 389/518/421 295/398/313
f 3008/520/423 3009/519/422 3010/517/420
f 295/398/313 389/518/421 390/521/424
f 389/518/421 391/8/425 390/521/424
f 390/521/424 391/8/425 392/522/426
f 391/8/425 393/12/427 392/522/426
f 392/522/426 393/12/427 394/523/428
f 393/12/427 395/18/429 394/523/428
f 3007/524/430 3009/519/422 3008/520/423
f 3006/525/430 3007/524/430 3008/520/423
f 3005/526/431 3007/524/430 3006/525/430
f 3004/527/432 3005/526/431 3006/525/430
f 294/396/311 297/409/323 386/514/416
f 3003/528/433 3005/526/431 3004/527/432
f 3002/529/434 3003/528/433 3004/527/432
f 3001/530/435 3003/528/433 3002/529/434
f 3000/531/436 3001/530/435 3002/529/434
f 389/518/421 396/5/437 391/8/425
f 2999/532/438 3001/530/435 3000/531/436
f 2998/533/439 2999/532/438 3000/531/436
f 2997/534/440 2999/532/438 2998/533/439
f 2996/535/441 2997/534/440 2998/533/439
f 295/398/313 390/521/424 397/536/442
f 2995/537/443 2997/534/440 2996/535/441
f 397/536/442 390/521/424 398/538/444
f 390/521/424 392/522/426 398/538/444
f 398/538/444 392/522/426 399/539/445
f 392/522/426 394/523/428 399/539/445
f 2994/540/443 2995/537/443 2996/535/441
f 2993/541/446 2995/537/443 2994/540/443
f 2992/542/447 2993/541/446 2994/540/443
f 2991/543/448 2993/541/446 2992/542/447
f 295/398/313 397/536/442 296/400/315
f 397/536/442 400/544/449 296/400/315
f 296/400/315 400/544/449 216/301/231
f 400/544/449 401/545/450 216/301/231
f 216/301/231 401/545/450 217/303/233
f 401/545/450 402/546/451 217/303/233
f 217/303/233 402/546/451 149/216/165
f 402/546/451 403/547/452 149/216/165
f 149/216/165 403/547/452 150/218/167
f 403/547/452 404/548/453 150/218/167
f 150/218/167 404/548/453 94/143/108
f 404/548/453 405/549/454 94/143/108
f 94/143/108 405/549/454 95/145/110
f 405/549/454 406/550/455 95/145/110
f 95/145/110 406/550/455 51/82/59
f 406/550/455 407/551/456 51/82/59
f 51/82/59 407/551/456 52/84/61
f 407/551/456 408/552/2 52/84/61
f 52/84/61 408/552/2 12/20/7
f 408/552/2 409/553/7 12/20/7
f 12/20/7 409/553/7 11/19/2
f 409/553/7 410/554/2 11/19/2
f 11/19/2 410/554/2 10/17/15
f 410/554/2 411/555/457 10/17/15
f 10/17/15 411/555/457 9/16/14
f 411/555/457 412/556/458 9/16/14
f 9/16/14 412/556/458 413/557/459
f 412/556/458 414/558/2 413/557/459
f 2990/559/460 2991/543/448 2992/542/447
f 414/558/2 415/560/461 413/557/459
f 413/557/459 415/560/461 416/561/458
f 415/560/461 417/562/462 416/561/458
f 416/561/458 417/562/462 418/563/463
f 2989/564/464 2991/543/448 2990/559/460
f 418/563/463 417/562/462 419/565/461
f 2988/566/465 2989/564/464 2990/559/460
f 419/565/461 417/562/462 420/567/466
f 2987/568/467 2989/564/464 2988/566/465
f 420/567/466 417/562/462 421/569/468
f 417/562/462 415/560/461 421/569/468
f 421/569/468 415/560/461 422/570/7
f 415/560/461 414/558/2 422/570/7
f 422/570/7 414/558/2 409/553/7
f 2986/571/469 2987/568/467 2988/566/465
f 409/553/7 414/558/2 410/554/2
f 414/558/2 412/556/458 410/554/2
f 410/554/2 412/556/458 411/555/457
f 2985/572/470 2987/568/467 2986/571/469
f 2984/573/471 2985/572/470 2986/571/469
f 2983/574/472 2985/572/470 2984/573/471
f 2982/575/472 2983/574/472 2984/573/471
f 413/557/459 416/561/458 9/16/14
f 9/16/14 416/561/458 418/563/463
f 2981/576/473 2983/574/472 2982/575/472
f 2980/577/474 2981/576/473 2982/575/472
f 2979/578/475 2981/576/473 2980/577/474
f 2978/579/476 2979/578/475 2980/577/474
f 409/553/7 408/552/2 422/570/7
f 422/570/7 408/552/2 423/580/461
f 408/552/2 407/551/456 423/580/461
f 423/580/461 407/551/456 424/581/477
f 407/551/456 406/550/455 424/581/477
f 424/581/477 406/550/455 425/582/478
f 406/550/455 405/549/454 425/582/478
f 2977/583/479 2979/578/475 2978/579/476
f 2976/584/479 2977/583/479 2978/579/476
f 2975/585/480 2977/583/479 2976/584/479
f 2974/586/481 2975/585/480 2976/584/479
f 422/570/7 423/580/461 421/569/468
f 423/580/461 426/587/461 421/569/468
f 421/569/468 426/587/461 420/567/466
f 426/587/461 427/588/482 420/567/466
f 2973/589/483 2975/585/480 2974/586/481
f 427/588/482 428/590/466 420/567/466
f 420/567/466 428/590/466 419/565/461
f 428/590/466 429/591/468 419/565/461
f 2972/592/484 2973/589/483 2974/586/481
f 429/591/468 430/593/485 419/565/461
f 419/565/461 430/593/485 418/563/463
f 430/593/485 431/594/486 418/563/463
f 418/563/463 431/594/486 9/16/14
f 2971/595/487 2973/589/483 2972/592/484
f 9/16/14 431/594/486 432/596/463
f 431/594/486 433/597/488 432/596/463
f 432/596/463 433/597/488 434/598/489
f 433/597/488 435/599/490 434/598/489
f 2970/600/487 2971/595/487 2972/592/484
f 435/599/490 436/601/491 434/598/489
f 2969/602/492 2971/595/487 2970/600/487
f 436/601/491 9/16/14 434/598/489
f 434/598/489 9/16/14 432/596/463
f 2968/603/493 2969/602/492 2970/600/487
f 2967/604/494 2969/602/492 2968/603/493
f 2966/605/495 2967/604/494 2968/603/493
f 2965/606/496 2967/604/494 2966/605/495
f 423/580/461 424/581/477 426/587/461
f 426/587/461 424/581/477 437/607/497
f 424/581/477 425/582/478 437/607/497
f 2964/608/496 2965/606/496 2966/605/495
f 2963/609/498 2965/606/496 2964/608/496
f 2962/610/499 2963/609/498 2964/608/496
f 2961/611/500 2963/609/498 2962/610/499
f 427/588/482 426/587/461 437/607/497
f 2960/612/501 2961/611/500 2962/610/499
f 2959/507/502 2961/611/500 2960/612/501
f 2958/613/502 2959/507/502 2960/612/501
f 2957/500/503 2959/507/502 2958/613/502
f 433/597/488 431/594/486 430/593/485
f 2956/614/504 2957/500/503 2958/613/502
f 2955/501/505 2957/500/503 2956/614/504
f 2954/615/506 2955/501/505 2956/614/504
f 2953/502/507 2955/501/505 2954/615/506
f 435/599/490 438/616/508 436/601/491
f 438/616/508 439/617/509 436/601/491
f 436/601/491 439/617/509 9/16/14
f 2952/618/507 2953/502/507 2954/615/506
f 9/16/14 439/617/509 440/619/510
f 439/617/509 441/620/511 440/619/510
f 440/619/510 441/620/511 442/621/512
f 2951/513/513 2953/502/507 2952/618/507
f 442/621/512 441/620/511 443/622/514
f 2950/623/515 2951/513/513 2952/618/507
f 443/622/514 441/620/511 444/624/516
f 441/620/511 438/616/508 444/624/516
f 444/624/516 438/616/508 445/625/517
f 438/616/508 435/599/490 445/625/517
f 445/625/517 435/599/490 446/626/514
f 435/599/490 433/597/488 446/626/514
f 2949/515/518 2951/513/513 2950/623/515
f 433/597/488 430/593/485 446/626/514
f 2948/6/5 2949/515/518 2950/623/515
f 430/593/485 429/591/468 446/626/514
f 2947/5/4 2949/515/518 2948/6/5
f 429/591/468 447/627/488 446/626/514
f 446/626/514 447/627/488 445/625/517
f 447/627/488 448/628/488 445/625/517
f 445/625/517 448/628/488 444/624/516
f 448/628/488 449/629/512 444/624/516
f 444/624/516 449/629/512 443/622/514
f 449/629/512 450/630/519 443/622/514
f 2945/15/520 2941/631/521 2946/21/522
f 450/630/519 451/632/523 443/622/514
f 443/622/514 451/632/523 442/621/512
f 451/632/523 452/633/523 442/621/512
f 2942/634/524 2941/631/521 2945/15/520
f 452/633/523 453/635/525 442/621/512
f 442/621/512 453/635/525 440/619/510
f 453/635/525 454/636/526 440/619/510
f 440/619/510 454/636/526 9/16/14
f 454/636/526 455/637/510 9/16/14
f 9/16/14 455/637/510 456/638/527
f 455/637/510 457/639/528 456/638/527
f 2943/10/529 2942/634/524 2945/15/520
f 457/639/528 458/640/530 456/638/527
f 456/638/527 458/640/530 459/641/531
f 458/640/530 460/642/528 459/641/531
f 459/641/531 460/642/528 461/643/532
f 460/642/528 462/644/533 461/643/532
f 461/643/532 462/644/533 463/645/531
f 2939/646/534 2648/647/535 2649/648/536
f 463/645/531 462/644/533 464/649/533
f 2935/650/537 2939/646/534 2649/648/536
f 464/649/533 462/644/533 465/651/538
f 2943/10/529 2944/4/539 2644/652/540
f 465/651/538 462/644/533 466/653/541
f 462/644/533 460/642/528 466/653/541
f 466/653/541 460/642/528 467/654/523
f 460/642/528 458/640/530 467/654/523
f 467/654/523 458/640/530 468/655/523
f 458/640/530 457/639/528 468/655/523
f 468/655/523 457/639/528 453/635/525
f 2645/656/542 2943/10/529 2644/652/540
f 453/635/525 457/639/528 454/636/526
f 457/639/528 455/637/510 454/636/526
f 2942/634/524 2943/10/529 2645/656/542
f 2646/657/543 2942/634/524 2645/656/542
f 2647/658/544 2942/634/524 2646/657/543
f 2941/631/521 2942/634/524 2647/658/544
f 439/617/509 438/616/508 441/620/511
f 2648/647/535 2941/631/521 2647/658/544
f 2939/646/534 2941/631/521 2648/647/535
f 2940/21/545 2941/631/521 2939/646/534
f 2938/27/546 2940/21/545 2939/646/534
f 456/638/527 459/641/531 9/16/14
f 2935/650/537 2938/27/546 2939/646/534
f 459/641/531 461/643/532 9/16/14
f 9/16/14 461/643/532 463/645/531
f 2937/37/547 2938/27/546 2935/650/537
f 2936/40/548 2937/37/547 2935/650/537
f 2930/659/549 2936/40/548 2935/650/537
f 2649/648/536 2930/659/549 2935/650/537
f 453/635/525 452/633/523 468/655/523
f 2650/660/550 2930/659/549 2649/648/536
f 452/633/523 469/661/528 468/655/523
f 468/655/523 469/661/528 467/654/523
f 469/661/528 470/662/551 467/654/523
f 467/654/523 470/662/551 466/653/541
f 470/662/551 471/663/552 466/653/541
f 466/653/541 471/663/552 465/651/538
f 471/663/552 472/664/533 465/651/538
f 2928/665/553 2931/42/554 2929/666/555
f 472/664/533 473/667/556 465/651/538
f 465/651/538 473/667/556 464/649/533
f 473/667/556 474/668/541 464/649/533
f 2934/44/557 2931/42/554 2928/665/553
f 474/668/541 475/669/558 464/649/533
f 464/649/533 475/669/558 463/645/531
f 475/669/558 476/670/532 463/645/531
f 463/645/531 476/670/532 9/16/14
f 476/670/532 477/671/559 9/16/14
f 9/16/14 477/671/559 478/672/560
f 477/671/559 479/673/533 478/672/560
f 2927/674/561 2934/44/557 2928/665/553
f 479/673/533 480/675/562 478/672/560
f 478/672/560 480/675/562 481/676/563
f 480/675/562 482/677/564 481/676/563
f 481/676/563 482/677/564 483/678/565
f 482/677/564 484/679/564 483/678/565
f 483/678/565 484/679/564 485/680/566
f 2933/46/567 2934/44/557 2927/674/561
f 485/680/566 484/679/564 486/681/568
f 2655/682/569 2925/683/570 2654/684/571
f 486/681/568 484/679/564 487/685/572
f 2921/686/573 2925/683/570 2655/682/569
f 487/685/572 484/679/564 488/687/572
f 484/679/564 482/677/564 488/687/572
f 488/687/572 482/677/564 489/688/572
f 482/677/564 480/675/562 489/688/572
f 489/688/572 480/675/562 490/689/572
f 480/675/562 479/673/533 490/689/572
f 490/689/572 479/673/533 475/669/558
f 2930/659/549 2931/42/554 2932/40/574
f 475/669/558 479/673/533 476/670/532
f 479/673/533 477/671/559 476/670/532
f 2929/666/555 2931/42/554 2930/659/549
f 2650/660/550 2929/666/555 2930/659/549
f 2651/690/575 2929/666/555 2650/660/550
f 2652/691/576 2929/666/555 2651/690/575
f 478/672/560 481/676/563 9/16/14
f 481/676/563 483/678/565 9/16/14
f 9/16/14 483/678/565 485/680/566
f 2928/665/553 2929/666/555 2652/691/576
f 2653/692/577 2928/665/553 2652/691/576
f 2927/674/561 2928/665/553 2653/692/577
f 2654/684/571 2927/674/561 2653/692/577
f 475/669/558 474/668/541 490/689/572
f 2925/683/570 2927/674/561 2654/684/571
f 474/668/541 491/693/533 490/689/572
f 490/689/572 491/693/533 489/688/572
f 491/693/533 492/694/564 489/688/572
f 489/688/572 492/694/564 488/687/572
f 492/694/564 493/695/578 488/687/572
f 488/687/572 493/695/578 487/685/572
f 493/695/578 494/696/579 487/685/572
f 2926/46/580 2927/674/561 2925/683/570
f 494/696/579 495/697/581 487/685/572
f 487/685/572 495/697/581 486/681/568
f 495/697/581 496/698/582 486/681/568
f 2924/60/583 2926/46/580 2925/683/570
f 496/698/582 497/699/584 486/681/568
f 486/681/568 497/699/584 485/680/566
f 497/699/584 498/700/565 485/680/566
f 485/680/566 498/700/565 9/16/14
f 498/700/565 499/701/585 9/16/14
f 9/16/14 499/701/585 500/702/586
f 499/701/585 501/703/587 500/702/586
f 2921/686/573 2924/60/583 2925/683/570
f 501/703/587 502/704/568 500/702/586
f 500/702/586 502/704/568 503/705/588
f 502/704/568 504/706/589 503/705/588
f 503/705/588 504/706/589 505/707/590
f 504/706/589 506/708/591 505/707/590
f 505/707/590 506/708/591 507/709/592
f 2923/62/593 2924/60/583 2921/686/573
f 507/709/592 506/708/591 508/710/589
f 2922/64/594 2923/62/593 2921/686/573
f 508/710/589 506/708/591 509/711/595
f 2916/712/596 2922/64/594 2921/686/573
f 509/711/595 506/708/591 510/713/597
f 506/708/591 504/706/589 510/713/597
f 510/713/597 504/706/589 511/714/597
f 504/706/589 502/704/568 511/714/597
f 511/714/597 502/704/568 512/715/597
f 502/704/568 501/703/587 512/715/597
f 512/715/597 501/703/587 497/699/584
f 2655/682/569 2916/712/596 2921/686/573
f 497/699/584 501/703/587 498/700/565
f 501/703/587 499/701/585 498/700/565
f 2656/716/598 2916/712/596 2655/682/569
f 2914/717/599 2917/66/600 2915/718/601
f 2920/81/602 2917/66/600 2914/717/599
f 2913/719/603 2920/81/602 2914/717/599
f 500/702/586 503/705/588 9/16/14
f 503/705/588 505/707/590 9/16/14
f 9/16/14 505/707/590 507/709/592
f 2919/85/604 2920/81/602 2913/719/603
f 2661/720/605 2911/721/606 2660/722/607
f 2907/723/608 2911/721/606 2661/720/605
f 2916/712/596 2917/66/600 2918/64/609
f 497/699/584 496/698/582 512/715/597
f 2915/718/601 2917/66/600 2916/712/596
f 496/698/582 513/724/610 512/715/597
f 512/715/597 513/724/610 511/714/597
f 513/724/610 514/725/568 511/714/597
f 511/714/597 514/725/568 510/713/597
f 514/725/568 515/726/591 510/713/597
f 510/713/597 515/726/591 509/711/595
f 515/726/591 516/727/611 509/711/595
f 2656/716/598 2915/718/601 2916/712/596
f 516/727/611 517/728/612 509/711/595
f 509/711/595 517/728/612 508/710/589
f 517/728/612 518/729/595 508/710/589
f 2657/730/613 2915/718/601 2656/716/598
f 518/729/595 519/731/589 508/710/589
f 508/710/589 519/731/589 507/709/592
f 519/731/589 520/732/614 507/709/592
f 507/709/592 520/732/614 9/16/14
f 520/732/614 521/733/615 9/16/14
f 9/16/14 521/733/615 522/734/614
f 521/733/615 523/735/616 522/734/614
f 2658/736/617 2915/718/601 2657/730/613
f 523/735/616 524/737/616 522/734/614
f 522/734/614 524/737/616 525/738/615
f 524/737/616 526/739/616 525/738/615
f 525/738/615 526/739/616 527/740/618
f 526/739/616 528/741/619 527/740/618
f 527/740/618 528/741/619 529/742/620
f 2914/717/599 2915/718/601 2658/736/617
f 529/742/620 528/741/619 530/743/621
f 2659/744/622 2914/717/599 2658/736/617
f 530/743/621 528/741/619 531/745/623
f 2913/719/603 2914/717/599 2659/744/622
f 531/745/623 528/741/619 532/746/624
f 528/741/619 526/739/616 532/746/624
f 532/746/624 526/739/616 533/747/623
f 526/739/616 524/737/616 533/747/623
f 533/747/623 524/737/616 534/748/595
f 524/737/616 523/735/616 534/748/595
f 534/748/595 523/735/616 519/731/589
f 2660/722/607 2913/719/603 2659/744/622
f 519/731/589 523/735/616 520/732/614
f 523/735/616 521/733/615 520/732/614
f 2911/721/606 2913/719/603 2660/722/607
f 2912/85/625 2913/719/603 2911/721/606
f 2910/87/626 2912/85/625 2911/721/606
f 2907/723/608 2910/87/626 2911/721/606
f 522/734/614 525/738/615 9/16/14
f 525/738/615 527/740/618 9/16/14
f 9/16/14 527/740/618 529/742/620
f 2909/89/627 2910/87/626 2907/723/608
f 2908/91/628 2909/89/627 2907/723/608
f 2902/749/629 2908/91/628 2907/723/608
f 2661/720/605 2902/749/629 2907/723/608
f 519/731/589 518/729/595 534/748/595
f 2662/750/630 2902/749/629 2661/720/605
f 518/729/595 535/751/631 534/748/595
f 534/748/595 535/751/631 533/747/623
f 535/751/631 536/752/632 533/747/623
f 533/747/623 536/752/632 532/746/624
f 536/752/632 537/753/616 532/746/624
f 532/746/624 537/753/616 531/745/623
f 537/753/616 538/754/633 531/745/623
f 2900/755/634 2903/115/635 2901/756/636
f 538/754/633 539/757/623 531/745/623
f 531/745/623 539/757/623 530/743/621
f 539/757/623 540/758/637 530/743/621
f 2906/117/638 2903/115/635 2900/755/634
f 540/758/637 541/759/639 530/743/621
f 530/743/621 541/759/639 529/742/620
f 541/759/639 542/760/640 529/742/620
f 529/742/620 542/760/640 9/16/14
f 542/760/640 543/761/620 9/16/14
f 9/16/14 543/761/620 544/762/640
f 543/761/620 545/763/621 544/762/640
f 2899/764/641 2906/117/638 2900/755/634
f 545/763/621 546/765/642 544/762/640
f 544/762/640 546/765/642 547/766/643
f 546/765/642 548/767/644 547/766/643
f 547/766/643 548/767/644 549/768/645
f 548/767/644 550/769/646 549/768/645
f 549/768/645 550/769/646 551/770/647
f 2905/119/648 2906/117/638 2899/764/641
f 551/770/647 550/769/646 552/771/649
f 2667/772/650 2897/773/651 2666/774/652
f 552/771/649 550/769/646 553/775/653
f 2893/776/654 2897/773/651 2667/772/650
f 553/775/653 550/769/646 554/777/637
f 550/769/646 548/767/644 554/777/637
f 554/777/637 548/767/644 555/778/637
f 548/767/644 546/765/642 555/778/637
f 555/778/637 546/765/642 556/779/637
f 546/765/642 545/763/621 556/779/637
f 556/779/637 545/763/621 541/759/639
f 2902/749/629 2903/115/635 2904/91/655
f 541/759/639 545/763/621 542/760/640
f 545/763/621 543/761/620 542/760/640
f 2901/756/636 2903/115/635 2902/749/629
f 2662/750/630 2901/756/636 2902/749/629
f 2663/780/656 2901/756/636 2662/750/630
f 2664/781/657 2901/756/636 2663/780/656
f 544/762/640 547/766/643 9/16/14
f 547/766/643 549/768/645 9/16/14
f 9/16/14 549/768/645 551/770/647
f 2900/755/634 2901/756/636 2664/781/657
f 2665/782/658 2900/755/634 2664/781/657
f 2899/764/641 2900/755/634 2665/782/658
f 2666/774/652 2899/764/641 2665/782/658
f 541/759/639 540/758/637 556/779/637
f 2897/773/651 2899/764/641 2666/774/652
f 540/758/637 557/783/621 556/779/637
f 556/779/637 557/783/621 555/778/637
f 557/783/621 558/784/644 555/778/637
f 555/778/637 558/784/644 554/777/637
f 558/784/644 559/785/644 554/777/637
f 554/777/637 559/785/644 553/775/653
f 559/785/644 560/786/659 553/775/653
f 2898/119/660 2899/764/641 2897/773/651
f 560/786/659 561/787/661 553/775/653
f 553/775/653 561/787/661 552/771/649
f 561/787/661 562/788/661 552/771/649
f 2896/121/662 2898/119/660 2897/773/651
f 562/788/661 563/789/649 552/771/649
f 552/771/649 563/789/649 551/770/647
f 563/789/649 564/790/663 551/770/647
f 551/770/647 564/790/663 9/16/14
f 564/790/663 565/791/647 9/16/14
f 9/16/14 565/791/647 566/792/664
f 565/791/647 567/793/665 566/792/664
f 2893/776/654 2896/121/662 2897/773/651
f 567/793/665 568/794/666 566/792/664
f 566/792/664 568/794/666 569/795/667
f 568/794/666 570/796/668 569/795/667
f 569/795/667 570/796/668 571/797/669
f 570/796/668 572/798/670 571/797/669
f 2895/142/671 2896/121/662 2893/776/654
f 572/798/670 573/799/672 571/797/669
f 571/797/669 573/799/672 9/16/14
f 2894/146/673 2895/142/671 2893/776/654
f 9/16/14 573/799/672 574/800/674
f 2888/801/675 2894/146/673 2893/776/654
f 574/800/674 573/799/672 575/802/676
f 2667/772/650 2888/801/675 2893/776/654
f 575/802/676 573/799/672 576/803/677
f 573/799/672 572/798/670 576/803/677
f 576/803/677 572/798/670 577/804/678
f 2668/805/679 2888/801/675 2667/772/650
f 577/804/678 572/798/670 578/806/680
f 572/798/670 570/796/668 578/806/680
f 578/806/680 570/796/668 579/807/678
f 570/796/668 568/794/666 579/807/678
f 579/807/678 568/794/666 580/808/653
f 568/794/666 567/793/665 580/808/653
f 580/808/653 567/793/665 563/789/649
f 2886/809/681 2889/148/682 2887/810/683
f 563/789/649 567/793/665 564/790/663
f 567/793/665 565/791/647 564/790/663
f 2892/150/684 2889/148/682 2886/809/681
f 2885/811/685 2892/150/684 2886/809/681
f 2891/152/686 2892/150/684 2885/811/685
f 2673/812/687 2883/813/688 2672/814/689
f 566/792/664 569/795/667 9/16/14
f 569/795/667 571/797/669 9/16/14
f 2879/815/690 2883/813/688 2673/812/687
f 2888/801/675 2889/148/682 2890/146/691
f 2887/810/683 2889/148/682 2888/801/675
f 2668/805/679 2887/810/683 2888/801/675
f 563/789/649 562/788/661 580/808/653
f 562/788/661 581/816/666 580/808/653
f 580/808/653 581/816/666 579/807/678
f 581/816/666 582/817/666 579/807/678
f 579/807/678 582/817/666 578/806/680
f 582/817/666 583/818/692 578/806/680
f 578/806/680 583/818/692 577/804/678
f 583/818/692 584/819/677 577/804/678
f 2669/820/693 2887/810/683 2668/805/679
f 584/819/677 585/821/678 577/804/678
f 577/804/678 585/821/678 576/803/677
f 585/821/678 586/822/694 576/803/677
f 576/803/677 586/822/694 575/802/676
f 586/822/694 587/823/695 575/802/676
f 575/802/676 587/823/695 588/824/696
f 587/823/695 589/825/697 588/824/696
f 588/824/696 589/825/697 590/826/698
f 589/825/697 591/827/699 590/826/698
f 590/826/698 591/827/699 9/16/14
f 2670/828/700 2887/810/683 2669/820/693
f 9/16/14 591/827/699 592/829/701
f 2886/809/681 2887/810/683 2670/828/700
f 592/829/701 591/827/699 593/830/702
f 591/827/699 589/825/697 593/830/702
f 593/830/702 589/825/697 594/831/694
f 589/825/697 587/823/695 594/831/694
f 594/831/694 587/823/695 595/832/703
f 587/823/695 586/822/694 595/832/703
f 595/832/703 586/822/694 596/833/676
f 586/822/694 585/821/678 596/833/676
f 596/833/676 585/821/678 597/834/676
f 585/821/678 584/819/677 597/834/676
f 597/834/676 584/819/677 598/835/704
f 2671/836/705 2886/809/681 2670/828/700
f 598/835/704 584/819/677 599/837/706
f 584/819/677 583/818/692 599/837/706
f 599/837/706 583/818/692 600/838/707
f 583/818/692 582/817/666 600/838/707
f 600/838/707 582/817/666 601/839/708
f 582/817/666 581/816/666 601/839/708
f 601/839/708 581/816/666 602/840/649
f 581/816/666 562/788/661 602/840/649
f 2885/811/685 2886/809/681 2671/836/705
f 562/788/661 561/787/661 602/840/649
f 602/840/649 561/787/661 603/841/649
f 561/787/661 560/786/659 603/841/649
f 2672/814/689 2885/811/685 2671/836/705
f 2883/813/688 2885/811/685 2672/814/689
f 2884/152/709 2885/811/685 2883/813/688
f 2882/182/710 2884/152/709 2883/813/688
f 575/802/676 588/824/696 574/800/674
f 588/824/696 604/842/672 574/800/674
f 574/800/674 604/842/672 9/16/14
f 2879/815/690 2882/182/710 2883/813/688
f 9/16/14 604/842/672 590/826/698
f 604/842/672 588/824/696 590/826/698
f 2881/184/711 2882/182/710 2879/815/690
f 2880/186/712 2881/184/711 2879/815/690
f 2874/843/713 2880/186/712 2879/815/690
f 2673/812/687 2874/843/713 2879/815/690
f 603/841/649 605/844/714 602/840/649
f 2674/845/715 2874/843/713 2673/812/687
f 602/840/649 605/844/714 601/839/708
f 605/844/714 606/846/716 601/839/708
f 601/839/708 606/846/716 600/838/707
f 606/846/716 607/847/717 600/838/707
f 600/838/707 607/847/717 599/837/706
f 607/847/717 608/848/718 599/837/706
f 599/837/706 608/848/718 598/835/704
f 608/848/718 609/849/719 598/835/704
f 2872/850/720 2875/188/721 2873/851/722
f 609/849/719 610/852/723 598/835/704
f 598/835/704 610/852/723 597/834/676
f 610/852/723 611/853/724 597/834/676
f 597/834/676 611/853/724 596/833/676
f 611/853/724 612/854/725 596/833/676
f 596/833/676 612/854/725 595/832/703
f 612/854/725 613/855/726 595/832/703
f 595/832/703 613/855/726 594/831/694
f 613/855/726 614/856/727 594/831/694
f 594/831/694 614/856/727 593/830/702
f 614/856/727 615/857/360 593/830/702
f 593/830/702 615/857/360 592/829/701
f 615/857/360 616/858/728 592/829/701
f 592/829/701 616/858/728 9/16/14
f 2878/215/729 2875/188/721 2872/850/720
f 9/16/14 616/858/728 342/454/362
f 2871/859/730 2878/215/729 2872/850/720
f 342/454/362 616/858/728 343/463/360
f 2877/219/731 2878/215/729 2871/859/730
f 343/463/360 616/858/728 617/860/360
f 616/858/728 615/857/360 617/860/360
f 617/860/360 615/857/360 618/861/727
f 615/857/360 614/856/727 618/861/727
f 618/861/727 614/856/727 619/862/732
f 614/856/727 613/855/726 619/862/732
f 619/862/732 613/855/726 620/863/733
f 613/855/726 612/854/725 620/863/733
f 620/863/733 612/854/725 621/864/734
f 612/854/725 611/853/724 621/864/734
f 621/864/734 611/853/724 622/865/735
f 611/853/724 610/852/723 622/865/735
f 622/865/735 610/852/723 623/866/736
f 610/852/723 609/849/719 623/866/736
f 623/866/736 609/849/719 624/867/737
f 2679/868/738 2869/869/739 2678/870/740
f 624/867/737 609/849/719 625/871/741
f 609/849/719 608/848/718 625/871/741
f 625/871/741 608/848/718 626/872/742
f 608/848/718 607/847/717 626/872/742
f 626/872/742 607/847/717 627/873/743
f 607/847/717 606/846/716 627/873/743
f 627/873/743 606/846/716 628/874/744
f 606/846/716 605/844/714 628/874/744
f 628/874/744 605/844/714 629/875/745
f 605/844/714 603/841/649 629/875/745
f 629/875/745 603/841/649 630/876/746
f 603/841/649 560/786/659 630/876/746
f 630/876/746 560/786/659 631/877/747
f 560/786/659 559/785/644 631/877/747
f 631/877/747 559/785/644 632/878/748
f 559/785/644 558/784/644 632/878/748
f 632/878/748 558/784/644 633/879/749
f 558/784/644 557/783/621 633/879/749
f 633/879/749 557/783/621 634/880/621
f 557/783/621 540/758/637 634/880/621
f 2865/881/750 2869/869/739 2679/868/738
f 540/758/637 539/757/623 634/880/621
f 634/880/621 539/757/623 635/882/633
f 539/757/623 538/754/633 635/882/633
f 2874/843/713 2875/188/721 2876/186/751
f 2873/851/722 2875/188/721 2874/843/713
f 2674/845/715 2873/851/722 2874/843/713
f 2675/883/752 2873/851/722 2674/845/715
f 635/882/633 636/884/753 634/880/621
f 2676/885/754 2873/851/722 2675/883/752
f 634/880/621 636/884/753 633/879/749
f 636/884/753 637/886/755 633/879/749
f 633/879/749 637/886/755 632/878/748
f 637/886/755 638/887/756 632/878/748
f 632/878/748 638/887/756 631/877/747
f 638/887/756 639/888/757 631/877/747
f 631/877/747 639/888/757 630/876/746
f 639/888/757 640/889/758 630/876/746
f 630/876/746 640/889/758 629/875/745
f 640/889/758 641/890/759 629/875/745
f 629/875/745 641/890/759 628/874/744
f 641/890/759 642/891/760 628/874/744
f 628/874/744 642/891/760 627/873/743
f 642/891/760 643/892/761 627/873/743
f 627/873/743 643/892/761 626/872/742
f 643/892/761 644/893/762 626/872/742
f 626/872/742 644/893/762 625/871/741
f 644/893/762 645/894/763 625/871/741
f 625/871/741 645/894/763 624/867/737
f 645/894/763 646/895/764 624/867/737
f 2872/850/720 2873/851/722 2676/885/754
f 646/895/764 647/896/765 624/867/737
f 624/867/737 647/896/765 623/866/736
f 647/896/765 648/897/766 623/866/736
f 623/866/736 648/897/766 622/865/735
f 648/897/766 649/898/767 622/865/735
f 622/865/735 649/898/767 621/864/734
f 649/898/767 650/899/768 621/864/734
f 621/864/734 650/899/768 620/863/733
f 650/899/768 651/900/769 620/863/733
f 620/863/733 651/900/769 619/862/732
f 651/900/769 652/901/770 619/862/732
f 619/862/732 652/901/770 618/861/727
f 652/901/770 653/902/771 618/861/727
f 618/861/727 653/902/771 617/860/360
f 653/902/771 654/903/771 617/860/360
f 617/860/360 654/903/771 343/463/360
f 2677/904/772 2872/850/720 2676/885/754
f 343/463/360 654/903/771 344/464/370
f 654/903/771 655/905/360 344/464/370
f 344/464/370 655/905/360 345/465/371
f 655/905/360 656/906/356 345/465/371
f 345/465/371 656/906/356 346/466/353
f 656/906/356 657/907/773 346/466/353
f 346/466/353 657/907/773 347/467/353
f 657/907/773 658/908/774 347/467/353
f 347/467/353 658/908/774 348/468/353
f 658/908/774 659/909/269 348/468/353
f 348/468/353 659/909/269 349/469/372
f 659/909/269 660/910/775 349/469/372
f 349/469/372 660/910/775 350/470/373
f 660/910/775 661/911/776 350/470/373
f 350/470/373 661/911/776 351/471/374
f 661/911/776 662/912/777 351/471/374
f 351/471/374 662/912/777 352/472/375
f 662/912/777 663/913/778 352/472/375
f 352/472/375 663/913/778 353/473/376
f 663/913/778 664/914/779 353/473/376
f 353/473/376 664/914/779 354/474/377
f 664/914/779 665/915/780 354/474/377
f 354/474/377 665/915/780 355/475/378
f 665/915/780 666/916/781 355/475/378
f 355/475/378 666/916/781 356/476/379
f 666/916/781 667/917/782 356/476/379
f 356/476/379 667/917/782 357/477/380
f 667/917/782 668/918/783 357/477/380
f 357/477/380 668/918/783 358/478/381
f 668/918/783 669/919/784 358/478/381
f 358/478/381 669/919/784 359/479/382
f 669/919/784 670/920/785 359/479/382
f 359/479/382 670/920/785 360/480/383
f 670/920/785 671/921/786 360/480/383
f 360/480/383 671/921/786 361/481/384
f 671/921/786 672/922/787 361/481/384
f 361/481/384 672/922/787 362/482/385
f 672/922/787 673/923/788 362/482/385
f 362/482/385 673/923/788 363/483/386
f 673/923/788 674/924/789 363/483/386
f 363/483/386 674/924/789 364/484/387
f 674/924/789 675/925/790 364/484/387
f 364/484/387 675/925/790 365/485/388
f 675/925/790 676/926/791 365/485/388
f 365/485/388 676/926/791 366/486/389
f 676/926/791 677/927/792 366/486/389
f 366/486/389 677/927/792 367/487/390
f 677/927/792 678/928/793 367/487/390
f 367/487/390 678/928/793 368/488/391
f 678/928/793 679/929/794 368/488/391
f 368/488/391 679/929/794 369/489/392
f 679/929/794 680/930/795 369/489/392
f 369/489/392 680/930/795 370/490/393
f 680/930/795 681/931/796 370/490/393
f 370/490/393 681/931/796 371/491/394
f 681/931/796 682/932/797 371/491/394
f 371/491/394 682/932/797 372/492/395
f 682/932/797 683/933/798 372/492/395
f 372/492/395 683/933/798 373/493/396
f 683/933/798 684/934/799 373/493/396
f 373/493/396 684/934/799 374/494/397
f 684/934/799 685/935/800 374/494/397
f 374/494/397 685/935/800 375/495/398
f 685/935/800 686/936/801 375/495/398
f 375/495/398 686/936/801 376/496/399
f 686/936/801 687/937/802 376/496/399
f 376/496/399 687/937/802 377/497/400
f 687/937/802 688/938/803 377/497/400
f 377/497/400 688/938/803 378/498/401
f 688/938/803 689/939/804 378/498/401
f 378/498/401 689/939/804 379/499/402
f 2871/859/730 2872/850/720 2677/904/772
f 379/499/402 689/939/804 690/507/805
f 2678/870/740 2871/859/730 2677/904/772
f 690/507/805 689/939/804 691/611/806
f 2869/869/739 2871/859/730 2678/870/740
f 691/611/806 689/939/804 692/609/807
f 689/939/804 688/938/803 692/609/807
f 692/609/807 688/938/803 693/606/808
f 688/938/803 687/937/802 693/606/808
f 2870/219/809 2871/859/730 2869/869/739
f 2868/221/810 2870/219/809 2869/869/739
f 2865/881/750 2868/221/810 2869/869/739
f 2867/223/811 2868/221/810 2865/881/750
f 694/606/812 687/937/802 695/604/813
f 687/937/802 686/936/801 695/604/813
f 695/604/813 686/936/801 696/602/814
f 686/936/801 685/935/800 696/602/814
f 696/602/814 685/935/800 697/940/815
f 685/935/800 684/934/799 697/940/815
f 697/940/815 684/934/799 698/941/816
f 684/934/799 683/933/798 698/941/816
f 698/941/816 683/933/798 699/942/817
f 683/933/798 682/932/797 699/942/817
f 699/942/817 682/932/797 700/943/818
f 682/932/797 681/931/796 700/943/818
f 700/943/818 681/931/796 701/944/819
f 681/931/796 680/930/795 701/944/819
f 701/944/819 680/930/795 702/945/820
f 680/930/795 679/929/794 702/945/820
f 702/945/820 679/929/794 703/946/821
f 679/929/794 678/928/793 703/946/821
f 703/946/821 678/928/793 704/947/822
f 678/928/793 677/927/792 704/947/822
f 704/947/822 677/927/792 705/948/823
f 677/927/792 676/926/791 705/948/823
f 705/948/823 676/926/791 706/949/824
f 676/926/791 675/925/790 706/949/824
f 706/949/824 675/925/790 707/950/825
f 675/925/790 674/924/789 707/950/825
f 707/950/825 674/924/789 708/951/826
f 674/924/789 673/923/788 708/951/826
f 708/951/826 673/923/788 709/952/827
f 673/923/788 672/922/787 709/952/827
f 709/952/827 672/922/787 710/953/828
f 672/922/787 671/921/786 710/953/828
f 710/953/828 671/921/786 711/954/829
f 671/921/786 670/920/785 711/954/829
f 711/954/829 670/920/785 712/955/830
f 670/920/785 669/919/784 712/955/830
f 712/955/830 669/919/784 713/956/831
f 669/919/784 668/918/783 713/956/831
f 713/956/831 668/918/783 714/957/832
f 668/918/783 667/917/782 714/957/832
f 714/957/832 667/917/782 715/958/833
f 667/917/782 666/916/781 715/958/833
f 715/958/833 666/916/781 716/959/834
f 666/916/781 665/915/780 716/959/834
f 716/959/834 665/915/780 717/960/835
f 665/915/780 664/914/779 717/960/835
f 717/960/835 664/914/779 718/961/836
f 664/914/779 663/913/778 718/961/836
f 718/961/836 663/913/778 719/962/837
f 663/913/778 662/912/777 719/962/837
f 719/962/837 662/912/777 720/963/838
f 662/912/777 661/911/776 720/963/838
f 720/963/838 661/911/776 721/964/839
f 661/911/776 660/910/775 721/964/839
f 721/964/839 660/910/775 722/965/840
f 660/910/775 659/909/269 722/965/840
f 722/965/840 659/909/269 723/966/841
f 659/909/269 658/908/774 723/966/841
f 723/966/841 658/908/774 724/967/842
f 658/908/774 657/907/773 724/967/842
f 724/967/842 657/907/773 725/968/843
f 657/907/773 656/906/356 725/968/843
f 725/968/843 656/906/356 726/969/844
f 656/906/356 655/905/360 726/969/844
f 726/969/844 655/905/360 727/970/845
f 655/905/360 654/903/771 727/970/845
f 2866/225/846 2867/223/811 2865/881/750
f 654/903/771 653/902/771 727/970/845
f 727/970/845 653/902/771 728/971/770
f 653/902/771 652/901/770 728/971/770
f 728/971/770 652/901/770 729/972/847
f 652/901/770 651/900/769 729/972/847
f 729/972/847 651/900/769 730/973/848
f 651/900/769 650/899/768 730/973/848
f 730/973/848 650/899/768 731/974/849
f 650/899/768 649/898/767 731/974/849
f 731/974/849 649/898/767 732/975/850
f 649/898/767 648/897/766 732/975/850
f 732/975/850 648/897/766 733/976/851
f 648/897/766 647/896/765 733/976/851
f 733/976/851 647/896/765 734/977/852
f 647/896/765 646/895/764 734/977/852
f 734/977/852 646/895/764 735/978/853
f 2860/979/854 2866/225/846 2865/881/750
f 735/978/853 646/895/764 736/980/855
f 646/895/764 645/894/763 736/980/855
f 736/980/855 645/894/763 737/981/856
f 645/894/763 644/893/762 737/981/856
f 737/981/856 644/893/762 738/982/857
f 644/893/762 643/892/761 738/982/857
f 738/982/857 643/892/761 739/983/858
f 643/892/761 642/891/760 739/983/858
f 739/983/858 642/891/760 740/984/859
f 642/891/760 641/890/759 740/984/859
f 740/984/859 641/890/759 741/985/860
f 641/890/759 640/889/758 741/985/860
f 741/985/860 640/889/758 742/986/861
f 640/889/758 639/888/757 742/986/861
f 742/986/861 639/888/757 743/987/862
f 639/888/757 638/887/756 743/987/862
f 743/987/862 638/887/756 744/988/863
f 638/887/756 637/886/755 744/988/863
f 744/988/863 637/886/755 745/989/864
f 637/886/755 636/884/753 745/989/864
f 745/989/864 636/884/753 746/990/865
f 636/884/753 635/882/633 746/990/865
f 746/990/865 635/882/633 747/991/866
f 635/882/633 538/754/633 747/991/866
f 747/991/866 538/754/633 748/992/867
f 538/754/633 537/753/616 748/992/867
f 748/992/867 537/753/616 749/993/868
f 537/753/616 536/752/632 749/993/868
f 749/993/868 536/752/632 750/994/869
f 536/752/632 535/751/631 750/994/869
f 750/994/869 535/751/631 751/995/589
f 535/751/631 518/729/595 751/995/589
f 2679/868/738 2860/979/854 2865/881/750
f 518/729/595 517/728/612 751/995/589
f 751/995/589 517/728/612 752/996/870
f 517/728/612 516/727/611 752/996/870
f 2680/997/871 2860/979/854 2679/868/738
f 2858/998/872 2861/261/873 2859/999/874
f 2864/263/875 2861/261/873 2858/998/872
f 2857/1000/876 2864/263/875 2858/998/872
f 696/602/814 697/940/815 753/595/877
f 2863/265/878 2864/263/875 2857/1000/876
f 2685/1001/879 2855/1002/880 2684/1003/881
f 2851/1004/882 2855/1002/880 2685/1001/879
f 2860/979/854 2861/261/873 2862/225/883
f 752/996/870 754/1005/884 751/995/589
f 751/995/589 754/1005/884 750/994/869
f 754/1005/884 755/1006/885 750/994/869
f 750/994/869 755/1006/885 749/993/868
f 755/1006/885 756/1007/886 749/993/868
f 749/993/868 756/1007/886 748/992/867
f 756/1007/886 757/1008/887 748/992/867
f 748/992/867 757/1008/887 747/991/866
f 757/1008/887 758/1009/888 747/991/866
f 747/991/866 758/1009/888 746/990/865
f 758/1009/888 759/1010/889 746/990/865
f 746/990/865 759/1010/889 745/989/864
f 759/1010/889 760/1011/890 745/989/864
f 745/989/864 760/1011/890 744/988/863
f 760/1011/890 761/1012/891 744/988/863
f 744/988/863 761/1012/891 743/987/862
f 761/1012/891 762/1013/892 743/987/862
f 743/987/862 762/1013/892 742/986/861
f 762/1013/892 763/1014/893 742/986/861
f 742/986/861 763/1014/893 741/985/860
f 763/1014/893 764/1015/894 741/985/860
f 741/985/860 764/1015/894 740/984/859
f 764/1015/894 765/1016/895 740/984/859
f 740/984/859 765/1016/895 739/983/858
f 765/1016/895 766/1017/896 739/983/858
f 739/983/858 766/1017/896 738/982/857
f 766/1017/896 767/1018/897 738/982/857
f 738/982/857 767/1018/897 737/981/856
f 767/1018/897 768/1019/898 737/981/856
f 737/981/856 768/1019/898 736/980/855
f 768/1019/898 769/1020/899 736/980/855
f 736/980/855 769/1020/899 735/978/853
f 769/1020/899 770/1021/900 735/978/853
f 2859/999/874 2861/261/873 2860/979/854
f 770/1021/900 771/1022/901 735/978/853
f 735/978/853 771/1022/901 734/977/852
f 771/1022/901 772/1023/902 734/977/852
f 734/977/852 772/1023/902 733/976/851
f 772/1023/902 773/1024/903 733/976/851
f 733/976/851 773/1024/903 732/975/850
f 773/1024/903 774/1025/904 732/975/850
f 732/975/850 774/1025/904 731/974/849
f 774/1025/904 775/1026/905 731/974/849
f 731/974/849 775/1026/905 730/973/848
f 775/1026/905 776/1027/906 730/973/848
f 730/973/848 776/1027/906 729/972/847
f 776/1027/906 777/1028/907 729/972/847
f 729/972/847 777/1028/907 728/971/770
f 777/1028/907 778/1029/908 728/971/770
f 728/971/770 778/1029/908 727/970/845
f 2680/997/871 2859/999/874 2860/979/854
f 727/970/845 778/1029/908 726/969/844
f 778/1029/908 779/1030/909 726/969/844
f 726/969/844 779/1030/909 725/968/843
f 779/1030/909 780/1031/910 725/968/843
f 725/968/843 780/1031/910 724/967/842
f 780/1031/910 781/1032/911 724/967/842
f 724/967/842 781/1032/911 723/966/841
f 781/1032/911 782/1033/912 723/966/841
f 723/966/841 782/1033/912 722/965/840
f 782/1033/912 783/1034/913 722/965/840
f 722/965/840 783/1034/913 721/964/839
f 783/1034/913 784/1035/914 721/964/839
f 721/964/839 784/1035/914 720/963/838
f 784/1035/914 785/1036/915 720/963/838
f 720/963/838 785/1036/915 719/962/837
f 785/1036/915 786/1037/916 719/962/837
f 719/962/837 786/1037/916 718/961/836
f 786/1037/916 787/1038/917 718/961/836
f 718/961/836 787/1038/917 717/960/835
f 787/1038/917 788/1039/918 717/960/835
f 717/960/835 788/1039/918 716/959/834
f 788/1039/918 789/1040/919 716/959/834
f 716/959/834 789/1040/919 715/958/833
f 789/1040/919 790/1041/920 715/958/833
f 715/958/833 790/1041/920 714/957/832
f 790/1041/920 791/1042/921 714/957/832
f 714/957/832 791/1042/921 713/956/831
f 791/1042/921 792/1043/922 713/956/831
f 713/956/831 792/1043/922 712/955/830
f 792/1043/922 793/1044/923 712/955/830
f 712/955/830 793/1044/923 711/954/829
f 793/1044/923 794/1045/924 711/954/829
f 711/954/829 794/1045/924 710/953/828
f 794/1045/924 795/1046/925 710/953/828
f 710/953/828 795/1046/925 709/952/827
f 795/1046/925 796/1047/926 709/952/827
f 709/952/827 796/1047/926 708/951/826
f 796/1047/926 797/1048/927 708/951/826
f 708/951/826 797/1048/927 707/950/825
f 797/1048/927 798/1049/928 707/950/825
f 707/950/825 798/1049/928 706/949/824
f 798/1049/928 799/1050/929 706/949/824
f 706/949/824 799/1050/929 705/948/823
f 799/1050/929 800/1051/930 705/948/823
f 705/948/823 800/1051/930 704/947/822
f 800/1051/930 801/1052/931 704/947/822
f 704/947/822 801/1052/931 703/946/821
f 801/1052/931 802/1053/932 703/946/821
f 703/946/821 802/1053/932 702/945/820
f 802/1053/932 803/1054/933 702/945/820
f 702/945/820 803/1054/933 701/944/819
f 803/1054/933 804/1055/934 701/944/819
f 701/944/819 804/1055/934 700/943/818
f 804/1055/934 805/1056/935 700/943/818
f 700/943/818 805/1056/935 699/942/817
f 805/1056/935 806/1057/936 699/942/817
f 699/942/817 806/1057/936 698/941/816
f 806/1057/936 807/1058/937 698/941/816
f 698/941/816 807/1058/937 697/940/815
f 2681/1059/938 2859/999/874 2680/997/871
f 697/940/815 807/1058/937 808/595/939
f 2682/1060/940 2859/999/874 2681/1059/938
f 808/595/939 807/1058/937 809/589/941
f 2858/998/872 2859/999/874 2682/1060/940
f 809/589/941 807/1058/937 810/585/942
f 807/1058/937 806/1057/936 810/585/942
f 810/585/942 806/1057/936 811/583/943
f 806/1057/936 805/1056/935 811/583/943
f 2683/1061/944 2858/998/872 2682/1060/940
f 2857/1000/876 2858/998/872 2683/1061/944
f 2684/1003/881 2857/1000/876 2683/1061/944
f 2855/1002/880 2857/1000/876 2684/1003/881
f 812/583/945 805/1056/935 813/578/946
f 805/1056/935 804/1055/934 813/578/946
f 813/578/946 804/1055/934 814/576/947
f 804/1055/934 803/1054/933 814/576/947
f 814/576/947 803/1054/933 815/1062/948
f 803/1054/933 802/1053/932 815/1062/948
f 815/1062/948 802/1053/932 816/1063/949
f 802/1053/932 801/1052/931 816/1063/949
f 816/1063/949 801/1052/931 817/1064/950
f 801/1052/931 800/1051/930 817/1064/950
f 817/1064/950 800/1051/930 818/1065/951
f 800/1051/930 799/1050/929 818/1065/951
f 818/1065/951 799/1050/929 819/1066/952
f 799/1050/929 798/1049/928 819/1066/952
f 819/1066/952 798/1049/928 820/1067/953
f 798/1049/928 797/1048/927 820/1067/953
f 820/1067/953 797/1048/927 821/1068/954
f 797/1048/927 796/1047/926 821/1068/954
f 821/1068/954 796/1047/926 822/1069/955
f 796/1047/926 795/1046/925 822/1069/955
f 822/1069/955 795/1046/925 823/1070/956
f 795/1046/925 794/1045/924 823/1070/956
f 823/1070/956 794/1045/924 824/1071/957
f 794/1045/924 793/1044/923 824/1071/957
f 824/1071/957 793/1044/923 825/1072/958
f 793/1044/923 792/1043/922 825/1072/958
f 825/1072/958 792/1043/922 826/1073/959
f 792/1043/922 791/1042/921 826/1073/959
f 826/1073/959 791/1042/921 827/1074/960
f 791/1042/921 790/1041/920 827/1074/960
f 827/1074/960 790/1041/920 828/1075/961
f 790/1041/920 789/1040/919 828/1075/961
f 828/1075/961 789/1040/919 829/1076/962
f 789/1040/919 788/1039/918 829/1076/962
f 829/1076/962 788/1039/918 830/1077/963
f 788/1039/918 787/1038/917 830/1077/963
f 830/1077/963 787/1038/917 831/1078/964
f 787/1038/917 786/1037/916 831/1078/964
f 831/1078/964 786/1037/916 832/1079/965
f 786/1037/916 785/1036/915 832/1079/965
f 832/1079/965 785/1036/915 833/1080/966
f 785/1036/915 784/1035/914 833/1080/966
f 833/1080/966 784/1035/914 834/1081/967
f 784/1035/914 783/1034/913 834/1081/967
f 834/1081/967 783/1034/913 835/1082/968
f 783/1034/913 782/1033/912 835/1082/968
f 835/1082/968 782/1033/912 836/1083/969
f 782/1033/912 781/1032/911 836/1083/969
f 836/1083/969 781/1032/911 837/1084/970
f 781/1032/911 780/1031/910 837/1084/970
f 837/1084/970 780/1031/910 838/1085/971
f 780/1031/910 779/1030/909 838/1085/971
f 838/1085/971 779/1030/909 839/1086/972
f 779/1030/909 778/1029/908 839/1086/972
f 2856/265/973 2857/1000/876 2855/1002/880
f 778/1029/908 777/1028/907 839/1086/972
f 839/1086/972 777/1028/907 840/1087/974
f 777/1028/907 776/1027/906 840/1087/974
f 840/1087/974 776/1027/906 841/1088/975
f 776/1027/906 775/1026/905 841/1088/975
f 841/1088/975 775/1026/905 842/1089/976
f 775/1026/905 774/1025/904 842/1089/976
f 842/1089/976 774/1025/904 843/1090/977
f 774/1025/904 773/1024/903 843/1090/977
f 843/1090/977 773/1024/903 844/1091/978
f 773/1024/903 772/1023/902 844/1091/978
f 844/1091/978 772/1023/902 845/1092/979
f 772/1023/902 771/1022/901 845/1092/979
f 845/1092/979 771/1022/901 846/1093/980
f 771/1022/901 770/1021/900 846/1093/980
f 846/1093/980 770/1021/900 847/1094/981
f 2854/267/982 2856/265/973 2855/1002/880
f 847/1094/981 770/1021/900 848/1095/983
f 770/1021/900 769/1020/899 848/1095/983
f 848/1095/983 769/1020/899 849/1096/984
f 769/1020/899 768/1019/898 849/1096/984
f 849/1096/984 768/1019/898 850/1097/985
f 768/1019/898 767/1018/897 850/1097/985
f 850/1097/985 767/1018/897 851/1098/986
f 767/1018/897 766/1017/896 851/1098/986
f 851/1098/986 766/1017/896 852/1099/987
f 766/1017/896 765/1016/895 852/1099/987
f 852/1099/987 765/1016/895 853/1100/988
f 765/1016/895 764/1015/894 853/1100/988
f 853/1100/988 764/1015/894 854/1101/989
f 764/1015/894 763/1014/893 854/1101/989
f 854/1101/989 763/1014/893 855/1102/990
f 763/1014/893 762/1013/892 855/1102/990
f 855/1102/990 762/1013/892 856/1103/991
f 762/1013/892 761/1012/891 856/1103/991
f 856/1103/991 761/1012/891 857/1104/992
f 761/1012/891 760/1011/890 857/1104/992
f 857/1104/992 760/1011/890 858/1105/993
f 760/1011/890 759/1010/889 858/1105/993
f 858/1105/993 759/1010/889 859/1106/994
f 759/1010/889 758/1009/888 859/1106/994
f 859/1106/994 758/1009/888 860/1107/995
f 758/1009/888 757/1008/887 860/1107/995
f 860/1107/995 757/1008/887 861/1108/996
f 757/1008/887 756/1007/886 861/1108/996
f 861/1108/996 756/1007/886 862/1109/997
f 756/1007/886 755/1006/885 862/1109/997
f 862/1109/997 755/1006/885 863/1110/998
f 755/1006/885 754/1005/884 863/1110/998
f 863/1110/998 754/1005/884 864/1111/999
f 754/1005/884 752/996/870 864/1111/999
f 864/1111/999 752/996/870 865/1112/1000
f 752/996/870 516/727/611 865/1112/1000
f 865/1112/1000 516/727/611 866/1113/1001
f 516/727/611 515/726/591 866/1113/1001
f 866/1113/1001 515/726/591 867/1114/1002
f 515/726/591 514/725/568 867/1114/1002
f 867/1114/1002 514/725/568 868/1115/1003
f 514/725/568 513/724/610 868/1115/1003
f 868/1115/1003 513/724/610 869/1116/584
f 513/724/610 496/698/582 869/1116/584
f 2851/1004/882 2854/267/982 2855/1002/880
f 496/698/582 495/697/581 869/1116/584
f 869/1116/584 495/697/581 870/1117/564
f 495/697/581 494/696/579 870/1117/564
f 2853/300/1004 2854/267/982 2851/1004/882
f 2852/304/1005 2853/300/1004 2851/1004/882
f 2846/1118/1006 2852/304/1005 2851/1004/882
f 2685/1001/879 2846/1118/1006 2851/1004/882
f 814/576/947 815/1062/948 871/574/1007
f 2686/1119/1008 2846/1118/1006 2685/1001/879
f 2844/1120/1009 2847/306/1010 2845/1121/1011
f 2850/308/1012 2847/306/1010 2844/1120/1009
f 2843/1122/1013 2850/308/1012 2844/1120/1009
f 870/1117/564 872/1123/1014 869/1116/584
f 869/1116/584 872/1123/1014 868/1115/1003
f 872/1123/1014 873/1124/1015 868/1115/1003
f 868/1115/1003 873/1124/1015 867/1114/1002
f 873/1124/1015 874/1125/1016 867/1114/1002
f 867/1114/1002 874/1125/1016 866/1113/1001
f 874/1125/1016 875/1126/1017 866/1113/1001
f 866/1113/1001 875/1126/1017 865/1112/1000
f 875/1126/1017 876/1127/1018 865/1112/1000
f 865/1112/1000 876/1127/1018 864/1111/999
f 876/1127/1018 877/1128/1019 864/1111/999
f 864/1111/999 877/1128/1019 863/1110/998
f 877/1128/1019 878/1129/1020 863/1110/998
f 863/1110/998 878/1129/1020 862/1109/997
f 878/1129/1020 879/1130/1021 862/1109/997
f 862/1109/997 879/1130/1021 861/1108/996
f 879/1130/1021 880/1131/1022 861/1108/996
f 861/1108/996 880/1131/1022 860/1107/995
f 880/1131/1022 881/1132/1023 860/1107/995
f 860/1107/995 881/1132/1023 859/1106/994
f 881/1132/1023 882/1133/1024 859/1106/994
f 859/1106/994 882/1133/1024 858/1105/993
f 882/1133/1024 883/1134/1025 858/1105/993
f 858/1105/993 883/1134/1025 857/1104/992
f 883/1134/1025 884/1135/1026 857/1104/992
f 857/1104/992 884/1135/1026 856/1103/991
f 884/1135/1026 885/1136/1027 856/1103/991
f 856/1103/991 885/1136/1027 855/1102/990
f 885/1136/1027 886/1137/1028 855/1102/990
f 855/1102/990 886/1137/1028 854/1101/989
f 886/1137/1028 887/1138/1029 854/1101/989
f 854/1101/989 887/1138/1029 853/1100/988
f 887/1138/1029 888/1139/1030 853/1100/988
f 853/1100/988 888/1139/1030 852/1099/987
f 888/1139/1030 889/1140/1031 852/1099/987
f 852/1099/987 889/1140/1031 851/1098/986
f 889/1140/1031 890/1141/1032 851/1098/986
f 851/1098/986 890/1141/1032 850/1097/985
f 890/1141/1032 891/1142/1033 850/1097/985
f 850/1097/985 891/1142/1033 849/1096/984
f 891/1142/1033 892/1143/1034 849/1096/984
f 849/1096/984 892/1143/1034 848/1095/983
f 892/1143/1034 893/1144/1035 848/1095/983
f 848/1095/983 893/1144/1035 847/1094/981
f 893/1144/1035 894/1145/1036 847/1094/981
f 2849/310/1037 2850/308/1012 2843/1122/1013
f 894/1145/1036 895/1146/1038 847/1094/981
f 847/1094/981 895/1146/1038 846/1093/980
f 895/1146/1038 896/1147/1039 846/1093/980
f 846/1093/980 896/1147/1039 845/1092/979
f 896/1147/1039 897/1148/1040 845/1092/979
f 845/1092/979 897/1148/1040 844/1091/978
f 897/1148/1040 898/1149/1041 844/1091/978
f 844/1091/978 898/1149/1041 843/1090/977
f 898/1149/1041 899/1150/1042 843/1090/977
f 843/1090/977 899/1150/1042 842/1089/976
f 899/1150/1042 900/1151/1043 842/1089/976
f 842/1089/976 900/1151/1043 841/1088/975
f 900/1151/1043 901/1152/1044 841/1088/975
f 841/1088/975 901/1152/1044 840/1087/974
f 901/1152/1044 902/1153/1045 840/1087/974
f 840/1087/974 902/1153/1045 839/1086/972
f 2691/1154/1046 2841/1155/1047 2690/1156/1048
f 839/1086/972 902/1153/1045 838/1085/971
f 902/1153/1045 903/1157/1049 838/1085/971
f 838/1085/971 903/1157/1049 837/1084/970
f 903/1157/1049 904/1158/1050 837/1084/970
f 837/1084/970 904/1158/1050 836/1083/969
f 904/1158/1050 905/1159/1051 836/1083/969
f 836/1083/969 905/1159/1051 835/1082/968
f 905/1159/1051 906/1160/1052 835/1082/968
f 835/1082/968 906/1160/1052 834/1081/967
f 906/1160/1052 907/1161/1053 834/1081/967
f 834/1081/967 907/1161/1053 833/1080/966
f 907/1161/1053 908/1162/1054 833/1080/966
f 833/1080/966 908/1162/1054 832/1079/965
f 908/1162/1054 909/1163/1055 832/1079/965
f 832/1079/965 909/1163/1055 831/1078/964
f 909/1163/1055 910/1164/1056 831/1078/964
f 831/1078/964 910/1164/1056 830/1077/963
f 910/1164/1056 911/1165/1057 830/1077/963
f 830/1077/963 911/1165/1057 829/1076/962
f 911/1165/1057 912/1166/1058 829/1076/962
f 829/1076/962 912/1166/1058 828/1075/961
f 912/1166/1058 913/1167/1059 828/1075/961
f 828/1075/961 913/1167/1059 827/1074/960
f 913/1167/1059 914/1168/1060 827/1074/960
f 827/1074/960 914/1168/1060 826/1073/959
f 914/1168/1060 915/1169/1061 826/1073/959
f 826/1073/959 915/1169/1061 825/1072/958
f 915/1169/1061 916/1170/1062 825/1072/958
f 825/1072/958 916/1170/1062 824/1071/957
f 916/1170/1062 917/1171/1063 824/1071/957
f 824/1071/957 917/1171/1063 823/1070/956
f 917/1171/1063 918/1172/1064 823/1070/956
f 823/1070/956 918/1172/1064 822/1069/955
f 918/1172/1064 919/1173/1065 822/1069/955
f 822/1069/955 919/1173/1065 821/1068/954
f 919/1173/1065 920/1174/1066 821/1068/954
f 821/1068/954 920/1174/1066 820/1067/953
f 920/1174/1066 921/1175/1067 820/1067/953
f 820/1067/953 921/1175/1067 819/1066/952
f 921/1175/1067 922/1176/1068 819/1066/952
f 819/1066/952 922/1176/1068 818/1065/951
f 922/1176/1068 923/1177/1069 818/1065/951
f 818/1065/951 923/1177/1069 817/1064/950
f 923/1177/1069 924/1178/1070 817/1064/950
f 817/1064/950 924/1178/1070 816/1063/949
f 924/1178/1070 925/1179/1071 816/1063/949
f 816/1063/949 925/1179/1071 815/1062/948
f 2837/1180/1072 2841/1155/1047 2691/1154/1046
f 815/1062/948 925/1179/1071 926/574/1073
f 2846/1118/1006 2847/306/1010 2848/304/1074
f 926/574/1073 925/1179/1071 927/572/1075
f 2845/1121/1011 2847/306/1010 2846/1118/1006
f 927/572/1075 925/1179/1071 928/568/1076
f 925/1179/1071 924/1178/1070 928/568/1076
f 928/568/1076 924/1178/1070 929/564/1077
f 924/1178/1070 923/1177/1069 929/564/1077
f 2686/1119/1008 2845/1121/1011 2846/1118/1006
f 2687/1181/1078 2845/1121/1011 2686/1119/1008
f 2688/1182/1079 2845/1121/1011 2687/1181/1078
f 2844/1120/1009 2845/1121/1011 2688/1182/1079
f 930/564/1080 923/1177/1069 931/543/1081
f 923/1177/1069 922/1176/1068 931/543/1081
f 931/543/1081 922/1176/1068 932/541/1082
f 922/1176/1068 921/1175/1067 932/541/1082
f 932/541/1082 921/1175/1067 933/1183/1083
f 921/1175/1067 920/1174/1066 933/1183/1083
f 933/1183/1083 920/1174/1066 934/1184/1084
f 920/1174/1066 919/1173/1065 934/1184/1084
f 934/1184/1084 919/1173/1065 935/1185/1085
f 919/1173/1065 918/1172/1064 935/1185/1085
f 935/1185/1085 918/1172/1064 936/1186/1086
f 918/1172/1064 917/1171/1063 936/1186/1086
f 936/1186/1086 917/1171/1063 937/1187/1087
f 917/1171/1063 916/1170/1062 937/1187/1087
f 937/1187/1087 916/1170/1062 938/1188/1088
f 916/1170/1062 915/1169/1061 938/1188/1088
f 938/1188/1088 915/1169/1061 939/1189/1089
f 915/1169/1061 914/1168/1060 939/1189/1089
f 939/1189/1089 914/1168/1060 940/1190/1090
f 914/1168/1060 913/1167/1059 940/1190/1090
f 940/1190/1090 913/1167/1059 941/1191/1091
f 913/1167/1059 912/1166/1058 941/1191/1091
f 941/1191/1091 912/1166/1058 942/1192/1092
f 912/1166/1058 911/1165/1057 942/1192/1092
f 942/1192/1092 911/1165/1057 943/1193/1093
f 911/1165/1057 910/1164/1056 943/1193/1093
f 943/1193/1093 910/1164/1056 944/1194/1094
f 910/1164/1056 909/1163/1055 944/1194/1094
f 944/1194/1094 909/1163/1055 945/1195/1095
f 909/1163/1055 908/1162/1054 945/1195/1095
f 945/1195/1095 908/1162/1054 946/1196/1096
f 908/1162/1054 907/1161/1053 946/1196/1096
f 946/1196/1096 907/1161/1053 947/1197/1097
f 907/1161/1053 906/1160/1052 947/1197/1097
f 947/1197/1097 906/1160/1052 948/1198/1098
f 906/1160/1052 905/1159/1051 948/1198/1098
f 948/1198/1098 905/1159/1051 949/1199/1099
f 905/1159/1051 904/1158/1050 949/1199/1099
f 949/1199/1099 904/1158/1050 950/1200/1100
f 904/1158/1050 903/1157/1049 950/1200/1100
f 950/1200/1100 903/1157/1049 951/1201/1101
f 903/1157/1049 902/1153/1045 951/1201/1101
f 2689/1202/1102 2844/1120/1009 2688/1182/1079
f 902/1153/1045 901/1152/1044 951/1201/1101
f 951/1201/1101 901/1152/1044 952/1203/1103
f 901/1152/1044 900/1151/1043 952/1203/1103
f 952/1203/1103 900/1151/1043 953/1204/1104
f 900/1151/1043 899/1150/1042 953/1204/1104
f 953/1204/1104 899/1150/1042 954/1205/1105
f 899/1150/1042 898/1149/1041 954/1205/1105
f 954/1205/1105 898/1149/1041 955/1206/1106
f 898/1149/1041 897/1148/1040 955/1206/1106
f 955/1206/1106 897/1148/1040 956/1207/1107
f 897/1148/1040 896/1147/1039 956/1207/1107
f 956/1207/1107 896/1147/1039 957/1208/1108
f 896/1147/1039 895/1146/1038 957/1208/1108
f 957/1208/1108 895/1146/1038 958/1209/1109
f 895/1146/1038 894/1145/1036 958/1209/1109
f 958/1209/1109 894/1145/1036 959/1210/1110
f 2843/1122/1013 2844/1120/1009 2689/1202/1102
f 959/1210/1110 894/1145/1036 960/1211/1111
f 894/1145/1036 893/1144/1035 960/1211/1111
f 960/1211/1111 893/1144/1035 961/1212/1112
f 893/1144/1035 892/1143/1034 961/1212/1112
f 961/1212/1112 892/1143/1034 962/1213/1113
f 892/1143/1034 891/1142/1033 962/1213/1113
f 962/1213/1113 891/1142/1033 963/1214/1114
f 891/1142/1033 890/1141/1032 963/1214/1114
f 963/1214/1114 890/1141/1032 964/1215/1115
f 890/1141/1032 889/1140/1031 964/1215/1115
f 964/1215/1115 889/1140/1031 965/1216/1116
f 889/1140/1031 888/1139/1030 965/1216/1116
f 965/1216/1116 888/1139/1030 966/1217/1117
f 888/1139/1030 887/1138/1029 966/1217/1117
f 966/1217/1117 887/1138/1029 967/1218/1118
f 887/1138/1029 886/1137/1028 967/1218/1118
f 967/1218/1118 886/1137/1028 968/1219/1119
f 886/1137/1028 885/1136/1027 968/1219/1119
f 968/1219/1119 885/1136/1027 969/1220/1120
f 885/1136/1027 884/1135/1026 969/1220/1120
f 969/1220/1120 884/1135/1026 970/1221/1121
f 884/1135/1026 883/1134/1025 970/1221/1121
f 970/1221/1121 883/1134/1025 971/1222/1122
f 883/1134/1025 882/1133/1024 971/1222/1122
f 971/1222/1122 882/1133/1024 972/1223/1123
f 882/1133/1024 881/1132/1023 972/1223/1123
f 972/1223/1123 881/1132/1023 973/1224/1124
f 881/1132/1023 880/1131/1022 973/1224/1124
f 973/1224/1124 880/1131/1022 974/1225/1125
f 880/1131/1022 879/1130/1021 974/1225/1125
f 974/1225/1125 879/1130/1021 975/1226/1126
f 879/1130/1021 878/1129/1020 975/1226/1126
f 975/1226/1126 878/1129/1020 976/1227/1127
f 878/1129/1020 877/1128/1019 976/1227/1127
f 976/1227/1127 877/1128/1019 977/1228/1128
f 877/1128/1019 876/1127/1018 977/1228/1128
f 977/1228/1128 876/1127/1018 978/1229/1129
f 876/1127/1018 875/1126/1017 978/1229/1129
f 978/1229/1129 875/1126/1017 979/1230/1130
f 875/1126/1017 874/1125/1016 979/1230/1130
f 979/1230/1130 874/1125/1016 980/1231/1131
f 874/1125/1016 873/1124/1015 980/1231/1131
f 980/1231/1131 873/1124/1015 981/1232/1132
f 873/1124/1015 872/1123/1014 981/1232/1132
f 981/1232/1132 872/1123/1014 982/1233/1133
f 872/1123/1014 870/1117/564 982/1233/1133
f 982/1233/1133 870/1117/564 983/1234/1134
f 870/1117/564 494/696/579 983/1234/1134
f 983/1234/1134 494/696/579 984/1235/1135
f 494/696/579 493/695/578 984/1235/1135
f 984/1235/1135 493/695/578 985/1236/1136
f 493/695/578 492/694/564 985/1236/1136
f 985/1236/1136 492/694/564 986/1237/1137
f 492/694/564 491/693/533 986/1237/1137
f 986/1237/1137 491/693/533 987/1238/1138
f 491/693/533 474/668/541 987/1238/1138
f 2690/1156/1048 2843/1122/1013 2689/1202/1102
f 474/668/541 473/667/556 987/1238/1138
f 987/1238/1138 473/667/556 988/1239/533
f 473/667/556 472/664/533 988/1239/533
f 2841/1155/1047 2843/1122/1013 2690/1156/1048
f 2842/310/1139 2843/1122/1013 2841/1155/1047
f 2840/352/1140 2842/310/1139 2841/1155/1047
f 2837/1180/1072 2840/352/1140 2841/1155/1047
f 932/541/1082 933/1183/1083 989/537/1141
f 2839/354/1142 2840/352/1140 2837/1180/1072
f 2838/356/1143 2839/354/1142 2837/1180/1072
f 2832/1240/1144 2838/356/1143 2837/1180/1072
f 2691/1154/1046 2832/1240/1144 2837/1180/1072
f 988/1239/533 990/1241/1145 987/1238/1138
f 987/1238/1138 990/1241/1145 986/1237/1137
f 990/1241/1145 991/1242/1146 986/1237/1137
f 986/1237/1137 991/1242/1146 985/1236/1136
f 991/1242/1146 992/1243/1147 985/1236/1136
f 985/1236/1136 992/1243/1147 984/1235/1135
f 992/1243/1147 993/1244/1148 984/1235/1135
f 984/1235/1135 993/1244/1148 983/1234/1134
f 993/1244/1148 994/1245/1149 983/1234/1134
f 983/1234/1134 994/1245/1149 982/1233/1133
f 994/1245/1149 995/1246/1150 982/1233/1133
f 982/1233/1133 995/1246/1150 981/1232/1132
f 995/1246/1150 996/1247/1151 981/1232/1132
f 981/1232/1132 996/1247/1151 980/1231/1131
f 996/1247/1151 997/1248/1152 980/1231/1131
f 980/1231/1131 997/1248/1152 979/1230/1130
f 997/1248/1152 998/1249/1153 979/1230/1130
f 979/1230/1130 998/1249/1153 978/1229/1129
f 998/1249/1153 999/1250/1154 978/1229/1129
f 978/1229/1129 999/1250/1154 977/1228/1128
f 999/1250/1154 1000/1251/1155 977/1228/1128
f 977/1228/1128 1000/1251/1155 976/1227/1127
f 1000/1251/1155 1001/1252/1156 976/1227/1127
f 976/1227/1127 1001/1252/1156 975/1226/1126
f 1001/1252/1156 1002/1253/1157 975/1226/1126
f 975/1226/1126 1002/1253/1157 974/1225/1125
f 1002/1253/1157 1003/1254/1158 974/1225/1125
f 974/1225/1125 1003/1254/1158 973/1224/1124
f 1003/1254/1158 1004/1255/1159 973/1224/1124
f 973/1224/1124 1004/1255/1159 972/1223/1123
f 1004/1255/1159 1005/1256/1160 972/1223/1123
f 972/1223/1123 1005/1256/1160 971/1222/1122
f 1005/1256/1160 1006/1257/1161 971/1222/1122
f 971/1222/1122 1006/1257/1161 970/1221/1121
f 1006/1257/1161 1007/1258/1162 970/1221/1121
f 970/1221/1121 1007/1258/1162 969/1220/1120
f 1007/1258/1162 1008/1259/1163 969/1220/1120
f 969/1220/1120 1008/1259/1163 968/1219/1119
f 1008/1259/1163 1009/1260/1164 968/1219/1119
f 968/1219/1119 1009/1260/1164 967/1218/1118
f 1009/1260/1164 1010/1261/1165 967/1218/1118
f 967/1218/1118 1010/1261/1165 966/1217/1117
f 1010/1261/1165 1011/1262/1166 966/1217/1117
f 966/1217/1117 1011/1262/1166 965/1216/1116
f 1011/1262/1166 1012/1263/1167 965/1216/1116
f 965/1216/1116 1012/1263/1167 964/1215/1115
f 1012/1263/1167 1013/1264/1168 964/1215/1115
f 964/1215/1115 1013/1264/1168 963/1214/1114
f 1013/1264/1168 1014/1265/1169 963/1214/1114
f 963/1214/1114 1014/1265/1169 962/1213/1113
f 1014/1265/1169 1015/1266/1170 962/1213/1113
f 962/1213/1113 1015/1266/1170 961/1212/1112
f 1015/1266/1170 1016/1267/1171 961/1212/1112
f 961/1212/1112 1016/1267/1171 960/1211/1111
f 1016/1267/1171 1017/1268/1172 960/1211/1111
f 960/1211/1111 1017/1268/1172 959/1210/1110
f 2692/1269/1173 2832/1240/1144 2691/1154/1046
f 959/1210/1110 1017/1268/1172 1018/1270/1174
f 1017/1268/1172 1019/309/1175 1018/1270/1174
f 2830/1271/1176 2833/358/1177 2831/1272/1178
f 1019/309/1175 1020/311/1179 1018/1270/1174
f 1018/1270/1174 1020/311/1179 1021/1273/1180
f 1020/311/1179 1022/353/1181 1021/1273/1180
f 2836/397/1182 2833/358/1177 2830/1271/1176
f 1022/353/1181 1023/355/1183 1021/1273/1180
f 2829/1274/1184 2836/397/1182 2830/1271/1176
f 1023/355/1183 1024/1275/1185 1021/1273/1180
f 1021/1273/1180 1024/1275/1185 1025/1276/1186
f 1024/1275/1185 1026/1277/1187 1025/1276/1186
f 1025/1276/1186 1026/1277/1187 958/1209/1109
f 2835/401/1188 2836/397/1182 2829/1274/1184
f 958/1209/1109 1026/1277/1187 957/1208/1108
f 1026/1277/1187 1027/1278/1189 957/1208/1108
f 957/1208/1108 1027/1278/1189 956/1207/1107
f 2697/1279/1190 2827/1280/1191 2696/1281/1192
f 2823/1282/1193 2827/1280/1191 2697/1279/1190
f 2832/1240/1144 2833/358/1177 2834/356/1194
f 2831/1272/1178 2833/358/1177 2832/1240/1144
f 1021/1273/1180 1025/1276/1186 1018/1270/1174
f 1018/1270/1174 1025/1276/1186 959/1210/1110
f 1025/1276/1186 958/1209/1109 959/1210/1110
f 2692/1269/1173 2831/1272/1178 2832/1240/1144
f 2693/1283/1195 2831/1272/1178 2692/1269/1173
f 2694/1284/1196 2831/1272/1178 2693/1283/1195
f 2830/1271/1176 2831/1272/1178 2694/1284/1196
f 1028/355/1197 1029/357/1198 1024/1275/1185
f 1029/357/1198 1030/1285/1199 1024/1275/1185
f 1024/1275/1185 1030/1285/1199 1026/1277/1187
f 2695/1286/1200 2830/1271/1176 2694/1284/1196
f 1026/1277/1187 1030/1285/1199 1027/1278/1189
f 1030/1285/1199 1031/1287/1201 1027/1278/1189
f 2829/1274/1184 2830/1271/1176 2695/1286/1200
f 1031/1287/1201 1032/1288/1202 1027/1278/1189
f 1027/1278/1189 1032/1288/1202 956/1207/1107
f 2696/1281/1192 2829/1274/1184 2695/1286/1200
f 956/1207/1107 1032/1288/1202 955/1206/1106
f 1032/1288/1202 1033/1289/1203 955/1206/1106
f 955/1206/1106 1033/1289/1203 954/1205/1105
f 1033/1289/1203 1034/1290/1204 954/1205/1105
f 954/1205/1105 1034/1290/1204 953/1204/1104
f 1034/1290/1204 1035/1291/1205 953/1204/1104
f 953/1204/1104 1035/1291/1205 952/1203/1103
f 1035/1291/1205 1036/1292/1206 952/1203/1103
f 952/1203/1103 1036/1292/1206 951/1201/1101
f 2827/1280/1191 2829/1274/1184 2696/1281/1192
f 951/1201/1101 1036/1292/1206 950/1200/1100
f 1036/1292/1206 1037/1293/1207 950/1200/1100
f 950/1200/1100 1037/1293/1207 949/1199/1099
f 1037/1293/1207 1038/1294/1208 949/1199/1099
f 949/1199/1099 1038/1294/1208 948/1198/1098
f 1038/1294/1208 1039/1295/1209 948/1198/1098
f 948/1198/1098 1039/1295/1209 947/1197/1097
f 1039/1295/1209 1040/1296/1210 947/1197/1097
f 947/1197/1097 1040/1296/1210 946/1196/1096
f 1040/1296/1210 1041/1297/1211 946/1196/1096
f 946/1196/1096 1041/1297/1211 945/1195/1095
f 1041/1297/1211 1042/1298/1212 945/1195/1095
f 945/1195/1095 1042/1298/1212 944/1194/1094
f 1042/1298/1212 1043/1299/1213 944/1194/1094
f 944/1194/1094 1043/1299/1213 943/1193/1093
f 1043/1299/1213 1044/1300/1214 943/1193/1093
f 943/1193/1093 1044/1300/1214 942/1192/1092
f 1044/1300/1214 1045/1301/1215 942/1192/1092
f 942/1192/1092 1045/1301/1215 941/1191/1091
f 1045/1301/1215 1046/1302/1216 941/1191/1091
f 941/1191/1091 1046/1302/1216 940/1190/1090
f 1046/1302/1216 1047/1303/1217 940/1190/1090
f 940/1190/1090 1047/1303/1217 939/1189/1089
f 1047/1303/1217 1048/1304/1218 939/1189/1089
f 939/1189/1089 1048/1304/1218 938/1188/1088
f 1048/1304/1218 1049/1305/1219 938/1188/1088
f 938/1188/1088 1049/1305/1219 937/1187/1087
f 1049/1305/1219 1050/1306/1220 937/1187/1087
f 937/1187/1087 1050/1306/1220 936/1186/1086
f 1050/1306/1220 1051/1307/1221 936/1186/1086
f 936/1186/1086 1051/1307/1221 935/1185/1085
f 1051/1307/1221 1052/1308/1222 935/1185/1085
f 935/1185/1085 1052/1308/1222 934/1184/1084
f 1052/1308/1222 1053/1309/1223 934/1184/1084
f 934/1184/1084 1053/1309/1223 933/1183/1083
f 2828/401/1224 2829/1274/1184 2827/1280/1191
f 933/1183/1083 1053/1309/1223 1054/537/1225
f 2826/403/1226 2828/401/1224 2827/1280/1191
f 1054/537/1225 1053/1309/1223 1055/534/1227
f 2823/1282/1193 2826/403/1226 2827/1280/1191
f 1055/534/1227 1053/1309/1223 1056/532/1228
f 1053/1309/1223 1052/1308/1222 1056/532/1228
f 1056/532/1228 1052/1308/1222 1057/530/1229
f 1052/1308/1222 1051/1307/1221 1057/530/1229
f 2825/405/1230 2826/403/1226 2823/1282/1193
f 2824/407/1231 2825/405/1230 2823/1282/1193
f 2818/1310/1232 2824/407/1231 2823/1282/1193
f 2697/1279/1190 2818/1310/1232 2823/1282/1193
f 1058/530/1233 1051/1307/1221 1059/528/1234
f 1051/1307/1221 1050/1306/1220 1059/528/1234
f 1059/528/1234 1050/1306/1220 1060/526/1235
f 1050/1306/1220 1049/1305/1219 1060/526/1235
f 1060/526/1235 1049/1305/1219 1061/1311/1236
f 1049/1305/1219 1048/1304/1218 1061/1311/1236
f 1061/1311/1236 1048/1304/1218 1062/1312/1237
f 1048/1304/1218 1047/1303/1217 1062/1312/1237
f 1062/1312/1237 1047/1303/1217 1063/1313/1238
f 1047/1303/1217 1046/1302/1216 1063/1313/1238
f 1063/1313/1238 1046/1302/1216 1064/1314/1239
f 1046/1302/1216 1045/1301/1215 1064/1314/1239
f 1064/1314/1239 1045/1301/1215 1065/1315/1240
f 1045/1301/1215 1044/1300/1214 1065/1315/1240
f 1065/1315/1240 1044/1300/1214 1066/1316/1241
f 1044/1300/1214 1043/1299/1213 1066/1316/1241
f 1066/1316/1241 1043/1299/1213 1067/1317/1242
f 1043/1299/1213 1042/1298/1212 1067/1317/1242
f 1067/1317/1242 1042/1298/1212 1068/1318/1243
f 1042/1298/1212 1041/1297/1211 1068/1318/1243
f 1068/1318/1243 1041/1297/1211 1069/1319/1244
f 1041/1297/1211 1040/1296/1210 1069/1319/1244
f 1069/1319/1244 1040/1296/1210 1070/1320/1245
f 1040/1296/1210 1039/1295/1209 1070/1320/1245
f 1070/1320/1245 1039/1295/1209 1071/1321/1246
f 1039/1295/1209 1038/1294/1208 1071/1321/1246
f 1071/1321/1246 1038/1294/1208 1072/1322/1247
f 1038/1294/1208 1037/1293/1207 1072/1322/1247
f 1072/1322/1247 1037/1293/1207 1073/1323/1248
f 1037/1293/1207 1036/1292/1206 1073/1323/1248
f 2698/1324/1249 2818/1310/1232 2697/1279/1190
f 1036/1292/1206 1035/1291/1205 1073/1323/1248
f 1073/1323/1248 1035/1291/1205 1074/1325/1250
f 1035/1291/1205 1034/1290/1204 1074/1325/1250
f 1074/1325/1250 1034/1290/1204 1075/1326/1251
f 1034/1290/1204 1033/1289/1203 1075/1326/1251
f 1075/1326/1251 1033/1289/1203 1076/1327/1252
f 1033/1289/1203 1032/1288/1202 1076/1327/1252
f 2816/1328/1253 2819/455/1254 2817/1329/1255
f 1032/1288/1202 1031/1287/1201 1076/1327/1252
f 1076/1327/1252 1031/1287/1201 1077/1330/1256
f 2822/457/1257 2819/455/1254 2816/1328/1253
f 1077/1330/1256 1031/1287/1201 1078/1331/1258
f 1031/1287/1201 1030/1285/1199 1078/1331/1258
f 2815/1332/1259 2822/457/1257 2816/1328/1253
f 1030/1285/1199 1029/357/1198 1078/1331/1258
f 1078/1331/1258 1029/357/1198 1079/359/1260
f 2821/459/1261 2822/457/1257 2815/1332/1259
f 2703/1333/1262 2813/1334/1263 2702/1335/1264
f 2809/1336/1265 2813/1334/1263 2703/1333/1262
f 2818/1310/1232 2819/455/1254 2820/407/1266
f 1060/526/1235 1061/1311/1236 1080/524/1267
f 2817/1329/1255 2819/455/1254 2818/1310/1232
f 2698/1324/1249 2817/1329/1255 2818/1310/1232
f 2699/1337/1268 2817/1329/1255 2698/1324/1249
f 2700/1338/1269 2817/1329/1255 2699/1337/1268
f 1077/1330/1256 1081/1339/1270 1076/1327/1252
f 2816/1328/1253 2817/1329/1255 2700/1338/1269
f 1076/1327/1252 1081/1339/1270 1075/1326/1251
f 1081/1339/1270 1082/1340/1271 1075/1326/1251
f 1075/1326/1251 1082/1340/1271 1074/1325/1250
f 1082/1340/1271 1083/1341/1272 1074/1325/1250
f 1074/1325/1250 1083/1341/1272 1073/1323/1248
f 2701/1342/1273 2816/1328/1253 2700/1338/1269
f 1073/1323/1248 1083/1341/1272 1072/1322/1247
f 1083/1341/1272 1084/1343/1274 1072/1322/1247
f 1072/1322/1247 1084/1343/1274 1071/1321/1246
f 1084/1343/1274 1085/1344/1275 1071/1321/1246
f 1071/1321/1246 1085/1344/1275 1070/1320/1245
f 1085/1344/1275 1086/1345/1276 1070/1320/1245
f 1070/1320/1245 1086/1345/1276 1069/1319/1244
f 1086/1345/1276 1087/1346/1277 1069/1319/1244
f 1069/1319/1244 1087/1346/1277 1068/1318/1243
f 1087/1346/1277 1088/1347/1278 1068/1318/1243
f 1068/1318/1243 1088/1347/1278 1067/1317/1242
f 1088/1347/1278 1089/1348/1279 1067/1317/1242
f 1067/1317/1242 1089/1348/1279 1066/1316/1241
f 1089/1348/1279 1090/1349/1280 1066/1316/1241
f 1066/1316/1241 1090/1349/1280 1065/1315/1240
f 1090/1349/1280 1091/1350/1281 1065/1315/1240
f 1065/1315/1240 1091/1350/1281 1064/1314/1239
f 1091/1350/1281 1092/1351/1282 1064/1314/1239
f 1064/1314/1239 1092/1351/1282 1063/1313/1238
f 1092/1351/1282 1093/1352/1283 1063/1313/1238
f 1063/1313/1238 1093/1352/1283 1062/1312/1237
f 1093/1352/1283 1094/1353/1284 1062/1312/1237
f 1062/1312/1237 1094/1353/1284 1061/1311/1236
f 2815/1332/1259 2816/1328/1253 2701/1342/1273
f 1061/1311/1236 1094/1353/1284 1095/524/1285
f 2702/1335/1264 2815/1332/1259 2701/1342/1273
f 1095/524/1285 1094/1353/1284 1096/519/1286
f 2813/1334/1263 2815/1332/1259 2702/1335/1264
f 1096/519/1286 1094/1353/1284 1097/516/1287
f 1094/1353/1284 1093/1352/1283 1097/516/1287
f 1097/516/1287 1093/1352/1283 1098/511/1288
f 1093/1352/1283 1092/1351/1282 1098/511/1288
f 2814/459/1289 2815/1332/1259 2813/1334/1263
f 2812/461/1290 2814/459/1289 2813/1334/1263
f 2809/1336/1265 2812/461/1290 2813/1334/1263
f 2811/503/1291 2812/461/1290 2809/1336/1265
f 1099/511/1292 1092/1351/1282 1100/509/1293
f 1092/1351/1282 1091/1350/1281 1100/509/1293
f 1100/509/1293 1091/1350/1281 1101/506/1294
f 1091/1350/1281 1090/1349/1280 1101/506/1294
f 1101/506/1294 1090/1349/1280 1102/1354/1295
f 1090/1349/1280 1089/1348/1279 1102/1354/1295
f 1102/1354/1295 1089/1348/1279 1103/1355/1296
f 1089/1348/1279 1088/1347/1278 1103/1355/1296
f 1103/1355/1296 1088/1347/1278 1104/1356/1297
f 1088/1347/1278 1087/1346/1277 1104/1356/1297
f 1104/1356/1297 1087/1346/1277 1105/1357/1298
f 1087/1346/1277 1086/1345/1276 1105/1357/1298
f 1105/1357/1298 1086/1345/1276 1106/1358/1299
f 1086/1345/1276 1085/1344/1275 1106/1358/1299
f 1106/1358/1299 1085/1344/1275 1107/1359/1300
f 1085/1344/1275 1084/1343/1274 1107/1359/1300
f 1107/1359/1300 1084/1343/1274 1108/1360/1301
f 1084/1343/1274 1083/1341/1272 1108/1360/1301
f 2810/505/1302 2811/503/1291 2809/1336/1265
f 1083/1341/1272 1082/1340/1271 1108/1360/1301
f 1108/1360/1301 1082/1340/1271 1109/1361/1303
f 1082/1340/1271 1081/1339/1270 1109/1361/1303
f 1109/1361/1303 1081/1339/1270 1110/1362/1304
f 1081/1339/1270 1077/1330/1256 1110/1362/1304
f 1110/1362/1304 1077/1330/1256 1111/1363/1305
f 1077/1330/1256 1078/1331/1258 1111/1363/1305
f 2804/1364/1306 2810/505/1302 2809/1336/1265
f 1078/1331/1258 1079/359/1260 1111/1363/1305
f 1111/1363/1305 1079/359/1260 1112/399/1307
f 2703/1333/1262 2804/1364/1306 2809/1336/1265
f 2704/1365/1308 2804/1364/1306 2703/1333/1262
f 2802/1366/1309 2805/508/1310 2803/1367/1311
f 2808/510/1312 2805/508/1310 2802/1366/1309
f 1101/506/1294 1102/1354/1295 1113/504/1313
f 2801/1368/1314 2808/510/1312 2802/1366/1309
f 2807/512/1315 2808/510/1312 2801/1368/1314
f 2709/1369/1316 2799/1370/1317 2708/1371/1318
f 2795/1372/1319 2799/1370/1317 2709/1369/1316
f 1110/1362/1304 1111/1363/1305 1114/1373/1320
f 1111/1363/1305 1115/399/1321 1114/1373/1320
f 2804/1364/1306 2805/508/1310 2806/505/1322
f 1115/399/1321 1116/402/1323 1114/1373/1320
f 1114/1373/1320 1116/402/1323 1117/1374/1324
f 1116/402/1323 1118/404/1325 1117/1374/1324
f 2803/1367/1311 2805/508/1310 2804/1364/1306
f 1118/404/1325 1119/406/1326 1117/1374/1324
f 2704/1365/1308 2803/1367/1311 2804/1364/1306
f 1119/406/1326 1120/1375/1327 1117/1374/1324
f 1117/1374/1324 1120/1375/1327 1121/1376/1328
f 1120/1375/1327 1122/1377/1329 1121/1376/1328
f 1121/1376/1328 1122/1377/1329 1109/1361/1303
f 2705/1378/1330 2803/1367/1311 2704/1365/1308
f 1109/1361/1303 1122/1377/1329 1108/1360/1301
f 2706/1379/1331 2803/1367/1311 2705/1378/1330
f 1108/1360/1301 1122/1377/1329 1107/1359/1300
f 1122/1377/1329 1123/1380/1332 1107/1359/1300
f 1107/1359/1300 1123/1380/1332 1106/1358/1299
f 2802/1366/1309 2803/1367/1311 2706/1379/1331
f 2707/1381/1333 2802/1366/1309 2706/1379/1331
f 2801/1368/1314 2802/1366/1309 2707/1381/1333
f 2708/1371/1318 2801/1368/1314 2707/1381/1333
f 1117/1374/1324 1121/1376/1328 1114/1373/1320
f 1114/1373/1320 1121/1376/1328 1110/1362/1304
f 1121/1376/1328 1109/1361/1303 1110/1362/1304
f 2799/1370/1317 2801/1368/1314 2708/1371/1318
f 2800/512/1334 2801/1368/1314 2799/1370/1317
f 2798/517/1335 2800/512/1334 2799/1370/1317
f 2795/1372/1319 2798/517/1335 2799/1370/1317
f 1122/1377/1329 1120/1375/1327 1123/1380/1332
f 1120/1375/1327 1124/408/1336 1123/1380/1332
f 2797/520/1337 2798/517/1335 2795/1372/1319
f 1124/408/1336 1125/1382/1338 1123/1380/1332
f 1123/1380/1332 1125/1382/1338 1106/1358/1299
f 2796/525/1339 2797/520/1337 2795/1372/1319
f 1106/1358/1299 1125/1382/1338 1105/1357/1298
f 1125/1382/1338 1126/1383/1340 1105/1357/1298
f 1105/1357/1298 1126/1383/1340 1104/1356/1297
f 1126/1383/1340 1127/1384/1341 1104/1356/1297
f 1104/1356/1297 1127/1384/1341 1103/1355/1296
f 1127/1384/1341 1128/1385/1342 1103/1355/1296
f 1103/1355/1296 1128/1385/1342 1102/1354/1295
f 2790/1386/1343 2796/525/1339 2795/1372/1319
f 1102/1354/1295 1128/1385/1342 1129/504/1344
f 2709/1369/1316 2790/1386/1343 2795/1372/1319
f 1129/504/1344 1128/1385/1342 1130/462/1345
f 2710/1387/1346 2790/1386/1343 2709/1369/1316
f 1130/462/1345 1128/1385/1342 1131/460/1347
f 1128/1385/1342 1127/1384/1341 1131/460/1347
f 1131/460/1347 1127/1384/1341 1132/458/1348
f 1127/1384/1341 1126/1383/1340 1132/458/1348
f 2788/1388/1349 2791/527/1350 2789/1389/1351
f 2794/529/1352 2791/527/1350 2788/1388/1349
f 2787/1390/1353 2794/529/1352 2788/1388/1349
f 2793/531/1354 2794/529/1352 2787/1390/1353
f 1124/408/1336 1120/1375/1327 1133/406/1355
f 2715/1391/1356 2785/1392/1357 2714/1393/1358
f 2781/1394/1359 2785/1392/1357 2715/1391/1356
f 2790/1386/1343 2791/527/1350 2792/525/1360
f 2789/1389/1351 2791/527/1350 2790/1386/1343
f 1124/408/1336 1134/456/1361 1125/1382/1338
f 1125/1382/1338 1134/456/1361 1126/1383/1340
f 1134/456/1361 1135/458/1362 1126/1383/1340
f 2710/1387/1346 2789/1389/1351 2790/1386/1343
f 2711/1395/1363 2789/1389/1351 2710/1387/1346
f 2712/1396/1364 2789/1389/1351 2711/1395/1363
f 2788/1388/1349 2789/1389/1351 2712/1396/1364
f 1136/43/1365 1137/1397/1366 1138/41/1367
f 2713/1398/1368 2788/1388/1349 2712/1396/1364
f 1138/41/1367 1137/1397/1366 1139/1399/1369
f 1137/1397/1366 1140/1400/1370 1139/1399/1369
f 1139/1399/1369 1140/1400/1370 1141/1401/1371
f 2787/1390/1353 2788/1388/1349 2713/1398/1368
f 1141/1401/1371 1140/1400/1370 1142/1402/1372
f 2714/1393/1358 2787/1390/1353 2713/1398/1368
f 1142/1402/1372 1140/1400/1370 1143/1403/1373
f 1140/1400/1370 1144/1404/1374 1143/1403/1373
f 1143/1403/1373 1144/1404/1374 1145/1405/1375
f 2785/1392/1357 2787/1390/1353 2714/1393/1358
f 1145/1405/1375 1144/1404/1374 1146/1406/1376
f 2786/531/1377 2787/1390/1353 2785/1392/1357
f 1146/1406/1376 1144/1404/1374 1147/1407/1378
f 1144/1404/1374 1137/1397/1366 1147/1407/1378
f 2784/533/1379 2786/531/1377 2785/1392/1357
f 1137/1397/1366 1136/43/1365 1147/1407/1378
f 1147/1407/1378 1136/43/1365 1148/45/1380
f 2781/1394/1359 2784/533/1379 2785/1392/1357
f 2783/535/1381 2784/533/1379 2781/1394/1359
f 2782/540/1382 2783/535/1381 2781/1394/1359
f 2776/1408/1383 2782/540/1382 2781/1394/1359
f 1144/1404/1374 1140/1400/1370 1137/1397/1366
f 2715/1391/1356 2776/1408/1383 2781/1394/1359
f 2716/1409/1384 2776/1408/1383 2715/1391/1356
f 2774/1410/1385 2777/542/1386 2775/1411/1387
f 2780/559/1388 2777/542/1386 2774/1410/1385
f 1145/1405/1375 1149/1412/1389 1143/1403/1373
f 1149/1412/1389 1150/1413/1390 1143/1403/1373
f 1143/1403/1373 1150/1413/1390 1142/1402/1372
f 1150/1413/1390 1151/1414/1391 1142/1402/1372
f 2773/1415/1392 2780/559/1388 2774/1410/1385
f 1151/1414/1391 1152/1416/1393 1142/1402/1372
f 1142/1402/1372 1152/1416/1393 1141/1401/1371
f 1152/1416/1393 1153/1417/1394 1141/1401/1371
f 1141/1401/1371 1153/1417/1394 1154/1418/1395
f 1153/1417/1394 1155/1419/1396 1154/1418/1395
f 2779/566/1397 2780/559/1388 2773/1415/1392
f 1155/1419/1396 1156/1420/1398 1154/1418/1395
f 2721/1421/1399 2771/1422/1400 2720/1423/1401
f 1156/1420/1398 1157/1424/1402 1154/1418/1395
f 1154/1418/1395 1157/1424/1402 1139/1399/1369
f 2767/1425/1403 2771/1422/1400 2721/1421/1399
f 1139/1399/1369 1157/1424/1402 1138/41/1367
f 1157/1424/1402 1158/39/1404 1138/41/1367
f 2776/1408/1383 2777/542/1386 2778/540/1405
f 2775/1411/1387 2777/542/1386 2776/1408/1383
f 2716/1409/1384 2775/1411/1387 2776/1408/1383
f 2717/1426/1406 2775/1411/1387 2716/1409/1384
f 1139/1399/1369 1141/1401/1371 1154/1418/1395
f 2718/1427/1407 2775/1411/1387 2717/1426/1406
f 2774/1410/1385 2775/1411/1387 2718/1427/1407
f 2719/1428/1408 2774/1410/1385 2718/1427/1407
f 2773/1415/1392 2774/1410/1385 2719/1428/1408
f 1155/1419/1396 1153/1417/1394 1159/1429/1409
f 1159/1429/1409 1153/1417/1394 1160/1430/1410
f 1153/1417/1394 1152/1416/1393 1160/1430/1410
f 1160/1430/1410 1152/1416/1393 1161/1431/1411
f 1152/1416/1393 1151/1414/1391 1161/1431/1411
f 1161/1431/1411 1151/1414/1391 1162/1432/1412
f 2720/1423/1401 2773/1415/1392 2719/1428/1408
f 1162/1432/1412 1151/1414/1391 1163/1433/1413
f 1151/1414/1391 1150/1413/1390 1163/1433/1413
f 1163/1433/1413 1150/1413/1390 1164/1434/1414
f 1150/1413/1390 1149/1412/1389 1164/1434/1414
f 1164/1434/1414 1149/1412/1389 1165/1435/1415
f 1149/1412/1389 1166/1436/1416 1165/1435/1415
f 1165/1435/1415 1166/1436/1416 1167/1437/1417
f 2771/1422/1400 2773/1415/1392 2720/1423/1401
f 1167/1437/1417 1166/1436/1416 1168/1438/1418
f 2772/566/1419 2773/1415/1392 2771/1422/1400
f 1168/1438/1418 1166/1436/1416 1169/1439/1420
f 1166/1436/1416 1145/1405/1375 1169/1439/1420
f 1169/1439/1420 1145/1405/1375 1146/1406/1376
f 2770/571/1421 2772/566/1419 2771/1422/1400
f 2767/1425/1403 2770/571/1421 2771/1422/1400
f 2769/573/1422 2770/571/1421 2767/1425/1403
f 2768/575/1423 2769/573/1422 2767/1425/1403
f 1166/1436/1416 1149/1412/1389 1145/1405/1375
f 2762/1440/1424 2768/575/1423 2767/1425/1403
f 2721/1421/1399 2762/1440/1424 2767/1425/1403
f 2722/1441/1425 2762/1440/1424 2721/1421/1399
f 2760/1442/1426 2763/577/1427 2761/1443/1428
f 1167/1437/1417 1170/1444/1429 1165/1435/1415
f 1170/1444/1429 1171/1445/1430 1165/1435/1415
f 1165/1435/1415 1171/1445/1430 1164/1434/1414
f 1171/1445/1430 1172/1446/1431 1164/1434/1414
f 1164/1434/1414 1172/1446/1431 1163/1433/1413
f 1172/1446/1431 1173/1447/1432 1163/1433/1413
f 1163/1433/1413 1173/1447/1432 1162/1432/1412
f 2766/579/1433 2763/577/1427 2760/1442/1426
f 2759/1448/1434 2766/579/1433 2760/1442/1426
f 2765/584/1435 2766/579/1433 2759/1448/1434
f 2727/1449/1436 2757/1450/1437 2726/1451/1438
f 1173/1447/1432 1172/1446/1431 1174/1452/1439
f 1174/1452/1439 1172/1446/1431 1175/1453/1440
f 1172/1446/1431 1171/1445/1430 1175/1453/1440
f 1175/1453/1440 1171/1445/1430 1176/1454/1441
f 1171/1445/1430 1170/1444/1429 1176/1454/1441
f 1176/1454/1441 1170/1444/1429 1177/1455/1442
f 1170/1444/1429 1178/1456/1443 1177/1455/1442
f 1177/1455/1442 1178/1456/1443 1179/1457/1444
f 2753/1458/1445 2757/1450/1437 2727/1449/1436
f 1179/1457/1444 1178/1456/1443 1180/1459/1446
f 2762/1440/1424 2763/577/1427 2764/575/1447
f 1180/1459/1446 1178/1456/1443 1181/1460/1448
f 1178/1456/1443 1167/1437/1417 1181/1460/1448
f 1181/1460/1448 1167/1437/1417 1168/1438/1418
f 2761/1443/1428 2763/577/1427 2762/1440/1424
f 2722/1441/1425 2761/1443/1428 2762/1440/1424
f 2723/1461/1449 2761/1443/1428 2722/1441/1425
f 2724/1462/1450 2761/1443/1428 2723/1461/1449
f 1178/1456/1443 1170/1444/1429 1167/1437/1417
f 2760/1442/1426 2761/1443/1428 2724/1462/1450
f 2725/1463/1451 2760/1442/1426 2724/1462/1450
f 2759/1448/1434 2760/1442/1426 2725/1463/1451
f 2726/1451/1438 2759/1448/1434 2725/1463/1451
f 1179/1457/1444 1182/1464/1452 1177/1455/1442
f 1182/1464/1452 1183/1465/1453 1177/1455/1442
f 1177/1455/1442 1183/1465/1453 1176/1454/1441
f 1183/1465/1453 1184/1466/1454 1176/1454/1441
f 1176/1454/1441 1184/1466/1454 1175/1453/1440
f 1184/1466/1454 1185/1467/1455 1175/1453/1440
f 1175/1453/1440 1185/1467/1455 1174/1452/1439
f 2757/1450/1437 2759/1448/1434 2726/1451/1438
f 2758/584/1456 2759/1448/1434 2757/1450/1437
f 2756/586/1457 2758/584/1456 2757/1450/1437
f 2753/1458/1445 2756/586/1457 2757/1450/1437
f 1185/1467/1455 1184/1466/1454 1186/1468/1458
f 1186/1468/1458 1184/1466/1454 1187/1469/1459
f 1184/1466/1454 1183/1465/1453 1187/1469/1459
f 1187/1469/1459 1183/1465/1453 1188/1470/1460
f 1183/1465/1453 1182/1464/1452 1188/1470/1460
f 1188/1470/1460 1182/1464/1452 1189/1471/1461
f 1182/1464/1452 1190/1472/1462 1189/1471/1461
f 1189/1471/1461 1190/1472/1462 1191/1473/1463
f 2755/592/1464 2756/586/1457 2753/1458/1445
f 1191/1473/1463 1190/1472/1462 1192/1474/1465
f 2754/600/1466 2755/592/1464 2753/1458/1445
f 1192/1474/1465 1190/1472/1462 1193/1475/1467
f 1190/1472/1462 1179/1457/1444 1193/1475/1467
f 1193/1475/1467 1179/1457/1444 1180/1459/1446
f 2748/1476/1468 2754/600/1466 2753/1458/1445
f 2727/1449/1436 2748/1476/1468 2753/1458/1445
f 2728/1477/1469 2748/1476/1468 2727/1449/1436
f 2746/1478/1470 2749/603/1471 2747/1479/1472
f 1190/1472/1462 1182/1464/1452 1179/1457/1444
f 2752/605/1473 2749/603/1471 2746/1478/1470
f 2745/1480/1474 2752/605/1473 2746/1478/1470
f 2751/608/1475 2752/605/1473 2745/1480/1474
f 2733/1481/1476 2743/1482/1477 2732/1483/1478
f 1191/1473/1463 1194/1484/1479 1189/1471/1461
f 1194/1484/1479 1195/1485/1480 1189/1471/1461
f 1189/1471/1461 1195/1485/1480 1188/1470/1460
f 1195/1485/1480 1196/1486/1481 1188/1470/1460
f 1188/1470/1460 1196/1486/1481 1187/1469/1459
f 1196/1486/1481 1197/1487/1482 1187/1469/1459
f 1187/1469/1459 1197/1487/1482 1186/1468/1458
f 2739/1488/1483 2743/1482/1477 2733/1481/1476
f 2748/1476/1468 2749/603/1471 2750/600/1484
f 2747/1479/1472 2749/603/1471 2748/1476/1468
f 2728/1477/1469 2747/1479/1472 2748/1476/1468
f 1197/1487/1482 1196/1486/1481 1198/1489/1485
f 1198/1489/1485 1196/1486/1481 1199/1490/1486
f 1196/1486/1481 1195/1485/1480 1199/1490/1486
f 1199/1490/1486 1195/1485/1480 1200/1491/1487
f 1195/1485/1480 1194/1484/1479 1200/1491/1487
f 1200/1491/1487 1194/1484/1479 1201/1492/1488
f 1194/1484/1479 1202/1493/1489 1201/1492/1488
f 1201/1492/1488 1202/1493/1489 1203/1494/1490
f 2729/1495/1491 2747/1479/1472 2728/1477/1469
f 1203/1494/1490 1202/1493/1489 1204/1496/1492
f 2730/1497/1493 2747/1479/1472 2729/1495/1491
f 1204/1496/1492 1202/1493/1489 1205/1498/1494
f 1202/1493/1489 1191/1473/1463 1205/1498/1494
f 1205/1498/1494 1191/1473/1463 1192/1474/1465
f 2746/1478/1470 2747/1479/1472 2730/1497/1493
f 2731/1499/1495 2746/1478/1470 2730/1497/1493
f 2745/1480/1474 2746/1478/1470 2731/1499/1495
f 2732/1483/1478 2745/1480/1474 2731/1499/1495
f 1202/1493/1489 1194/1484/1479 1191/1473/1463
f 2743/1482/1477 2745/1480/1474 2732/1483/1478
f 2744/608/1496 2745/1480/1474 2743/1482/1477
f 2742/610/1497 2744/608/1496 2743/1482/1477
f 2739/1488/1483 2742/610/1497 2743/1482/1477
f 1203/1494/1490 1206/1500/1498 1201/1492/1488
f 1206/1500/1498 1207/1501/1499 1201/1492/1488
f 1201/1492/1488 1207/1501/1499 1200/1491/1487
f 1207/1501/1499 1208/1502/1500 1200/1491/1487
f 1200/1491/1487 1208/1502/1500 1199/1490/1486
f 1208/1502/1500 1209/1503/1501 1199/1490/1486
f 1199/1490/1486 1209/1503/1501 1198/1489/1485
f 2741/612/1502 2742/610/1497 2739/1488/1483
f 2740/613/1503 2741/612/1502 2739/1488/1483
f 2734/1504/1504 2740/613/1503 2739/1488/1483
f 2733/1481/1476 2734/1504/1504 2739/1488/1483
f 1209/1503/1501 1208/1502/1500 472/664/533
f 472/664/533 1208/1502/1500 988/1239/533
f 1208/1502/1500 1207/1501/1499 988/1239/533
f 988/1239/533 1207/1501/1499 990/1241/1145
f 1207/1501/1499 1206/1500/1498 990/1241/1145
f 990/1241/1145 1206/1500/1498 991/1242/1146
f 1206/1500/1498 1210/1505/1505 991/1242/1146
f 991/1242/1146 1210/1505/1505 992/1243/1147
f 1210/1505/1505 1211/1506/1506 992/1243/1147
f 992/1243/1147 1211/1506/1506 993/1244/1148
f 1211/1506/1506 1212/1507/1507 993/1244/1148
f 993/1244/1148 1212/1507/1507 994/1245/1149
f 1212/1507/1507 1213/1508/1508 994/1245/1149
f 994/1245/1149 1213/1508/1508 995/1246/1150
f 1213/1508/1508 1214/1509/1509 995/1246/1150
f 995/1246/1150 1214/1509/1509 996/1247/1151
f 1214/1509/1509 1215/1510/1510 996/1247/1151
f 996/1247/1151 1215/1510/1510 997/1248/1152
f 1215/1510/1510 1216/1511/1511 997/1248/1152
f 997/1248/1152 1216/1511/1511 998/1249/1153
f 1216/1511/1511 1217/1512/1512 998/1249/1153
f 998/1249/1153 1217/1512/1512 999/1250/1154
f 1217/1512/1512 1218/1513/1513 999/1250/1154
f 999/1250/1154 1218/1513/1513 1000/1251/1155
f 1218/1513/1513 1219/1514/1514 1000/1251/1155
f 1000/1251/1155 1219/1514/1514 1001/1252/1156
f 1219/1514/1514 1220/1515/1515 1001/1252/1156
f 1001/1252/1156 1220/1515/1515 1002/1253/1157
f 1220/1515/1515 1221/1516/1516 1002/1253/1157
f 1002/1253/1157 1221/1516/1516 1003/1254/1158
f 1221/1516/1516 1222/1517/1517 1003/1254/1158
f 1003/1254/1158 1222/1517/1517 1004/1255/1159
f 1222/1517/1517 1223/1518/1518 1004/1255/1159
f 1004/1255/1159 1223/1518/1518 1005/1256/1160
f 1223/1518/1518 1224/1519/1519 1005/1256/1160
f 1005/1256/1160 1224/1519/1519 1006/1257/1161
f 1224/1519/1519 1225/1520/1520 1006/1257/1161
f 1006/1257/1161 1225/1520/1520 1007/1258/1162
f 1225/1520/1520 1226/1521/1521 1007/1258/1162
f 1007/1258/1162 1226/1521/1521 1008/1259/1163
f 1226/1521/1521 1227/1522/1522 1008/1259/1163
f 1008/1259/1163 1227/1522/1522 1009/1260/1164
f 1227/1522/1522 1228/1523/1523 1009/1260/1164
f 1009/1260/1164 1228/1523/1523 1010/1261/1165
f 1228/1523/1523 1229/1524/1524 1010/1261/1165
f 1010/1261/1165 1229/1524/1524 1011/1262/1166
f 1229/1524/1524 1230/1525/1525 1011/1262/1166
f 1011/1262/1166 1230/1525/1525 1012/1263/1167
f 1230/1525/1525 1231/1526/1526 1012/1263/1167
f 1012/1263/1167 1231/1526/1526 1013/1264/1168
f 1231/1526/1526 1232/1527/1527 1013/1264/1168
f 1013/1264/1168 1232/1527/1527 1014/1265/1169
f 1232/1527/1527 1233/1528/1528 1014/1265/1169
f 1014/1265/1169 1233/1528/1528 1015/1266/1170
f 1233/1528/1528 1234/305/1529 1015/1266/1170
f 1015/1266/1170 1234/305/1529 1016/1267/1171
f 1234/305/1529 1235/307/1530 1016/1267/1171
f 1016/1267/1171 1235/307/1530 1017/1268/1172
f 1235/307/1530 1236/309/1531 1017/1268/1172
f 2735/614/1532 2738/613/1533 2734/1504/1504
f 2543/1529/1534 2641/1530/1535 2638/1531/1536
f 2736/615/1537 2637/1532/1538 2737/618/1539
f 2636/1533/1540 2637/1532/1538 2736/615/1537
f 1206/1500/1498 1203/1494/1490 1210/1505/1505
f 1203/1494/1490 1237/1534/1541 1210/1505/1505
f 1210/1505/1505 1237/1534/1541 1211/1506/1506
f 2735/614/1532 2636/1533/1540 2736/615/1537
f 2635/1535/1542 2636/1533/1540 2735/614/1532
f 2734/1504/1504 2635/1535/1542 2735/614/1532
f 2634/1536/1543 2635/1535/1542 2734/1504/1504
f 1237/1534/1541 1203/1494/1490 1204/1496/1492
f 2733/1481/1476 2634/1536/1543 2734/1504/1504
f 2633/1537/1544 2634/1536/1543 2733/1481/1476
f 2732/1483/1478 2633/1537/1544 2733/1481/1476
f 2632/1538/1545 2633/1537/1544 2732/1483/1478
f 1234/305/1529 1233/1528/1528 1238/302/1546
f 2731/1499/1495 2632/1538/1545 2732/1483/1478
f 2631/1539/1547 2632/1538/1545 2731/1499/1495
f 2730/1497/1493 2631/1539/1547 2731/1499/1495
f 2630/1540/1548 2631/1539/1547 2730/1497/1493
f 1232/1527/1527 1239/1541/1549 1233/1528/1528
f 1233/1528/1528 1239/1541/1549 1240/302/1550
f 2729/1495/1491 2630/1540/1548 2730/1497/1493
f 1240/302/1550 1239/1541/1549 1241/268/1551
f 2629/1542/1552 2630/1540/1548 2729/1495/1491
f 1241/268/1551 1239/1541/1549 1242/266/1553
f 1239/1541/1549 1243/1543/1554 1242/266/1553
f 1242/266/1553 1243/1543/1554 1244/264/1555
f 2628/1544/1556 2629/1542/1552 2729/1495/1491
f 1244/264/1555 1243/1543/1554 1245/1545/1557
f 1243/1543/1554 1231/1526/1526 1245/1545/1557
f 2728/1477/1469 2628/1544/1556 2729/1495/1491
f 1231/1526/1526 1230/1525/1525 1245/1545/1557
f 1245/1545/1557 1230/1525/1525 1246/1546/1558
f 1230/1525/1525 1229/1524/1524 1246/1546/1558
f 1246/1546/1558 1229/1524/1524 1247/1547/1559
f 1229/1524/1524 1228/1523/1523 1247/1547/1559
f 1247/1547/1559 1228/1523/1523 1248/1548/1560
f 1228/1523/1523 1227/1522/1522 1248/1548/1560
f 1248/1548/1560 1227/1522/1522 1249/1549/1561
f 1227/1522/1522 1226/1521/1521 1249/1549/1561
f 1249/1549/1561 1226/1521/1521 1250/1550/1562
f 1226/1521/1521 1225/1520/1520 1250/1550/1562
f 1250/1550/1562 1225/1520/1520 1251/1551/1563
f 1225/1520/1520 1224/1519/1519 1251/1551/1563
f 1251/1551/1563 1224/1519/1519 1252/1552/1564
f 1224/1519/1519 1223/1518/1518 1252/1552/1564
f 1252/1552/1564 1223/1518/1518 1253/1553/1565
f 1223/1518/1518 1222/1517/1517 1253/1553/1565
f 1253/1553/1565 1222/1517/1517 1254/1554/1566
f 1222/1517/1517 1221/1516/1516 1254/1554/1566
f 1254/1554/1566 1221/1516/1516 1255/1555/1567
f 1221/1516/1516 1220/1515/1515 1255/1555/1567
f 1255/1555/1567 1220/1515/1515 1256/1556/1568
f 1220/1515/1515 1219/1514/1514 1256/1556/1568
f 1256/1556/1568 1219/1514/1514 1257/1557/1569
f 1219/1514/1514 1218/1513/1513 1257/1557/1569
f 1257/1557/1569 1218/1513/1513 1258/1558/1570
f 1218/1513/1513 1217/1512/1512 1258/1558/1570
f 1258/1558/1570 1217/1512/1512 1259/1559/1571
f 1217/1512/1512 1216/1511/1511 1259/1559/1571
f 1259/1559/1571 1216/1511/1511 1260/1560/1572
f 1216/1511/1511 1215/1510/1510 1260/1560/1572
f 1260/1560/1572 1215/1510/1510 1261/1561/1573
f 1215/1510/1510 1214/1509/1509 1261/1561/1573
f 1261/1561/1573 1214/1509/1509 1262/1562/1574
f 1214/1509/1509 1213/1508/1508 1262/1562/1574
f 1262/1562/1574 1213/1508/1508 1263/1563/1575
f 1213/1508/1508 1212/1507/1507 1263/1563/1575
f 1263/1563/1575 1212/1507/1507 1264/1564/1576
f 1212/1507/1507 1211/1506/1506 1264/1564/1576
f 2627/1565/1577 2628/1544/1556 2728/1477/1469
f 1211/1506/1506 1237/1534/1541 1264/1564/1576
f 1264/1564/1576 1237/1534/1541 1265/1566/1578
f 1237/1534/1541 1204/1496/1492 1265/1566/1578
f 2727/1449/1436 2627/1565/1577 2728/1477/1469
f 2726/1451/1438 2627/1565/1577 2727/1449/1436
f 2626/1567/1579 2627/1565/1577 2726/1451/1438
f 2725/1463/1451 2626/1567/1579 2726/1451/1438
f 1239/1541/1549 1232/1527/1527 1243/1543/1554
f 1232/1527/1527 1231/1526/1526 1243/1543/1554
f 2625/1568/1580 2626/1567/1579 2725/1463/1451
f 2724/1462/1450 2625/1568/1580 2725/1463/1451
f 2624/1569/1581 2625/1568/1580 2724/1462/1450
f 2723/1461/1449 2624/1569/1581 2724/1462/1450
f 1265/1566/1578 1266/1570/1582 1264/1564/1576
f 2623/1571/1583 2624/1569/1581 2723/1461/1449
f 1264/1564/1576 1266/1570/1582 1263/1563/1575
f 1266/1570/1582 1267/1572/1584 1263/1563/1575
f 1263/1563/1575 1267/1572/1584 1262/1562/1574
f 1267/1572/1584 1268/1573/1585 1262/1562/1574
f 1262/1562/1574 1268/1573/1585 1261/1561/1573
f 1268/1573/1585 1269/1574/1586 1261/1561/1573
f 1261/1561/1573 1269/1574/1586 1260/1560/1572
f 1269/1574/1586 1270/1575/1587 1260/1560/1572
f 1260/1560/1572 1270/1575/1587 1259/1559/1571
f 1270/1575/1587 1271/1576/1588 1259/1559/1571
f 1259/1559/1571 1271/1576/1588 1258/1558/1570
f 1271/1576/1588 1272/1577/1589 1258/1558/1570
f 1258/1558/1570 1272/1577/1589 1257/1557/1569
f 1272/1577/1589 1273/1578/1590 1257/1557/1569
f 1257/1557/1569 1273/1578/1590 1256/1556/1568
f 1273/1578/1590 1274/1579/1591 1256/1556/1568
f 1256/1556/1568 1274/1579/1591 1255/1555/1567
f 1274/1579/1591 1275/1580/1592 1255/1555/1567
f 1255/1555/1567 1275/1580/1592 1254/1554/1566
f 1275/1580/1592 1276/1581/1593 1254/1554/1566
f 1254/1554/1566 1276/1581/1593 1253/1553/1565
f 1276/1581/1593 1277/1582/1594 1253/1553/1565
f 1253/1553/1565 1277/1582/1594 1252/1552/1564
f 1277/1582/1594 1278/1583/1595 1252/1552/1564
f 1252/1552/1564 1278/1583/1595 1251/1551/1563
f 1278/1583/1595 1279/1584/1596 1251/1551/1563
f 1251/1551/1563 1279/1584/1596 1250/1550/1562
f 1279/1584/1596 1280/1585/1597 1250/1550/1562
f 1250/1550/1562 1280/1585/1597 1249/1549/1561
f 1280/1585/1597 1281/1586/1598 1249/1549/1561
f 1249/1549/1561 1281/1586/1598 1248/1548/1560
f 1281/1586/1598 1282/1587/1599 1248/1548/1560
f 1248/1548/1560 1282/1587/1599 1247/1547/1559
f 1282/1587/1599 1283/226/1600 1247/1547/1559
f 1247/1547/1559 1283/226/1600 1246/1546/1558
f 1283/226/1600 1284/262/1601 1246/1546/1558
f 1246/1546/1558 1284/262/1601 1245/1545/1557
f 1284/262/1601 1285/264/1602 1245/1545/1557
f 2622/1588/1603 2623/1571/1583 2723/1461/1449
f 2722/1441/1425 2622/1588/1603 2723/1461/1449
f 2621/1589/1604 2622/1588/1603 2722/1441/1425
f 2721/1421/1399 2621/1589/1604 2722/1441/1425
f 1283/226/1600 1282/1587/1599 1286/224/1605
f 2720/1423/1401 2621/1589/1604 2721/1421/1399
f 2620/1590/1606 2621/1589/1604 2720/1423/1401
f 2719/1428/1408 2620/1590/1606 2720/1423/1401
f 2619/1591/1607 2620/1590/1606 2719/1428/1408
f 1281/1586/1598 1287/1592/1608 1282/1587/1599
f 1282/1587/1599 1287/1592/1608 1288/224/1609
f 2718/1427/1407 2619/1591/1607 2719/1428/1408
f 1288/224/1609 1287/1592/1608 1289/222/1610
f 2618/1593/1611 2619/1591/1607 2718/1427/1407
f 1289/222/1610 1287/1592/1608 1290/220/1612
f 1287/1592/1608 1291/1594/1613 1290/220/1612
f 1290/220/1612 1291/1594/1613 1292/217/1614
f 2717/1426/1406 2618/1593/1611 2718/1427/1407
f 1292/217/1614 1291/1594/1613 1293/1595/1615
f 1291/1594/1613 1280/1585/1597 1293/1595/1615
f 2617/1596/1616 2618/1593/1611 2717/1426/1406
f 1280/1585/1597 1279/1584/1596 1293/1595/1615
f 1293/1595/1615 1279/1584/1596 1294/1597/1617
f 1279/1584/1596 1278/1583/1595 1294/1597/1617
f 1294/1597/1617 1278/1583/1595 1295/1598/1618
f 1278/1583/1595 1277/1582/1594 1295/1598/1618
f 1295/1598/1618 1277/1582/1594 1296/1599/1619
f 1277/1582/1594 1276/1581/1593 1296/1599/1619
f 1296/1599/1619 1276/1581/1593 1297/1600/1620
f 1276/1581/1593 1275/1580/1592 1297/1600/1620
f 1297/1600/1620 1275/1580/1592 1298/1601/1621
f 1275/1580/1592 1274/1579/1591 1298/1601/1621
f 1298/1601/1621 1274/1579/1591 1299/1602/1622
f 1274/1579/1591 1273/1578/1590 1299/1602/1622
f 1299/1602/1622 1273/1578/1590 1300/1603/1623
f 1273/1578/1590 1272/1577/1589 1300/1603/1623
f 1300/1603/1623 1272/1577/1589 1301/1604/1624
f 1272/1577/1589 1271/1576/1588 1301/1604/1624
f 1301/1604/1624 1271/1576/1588 1302/1605/1625
f 1271/1576/1588 1270/1575/1587 1302/1605/1625
f 1302/1605/1625 1270/1575/1587 1303/1606/1626
f 1270/1575/1587 1269/1574/1586 1303/1606/1626
f 1303/1606/1626 1269/1574/1586 1304/1607/1627
f 1269/1574/1586 1268/1573/1585 1304/1607/1627
f 1304/1607/1627 1268/1573/1585 1305/1608/1628
f 1268/1573/1585 1267/1572/1584 1305/1608/1628
f 1305/1608/1628 1267/1572/1584 1306/1609/1629
f 1267/1572/1584 1266/1570/1582 1306/1609/1629
f 1306/1609/1629 1266/1570/1582 1307/1610/1630
f 1266/1570/1582 1265/1566/1578 1307/1610/1630
f 1307/1610/1630 1265/1566/1578 1308/1611/1631
f 1265/1566/1578 1204/1496/1492 1308/1611/1631
f 2616/1612/1632 2617/1596/1616 2717/1426/1406
f 1204/1496/1492 1205/1498/1494 1308/1611/1631
f 1308/1611/1631 1205/1498/1494 1309/1613/1633
f 1205/1498/1494 1192/1474/1465 1309/1613/1633
f 1309/1613/1633 1192/1474/1465 1310/1614/1634
f 1192/1474/1465 1193/1475/1467 1310/1614/1634
f 1310/1614/1634 1193/1475/1467 1311/1615/1635
f 1193/1475/1467 1180/1459/1446 1311/1615/1635
f 1311/1615/1635 1180/1459/1446 1312/1616/1636
f 1180/1459/1446 1181/1460/1448 1312/1616/1636
f 1312/1616/1636 1181/1460/1448 1313/1617/1637
f 1181/1460/1448 1168/1438/1418 1313/1617/1637
f 1313/1617/1637 1168/1438/1418 1314/1618/1638
f 1168/1438/1418 1169/1439/1420 1314/1618/1638
f 1314/1618/1638 1169/1439/1420 1315/1619/1639
f 1169/1439/1420 1146/1406/1376 1315/1619/1639
f 1315/1619/1639 1146/1406/1376 1316/1620/1640
f 1146/1406/1376 1147/1407/1378 1316/1620/1640
f 2716/1409/1384 2616/1612/1632 2717/1426/1406
f 1147/1407/1378 1317/45/1641 1316/1620/1640
f 2615/1621/1642 2616/1612/1632 2716/1409/1384
f 1317/45/1641 1318/48/1643 1316/1620/1640
f 1316/1620/1640 1318/48/1643 1319/1622/1644
f 1318/48/1643 1320/61/1645 1319/1622/1644
f 2715/1391/1356 2615/1621/1642 2716/1409/1384
f 1320/61/1645 1321/63/1646 1319/1622/1644
f 2714/1393/1358 2615/1621/1642 2715/1391/1356
f 1321/63/1646 1322/1623/1647 1319/1622/1644
f 1319/1622/1644 1322/1623/1647 1315/1619/1639
f 2614/1624/1648 2615/1621/1642 2714/1393/1358
f 1315/1619/1639 1322/1623/1647 1314/1618/1638
f 1322/1623/1647 1323/1625/1649 1314/1618/1638
f 1314/1618/1638 1323/1625/1649 1313/1617/1637
f 2713/1398/1368 2614/1624/1648 2714/1393/1358
f 2613/1626/1650 2614/1624/1648 2713/1398/1368
f 2712/1396/1364 2613/1626/1650 2713/1398/1368
f 2612/1627/1651 2613/1626/1650 2712/1396/1364
f 1287/1592/1608 1281/1586/1598 1291/1594/1613
f 1291/1594/1613 1281/1586/1598 1280/1585/1597
f 2711/1395/1363 2612/1627/1651 2712/1396/1364
f 2611/1628/1652 2612/1627/1651 2711/1395/1363
f 2610/1629/1653 2611/1628/1652 2711/1395/1363
f 2710/1387/1346 2610/1629/1653 2711/1395/1363
f 1315/1619/1639 1316/1620/1640 1319/1622/1644
f 2609/1630/1654 2610/1629/1653 2710/1387/1346
f 2709/1369/1316 2609/1630/1654 2710/1387/1346
f 2708/1371/1318 2609/1630/1654 2709/1369/1316
f 2608/1631/1655 2609/1630/1654 2708/1371/1318
f 1324/63/1656 1325/65/1657 1322/1623/1647
f 2707/1381/1333 2608/1631/1655 2708/1371/1318
f 1322/1623/1647 1325/65/1657 1323/1625/1649
f 1325/65/1657 1326/1632/1658 1323/1625/1649
f 2607/1633/1659 2608/1631/1655 2707/1381/1333
f 1326/1632/1658 1327/1634/1660 1323/1625/1649
f 1323/1625/1649 1327/1634/1660 1313/1617/1637
f 2706/1379/1331 2607/1633/1659 2707/1381/1333
f 1313/1617/1637 1327/1634/1660 1312/1616/1636
f 1327/1634/1660 1328/1635/1661 1312/1616/1636
f 1312/1616/1636 1328/1635/1661 1311/1615/1635
f 1328/1635/1661 1329/1636/1662 1311/1615/1635
f 1311/1615/1635 1329/1636/1662 1310/1614/1634
f 1329/1636/1662 1330/1637/1663 1310/1614/1634
f 1310/1614/1634 1330/1637/1663 1309/1613/1633
f 1330/1637/1663 1331/1638/1664 1309/1613/1633
f 1309/1613/1633 1331/1638/1664 1308/1611/1631
f 2606/1639/1665 2607/1633/1659 2706/1379/1331
f 1308/1611/1631 1331/1638/1664 1307/1610/1630
f 1331/1638/1664 1332/1640/1666 1307/1610/1630
f 1307/1610/1630 1332/1640/1666 1306/1609/1629
f 1332/1640/1666 1333/1641/1667 1306/1609/1629
f 1306/1609/1629 1333/1641/1667 1305/1608/1628
f 1333/1641/1667 1334/1642/1668 1305/1608/1628
f 1305/1608/1628 1334/1642/1668 1304/1607/1627
f 1334/1642/1668 1335/1643/1669 1304/1607/1627
f 1304/1607/1627 1335/1643/1669 1303/1606/1626
f 1335/1643/1669 1336/1644/1670 1303/1606/1626
f 1303/1606/1626 1336/1644/1670 1302/1605/1625
f 1336/1644/1670 1337/1645/1671 1302/1605/1625
f 1302/1605/1625 1337/1645/1671 1301/1604/1624
f 1337/1645/1671 1338/1646/1672 1301/1604/1624
f 1301/1604/1624 1338/1646/1672 1300/1603/1623
f 1338/1646/1672 1339/1647/1673 1300/1603/1623
f 1300/1603/1623 1339/1647/1673 1299/1602/1622
f 1339/1647/1673 1340/1648/1674 1299/1602/1622
f 1299/1602/1622 1340/1648/1674 1298/1601/1621
f 1340/1648/1674 1341/1649/1675 1298/1601/1621
f 1298/1601/1621 1341/1649/1675 1297/1600/1620
f 1341/1649/1675 1342/1650/1676 1297/1600/1620
f 1297/1600/1620 1342/1650/1676 1296/1599/1619
f 1342/1650/1676 1343/1651/1677 1296/1599/1619
f 1296/1599/1619 1343/1651/1677 1295/1598/1618
f 1343/1651/1677 1344/187/1678 1295/1598/1618
f 1295/1598/1618 1344/187/1678 1294/1597/1617
f 1344/187/1678 1345/189/1679 1294/1597/1617
f 1294/1597/1617 1345/189/1679 1293/1595/1615
f 1345/189/1679 1346/217/1680 1293/1595/1615
f 2705/1378/1330 2606/1639/1665 2706/1379/1331
f 2605/1652/1681 2606/1639/1665 2705/1378/1330
f 2604/1653/1682 2605/1652/1681 2705/1378/1330
f 2704/1365/1308 2604/1653/1682 2705/1378/1330
f 1326/1632/1658 1325/65/1657 1347/67/1683
f 2603/1654/1684 2604/1653/1682 2704/1365/1308
f 2703/1333/1262 2603/1654/1684 2704/1365/1308
f 2702/1335/1264 2603/1654/1684 2703/1333/1262
f 2602/1655/1685 2603/1654/1684 2702/1335/1264
f 1344/187/1678 1343/1651/1677 1348/185/1686
f 2701/1342/1273 2602/1655/1685 2702/1335/1264
f 2601/1656/1687 2602/1655/1685 2701/1342/1273
f 2700/1338/1269 2601/1656/1687 2701/1342/1273
f 2600/1657/1688 2601/1656/1687 2700/1338/1269
f 1342/1650/1676 1349/1658/1689 1343/1651/1677
f 2699/1337/1268 2600/1657/1688 2700/1338/1269
f 1343/1651/1677 1349/1658/1689 1350/185/1690
f 2599/1659/1691 2600/1657/1688 2699/1337/1268
f 1350/185/1690 1349/1658/1689 1351/183/1692
f 2598/1660/1693 2599/1659/1691 2699/1337/1268
f 1351/183/1692 1349/1658/1689 1352/153/1694
f 1349/1658/1689 1353/1661/1695 1352/153/1694
f 1352/153/1694 1353/1661/1695 1354/151/1696
f 2698/1324/1249 2598/1660/1693 2699/1337/1268
f 1354/151/1696 1353/1661/1695 1355/1662/1697
f 1353/1661/1695 1341/1649/1675 1355/1662/1697
f 2597/1663/1698 2598/1660/1693 2698/1324/1249
f 1341/1649/1675 1340/1648/1674 1355/1662/1697
f 1355/1662/1697 1340/1648/1674 1356/1664/1699
f 1340/1648/1674 1339/1647/1673 1356/1664/1699
f 1356/1664/1699 1339/1647/1673 1357/1665/1700
f 1339/1647/1673 1338/1646/1672 1357/1665/1700
f 1357/1665/1700 1338/1646/1672 1358/1666/1701
f 1338/1646/1672 1337/1645/1671 1358/1666/1701
f 1358/1666/1701 1337/1645/1671 1359/1667/1702
f 1337/1645/1671 1336/1644/1670 1359/1667/1702
f 1359/1667/1702 1336/1644/1670 1360/1668/1703
f 1336/1644/1670 1335/1643/1669 1360/1668/1703
f 1360/1668/1703 1335/1643/1669 1361/1669/1704
f 1335/1643/1669 1334/1642/1668 1361/1669/1704
f 1361/1669/1704 1334/1642/1668 1362/1670/1705
f 1334/1642/1668 1333/1641/1667 1362/1670/1705
f 1362/1670/1705 1333/1641/1667 1363/1671/1706
f 1333/1641/1667 1332/1640/1666 1363/1671/1706
f 1363/1671/1706 1332/1640/1666 1364/1672/1707
f 1332/1640/1666 1331/1638/1664 1364/1672/1707
f 2697/1279/1190 2597/1663/1698 2698/1324/1249
f 1331/1638/1664 1330/1637/1663 1364/1672/1707
f 1364/1672/1707 1330/1637/1663 1365/1673/1708
f 1330/1637/1663 1329/1636/1662 1365/1673/1708
f 1365/1673/1708 1329/1636/1662 1366/1674/1709
f 1329/1636/1662 1328/1635/1661 1366/1674/1709
f 1366/1674/1709 1328/1635/1661 1367/1675/1710
f 1328/1635/1661 1327/1634/1660 1367/1675/1710
f 2696/1281/1192 2597/1663/1698 2697/1279/1190
f 1327/1634/1660 1326/1632/1658 1367/1675/1710
f 1367/1675/1710 1326/1632/1658 1368/1676/1711
f 1326/1632/1658 1347/67/1683 1368/1676/1711
f 1368/1676/1711 1347/67/1683 1369/83/1712
f 2596/1677/1713 2597/1663/1698 2696/1281/1192
f 2695/1286/1200 2596/1677/1713 2696/1281/1192
f 2595/1678/1714 2596/1677/1713 2695/1286/1200
f 2694/1284/1196 2595/1678/1714 2695/1286/1200
f 1349/1658/1689 1342/1650/1676 1353/1661/1695
f 1353/1661/1695 1342/1650/1676 1341/1649/1675
f 2594/1679/1715 2595/1678/1714 2694/1284/1196
f 2693/1283/1195 2594/1679/1715 2694/1284/1196
f 2593/1680/1716 2594/1679/1715 2693/1283/1195
f 2592/1681/1717 2593/1680/1716 2693/1283/1195
f 1368/1676/1711 1370/1682/1718 1367/1675/1710
f 1367/1675/1710 1370/1682/1718 1366/1674/1709
f 1370/1682/1718 1371/1683/1719 1366/1674/1709
f 1366/1674/1709 1371/1683/1719 1365/1673/1708
f 1371/1683/1719 1372/1684/1720 1365/1673/1708
f 1365/1673/1708 1372/1684/1720 1364/1672/1707
f 2692/1269/1173 2592/1681/1717 2693/1283/1195
f 1364/1672/1707 1372/1684/1720 1363/1671/1706
f 1372/1684/1720 1373/1685/1721 1363/1671/1706
f 1363/1671/1706 1373/1685/1721 1362/1670/1705
f 1373/1685/1721 1374/1686/1722 1362/1670/1705
f 1362/1670/1705 1374/1686/1722 1361/1669/1704
f 1374/1686/1722 1375/1687/1723 1361/1669/1704
f 1361/1669/1704 1375/1687/1723 1360/1668/1703
f 1375/1687/1723 1376/1688/1724 1360/1668/1703
f 1360/1668/1703 1376/1688/1724 1359/1667/1702
f 1376/1688/1724 1377/1689/1725 1359/1667/1702
f 1359/1667/1702 1377/1689/1725 1358/1666/1701
f 1377/1689/1725 1378/1690/1726 1358/1666/1701
f 1358/1666/1701 1378/1690/1726 1357/1665/1700
f 1378/1690/1726 1379/147/1727 1357/1665/1700
f 1357/1665/1700 1379/147/1727 1356/1664/1699
f 1379/147/1727 1380/149/1728 1356/1664/1699
f 1356/1664/1699 1380/149/1728 1355/1662/1697
f 1380/149/1728 1381/151/1729 1355/1662/1697
f 2591/1691/1730 2592/1681/1717 2692/1269/1173
f 2691/1154/1046 2591/1691/1730 2692/1269/1173
f 2690/1156/1048 2591/1691/1730 2691/1154/1046
f 2590/1692/1731 2591/1691/1730 2690/1156/1048
f 1379/147/1727 1378/1690/1726 1382/144/1732
f 2689/1202/1102 2590/1692/1731 2690/1156/1048
f 2589/1693/1733 2590/1692/1731 2689/1202/1102
f 2688/1182/1079 2589/1693/1733 2689/1202/1102
f 2588/1694/1734 2589/1693/1733 2688/1182/1079
f 1377/1689/1725 1383/1695/1735 1378/1690/1726
f 1378/1690/1726 1383/1695/1735 1384/144/1736
f 2687/1181/1078 2588/1694/1734 2688/1182/1079
f 1384/144/1736 1383/1695/1735 1385/122/1737
f 2587/1696/1738 2588/1694/1734 2687/1181/1078
f 1385/122/1737 1383/1695/1735 1386/120/1739
f 1383/1695/1735 1387/1697/1740 1386/120/1739
f 1386/120/1739 1387/1697/1740 1388/118/1741
f 2586/1698/1742 2587/1696/1738 2687/1181/1078
f 1388/118/1741 1387/1697/1740 1389/1699/1743
f 1387/1697/1740 1376/1688/1724 1389/1699/1743
f 2686/1119/1008 2586/1698/1742 2687/1181/1078
f 1376/1688/1724 1375/1687/1723 1389/1699/1743
f 1389/1699/1743 1375/1687/1723 1390/1700/1744
f 1375/1687/1723 1374/1686/1722 1390/1700/1744
f 1390/1700/1744 1374/1686/1722 1391/1701/1745
f 1374/1686/1722 1373/1685/1721 1391/1701/1745
f 1391/1701/1745 1373/1685/1721 1392/1702/1746
f 1373/1685/1721 1372/1684/1720 1392/1702/1746
f 2585/1703/1747 2586/1698/1742 2686/1119/1008
f 1372/1684/1720 1371/1683/1719 1392/1702/1746
f 1392/1702/1746 1371/1683/1719 1393/1704/1748
f 1371/1683/1719 1370/1682/1718 1393/1704/1748
f 1393/1704/1748 1370/1682/1718 1394/1705/1749
f 1370/1682/1718 1368/1676/1711 1394/1705/1749
f 2685/1001/879 2585/1703/1747 2686/1119/1008
f 1368/1676/1711 1395/83/1750 1394/1705/1749
f 2684/1003/881 2585/1703/1747 2685/1001/879
f 1395/83/1750 1396/86/1751 1394/1705/1749
f 1394/1705/1749 1396/86/1751 1397/1706/1752
f 1396/86/1751 1398/88/1753 1397/1706/1752
f 2584/1707/1754 2585/1703/1747 2684/1003/881
f 1398/88/1753 1399/90/1755 1397/1706/1752
f 2683/1061/944 2584/1707/1754 2684/1003/881
f 1399/90/1755 1400/1708/1756 1397/1706/1752
f 1397/1706/1752 1400/1708/1756 1393/1704/1748
f 2583/1709/1757 2584/1707/1754 2683/1061/944
f 1393/1704/1748 1400/1708/1756 1392/1702/1746
f 2682/1060/940 2583/1709/1757 2683/1061/944
f 1392/1702/1746 1400/1708/1756 1391/1701/1745
f 1400/1708/1756 1401/92/1758 1391/1701/1745
f 1391/1701/1745 1401/92/1758 1390/1700/1744
f 1401/92/1758 1402/116/1759 1390/1700/1744
f 1390/1700/1744 1402/116/1759 1389/1699/1743
f 1402/116/1759 1403/118/1760 1389/1699/1743
f 2582/1710/1761 2583/1709/1757 2682/1060/940
f 2681/1059/938 2582/1710/1761 2682/1060/940
f 2581/1711/1762 2582/1710/1761 2681/1059/938
f 2580/1712/1763 2581/1711/1762 2681/1059/938
f 1383/1695/1735 1377/1689/1725 1387/1697/1740
f 1377/1689/1725 1376/1688/1724 1387/1697/1740
f 2680/997/871 2580/1712/1763 2681/1059/938
f 2579/1713/1764 2580/1712/1763 2680/997/871
f 2679/868/738 2579/1713/1764 2680/997/871
f 2678/870/740 2579/1713/1764 2679/868/738
f 1393/1704/1748 1394/1705/1749 1397/1706/1752
f 2578/1714/1765 2579/1713/1764 2678/870/740
f 2677/904/772 2578/1714/1765 2678/870/740
f 2577/1715/1766 2578/1714/1765 2677/904/772
f 2676/885/754 2577/1715/1766 2677/904/772
f 1401/92/1758 1400/1708/1756 1404/90/1767
f 2576/1716/1768 2577/1715/1766 2676/885/754
f 2675/883/752 2576/1716/1768 2676/885/754
f 2575/1717/1769 2576/1716/1768 2675/883/752
f 2574/1718/1770 2575/1717/1769 2675/883/752
f 1405/18/1771 1406/1719/1772 394/523/428
f 2674/845/715 2574/1718/1770 2675/883/752
f 394/523/428 1406/1719/1772 1407/1720/1773
f 2573/1721/1774 2574/1718/1770 2674/845/715
f 1407/1720/1773 1406/1719/1772 1156/1420/1398
f 1406/1719/1772 1408/1722/1775 1156/1420/1398
f 1156/1420/1398 1408/1722/1775 1157/1424/1402
f 2673/812/687 2573/1721/1774 2674/845/715
f 1157/1424/1402 1408/1722/1775 1409/39/1776
f 2672/814/689 2573/1721/1774 2673/812/687
f 1409/39/1776 1408/1722/1775 1410/35/1777
f 2572/1723/1778 2573/1721/1774 2672/814/689
f 1410/35/1777 1408/1722/1775 1411/24/1779
f 1408/1722/1775 1406/1719/1772 1411/24/1779
f 1411/24/1779 1406/1719/1772 1405/18/1771
f 2671/836/705 2572/1723/1778 2672/814/689
f 2571/1724/1780 2572/1723/1778 2671/836/705
f 2670/828/700 2571/1724/1780 2671/836/705
f 2570/1725/1781 2571/1724/1780 2670/828/700
f 1156/1420/1398 1155/1419/1396 1407/1720/1773
f 1407/1720/1773 1155/1419/1396 1412/1726/1782
f 1155/1419/1396 1159/1429/1409 1412/1726/1782
f 1412/1726/1782 1159/1429/1409 1413/1727/1783
f 2669/820/693 2570/1725/1781 2670/828/700
f 1413/1727/1783 1159/1429/1409 1414/1728/1784
f 1159/1429/1409 1160/1430/1410 1414/1728/1784
f 1414/1728/1784 1160/1430/1410 1415/1729/1785
f 1160/1430/1410 1161/1431/1411 1415/1729/1785
f 1415/1729/1785 1161/1431/1411 1416/1730/1786
f 1161/1431/1411 1162/1432/1412 1416/1730/1786
f 1416/1730/1786 1162/1432/1412 1417/1731/1787
f 1162/1432/1412 1173/1447/1432 1417/1731/1787
f 1417/1731/1787 1173/1447/1432 1418/1732/1788
f 1173/1447/1432 1174/1452/1439 1418/1732/1788
f 1418/1732/1788 1174/1452/1439 1419/1733/1789
f 1174/1452/1439 1185/1467/1455 1419/1733/1789
f 1419/1733/1789 1185/1467/1455 1420/1734/1790
f 1185/1467/1455 1186/1468/1458 1420/1734/1790
f 1420/1734/1790 1186/1468/1458 1421/1735/1791
f 1186/1468/1458 1197/1487/1482 1421/1735/1791
f 1421/1735/1791 1197/1487/1482 1422/1736/1792
f 1197/1487/1482 1198/1489/1485 1422/1736/1792
f 1422/1736/1792 1198/1489/1485 1423/1737/1793
f 1198/1489/1485 1209/1503/1501 1423/1737/1793
f 1423/1737/1793 1209/1503/1501 471/663/552
f 1209/1503/1501 472/664/533 471/663/552
f 2569/1738/1794 2570/1725/1781 2669/820/693
f 2568/1739/1795 2569/1738/1794 2669/820/693
f 2668/805/679 2568/1739/1795 2669/820/693
f 2567/1740/1796 2568/1739/1795 2668/805/679
f 394/523/428 1407/1720/1773 399/539/445
f 1407/1720/1773 1412/1726/1782 399/539/445
f 399/539/445 1412/1726/1782 1424/1741/1797
f 1412/1726/1782 1413/1727/1783 1424/1741/1797
f 2667/772/650 2567/1740/1796 2668/805/679
f 2666/774/652 2567/1740/1796 2667/772/650
f 2566/1742/1798 2567/1740/1796 2666/774/652
f 2665/782/658 2566/1742/1798 2666/774/652
f 1424/1741/1797 398/538/444 399/539/445
f 2565/1743/1799 2566/1742/1798 2665/782/658
f 2664/781/657 2565/1743/1799 2665/782/658
f 2564/1744/1800 2565/1743/1799 2664/781/657
f 2663/780/656 2564/1744/1800 2664/781/657
f 471/663/552 470/662/551 1423/1737/1793
f 1423/1737/1793 470/662/551 1425/1745/1801
f 470/662/551 469/661/528 1425/1745/1801
f 1425/1745/1801 469/661/528 1426/1746/525
f 469/661/528 452/633/523 1426/1746/525
f 2563/1747/1802 2564/1744/1800 2663/780/656
f 452/633/523 451/632/523 1426/1746/525
f 1426/1746/525 451/632/523 1427/1748/525
f 451/632/523 450/630/519 1427/1748/525
f 2562/1749/1803 2563/1747/1802 2663/780/656
f 2662/750/630 2562/1749/1803 2663/780/656
f 2561/1750/1804 2562/1749/1803 2662/750/630
f 2661/720/605 2561/1750/1804 2662/750/630
f 1423/1737/1793 1425/1745/1801 1422/1736/1792
f 1425/1745/1801 1428/1751/1805 1422/1736/1792
f 1422/1736/1792 1428/1751/1805 1421/1735/1791
f 1428/1751/1805 1429/1752/1806 1421/1735/1791
f 1421/1735/1791 1429/1752/1806 1420/1734/1790
f 2660/722/607 2561/1750/1804 2661/720/605
f 2560/1753/1807 2561/1750/1804 2660/722/607
f 2659/744/622 2560/1753/1807 2660/722/607
f 2559/1754/1808 2560/1753/1807 2659/744/622
f 1425/1745/1801 1426/1746/525 1428/1751/1805
f 2658/736/617 2559/1754/1808 2659/744/622
f 1426/1746/525 1427/1748/525 1428/1751/1805
f 1428/1751/1805 1427/1748/525 1429/1752/1806
f 2558/1755/1809 2559/1754/1808 2658/736/617
f 1429/1752/1806 1427/1748/525 1430/1756/1810
f 1427/1748/525 450/630/519 1430/1756/1810
f 1430/1756/1810 450/630/519 1431/1757/1811
f 450/630/519 449/629/512 1431/1757/1811
f 1431/1757/1811 449/629/512 1432/1758/1812
f 449/629/512 448/628/488 1432/1758/1812
f 1432/1758/1812 448/628/488 1433/1759/1813
f 448/628/488 447/627/488 1433/1759/1813
f 1433/1759/1813 447/627/488 1434/1760/488
f 447/627/488 429/591/468 1434/1760/488
f 2657/730/613 2558/1755/1809 2658/736/617
f 429/591/468 428/590/466 1434/1760/488
f 1434/1760/488 428/590/466 1435/1761/462
f 428/590/466 427/588/482 1435/1761/462
f 1435/1761/462 427/588/482 1436/1762/1814
f 427/588/482 437/607/497 1436/1762/1814
f 1436/1762/1814 437/607/497 1437/1763/1815
f 437/607/497 425/582/478 1437/1763/1815
f 1437/1763/1815 425/582/478 1438/1764/1816
f 425/582/478 405/549/454 1438/1764/1816
f 2557/1765/1817 2558/1755/1809 2657/730/613
f 405/549/454 404/548/453 1438/1764/1816
f 1438/1764/1816 404/548/453 1439/1766/1818
f 404/548/453 403/547/452 1439/1766/1818
f 2556/1767/1819 2557/1765/1817 2657/730/613
f 2656/716/598 2556/1767/1819 2657/730/613
f 2555/1768/1820 2556/1767/1819 2656/716/598
f 2655/682/569 2555/1768/1820 2656/716/598
f 1439/1766/1818 1440/1769/1821 1438/1764/1816
f 2654/684/571 2555/1768/1820 2655/682/569
f 1438/1764/1816 1440/1769/1821 1437/1763/1815
f 1440/1769/1821 1441/1770/1822 1437/1763/1815
f 1437/1763/1815 1441/1770/1822 1436/1762/1814
f 1441/1770/1822 1442/1771/497 1436/1762/1814
f 1436/1762/1814 1442/1771/497 1435/1761/462
f 1442/1771/497 1443/1772/1823 1435/1761/462
f 1435/1761/462 1443/1772/1823 1434/1760/488
f 2554/1773/1824 2555/1768/1820 2654/684/571
f 1434/1760/488 1443/1772/1823 1433/1759/1813
f 1443/1772/1823 1444/1774/1825 1433/1759/1813
f 1433/1759/1813 1444/1774/1825 1432/1758/1812
f 1444/1774/1825 1445/1775/1826 1432/1758/1812
f 1432/1758/1812 1445/1775/1826 1431/1757/1811
f 1445/1775/1826 1446/1776/1827 1431/1757/1811
f 1431/1757/1811 1446/1776/1827 1430/1756/1810
f 1446/1776/1827 1447/1777/1828 1430/1756/1810
f 1430/1756/1810 1447/1777/1828 1429/1752/1806
f 2653/692/577 2554/1773/1824 2654/684/571
f 1429/1752/1806 1447/1777/1828 1420/1734/1790
f 2553/1778/1829 2554/1773/1824 2653/692/577
f 1420/1734/1790 1447/1777/1828 1419/1733/1789
f 1447/1777/1828 1448/1779/1830 1419/1733/1789
f 1419/1733/1789 1448/1779/1830 1418/1732/1788
f 2652/691/576 2553/1778/1829 2653/692/577
f 2552/1780/1831 2553/1778/1829 2652/691/576
f 2651/690/575 2552/1780/1831 2652/691/576
f 2551/1781/1832 2552/1780/1831 2651/690/575
f 1447/1777/1828 1446/1776/1827 1448/1779/1830
f 1448/1779/1830 1446/1776/1827 1449/1782/1833
f 1446/1776/1827 1445/1775/1826 1449/1782/1833
f 1449/1782/1833 1445/1775/1826 1450/1783/1834
f 1445/1775/1826 1444/1774/1825 1450/1783/1834
f 1450/1783/1834 1444/1774/1825 1451/1784/1835
f 1444/1774/1825 1443/1772/1823 1451/1784/1835
f 2550/1785/1836 2551/1781/1832 2651/690/575
f 1443/1772/1823 1442/1771/497 1451/1784/1835
f 1451/1784/1835 1442/1771/497 1452/1786/1837
f 1442/1771/497 1441/1770/1822 1452/1786/1837
f 1452/1786/1837 1441/1770/1822 1453/1787/1838
f 1441/1770/1822 1440/1769/1821 1453/1787/1838
f 1453/1787/1838 1440/1769/1821 1454/1788/1839
f 1440/1769/1821 1439/1766/1818 1454/1788/1839
f 1454/1788/1839 1439/1766/1818 1455/1789/1840
f 1439/1766/1818 403/547/452 1455/1789/1840
f 2650/660/550 2550/1785/1836 2651/690/575
f 403/547/452 402/546/451 1455/1789/1840
f 1455/1789/1840 402/546/451 1456/1790/1841
f 402/546/451 401/545/450 1456/1790/1841
f 2549/1791/1842 2550/1785/1836 2650/660/550
f 2649/648/536 2549/1791/1842 2650/660/550
f 2648/647/535 2549/1791/1842 2649/648/536
f 2548/1792/1843 2549/1791/1842 2648/647/535
f 1456/1790/1841 1457/1793/1844 1455/1789/1840
f 2647/658/544 2548/1792/1843 2648/647/535
f 1455/1789/1840 1457/1793/1844 1454/1788/1839
f 1457/1793/1844 1458/1794/1845 1454/1788/1839
f 1454/1788/1839 1458/1794/1845 1453/1787/1838
f 1458/1794/1845 1459/1795/1846 1453/1787/1838
f 1453/1787/1838 1459/1795/1846 1452/1786/1837
f 1459/1795/1846 1460/1796/1847 1452/1786/1837
f 1452/1786/1837 1460/1796/1847 1451/1784/1835
f 2547/1797/1848 2548/1792/1843 2647/658/544
f 1451/1784/1835 1460/1796/1847 1450/1783/1834
f 1460/1796/1847 1461/1798/1849 1450/1783/1834
f 1450/1783/1834 1461/1798/1849 1449/1782/1833
f 1461/1798/1849 1462/1799/1850 1449/1782/1833
f 1449/1782/1833 1462/1799/1850 1448/1779/1830
f 2646/657/543 2547/1797/1848 2647/658/544
f 1448/1779/1830 1462/1799/1850 1418/1732/1788
f 2546/1800/1851 2547/1797/1848 2646/657/543
f 1418/1732/1788 1462/1799/1850 1417/1731/1787
f 1462/1799/1850 1463/1801/1852 1417/1731/1787
f 1417/1731/1787 1463/1801/1852 1416/1730/1786
f 2545/1802/1853 2546/1800/1851 2646/657/543
f 2645/656/542 2545/1802/1853 2646/657/543
f 2544/1803/1854 2545/1802/1853 2645/656/542
f 2644/652/540 2544/1803/1854 2645/656/542
f 1462/1799/1850 1461/1798/1849 1463/1801/1852
f 1463/1801/1852 1461/1798/1849 1464/1804/1855
f 1461/1798/1849 1460/1796/1847 1464/1804/1855
f 2543/1529/1534 2544/1803/1854 2644/652/540
f 1460/1796/1847 1459/1795/1846 1464/1804/1855
f 1464/1804/1855 1459/1795/1846 1465/1805/1856
f 1459/1795/1846 1458/1794/1845 1465/1805/1856
f 1465/1805/1856 1458/1794/1845 1466/1806/1857
f 1458/1794/1845 1457/1793/1844 1466/1806/1857
f 1466/1806/1857 1457/1793/1844 1467/1807/1858
f 1457/1793/1844 1456/1790/1841 1467/1807/1858
f 1467/1807/1858 1456/1790/1841 1468/1808/1859
f 1456/1790/1841 401/545/450 1468/1808/1859
f 2641/1530/1535 2543/1529/1534 2644/652/540
f 401/545/450 400/544/449 1468/1808/1859
f 1468/1808/1859 400/544/449 1469/1809/1860
f 400/544/449 397/536/442 1469/1809/1860
f 2643/4/1861 2641/1530/1535 2644/652/540
f 397/536/442 398/538/444 1469/1809/1860
f 2642/6/1862 2641/1530/1535 2643/4/1861
f 398/538/444 1424/1741/1797 1469/1809/1860
f 1469/1809/1860 1424/1741/1797 1470/1810/1863
f 1424/1741/1797 1413/1727/1783 1470/1810/1863
f 1470/1810/1863 1413/1727/1783 1471/1811/1864
f 1413/1727/1783 1414/1728/1784 1471/1811/1864
f 1471/1811/1864 1414/1728/1784 1472/1812/1865
f 1414/1728/1784 1415/1729/1785 1472/1812/1865
f 2640/623/1866 2641/1530/1535 2642/6/1862
f 2638/1531/1536 2641/1530/1535 2640/623/1866
f 2639/618/1867 2638/1531/1536 2640/623/1866
f 2637/1532/1538 2638/1531/1536 2639/618/1867
f 1469/1809/1860 1470/1810/1863 1468/1808/1859
f 1662/1813/1868 1672/1814/1869 1663/1815/1870
f 1468/1808/1859 1470/1810/1863 1467/1807/1858
f 1470/1810/1863 1471/1811/1864 1467/1807/1858
f 1467/1807/1858 1471/1811/1864 1466/1806/1857
f 1471/1811/1864 1472/1812/1865 1466/1806/1857
f 1466/1806/1857 1472/1812/1865 1465/1805/1856
f 1472/1812/1865 1473/1816/1871 1465/1805/1856
f 1465/1805/1856 1473/1816/1871 1464/1804/1855
f 1668/1817/1869 1671/1818/1872 1667/1819/1873
f 1464/1804/1855 1473/1816/1871 1463/1801/1852
f 1674/1820/1874 1671/1818/1872 1668/1817/1869
f 1463/1801/1852 1473/1816/1871 1416/1730/1786
f 1669/1821/1872 1674/1820/1874 1668/1817/1869
f 1416/1730/1786 1473/1816/1871 1415/1729/1785
f 1473/1816/1871 1472/1812/1865 1415/1729/1785
f 1670/1822/1875 1674/1820/1874 1669/1821/1872
f 2542/1823/1876 2543/1529/1534 2638/1531/1536
f 2637/1532/1538 2542/1823/1876 2638/1531/1536
f 2541/1824/1877 2542/1823/1876 2637/1532/1538
f 1474/1825/1878 1475/1826/1879 1476/1827/1880
f 2636/1533/1540 2541/1824/1877 2637/1532/1538
f 1476/1827/1880 1475/1826/1879 1477/1828/1880
f 2540/1829/1881 2541/1824/1877 2636/1533/1540
f 1477/1828/1880 1475/1826/1879 1478/1830/1882
f 2635/1535/1542 2540/1829/1881 2636/1533/1540
f 1478/1830/1882 1475/1826/1879 1479/1831/1883
f 2539/1832/1884 2540/1829/1881 2635/1535/1542
f 1479/1831/1883 1475/1826/1879 1480/16/1885
f 1475/1826/1879 1474/1825/1878 1480/16/1885
f 1480/16/1885 1474/1825/1878 1481/1833/1879
f 2634/1536/1543 2539/1832/1884 2635/1535/1542
f 1481/1833/1879 1474/1825/1878 1482/1834/1886
f 1474/1825/1878 1476/1827/1880 1482/1834/1886
f 1482/1834/1886 1476/1827/1880 1483/1835/1875
f 2538/1836/1887 2539/1832/1884 2634/1536/1543
f 1483/1835/1875 1476/1827/1880 1484/1837/1875
f 1476/1827/1880 1477/1828/1880 1484/1837/1875
f 1484/1837/1875 1477/1828/1880 1485/1838/1875
f 2633/1537/1544 2538/1836/1887 2634/1536/1543
f 1485/1838/1875 1477/1828/1880 1486/1839/1875
f 1477/1828/1880 1478/1830/1882 1486/1839/1875
f 1486/1839/1875 1478/1830/1882 1487/1840/1888
f 1478/1830/1882 1488/1841/1889 1487/1840/1888
f 1487/1840/1888 1488/1841/1889 1489/1842/1889
f 1488/1841/1889 1490/1843/16 1489/1842/1889
f 1489/1842/1889 1490/1843/16 1491/1844/1890
f 2537/1845/1891 2538/1836/1887 2633/1537/1544
f 1491/1844/1890 1490/1843/16 1480/16/1885
f 1490/1843/16 1492/1846/1890 1480/16/1885
f 1480/16/1885 1492/1846/1890 1479/1831/1883
f 1492/1846/1890 1488/1841/1889 1479/1831/1883
f 1479/1831/1883 1488/1841/1889 1478/1830/1882
f 2632/1538/1545 2537/1845/1891 2633/1537/1544
f 2536/1847/1892 2537/1845/1891 2632/1538/1545
f 2631/1539/1547 2536/1847/1892 2632/1538/1545
f 2535/1848/1893 2536/1847/1892 2631/1539/1547
f 1490/1843/16 1488/1841/1889 1492/1846/1890
f 2630/1540/1548 2535/1848/1893 2631/1539/1547
f 2534/1849/1894 2535/1848/1893 2630/1540/1548
f 2629/1542/1552 2534/1849/1894 2630/1540/1548
f 2533/1850/1895 2534/1849/1894 2629/1542/1552
f 1489/1842/1889 1491/1844/1890 1493/1851/1882
f 1491/1844/1890 1494/1852/16 1493/1851/1882
f 1493/1851/1882 1494/1852/16 1495/1853/1896
f 1494/1852/16 1496/1854/1897 1495/1853/1896
f 1495/1853/1896 1496/1854/1897 1497/1855/1898
f 2532/1856/1899 2533/1850/1895 2629/1542/1552
f 1497/1855/1898 1496/1854/1897 1498/1857/1898
f 1496/1854/1897 1499/1858/1900 1498/1857/1898
f 1498/1857/1898 1499/1858/1900 1500/1859/1898
f 1499/1858/1900 1501/1860/1901 1500/1859/1898
f 1500/1859/1898 1501/1860/1901 1502/1861/34
f 1501/1860/1901 1480/16/1885 1502/1861/34
f 2628/1544/1556 2532/1856/1899 2629/1542/1552
f 1480/16/1885 1503/1862/1901 1502/1861/34
f 1502/1861/34 1503/1862/1901 1504/1863/1902
f 2531/1864/1903 2532/1856/1899 2628/1544/1556
f 1504/1863/1902 1503/1862/1901 1505/1865/1904
f 1503/1862/1901 1506/1866/34 1505/1865/1904
f 1505/1865/1904 1506/1866/34 1507/1867/1902
f 2627/1565/1577 2531/1864/1903 2628/1544/1556
f 1507/1867/1902 1506/1866/34 1508/1868/1905
f 2626/1567/1579 2531/1864/1903 2627/1565/1577
f 1508/1868/1905 1506/1866/34 1480/16/1885
f 1506/1866/34 1503/1862/1901 1480/16/1885
f 2530/1869/1906 2531/1864/1903 2626/1567/1579
f 2625/1568/1580 2530/1869/1906 2626/1567/1579
f 2529/1870/1907 2530/1869/1906 2625/1568/1580
f 2624/1569/1581 2529/1870/1907 2625/1568/1580
f 1491/1844/1890 1480/16/1885 1494/1852/16
f 2528/1871/1908 2529/1870/1907 2624/1569/1581
f 1494/1852/16 1480/16/1885 1496/1854/1897
f 2623/1571/1583 2528/1871/1908 2624/1569/1581
f 1496/1854/1897 1480/16/1885 1499/1858/1900
f 1480/16/1885 1501/1860/1901 1499/1858/1900
f 2527/1872/1909 2528/1871/1908 2623/1571/1583
f 2526/1873/1910 2527/1872/1909 2623/1571/1583
f 2622/1588/1603 2526/1873/1910 2623/1571/1583
f 2525/1874/1911 2526/1873/1910 2622/1588/1603
f 1502/1861/34 1504/1863/1902 1500/1859/1898
f 2621/1589/1604 2525/1874/1911 2622/1588/1603
f 2620/1590/1606 2525/1874/1911 2621/1589/1604
f 2524/1875/1912 2525/1874/1911 2620/1590/1606
f 2619/1591/1607 2524/1875/1912 2620/1590/1606
f 1507/1867/1902 1508/1868/1905 1509/1876/1902
f 1509/1876/1902 1508/1868/1905 1510/1877/1913
f 1508/1868/1905 1511/1878/1914 1510/1877/1913
f 1510/1877/1913 1511/1878/1914 1512/1879/1915
f 1511/1878/1914 1513/1880/1916 1512/1879/1915
f 1512/1879/1915 1513/1880/1916 1514/1881/60
f 1513/1880/1916 1480/16/1885 1514/1881/60
f 1514/1881/60 1480/16/1885 1515/1882/1917
f 1480/16/1885 1516/1883/60 1515/1882/1917
f 1515/1882/1917 1516/1883/60 1517/1884/1913
f 2523/1885/1918 2524/1875/1912 2619/1591/1607
f 1517/1884/1913 1516/1883/60 1518/1886/1919
f 1516/1883/60 1519/1887/1920 1518/1886/1919
f 1518/1886/1919 1519/1887/1920 1520/1888/1919
f 2618/1593/1611 2523/1885/1918 2619/1591/1607
f 1520/1888/1919 1519/1887/1920 1521/1889/1919
f 2522/1890/1921 2523/1885/1918 2618/1593/1611
f 1521/1889/1919 1519/1887/1920 1522/1891/1922
f 2617/1596/1616 2522/1890/1921 2618/1593/1611
f 1522/1891/1922 1519/1887/1920 1480/16/1885
f 1519/1887/1920 1516/1883/60 1480/16/1885
f 2521/1892/1923 2522/1890/1921 2617/1596/1616
f 2520/1893/1924 2521/1892/1923 2617/1596/1616
f 2616/1612/1632 2520/1893/1924 2617/1596/1616
f 2519/1894/1925 2520/1893/1924 2616/1612/1632
f 1508/1868/1905 1480/16/1885 1511/1878/1914
f 1480/16/1885 1513/1880/1916 1511/1878/1914
f 2615/1621/1642 2519/1894/1925 2616/1612/1632
f 2614/1624/1648 2519/1894/1925 2615/1621/1642
f 2518/1895/1926 2519/1894/1925 2614/1624/1648
f 2613/1626/1650 2518/1895/1926 2614/1624/1648
f 1512/1879/1915 1514/1881/60 1523/1896/1915
f 1514/1881/60 1515/1882/1917 1523/1896/1915
f 1523/1896/1915 1515/1882/1917 1517/1884/1913
f 2517/1897/1927 2518/1895/1926 2613/1626/1650
f 2612/1627/1651 2517/1897/1927 2613/1626/1650
f 2516/1898/1928 2517/1897/1927 2612/1627/1651
f 2611/1628/1652 2516/1898/1928 2612/1627/1651
f 1521/1889/1919 1522/1891/1922 1524/1899/1919
f 1524/1899/1919 1522/1891/1922 1525/1900/1920
f 1522/1891/1922 1480/16/1885 1525/1900/1920
f 1525/1900/1920 1480/16/1885 1526/1901/1929
f 1480/16/1885 1527/1902/1930 1526/1901/1929
f 1526/1901/1929 1527/1902/1930 1528/1903/1931
f 2515/1904/1932 2516/1898/1928 2611/1628/1652
f 1528/1903/1931 1527/1902/1930 1529/1905/1933
f 1527/1902/1930 1530/1906/88 1529/1905/1933
f 1529/1905/1933 1530/1906/88 1531/1907/1933
f 1530/1906/88 1532/1908/1934 1531/1907/1933
f 1531/1907/1933 1532/1908/1934 1533/1909/1935
f 2514/1910/1936 2515/1904/1932 2611/1628/1652
f 1533/1909/1935 1532/1908/1934 1534/1911/1935
f 1532/1908/1934 1535/1912/1937 1534/1911/1935
f 1534/1911/1935 1535/1912/1937 1536/1913/1935
f 1535/1912/1937 1537/1914/1934 1536/1913/1935
f 1536/1913/1935 1537/1914/1934 1538/1915/1938
f 2610/1629/1653 2514/1910/1936 2611/1628/1652
f 1538/1915/1938 1537/1914/1934 1480/16/1885
f 1537/1914/1934 1535/1912/1937 1480/16/1885
f 2513/1916/1939 2514/1910/1936 2610/1629/1653
f 1535/1912/1937 1532/1908/1934 1480/16/1885
f 2609/1630/1654 2513/1916/1939 2610/1629/1653
f 1532/1908/1934 1530/1906/88 1480/16/1885
f 1480/16/1885 1530/1906/88 1527/1902/1930
f 2608/1631/1655 2513/1916/1939 2609/1630/1654
f 2512/1917/1940 2513/1916/1939 2608/1631/1655
f 2607/1633/1659 2512/1917/1940 2608/1631/1655
f 2511/1918/1941 2512/1917/1940 2607/1633/1659
f 1525/1900/1920 1526/1901/1929 1524/1899/1919
f 1524/1899/1919 1526/1901/1929 1528/1903/1931
f 2606/1639/1665 2511/1918/1941 2607/1633/1659
f 2510/1919/1942 2511/1918/1941 2606/1639/1665
f 2605/1652/1681 2510/1919/1942 2606/1639/1665
f 2509/1920/1943 2510/1919/1942 2605/1652/1681
f 1536/1913/1935 1538/1915/1938 1539/1921/1935
f 1539/1921/1935 1538/1915/1938 1540/1922/1944
f 1538/1915/1938 1480/16/1885 1540/1922/1944
f 1540/1922/1944 1480/16/1885 1541/1923/1938
f 1480/16/1885 1542/1924/1944 1541/1923/1938
f 1541/1923/1938 1542/1924/1944 1543/1925/1945
f 2508/1926/1946 2509/1920/1943 2605/1652/1681
f 1543/1925/1945 1542/1924/1944 1544/1927/1945
f 2604/1653/1682 2508/1926/1946 2605/1652/1681
f 1544/1927/1945 1542/1924/1944 1545/1928/1947
f 1542/1924/1944 1546/1929/1948 1545/1928/1947
f 1545/1928/1947 1546/1929/1948 1547/1930/1949
f 1546/1929/1948 1548/1931/1950 1547/1930/1949
f 1547/1930/1949 1548/1931/1950 1549/1932/1951
f 2507/1933/1952 2508/1926/1946 2604/1653/1682
f 1549/1932/1951 1548/1931/1950 1480/16/1885
f 1548/1931/1950 1546/1929/1948 1480/16/1885
f 1480/16/1885 1546/1929/1948 1542/1924/1944
f 2603/1654/1684 2507/1933/1952 2604/1653/1682
f 2602/1655/1685 2507/1933/1952 2603/1654/1684
f 2506/1934/1953 2507/1933/1952 2602/1655/1685
f 2601/1656/1687 2506/1934/1953 2602/1655/1685
f 1539/1921/1935 1540/1922/1944 1550/1935/1947
f 2505/1936/1954 2506/1934/1953 2601/1656/1687
f 1540/1922/1944 1541/1923/1938 1550/1935/1947
f 1550/1935/1947 1541/1923/1938 1543/1925/1945
f 2600/1657/1688 2505/1936/1954 2601/1656/1687
f 2504/1937/1955 2505/1936/1954 2600/1657/1688
f 2599/1659/1691 2504/1937/1955 2600/1657/1688
f 2503/1938/1956 2504/1937/1955 2599/1659/1691
f 1547/1930/1949 1549/1932/1951 1551/1939/1957
f 1551/1939/1957 1549/1932/1951 1552/1940/1950
f 1549/1932/1951 1480/16/1885 1552/1940/1950
f 1552/1940/1950 1480/16/1885 1553/1941/166
f 1480/16/1885 1554/1942/1958 1553/1941/166
f 1553/1941/166 1554/1942/1958 1555/1943/1959
f 2502/1944/1960 2503/1938/1956 2599/1659/1691
f 1555/1943/1959 1554/1942/1958 1556/1945/1961
f 2598/1660/1693 2502/1944/1960 2599/1659/1691
f 1556/1945/1961 1554/1942/1958 1557/1946/1962
f 1554/1942/1958 1558/1947/1963 1557/1946/1962
f 1557/1946/1962 1558/1947/1963 1559/1948/1964
f 1558/1947/1963 1560/1949/1965 1559/1948/1964
f 1559/1948/1964 1560/1949/1965 1561/1950/201
f 2501/1951/1966 2502/1944/1960 2598/1660/1693
f 1561/1950/201 1560/1949/1965 1480/16/1885
f 1560/1949/1965 1558/1947/1963 1480/16/1885
f 1480/16/1885 1558/1947/1963 1554/1942/1958
f 2597/1663/1698 2501/1951/1966 2598/1660/1693
f 2596/1677/1713 2501/1951/1966 2597/1663/1698
f 2500/1952/1967 2501/1951/1966 2596/1677/1713
f 2595/1678/1714 2500/1952/1967 2596/1677/1713
f 1551/1939/1957 1552/1940/1950 1562/1953/1959
f 2499/1954/1968 2500/1952/1967 2595/1678/1714
f 1552/1940/1950 1553/1941/166 1562/1953/1959
f 1562/1953/1959 1553/1941/166 1555/1943/1959
f 2594/1679/1715 2499/1954/1968 2595/1678/1714
f 2498/1955/1969 2499/1954/1968 2594/1679/1715
f 2593/1680/1716 2498/1955/1969 2594/1679/1715
f 2497/1956/1970 2498/1955/1969 2593/1680/1716
f 1559/1948/1964 1561/1950/201 1563/1957/1961
f 1563/1957/1961 1561/1950/201 1564/1958/1965
f 1561/1950/201 1480/16/1885 1564/1958/1965
f 1564/1958/1965 1480/16/1885 1565/1959/201
f 1480/16/1885 1566/1960/1971 1565/1959/201
f 1565/1959/201 1566/1960/1971 1567/1961/1972
f 2496/1962/1973 2497/1956/1970 2593/1680/1716
f 1567/1961/1972 1566/1960/1971 1568/1963/1972
f 2592/1681/1717 2496/1962/1973 2593/1680/1716
f 1568/1963/1972 1566/1960/1971 1569/1964/1972
f 1566/1960/1971 1570/1965/1974 1569/1964/1972
f 1569/1964/1972 1570/1965/1974 1571/1966/1975
f 1570/1965/1974 1572/1967/1976 1571/1966/1975
f 1571/1966/1975 1572/1967/1976 1573/1968/1977
f 2495/1969/1978 2496/1962/1973 2592/1681/1717
f 1573/1968/1977 1572/1967/1976 1480/16/1885
f 1572/1967/1976 1570/1965/1974 1480/16/1885
f 1480/16/1885 1570/1965/1974 1566/1960/1971
f 2591/1691/1730 2495/1969/1978 2592/1681/1717
f 2590/1692/1731 2495/1969/1978 2591/1691/1730
f 2494/1970/1979 2495/1969/1978 2590/1692/1731
f 2589/1693/1733 2494/1970/1979 2590/1692/1731
f 1563/1957/1961 1564/1958/1965 1574/1971/1972
f 2493/1972/1980 2494/1970/1979 2589/1693/1733
f 1564/1958/1965 1565/1959/201 1574/1971/1972
f 1574/1971/1972 1565/1959/201 1567/1961/1972
f 2588/1694/1734 2493/1972/1980 2589/1693/1733
f 2492/1973/1981 2493/1972/1980 2588/1694/1734
f 2587/1696/1738 2492/1973/1981 2588/1694/1734
f 2491/1974/1982 2492/1973/1981 2587/1696/1738
f 1571/1966/1975 1573/1968/1977 1575/1975/1983
f 1575/1975/1983 1573/1968/1977 1576/1976/1984
f 1573/1968/1977 1480/16/1885 1576/1976/1984
f 1576/1976/1984 1480/16/1885 1577/1977/239
f 1480/16/1885 1578/1978/1985 1577/1977/239
f 1577/1977/239 1578/1978/1985 1579/1979/1986
f 2490/1980/1987 2491/1974/1982 2587/1696/1738
f 1579/1979/1986 1578/1978/1985 1580/1981/1986
f 2586/1698/1742 2490/1980/1987 2587/1696/1738
f 1580/1981/1986 1578/1978/1985 1581/1982/1986
f 1578/1978/1985 1582/1983/1988 1581/1982/1986
f 1581/1982/1986 1582/1983/1988 1583/1984/1986
f 1582/1983/1988 1584/1985/1985 1583/1984/1986
f 1583/1984/1986 1584/1985/1985 1585/1986/314
f 2489/1987/1989 2490/1980/1987 2586/1698/1742
f 1585/1986/314 1584/1985/1985 1480/16/1885
f 1584/1985/1985 1582/1983/1988 1480/16/1885
f 1480/16/1885 1582/1983/1988 1578/1978/1985
f 2585/1703/1747 2489/1987/1989 2586/1698/1742
f 2584/1707/1754 2489/1987/1989 2585/1703/1747
f 2488/1988/1990 2489/1987/1989 2584/1707/1754
f 2583/1709/1757 2488/1988/1990 2584/1707/1754
f 1575/1975/1983 1576/1976/1984 1586/1989/1975
f 2487/1990/1991 2488/1988/1990 2583/1709/1757
f 1576/1976/1984 1577/1977/239 1586/1989/1975
f 1586/1989/1975 1577/1977/239 1579/1979/1986
f 2582/1710/1761 2487/1990/1991 2583/1709/1757
f 2486/1991/1992 2487/1990/1991 2582/1710/1761
f 2581/1711/1762 2486/1991/1992 2582/1710/1761
f 2485/1992/1993 2486/1991/1992 2581/1711/1762
f 1583/1984/1986 1585/1986/314 1587/1993/1986
f 1587/1993/1986 1585/1986/314 1588/1994/1994
f 1585/1986/314 1480/16/1885 1588/1994/1994
f 1588/1994/1994 1480/16/1885 1589/1995/316
f 1480/16/1885 1590/1996/1995 1589/1995/316
f 1589/1995/316 1590/1996/1995 1591/1997/1996
f 2484/1998/1997 2485/1992/1993 2581/1711/1762
f 1591/1997/1996 1590/1996/1995 1592/1999/1996
f 2580/1712/1763 2484/1998/1997 2581/1711/1762
f 1592/1999/1996 1590/1996/1995 1593/2000/1998
f 1590/1996/1995 1594/2001/1999 1593/2000/1998
f 1593/2000/1998 1594/2001/1999 1595/2002/1998
f 1594/2001/1999 1596/2003/2000 1595/2002/1998
f 1595/2002/1998 1596/2003/2000 1597/2004/366
f 2483/2005/2001 2484/1998/1997 2580/1712/1763
f 1597/2004/366 1596/2003/2000 1480/16/1885
f 1596/2003/2000 1594/2001/1999 1480/16/1885
f 1480/16/1885 1594/2001/1999 1590/1996/1995
f 2579/1713/1764 2483/2005/2001 2580/1712/1763
f 2578/1714/1765 2483/2005/2001 2579/1713/1764
f 2482/2006/2002 2483/2005/2001 2578/1714/1765
f 2577/1715/1766 2482/2006/2002 2578/1714/1765
f 1587/1993/1986 1588/1994/1994 1598/2007/1996
f 2481/2008/2003 2482/2006/2002 2577/1715/1766
f 1588/1994/1994 1589/1995/316 1598/2007/1996
f 1598/2007/1996 1589/1995/316 1591/1997/1996
f 2576/1716/1768 2481/2008/2003 2577/1715/1766
f 2480/2009/2004 2481/2008/2003 2576/1716/1768
f 2575/1717/1769 2480/2009/2004 2576/1716/1768
f 2479/2010/2005 2480/2009/2004 2575/1717/1769
f 1595/2002/1998 1597/2004/366 1599/2011/2006
f 1599/2011/2006 1597/2004/366 1600/2012/2007
f 1597/2004/366 1480/16/1885 1600/2012/2007
f 1600/2012/2007 1480/16/1885 1601/2013/366
f 1480/16/1885 1602/2014/2007 1601/2013/366
f 1601/2013/366 1602/2014/2007 1603/2015/2008
f 2478/2016/2009 2479/2010/2005 2575/1717/1769
f 1603/2015/2008 1602/2014/2007 1604/2017/2010
f 2574/1718/1770 2478/2016/2009 2575/1717/1769
f 1604/2017/2010 1602/2014/2007 1605/2018/2010
f 1602/2014/2007 1606/2019/2011 1605/2018/2010
f 1605/2018/2010 1606/2019/2011 1607/2020/2010
f 1606/2019/2011 1608/2021/2012 1607/2020/2010
f 1607/2020/2010 1608/2021/2012 1609/2022/413
f 2477/2023/2013 2478/2016/2009 2574/1718/1770
f 1609/2022/413 1608/2021/2012 1480/16/1885
f 1608/2021/2012 1606/2019/2011 1480/16/1885
f 1480/16/1885 1606/2019/2011 1602/2014/2007
f 2573/1721/1774 2477/2023/2013 2574/1718/1770
f 2572/1723/1778 2477/2023/2013 2573/1721/1774
f 2476/2024/2014 2477/2023/2013 2572/1723/1778
f 2571/1724/1780 2476/2024/2014 2572/1723/1778
f 1599/2011/2006 1600/2012/2007 1610/2025/1998
f 2475/2026/2015 2476/2024/2014 2571/1724/1780
f 1600/2012/2007 1601/2013/366 1610/2025/1998
f 1610/2025/1998 1601/2013/366 1603/2015/2008
f 2570/1725/1781 2475/2026/2015 2571/1724/1780
f 2474/2027/2016 2475/2026/2015 2570/1725/1781
f 2569/1738/1794 2474/2027/2016 2570/1725/1781
f 2473/2028/2017 2474/2027/2016 2569/1738/1794
f 1607/2020/2010 1609/2022/413 1611/2029/2018
f 1611/2029/2018 1609/2022/413 1612/2030/2012
f 1609/2022/413 1480/16/1885 1612/2030/2012
f 1612/2030/2012 1480/16/1885 1613/2031/2019
f 1480/16/1885 1614/2032/2020 1613/2031/2019
f 1613/2031/2019 1614/2032/2020 1615/2033/2021
f 2472/2034/2022 2473/2028/2017 2569/1738/1794
f 1615/2033/2021 1614/2032/2020 1616/2035/2018
f 2568/1739/1795 2472/2034/2022 2569/1738/1794
f 1616/2035/2018 1614/2032/2020 1617/2036/2023
f 1614/2032/2020 1618/2037/2024 1617/2036/2023
f 1617/2036/2023 1618/2037/2024 1619/2038/2023
f 1618/2037/2024 1620/2039/2025 1619/2038/2023
f 1619/2038/2023 1620/2039/2025 1621/2040/436
f 2471/2041/2026 2472/2034/2022 2568/1739/1795
f 1621/2040/436 1620/2039/2025 1480/16/1885
f 1620/2039/2025 1618/2037/2024 1480/16/1885
f 1480/16/1885 1618/2037/2024 1614/2032/2020
f 2567/1740/1796 2471/2041/2026 2568/1739/1795
f 2566/1742/1798 2471/2041/2026 2567/1740/1796
f 2470/2042/2027 2471/2041/2026 2566/1742/1798
f 2565/1743/1799 2470/2042/2027 2566/1742/1798
f 1611/2029/2018 1612/2030/2012 1622/2043/2018
f 2469/2044/2028 2470/2042/2027 2565/1743/1799
f 1612/2030/2012 1613/2031/2019 1622/2043/2018
f 1622/2043/2018 1613/2031/2019 1615/2033/2021
f 2564/1744/1800 2469/2044/2028 2565/1743/1799
f 2468/2045/2029 2469/2044/2028 2564/1744/1800
f 2563/1747/1802 2468/2045/2029 2564/1744/1800
f 2467/2046/2030 2468/2045/2029 2563/1747/1802
f 1619/2038/2023 1621/2040/436 1623/2047/2031
f 1623/2047/2031 1621/2040/436 1624/2048/2032
f 1621/2040/436 1480/16/1885 1624/2048/2032
f 1624/2048/2032 1480/16/1885 1625/2049/436
f 1480/16/1885 1626/2050/2033 1625/2049/436
f 1625/2049/436 1626/2050/2033 1627/2051/2034
f 2466/2052/2035 2467/2046/2030 2563/1747/1802
f 1627/2051/2034 1626/2050/2033 1628/2053/2036
f 2562/1749/1803 2466/2052/2035 2563/1747/1802
f 1628/2053/2036 1626/2050/2033 1629/2054/2034
f 1626/2050/2033 1630/2055/2037 1629/2054/2034
f 1629/2054/2034 1630/2055/2037 1631/2056/2034
f 1630/2055/2037 1632/2057/2038 1631/2056/2034
f 1631/2056/2034 1632/2057/2038 1633/2058/464
f 2465/2059/2039 2466/2052/2035 2562/1749/1803
f 1633/2058/464 1632/2057/2038 1480/16/1885
f 1632/2057/2038 1630/2055/2037 1480/16/1885
f 1480/16/1885 1630/2055/2037 1626/2050/2033
f 2561/1750/1804 2465/2059/2039 2562/1749/1803
f 2560/1753/1807 2465/2059/2039 2561/1750/1804
f 2464/2060/2040 2465/2059/2039 2560/1753/1807
f 2559/1754/1808 2464/2060/2040 2560/1753/1807
f 1623/2047/2031 1624/2048/2032 1634/2061/2023
f 2463/2062/2041 2464/2060/2040 2559/1754/1808
f 1624/2048/2032 1625/2049/436 1634/2061/2023
f 1634/2061/2023 1625/2049/436 1627/2051/2034
f 2558/1755/1809 2463/2062/2041 2559/1754/1808
f 2462/2063/2042 2463/2062/2041 2558/1755/1809
f 2557/1765/1817 2462/2063/2042 2558/1755/1809
f 2461/2064/2043 2462/2063/2042 2557/1765/1817
f 1631/2056/2034 1633/2058/464 1635/2065/2044
f 1635/2065/2044 1633/2058/464 1636/2066/2045
f 1633/2058/464 1480/16/1885 1636/2066/2045
f 1636/2066/2045 1480/16/1885 1637/2067/464
f 1480/16/1885 1638/2068/2046 1637/2067/464
f 1637/2067/464 1638/2068/2046 1639/2069/2047
f 2460/2070/2048 2461/2064/2043 2557/1765/1817
f 1639/2069/2047 1638/2068/2046 1640/2071/2049
f 2556/1767/1819 2460/2070/2048 2557/1765/1817
f 1640/2071/2049 1638/2068/2046 1641/2072/2049
f 1638/2068/2046 1642/2073/2050 1641/2072/2049
f 1641/2072/2049 1642/2073/2050 1643/2074/2049
f 1642/2073/2050 1644/2075/2046 1643/2074/2049
f 1643/2074/2049 1644/2075/2046 1645/2076/479
f 2459/2077/2051 2460/2070/2048 2556/1767/1819
f 1645/2076/479 1644/2075/2046 1480/16/1885
f 1644/2075/2046 1642/2073/2050 1480/16/1885
f 1480/16/1885 1642/2073/2050 1638/2068/2046
f 2555/1768/1820 2459/2077/2051 2556/1767/1819
f 2554/1773/1824 2459/2077/2051 2555/1768/1820
f 2458/2078/2052 2459/2077/2051 2554/1773/1824
f 2553/1778/1829 2458/2078/2052 2554/1773/1824
f 1635/2065/2044 1636/2066/2045 1646/2079/2044
f 2457/2080/2053 2458/2078/2052 2553/1778/1829
f 1636/2066/2045 1637/2067/464 1646/2079/2044
f 1646/2079/2044 1637/2067/464 1639/2069/2047
f 2552/1780/1831 2457/2080/2053 2553/1778/1829
f 2456/2081/2054 2457/2080/2053 2552/1780/1831
f 2551/1781/1832 2456/2081/2054 2552/1780/1831
f 2455/2082/2055 2456/2081/2054 2551/1781/1832
f 1643/2074/2049 1645/2076/479 1647/2083/2049
f 1647/2083/2049 1645/2076/479 1648/2084/2056
f 1645/2076/479 1480/16/1885 1648/2084/2056
f 1648/2084/2056 1480/16/1885 1649/2085/479
f 1480/16/1885 1650/2086/2057 1649/2085/479
f 1649/2085/479 1650/2086/2057 1651/2087/2058
f 2454/2088/2059 2455/2082/2055 2551/1781/1832
f 1651/2087/2058 1650/2086/2057 1652/2089/2058
f 2550/1785/1836 2454/2088/2059 2551/1781/1832
f 1652/2089/2058 1650/2086/2057 1653/2090/2060
f 1650/2086/2057 1654/2091/2061 1653/2090/2060
f 1653/2090/2060 1654/2091/2061 1655/2092/1870
f 1654/2091/2061 1656/2093/2062 1655/2092/1870
f 1655/2092/1870 1656/2093/2062 1657/2094/2063
f 2453/2095/2064 2454/2088/2059 2550/1785/1836
f 1657/2094/2063 1656/2093/2062 1480/16/1885
f 1656/2093/2062 1654/2091/2061 1480/16/1885
f 1480/16/1885 1654/2091/2061 1650/2086/2057
f 2549/1791/1842 2453/2095/2064 2550/1785/1836
f 2548/1792/1843 2453/2095/2064 2549/1791/1842
f 2452/2096/2065 2453/2095/2064 2548/1792/1843
f 2547/1797/1848 2452/2096/2065 2548/1792/1843
f 1647/2083/2049 1648/2084/2056 1658/2097/2058
f 2451/2098/2066 2452/2096/2065 2547/1797/1848
f 1648/2084/2056 1649/2085/479 1658/2097/2058
f 1658/2097/2058 1649/2085/479 1651/2087/2058
f 2546/1800/1851 2451/2098/2066 2547/1797/1848
f 2450/2099/2067 2451/2098/2066 2546/1800/1851
f 2449/2100/2068 2450/2099/2067 2546/1800/1851
f 2545/1802/1853 2449/2100/2068 2546/1800/1851
f 1655/2092/1870 1657/2094/2063 1659/2101/1870
f 1659/2101/1870 1657/2094/2063 1660/2102/1868
f 1657/2094/2063 1480/16/1885 1660/2102/1868
f 1660/2102/1868 1480/16/1885 1661/2103/2063
f 1480/16/1885 1662/1813/1868 1661/2103/2063
f 2448/2104/2069 2449/2100/2068 2545/1802/1853
f 1662/1813/1868 1663/1815/1870 1661/2103/2063
f 2544/1803/1854 2448/2104/2069 2545/1802/1853
f 1663/1815/1870 1664/2105/1870 1661/2103/2063
f 1661/2103/2063 1664/2105/1870 1660/2102/1868
f 1664/2105/1870 1659/2101/1870 1660/2102/1868
f 2447/2106/2070 2448/2104/2069 2544/1803/1854
f 2543/1529/1534 2447/2106/2070 2544/1803/1854
f 2542/1823/1876 2447/2106/2070 2543/1529/1534
f 2446/2107/2071 2447/2106/2070 2542/1823/1876
f 1481/1833/1879 1665/2108/507 1480/16/1885
f 1665/2108/507 1666/2109/2072 1480/16/1885
f 1480/16/1885 1666/2109/2072 1667/1819/1873
f 2541/1824/1877 2446/2107/2071 2542/1823/1876
f 1667/1819/1873 1666/2109/2072 1668/1817/1869
f 1666/2109/2072 1665/2108/507 1668/1817/1869
f 1668/1817/1869 1665/2108/507 1669/1821/1872
f 1665/2108/507 1481/1833/1879 1669/1821/1872
f 2445/2110/2073 2446/2107/2071 2541/1824/1877
f 1481/1833/1879 1482/1834/1886 1669/1821/1872
f 1669/1821/1872 1482/1834/1886 1670/1822/1875
f 1482/1834/1886 1483/1835/1875 1670/1822/1875
f 2540/1829/1881 2445/2110/2073 2541/1824/1877
f 2444/2111/2074 2445/2110/2073 2540/1829/1881
f 2539/1832/1884 2444/2111/2074 2540/1829/1881
f 2443/2112/2075 2444/2111/2074 2539/1832/1884
f 1480/16/1885 1667/1819/1873 1662/1813/1868
f 1667/1819/1873 1671/1818/1872 1662/1813/1868
f 1662/1813/1868 1671/1818/1872 1672/1814/1869
f 2538/1836/1887 2443/2112/2075 2539/1832/1884
f 1672/1814/1869 1671/1818/1872 1673/2113/2076
f 1671/1818/1872 1674/1820/1874 1673/2113/2076
f 1673/2113/2076 1674/1820/1874 1675/2114/1872
f 1674/1820/1874 1670/1822/1875 1675/2114/1872
f 1675/2114/1872 1670/1822/1875 1676/2115/1869
f 1670/1822/1875 1483/1835/1875 1676/2115/1869
f 1676/2115/1869 1483/1835/1875 1677/2116/2077
f 1483/1835/1875 1484/1837/1875 1677/2116/2077
f 1677/2116/2077 1484/1837/1875 1678/2117/2078
f 1484/1837/1875 1485/1838/1875 1678/2117/2078
f 1678/2117/2078 1485/1838/1875 1679/2118/1886
f 2442/2119/2079 2443/2112/2075 2538/1836/1887
f 1679/2118/1886 1485/1838/1875 1680/2120/1882
f 1485/1838/1875 1486/1839/1875 1680/2120/1882
f 1680/2120/1882 1486/1839/1875 1681/2121/1882
f 1486/1839/1875 1487/1840/1888 1681/2121/1882
f 1681/2121/1882 1487/1840/1888 1682/2122/1888
f 1487/1840/1888 1489/1842/1889 1682/2122/1888
f 2537/1845/1891 2442/2119/2079 2538/1836/1887
f 1489/1842/1889 1493/1851/1882 1682/2122/1888
f 1682/2122/1888 1493/1851/1882 1683/2123/1888
f 1493/1851/1882 1495/1853/1896 1683/2123/1888
f 1683/2123/1888 1495/1853/1896 1684/2124/1888
f 1495/1853/1896 1497/1855/1898 1684/2124/1888
f 1684/2124/1888 1497/1855/1898 1685/2125/2080
f 2441/2126/2081 2442/2119/2079 2537/1845/1891
f 1685/2125/2080 1497/1855/1898 1686/2127/2080
f 1497/1855/1898 1498/1857/1898 1686/2127/2080
f 1686/2127/2080 1498/1857/1898 1687/2128/2080
f 1498/1857/1898 1500/1859/1898 1687/2128/2080
f 2536/1847/1892 2441/2126/2081 2537/1845/1891
f 1500/1859/1898 1504/1863/1902 1687/2128/2080
f 1687/2128/2080 1504/1863/1902 1688/2129/2080
f 1504/1863/1902 1505/1865/1904 1688/2129/2080
f 1688/2129/2080 1505/1865/1904 1689/2130/2080
f 1505/1865/1904 1507/1867/1902 1689/2130/2080
f 1689/2130/2080 1507/1867/1902 1690/2131/2082
f 1507/1867/1902 1509/1876/1902 1690/2131/2082
f 1690/2131/2082 1509/1876/1902 1691/2132/2082
f 2440/2133/2083 2441/2126/2081 2536/1847/1892
f 1691/2132/2082 1509/1876/1902 1692/2134/2082
f 1509/1876/1902 1510/1877/1913 1692/2134/2082
f 1692/2134/2082 1510/1877/1913 1693/2135/2082
f 1510/1877/1913 1512/1879/1915 1693/2135/2082
f 2535/1848/1893 2440/2133/2083 2536/1847/1892
f 1512/1879/1915 1523/1896/1915 1693/2135/2082
f 1693/2135/2082 1523/1896/1915 1694/2136/2084
f 1523/1896/1915 1517/1884/1913 1694/2136/2084
f 1694/2136/2084 1517/1884/1913 1695/2137/2084
f 1517/1884/1913 1518/1886/1919 1695/2137/2084
f 1695/2137/2084 1518/1886/1919 1696/2138/2084
f 1518/1886/1919 1520/1888/1919 1696/2138/2084
f 1696/2138/2084 1520/1888/1919 1697/2139/2084
f 2439/2140/2085 2440/2133/2083 2535/1848/1893
f 1697/2139/2084 1520/1888/1919 1698/2141/2084
f 1520/1888/1919 1521/1889/1919 1698/2141/2084
f 1698/2141/2084 1521/1889/1919 1699/2142/2086
f 1521/1889/1919 1524/1899/1919 1699/2142/2086
f 2534/1849/1894 2439/2140/2085 2535/1848/1893
f 1524/1899/1919 1528/1903/1931 1699/2142/2086
f 1699/2142/2086 1528/1903/1931 1700/2143/2087
f 1528/1903/1931 1529/1905/1933 1700/2143/2087
f 1700/2143/2087 1529/1905/1933 1701/2144/2086
f 1529/1905/1933 1531/1907/1933 1701/2144/2086
f 1701/2144/2086 1531/1907/1933 1702/2145/2086
f 1531/1907/1933 1533/1909/1935 1702/2145/2086
f 1702/2145/2086 1533/1909/1935 1703/2146/2088
f 2438/2147/2089 2439/2140/2085 2534/1849/1894
f 1703/2146/2088 1533/1909/1935 1704/2148/2088
f 1533/1909/1935 1534/1911/1935 1704/2148/2088
f 1704/2148/2088 1534/1911/1935 1705/2149/2090
f 1534/1911/1935 1536/1913/1935 1705/2149/2090
f 2533/1850/1895 2438/2147/2089 2534/1849/1894
f 1536/1913/1935 1539/1921/1935 1705/2149/2090
f 1705/2149/2090 1539/1921/1935 1706/2150/2088
f 1539/1921/1935 1550/1935/1947 1706/2150/2088
f 1706/2150/2088 1550/1935/1947 1707/2151/2088
f 1550/1935/1947 1543/1925/1945 1707/2151/2088
f 1707/2151/2088 1543/1925/1945 1708/2152/2091
f 1543/1925/1945 1544/1927/1945 1708/2152/2091
f 1708/2152/2091 1544/1927/1945 1709/2153/2091
f 2437/2154/2092 2438/2147/2089 2533/1850/1895
f 1709/2153/2091 1544/1927/1945 1710/2155/2091
f 1544/1927/1945 1545/1928/1947 1710/2155/2091
f 1710/2155/2091 1545/1928/1947 1711/2156/2091
f 1545/1928/1947 1547/1930/1949 1711/2156/2091
f 2436/2157/2093 2437/2154/2092 2533/1850/1895
f 1547/1930/1949 1551/1939/1957 1711/2156/2091
f 1711/2156/2091 1551/1939/1957 1712/2158/2091
f 1551/1939/1957 1562/1953/1959 1712/2158/2091
f 1712/2158/2091 1562/1953/1959 1713/2159/2094
f 1562/1953/1959 1555/1943/1959 1713/2159/2094
f 1713/2159/2094 1555/1943/1959 1714/2160/2095
f 1555/1943/1959 1556/1945/1961 1714/2160/2095
f 1714/2160/2095 1556/1945/1961 1715/2161/2094
f 2532/1856/1899 2436/2157/2093 2533/1850/1895
f 1715/2161/2094 1556/1945/1961 1716/2162/2094
f 1556/1945/1961 1557/1946/1962 1716/2162/2094
f 1716/2162/2094 1557/1946/1962 1717/2163/2096
f 1557/1946/1962 1559/1948/1964 1717/2163/2096
f 2435/2164/2097 2436/2157/2093 2532/1856/1899
f 1559/1948/1964 1563/1957/1961 1717/2163/2096
f 1717/2163/2096 1563/1957/1961 1718/2165/2098
f 1563/1957/1961 1574/1971/1972 1718/2165/2098
f 1718/2165/2098 1574/1971/1972 1719/2166/2098
f 1574/1971/1972 1567/1961/1972 1719/2166/2098
f 1719/2166/2098 1567/1961/1972 1720/2167/2096
f 1567/1961/1972 1568/1963/1972 1720/2167/2096
f 1720/2167/2096 1568/1963/1972 1721/2168/2096
f 2531/1864/1903 2435/2164/2097 2532/1856/1899
f 1721/2168/2096 1568/1963/1972 1722/2169/2099
f 1568/1963/1972 1569/1964/1972 1722/2169/2099
f 1722/2169/2099 1569/1964/1972 1723/2170/2099
f 1569/1964/1972 1571/1966/1975 1723/2170/2099
f 2530/1869/1906 2435/2164/2097 2531/1864/1903
f 1571/1966/1975 1575/1975/1983 1723/2170/2099
f 1723/2170/2099 1575/1975/1983 1724/2171/2099
f 1575/1975/1983 1586/1989/1975 1724/2171/2099
f 1724/2171/2099 1586/1989/1975 1725/2172/2099
f 1586/1989/1975 1579/1979/1986 1725/2172/2099
f 1725/2172/2099 1579/1979/1986 1726/2173/2100
f 1579/1979/1986 1580/1981/1986 1726/2173/2100
f 1726/2173/2100 1580/1981/1986 1727/2174/2100
f 2434/2175/2101 2435/2164/2097 2530/1869/1906
f 1727/2174/2100 1580/1981/1986 1728/2176/2100
f 1580/1981/1986 1581/1982/1986 1728/2176/2100
f 1728/2176/2100 1581/1982/1986 1729/2177/2100
f 1581/1982/1986 1583/1984/1986 1729/2177/2100
f 2529/1870/1907 2434/2175/2101 2530/1869/1906
f 1583/1984/1986 1587/1993/1986 1729/2177/2100
f 1729/2177/2100 1587/1993/1986 1730/2178/2100
f 1587/1993/1986 1598/2007/1996 1730/2178/2100
f 1730/2178/2100 1598/2007/1996 1731/2179/2102
f 1598/2007/1996 1591/1997/1996 1731/2179/2102
f 1731/2179/2102 1591/1997/1996 1732/2180/2103
f 1591/1997/1996 1592/1999/1996 1732/2180/2103
f 1732/2180/2103 1592/1999/1996 1733/2181/2103
f 2433/2182/2104 2434/2175/2101 2529/1870/1907
f 1733/2181/2103 1592/1999/1996 1734/2183/2103
f 1592/1999/1996 1593/2000/1998 1734/2183/2103
f 1734/2183/2103 1593/2000/1998 1735/2184/2105
f 1593/2000/1998 1595/2002/1998 1735/2184/2105
f 2528/1871/1908 2433/2182/2104 2529/1870/1907
f 1595/2002/1998 1599/2011/2006 1735/2184/2105
f 1735/2184/2105 1599/2011/2006 1736/2185/2105
f 1599/2011/2006 1610/2025/1998 1736/2185/2105
f 1736/2185/2105 1610/2025/1998 1737/2186/2105
f 1610/2025/1998 1603/2015/2008 1737/2186/2105
f 1737/2186/2105 1603/2015/2008 1738/2187/2106
f 1603/2015/2008 1604/2017/2010 1738/2187/2106
f 1738/2187/2106 1604/2017/2010 1739/2188/2106
f 2432/2189/2107 2433/2182/2104 2528/1871/1908
f 1739/2188/2106 1604/2017/2010 1740/2190/2108
f 1604/2017/2010 1605/2018/2010 1740/2190/2108
f 1740/2190/2108 1605/2018/2010 1741/2191/2109
f 1605/2018/2010 1607/2020/2010 1741/2191/2109
f 2527/1872/1909 2432/2189/2107 2528/1871/1908
f 1607/2020/2010 1611/2029/2018 1741/2191/2109
f 1741/2191/2109 1611/2029/2018 1742/2192/2108
f 1611/2029/2018 1622/2043/2018 1742/2192/2108
f 1742/2192/2108 1622/2043/2018 1743/2193/2108
f 1622/2043/2018 1615/2033/2021 1743/2193/2108
f 1743/2193/2108 1615/2033/2021 1744/2194/2110
f 1615/2033/2021 1616/2035/2018 1744/2194/2110
f 1744/2194/2110 1616/2035/2018 1745/2195/2110
f 2431/2196/2111 2432/2189/2107 2527/1872/1909
f 1745/2195/2110 1616/2035/2018 1746/2197/2110
f 1616/2035/2018 1617/2036/2023 1746/2197/2110
f 1746/2197/2110 1617/2036/2023 1747/2198/2110
f 1617/2036/2023 1619/2038/2023 1747/2198/2110
f 2430/2199/2112 2431/2196/2111 2527/1872/1909
f 1619/2038/2023 1623/2047/2031 1747/2198/2110
f 1747/2198/2110 1623/2047/2031 1748/2200/2110
f 1623/2047/2031 1634/2061/2023 1748/2200/2110
f 1748/2200/2110 1634/2061/2023 1749/2201/2113
f 1634/2061/2023 1627/2051/2034 1749/2201/2113
f 1749/2201/2113 1627/2051/2034 1750/2202/2114
f 1627/2051/2034 1628/2053/2036 1750/2202/2114
f 1750/2202/2114 1628/2053/2036 1751/2203/2113
f 2526/1873/1910 2430/2199/2112 2527/1872/1909
f 1751/2203/2113 1628/2053/2036 1752/2204/2115
f 1628/2053/2036 1629/2054/2034 1752/2204/2115
f 1752/2204/2115 1629/2054/2034 1753/2205/2113
f 1629/2054/2034 1631/2056/2034 1753/2205/2113
f 2429/2206/2116 2430/2199/2112 2526/1873/1910
f 1631/2056/2034 1635/2065/2044 1753/2205/2113
f 1753/2205/2113 1635/2065/2044 1754/2207/2117
f 1635/2065/2044 1646/2079/2044 1754/2207/2117
f 1754/2207/2117 1646/2079/2044 1755/2208/2118
f 1646/2079/2044 1639/2069/2047 1755/2208/2118
f 1755/2208/2118 1639/2069/2047 1756/2209/2119
f 1639/2069/2047 1640/2071/2049 1756/2209/2119
f 1756/2209/2119 1640/2071/2049 1757/2210/2118
f 2525/1874/1911 2429/2206/2116 2526/1873/1910
f 1757/2210/2118 1640/2071/2049 1758/2211/2120
f 1640/2071/2049 1641/2072/2049 1758/2211/2120
f 1758/2211/2120 1641/2072/2049 1759/2212/2120
f 1641/2072/2049 1643/2074/2049 1759/2212/2120
f 2524/1875/1912 2429/2206/2116 2525/1874/1911
f 1643/2074/2049 1647/2083/2049 1759/2212/2120
f 1759/2212/2120 1647/2083/2049 1760/2213/2120
f 1647/2083/2049 1658/2097/2058 1760/2213/2120
f 1760/2213/2120 1658/2097/2058 1761/2214/2120
f 1658/2097/2058 1651/2087/2058 1761/2214/2120
f 1761/2214/2120 1651/2087/2058 1762/2215/2120
f 1651/2087/2058 1652/2089/2058 1762/2215/2120
f 1762/2215/2120 1652/2089/2058 1763/2216/2121
f 2428/2217/2122 2429/2206/2116 2524/1875/1912
f 1763/2216/2121 1652/2089/2058 1764/2218/2121
f 1652/2089/2058 1653/2090/2060 1764/2218/2121
f 1764/2218/2121 1653/2090/2060 1765/2219/2123
f 1653/2090/2060 1655/2092/1870 1765/2219/2123
f 2523/1885/1918 2428/2217/2122 2524/1875/1912
f 1655/2092/1870 1659/2101/1870 1765/2219/2123
f 1765/2219/2123 1659/2101/1870 1766/2220/2121
f 1659/2101/1870 1664/2105/1870 1766/2220/2121
f 1766/2220/2121 1664/2105/1870 1767/2221/1874
f 1664/2105/1870 1663/1815/1870 1767/2221/1874
f 1767/2221/1874 1663/1815/1870 1768/2222/1874
f 1663/1815/1870 1672/1814/1869 1768/2222/1874
f 1768/2222/1874 1672/1814/1869 1769/2223/1874
f 1672/1814/1869 1673/2113/2076 1769/2223/1874
f 1769/2223/1874 1673/2113/2076 1770/2224/2124
f 1673/2113/2076 1675/2114/1872 1770/2224/2124
f 1770/2224/2124 1675/2114/1872 1771/2225/2125
f 1675/2114/1872 1676/2115/1869 1771/2225/2125
f 1771/2225/2125 1676/2115/1869 1772/2226/2126
f 1676/2115/1869 1677/2116/2077 1772/2226/2126
f 1772/2226/2126 1677/2116/2077 1773/2227/2127
f 1677/2116/2077 1678/2117/2078 1773/2227/2127
f 1773/2227/2127 1678/2117/2078 1774/2228/2128
f 1678/2117/2078 1679/2118/1886 1774/2228/2128
f 1774/2228/2128 1679/2118/1886 1775/2229/2129
f 2427/2230/2130 2428/2217/2122 2523/1885/1918
f 1775/2229/2129 1679/2118/1886 1776/2231/2131
f 1679/2118/1886 1680/2120/1882 1776/2231/2131
f 1776/2231/2131 1680/2120/1882 1777/2232/2132
f 1680/2120/1882 1681/2121/1882 1777/2232/2132
f 1777/2232/2132 1681/2121/1882 1778/2233/2133
f 1681/2121/1882 1682/2122/1888 1778/2233/2133
f 2522/1890/1921 2427/2230/2130 2523/1885/1918
f 1682/2122/1888 1683/2123/1888 1778/2233/2133
f 1778/2233/2133 1683/2123/1888 1779/2234/1882
f 1683/2123/1888 1684/2124/1888 1779/2234/1882
f 1779/2234/1882 1684/2124/1888 1780/2235/2134
f 1684/2124/1888 1685/2125/2080 1780/2235/2134
f 1780/2235/2134 1685/2125/2080 1781/2236/2134
f 2426/2237/2135 2427/2230/2130 2522/1890/1921
f 1781/2236/2134 1685/2125/2080 1782/2238/2136
f 1685/2125/2080 1686/2127/2080 1782/2238/2136
f 1782/2238/2136 1686/2127/2080 1783/2239/1898
f 1686/2127/2080 1687/2128/2080 1783/2239/1898
f 2521/1892/1923 2426/2237/2135 2522/1890/1921
f 1687/2128/2080 1688/2129/2080 1783/2239/1898
f 1783/2239/1898 1688/2129/2080 1784/2240/1902
f 1688/2129/2080 1689/2130/2080 1784/2240/1902
f 1784/2240/1902 1689/2130/2080 1785/2241/2137
f 1689/2130/2080 1690/2131/2082 1785/2241/2137
f 1785/2241/2137 1690/2131/2082 1786/2242/1902
f 1690/2131/2082 1691/2132/2082 1786/2242/1902
f 1786/2242/1902 1691/2132/2082 1787/2243/1902
f 2425/2244/2138 2426/2237/2135 2521/1892/1923
f 1787/2243/1902 1691/2132/2082 1788/2245/1915
f 1691/2132/2082 1692/2134/2082 1788/2245/1915
f 1788/2245/1915 1692/2134/2082 1789/2246/1915
f 1692/2134/2082 1693/2135/2082 1789/2246/1915
f 2424/2247/2139 2425/2244/2138 2521/1892/1923
f 1693/2135/2082 1694/2136/2084 1789/2246/1915
f 1789/2246/1915 1694/2136/2084 1790/2248/2140
f 1694/2136/2084 1695/2137/2084 1790/2248/2140
f 1790/2248/2140 1695/2137/2084 1791/2249/1913
f 1695/2137/2084 1696/2138/2084 1791/2249/1913
f 1791/2249/1913 1696/2138/2084 1792/2250/2141
f 1696/2138/2084 1697/2139/2084 1792/2250/2141
f 1792/2250/2141 1697/2139/2084 1793/2251/2142
f 2520/1893/1924 2424/2247/2139 2521/1892/1923
f 1793/2251/2142 1697/2139/2084 1794/2252/1919
f 1697/2139/2084 1698/2141/2084 1794/2252/1919
f 1794/2252/1919 1698/2141/2084 1795/2253/1919
f 1698/2141/2084 1699/2142/2086 1795/2253/1919
f 2423/2254/2143 2424/2247/2139 2520/1893/1924
f 1699/2142/2086 1700/2143/2087 1795/2253/1919
f 1795/2253/1919 1700/2143/2087 1796/2255/1933
f 1700/2143/2087 1701/2144/2086 1796/2255/1933
f 1796/2255/1933 1701/2144/2086 1797/2256/1931
f 1701/2144/2086 1702/2145/2086 1797/2256/1931
f 1797/2256/1931 1702/2145/2086 1798/2257/1933
f 1702/2145/2086 1703/2146/2088 1798/2257/1933
f 1798/2257/1933 1703/2146/2088 1799/2258/1933
f 2519/1894/1925 2423/2254/2143 2520/1893/1924
f 1799/2258/1933 1703/2146/2088 1800/2259/1935
f 1703/2146/2088 1704/2148/2088 1800/2259/1935
f 1800/2259/1935 1704/2148/2088 1801/2260/2144
f 1704/2148/2088 1705/2149/2090 1801/2260/2144
f 2518/1895/1926 2423/2254/2143 2519/1894/1925
f 1705/2149/2090 1706/2150/2088 1801/2260/2144
f 1801/2260/2144 1706/2150/2088 1802/2261/2145
f 1706/2150/2088 1707/2151/2088 1802/2261/2145
f 1802/2261/2145 1707/2151/2088 1803/2262/1945
f 1707/2151/2088 1708/2152/2091 1803/2262/1945
f 1803/2262/1945 1708/2152/2091 1804/2263/1947
f 1708/2152/2091 1709/2153/2091 1804/2263/1947
f 1804/2263/1947 1709/2153/2091 1805/2264/2146
f 2422/2265/2147 2423/2254/2143 2518/1895/1926
f 1805/2264/2146 1709/2153/2091 1806/2266/1945
f 1709/2153/2091 1710/2155/2091 1806/2266/1945
f 1806/2266/1945 1710/2155/2091 1807/2267/1959
f 1710/2155/2091 1711/2156/2091 1807/2267/1959
f 2517/1897/1927 2422/2265/2147 2518/1895/1926
f 1711/2156/2091 1712/2158/2091 1807/2267/1959
f 1807/2267/1959 1712/2158/2091 1808/2268/1959
f 1712/2158/2091 1713/2159/2094 1808/2268/1959
f 1808/2268/1959 1713/2159/2094 1809/2269/1959
f 1713/2159/2094 1714/2160/2095 1809/2269/1959
f 1809/2269/1959 1714/2160/2095 1810/2270/1959
f 1714/2160/2095 1715/2161/2094 1810/2270/1959
f 1810/2270/1959 1715/2161/2094 1811/2271/1961
f 2421/2272/2148 2422/2265/2147 2517/1897/1927
f 1811/2271/1961 1715/2161/2094 1812/2273/2149
f 1715/2161/2094 1716/2162/2094 1812/2273/2149
f 1812/2273/2149 1716/2162/2094 1813/2274/2150
f 1716/2162/2094 1717/2163/2096 1813/2274/2150
f 2516/1898/1928 2421/2272/2148 2517/1897/1927
f 1717/2163/2096 1718/2165/2098 1813/2274/2150
f 1813/2274/2150 1718/2165/2098 1814/2275/1961
f 1718/2165/2098 1719/2166/2098 1814/2275/1961
f 1814/2275/1961 1719/2166/2098 1815/2276/2151
f 1719/2166/2098 1720/2167/2096 1815/2276/2151
f 1815/2276/2151 1720/2167/2096 1816/2277/2151
f 1720/2167/2096 1721/2168/2096 1816/2277/2151
f 1816/2277/2151 1721/2168/2096 1817/2278/2152
f 2420/2279/2153 2421/2272/2148 2516/1898/1928
f 1817/2278/2152 1721/2168/2096 1818/2280/1972
f 1721/2168/2096 1722/2169/2099 1818/2280/1972
f 1818/2280/1972 1722/2169/2099 1819/2281/1975
f 1722/2169/2099 1723/2170/2099 1819/2281/1975
f 2515/1904/1932 2420/2279/2153 2516/1898/1928
f 1723/2170/2099 1724/2171/2099 1819/2281/1975
f 1819/2281/1975 1724/2171/2099 1820/2282/1975
f 1724/2171/2099 1725/2172/2099 1820/2282/1975
f 1820/2282/1975 1725/2172/2099 1821/2283/1975
f 1725/2172/2099 1726/2173/2100 1821/2283/1975
f 1821/2283/1975 1726/2173/2100 1822/2284/1975
f 1726/2173/2100 1727/2174/2100 1822/2284/1975
f 1822/2284/1975 1727/2174/2100 1823/2285/1986
f 2419/2286/2154 2420/2279/2153 2515/1904/1932
f 1823/2285/1986 1727/2174/2100 1824/2287/2155
f 1727/2174/2100 1728/2176/2100 1824/2287/2155
f 1824/2287/2155 1728/2176/2100 1825/2288/1986
f 1728/2176/2100 1729/2177/2100 1825/2288/1986
f 2418/2289/2156 2419/2286/2154 2515/1904/1932
f 1729/2177/2100 1730/2178/2100 1825/2288/1986
f 1825/2288/1986 1730/2178/2100 1826/2290/1996
f 1730/2178/2100 1731/2179/2102 1826/2290/1996
f 1826/2290/1996 1731/2179/2102 1827/2291/1996
f 1731/2179/2102 1732/2180/2103 1827/2291/1996
f 1827/2291/1996 1732/2180/2103 1828/2292/2157
f 1732/2180/2103 1733/2181/2103 1828/2292/2157
f 1828/2292/2157 1733/2181/2103 1829/2293/1996
f 2514/1910/1936 2418/2289/2156 2515/1904/1932
f 1829/2293/1996 1733/2181/2103 1830/2294/1998
f 1733/2181/2103 1734/2183/2103 1830/2294/1998
f 1830/2294/1998 1734/2183/2103 1831/2295/2158
f 1734/2183/2103 1735/2184/2105 1831/2295/2158
f 2417/2296/2159 2418/2289/2156 2514/1910/1936
f 1735/2184/2105 1736/2185/2105 1831/2295/2158
f 1831/2295/2158 1736/2185/2105 1832/2297/2160
f 1736/2185/2105 1737/2186/2105 1832/2297/2160
f 1832/2297/2160 1737/2186/2105 1833/2298/2006
f 1737/2186/2105 1738/2187/2106 1833/2298/2006
f 1833/2298/2006 1738/2187/2106 1834/2299/2010
f 1738/2187/2106 1739/2188/2106 1834/2299/2010
f 1834/2299/2010 1739/2188/2106 1835/2300/2010
f 2513/1916/1939 2417/2296/2159 2514/1910/1936
f 1835/2300/2010 1739/2188/2106 1836/2301/2010
f 1739/2188/2106 1740/2190/2108 1836/2301/2010
f 1836/2301/2010 1740/2190/2108 1837/2302/2161
f 1740/2190/2108 1741/2191/2109 1837/2302/2161
f 2512/1917/1940 2417/2296/2159 2513/1916/1939
f 1741/2191/2109 1742/2192/2108 1837/2302/2161
f 1837/2302/2161 1742/2192/2108 1838/2303/2018
f 1742/2192/2108 1743/2193/2108 1838/2303/2018
f 1838/2303/2018 1743/2193/2108 1839/2304/2162
f 1743/2193/2108 1744/2194/2110 1839/2304/2162
f 1839/2304/2162 1744/2194/2110 1840/2305/2021
f 1744/2194/2110 1745/2195/2110 1840/2305/2021
f 1840/2305/2021 1745/2195/2110 1841/2306/2018
f 2416/2307/2163 2417/2296/2159 2512/1917/1940
f 1841/2306/2018 1745/2195/2110 1842/2308/2164
f 1745/2195/2110 1746/2197/2110 1842/2308/2164
f 1842/2308/2164 1746/2197/2110 1843/2309/2165
f 1746/2197/2110 1747/2198/2110 1843/2309/2165
f 2511/1918/1941 2416/2307/2163 2512/1917/1940
f 1747/2198/2110 1748/2200/2110 1843/2309/2165
f 1843/2309/2165 1748/2200/2110 1844/2310/2023
f 1748/2200/2110 1749/2201/2113 1844/2310/2023
f 1844/2310/2023 1749/2201/2113 1845/2311/2031
f 1749/2201/2113 1750/2202/2114 1845/2311/2031
f 1845/2311/2031 1750/2202/2114 1846/2312/2166
f 1750/2202/2114 1751/2203/2113 1846/2312/2166
f 1846/2312/2166 1751/2203/2113 1847/2313/2034
f 2415/2314/2167 2416/2307/2163 2511/1918/1941
f 1847/2313/2034 1751/2203/2113 1848/2315/2034
f 1751/2203/2113 1752/2204/2115 1848/2315/2034
f 1848/2315/2034 1752/2204/2115 1849/2316/2044
f 1752/2204/2115 1753/2205/2113 1849/2316/2044
f 2510/1919/1942 2415/2314/2167 2511/1918/1941
f 1753/2205/2113 1754/2207/2117 1849/2316/2044
f 1849/2316/2044 1754/2207/2117 1850/2317/2044
f 1754/2207/2117 1755/2208/2118 1850/2317/2044
f 1850/2317/2044 1755/2208/2118 1851/2318/2047
f 1755/2208/2118 1756/2209/2119 1851/2318/2047
f 1851/2318/2047 1756/2209/2119 1852/2319/2044
f 1756/2209/2119 1757/2210/2118 1852/2319/2044
f 1852/2319/2044 1757/2210/2118 1853/2320/2049
f 2414/2321/2168 2415/2314/2167 2510/1919/1942
f 1853/2320/2049 1757/2210/2118 1854/2322/2049
f 1757/2210/2118 1758/2211/2120 1854/2322/2049
f 1854/2322/2049 1758/2211/2120 1855/2323/2169
f 1758/2211/2120 1759/2212/2120 1855/2323/2169
f 2509/1920/1943 2414/2321/2168 2510/1919/1942
f 1759/2212/2120 1760/2213/2120 1855/2323/2169
f 1855/2323/2169 1760/2213/2120 1856/2324/2049
f 1760/2213/2120 1761/2214/2120 1856/2324/2049
f 1856/2324/2049 1761/2214/2120 1857/2325/2058
f 1761/2214/2120 1762/2215/2120 1857/2325/2058
f 1857/2325/2058 1762/2215/2120 1858/2326/2170
f 1762/2215/2120 1763/2216/2121 1858/2326/2170
f 1858/2326/2170 1763/2216/2121 1859/2327/2060
f 2413/2328/2171 2414/2321/2168 2509/1920/1943
f 1859/2327/2060 1763/2216/2121 1860/2329/2060
f 1763/2216/2121 1764/2218/2121 1860/2329/2060
f 1860/2329/2060 1764/2218/2121 1861/2330/1870
f 1764/2218/2121 1765/2219/2123 1861/2330/1870
f 2412/2331/2172 2413/2328/2171 2509/1920/1943
f 1765/2219/2123 1766/2220/2121 1861/2330/1870
f 1861/2330/1870 1766/2220/2121 1862/2332/1870
f 1766/2220/2121 1767/2221/1874 1862/2332/1870
f 1862/2332/1870 1767/2221/1874 1863/2333/2173
f 1767/2221/1874 1768/2222/1874 1863/2333/2173
f 1863/2333/2173 1768/2222/1874 1864/2334/1870
f 1768/2222/1874 1769/2223/1874 1864/2334/1870
f 1864/2334/1870 1769/2223/1874 1865/2335/1869
f 1769/2223/1874 1770/2224/2124 1865/2335/1869
f 1865/2335/1869 1770/2224/2124 1866/2336/2174
f 1770/2224/2124 1771/2225/2125 1866/2336/2174
f 1866/2336/2174 1771/2225/2125 1867/2337/2175
f 1771/2225/2125 1772/2226/2126 1867/2337/2175
f 1867/2337/2175 1772/2226/2126 1868/2338/2176
f 1772/2226/2126 1773/2227/2127 1868/2338/2176
f 1868/2338/2176 1773/2227/2127 1869/2339/2177
f 1773/2227/2127 1774/2228/2128 1869/2339/2177
f 1869/2339/2177 1774/2228/2128 1870/2340/2178
f 1774/2228/2128 1775/2229/2129 1870/2340/2178
f 1870/2340/2178 1775/2229/2129 1871/2341/2179
f 2508/1926/1946 2412/2331/2172 2509/1920/1943
f 1871/2341/2179 1775/2229/2129 1872/2342/2180
f 1775/2229/2129 1776/2231/2131 1872/2342/2180
f 1872/2342/2180 1776/2231/2131 1873/2343/2181
f 1776/2231/2131 1777/2232/2132 1873/2343/2181
f 1873/2343/2181 1777/2232/2132 1874/2344/2131
f 1777/2232/2132 1778/2233/2133 1874/2344/2131
f 2411/2345/2182 2412/2331/2172 2508/1926/1946
f 1778/2233/2133 1779/2234/1882 1874/2344/2131
f 1874/2344/2131 1779/2234/1882 1875/2346/2183
f 1779/2234/1882 1780/2235/2134 1875/2346/2183
f 1875/2346/2183 1780/2235/2134 1876/2347/2184
f 1780/2235/2134 1781/2236/2134 1876/2347/2184
f 1876/2347/2184 1781/2236/2134 1877/2348/2185
f 2507/1933/1952 2411/2345/2182 2508/1926/1946
f 1877/2348/2185 1781/2236/2134 1878/2349/2186
f 1781/2236/2134 1782/2238/2136 1878/2349/2186
f 1878/2349/2186 1782/2238/2136 1879/2350/2187
f 1782/2238/2136 1783/2239/1898 1879/2350/2187
f 2506/1934/1953 2411/2345/2182 2507/1933/1952
f 1783/2239/1898 1784/2240/1902 1879/2350/2187
f 1879/2350/2187 1784/2240/1902 1880/2351/2188
f 1784/2240/1902 1785/2241/2137 1880/2351/2188
f 1880/2351/2188 1785/2241/2137 1881/2352/2189
f 1785/2241/2137 1786/2242/1902 1881/2352/2189
f 1881/2352/2189 1786/2242/1902 1882/2353/2190
f 1786/2242/1902 1787/2243/1902 1882/2353/2190
f 1882/2353/2190 1787/2243/1902 1883/2354/2191
f 2410/2355/2192 2411/2345/2182 2506/1934/1953
f 1883/2354/2191 1787/2243/1902 1884/2356/2191
f 1787/2243/1902 1788/2245/1915 1884/2356/2191
f 1884/2356/2191 1788/2245/1915 1885/2357/2193
f 1788/2245/1915 1789/2246/1915 1885/2357/2193
f 2505/1936/1954 2410/2355/2192 2506/1934/1953
f 1789/2246/1915 1790/2248/2140 1885/2357/2193
f 1885/2357/2193 1790/2248/2140 1886/2358/2194
f 1790/2248/2140 1791/2249/1913 1886/2358/2194
f 1886/2358/2194 1791/2249/1913 1887/2359/2195
f 1791/2249/1913 1792/2250/2141 1887/2359/2195
f 1887/2359/2195 1792/2250/2141 1888/2360/2196
f 1792/2250/2141 1793/2251/2142 1888/2360/2196
f 1888/2360/2196 1793/2251/2142 1889/2361/2197
f 2409/2362/2198 2410/2355/2192 2505/1936/1954
f 1889/2361/2197 1793/2251/2142 1890/2363/2199
f 1793/2251/2142 1794/2252/1919 1890/2363/2199
f 1890/2363/2199 1794/2252/1919 1891/2364/2200
f 1794/2252/1919 1795/2253/1919 1891/2364/2200
f 2504/1937/1955 2409/2362/2198 2505/1936/1954
f 1795/2253/1919 1796/2255/1933 1891/2364/2200
f 1891/2364/2200 1796/2255/1933 1892/2365/2201
f 1796/2255/1933 1797/2256/1931 1892/2365/2201
f 1892/2365/2201 1797/2256/1931 1893/2366/2202
f 1797/2256/1931 1798/2257/1933 1893/2366/2202
f 1893/2366/2202 1798/2257/1933 1894/2367/2203
f 1798/2257/1933 1799/2258/1933 1894/2367/2203
f 1894/2367/2203 1799/2258/1933 1895/2368/2204
f 2408/2369/2205 2409/2362/2198 2504/1937/1955
f 1895/2368/2204 1799/2258/1933 1896/2370/2206
f 1799/2258/1933 1800/2259/1935 1896/2370/2206
f 1896/2370/2206 1800/2259/1935 1897/2371/2207
f 1800/2259/1935 1801/2260/2144 1897/2371/2207
f 2503/1938/1956 2408/2369/2205 2504/1937/1955
f 1801/2260/2144 1802/2261/2145 1897/2371/2207
f 1897/2371/2207 1802/2261/2145 1898/2372/2208
f 1802/2261/2145 1803/2262/1945 1898/2372/2208
f 1898/2372/2208 1803/2262/1945 1899/2373/2209
f 1803/2262/1945 1804/2263/1947 1899/2373/2209
f 1899/2373/2209 1804/2263/1947 1900/2374/2210
f 1804/2263/1947 1805/2264/2146 1900/2374/2210
f 1900/2374/2210 1805/2264/2146 1901/2375/2211
f 2407/2376/2212 2408/2369/2205 2503/1938/1956
f 1901/2375/2211 1805/2264/2146 1902/2377/2213
f 1805/2264/2146 1806/2266/1945 1902/2377/2213
f 1902/2377/2213 1806/2266/1945 1903/2378/2214
f 1806/2266/1945 1807/2267/1959 1903/2378/2214
f 2406/2379/2215 2407/2376/2212 2503/1938/1956
f 1807/2267/1959 1808/2268/1959 1903/2378/2214
f 1903/2378/2214 1808/2268/1959 1904/2380/2216
f 1808/2268/1959 1809/2269/1959 1904/2380/2216
f 1904/2380/2216 1809/2269/1959 1905/2381/2217
f 1809/2269/1959 1810/2270/1959 1905/2381/2217
f 1905/2381/2217 1810/2270/1959 1906/2382/2218
f 1810/2270/1959 1811/2271/1961 1906/2382/2218
f 1906/2382/2218 1811/2271/1961 1907/2383/2219
f 2502/1944/1960 2406/2379/2215 2503/1938/1956
f 1907/2383/2219 1811/2271/1961 1908/2384/2220
f 1811/2271/1961 1812/2273/2149 1908/2384/2220
f 1908/2384/2220 1812/2273/2149 1909/2385/2221
f 1812/2273/2149 1813/2274/2150 1909/2385/2221
f 2405/2386/2222 2406/2379/2215 2502/1944/1960
f 1813/2274/2150 1814/2275/1961 1909/2385/2221
f 1909/2385/2221 1814/2275/1961 1910/2387/2223
f 1814/2275/1961 1815/2276/2151 1910/2387/2223
f 1910/2387/2223 1815/2276/2151 1911/2388/2224
f 1815/2276/2151 1816/2277/2151 1911/2388/2224
f 1911/2388/2224 1816/2277/2151 1912/2389/2225
f 1816/2277/2151 1817/2278/2152 1912/2389/2225
f 1912/2389/2225 1817/2278/2152 1913/2390/2226
f 2501/1951/1966 2405/2386/2222 2502/1944/1960
f 1913/2390/2226 1817/2278/2152 1914/2391/2227
f 1817/2278/2152 1818/2280/1972 1914/2391/2227
f 1914/2391/2227 1818/2280/1972 1915/2392/2228
f 1818/2280/1972 1819/2281/1975 1915/2392/2228
f 2500/1952/1967 2405/2386/2222 2501/1951/1966
f 1819/2281/1975 1820/2282/1975 1915/2392/2228
f 1915/2392/2228 1820/2282/1975 1916/2393/2229
f 1820/2282/1975 1821/2283/1975 1916/2393/2229
f 1916/2393/2229 1821/2283/1975 1917/2394/2230
f 1821/2283/1975 1822/2284/1975 1917/2394/2230
f 1917/2394/2230 1822/2284/1975 1918/2395/2231
f 1822/2284/1975 1823/2285/1986 1918/2395/2231
f 1918/2395/2231 1823/2285/1986 1919/2396/2232
f 2404/2397/2233 2405/2386/2222 2500/1952/1967
f 1919/2396/2232 1823/2285/1986 1920/2398/2234
f 1823/2285/1986 1824/2287/2155 1920/2398/2234
f 1920/2398/2234 1824/2287/2155 1921/2399/2235
f 1824/2287/2155 1825/2288/1986 1921/2399/2235
f 2499/1954/1968 2404/2397/2233 2500/1952/1967
f 1825/2288/1986 1826/2290/1996 1921/2399/2235
f 1921/2399/2235 1826/2290/1996 1922/2400/2236
f 1826/2290/1996 1827/2291/1996 1922/2400/2236
f 1922/2400/2236 1827/2291/1996 1923/2401/2235
f 1827/2291/1996 1828/2292/2157 1923/2401/2235
f 1923/2401/2235 1828/2292/2157 1924/2402/2237
f 1828/2292/2157 1829/2293/1996 1924/2402/2237
f 1924/2402/2237 1829/2293/1996 1925/2403/2238
f 2403/2404/2239 2404/2397/2233 2499/1954/1968
f 1925/2403/2238 1829/2293/1996 1926/2405/2240
f 1829/2293/1996 1830/2294/1998 1926/2405/2240
f 1926/2405/2240 1830/2294/1998 1927/2406/2241
f 1830/2294/1998 1831/2295/2158 1927/2406/2241
f 2498/1955/1969 2403/2404/2239 2499/1954/1968
f 1831/2295/2158 1832/2297/2160 1927/2406/2241
f 1927/2406/2241 1832/2297/2160 1928/2407/2242
f 1832/2297/2160 1833/2298/2006 1928/2407/2242
f 1928/2407/2242 1833/2298/2006 1929/2408/2243
f 1833/2298/2006 1834/2299/2010 1929/2408/2243
f 1929/2408/2243 1834/2299/2010 1930/2409/2244
f 1834/2299/2010 1835/2300/2010 1930/2409/2244
f 1930/2409/2244 1835/2300/2010 1931/2410/2245
f 2402/2411/2246 2403/2404/2239 2498/1955/1969
f 1931/2410/2245 1835/2300/2010 1932/2412/2247
f 1835/2300/2010 1836/2301/2010 1932/2412/2247
f 1932/2412/2247 1836/2301/2010 1933/2413/2248
f 1836/2301/2010 1837/2302/2161 1933/2413/2248
f 2497/1956/1970 2402/2411/2246 2498/1955/1969
f 1837/2302/2161 1838/2303/2018 1933/2413/2248
f 1933/2413/2248 1838/2303/2018 1934/2414/2249
f 1838/2303/2018 1839/2304/2162 1934/2414/2249
f 1934/2414/2249 1839/2304/2162 1935/2415/2249
f 1839/2304/2162 1840/2305/2021 1935/2415/2249
f 1935/2415/2249 1840/2305/2021 1936/2416/2250
f 1840/2305/2021 1841/2306/2018 1936/2416/2250
f 1936/2416/2250 1841/2306/2018 1937/2417/2251
f 2401/2418/2252 2402/2411/2246 2497/1956/1970
f 1937/2417/2251 1841/2306/2018 1938/2419/2253
f 1841/2306/2018 1842/2308/2164 1938/2419/2253
f 1938/2419/2253 1842/2308/2164 1939/2420/2254
f 1842/2308/2164 1843/2309/2165 1939/2420/2254
f 2400/2421/2255 2401/2418/2252 2497/1956/1970
f 1843/2309/2165 1844/2310/2023 1939/2420/2254
f 1939/2420/2254 1844/2310/2023 1940/2422/2256
f 1844/2310/2023 1845/2311/2031 1940/2422/2256
f 1940/2422/2256 1845/2311/2031 1941/2423/2257
f 1845/2311/2031 1846/2312/2166 1941/2423/2257
f 1941/2423/2257 1846/2312/2166 1942/2424/2258
f 1846/2312/2166 1847/2313/2034 1942/2424/2258
f 1942/2424/2258 1847/2313/2034 1943/2425/2259
f 2496/1962/1973 2400/2421/2255 2497/1956/1970
f 1943/2425/2259 1847/2313/2034 1944/2426/2260
f 1847/2313/2034 1848/2315/2034 1944/2426/2260
f 1944/2426/2260 1848/2315/2034 1945/2427/2260
f 1848/2315/2034 1849/2316/2044 1945/2427/2260
f 2399/2428/2261 2400/2421/2255 2496/1962/1973
f 1849/2316/2044 1850/2317/2044 1945/2427/2260
f 1945/2427/2260 1850/2317/2044 1946/2429/2262
f 1850/2317/2044 1851/2318/2047 1946/2429/2262
f 1946/2429/2262 1851/2318/2047 1947/2430/2263
f 1851/2318/2047 1852/2319/2044 1947/2430/2263
f 1947/2430/2263 1852/2319/2044 1948/2431/2264
f 1852/2319/2044 1853/2320/2049 1948/2431/2264
f 1948/2431/2264 1853/2320/2049 1949/2432/2265
f 2495/1969/1978 2399/2428/2261 2496/1962/1973
f 1949/2432/2265 1853/2320/2049 1950/2433/2266
f 1853/2320/2049 1854/2322/2049 1950/2433/2266
f 1950/2433/2266 1854/2322/2049 1951/2434/2267
f 1854/2322/2049 1855/2323/2169 1951/2434/2267
f 2494/1970/1979 2399/2428/2261 2495/1969/1978
f 1855/2323/2169 1856/2324/2049 1951/2434/2267
f 1951/2434/2267 1856/2324/2049 1952/2435/2268
f 1856/2324/2049 1857/2325/2058 1952/2435/2268
f 1952/2435/2268 1857/2325/2058 1953/2436/2269
f 1857/2325/2058 1858/2326/2170 1953/2436/2269
f 1953/2436/2269 1858/2326/2170 1954/2437/2270
f 1858/2326/2170 1859/2327/2060 1954/2437/2270
f 1954/2437/2270 1859/2327/2060 1955/2438/2271
f 2398/2439/2272 2399/2428/2261 2494/1970/1979
f 1955/2438/2271 1859/2327/2060 1956/2440/2273
f 1859/2327/2060 1860/2329/2060 1956/2440/2273
f 1956/2440/2273 1860/2329/2060 1957/2441/2273
f 1860/2329/2060 1861/2330/1870 1957/2441/2273
f 2493/1972/1980 2398/2439/2272 2494/1970/1979
f 1861/2330/1870 1862/2332/1870 1957/2441/2273
f 1957/2441/2273 1862/2332/1870 1958/2442/2274
f 1862/2332/1870 1863/2333/2173 1958/2442/2274
f 1958/2442/2274 1863/2333/2173 1959/2443/2275
f 1863/2333/2173 1864/2334/1870 1959/2443/2275
f 1959/2443/2275 1864/2334/1870 1960/2444/2276
f 1864/2334/1870 1865/2335/1869 1960/2444/2276
f 1960/2444/2276 1865/2335/1869 1961/2445/2277
f 1865/2335/1869 1866/2336/2174 1961/2445/2277
f 1961/2445/2277 1866/2336/2174 1962/2446/2278
f 1866/2336/2174 1867/2337/2175 1962/2446/2278
f 1962/2446/2278 1867/2337/2175 1963/2447/2279
f 1867/2337/2175 1868/2338/2176 1963/2447/2279
f 1963/2447/2279 1868/2338/2176 1964/2448/2280
f 1868/2338/2176 1869/2339/2177 1964/2448/2280
f 1964/2448/2280 1869/2339/2177 1965/2449/2281
f 1869/2339/2177 1870/2340/2178 1965/2449/2281
f 1965/2449/2281 1870/2340/2178 1966/2450/2282
f 1870/2340/2178 1871/2341/2179 1966/2450/2282
f 1966/2450/2282 1871/2341/2179 1967/2451/2283
f 2397/2452/2284 2398/2439/2272 2493/1972/1980
f 1967/2451/2283 1871/2341/2179 1968/2453/2285
f 1871/2341/2179 1872/2342/2180 1968/2453/2285
f 1968/2453/2285 1872/2342/2180 1969/2454/2286
f 1872/2342/2180 1873/2343/2181 1969/2454/2286
f 1969/2454/2286 1873/2343/2181 1970/2455/2287
f 1873/2343/2181 1874/2344/2131 1970/2455/2287
f 2492/1973/1981 2397/2452/2284 2493/1972/1980
f 1874/2344/2131 1875/2346/2183 1970/2455/2287
f 1970/2455/2287 1875/2346/2183 1971/2456/2288
f 1875/2346/2183 1876/2347/2184 1971/2456/2288
f 1971/2456/2288 1876/2347/2184 1972/2457/2289
f 1876/2347/2184 1877/2348/2185 1972/2457/2289
f 1972/2457/2289 1877/2348/2185 1973/2458/2290
f 2396/2459/2291 2397/2452/2284 2492/1973/1981
f 1973/2458/2290 1877/2348/2185 1974/2460/2292
f 1877/2348/2185 1878/2349/2186 1974/2460/2292
f 1974/2460/2292 1878/2349/2186 1975/2461/2293
f 1878/2349/2186 1879/2350/2187 1975/2461/2293
f 2491/1974/1982 2396/2459/2291 2492/1973/1981
f 1879/2350/2187 1880/2351/2188 1975/2461/2293
f 1975/2461/2293 1880/2351/2188 1976/2462/2294
f 1880/2351/2188 1881/2352/2189 1976/2462/2294
f 1976/2462/2294 1881/2352/2189 1977/2463/2295
f 1881/2352/2189 1882/2353/2190 1977/2463/2295
f 1977/2463/2295 1882/2353/2190 1978/2464/2296
f 1882/2353/2190 1883/2354/2191 1978/2464/2296
f 1978/2464/2296 1883/2354/2191 1979/2465/2297
f 2395/2466/2298 2396/2459/2291 2491/1974/1982
f 1979/2465/2297 1883/2354/2191 1980/2467/2299
f 1883/2354/2191 1884/2356/2191 1980/2467/2299
f 1980/2467/2299 1884/2356/2191 1981/2468/2300
f 1884/2356/2191 1885/2357/2193 1981/2468/2300
f 2394/2469/2301 2395/2466/2298 2491/1974/1982
f 1885/2357/2193 1886/2358/2194 1981/2468/2300
f 1981/2468/2300 1886/2358/2194 1982/2470/2302
f 1886/2358/2194 1887/2359/2195 1982/2470/2302
f 1982/2470/2302 1887/2359/2195 1983/2471/2303
f 1887/2359/2195 1888/2360/2196 1983/2471/2303
f 1983/2471/2303 1888/2360/2196 1984/2472/2304
f 1888/2360/2196 1889/2361/2197 1984/2472/2304
f 1984/2472/2304 1889/2361/2197 1985/2473/2305
f 2490/1980/1987 2394/2469/2301 2491/1974/1982
f 1985/2473/2305 1889/2361/2197 1986/2474/2306
f 1889/2361/2197 1890/2363/2199 1986/2474/2306
f 1986/2474/2306 1890/2363/2199 1987/2475/2307
f 1890/2363/2199 1891/2364/2200 1987/2475/2307
f 2393/2476/2308 2394/2469/2301 2490/1980/1987
f 1891/2364/2200 1892/2365/2201 1987/2475/2307
f 1987/2475/2307 1892/2365/2201 1988/2477/2309
f 1892/2365/2201 1893/2366/2202 1988/2477/2309
f 1988/2477/2309 1893/2366/2202 1989/2478/2310
f 1893/2366/2202 1894/2367/2203 1989/2478/2310
f 1989/2478/2310 1894/2367/2203 1990/2479/2310
f 1894/2367/2203 1895/2368/2204 1990/2479/2310
f 1990/2479/2310 1895/2368/2204 1991/2480/2311
f 2489/1987/1989 2393/2476/2308 2490/1980/1987
f 1991/2480/2311 1895/2368/2204 1992/2481/2312
f 1895/2368/2204 1896/2370/2206 1992/2481/2312
f 1992/2481/2312 1896/2370/2206 1993/2482/2313
f 1896/2370/2206 1897/2371/2207 1993/2482/2313
f 2488/1988/1990 2393/2476/2308 2489/1987/1989
f 1897/2371/2207 1898/2372/2208 1993/2482/2313
f 1993/2482/2313 1898/2372/2208 1994/2483/2314
f 1898/2372/2208 1899/2373/2209 1994/2483/2314
f 1994/2483/2314 1899/2373/2209 1995/2484/2315
f 1899/2373/2209 1900/2374/2210 1995/2484/2315
f 1995/2484/2315 1900/2374/2210 1996/2485/2316
f 1900/2374/2210 1901/2375/2211 1996/2485/2316
f 1996/2485/2316 1901/2375/2211 1997/2486/2317
f 2392/2487/2318 2393/2476/2308 2488/1988/1990
f 1997/2486/2317 1901/2375/2211 1998/2488/2319
f 1901/2375/2211 1902/2377/2213 1998/2488/2319
f 1998/2488/2319 1902/2377/2213 1999/2489/2320
f 1902/2377/2213 1903/2378/2214 1999/2489/2320
f 2487/1990/1991 2392/2487/2318 2488/1988/1990
f 1903/2378/2214 1904/2380/2216 1999/2489/2320
f 1999/2489/2320 1904/2380/2216 2000/2490/2321
f 1904/2380/2216 1905/2381/2217 2000/2490/2321
f 2000/2490/2321 1905/2381/2217 2001/2491/2322
f 1905/2381/2217 1906/2382/2218 2001/2491/2322
f 2001/2491/2322 1906/2382/2218 2002/2492/2323
f 1906/2382/2218 1907/2383/2219 2002/2492/2323
f 2002/2492/2323 1907/2383/2219 2003/2493/2324
f 2391/2494/2325 2392/2487/2318 2487/1990/1991
f 2003/2493/2324 1907/2383/2219 2004/2495/2326
f 1907/2383/2219 1908/2384/2220 2004/2495/2326
f 2004/2495/2326 1908/2384/2220 2005/2496/2327
f 1908/2384/2220 1909/2385/2221 2005/2496/2327
f 2486/1991/1992 2391/2494/2325 2487/1990/1991
f 1909/2385/2221 1910/2387/2223 2005/2496/2327
f 2005/2496/2327 1910/2387/2223 2006/2497/2328
f 1910/2387/2223 1911/2388/2224 2006/2497/2328
f 2006/2497/2328 1911/2388/2224 2007/2498/2329
f 1911/2388/2224 1912/2389/2225 2007/2498/2329
f 2007/2498/2329 1912/2389/2225 2008/2499/2330
f 1912/2389/2225 1913/2390/2226 2008/2499/2330
f 2008/2499/2330 1913/2390/2226 2009/2500/2331
f 2390/2501/2332 2391/2494/2325 2486/1991/1992
f 2009/2500/2331 1913/2390/2226 2010/2502/2333
f 1913/2390/2226 1914/2391/2227 2010/2502/2333
f 2010/2502/2333 1914/2391/2227 2011/2503/2334
f 1914/2391/2227 1915/2392/2228 2011/2503/2334
f 2485/1992/1993 2390/2501/2332 2486/1991/1992
f 1915/2392/2228 1916/2393/2229 2011/2503/2334
f 2011/2503/2334 1916/2393/2229 2012/2504/2335
f 1916/2393/2229 1917/2394/2230 2012/2504/2335
f 2012/2504/2335 1917/2394/2230 2013/2505/2336
f 1917/2394/2230 1918/2395/2231 2013/2505/2336
f 2013/2505/2336 1918/2395/2231 2014/2506/2337
f 1918/2395/2231 1919/2396/2232 2014/2506/2337
f 2014/2506/2337 1919/2396/2232 2015/2507/2338
f 2389/2508/2339 2390/2501/2332 2485/1992/1993
f 2015/2507/2338 1919/2396/2232 2016/2509/2340
f 1919/2396/2232 1920/2398/2234 2016/2509/2340
f 2016/2509/2340 1920/2398/2234 2017/2510/2341
f 1920/2398/2234 1921/2399/2235 2017/2510/2341
f 2388/2511/2342 2389/2508/2339 2485/1992/1993
f 1921/2399/2235 1922/2400/2236 2017/2510/2341
f 2017/2510/2341 1922/2400/2236 2018/2512/2343
f 1922/2400/2236 1923/2401/2235 2018/2512/2343
f 2018/2512/2343 1923/2401/2235 2019/2513/2344
f 1923/2401/2235 1924/2402/2237 2019/2513/2344
f 2019/2513/2344 1924/2402/2237 2020/2514/2345
f 1924/2402/2237 1925/2403/2238 2020/2514/2345
f 2020/2514/2345 1925/2403/2238 2021/2515/2346
f 2484/1998/1997 2388/2511/2342 2485/1992/1993
f 2021/2515/2346 1925/2403/2238 2022/2516/2347
f 1925/2403/2238 1926/2405/2240 2022/2516/2347
f 2022/2516/2347 1926/2405/2240 2023/2517/2348
f 1926/2405/2240 1927/2406/2241 2023/2517/2348
f 2387/2518/2349 2388/2511/2342 2484/1998/1997
f 1927/2406/2241 1928/2407/2242 2023/2517/2348
f 2023/2517/2348 1928/2407/2242 2024/2519/2350
f 1928/2407/2242 1929/2408/2243 2024/2519/2350
f 2024/2519/2350 1929/2408/2243 2025/2520/2351
f 1929/2408/2243 1930/2409/2244 2025/2520/2351
f 2025/2520/2351 1930/2409/2244 2026/2521/2352
f 1930/2409/2244 1931/2410/2245 2026/2521/2352
f 2026/2521/2352 1931/2410/2245 2027/2522/2353
f 2483/2005/2001 2387/2518/2349 2484/1998/1997
f 2027/2522/2353 1931/2410/2245 2028/2523/2354
f 1931/2410/2245 1932/2412/2247 2028/2523/2354
f 2028/2523/2354 1932/2412/2247 2029/2524/2355
f 1932/2412/2247 1933/2413/2248 2029/2524/2355
f 2482/2006/2002 2387/2518/2349 2483/2005/2001
f 1933/2413/2248 1934/2414/2249 2029/2524/2355
f 2029/2524/2355 1934/2414/2249 2030/2525/2356
f 1934/2414/2249 1935/2415/2249 2030/2525/2356
f 2030/2525/2356 1935/2415/2249 2031/2526/2357
f 1935/2415/2249 1936/2416/2250 2031/2526/2357
f 2031/2526/2357 1936/2416/2250 2032/2527/2358
f 1936/2416/2250 1937/2417/2251 2032/2527/2358
f 2032/2527/2358 1937/2417/2251 2033/2528/2359
f 2386/2529/2360 2387/2518/2349 2482/2006/2002
f 2033/2528/2359 1937/2417/2251 2034/2530/2361
f 1937/2417/2251 1938/2419/2253 2034/2530/2361
f 2034/2530/2361 1938/2419/2253 2035/2531/2362
f 1938/2419/2253 1939/2420/2254 2035/2531/2362
f 2481/2008/2003 2386/2529/2360 2482/2006/2002
f 1939/2420/2254 1940/2422/2256 2035/2531/2362
f 2035/2531/2362 1940/2422/2256 2036/2532/2363
f 1940/2422/2256 1941/2423/2257 2036/2532/2363
f 2036/2532/2363 1941/2423/2257 2037/2533/2364
f 1941/2423/2257 1942/2424/2258 2037/2533/2364
f 2037/2533/2364 1942/2424/2258 2038/2534/2365
f 1942/2424/2258 1943/2425/2259 2038/2534/2365
f 2038/2534/2365 1943/2425/2259 2039/2535/2366
f 2385/2536/2367 2386/2529/2360 2481/2008/2003
f 2039/2535/2366 1943/2425/2259 2040/2537/2368
f 1943/2425/2259 1944/2426/2260 2040/2537/2368
f 2040/2537/2368 1944/2426/2260 2041/2538/2369
f 1944/2426/2260 1945/2427/2260 2041/2538/2369
f 2480/2009/2004 2385/2536/2367 2481/2008/2003
f 1945/2427/2260 1946/2429/2262 2041/2538/2369
f 2041/2538/2369 1946/2429/2262 2042/2539/2370
f 1946/2429/2262 1947/2430/2263 2042/2539/2370
f 2042/2539/2370 1947/2430/2263 2043/2540/2371
f 1947/2430/2263 1948/2431/2264 2043/2540/2371
f 2043/2540/2371 1948/2431/2264 2044/2541/2372
f 1948/2431/2264 1949/2432/2265 2044/2541/2372
f 2044/2541/2372 1949/2432/2265 2045/2542/2373
f 2384/2543/2374 2385/2536/2367 2480/2009/2004
f 2045/2542/2373 1949/2432/2265 2046/2544/2375
f 1949/2432/2265 1950/2433/2266 2046/2544/2375
f 2046/2544/2375 1950/2433/2266 2047/2545/2376
f 1950/2433/2266 1951/2434/2267 2047/2545/2376
f 2479/2010/2005 2384/2543/2374 2480/2009/2004
f 1951/2434/2267 1952/2435/2268 2047/2545/2376
f 2047/2545/2376 1952/2435/2268 2048/2546/2377
f 1952/2435/2268 1953/2436/2269 2048/2546/2377
f 2048/2546/2377 1953/2436/2269 2049/2547/2378
f 1953/2436/2269 1954/2437/2270 2049/2547/2378
f 2049/2547/2378 1954/2437/2270 2050/2548/2379
f 1954/2437/2270 1955/2438/2271 2050/2548/2379
f 2050/2548/2379 1955/2438/2271 2051/2549/2380
f 2383/2550/2381 2384/2543/2374 2479/2010/2005
f 2051/2549/2380 1955/2438/2271 2052/2551/2382
f 1955/2438/2271 1956/2440/2273 2052/2551/2382
f 2052/2551/2382 1956/2440/2273 2053/2552/2383
f 1956/2440/2273 1957/2441/2273 2053/2552/2383
f 2382/2553/2384 2383/2550/2381 2479/2010/2005
f 1957/2441/2273 1958/2442/2274 2053/2552/2383
f 2053/2552/2383 1958/2442/2274 2054/2554/2385
f 1958/2442/2274 1959/2443/2275 2054/2554/2385
f 2054/2554/2385 1959/2443/2275 2055/2555/2386
f 1959/2443/2275 1960/2444/2276 2055/2555/2386
f 2055/2555/2386 1960/2444/2276 2056/2556/2387
f 1960/2444/2276 1961/2445/2277 2056/2556/2387
f 2056/2556/2387 1961/2445/2277 2057/2557/2388
f 1961/2445/2277 1962/2446/2278 2057/2557/2388
f 2057/2557/2388 1962/2446/2278 2058/2558/2389
f 1962/2446/2278 1963/2447/2279 2058/2558/2389
f 2058/2558/2389 1963/2447/2279 2059/2559/2390
f 1963/2447/2279 1964/2448/2280 2059/2559/2390
f 2059/2559/2390 1964/2448/2280 2060/2560/2391
f 1964/2448/2280 1965/2449/2281 2060/2560/2391
f 2060/2560/2391 1965/2449/2281 2061/2561/2392
f 1965/2449/2281 1966/2450/2282 2061/2561/2392
f 2061/2561/2392 1966/2450/2282 2062/2562/2393
f 1966/2450/2282 1967/2451/2283 2062/2562/2393
f 2062/2562/2393 1967/2451/2283 2063/2563/2394
f 2478/2016/2009 2382/2553/2384 2479/2010/2005
f 2063/2563/2394 1967/2451/2283 2064/2564/2395
f 1967/2451/2283 1968/2453/2285 2064/2564/2395
f 2064/2564/2395 1968/2453/2285 2065/2565/2396
f 1968/2453/2285 1969/2454/2286 2065/2565/2396
f 2065/2565/2396 1969/2454/2286 2066/2566/2397
f 1969/2454/2286 1970/2455/2287 2066/2566/2397
f 2381/2567/2398 2382/2553/2384 2478/2016/2009
f 1970/2455/2287 1971/2456/2288 2066/2566/2397
f 2066/2566/2397 1971/2456/2288 2067/2568/2399
f 1971/2456/2288 1972/2457/2289 2067/2568/2399
f 2067/2568/2399 1972/2457/2289 2068/2569/2400
f 1972/2457/2289 1973/2458/2290 2068/2569/2400
f 2068/2569/2400 1973/2458/2290 2069/2570/2401
f 2477/2023/2013 2381/2567/2398 2478/2016/2009
f 2069/2570/2401 1973/2458/2290 2070/2571/2402
f 1973/2458/2290 1974/2460/2292 2070/2571/2402
f 2070/2571/2402 1974/2460/2292 2071/2572/2403
f 1974/2460/2292 1975/2461/2293 2071/2572/2403
f 2476/2024/2014 2381/2567/2398 2477/2023/2013
f 1975/2461/2293 1976/2462/2294 2071/2572/2403
f 2071/2572/2403 1976/2462/2294 2072/2573/2404
f 1976/2462/2294 1977/2463/2295 2072/2573/2404
f 2072/2573/2404 1977/2463/2295 2073/2574/2405
f 1977/2463/2295 1978/2464/2296 2073/2574/2405
f 2073/2574/2405 1978/2464/2296 2074/2575/2406
f 1978/2464/2296 1979/2465/2297 2074/2575/2406
f 2074/2575/2406 1979/2465/2297 2075/2576/2407
f 2380/2577/2408 2381/2567/2398 2476/2024/2014
f 2075/2576/2407 1979/2465/2297 2076/2578/2409
f 1979/2465/2297 1980/2467/2299 2076/2578/2409
f 2076/2578/2409 1980/2467/2299 2077/2579/2410
f 1980/2467/2299 1981/2468/2300 2077/2579/2410
f 2475/2026/2015 2380/2577/2408 2476/2024/2014
f 1981/2468/2300 1982/2470/2302 2077/2579/2410
f 2077/2579/2410 1982/2470/2302 2078/2580/2411
f 1982/2470/2302 1983/2471/2303 2078/2580/2411
f 2078/2580/2411 1983/2471/2303 2079/2581/2412
f 1983/2471/2303 1984/2472/2304 2079/2581/2412
f 2079/2581/2412 1984/2472/2304 2080/2582/2413
f 1984/2472/2304 1985/2473/2305 2080/2582/2413
f 2080/2582/2413 1985/2473/2305 2081/2583/2414
f 2379/2584/2415 2380/2577/2408 2475/2026/2015
f 2081/2583/2414 1985/2473/2305 2082/2585/2416
f 1985/2473/2305 1986/2474/2306 2082/2585/2416
f 2082/2585/2416 1986/2474/2306 2083/2586/2417
f 1986/2474/2306 1987/2475/2307 2083/2586/2417
f 2474/2027/2016 2379/2584/2415 2475/2026/2015
f 1987/2475/2307 1988/2477/2309 2083/2586/2417
f 2083/2586/2417 1988/2477/2309 2084/2587/2418
f 1988/2477/2309 1989/2478/2310 2084/2587/2418
f 2084/2587/2418 1989/2478/2310 2085/2588/2419
f 1989/2478/2310 1990/2479/2310 2085/2588/2419
f 2085/2588/2419 1990/2479/2310 2086/2589/2420
f 1990/2479/2310 1991/2480/2311 2086/2589/2420
f 2086/2589/2420 1991/2480/2311 2087/2590/2421
f 2378/2591/2422 2379/2584/2415 2474/2027/2016
f 2087/2590/2421 1991/2480/2311 2088/2592/2423
f 1991/2480/2311 1992/2481/2312 2088/2592/2423
f 2088/2592/2423 1992/2481/2312 2089/2593/2424
f 1992/2481/2312 1993/2482/2313 2089/2593/2424
f 2473/2028/2017 2378/2591/2422 2474/2027/2016
f 1993/2482/2313 1994/2483/2314 2089/2593/2424
f 2089/2593/2424 1994/2483/2314 2090/2594/2425
f 1994/2483/2314 1995/2484/2315 2090/2594/2425
f 2090/2594/2425 1995/2484/2315 2091/2595/2426
f 1995/2484/2315 1996/2485/2316 2091/2595/2426
f 2091/2595/2426 1996/2485/2316 2092/2596/2427
f 1996/2485/2316 1997/2486/2317 2092/2596/2427
f 2092/2596/2427 1997/2486/2317 2093/2597/2428
f 2377/2598/2429 2378/2591/2422 2473/2028/2017
f 2093/2597/2428 1997/2486/2317 2094/2599/2430
f 1997/2486/2317 1998/2488/2319 2094/2599/2430
f 2094/2599/2430 1998/2488/2319 2095/2600/2431
f 1998/2488/2319 1999/2489/2320 2095/2600/2431
f 2376/2601/2432 2377/2598/2429 2473/2028/2017
f 1999/2489/2320 2000/2490/2321 2095/2600/2431
f 2095/2600/2431 2000/2490/2321 2096/2602/2433
f 2000/2490/2321 2001/2491/2322 2096/2602/2433
f 2096/2602/2433 2001/2491/2322 2097/2603/2434
f 2001/2491/2322 2002/2492/2323 2097/2603/2434
f 2097/2603/2434 2002/2492/2323 2098/2604/2435
f 2002/2492/2323 2003/2493/2324 2098/2604/2435
f 2098/2604/2435 2003/2493/2324 2099/2605/2436
f 2472/2034/2022 2376/2601/2432 2473/2028/2017
f 2099/2605/2436 2003/2493/2324 2100/2606/2437
f 2003/2493/2324 2004/2495/2326 2100/2606/2437
f 2100/2606/2437 2004/2495/2326 2101/2607/2438
f 2004/2495/2326 2005/2496/2327 2101/2607/2438
f 2375/2608/2439 2376/2601/2432 2472/2034/2022
f 2005/2496/2327 2006/2497/2328 2101/2607/2438
f 2101/2607/2438 2006/2497/2328 2102/2609/2440
f 2006/2497/2328 2007/2498/2329 2102/2609/2440
f 2102/2609/2440 2007/2498/2329 2103/2610/2441
f 2007/2498/2329 2008/2499/2330 2103/2610/2441
f 2103/2610/2441 2008/2499/2330 2104/2611/2442
f 2008/2499/2330 2009/2500/2331 2104/2611/2442
f 2104/2611/2442 2009/2500/2331 2105/2612/2443
f 2471/2041/2026 2375/2608/2439 2472/2034/2022
f 2105/2612/2443 2009/2500/2331 2106/2613/2444
f 2009/2500/2331 2010/2502/2333 2106/2613/2444
f 2106/2613/2444 2010/2502/2333 2107/2614/2445
f 2010/2502/2333 2011/2503/2334 2107/2614/2445
f 2470/2042/2027 2375/2608/2439 2471/2041/2026
f 2011/2503/2334 2012/2504/2335 2107/2614/2445
f 2107/2614/2445 2012/2504/2335 2108/2615/2446
f 2012/2504/2335 2013/2505/2336 2108/2615/2446
f 2108/2615/2446 2013/2505/2336 2109/2616/2447
f 2013/2505/2336 2014/2506/2337 2109/2616/2447
f 2109/2616/2447 2014/2506/2337 2110/2617/2448
f 2014/2506/2337 2015/2507/2338 2110/2617/2448
f 2110/2617/2448 2015/2507/2338 2111/2618/2449
f 2374/2619/2450 2375/2608/2439 2470/2042/2027
f 2111/2618/2449 2015/2507/2338 2112/2620/2451
f 2015/2507/2338 2016/2509/2340 2112/2620/2451
f 2112/2620/2451 2016/2509/2340 2113/2621/2452
f 2016/2509/2340 2017/2510/2341 2113/2621/2452
f 2469/2044/2028 2374/2619/2450 2470/2042/2027
f 2017/2510/2341 2018/2512/2343 2113/2621/2452
f 2113/2621/2452 2018/2512/2343 2114/2622/2453
f 2018/2512/2343 2019/2513/2344 2114/2622/2453
f 2114/2622/2453 2019/2513/2344 2115/2623/2454
f 2019/2513/2344 2020/2514/2345 2115/2623/2454
f 2115/2623/2454 2020/2514/2345 2116/2624/2455
f 2020/2514/2345 2021/2515/2346 2116/2624/2455
f 2116/2624/2455 2021/2515/2346 2117/2625/2456
f 2373/2626/2457 2374/2619/2450 2469/2044/2028
f 2117/2625/2456 2021/2515/2346 2118/2627/2458
f 2021/2515/2346 2022/2516/2347 2118/2627/2458
f 2118/2627/2458 2022/2516/2347 2119/2628/2459
f 2022/2516/2347 2023/2517/2348 2119/2628/2459
f 2468/2045/2029 2373/2626/2457 2469/2044/2028
f 2023/2517/2348 2024/2519/2350 2119/2628/2459
f 2119/2628/2459 2024/2519/2350 2120/2629/2460
f 2024/2519/2350 2025/2520/2351 2120/2629/2460
f 2120/2629/2460 2025/2520/2351 2121/2630/2461
f 2025/2520/2351 2026/2521/2352 2121/2630/2461
f 2121/2630/2461 2026/2521/2352 2122/2631/2462
f 2026/2521/2352 2027/2522/2353 2122/2631/2462
f 2122/2631/2462 2027/2522/2353 2123/2632/2463
f 2372/2633/2464 2373/2626/2457 2468/2045/2029
f 2123/2632/2463 2027/2522/2353 2124/2634/2465
f 2027/2522/2353 2028/2523/2354 2124/2634/2465
f 2124/2634/2465 2028/2523/2354 2125/2635/2466
f 2028/2523/2354 2029/2524/2355 2125/2635/2466
f 2467/2046/2030 2372/2633/2464 2468/2045/2029
f 2029/2524/2355 2030/2525/2356 2125/2635/2466
f 2125/2635/2466 2030/2525/2356 2126/2636/2467
f 2030/2525/2356 2031/2526/2357 2126/2636/2467
f 2126/2636/2467 2031/2526/2357 2127/2637/2468
f 2031/2526/2357 2032/2527/2358 2127/2637/2468
f 2127/2637/2468 2032/2527/2358 2128/2638/2469
f 2032/2527/2358 2033/2528/2359 2128/2638/2469
f 2128/2638/2469 2033/2528/2359 2129/2639/2470
f 2371/2640/2471 2372/2633/2464 2467/2046/2030
f 2129/2639/2470 2033/2528/2359 2130/2641/2472
f 2033/2528/2359 2034/2530/2361 2130/2641/2472
f 2130/2641/2472 2034/2530/2361 2131/2642/2473
f 2034/2530/2361 2035/2531/2362 2131/2642/2473
f 2370/2643/2474 2371/2640/2471 2467/2046/2030
f 2035/2531/2362 2036/2532/2363 2131/2642/2473
f 2131/2642/2473 2036/2532/2363 2132/2644/2475
f 2036/2532/2363 2037/2533/2364 2132/2644/2475
f 2132/2644/2475 2037/2533/2364 2133/2645/2476
f 2037/2533/2364 2038/2534/2365 2133/2645/2476
f 2133/2645/2476 2038/2534/2365 2134/2646/2477
f 2038/2534/2365 2039/2535/2366 2134/2646/2477
f 2134/2646/2477 2039/2535/2366 2135/2647/2478
f 2466/2052/2035 2370/2643/2474 2467/2046/2030
f 2135/2647/2478 2039/2535/2366 2136/2648/2479
f 2039/2535/2366 2040/2537/2368 2136/2648/2479
f 2136/2648/2479 2040/2537/2368 2137/2649/2480
f 2040/2537/2368 2041/2538/2369 2137/2649/2480
f 2369/2650/2481 2370/2643/2474 2466/2052/2035
f 2041/2538/2369 2042/2539/2370 2137/2649/2480
f 2137/2649/2480 2042/2539/2370 2138/2651/2482
f 2042/2539/2370 2043/2540/2371 2138/2651/2482
f 2138/2651/2482 2043/2540/2371 2139/2652/2483
f 2043/2540/2371 2044/2541/2372 2139/2652/2483
f 2139/2652/2483 2044/2541/2372 2140/2653/2484
f 2044/2541/2372 2045/2542/2373 2140/2653/2484
f 2140/2653/2484 2045/2542/2373 2141/2654/2485
f 2465/2059/2039 2369/2650/2481 2466/2052/2035
f 2141/2654/2485 2045/2542/2373 2142/2655/2486
f 2045/2542/2373 2046/2544/2375 2142/2655/2486
f 2142/2655/2486 2046/2544/2375 2143/2656/2487
f 2046/2544/2375 2047/2545/2376 2143/2656/2487
f 2464/2060/2040 2369/2650/2481 2465/2059/2039
f 2047/2545/2376 2048/2546/2377 2143/2656/2487
f 2143/2656/2487 2048/2546/2377 2144/2657/2488
f 2048/2546/2377 2049/2547/2378 2144/2657/2488
f 2144/2657/2488 2049/2547/2378 2145/2658/2489
f 2049/2547/2378 2050/2548/2379 2145/2658/2489
f 2145/2658/2489 2050/2548/2379 2146/2659/2490
f 2050/2548/2379 2051/2549/2380 2146/2659/2490
f 2146/2659/2490 2051/2549/2380 2147/2660/2491
f 2368/2661/2492 2369/2650/2481 2464/2060/2040
f 2147/2660/2491 2051/2549/2380 2148/2662/2493
f 2051/2549/2380 2052/2551/2382 2148/2662/2493
f 2148/2662/2493 2052/2551/2382 2149/2663/2494
f 2052/2551/2382 2053/2552/2383 2149/2663/2494
f 2463/2062/2041 2368/2661/2492 2464/2060/2040
f 2053/2552/2383 2054/2554/2385 2149/2663/2494
f 2149/2663/2494 2054/2554/2385 2150/2664/2495
f 2054/2554/2385 2055/2555/2386 2150/2664/2495
f 2150/2664/2495 2055/2555/2386 2151/2665/2496
f 2055/2555/2386 2056/2556/2387 2151/2665/2496
f 2151/2665/2496 2056/2556/2387 2152/2666/2497
f 2056/2556/2387 2057/2557/2388 2152/2666/2497
f 2152/2666/2497 2057/2557/2388 2153/2667/2498
f 2057/2557/2388 2058/2558/2389 2153/2667/2498
f 2153/2667/2498 2058/2558/2389 2154/2668/2499
f 2058/2558/2389 2059/2559/2390 2154/2668/2499
f 2154/2668/2499 2059/2559/2390 2155/2669/2500
f 2059/2559/2390 2060/2560/2391 2155/2669/2500
f 2155/2669/2500 2060/2560/2391 2156/2670/2501
f 2060/2560/2391 2061/2561/2392 2156/2670/2501
f 2156/2670/2501 2061/2561/2392 2157/2671/2502
f 2061/2561/2392 2062/2562/2393 2157/2671/2502
f 2157/2671/2502 2062/2562/2393 2158/2672/2503
f 2062/2562/2393 2063/2563/2394 2158/2672/2503
f 2158/2672/2503 2063/2563/2394 2159/2673/2504
f 2367/2674/2505 2368/2661/2492 2463/2062/2041
f 2159/2673/2504 2063/2563/2394 2160/2675/2506
f 2063/2563/2394 2064/2564/2395 2160/2675/2506
f 2160/2675/2506 2064/2564/2395 2161/2676/2507
f 2064/2564/2395 2065/2565/2396 2161/2676/2507
f 2161/2676/2507 2065/2565/2396 2162/2677/2508
f 2065/2565/2396 2066/2566/2397 2162/2677/2508
f 2462/2063/2042 2367/2674/2505 2463/2062/2041
f 2066/2566/2397 2067/2568/2399 2162/2677/2508
f 2162/2677/2508 2067/2568/2399 2163/2678/2509
f 2067/2568/2399 2068/2569/2400 2163/2678/2509
f 2163/2678/2509 2068/2569/2400 2164/2679/2510
f 2068/2569/2400 2069/2570/2401 2164/2679/2510
f 2164/2679/2510 2069/2570/2401 2165/2680/2511
f 2366/2681/2512 2367/2674/2505 2462/2063/2042
f 2165/2680/2511 2069/2570/2401 2166/2682/2513
f 2069/2570/2401 2070/2571/2402 2166/2682/2513
f 2166/2682/2513 2070/2571/2402 2167/2683/2514
f 2070/2571/2402 2071/2572/2403 2167/2683/2514
f 2461/2064/2043 2366/2681/2512 2462/2063/2042
f 2071/2572/2403 2072/2573/2404 2167/2683/2514
f 2167/2683/2514 2072/2573/2404 2168/2684/2515
f 2072/2573/2404 2073/2574/2405 2168/2684/2515
f 2168/2684/2515 2073/2574/2405 2169/2685/2516
f 2073/2574/2405 2074/2575/2406 2169/2685/2516
f 2169/2685/2516 2074/2575/2406 2170/2686/2517
f 2074/2575/2406 2075/2576/2407 2170/2686/2517
f 2170/2686/2517 2075/2576/2407 2171/2687/2518
f 2365/2688/2519 2366/2681/2512 2461/2064/2043
f 2171/2687/2518 2075/2576/2407 2172/2689/2520
f 2075/2576/2407 2076/2578/2409 2172/2689/2520
f 2172/2689/2520 2076/2578/2409 2173/2690/2521
f 2076/2578/2409 2077/2579/2410 2173/2690/2521
f 2364/2691/2522 2365/2688/2519 2461/2064/2043
f 2077/2579/2410 2078/2580/2411 2173/2690/2521
f 2173/2690/2521 2078/2580/2411 2174/2692/2523
f 2078/2580/2411 2079/2581/2412 2174/2692/2523
f 2174/2692/2523 2079/2581/2412 2175/2693/2524
f 2079/2581/2412 2080/2582/2413 2175/2693/2524
f 2175/2693/2524 2080/2582/2413 2176/2694/2525
f 2080/2582/2413 2081/2583/2414 2176/2694/2525
f 2176/2694/2525 2081/2583/2414 2177/2695/2526
f 2460/2070/2048 2364/2691/2522 2461/2064/2043
f 2177/2695/2526 2081/2583/2414 2178/2696/2527
f 2081/2583/2414 2082/2585/2416 2178/2696/2527
f 2178/2696/2527 2082/2585/2416 2179/2697/2528
f 2082/2585/2416 2083/2586/2417 2179/2697/2528
f 2363/2698/2529 2364/2691/2522 2460/2070/2048
f 2083/2586/2417 2084/2587/2418 2179/2697/2528
f 2179/2697/2528 2084/2587/2418 2180/2699/2530
f 2084/2587/2418 2085/2588/2419 2180/2699/2530
f 2180/2699/2530 2085/2588/2419 2181/2700/2531
f 2085/2588/2419 2086/2589/2420 2181/2700/2531
f 2181/2700/2531 2086/2589/2420 2182/2701/2532
f 2086/2589/2420 2087/2590/2421 2182/2701/2532
f 2182/2701/2532 2087/2590/2421 2183/2702/2533
f 2459/2077/2051 2363/2698/2529 2460/2070/2048
f 2183/2702/2533 2087/2590/2421 2184/2703/2534
f 2087/2590/2421 2088/2592/2423 2184/2703/2534
f 2184/2703/2534 2088/2592/2423 2185/2704/2535
f 2088/2592/2423 2089/2593/2424 2185/2704/2535
f 2458/2078/2052 2363/2698/2529 2459/2077/2051
f 2089/2593/2424 2090/2594/2425 2185/2704/2535
f 2185/2704/2535 2090/2594/2425 2186/2705/2536
f 2090/2594/2425 2091/2595/2426 2186/2705/2536
f 2186/2705/2536 2091/2595/2426 2187/2706/2537
f 2091/2595/2426 2092/2596/2427 2187/2706/2537
f 2187/2706/2537 2092/2596/2427 2188/2707/2538
f 2092/2596/2427 2093/2597/2428 2188/2707/2538
f 2188/2707/2538 2093/2597/2428 2189/2708/2539
f 2362/2709/2540 2363/2698/2529 2458/2078/2052
f 2189/2708/2539 2093/2597/2428 2190/2710/2541
f 2093/2597/2428 2094/2599/2430 2190/2710/2541
f 2190/2710/2541 2094/2599/2430 2191/2711/2542
f 2094/2599/2430 2095/2600/2431 2191/2711/2542
f 2457/2080/2053 2362/2709/2540 2458/2078/2052
f 2095/2600/2431 2096/2602/2433 2191/2711/2542
f 2191/2711/2542 2096/2602/2433 2192/2712/2543
f 2096/2602/2433 2097/2603/2434 2192/2712/2543
f 2192/2712/2543 2097/2603/2434 2193/2713/2544
f 2097/2603/2434 2098/2604/2435 2193/2713/2544
f 2193/2713/2544 2098/2604/2435 2194/2714/2545
f 2098/2604/2435 2099/2605/2436 2194/2714/2545
f 2194/2714/2545 2099/2605/2436 2195/2715/2546
f 2361/2716/2547 2362/2709/2540 2457/2080/2053
f 2195/2715/2546 2099/2605/2436 2196/2717/2548
f 2099/2605/2436 2100/2606/2437 2196/2717/2548
f 2196/2717/2548 2100/2606/2437 2197/2718/2549
f 2100/2606/2437 2101/2607/2438 2197/2718/2549
f 2456/2081/2054 2361/2716/2547 2457/2080/2053
f 2101/2607/2438 2102/2609/2440 2197/2718/2549
f 2197/2718/2549 2102/2609/2440 2198/2719/2550
f 2102/2609/2440 2103/2610/2441 2198/2719/2550
f 2198/2719/2550 2103/2610/2441 2199/2720/2551
f 2103/2610/2441 2104/2611/2442 2199/2720/2551
f 2199/2720/2551 2104/2611/2442 2200/2721/2552
f 2104/2611/2442 2105/2612/2443 2200/2721/2552
f 2200/2721/2552 2105/2612/2443 2201/2722/2553
f 2360/2723/2554 2361/2716/2547 2456/2081/2054
f 2201/2722/2553 2105/2612/2443 2202/2724/2555
f 2105/2612/2443 2106/2613/2444 2202/2724/2555
f 2202/2724/2555 2106/2613/2444 2203/2725/2556
f 2106/2613/2444 2107/2614/2445 2203/2725/2556
f 2455/2082/2055 2360/2723/2554 2456/2081/2054
f 2107/2614/2445 2108/2615/2446 2203/2725/2556
f 2203/2725/2556 2108/2615/2446 2204/2726/2557
f 2108/2615/2446 2109/2616/2447 2204/2726/2557
f 2204/2726/2557 2109/2616/2447 2205/2727/2558
f 2109/2616/2447 2110/2617/2448 2205/2727/2558
f 2205/2727/2558 2110/2617/2448 2206/2728/2559
f 2110/2617/2448 2111/2618/2449 2206/2728/2559
f 2206/2728/2559 2111/2618/2449 2207/2729/2560
f 2359/2730/2561 2360/2723/2554 2455/2082/2055
f 2207/2729/2560 2111/2618/2449 2208/2731/2562
f 2111/2618/2449 2112/2620/2451 2208/2731/2562
f 2208/2731/2562 2112/2620/2451 2209/2732/2563
f 2112/2620/2451 2113/2621/2452 2209/2732/2563
f 2358/2733/2564 2359/2730/2561 2455/2082/2055
f 2113/2621/2452 2114/2622/2453 2209/2732/2563
f 2209/2732/2563 2114/2622/2453 2210/2734/2565
f 2114/2622/2453 2115/2623/2454 2210/2734/2565
f 2210/2734/2565 2115/2623/2454 2211/2735/2566
f 2115/2623/2454 2116/2624/2455 2211/2735/2566
f 2211/2735/2566 2116/2624/2455 2212/2736/2567
f 2116/2624/2455 2117/2625/2456 2212/2736/2567
f 2212/2736/2567 2117/2625/2456 2213/2737/2568
f 2454/2088/2059 2358/2733/2564 2455/2082/2055
f 2213/2737/2568 2117/2625/2456 2214/2738/2569
f 2117/2625/2456 2118/2627/2458 2214/2738/2569
f 2214/2738/2569 2118/2627/2458 2215/2739/2570
f 2118/2627/2458 2119/2628/2459 2215/2739/2570
f 2357/2740/2571 2358/2733/2564 2454/2088/2059
f 2119/2628/2459 2120/2629/2460 2215/2739/2570
f 2215/2739/2570 2120/2629/2460 2216/2741/2572
f 2120/2629/2460 2121/2630/2461 2216/2741/2572
f 2216/2741/2572 2121/2630/2461 2217/2742/2573
f 2121/2630/2461 2122/2631/2462 2217/2742/2573
f 2217/2742/2573 2122/2631/2462 2218/2743/2574
f 2122/2631/2462 2123/2632/2463 2218/2743/2574
f 2218/2743/2574 2123/2632/2463 2219/2744/2575
f 2453/2095/2064 2357/2740/2571 2454/2088/2059
f 2219/2744/2575 2123/2632/2463 2220/2745/2576
f 2123/2632/2463 2124/2634/2465 2220/2745/2576
f 2220/2745/2576 2124/2634/2465 2221/2746/2577
f 2124/2634/2465 2125/2635/2466 2221/2746/2577
f 2452/2096/2065 2357/2740/2571 2453/2095/2064
f 2125/2635/2466 2126/2636/2467 2221/2746/2577
f 2221/2746/2577 2126/2636/2467 2222/2747/2578
f 2126/2636/2467 2127/2637/2468 2222/2747/2578
f 2222/2747/2578 2127/2637/2468 2223/2748/2579
f 2127/2637/2468 2128/2638/2469 2223/2748/2579
f 2223/2748/2579 2128/2638/2469 2224/2749/2580
f 2128/2638/2469 2129/2639/2470 2224/2749/2580
f 2224/2749/2580 2129/2639/2470 2225/2750/2581
f 2356/2751/2582 2357/2740/2571 2452/2096/2065
f 2225/2750/2581 2129/2639/2470 2226/2752/2583
f 2129/2639/2470 2130/2641/2472 2226/2752/2583
f 2226/2752/2583 2130/2641/2472 2227/2753/2584
f 2130/2641/2472 2131/2642/2473 2227/2753/2584
f 2451/2098/2066 2356/2751/2582 2452/2096/2065
f 2131/2642/2473 2132/2644/2475 2227/2753/2584
f 2227/2753/2584 2132/2644/2475 2228/2754/2585
f 2132/2644/2475 2133/2645/2476 2228/2754/2585
f 2228/2754/2585 2133/2645/2476 2229/2755/2586
f 2133/2645/2476 2134/2646/2477 2229/2755/2586
f 2229/2755/2586 2134/2646/2477 2230/2756/2587
f 2134/2646/2477 2135/2647/2478 2230/2756/2587
f 2230/2756/2587 2135/2647/2478 2231/2757/2588
f 2355/2758/2589 2356/2751/2582 2451/2098/2066
f 2231/2757/2588 2135/2647/2478 2232/2759/2590
f 2135/2647/2478 2136/2648/2479 2232/2759/2590
f 2232/2759/2590 2136/2648/2479 2233/2760/2591
f 2136/2648/2479 2137/2649/2480 2233/2760/2591
f 2450/2099/2067 2355/2758/2589 2451/2098/2066
f 2137/2649/2480 2138/2651/2482 2233/2760/2591
f 2233/2760/2591 2138/2651/2482 2234/2761/2592
f 2138/2651/2482 2139/2652/2483 2234/2761/2592
f 2234/2761/2592 2139/2652/2483 2235/2762/2593
f 2139/2652/2483 2140/2653/2484 2235/2762/2593
f 2235/2762/2593 2140/2653/2484 2236/2763/2594
f 2140/2653/2484 2141/2654/2485 2236/2763/2594
f 2236/2763/2594 2141/2654/2485 2237/2764/2595
f 2354/2765/2596 2355/2758/2589 2450/2099/2067
f 2237/2764/2595 2141/2654/2485 2238/2766/2597
f 2141/2654/2485 2142/2655/2486 2238/2766/2597
f 2238/2766/2597 2142/2655/2486 2239/2767/2598
f 2142/2655/2486 2143/2656/2487 2239/2767/2598
f 2353/2768/2599 2354/2765/2596 2450/2099/2067
f 2143/2656/2487 2144/2657/2488 2239/2767/2598
f 2239/2767/2598 2144/2657/2488 2240/2769/2600
f 2144/2657/2488 2145/2658/2489 2240/2769/2600
f 2240/2769/2600 2145/2658/2489 2241/2770/2601
f 2145/2658/2489 2146/2659/2490 2241/2770/2601
f 2241/2770/2601 2146/2659/2490 2242/2771/2602
f 2146/2659/2490 2147/2660/2491 2242/2771/2602
f 2242/2771/2602 2147/2660/2491 2243/2772/2603
f 2449/2100/2068 2353/2768/2599 2450/2099/2067
f 2243/2772/2603 2147/2660/2491 2244/2773/2604
f 2147/2660/2491 2148/2662/2493 2244/2773/2604
f 2244/2773/2604 2148/2662/2493 2245/2774/2605
f 2148/2662/2493 2149/2663/2494 2245/2774/2605
f 2352/2775/2606 2353/2768/2599 2449/2100/2068
f 2149/2663/2494 2150/2664/2495 2245/2774/2605
f 2245/2774/2605 2150/2664/2495 2246/2776/2607
f 2150/2664/2495 2151/2665/2496 2246/2776/2607
f 2246/2776/2607 2151/2665/2496 2247/2777/2608
f 2151/2665/2496 2152/2666/2497 2247/2777/2608
f 2247/2777/2608 2152/2666/2497 2248/2778/2609
f 2152/2666/2497 2153/2667/2498 2248/2778/2609
f 2248/2778/2609 2153/2667/2498 2249/2779/2610
f 2153/2667/2498 2154/2668/2499 2249/2779/2610
f 2249/2779/2610 2154/2668/2499 2250/2780/2611
f 2154/2668/2499 2155/2669/2500 2250/2780/2611
f 2250/2780/2611 2155/2669/2500 2251/2781/2612
f 2155/2669/2500 2156/2670/2501 2251/2781/2612
f 2251/2781/2612 2156/2670/2501 2252/2782/2613
f 2156/2670/2501 2157/2671/2502 2252/2782/2613
f 2252/2782/2613 2157/2671/2502 2253/2783/2614
f 2157/2671/2502 2158/2672/2503 2253/2783/2614
f 2253/2783/2614 2158/2672/2503 2254/2784/2615
f 2158/2672/2503 2159/2673/2504 2254/2784/2615
f 2254/2784/2615 2159/2673/2504 2255/2785/2616
f 2448/2104/2069 2352/2775/2606 2449/2100/2068
f 2255/2785/2616 2159/2673/2504 2256/2786/2617
f 2159/2673/2504 2160/2675/2506 2256/2786/2617
f 2256/2786/2617 2160/2675/2506 2257/2787/2618
f 2160/2675/2506 2161/2676/2507 2257/2787/2618
f 2257/2787/2618 2161/2676/2507 2258/2788/2619
f 2161/2676/2507 2162/2677/2508 2258/2788/2619
f 2351/2789/2620 2352/2775/2606 2448/2104/2069
f 2162/2677/2508 2163/2678/2509 2258/2788/2619
f 2258/2788/2619 2163/2678/2509 2259/2790/2621
f 2163/2678/2509 2164/2679/2510 2259/2790/2621
f 2259/2790/2621 2164/2679/2510 2260/2791/2622
f 2164/2679/2510 2165/2680/2511 2260/2791/2622
f 2260/2791/2622 2165/2680/2511 2261/2792/2623
f 2447/2106/2070 2351/2789/2620 2448/2104/2069
f 2261/2792/2623 2165/2680/2511 2262/2793/2624
f 2165/2680/2511 2166/2682/2513 2262/2793/2624
f 2262/2793/2624 2166/2682/2513 2263/2794/2625
f 2166/2682/2513 2167/2683/2514 2263/2794/2625
f 2446/2107/2071 2351/2789/2620 2447/2106/2070
f 2167/2683/2514 2168/2684/2515 2263/2794/2625
f 2263/2794/2625 2168/2684/2515 2264/2795/2626
f 2168/2684/2515 2169/2685/2516 2264/2795/2626
f 2264/2795/2626 2169/2685/2516 2265/2796/2627
f 2169/2685/2516 2170/2686/2517 2265/2796/2627
f 2265/2796/2627 2170/2686/2517 2266/2797/2628
f 2170/2686/2517 2171/2687/2518 2266/2797/2628
f 2266/2797/2628 2171/2687/2518 2267/2798/2629
f 2350/2799/2630 2351/2789/2620 2446/2107/2071
f 2267/2798/2629 2171/2687/2518 2268/2800/2631
f 2171/2687/2518 2172/2689/2520 2268/2800/2631
f 2268/2800/2631 2172/2689/2520 2269/2801/2632
f 2172/2689/2520 2173/2690/2521 2269/2801/2632
f 2445/2110/2073 2350/2799/2630 2446/2107/2071
f 2173/2690/2521 2174/2692/2523 2269/2801/2632
f 2269/2801/2632 2174/2692/2523 2270/2802/2633
f 2174/2692/2523 2175/2693/2524 2270/2802/2633
f 2270/2802/2633 2175/2693/2524 2271/2803/2634
f 2175/2693/2524 2176/2694/2525 2271/2803/2634
f 2271/2803/2634 2176/2694/2525 2272/2804/2635
f 2176/2694/2525 2177/2695/2526 2272/2804/2635
f 2272/2804/2635 2177/2695/2526 2273/2805/2636
f 2349/2806/2637 2350/2799/2630 2445/2110/2073
f 2273/2805/2636 2177/2695/2526 2274/2807/2638
f 2177/2695/2526 2178/2696/2527 2274/2807/2638
f 2274/2807/2638 2178/2696/2527 2275/2808/2639
f 2178/2696/2527 2179/2697/2528 2275/2808/2639
f 2444/2111/2074 2349/2806/2637 2445/2110/2073
f 2179/2697/2528 2180/2699/2530 2275/2808/2639
f 2275/2808/2639 2180/2699/2530 2276/2809/2640
f 2180/2699/2530 2181/2700/2531 2276/2809/2640
f 2276/2809/2640 2181/2700/2531 2277/2810/2641
f 2181/2700/2531 2182/2701/2532 2277/2810/2641
f 2277/2810/2641 2182/2701/2532 2278/2811/2642
f 2182/2701/2532 2183/2702/2533 2278/2811/2642
f 2278/2811/2642 2183/2702/2533 2279/2812/2643
f 2348/2813/2644 2349/2806/2637 2444/2111/2074
f 2279/2812/2643 2183/2702/2533 2280/2814/2645
f 2183/2702/2533 2184/2703/2534 2280/2814/2645
f 2280/2814/2645 2184/2703/2534 2281/2815/2646
f 2184/2703/2534 2185/2704/2535 2281/2815/2646
f 2443/2112/2075 2348/2813/2644 2444/2111/2074
f 2185/2704/2535 2186/2705/2536 2281/2815/2646
f 2281/2815/2646 2186/2705/2536 2282/2816/2647
f 2186/2705/2536 2187/2706/2537 2282/2816/2647
f 2282/2816/2647 2187/2706/2537 2283/2817/2648
f 2187/2706/2537 2188/2707/2538 2283/2817/2648
f 2283/2817/2648 2188/2707/2538 2284/2818/2649
f 2188/2707/2538 2189/2708/2539 2284/2818/2649
f 2284/2818/2649 2189/2708/2539 2285/2819/2650
f 2347/2820/2651 2348/2813/2644 2443/2112/2075
f 2285/2819/2650 2189/2708/2539 2286/2821/2652
f 2189/2708/2539 2190/2710/2541 2286/2821/2652
f 2286/2821/2652 2190/2710/2541 2287/2822/2653
f 2190/2710/2541 2191/2711/2542 2287/2822/2653
f 2442/2119/2079 2347/2820/2651 2443/2112/2075
f 2191/2711/2542 2192/2712/2543 2287/2822/2653
f 2287/2822/2653 2192/2712/2543 2288/2823/2654
f 2192/2712/2543 2193/2713/2544 2288/2823/2654
f 2288/2823/2654 2193/2713/2544 2289/2824/2655
f 2193/2713/2544 2194/2714/2545 2289/2824/2655
f 2289/2824/2655 2194/2714/2545 2290/2825/2656
f 2194/2714/2545 2195/2715/2546 2290/2825/2656
f 2290/2825/2656 2195/2715/2546 2291/2826/2657
f 2346/2827/2658 2347/2820/2651 2442/2119/2079
f 2291/2826/2657 2195/2715/2546 2292/2828/2659
f 2195/2715/2546 2196/2717/2548 2292/2828/2659
f 2292/2828/2659 2196/2717/2548 2293/2829/2660
f 2196/2717/2548 2197/2718/2549 2293/2829/2660
f 2441/2126/2081 2346/2827/2658 2442/2119/2079
f 2197/2718/2549 2198/2719/2550 2293/2829/2660
f 2293/2829/2660 2198/2719/2550 2294/2830/2661
f 2198/2719/2550 2199/2720/2551 2294/2830/2661
f 2294/2830/2661 2199/2720/2551 2295/2831/2662
f 2199/2720/2551 2200/2721/2552 2295/2831/2662
f 2295/2831/2662 2200/2721/2552 2296/2832/2663
f 2200/2721/2552 2201/2722/2553 2296/2832/2663
f 2296/2832/2663 2201/2722/2553 2297/2833/2664
f 2345/2834/2665 2346/2827/2658 2441/2126/2081
f 2297/2833/2664 2201/2722/2553 2298/2835/2666
f 2201/2722/2553 2202/2724/2555 2298/2835/2666
f 2298/2835/2666 2202/2724/2555 2299/2836/2667
f 2202/2724/2555 2203/2725/2556 2299/2836/2667
f 2440/2133/2083 2345/2834/2665 2441/2126/2081
f 2203/2725/2556 2204/2726/2557 2299/2836/2667
f 2299/2836/2667 2204/2726/2557 2300/2837/2668
f 2204/2726/2557 2205/2727/2558 2300/2837/2668
f 2300/2837/2668 2205/2727/2558 2301/2838/2669
f 2205/2727/2558 2206/2728/2559 2301/2838/2669
f 2301/2838/2669 2206/2728/2559 2302/2839/2670
f 2206/2728/2559 2207/2729/2560 2302/2839/2670
f 2302/2839/2670 2207/2729/2560 2303/2840/2671
f 2344/2841/2672 2345/2834/2665 2440/2133/2083
f 2303/2840/2671 2207/2729/2560 2304/2842/2673
f 2207/2729/2560 2208/2731/2562 2304/2842/2673
f 2304/2842/2673 2208/2731/2562 2305/2843/2674
f 2208/2731/2562 2209/2732/2563 2305/2843/2674
f 2439/2140/2085 2344/2841/2672 2440/2133/2083
f 2209/2732/2563 2210/2734/2565 2305/2843/2674
f 2305/2843/2674 2210/2734/2565 2306/2844/2675
f 2210/2734/2565 2211/2735/2566 2306/2844/2675
f 2306/2844/2675 2211/2735/2566 2307/2845/2676
f 2211/2735/2566 2212/2736/2567 2307/2845/2676
f 2307/2845/2676 2212/2736/2567 2308/2846/2677
f 2212/2736/2567 2213/2737/2568 2308/2846/2677
f 2308/2846/2677 2213/2737/2568 2309/2847/2678
f 2343/2848/2679 2344/2841/2672 2439/2140/2085
f 2309/2847/2678 2213/2737/2568 2310/2849/2680
f 2213/2737/2568 2214/2738/2569 2310/2849/2680
f 2310/2849/2680 2214/2738/2569 2311/2850/2681
f 2214/2738/2569 2215/2739/2570 2311/2850/2681
f 2438/2147/2089 2343/2848/2679 2439/2140/2085
f 2215/2739/2570 2216/2741/2572 2311/2850/2681
f 2311/2850/2681 2216/2741/2572 2312/2851/2682
f 2216/2741/2572 2217/2742/2573 2312/2851/2682
f 2312/2851/2682 2217/2742/2573 2313/2852/2683
f 2217/2742/2573 2218/2743/2574 2313/2852/2683
f 2313/2852/2683 2218/2743/2574 2314/2853/2684
f 2218/2743/2574 2219/2744/2575 2314/2853/2684
f 2314/2853/2684 2219/2744/2575 2315/2854/2685
f 2342/2855/2686 2343/2848/2679 2438/2147/2089
f 2315/2854/2685 2219/2744/2575 2316/2856/2687
f 2219/2744/2575 2220/2745/2576 2316/2856/2687
f 2316/2856/2687 2220/2745/2576 2317/2857/2688
f 2220/2745/2576 2221/2746/2577 2317/2857/2688
f 2437/2154/2092 2342/2855/2686 2438/2147/2089
f 2221/2746/2577 2222/2747/2578 2317/2857/2688
f 2317/2857/2688 2222/2747/2578 2318/2858/2689
f 2222/2747/2578 2223/2748/2579 2318/2858/2689
f 2318/2858/2689 2223/2748/2579 2319/2859/2690
f 2223/2748/2579 2224/2749/2580 2319/2859/2690
f 2319/2859/2690 2224/2749/2580 2320/2860/2691
f 2224/2749/2580 2225/2750/2581 2320/2860/2691
f 2320/2860/2691 2225/2750/2581 2321/2861/2692
f 2341/2862/2693 2342/2855/2686 2437/2154/2092
f 2321/2861/2692 2225/2750/2581 2322/2863/2694
f 2225/2750/2581 2226/2752/2583 2322/2863/2694
f 2322/2863/2694 2226/2752/2583 2323/2864/2695
f 2226/2752/2583 2227/2753/2584 2323/2864/2695
f 2340/2865/2696 2341/2862/2693 2437/2154/2092
f 2227/2753/2584 2228/2754/2585 2323/2864/2695
f 2323/2864/2695 2228/2754/2585 2324/2866/2697
f 2228/2754/2585 2229/2755/2586 2324/2866/2697
f 2324/2866/2697 2229/2755/2586 2325/2867/2698
f 2229/2755/2586 2230/2756/2587 2325/2867/2698
f 2325/2867/2698 2230/2756/2587 2326/2868/2699
f 2230/2756/2587 2231/2757/2588 2326/2868/2699
f 2326/2868/2699 2231/2757/2588 2327/2869/2700
f 2436/2157/2093 2340/2865/2696 2437/2154/2092
f 2327/2869/2700 2231/2757/2588 2328/2870/2701
f 2231/2757/2588 2232/2759/2590 2328/2870/2701
f 2328/2870/2701 2232/2759/2590 2329/2871/2702
f 2232/2759/2590 2233/2760/2591 2329/2871/2702
f 2339/2872/2703 2340/2865/2696 2436/2157/2093
f 2233/2760/2591 2234/2761/2592 2329/2871/2702
f 2329/2871/2702 2234/2761/2592 2330/2873/2704
f 2234/2761/2592 2235/2762/2593 2330/2873/2704
f 2330/2873/2704 2235/2762/2593 2331/2874/2705
f 2235/2762/2593 2236/2763/2594 2331/2874/2705
f 2331/2874/2705 2236/2763/2594 2332/2875/2706
f 2236/2763/2594 2237/2764/2595 2332/2875/2706
f 2332/2875/2706 2237/2764/2595 2333/2876/2707
f 2435/2164/2097 2339/2872/2703 2436/2157/2093
f 2333/2876/2707 2237/2764/2595 2334/2877/2708
f 2237/2764/2595 2238/2766/2597 2334/2877/2708
f 2334/2877/2708 2238/2766/2597 2335/2878/2709
f 2238/2766/2597 2239/2767/2598 2335/2878/2709
f 2434/2175/2101 2339/2872/2703 2435/2164/2097
f 2239/2767/2598 2240/2769/2600 2335/2878/2709
f 2335/2878/2709 2240/2769/2600 2336/2879/2710
f 2240/2769/2600 2241/2770/2601 2336/2879/2710
f 2336/2879/2710 2241/2770/2601 2337/2880/2711
f 2241/2770/2601 2242/2771/2602 2337/2880/2711
f 2337/2880/2711 2242/2771/2602 2338/2881/2712
f 2242/2771/2602 2243/2772/2603 2338/2881/2712
f 2338/2881/2712 2243/2772/2603 2339/2872/2703
f 2338/2881/2712 2339/2872/2703 2434/2175/2101
f 2339/2872/2703 2243/2772/2603 2340/2865/2696
f 2243/2772/2603 2244/2773/2604 2340/2865/2696
f 2340/2865/2696 2244/2773/2604 2341/2862/2693
f 2244/2773/2604 2245/2774/2605 2341/2862/2693
f 2433/2182/2104 2338/2881/2712 2434/2175/2101
f 2245/2774/2605 2246/2776/2607 2341/2862/2693
f 2341/2862/2693 2246/2776/2607 2342/2855/2686
f 2246/2776/2607 2247/2777/2608 2342/2855/2686
f 2342/2855/2686 2247/2777/2608 2343/2848/2679
f 2247/2777/2608 2248/2778/2609 2343/2848/2679
f 2343/2848/2679 2248/2778/2609 2344/2841/2672
f 2248/2778/2609 2249/2779/2610 2344/2841/2672
f 2344/2841/2672 2249/2779/2610 2345/2834/2665
f 2249/2779/2610 2250/2780/2611 2345/2834/2665
f 2345/2834/2665 2250/2780/2611 2346/2827/2658
f 2250/2780/2611 2251/2781/2612 2346/2827/2658
f 2346/2827/2658 2251/2781/2612 2347/2820/2651
f 2251/2781/2612 2252/2782/2613 2347/2820/2651
f 2347/2820/2651 2252/2782/2613 2348/2813/2644
f 2252/2782/2613 2253/2783/2614 2348/2813/2644
f 2348/2813/2644 2253/2783/2614 2349/2806/2637
f 2253/2783/2614 2254/2784/2615 2349/2806/2637
f 2349/2806/2637 2254/2784/2615 2350/2799/2630
f 2254/2784/2615 2255/2785/2616 2350/2799/2630
f 2350/2799/2630 2255/2785/2616 2351/2789/2620
f 2337/2880/2711 2338/2881/2712 2433/2182/2104
f 2351/2789/2620 2255/2785/2616 2352/2775/2606
f 2255/2785/2616 2256/2786/2617 2352/2775/2606
f 2352/2775/2606 2256/2786/2617 2353/2768/2599
f 2256/2786/2617 2257/2787/2618 2353/2768/2599
f 2353/2768/2599 2257/2787/2618 2354/2765/2596
f 2257/2787/2618 2258/2788/2619 2354/2765/2596
f 2432/2189/2107 2337/2880/2711 2433/2182/2104
f 2258/2788/2619 2259/2790/2621 2354/2765/2596
f 2354/2765/2596 2259/2790/2621 2355/2758/2589
f 2259/2790/2621 2260/2791/2622 2355/2758/2589
f 2355/2758/2589 2260/2791/2622 2356/2751/2582
f 2260/2791/2622 2261/2792/2623 2356/2751/2582
f 2356/2751/2582 2261/2792/2623 2357/2740/2571
f 2336/2879/2710 2337/2880/2711 2432/2189/2107
f 2357/2740/2571 2261/2792/2623 2358/2733/2564
f 2261/2792/2623 2262/2793/2624 2358/2733/2564
f 2358/2733/2564 2262/2793/2624 2359/2730/2561
f 2262/2793/2624 2263/2794/2625 2359/2730/2561
f 2431/2196/2111 2336/2879/2710 2432/2189/2107
f 2263/2794/2625 2264/2795/2626 2359/2730/2561
f 2359/2730/2561 2264/2795/2626 2360/2723/2554
f 2264/2795/2626 2265/2796/2627 2360/2723/2554
f 2360/2723/2554 2265/2796/2627 2361/2716/2547
f 2265/2796/2627 2266/2797/2628 2361/2716/2547
f 2361/2716/2547 2266/2797/2628 2362/2709/2540
f 2266/2797/2628 2267/2798/2629 2362/2709/2540
f 2362/2709/2540 2267/2798/2629 2363/2698/2529
f 2335/2878/2709 2336/2879/2710 2431/2196/2111
f 2363/2698/2529 2267/2798/2629 2364/2691/2522
f 2267/2798/2629 2268/2800/2631 2364/2691/2522
f 2364/2691/2522 2268/2800/2631 2365/2688/2519
f 2268/2800/2631 2269/2801/2632 2365/2688/2519
f 2334/2877/2708 2335/2878/2709 2431/2196/2111
f 2269/2801/2632 2270/2802/2633 2365/2688/2519
f 2365/2688/2519 2270/2802/2633 2366/2681/2512
f 2270/2802/2633 2271/2803/2634 2366/2681/2512
f 2366/2681/2512 2271/2803/2634 2367/2674/2505
f 2271/2803/2634 2272/2804/2635 2367/2674/2505
f 2367/2674/2505 2272/2804/2635 2368/2661/2492
f 2272/2804/2635 2273/2805/2636 2368/2661/2492
f 2368/2661/2492 2273/2805/2636 2369/2650/2481
f 2430/2199/2112 2334/2877/2708 2431/2196/2111
f 2369/2650/2481 2273/2805/2636 2370/2643/2474
f 2273/2805/2636 2274/2807/2638 2370/2643/2474
f 2370/2643/2474 2274/2807/2638 2371/2640/2471
f 2274/2807/2638 2275/2808/2639 2371/2640/2471
f 2333/2876/2707 2334/2877/2708 2430/2199/2112
f 2275/2808/2639 2276/2809/2640 2371/2640/2471
f 2371/2640/2471 2276/2809/2640 2372/2633/2464
f 2276/2809/2640 2277/2810/2641 2372/2633/2464
f 2372/2633/2464 2277/2810/2641 2373/2626/2457
f 2277/2810/2641 2278/2811/2642 2373/2626/2457
f 2373/2626/2457 2278/2811/2642 2374/2619/2450
f 2278/2811/2642 2279/2812/2643 2374/2619/2450
f 2374/2619/2450 2279/2812/2643 2375/2608/2439
f 2429/2206/2116 2333/2876/2707 2430/2199/2112
f 2375/2608/2439 2279/2812/2643 2376/2601/2432
f 2279/2812/2643 2280/2814/2645 2376/2601/2432
f 2376/2601/2432 2280/2814/2645 2377/2598/2429
f 2280/2814/2645 2281/2815/2646 2377/2598/2429
f 2428/2217/2122 2333/2876/2707 2429/2206/2116
f 2281/2815/2646 2282/2816/2647 2377/2598/2429
f 2377/2598/2429 2282/2816/2647 2378/2591/2422
f 2282/2816/2647 2283/2817/2648 2378/2591/2422
f 2378/2591/2422 2283/2817/2648 2379/2584/2415
f 2283/2817/2648 2284/2818/2649 2379/2584/2415
f 2379/2584/2415 2284/2818/2649 2380/2577/2408
f 2284/2818/2649 2285/2819/2650 2380/2577/2408
f 2380/2577/2408 2285/2819/2650 2381/2567/2398
f 2332/2875/2706 2333/2876/2707 2428/2217/2122
f 2381/2567/2398 2285/2819/2650 2382/2553/2384
f 2285/2819/2650 2286/2821/2652 2382/2553/2384
f 2382/2553/2384 2286/2821/2652 2383/2550/2381
f 2286/2821/2652 2287/2822/2653 2383/2550/2381
f 2427/2230/2130 2332/2875/2706 2428/2217/2122
f 2287/2822/2653 2288/2823/2654 2383/2550/2381
f 2383/2550/2381 2288/2823/2654 2384/2543/2374
f 2288/2823/2654 2289/2824/2655 2384/2543/2374
f 2384/2543/2374 2289/2824/2655 2385/2536/2367
f 2289/2824/2655 2290/2825/2656 2385/2536/2367
f 2385/2536/2367 2290/2825/2656 2386/2529/2360
f 2290/2825/2656 2291/2826/2657 2386/2529/2360
f 2386/2529/2360 2291/2826/2657 2387/2518/2349
f 2331/2874/2705 2332/2875/2706 2427/2230/2130
f 2387/2518/2349 2291/2826/2657 2388/2511/2342
f 2291/2826/2657 2292/2828/2659 2388/2511/2342
f 2388/2511/2342 2292/2828/2659 2389/2508/2339
f 2292/2828/2659 2293/2829/2660 2389/2508/2339
f 2426/2237/2135 2331/2874/2705 2427/2230/2130
f 2293/2829/2660 2294/2830/2661 2389/2508/2339
f 2389/2508/2339 2294/2830/2661 2390/2501/2332
f 2294/2830/2661 2295/2831/2662 2390/2501/2332
f 2390/2501/2332 2295/2831/2662 2391/2494/2325
f 2295/2831/2662 2296/2832/2663 2391/2494/2325
f 2391/2494/2325 2296/2832/2663 2392/2487/2318
f 2296/2832/2663 2297/2833/2664 2392/2487/2318
f 2392/2487/2318 2297/2833/2664 2393/2476/2308
f 2330/2873/2704 2331/2874/2705 2426/2237/2135
f 2393/2476/2308 2297/2833/2664 2394/2469/2301
f 2297/2833/2664 2298/2835/2666 2394/2469/2301
f 2394/2469/2301 2298/2835/2666 2395/2466/2298
f 2298/2835/2666 2299/2836/2667 2395/2466/2298
f 2425/2244/2138 2330/2873/2704 2426/2237/2135
f 2299/2836/2667 2300/2837/2668 2395/2466/2298
f 2395/2466/2298 2300/2837/2668 2396/2459/2291
f 2300/2837/2668 2301/2838/2669 2396/2459/2291
f 2396/2459/2291 2301/2838/2669 2397/2452/2284
f 2301/2838/2669 2302/2839/2670 2397/2452/2284
f 2397/2452/2284 2302/2839/2670 2398/2439/2272
f 2302/2839/2670 2303/2840/2671 2398/2439/2272
f 2398/2439/2272 2303/2840/2671 2399/2428/2261
f 2329/2871/2702 2330/2873/2704 2425/2244/2138
f 2399/2428/2261 2303/2840/2671 2400/2421/2255
f 2303/2840/2671 2304/2842/2673 2400/2421/2255
f 2400/2421/2255 2304/2842/2673 2401/2418/2252
f 2304/2842/2673 2305/2843/2674 2401/2418/2252
f 2328/2870/2701 2329/2871/2702 2425/2244/2138
f 2305/2843/2674 2306/2844/2675 2401/2418/2252
f 2401/2418/2252 2306/2844/2675 2402/2411/2246
f 2306/2844/2675 2307/2845/2676 2402/2411/2246
f 2402/2411/2246 2307/2845/2676 2403/2404/2239
f 2307/2845/2676 2308/2846/2677 2403/2404/2239
f 2403/2404/2239 2308/2846/2677 2404/2397/2233
f 2308/2846/2677 2309/2847/2678 2404/2397/2233
f 2404/2397/2233 2309/2847/2678 2405/2386/2222
f 2424/2247/2139 2328/2870/2701 2425/2244/2138
f 2405/2386/2222 2309/2847/2678 2406/2379/2215
f 2309/2847/2678 2310/2849/2680 2406/2379/2215
f 2406/2379/2215 2310/2849/2680 2407/2376/2212
f 2310/2849/2680 2311/2850/2681 2407/2376/2212
f 2327/2869/2700 2328/2870/2701 2424/2247/2139
f 2311/2850/2681 2312/2851/2682 2407/2376/2212
f 2407/2376/2212 2312/2851/2682 2408/2369/2205
f 2312/2851/2682 2313/2852/2683 2408/2369/2205
f 2408/2369/2205 2313/2852/2683 2409/2362/2198
f 2313/2852/2683 2314/2853/2684 2409/2362/2198
f 2409/2362/2198 2314/2853/2684 2410/2355/2192
f 2314/2853/2684 2315/2854/2685 2410/2355/2192
f 2410/2355/2192 2315/2854/2685 2411/2345/2182
f 2423/2254/2143 2327/2869/2700 2424/2247/2139
f 2411/2345/2182 2315/2854/2685 2412/2331/2172
f 2315/2854/2685 2316/2856/2687 2412/2331/2172
f 2412/2331/2172 2316/2856/2687 2413/2328/2171
f 2316/2856/2687 2317/2857/2688 2413/2328/2171
f 2422/2265/2147 2327/2869/2700 2423/2254/2143
f 2317/2857/2688 2318/2858/2689 2413/2328/2171
f 2413/2328/2171 2318/2858/2689 2414/2321/2168
f 2318/2858/2689 2319/2859/2690 2414/2321/2168
f 2414/2321/2168 2319/2859/2690 2415/2314/2167
f 2319/2859/2690 2320/2860/2691 2415/2314/2167
f 2415/2314/2167 2320/2860/2691 2416/2307/2163
f 2320/2860/2691 2321/2861/2692 2416/2307/2163
f 2416/2307/2163 2321/2861/2692 2417/2296/2159
f 2326/2868/2699 2327/2869/2700 2422/2265/2147
f 2417/2296/2159 2321/2861/2692 2418/2289/2156
f 2321/2861/2692 2322/2863/2694 2418/2289/2156
f 2418/2289/2156 2322/2863/2694 2419/2286/2154
f 2322/2863/2694 2323/2864/2695 2419/2286/2154
f 2421/2272/2148 2326/2868/2699 2422/2265/2147
f 2323/2864/2695 2324/2866/2697 2419/2286/2154
f 2419/2286/2154 2324/2866/2697 2420/2279/2153
f 2324/2866/2697 2325/2867/2698 2420/2279/2153
f 2420/2279/2153 2325/2867/2698 2421/2272/2148
f 2325/2867/2698 2326/2868/2699 2421/2272/2148
