# Blender 4.5.10 LTS
# www.blender.org
mtllib model_2.mtl
o model_2
v -0.006811 0.141422 0.016413
v -0.003952 0.137009 0.019839
v -0.003466 0.141422 0.017411
v 0.000013 0.137009 0.020216
v 0.000013 0.141422 0.017762
v -0.003385 0.142242 0.017060
v 0.000013 0.142242 0.017411
v -0.003331 0.143371 0.016791
v -0.006541 0.143371 0.015820
v -0.006649 0.142242 0.016062
v 0.003466 0.141422 0.017411
v 0.003951 0.137009 0.019839
v 0.004410 0.132596 0.022239
v 0.000013 0.132596 0.022671
v -0.004410 0.132596 0.022239
v -0.007728 0.137009 0.018679
v -0.009859 0.141422 0.014768
v -0.009670 0.142242 0.014471
v -0.009508 0.143371 0.014228
v -0.009454 0.144500 0.014147
v -0.006514 0.144500 0.015712
v -0.003331 0.144500 0.016683
v 0.000013 0.143371 0.017114
v 0.003385 0.142242 0.017060
v 0.006811 0.141422 0.016413
v 0.007728 0.137009 0.018679
v 0.008672 0.132596 0.020944
v 0.008968 0.131160 0.021619
v 0.004572 0.131160 0.022940
v 0.000013 0.131160 0.023399
v -0.004572 0.131160 0.022940
v -0.008672 0.132596 0.020944
v -0.011234 0.137009 0.016818
v -0.012556 0.141422 0.012556
v -0.012313 0.142242 0.012313
v -0.012097 0.143371 0.012097
v -0.012016 0.144500 0.012016
v -0.011747 0.168307 0.011747
v -0.009238 0.168307 0.013824
v -0.006352 0.168307 0.015361
v -0.003250 0.168307 0.016305
v 0.000013 0.144500 0.017006
v 0.003331 0.143371 0.016791
v 0.006649 0.142242 0.016062
v 0.009859 0.141422 0.014768
v 0.011234 0.137009 0.016818
v 0.012583 0.132596 0.018841
v 0.013014 0.131160 0.019461
v 0.013365 0.129620 0.020000
v 0.009211 0.129620 0.022239
v 0.004707 0.129620 0.023588
v 0.000013 0.129620 0.024073
v -0.004707 0.129620 0.023588
v -0.008968 0.131160 0.021619
v -0.012583 0.132596 0.018841
v -0.014309 0.137009 0.014309
v -0.014768 0.141422 0.009859
v -0.014471 0.142242 0.009670
v -0.014228 0.143371 0.009508
v -0.014147 0.144500 0.009454
v -0.013824 0.168307 0.009238
v -0.013203 0.179698 0.008834
v -0.011234 0.179698 0.011234
v -0.008834 0.179698 0.013203
v -0.006082 0.179698 0.014660
v -0.003088 0.179698 0.015577
v 0.000013 0.168307 0.016629
v 0.003331 0.144500 0.016683
v 0.006541 0.143371 0.015820
v 0.009670 0.142242 0.014471
v 0.012556 0.141422 0.012556
v 0.014309 0.137009 0.014309
v 0.016035 0.132596 0.016035
v 0.016548 0.131160 0.016548
v 0.017006 0.129620 0.017006
v 0.017842 0.126542 0.017843
v 0.014012 0.126542 0.020971
v 0.009643 0.126542 0.023318
v 0.004922 0.126542 0.024748
v 0.000013 0.126542 0.025233
v 0.005165 0.121821 0.026015
v 0.010155 0.121821 0.024505
v 0.014741 0.121821 0.022050
v 0.018760 0.121821 0.018760
v 0.022050 0.121821 0.014741
v 0.020971 0.126542 0.014012
v 0.020000 0.129620 0.013365
v 0.019461 0.131160 0.013014
v 0.018840 0.132596 0.012583
v 0.016818 0.137009 0.011234
v 0.020944 0.132596 0.008672
v 0.021619 0.131160 0.008968
v 0.022239 0.129620 0.009211
v 0.023318 0.126542 0.009643
v 0.024505 0.121821 0.010155
v 0.026015 0.121821 0.005165
v 0.024748 0.126542 0.004923
v 0.023588 0.129620 0.004707
v 0.022940 0.131160 0.004572
v 0.022239 0.132596 0.004410
v 0.018679 0.137009 0.007728
v 0.014768 0.141422 0.009859
v 0.012313 0.142242 0.012313
v 0.009508 0.143371 0.014228
v 0.006514 0.144500 0.015712
v 0.003250 0.168307 0.016305
v 0.000013 0.179698 0.015873
v 0.003088 0.179698 0.015577
v 0.006352 0.168307 0.015361
v 0.009454 0.144500 0.014147
v 0.012097 0.143371 0.012097
v 0.014471 0.142242 0.009670
v 0.016413 0.141422 0.006811
v 0.019838 0.137009 0.003952
v 0.022671 0.132596 -0.000013
v 0.023399 0.131160 -0.000013
v 0.024073 0.129620 -0.000013
v 0.025233 0.126542 -0.000013
v 0.026528 0.121821 -0.000013
v 0.026986 0.119666 -0.000013
v 0.026474 0.119666 0.005273
v 0.024936 0.119666 0.010317
v 0.022455 0.119666 0.014983
v 0.019083 0.119666 0.019083
v 0.014983 0.119666 0.022455
v 0.010317 0.119666 0.024936
v 0.015118 0.117512 0.022617
v 0.019218 0.117512 0.019218
v 0.022617 0.117512 0.015118
v 0.025125 0.117512 0.010398
v 0.026663 0.117512 0.005300
v 0.027175 0.117512 -0.000013
v 0.026663 0.117512 -0.005300
v 0.026474 0.119666 -0.005273
v 0.026015 0.121821 -0.005165
v 0.024748 0.126542 -0.004923
v 0.023588 0.129620 -0.004707
v 0.022940 0.131160 -0.004572
v 0.022239 0.132596 -0.004410
v 0.020216 0.137009 -0.000013
v 0.017411 0.141422 0.003466
v 0.016062 0.142242 0.006649
v 0.014228 0.143371 0.009508
v 0.012016 0.144500 0.012016
v 0.009238 0.168307 0.013824
v 0.006082 0.179698 0.014660
v 0.008834 0.179698 0.013203
v 0.011747 0.168307 0.011747
v 0.014147 0.144500 0.009454
v 0.015820 0.143371 0.006541
v 0.017060 0.142242 0.003385
v 0.017762 0.141422 -0.000013
v 0.019838 0.137009 -0.003952
v 0.020944 0.132596 -0.008672
v 0.021619 0.131160 -0.008968
v 0.022239 0.129620 -0.009211
v 0.023318 0.126542 -0.009643
v 0.024505 0.121821 -0.010155
v 0.024936 0.119666 -0.010317
v 0.025125 0.117512 -0.010398
v 0.025152 0.110944 -0.010425
v 0.026690 0.110944 -0.005300
v 0.027229 0.110944 -0.000013
v 0.026690 0.110944 0.005300
v 0.025152 0.110944 0.010425
v 0.022644 0.110944 0.015118
v 0.019245 0.110944 0.019245
v 0.022967 0.022077 0.015334
v 0.025503 0.022077 0.010560
v 0.027067 0.022077 0.005381
v 0.027607 0.022077 -0.000013
v 0.027067 0.022077 -0.005381
v 0.025503 0.022077 -0.010560
v 0.022967 0.022077 -0.015334
v 0.022644 0.110944 -0.015118
v 0.022617 0.117512 -0.015118
v 0.022455 0.119666 -0.014983
v 0.022050 0.121821 -0.014741
v 0.020971 0.126542 -0.014012
v 0.020000 0.129620 -0.013365
v 0.019461 0.131160 -0.013014
v 0.018840 0.132596 -0.012583
v 0.018679 0.137009 -0.007728
v 0.017411 0.141422 -0.003466
v 0.017411 0.142242 -0.000013
v 0.016791 0.143371 0.003331
v 0.015712 0.144500 0.006514
v 0.013824 0.168307 0.009238
v 0.011234 0.179698 0.011234
v 0.013203 0.179698 0.008834
v 0.015361 0.168307 0.006352
v 0.016683 0.144500 0.003331
v 0.017114 0.143371 -0.000013
v 0.017060 0.142242 -0.003385
v 0.016413 0.141422 -0.006811
v 0.016818 0.137009 -0.011234
v 0.016035 0.132596 -0.016035
v 0.016548 0.131160 -0.016548
v 0.017006 0.129620 -0.017006
v 0.017842 0.126542 -0.017842
v 0.018760 0.121821 -0.018760
v 0.019083 0.119666 -0.019083
v 0.019218 0.117512 -0.019218
v 0.019245 0.110944 -0.019245
v 0.019515 0.022077 -0.019515
v 0.018975 0.013662 -0.018975
v 0.022320 0.013662 -0.014902
v 0.024801 0.013662 -0.010263
v 0.026312 0.013662 -0.005246
v 0.026824 0.013662 -0.000013
v 0.026312 0.013662 0.005246
v 0.024801 0.013662 0.010263
v 0.025880 0.011405 0.005138
v 0.026366 0.011405 -0.000013
v 0.025880 0.011404 -0.005138
v 0.024370 0.011404 -0.010101
v 0.021942 0.011404 -0.014660
v 0.018652 0.011404 -0.018652
v 0.018112 0.009455 -0.018112
v 0.021322 0.009455 -0.014228
v 0.023669 0.009455 -0.009805
v 0.025152 0.009455 -0.005003
v 0.025638 0.009455 -0.000013
v 0.024235 0.008018 -0.004815
v 0.022805 0.008018 -0.009454
v 0.020540 0.008018 -0.013716
v 0.017465 0.008018 -0.017465
v 0.016656 0.006992 -0.016656
v 0.019596 0.006992 -0.013095
v 0.021780 0.006992 -0.009022
v 0.023102 0.006992 -0.004599
v 0.024694 0.008018 -0.000013
v 0.023561 0.006992 -0.000013
v 0.025152 0.009455 0.005003
v 0.024370 0.011405 0.010101
v 0.022320 0.013662 0.014903
v 0.019515 0.022077 0.019515
v 0.015118 0.110944 0.022644
v 0.010398 0.117512 0.025125
v 0.005273 0.119666 0.026474
v 0.000013 0.121821 0.026528
v -0.004923 0.126542 0.024748
v -0.009211 0.129620 0.022239
v -0.013014 0.131160 0.019461
v -0.016035 0.132596 0.016035
v -0.016818 0.137009 0.011234
v -0.016413 0.141422 0.006811
v -0.016062 0.142242 0.006649
v -0.015820 0.143371 0.006541
v -0.015712 0.144500 0.006514
v -0.015361 0.168307 0.006352
v -0.014660 0.179698 0.006082
v -0.012853 0.198272 0.005327
v -0.011558 0.198272 0.007728
v -0.009832 0.198272 0.009832
v -0.007728 0.198272 0.011558
v -0.005327 0.198272 0.012853
v -0.002711 0.198272 0.013635
v 0.000013 0.198272 0.013904
v 0.002711 0.198272 0.013635
v 0.005327 0.198272 0.012853
v 0.007728 0.198272 0.011558
v 0.009832 0.198272 0.009832
v 0.011558 0.198272 0.007728
v 0.014660 0.179698 0.006082
v 0.016305 0.168307 0.003250
v 0.017006 0.144500 -0.000013
v 0.016791 0.143371 -0.003331
v 0.016062 0.142242 -0.006649
v 0.014768 0.141422 -0.009859
v 0.014309 0.137009 -0.014309
v 0.012583 0.132596 -0.018840
v 0.013014 0.131160 -0.019461
v 0.013365 0.129620 -0.020000
v 0.014012 0.126542 -0.020971
v 0.014741 0.121821 -0.022050
v 0.014983 0.119666 -0.022455
v 0.015118 0.117512 -0.022617
v 0.015118 0.110944 -0.022644
v 0.015334 0.022077 -0.022967
v 0.014902 0.013662 -0.022320
v 0.014660 0.011404 -0.021942
v 0.014228 0.009455 -0.021322
v 0.013716 0.008018 -0.020540
v 0.013095 0.006992 -0.019596
v 0.009022 0.006992 -0.021780
v 0.009454 0.008018 -0.022805
v 0.009805 0.009455 -0.023669
v 0.004599 0.006992 -0.023102
v 0.004815 0.008018 -0.024235
v 0.000013 0.006992 -0.023561
v 0.000013 0.008018 -0.024694
v -0.004599 0.006992 -0.023102
v 0.005003 0.009455 -0.025152
v 0.010101 0.011404 -0.024370
v 0.005138 0.011404 -0.025880
v 0.010263 0.013662 -0.024801
v 0.000013 0.009455 -0.025638
v -0.004815 0.008018 -0.024235
v -0.009022 0.006992 -0.021780
v -0.009454 0.008018 -0.022805
v -0.013095 0.006992 -0.019596
v -0.005003 0.009455 -0.025152
v 0.000013 0.011404 -0.026366
v 0.005246 0.013662 -0.026312
v 0.010560 0.022077 -0.025503
v 0.010425 0.110944 -0.025152
v 0.005381 0.022077 -0.027067
v 0.000013 0.013662 -0.026824
v -0.005138 0.011404 -0.025880
v -0.009805 0.009455 -0.023669
v -0.013716 0.008018 -0.020540
v -0.016656 0.006992 -0.016656
v -0.017465 0.008018 -0.017465
v -0.019596 0.006992 -0.013095
v -0.014228 0.009455 -0.021322
v -0.010101 0.011404 -0.024370
v -0.005246 0.013662 -0.026312
v 0.000013 0.022077 -0.027607
v 0.005300 0.110944 -0.026690
v 0.010398 0.117512 -0.025125
v 0.010317 0.119666 -0.024936
v 0.005300 0.117512 -0.026663
v 0.000013 0.110944 -0.027229
v -0.005381 0.022077 -0.027067
v -0.010263 0.013662 -0.024801
v -0.014660 0.011404 -0.021942
v -0.018112 0.009455 -0.018112
v -0.020540 0.008018 -0.013716
v -0.021781 0.006992 -0.009022
v -0.022806 0.008018 -0.009454
v -0.023102 0.006992 -0.004599
v -0.021322 0.009455 -0.014228
v -0.018652 0.011404 -0.018652
v -0.014903 0.013662 -0.022320
v -0.010560 0.022077 -0.025503
v -0.005300 0.110944 -0.026690
v 0.000013 0.117512 -0.027175
v 0.005273 0.119666 -0.026474
v 0.010155 0.121821 -0.024505
v 0.009643 0.126542 -0.023318
v 0.005165 0.121821 -0.026015
v 0.000013 0.119666 -0.026986
v -0.005300 0.117512 -0.026663
v -0.010425 0.110944 -0.025152
v -0.015334 0.022077 -0.022967
v -0.018975 0.013662 -0.018975
v -0.021942 0.011404 -0.014660
v -0.023669 0.009455 -0.009805
v -0.024235 0.008018 -0.004815
v -0.023561 0.006992 -0.000013
v -0.024694 0.008018 -0.000013
v -0.023102 0.006992 0.004599
v -0.025152 0.009455 -0.005003
v -0.024370 0.011404 -0.010101
v -0.022320 0.013662 -0.014902
v -0.019515 0.022077 -0.019515
v -0.015118 0.110944 -0.022644
v -0.010398 0.117512 -0.025125
v -0.005273 0.119666 -0.026474
v 0.000013 0.121821 -0.026528
v 0.004922 0.126542 -0.024748
v 0.009211 0.129620 -0.022239
v 0.008968 0.131160 -0.021619
v 0.004707 0.129620 -0.023588
v 0.000013 0.126542 -0.025233
v -0.005165 0.121821 -0.026015
v -0.010317 0.119666 -0.024936
v -0.015118 0.117512 -0.022617
v -0.019245 0.110944 -0.019245
v -0.022967 0.022077 -0.015334
v -0.024802 0.013662 -0.010263
v -0.025880 0.011404 -0.005138
v -0.025638 0.009455 -0.000013
v -0.024235 0.008018 0.004815
v -0.021781 0.006992 0.009022
v -0.022806 0.008018 0.009454
v -0.019596 0.006992 0.013095
v -0.025152 0.009455 0.005003
v -0.026366 0.011405 -0.000013
v -0.026312 0.013662 -0.005246
v -0.025503 0.022077 -0.010560
v -0.022644 0.110944 -0.015118
v -0.019218 0.117512 -0.019218
v -0.014983 0.119666 -0.022455
v -0.010155 0.121821 -0.024505
v -0.004923 0.126542 -0.024748
v 0.000013 0.129620 -0.024073
v 0.004572 0.131160 -0.022940
v 0.008672 0.132596 -0.020944
v 0.011234 0.137009 -0.016818
v 0.012556 0.141422 -0.012556
v 0.014471 0.142242 -0.009670
v 0.015820 0.143371 -0.006541
v 0.016683 0.144500 -0.003331
v 0.016629 0.168307 -0.000013
v 0.015577 0.179698 0.003088
v 0.012853 0.198272 0.005327
v 0.013635 0.198272 0.002711
v 0.015873 0.179698 -0.000013
v 0.016305 0.168307 -0.003250
v 0.015712 0.144500 -0.006514
v 0.014228 0.143371 -0.009508
v 0.012313 0.142242 -0.012313
v 0.009859 0.141422 -0.014768
v 0.007728 0.137009 -0.018679
v 0.004410 0.132596 -0.022239
v 0.000013 0.131160 -0.023399
v -0.004707 0.129620 -0.023588
v -0.009643 0.126542 -0.023318
v -0.014741 0.121821 -0.022050
v -0.019083 0.119666 -0.019083
v -0.022617 0.117512 -0.015118
v -0.025152 0.110944 -0.010425
v -0.027067 0.022077 -0.005381
v -0.026824 0.013662 -0.000013
v -0.025880 0.011405 0.005138
v -0.023669 0.009455 0.009805
v -0.020540 0.008018 0.013716
v -0.016656 0.006992 0.016656
v -0.017465 0.008018 0.017465
v -0.013095 0.006992 0.019596
v -0.021322 0.009455 0.014228
v -0.024370 0.011405 0.010101
v -0.026312 0.013662 0.005246
v -0.027607 0.022077 -0.000013
v -0.026690 0.110944 -0.005300
v -0.025125 0.117512 -0.010398
v -0.022455 0.119666 -0.014983
v -0.018760 0.121821 -0.018760
v -0.014012 0.126542 -0.020971
v -0.009211 0.129620 -0.022239
v -0.004572 0.131160 -0.022940
v 0.000013 0.132596 -0.022671
v 0.003951 0.137009 -0.019838
v 0.006811 0.141422 -0.016413
v 0.009670 0.142242 -0.014471
v 0.012097 0.143371 -0.012097
v 0.014147 0.144500 -0.009454
v 0.015361 0.168307 -0.006352
v 0.015577 0.179698 -0.003088
v 0.013904 0.198272 -0.000013
v 0.013635 0.198272 -0.002711
v 0.014660 0.179698 -0.006082
v 0.013824 0.168307 -0.009238
v 0.012016 0.144500 -0.012016
v 0.009508 0.143371 -0.014228
v 0.006649 0.142242 -0.016062
v 0.003466 0.141422 -0.017411
v 0.000013 0.137009 -0.020216
v -0.004410 0.132596 -0.022239
v -0.008968 0.131160 -0.021619
v -0.013365 0.129620 -0.020000
v -0.017843 0.126542 -0.017842
v -0.022050 0.121821 -0.014741
v -0.024936 0.119666 -0.010317
v -0.026663 0.117512 -0.005300
v -0.027229 0.110944 -0.000013
v -0.027067 0.022077 0.005381
v -0.024802 0.013662 0.010263
v -0.021942 0.011405 0.014660
v -0.018112 0.009455 0.018112
v -0.013716 0.008018 0.020540
v -0.009022 0.006992 0.021781
v -0.009454 0.008018 0.022806
v -0.004599 0.006992 0.023102
v -0.014228 0.009455 0.021322
v -0.018652 0.011405 0.018652
v -0.022320 0.013662 0.014903
v -0.025503 0.022077 0.010560
v -0.026690 0.110944 0.005300
v -0.027175 0.117512 -0.000013
v -0.026474 0.119666 -0.005273
v -0.024505 0.121821 -0.010155
v -0.020971 0.126542 -0.014012
v -0.017006 0.129620 -0.017006
v -0.013014 0.131160 -0.019461
v -0.008672 0.132596 -0.020944
v -0.003952 0.137009 -0.019838
v 0.000013 0.141422 -0.017762
v 0.003385 0.142242 -0.017060
v 0.006541 0.143371 -0.015820
v 0.009454 0.144500 -0.014147
v 0.011747 0.168307 -0.011747
v 0.013203 0.179698 -0.008834
v 0.012853 0.198272 -0.005327
v 0.011558 0.198272 -0.007728
v 0.011234 0.179698 -0.011234
v 0.009238 0.168307 -0.013824
v 0.006514 0.144500 -0.015712
v 0.003331 0.143371 -0.016791
v 0.000013 0.142242 -0.017411
v -0.003466 0.141422 -0.017411
v -0.007728 0.137009 -0.018679
v -0.012583 0.132596 -0.018840
v -0.016548 0.131160 -0.016548
v -0.020000 0.129620 -0.013365
v -0.023318 0.126542 -0.009643
v -0.026015 0.121821 -0.005165
v -0.026986 0.119666 -0.000013
v -0.026663 0.117512 0.005300
v -0.025152 0.110944 0.010425
v -0.022967 0.022077 0.015334
v -0.018975 0.013662 0.018975
v -0.014660 0.011405 0.021942
v -0.009805 0.009455 0.023669
v -0.004815 0.008018 0.024235
v 0.000013 0.006992 0.023561
v 0.000013 0.008018 0.024694
v 0.004599 0.006992 0.023102
v -0.005003 0.009455 0.025152
v -0.010101 0.011405 0.024370
v -0.014903 0.013662 0.022320
v -0.019515 0.022077 0.019515
v -0.022644 0.110944 0.015118
v -0.025125 0.117512 0.010398
v -0.026474 0.119666 0.005273
v -0.026528 0.121821 -0.000013
v -0.024748 0.126542 -0.004923
v -0.022239 0.129620 -0.009211
v -0.019461 0.131160 -0.013014
v -0.016035 0.132596 -0.016035
v -0.011234 0.137009 -0.016818
v -0.006811 0.141422 -0.016413
v -0.003385 0.142242 -0.017060
v 0.000013 0.143371 -0.017114
v 0.003331 0.144500 -0.016683
v 0.006352 0.168307 -0.015361
v 0.008834 0.179698 -0.013203
v 0.009832 0.198272 -0.009832
v 0.007728 0.198272 -0.011558
v 0.006082 0.179698 -0.014660
v 0.003250 0.168307 -0.016305
v 0.000013 0.144500 -0.017006
v -0.003331 0.143371 -0.016791
v -0.006649 0.142242 -0.016062
v -0.009859 0.141422 -0.014768
v -0.014309 0.137009 -0.014309
v -0.018841 0.132596 -0.012583
v -0.021619 0.131160 -0.008968
v -0.023588 0.129620 -0.004707
v -0.025233 0.126542 -0.000013
v -0.026015 0.121821 0.005165
v -0.024936 0.119666 0.010317
v -0.022617 0.117512 0.015118
v -0.019245 0.110944 0.019245
v -0.015334 0.022077 0.022967
v -0.010263 0.013662 0.024802
v -0.005138 0.011405 0.025880
v 0.000013 0.009455 0.025638
v 0.004815 0.008018 0.024235
v 0.009022 0.006992 0.021781
v 0.009454 0.008018 0.022806
v 0.013095 0.006992 0.019596
v 0.005003 0.009455 0.025152
v 0.000013 0.011405 0.026366
v -0.005246 0.013662 0.026312
v -0.010560 0.022077 0.025503
v -0.015118 0.110944 0.022644
v -0.019218 0.117512 0.019218
v -0.022455 0.119666 0.014983
v -0.024505 0.121821 0.010155
v -0.024748 0.126542 0.004923
v -0.024073 0.129620 -0.000013
v -0.022940 0.131160 -0.004572
v -0.020944 0.132596 -0.008672
v -0.016818 0.137009 -0.011234
v -0.012556 0.141422 -0.012556
v -0.009670 0.142242 -0.014471
v -0.006541 0.143371 -0.015820
v -0.003331 0.144500 -0.016683
v 0.000013 0.168307 -0.016629
v 0.003088 0.179698 -0.015577
v 0.005327 0.198272 -0.012853
v 0.002711 0.198272 -0.013635
v 0.000013 0.179698 -0.015873
v -0.003250 0.168307 -0.016305
v -0.006514 0.144500 -0.015712
v -0.009508 0.143371 -0.014228
v -0.012313 0.142242 -0.012313
v -0.014768 0.141422 -0.009859
v -0.018679 0.137009 -0.007728
v -0.022239 0.132596 -0.004410
v -0.023399 0.131160 -0.000013
v -0.023588 0.129620 0.004707
v -0.023318 0.126542 0.009643
v -0.022050 0.121821 0.014741
v -0.019083 0.119666 0.019083
v -0.015118 0.117512 0.022617
v -0.010425 0.110944 0.025152
v -0.005381 0.022077 0.027067
v 0.000013 0.013662 0.026824
v 0.005138 0.011405 0.025880
v 0.009805 0.009455 0.023669
v 0.013716 0.008018 0.020540
v 0.016656 0.006992 0.016656
v 0.017465 0.008018 0.017465
v 0.019596 0.006992 0.013095
v 0.014228 0.009455 0.021322
v 0.010101 0.011405 0.024370
v 0.005246 0.013662 0.026312
v 0.000013 0.022077 0.027607
v -0.005300 0.110944 0.026690
v -0.010398 0.117512 0.025125
v -0.014983 0.119666 0.022455
v -0.018760 0.121821 0.018760
v -0.020971 0.126542 0.014012
v -0.022239 0.129620 0.009211
v -0.022940 0.131160 0.004572
v -0.022671 0.132596 -0.000013
v -0.019839 0.137009 -0.003952
v -0.016413 0.141422 -0.006811
v -0.014471 0.142242 -0.009670
v -0.012097 0.143371 -0.012097
v -0.009454 0.144500 -0.014147
v -0.006352 0.168307 -0.015361
v -0.003088 0.179698 -0.015577
v 0.000013 0.198272 -0.013904
v -0.002711 0.198272 -0.013635
v -0.006082 0.179698 -0.014660
v -0.009238 0.168307 -0.013824
v -0.012016 0.144500 -0.012016
v -0.014228 0.143371 -0.009508
v -0.016062 0.142242 -0.006649
v -0.017411 0.141422 -0.003466
v -0.020216 0.137009 -0.000013
v -0.022239 0.132596 0.004410
v -0.021619 0.131160 0.008968
v -0.020000 0.129620 0.013365
v -0.017843 0.126542 0.017843
v -0.014741 0.121821 0.022050
v -0.010317 0.119666 0.024936
v -0.005300 0.117512 0.026663
v 0.000013 0.110944 0.027229
v 0.005381 0.022077 0.027067
v 0.010263 0.013662 0.024802
v 0.014660 0.011405 0.021942
v 0.018112 0.009455 0.018112
v 0.020540 0.008018 0.013716
v 0.021780 0.006992 0.009022
v 0.022805 0.008018 0.009454
v 0.023102 0.006992 0.004599
v 0.021322 0.009455 0.014228
v 0.018652 0.011405 0.018652
v 0.014902 0.013662 0.022320
v 0.010560 0.022077 0.025503
v 0.005300 0.110944 0.026690
v 0.000013 0.117512 0.027175
v -0.005273 0.119666 0.026474
v -0.010155 0.121821 0.024505
v -0.014012 0.126542 0.020971
v -0.017006 0.129620 0.017006
v -0.019461 0.131160 0.013014
v -0.020944 0.132596 0.008672
v -0.019839 0.137009 0.003952
v -0.017762 0.141422 -0.000013
v -0.017060 0.142242 -0.003385
v -0.015820 0.143371 -0.006541
v -0.014147 0.144500 -0.009454
v -0.011747 0.168307 -0.011747
v -0.008834 0.179698 -0.013203
v -0.005327 0.198272 -0.012853
v -0.007728 0.198272 -0.011558
v -0.011234 0.179698 -0.011234
v -0.013824 0.168307 -0.009238
v -0.015712 0.144500 -0.006514
v -0.016791 0.143371 -0.003331
v -0.017411 0.142242 -0.000013
v -0.017411 0.141422 0.003466
v -0.018679 0.137009 0.007728
v -0.018841 0.132596 0.012583
v -0.016548 0.131160 0.016548
v -0.013365 0.129620 0.020000
v -0.009643 0.126542 0.023318
v -0.005165 0.121821 0.026015
v 0.000013 0.119666 0.026986
v 0.005300 0.117512 0.026663
v 0.010425 0.110944 0.025152
v 0.015334 0.022077 0.022967
v 0.018975 0.013662 0.018975
v 0.021942 0.011405 0.014660
v 0.023669 0.009455 0.009805
v 0.024235 0.008018 0.004815
v -0.017060 0.142242 0.003385
v -0.016791 0.143371 0.003331
v -0.016683 0.144500 0.003331
v -0.016305 0.168307 0.003250
v -0.015577 0.179698 0.003088
v -0.013635 0.198272 0.002711
v -0.011099 0.213665 0.002198
v -0.010452 0.213665 0.004329
v -0.009400 0.213665 0.006271
v -0.007997 0.213665 0.007997
v -0.006271 0.213665 0.009400
v -0.004329 0.213665 0.010452
v -0.002198 0.213665 0.011099
v 0.000013 0.213665 0.011315
v 0.002198 0.213665 0.011099
v 0.004329 0.213665 0.010452
v 0.006271 0.213665 0.009400
v 0.007997 0.213665 0.007997
v 0.009400 0.213665 0.006271
v 0.010452 0.213665 0.004329
v 0.011099 0.213665 0.002198
v 0.011315 0.213665 -0.000013
v 0.011099 0.213665 -0.002198
v 0.010452 0.213665 -0.004329
v 0.009400 0.213665 -0.006271
v 0.007997 0.213665 -0.007997
v 0.006271 0.213665 -0.009400
v 0.004329 0.213665 -0.010452
v 0.002198 0.213665 -0.011099
v 0.000013 0.213665 -0.011315
v -0.002198 0.213665 -0.011099
v -0.004329 0.213665 -0.010452
v -0.006271 0.213665 -0.009400
v -0.009832 0.198272 -0.009832
v -0.013203 0.179698 -0.008834
v -0.015361 0.168307 -0.006352
v -0.016683 0.144500 -0.003331
v -0.017114 0.143371 -0.000013
v -0.017006 0.144500 -0.000013
v -0.016629 0.168307 -0.000013
v -0.015874 0.179698 -0.000013
v -0.013905 0.198272 -0.000013
v -0.011315 0.213665 -0.000013
v -0.010506 0.215512 -0.000013
v -0.010290 0.215512 0.002036
v -0.009697 0.215512 0.004032
v -0.008726 0.215512 0.005840
v -0.007431 0.215512 0.007431
v -0.005840 0.215512 0.008726
v -0.004032 0.215512 0.009697
v -0.002036 0.215512 0.010290
v 0.000013 0.215512 0.010506
v 0.002036 0.215512 0.010290
v 0.004032 0.215512 0.009697
v 0.005840 0.215512 0.008726
v 0.007431 0.215512 0.007431
v 0.008726 0.215512 0.005840
v 0.009697 0.215512 0.004032
v 0.010290 0.215512 0.002036
v 0.010506 0.215512 -0.000013
v 0.010290 0.215512 -0.002036
v 0.009697 0.215512 -0.004032
v 0.008726 0.215512 -0.005840
v 0.007431 0.215512 -0.007431
v 0.005840 0.215512 -0.008726
v 0.004032 0.215512 -0.009697
v 0.002036 0.215512 -0.010290
v 0.000013 0.215512 -0.010506
v -0.002036 0.215512 -0.010290
v -0.004032 0.215512 -0.009697
v -0.005840 0.215512 -0.008726
v -0.007997 0.213665 -0.007997
v -0.007431 0.215512 -0.007431
v -0.009400 0.213665 -0.006271
v -0.008726 0.215512 -0.005840
v -0.016305 0.168307 -0.003250
v -0.014660 0.179698 -0.006082
v -0.011558 0.198272 -0.007728
v -0.015577 0.179698 -0.003088
v -0.013635 0.198272 -0.002711
v -0.011099 0.213665 -0.002198
v -0.010290 0.215512 -0.002036
v -0.009697 0.215512 -0.004032
v -0.010452 0.213665 -0.004329
v -0.012853 0.198272 -0.005327
v -0.016656 0.006992 0.016656
v -0.009697 0.006274 0.014525
v -0.013095 0.006992 0.019596
v -0.006676 0.006274 0.016143
v -0.009022 0.006992 0.021781
v -0.003412 0.006274 0.017141
v -0.004599 0.006992 0.023102
v 0.000013 0.006274 0.017465
v 0.000013 0.006992 0.023561
v 0.003412 0.006274 0.017141
v 0.004599 0.006992 0.023102
v 0.006676 0.006274 0.016143
v 0.009022 0.006992 0.021781
v 0.009697 0.006274 0.014525
v 0.013095 0.006992 0.019596
v 0.012340 0.006274 0.012340
v 0.016656 0.006992 0.016656
v 0.014525 0.006274 0.009697
v 0.019596 0.006992 0.013095
v 0.016143 0.006274 0.006676
v 0.021780 0.006992 0.009022
v 0.017141 0.006274 0.003412
v 0.023102 0.006992 0.004599
v 0.017465 0.006274 -0.000013
v 0.023561 0.006992 -0.000013
v 0.017141 0.006274 -0.003412
v 0.023102 0.006992 -0.004599
v 0.016143 0.006274 -0.006676
v 0.021780 0.006992 -0.009022
v 0.014525 0.006274 -0.009697
v 0.019596 0.006992 -0.013095
v 0.012340 0.006274 -0.012340
v 0.016656 0.006992 -0.016656
v 0.009697 0.006274 -0.014525
v 0.013095 0.006992 -0.019596
v 0.006676 0.006274 -0.016143
v 0.009022 0.006992 -0.021780
v 0.003412 0.006274 -0.017141
v 0.004599 0.006992 -0.023102
v 0.000013 0.006274 -0.017465
v 0.000013 0.006992 -0.023561
v -0.003412 0.006274 -0.017141
v -0.004599 0.006992 -0.023102
v -0.006676 0.006274 -0.016143
v -0.009022 0.006992 -0.021780
v -0.009697 0.006274 -0.014525
v -0.013095 0.006992 -0.019596
v -0.012340 0.006274 -0.012340
v -0.016656 0.006992 -0.016656
v -0.014525 0.006274 -0.009697
v -0.019596 0.006992 -0.013095
v -0.016143 0.006274 -0.006676
v -0.021781 0.006992 -0.009022
v -0.017141 0.006274 -0.003412
v -0.023102 0.006992 -0.004599
v -0.017465 0.006274 -0.000013
v -0.023561 0.006992 -0.000013
v -0.017141 0.006274 0.003412
v -0.023102 0.006992 0.004599
v -0.016143 0.006274 0.006676
v -0.021781 0.006992 0.009022
v -0.014525 0.006274 0.009697
v -0.019596 0.006992 0.013095
v -0.012340 0.006274 0.012340
v -0.002252 0.006274 0.003358
v -0.001551 0.006274 0.003736
v -0.000796 0.006274 0.003952
v 0.000013 0.006274 0.004032
v 0.000796 0.006274 0.003952
v 0.001551 0.006274 0.003736
v 0.002252 0.006274 0.003358
v 0.002846 0.006274 0.002846
v 0.003358 0.006274 0.002252
v 0.003736 0.006274 0.001551
v 0.003951 0.006274 0.000796
v 0.004032 0.006274 -0.000013
v 0.003951 0.006274 -0.000796
v 0.003736 0.006274 -0.001551
v 0.003358 0.006274 -0.002252
v 0.002846 0.006274 -0.002846
v 0.002252 0.006274 -0.003358
v 0.001551 0.006274 -0.003736
v 0.000796 0.006274 -0.003951
v 0.000013 0.006274 -0.004032
v -0.000796 0.006274 -0.003951
v -0.001551 0.006274 -0.003736
v -0.002252 0.006274 -0.003358
v -0.002846 0.006274 0.002846
v -0.002846 0.006274 -0.002846
v -0.003358 0.006274 0.002252
v -0.003358 0.006274 -0.002252
v -0.003736 0.006274 0.001551
v -0.003952 0.006274 0.000796
v -0.004032 0.006274 -0.000013
v -0.003952 0.006274 -0.000796
v -0.003736 0.006274 -0.001551
v 0.000013 0.216333 -0.009184
v -0.002036 0.215512 -0.010290
v -0.001794 0.216333 -0.009022
v -0.004032 0.215512 -0.009697
v -0.003520 0.216333 -0.008483
v -0.005840 0.215512 -0.008726
v -0.005111 0.216333 -0.007647
v -0.007431 0.215512 -0.007431
v -0.006514 0.216333 -0.006514
v -0.008726 0.215512 -0.005840
v -0.007647 0.216333 -0.005111
v -0.009697 0.215512 -0.004032
v -0.008483 0.216333 -0.003520
v -0.010290 0.215512 -0.002036
v -0.009022 0.216333 -0.001794
v -0.010506 0.215512 -0.000013
v -0.009184 0.216333 -0.000013
v -0.010290 0.215512 0.002036
v -0.009022 0.216333 0.001794
v -0.009697 0.215512 0.004032
v -0.008483 0.216333 0.003520
v -0.008726 0.215512 0.005840
v -0.007647 0.216333 0.005111
v -0.007431 0.215512 0.007431
v -0.006514 0.216333 0.006514
v -0.005840 0.215512 0.008726
v -0.005111 0.216333 0.007647
v -0.004032 0.215512 0.009697
v -0.003520 0.216333 0.008483
v -0.002036 0.215512 0.010290
v -0.001794 0.216333 0.009022
v 0.000013 0.215512 0.010506
v 0.000013 0.216333 0.009184
v 0.002036 0.215512 0.010290
v 0.001794 0.216333 0.009022
v 0.004032 0.215512 0.009697
v 0.003520 0.216333 0.008483
v 0.005840 0.215512 0.008726
v 0.005111 0.216333 0.007647
v 0.007431 0.215512 0.007431
v 0.006514 0.216333 0.006514
v 0.008726 0.215512 0.005840
v 0.007647 0.216333 0.005111
v 0.009697 0.215512 0.004032
v 0.008483 0.216333 0.003520
v 0.010290 0.215512 0.002036
v 0.009022 0.216333 0.001794
v 0.010506 0.215512 -0.000013
v 0.009184 0.216333 -0.000013
v 0.010290 0.215512 -0.002036
v 0.009022 0.216333 -0.001794
v 0.009697 0.215512 -0.004032
v 0.008483 0.216333 -0.003520
v 0.008726 0.215512 -0.005840
v 0.007647 0.216333 -0.005111
v 0.007431 0.215512 -0.007431
v 0.006514 0.216333 -0.006514
v 0.005840 0.215512 -0.008726
v 0.005111 0.216333 -0.007647
v 0.004032 0.215512 -0.009697
v 0.003520 0.216333 -0.008483
v 0.002036 0.215512 -0.010290
v 0.001794 0.216333 -0.009022
v 0.000013 0.215512 -0.010506
v -0.009184 0.216333 -0.000013
v -0.009022 0.216333 0.001794
v -0.009022 0.216333 -0.001794
v -0.008483 0.216333 0.003520
v -0.008483 0.216333 -0.003520
v -0.007647 0.216333 -0.005111
v -0.007647 0.216333 0.005111
v -0.006514 0.216333 0.006514
v -0.006514 0.216333 -0.006514
v -0.005111 0.216333 0.007647
v -0.005111 0.216333 -0.007647
v -0.003520 0.216333 0.008483
v -0.003520 0.216333 -0.008483
v -0.001794 0.216333 0.009022
v -0.001794 0.216333 -0.009022
v 0.000013 0.216333 0.009184
v 0.000013 0.216333 -0.009184
v 0.001794 0.216333 -0.009022
v 0.001794 0.216333 0.009022
v 0.003520 0.216333 0.008483
v 0.003520 0.216333 -0.008483
v 0.005111 0.216333 0.007647
v 0.005111 0.216333 -0.007647
v 0.006514 0.216333 0.006514
v 0.006514 0.216333 -0.006514
v 0.007647 0.216333 0.005111
v 0.007647 0.216333 -0.005111
v 0.008483 0.216333 0.003520
v 0.008483 0.216333 -0.003520
v 0.009022 0.216333 0.001794
v 0.009022 0.216333 -0.001794
v 0.009184 0.216333 -0.000013
vn -0.3438 0.4370 0.8312
vn -0.1669 0.4873 0.8571
vn -0.1780 0.4370 0.8817
vn -0.0018 0.4873 0.8732
vn -0.0000 1.0000 -0.0000
vn 0.0019 0.4370 0.8995
vn -0.1819 0.3115 0.9327
vn -0.0019 0.3115 0.9502
vn -0.1950 0.1717 0.9657
vn -0.3753 0.1717 0.9109
vn -0.3623 0.3115 0.8785
vn 0.1743 0.4370 0.8824
vn 0.1706 0.4873 0.8564
vn 0.1724 0.4681 0.8667
vn -0.0000 0.4681 0.8837
vn -0.1724 0.4681 0.8667
vn -0.3329 0.4873 0.8073
vn -0.4968 0.4370 0.7498
vn -0.5285 0.3115 0.7897
vn -0.5481 0.1717 0.8186
vn -0.5568 0.0590 0.8286
vn -0.3842 0.0589 0.9214
vn -0.1968 0.0590 0.9787
vn -0.0000 0.1717 0.9851
vn 0.1856 0.3115 0.9319
vn 0.3473 0.4370 0.8297
vn 0.3363 0.4873 0.8058
vn 0.3382 0.4682 0.8164
vn 0.3473 0.4173 0.8398
vn 0.1743 0.4172 0.8919
vn 0.0019 0.4172 0.9088
vn -0.1780 0.4173 0.8912
vn -0.3381 0.4682 0.8164
vn -0.4857 0.4873 0.7257
vn -0.6367 0.4370 0.6354
vn -0.6739 0.3115 0.6699
vn -0.6939 0.1718 0.6993
vn -0.7078 0.0589 0.7039
vn -0.7065 0.0414 0.7065
vn -0.5551 0.0415 0.8307
vn -0.3824 0.0415 0.9231
vn -0.1950 0.0414 0.9799
vn -0.0019 0.0590 0.9983
vn 0.1950 0.1717 0.9657
vn 0.3658 0.3115 0.8770
vn 0.4999 0.4370 0.7478
vn 0.4826 0.4874 0.7277
vn 0.4909 0.4681 0.7347
vn 0.5067 0.4172 0.7545
vn 0.5160 0.3690 0.7730
vn 0.3565 0.3690 0.8583
vn 0.1836 0.3690 0.9111
vn 0.0038 0.3690 0.9294
vn -0.1836 0.3690 0.9111
vn -0.3508 0.4173 0.8383
vn -0.4909 0.4681 0.7347
vn -0.6194 0.4873 0.6155
vn -0.7467 0.4370 0.5015
vn -0.7887 0.3115 0.5301
vn -0.8186 0.1717 0.5481
vn -0.8317 0.0590 0.5520
vn -0.8307 0.0415 0.5551
vn -0.8293 0.0852 0.5522
vn -0.7052 0.0851 0.7038
vn -0.5537 0.0851 0.8283
vn -0.3808 0.0854 0.9207
vn -0.1933 0.0851 0.9774
vn -0.0000 0.0415 0.9991
vn 0.1931 0.0589 0.9794
vn 0.3753 0.1717 0.9109
vn 0.5254 0.3115 0.7918
vn 0.6340 0.4370 0.6380
vn 0.6168 0.4873 0.6181
vn 0.6248 0.4681 0.6249
vn 0.6406 0.4172 0.6446
vn 0.6559 0.3690 0.6585
vn 0.6729 0.3074 0.6729
vn 0.5271 0.3074 0.7922
vn 0.3676 0.3074 0.8777
vn 0.1875 0.3074 0.9329
vn -0.0000 0.3075 0.9516
vn 0.0019 0.8545 -0.5194
vn -0.1030 0.8545 -0.5091
vn 0.0993 0.8545 -0.5099
vn 0.1875 0.2401 0.9525
vn 0.3750 0.2401 0.8954
vn 0.5409 0.2401 0.8061
vn 0.6864 0.2401 0.6864
vn 0.8061 0.2401 0.5408
vn 0.7923 0.3074 0.5271
vn 0.7710 0.3690 0.5191
vn 0.7555 0.4172 0.5051
vn 0.7347 0.4681 0.4909
vn 0.7267 0.4873 0.4842
vn 0.2001 0.8545 -0.4794
vn 0.2864 0.8545 -0.4333
vn 0.8164 0.4681 0.3382
vn 0.8405 0.4172 0.3456
vn 0.8598 0.3690 0.3531
vn 0.8806 0.3074 0.3607
vn 0.8983 0.2401 0.3680
vn 0.3679 0.8545 -0.3666
vn 0.4302 0.8545 -0.2911
vn 0.9525 0.2401 0.1875
vn 0.9329 0.3074 0.1875
vn 0.9118 0.3690 0.1799
vn 0.8908 0.4172 0.1798
vn 0.8667 0.4681 0.1724
vn 0.4801 0.8545 -0.1983
vn 0.8080 0.4873 0.3311
vn 0.7488 0.4370 0.4983
vn 0.6713 0.3115 0.6726
vn 0.5481 0.1717 0.8186
vn 0.3807 0.0589 0.9228
vn 0.1950 0.0415 0.9799
vn 0.0018 0.0851 0.9964
vn 0.5088 0.8545 -0.1048
vn 0.5194 0.8545 -0.0000
vn 0.1969 0.0851 0.9767
vn 0.3824 0.0415 0.9231
vn 0.5536 0.0589 0.8307
vn 0.6939 0.1717 0.6993
vn 0.7907 0.3115 0.5269
vn 0.8305 0.4370 0.3455
vn 0.8560 0.4873 0.1724
vn 0.8836 0.4681 -0.0001
vn 0.9088 0.4172 -0.0000
vn 0.9294 0.3690 -0.0000
vn 0.9516 0.3074 -0.0000
vn 0.9707 0.2401 -0.0000
vn 0.9880 0.1545 -0.0000
vn 0.5087 0.8545 0.1048
vn 0.9685 0.1545 0.1951
vn 0.9139 0.1545 0.3755
vn 0.8218 0.1545 0.5485
vn 0.6973 0.1545 0.7000
vn 0.5516 0.1545 0.8197
vn 0.3789 0.1545 0.9124
vn 0.5088 0.8545 0.1048
vn 0.4801 0.8545 0.1983
vn 0.4302 0.8545 0.2911
vn 0.5540 0.0459 0.8312
vn 0.7057 0.0459 0.7070
vn 0.8302 0.0459 0.5556
vn 0.9227 0.0458 0.3827
vn 0.9797 0.0459 0.1951
vn 0.9989 0.0458 -0.0000
vn 0.9797 0.0459 -0.1951
vn 0.9686 0.1545 -0.1950
vn 0.9525 0.2401 -0.1875
vn 0.9329 0.3074 -0.1875
vn 0.9118 0.3690 -0.1799
vn 0.8908 0.4173 -0.1798
vn 0.8667 0.4681 -0.1724
vn 0.3680 0.8545 0.3666
vn 0.8732 0.4873 -0.0000
vn 0.8828 0.4370 0.1725
vn 0.8792 0.3115 0.3606
vn 0.8186 0.1717 0.5481
vn 0.7052 0.0589 0.7065
vn 0.5551 0.0415 0.8308
vn 0.3843 0.0851 0.9193
vn 0.3679 0.8545 0.3666
vn 0.2864 0.8545 0.4333
vn 0.2001 0.8545 0.4793
vn 0.5506 0.0851 0.8304
vn 0.7065 0.0414 0.7065
vn 0.8296 0.0589 0.5552
vn 0.9109 0.1717 0.3753
vn 0.9316 0.3115 0.1875
vn 0.8995 0.4370 -0.0000
vn 0.8560 0.4873 -0.1724
vn 0.8164 0.4682 -0.3382
vn 0.2001 0.8545 0.4794
vn 0.8405 0.4172 -0.3456
vn 0.8598 0.3690 -0.3531
vn 0.8777 0.3074 -0.3676
vn 0.8983 0.2401 -0.3680
vn 0.9139 0.1545 -0.3755
vn 0.9227 0.0458 -0.3827
vn 0.9239 0.0065 -0.3827
vn 0.0993 0.8545 0.5099
vn 0.9808 0.0065 -0.1951
vn 1.0000 0.0065 -0.0000
vn 0.9808 0.0065 0.1951
vn 0.9239 0.0065 0.3827
vn 0.8314 0.0065 0.5556
vn 0.7071 0.0065 0.7071
vn 0.0993 0.8545 0.5098
vn 0.0019 0.8545 0.5194
vn -0.1030 0.8545 0.5091
vn 0.8307 -0.0415 0.5551
vn 0.9231 -0.0415 0.3824
vn 0.9799 -0.0416 0.1949
vn 0.9991 -0.0416 -0.0000
vn 0.9799 -0.0415 -0.1949
vn 0.9231 -0.0415 -0.3824
vn 0.8308 -0.0415 -0.5551
vn 0.8315 0.0066 -0.5556
vn 0.8302 0.0458 -0.5556
vn 0.8218 0.1546 -0.5485
vn 0.8061 0.2401 -0.5408
vn 0.7923 0.3074 -0.5271
vn 0.7709 0.3690 -0.5191
vn 0.7555 0.4172 -0.5051
vn 0.7347 0.4681 -0.4909
vn -0.1966 0.8545 0.4808
vn 0.8080 0.4873 -0.3311
vn 0.8828 0.4370 -0.1725
vn 0.9502 0.3115 -0.0000
vn 0.9657 0.1717 0.1950
vn 0.9221 0.0590 0.3825
vn 0.8307 0.0415 0.5551
vn 0.7025 0.0851 0.7065
vn -0.2896 0.8545 0.4312
vn -0.2895 0.8545 0.4312
vn -0.3653 0.8545 0.3693
vn 0.8273 0.0851 0.5553
vn 0.9231 0.0415 0.3824
vn 0.9790 0.0590 0.1950
vn 0.9851 0.1717 -0.0000
vn 0.9316 0.3115 -0.1875
vn 0.8305 0.4370 -0.3455
vn 0.7267 0.4873 -0.4842
vn 0.6248 0.4682 -0.6249
vn 0.6406 0.4172 -0.6446
vn 0.6559 0.3690 -0.6585
vn 0.6729 0.3074 -0.6729
vn 0.6864 0.2401 -0.6864
vn 0.6973 0.1545 -0.7000
vn 0.7057 0.0459 -0.7070
vn 0.7071 0.0065 -0.7071
vn 0.7065 -0.0416 -0.7065
vn 0.7000 -0.1416 -0.7000
vn -0.4323 0.8545 0.2880
vn 0.8241 -0.1415 -0.5484
vn 0.9160 -0.1416 -0.3754
vn 0.9705 -0.1415 -0.1949
vn 0.9899 -0.1415 -0.0000
vn 0.9705 -0.1415 0.1950
vn 0.9160 -0.1415 0.3754
vn -0.4786 0.8545 0.2018
vn -0.5095 0.8545 0.1011
vn 0.9421 -0.2781 0.1876
vn 0.9606 -0.2781 -0.0000
vn 0.9421 -0.2781 -0.1876
vn 0.8873 -0.2781 -0.3680
vn 0.7984 -0.2781 -0.5341
vn 0.6785 -0.2781 -0.6799
vn -0.5194 0.8545 -0.0038
vn -0.5095 0.8545 -0.1011
vn 0.6312 -0.4487 -0.6326
vn 0.7416 -0.4487 -0.4987
vn 0.8269 -0.4487 -0.3389
vn 0.8768 -0.4487 -0.1727
vn 0.8936 -0.4488 -0.0000
vn -0.4786 0.8545 -0.2018
vn -0.4323 0.8545 -0.2880
vn 0.7491 -0.6452 -0.1502
vn 0.7049 -0.6452 -0.2946
vn 0.6333 -0.6452 -0.4274
vn 0.5422 -0.6452 -0.5383
vn -0.3653 0.8545 -0.3693
vn -0.2896 0.8545 -0.4312
vn 0.4648 -0.7512 -0.4688
vn 0.5508 -0.7512 -0.3638
vn 0.6108 -0.7512 -0.2504
vn 0.6476 -0.7512 -0.1276
vn 0.7640 -0.6453 -0.0000
vn 0.6601 -0.7512 -0.0000
vn -0.1966 0.8545 -0.4808
vn -0.1029 0.8545 -0.5091
vn 0.8768 -0.4487 0.1727
vn 0.8873 -0.2781 0.3680
vn 0.8241 -0.1416 0.5484
vn 0.7065 -0.0416 0.7065
vn 0.5556 0.0065 0.8314
vn 0.3810 0.0459 0.9234
vn 0.1914 0.1545 0.9693
vn -0.0000 0.2401 0.9707
vn -0.1875 0.3074 0.9329
vn -0.3565 0.3690 0.8583
vn -0.5035 0.4173 0.7565
vn -0.6249 0.4681 0.6248
vn -0.7246 0.4873 0.4873
vn -0.8319 0.4370 0.3420
vn -0.8777 0.3115 0.3641
vn -0.9109 0.1717 0.3753
vn -0.9235 0.0590 0.3789
vn -0.9231 0.0414 0.3823
vn -0.9214 0.0851 0.3791
vn -0.9153 0.1372 0.3786
vn -0.8229 0.1370 0.5514
vn -0.6984 0.1372 0.7024
vn -0.5529 0.1372 0.8219
vn -0.3803 0.1372 0.9146
vn -0.1930 0.1372 0.9716
vn 0.0019 0.1372 0.9905
vn 0.1967 0.1372 0.9708
vn 0.3769 0.1372 0.9160
vn 0.5497 0.1372 0.8240
vn 0.7011 0.1372 0.6997
vn 0.8250 0.1372 0.5482
vn -0.0000 -1.0000 -0.0000
vn 0.9200 0.0851 0.3826
vn 0.9799 0.0414 0.1950
vn 0.9983 0.0590 -0.0000
vn 0.9657 0.1717 -0.1950
vn 0.8792 0.3115 -0.3606
vn 0.7488 0.4370 -0.4983
vn 0.6168 0.4873 -0.6181
vn 0.4909 0.4681 -0.7347
vn 0.5067 0.4172 -0.7545
vn 0.5160 0.3690 -0.7730
vn 0.5271 0.3074 -0.7923
vn 0.5409 0.2401 -0.8061
vn 0.5516 0.1545 -0.8197
vn 0.5540 0.0459 -0.8312
vn 0.5556 0.0065 -0.8314
vn 0.5551 -0.0415 -0.8307
vn 0.5484 -0.1416 -0.8241
vn 0.5327 -0.2781 -0.7993
vn 0.4971 -0.4487 -0.7427
vn 0.4258 -0.6452 -0.6344
vn 0.3654 -0.7512 -0.5498
vn -0.0495 -0.9981 -0.0359
vn -0.0569 -0.9981 -0.0226
vn 0.2522 -0.7512 -0.6100
vn 0.2928 -0.6452 -0.7057
vn 0.3442 -0.4487 -0.8247
vn -0.0592 -0.9981 -0.0152
vn -0.0613 -0.9981 -0.0000
vn 0.1295 -0.7512 -0.6473
vn 0.1484 -0.6452 -0.7495
vn 0.0019 -0.7512 -0.6601
vn -0.0019 -0.6452 -0.7640
vn -0.1258 -0.7512 -0.6480
vn -0.0592 -0.9981 0.0152
vn -0.0569 -0.9981 0.0225
vn 0.1709 -0.4487 -0.8772
vn 0.3663 -0.2781 -0.8880
vn 0.1858 -0.2781 -0.9424
vn 0.3823 -0.1415 -0.9131
vn -0.0446 -0.9981 -0.0419
vn -0.0019 -0.4487 -0.8937
vn -0.0328 -0.9981 -0.0516
vn -0.0446 -0.9981 0.0419
vn -0.0495 -0.9981 0.0359
vn -0.1521 -0.6452 -0.7487
vn -0.2557 -0.7512 -0.6086
vn -0.2893 -0.6452 -0.7071
vn -0.3685 -0.7512 -0.5477
vn 0.0038 -0.9981 -0.0610
vn -0.0115 -0.9981 -0.0601
vn 0.0115 -0.9981 -0.0601
vn -0.1746 -0.4487 -0.8765
vn -0.0019 -0.2781 -0.9605
vn 0.1950 -0.1415 -0.9705
vn 0.3823 -0.0415 -0.9231
vn 0.0260 -0.9981 -0.0553
vn 0.3827 0.0065 -0.9239
vn -0.0260 -0.9981 -0.0554
vn 0.1949 -0.0416 -0.9799
vn -0.0000 -0.1415 -0.9899
vn -0.1895 -0.2781 -0.9417
vn -0.3407 -0.4488 -0.8262
vn -0.4227 -0.6452 -0.6364
vn -0.4674 -0.7512 -0.4661
vn -0.5396 -0.6452 -0.5409
vn -0.5487 -0.7512 -0.3669
vn -0.4939 -0.4487 -0.7448
vn 0.0495 -0.9981 -0.0359
vn -0.3698 -0.2781 -0.8865
vn -0.1949 -0.1415 -0.9706
vn -0.0000 -0.0415 -0.9991
vn 0.1951 0.0065 -0.9808
vn 0.3810 0.0459 -0.9234
vn 0.0446 -0.9981 -0.0419
vn 0.3789 0.1545 -0.9124
vn 0.0328 -0.9981 -0.0516
vn 0.1933 0.0459 -0.9801
vn -0.0000 0.0065 -1.0000
vn -0.1949 -0.0415 -0.9799
vn -0.3823 -0.1415 -0.9131
vn -0.5358 -0.2781 -0.7973
vn -0.6339 -0.4487 -0.6299
vn -0.6354 -0.6452 -0.4243
vn -0.6093 -0.7512 -0.2539
vn -0.7064 -0.6452 -0.2911
vn -0.6469 -0.7512 -0.1313
vn -0.7437 -0.4487 -0.4955
vn -0.6812 -0.2781 -0.6772
vn -0.5484 -0.1415 -0.8241
vn -0.3824 -0.0415 -0.9231
vn -0.1951 0.0065 -0.9808
vn -0.0018 0.0459 -0.9989
vn 0.1914 0.1545 -0.9693
vn 0.3680 0.2401 -0.8983
vn 0.3677 0.3073 -0.8777
vn 0.1876 0.2401 -0.9525
vn 0.0038 0.1545 -0.9880
vn -0.1970 0.0459 -0.9793
vn -0.3827 0.0065 -0.9239
vn -0.5551 -0.0416 -0.8308
vn -0.7000 -0.1415 -0.7000
vn -0.8004 -0.2781 -0.5311
vn -0.8255 -0.4487 -0.3424
vn -0.7498 -0.6452 -0.1465
vn -0.6601 -0.7512 -0.0038
vn -0.7640 -0.6452 -0.0038
vn -0.6469 -0.7512 0.1313
vn 0.0569 -0.9981 -0.0225
vn 0.0592 -0.9981 -0.0152
vn -0.8761 -0.4487 -0.1764
vn 0.0612 -0.9981 -0.0000
vn -0.8887 -0.2781 -0.3646
vn -0.8241 -0.1416 -0.5484
vn -0.7065 -0.0416 -0.7065
vn -0.5556 0.0065 -0.8314
vn -0.3845 0.0459 -0.9220
vn -0.1913 0.1545 -0.9693
vn -0.0000 0.2401 -0.9707
vn 0.1875 0.3074 -0.9329
vn 0.3566 0.3690 -0.8583
vn 0.3474 0.4172 -0.8398
vn 0.0592 -0.9981 0.0152
vn 0.0569 -0.9981 0.0226
vn 0.1836 0.3690 -0.9111
vn 0.0495 -0.9981 0.0359
vn -0.0000 0.3074 -0.9516
vn -0.1876 0.2401 -0.9525
vn -0.3789 0.1545 -0.9124
vn -0.5571 0.0459 -0.8291
vn -0.7071 0.0064 -0.7071
vn -0.8307 -0.0415 -0.5551
vn -0.9160 -0.1415 -0.3753
vn -0.9428 -0.2781 -0.1839
vn -0.8937 -0.4487 -0.0038
vn -0.7498 -0.6452 0.1465
vn -0.6093 -0.7512 0.2539
vn -0.7064 -0.6452 0.2911
vn -0.5487 -0.7512 0.3669
vn 0.0446 -0.9981 0.0419
vn 0.0328 -0.9981 0.0516
vn -0.8761 -0.4487 0.1764
vn 0.0260 -0.9981 0.0554
vn -0.9605 -0.2781 -0.0038
vn -0.9705 -0.1415 -0.1950
vn -0.9231 -0.0415 -0.3824
vn -0.8314 0.0065 -0.5556
vn -0.7084 0.0459 -0.7043
vn -0.5517 0.1545 -0.8196
vn -0.3750 0.2401 -0.8954
vn -0.1875 0.3074 -0.9329
vn -0.0038 0.3690 -0.9294
vn 0.1743 0.4172 -0.8919
vn 0.3382 0.4682 -0.8164
vn 0.4826 0.4873 -0.7277
vn 0.6340 0.4370 -0.6380
vn 0.7907 0.3115 -0.5269
vn 0.9109 0.1717 -0.3753
vn 0.9790 0.0590 -0.1950
vn 0.9991 0.0414 -0.0001
vn 0.9771 0.0851 0.1951
vn 0.9139 0.1372 0.3821
vn 0.0115 -0.9981 0.0602
vn 0.0038 -0.9981 0.0610
vn 0.9712 0.1372 0.1948
vn 0.9964 0.0851 -0.0000
vn 0.9799 0.0415 -0.1950
vn 0.9221 0.0590 -0.3825
vn 0.8186 0.1718 -0.5481
vn 0.6713 0.3115 -0.6726
vn 0.4999 0.4369 -0.7478
vn 0.3364 0.4874 -0.8058
vn 0.1724 0.4682 -0.8667
vn 0.0019 0.4173 -0.9088
vn -0.1836 0.3690 -0.9111
vn -0.3676 0.3074 -0.8777
vn -0.5409 0.2401 -0.8061
vn -0.6973 0.1545 -0.7000
vn -0.8323 0.0459 -0.5524
vn -0.9239 0.0065 -0.3827
vn -0.9799 -0.0415 -0.1949
vn -0.9899 -0.1415 -0.0000
vn -0.9428 -0.2781 0.1839
vn -0.8255 -0.4487 0.3424
vn -0.6354 -0.6452 0.4243
vn -0.4674 -0.7512 0.4661
vn -0.5396 -0.6452 0.5409
vn -0.3685 -0.7512 0.5477
vn -0.0115 -0.9981 0.0601
vn -0.0260 -0.9981 0.0553
vn -0.7437 -0.4487 0.4955
vn -0.0329 -0.9981 0.0516
vn -0.8887 -0.2781 0.3645
vn -0.9706 -0.1415 0.1949
vn -0.9991 -0.0415 -0.0000
vn -0.9808 0.0065 -0.1951
vn -0.9242 0.0458 -0.3792
vn -0.8218 0.1545 -0.5485
vn -0.6864 0.2401 -0.6864
vn -0.5271 0.3074 -0.7923
vn -0.3565 0.3690 -0.8583
vn -0.1780 0.4172 -0.8912
vn -0.0000 0.4682 -0.8836
vn 0.1706 0.4873 -0.8564
vn 0.3473 0.4370 -0.8297
vn 0.5254 0.3115 -0.7918
vn 0.6939 0.1717 -0.6993
vn 0.8296 0.0589 -0.5552
vn 0.9231 0.0415 -0.3824
vn 0.9771 0.0852 -0.1950
vn 0.9906 0.1371 -0.0000
vn -0.0788 -0.9936 0.0815
vn -0.0935 -0.9936 0.0642
vn 0.9712 0.1372 -0.1949
vn 0.9200 0.0851 -0.3826
vn 0.8308 0.0415 -0.5551
vn 0.7052 0.0590 -0.7065
vn 0.5481 0.1718 -0.8186
vn 0.3658 0.3115 -0.8770
vn 0.1743 0.4370 -0.8824
vn -0.0018 0.4873 -0.8732
vn -0.1724 0.4682 -0.8667
vn -0.3508 0.4172 -0.8384
vn -0.5160 0.3690 -0.7730
vn -0.6729 0.3074 -0.6729
vn -0.8061 0.2401 -0.5409
vn -0.9139 0.1545 -0.3755
vn -0.9804 0.0459 -0.1914
vn -1.0000 0.0065 -0.0000
vn -0.9799 -0.0415 0.1949
vn -0.9160 -0.1415 0.3753
vn -0.8004 -0.2781 0.5311
vn -0.6339 -0.4487 0.6299
vn -0.4227 -0.6452 0.6364
vn -0.2557 -0.7512 0.6086
vn -0.2893 -0.6452 0.7071
vn -0.1258 -0.7512 0.6480
vn -0.1044 -0.9936 0.0443
vn -0.1111 -0.9936 0.0226
vn -0.4939 -0.4487 0.7448
vn -0.1134 -0.9936 -0.0000
vn -0.6812 -0.2781 0.6772
vn -0.8241 -0.1416 0.5484
vn -0.9231 -0.0415 0.3824
vn -0.9808 0.0065 0.1951
vn -0.9989 0.0459 -0.0038
vn -0.9685 0.1545 -0.1951
vn -0.8983 0.2401 -0.3680
vn -0.7923 0.3074 -0.5271
vn -0.6559 0.3690 -0.6585
vn -0.5035 0.4172 -0.7566
vn -0.3382 0.4682 -0.8164
vn -0.1669 0.4873 -0.8571
vn 0.0019 0.4370 -0.8995
vn 0.1856 0.3115 -0.9319
vn 0.3753 0.1717 -0.9109
vn 0.5536 0.0590 -0.8307
vn 0.7065 0.0415 -0.7065
vn 0.8273 0.0851 -0.5553
vn 0.9139 0.1372 -0.3821
vn -0.1111 -0.9936 -0.0226
vn -0.1043 -0.9936 -0.0442
vn 0.8250 0.1372 -0.5482
vn 0.7025 0.0851 -0.7065
vn 0.5551 0.0415 -0.8307
vn 0.3807 0.0590 -0.9228
vn 0.1950 0.1717 -0.9657
vn -0.0019 0.3115 -0.9502
vn -0.1780 0.4370 -0.8817
vn -0.3329 0.4873 -0.8073
vn -0.4909 0.4681 -0.7347
vn -0.6433 0.4172 -0.6420
vn -0.7709 0.3690 -0.5191
vn -0.8806 0.3074 -0.3607
vn -0.9525 0.2401 -0.1875
vn -0.9880 0.1545 -0.0000
vn -0.9804 0.0459 0.1914
vn -0.9239 0.0066 0.3827
vn -0.8308 -0.0415 0.5551
vn -0.7000 -0.1415 0.7000
vn -0.5358 -0.2781 0.7972
vn -0.3407 -0.4487 0.8262
vn -0.1520 -0.6452 0.7487
vn 0.0019 -0.7512 0.6601
vn -0.0019 -0.6452 0.7640
vn 0.1295 -0.7512 0.6473
vn -0.0935 -0.9936 -0.0642
vn -0.0788 -0.9936 -0.0815
vn -0.1746 -0.4487 0.8764
vn -0.0610 -0.9936 -0.0955
vn -0.3697 -0.2781 0.8865
vn -0.5484 -0.1416 0.8241
vn -0.7065 -0.0416 0.7065
vn -0.8314 0.0065 0.5556
vn -0.9242 0.0459 0.3792
vn -0.9685 0.1545 0.1951
vn -0.9707 0.2401 -0.0000
vn -0.9329 0.3074 -0.1875
vn -0.8598 0.3690 -0.3531
vn -0.7576 0.4172 -0.5020
vn -0.6248 0.4681 -0.6248
vn -0.4857 0.4873 -0.7257
vn -0.3438 0.4370 -0.8312
vn -0.1819 0.3115 -0.9327
vn -0.0000 0.1717 -0.9851
vn 0.1931 0.0589 -0.9794
vn 0.3824 0.0415 -0.9231
vn 0.5506 0.0851 -0.8304
vn 0.7011 0.1372 -0.6998
vn -0.0407 -0.9936 -0.1058
vn -0.0189 -0.9936 -0.1118
vn 0.5498 0.1372 -0.8240
vn 0.3843 0.0851 -0.9193
vn 0.1950 0.0415 -0.9799
vn -0.0019 0.0589 -0.9983
vn -0.1950 0.1717 -0.9657
vn -0.3623 0.3115 -0.8784
vn -0.4968 0.4370 -0.7498
vn -0.6194 0.4873 -0.6155
vn -0.7347 0.4681 -0.4909
vn -0.8391 0.4172 -0.3491
vn -0.9118 0.3690 -0.1799
vn -0.9516 0.3074 -0.0000
vn -0.9525 0.2401 0.1875
vn -0.9139 0.1545 0.3755
vn -0.8323 0.0459 0.5524
vn -0.7071 0.0064 0.7071
vn -0.5551 -0.0415 0.8307
vn -0.3823 -0.1415 0.9131
vn -0.1895 -0.2781 0.9417
vn -0.0019 -0.4487 0.8937
vn 0.1484 -0.6452 0.7495
vn 0.2522 -0.7512 0.6100
vn 0.2928 -0.6452 0.7057
vn 0.3653 -0.7512 0.5498
vn 0.0038 -0.9936 -0.1133
vn 0.0188 -0.9936 -0.1118
vn 0.1709 -0.4487 0.8772
vn 0.0407 -0.9936 -0.1058
vn -0.0019 -0.2781 0.9606
vn -0.1950 -0.1415 0.9705
vn -0.3823 -0.0415 0.9231
vn -0.5556 0.0065 0.8314
vn -0.7084 0.0459 0.7044
vn -0.8217 0.1544 0.5486
vn -0.8983 0.2401 0.3680
vn -0.9329 0.3074 0.1875
vn -0.9294 0.3690 -0.0000
vn -0.8916 0.4172 -0.1762
vn -0.8164 0.4682 -0.3382
vn -0.7246 0.4873 -0.4873
vn -0.6367 0.4370 -0.6354
vn -0.5285 0.3115 -0.7897
vn -0.3753 0.1717 -0.9109
vn -0.1968 0.0589 -0.9787
vn 0.0001 0.0414 -0.9991
vn 0.1969 0.0851 -0.9767
vn 0.3769 0.1372 -0.9160
vn 0.0610 -0.9936 -0.0955
vn 0.0788 -0.9936 -0.0815
vn 0.1967 0.1372 -0.9708
vn 0.0019 0.0851 -0.9964
vn -0.1950 0.0414 -0.9799
vn -0.3842 0.0589 -0.9214
vn -0.5481 0.1718 -0.8186
vn -0.6739 0.3115 -0.6699
vn -0.7467 0.4370 -0.5015
vn -0.8066 0.4873 -0.3346
vn -0.8667 0.4681 -0.1724
vn -0.9088 0.4172 0.0038
vn -0.9118 0.3690 0.1799
vn -0.8806 0.3074 0.3607
vn -0.8061 0.2401 0.5408
vn -0.6973 0.1545 0.7000
vn -0.5571 0.0458 0.8291
vn -0.3827 0.0065 0.9239
vn -0.1949 -0.0415 0.9799
vn -0.0000 -0.1415 0.9899
vn 0.1858 -0.2781 0.9424
vn 0.3442 -0.4487 0.8247
vn 0.4258 -0.6452 0.6344
vn 0.4648 -0.7512 0.4688
vn 0.5422 -0.6452 0.5382
vn 0.5508 -0.7512 0.3638
vn 0.0935 -0.9936 -0.0642
vn 0.1044 -0.9936 -0.0443
vn 0.4971 -0.4487 0.7427
vn 0.1111 -0.9936 -0.0226
vn 0.3663 -0.2781 0.8880
vn 0.1949 -0.1415 0.9705
vn -0.0000 -0.0415 0.9991
vn -0.1951 0.0065 0.9808
vn -0.3845 0.0459 0.9220
vn -0.5516 0.1545 0.8197
vn -0.6864 0.2401 0.6864
vn -0.7923 0.3074 0.5271
vn -0.8598 0.3690 0.3531
vn -0.8916 0.4173 0.1761
vn -0.8837 0.4681 -0.0001
vn -0.8568 0.4873 -0.1687
vn -0.8319 0.4370 -0.3420
vn -0.7887 0.3115 -0.5301
vn -0.6939 0.1717 -0.6993
vn -0.5568 0.0589 -0.8286
vn -0.3824 0.0415 -0.9231
vn -0.1933 0.0851 -0.9774
vn 0.0019 0.1372 -0.9905
vn 0.1134 -0.9936 -0.0000
vn 0.1111 -0.9936 0.0226
vn -0.1930 0.1372 -0.9716
vn -0.3809 0.0850 -0.9207
vn -0.5551 0.0415 -0.8308
vn -0.7079 0.0590 -0.7039
vn -0.8186 0.1717 -0.5481
vn -0.8777 0.3115 -0.3641
vn -0.8820 0.4370 -0.1762
vn -0.8732 0.4873 -0.0037
vn -0.8667 0.4681 0.1724
vn -0.8391 0.4172 0.3491
vn -0.7709 0.3690 0.5191
vn -0.6729 0.3074 0.6729
vn -0.5409 0.2401 0.8061
vn -0.3789 0.1545 0.9124
vn -0.1969 0.0459 0.9793
vn -0.0000 0.0065 1.0000
vn 0.1949 -0.0415 0.9799
vn 0.3823 -0.1415 0.9131
vn 0.5327 -0.2781 0.7993
vn 0.6313 -0.4487 0.6326
vn 0.6333 -0.6452 0.4274
vn 0.6107 -0.7512 0.2504
vn 0.7050 -0.6452 0.2945
vn 0.6476 -0.7512 0.1276
vn 0.1044 -0.9936 0.0443
vn 0.0935 -0.9936 0.0642
vn 0.7416 -0.4487 0.4986
vn 0.0788 -0.9936 0.0815
vn 0.6785 -0.2781 0.6799
vn 0.5484 -0.1415 0.8241
vn 0.3824 -0.0415 0.9231
vn 0.1951 0.0065 0.9808
vn -0.0019 0.0459 0.9989
vn -0.1913 0.1545 0.9693
vn -0.3680 0.2401 0.8983
vn -0.5271 0.3074 0.7923
vn -0.6559 0.3690 0.6585
vn -0.7576 0.4172 0.5020
vn -0.8164 0.4682 0.3382
vn -0.8568 0.4873 0.1688
vn -0.8995 0.4370 -0.0038
vn -0.9323 0.3115 -0.1838
vn -0.9109 0.1717 -0.3753
vn -0.8317 0.0590 -0.5520
vn -0.7065 0.0414 -0.7065
vn -0.5537 0.0851 -0.8283
vn -0.3804 0.1372 -0.9146
vn 0.0610 -0.9936 0.0955
vn 0.0407 -0.9936 0.1058
vn -0.5528 0.1372 -0.8219
vn -0.7052 0.0851 -0.7038
vn -0.8307 0.0415 -0.5551
vn -0.9235 0.0590 -0.3790
vn -0.9657 0.1717 -0.1950
vn -0.9502 0.3115 -0.0038
vn -0.8820 0.4370 0.1762
vn -0.8066 0.4873 0.3346
vn -0.7347 0.4681 0.4909
vn -0.6433 0.4172 0.6419
vn -0.5160 0.3690 0.7730
vn -0.3677 0.3073 0.8777
vn -0.1875 0.2401 0.9525
vn -0.0038 0.1545 0.9880
vn 0.1932 0.0460 0.9801
vn 0.3827 0.0065 0.9239
vn 0.5551 -0.0415 0.8308
vn 0.7000 -0.1416 0.7000
vn 0.7983 -0.2781 0.5342
vn 0.8269 -0.4487 0.3389
vn 0.7491 -0.6452 0.1502
vn 0.0189 -0.9936 0.1118
vn -0.9323 0.3115 0.1838
vn 0.0038 -0.9936 0.1133
vn -0.0189 -0.9936 0.1118
vn -0.9657 0.1717 0.1950
vn -0.9798 0.0589 0.1913
vn -0.9799 0.0414 0.1950
vn -0.9778 0.0851 0.1914
vn -0.9719 0.1372 0.1912
vn -0.9421 0.2781 0.1874
vn -0.0407 -0.9936 0.1058
vn -0.8874 0.2781 0.3676
vn -0.7987 0.2781 0.5336
vn -0.6792 0.2782 0.6792
vn -0.5336 0.2781 0.7987
vn -0.3676 0.2781 0.8874
vn -0.1874 0.2781 0.9421
vn -0.0000 0.2781 0.9605
vn 0.1874 0.2781 0.9421
vn 0.3676 0.2781 0.8874
vn 0.5336 0.2781 0.7987
vn 0.6792 0.2781 0.6792
vn 0.7987 0.2781 0.5337
vn 0.8874 0.2781 0.3676
vn 0.9421 0.2781 0.1874
vn 0.9605 0.2781 -0.0000
vn 0.9421 0.2781 -0.1874
vn 0.8874 0.2781 -0.3676
vn 0.7987 0.2781 -0.5336
vn 0.6792 0.2781 -0.6792
vn 0.5336 0.2781 -0.7987
vn 0.3676 0.2781 -0.8874
vn 0.1874 0.2781 -0.9421
vn -0.0000 0.2781 -0.9606
vn -0.1874 0.2781 -0.9421
vn -0.3676 0.2781 -0.8874
vn -0.5336 0.2781 -0.7987
vn -0.6985 0.1372 -0.7024
vn -0.8294 0.0853 -0.5521
vn -0.9231 0.0415 -0.3824
vn -0.9798 0.0589 -0.1913
vn -0.9851 0.1717 -0.0000
vn -0.0610 -0.9936 0.0956
vn -0.9983 0.0589 0.0038
vn -0.9992 0.0412 -0.0002
vn -0.9964 0.0851 0.0038
vn -0.9905 0.1372 -0.0038
vn -0.9606 0.2781 -0.0000
vn -0.9211 0.3892 0.0038
vn -0.9041 0.3892 0.1762
vn -0.8523 0.3893 0.3495
vn -0.7676 0.3893 0.5092
vn -0.6533 0.3892 0.6493
vn -0.5139 0.3893 0.7645
vn -0.3547 0.3893 0.8501
vn -0.1818 0.3892 0.9030
vn -0.0019 0.3893 0.9211
vn 0.1781 0.3892 0.9038
vn 0.3512 0.3893 0.8516
vn 0.5108 0.3893 0.7665
vn 0.6507 0.3893 0.6520
vn 0.7655 0.3893 0.5123
vn 0.8508 0.3892 0.3529
vn 0.9034 0.3893 0.1799
vn 0.9211 0.3892 -0.0000
vn 0.9034 0.3892 -0.1799
vn 0.8508 0.3892 -0.3529
vn 0.7655 0.3893 -0.5123
vn 0.6507 0.3892 -0.6520
vn 0.5108 0.3892 -0.7666
vn 0.3512 0.3892 -0.8516
vn 0.1781 0.3892 -0.9038
vn -0.0019 0.3893 -0.9211
vn -0.1818 0.3892 -0.9030
vn -0.3547 0.3892 -0.8501
vn -0.5139 0.3893 -0.7645
vn -0.6792 0.2781 -0.6792
vn -0.6533 0.3892 -0.6493
vn -0.7987 0.2781 -0.5336
vn -0.7676 0.3893 -0.5092
vn -0.8874 0.2781 -0.3676
vn -0.8523 0.3893 -0.3495
vn -0.9153 0.1371 -0.3787
vn -0.8229 0.1371 -0.5513
vn -0.9799 0.0415 -0.1949
vn -0.9214 0.0851 -0.3791
vn -0.9778 0.0851 -0.1914
vn -0.9719 0.1371 -0.1912
vn -0.9421 0.2781 -0.1874
vn -0.9041 0.3893 -0.1762
vt 0.000000 0.000000
s 1
f 1/1/1 2/1/2 3/1/3
f 2/1/2 4/1/4 3/1/3
f 958/1/5 960/1/5 959/1/5
f 4/1/4 5/1/6 3/1/3
f 3/1/3 5/1/6 6/1/7
f 5/1/6 7/1/8 6/1/7
f 957/1/5 958/1/5 959/1/5
f 7/1/8 8/1/9 6/1/7
f 956/1/5 958/1/5 957/1/5
f 8/1/9 9/1/10 6/1/7
f 955/1/5 956/1/5 957/1/5
f 9/1/10 10/1/11 6/1/7
f 6/1/7 10/1/11 3/1/3
f 10/1/11 1/1/1 3/1/3
f 954/1/5 956/1/5 955/1/5
f 953/1/5 954/1/5 955/1/5
f 952/1/5 954/1/5 953/1/5
f 951/1/5 952/1/5 953/1/5
f 7/1/8 5/1/6 11/1/12
f 950/1/5 952/1/5 951/1/5
f 11/1/12 5/1/6 12/1/13
f 5/1/6 4/1/4 12/1/13
f 12/1/13 4/1/4 13/1/14
f 949/1/5 950/1/5 951/1/5
f 13/1/14 4/1/4 14/1/15
f 4/1/4 2/1/2 14/1/15
f 14/1/15 2/1/2 15/1/16
f 948/1/5 950/1/5 949/1/5
f 15/1/16 2/1/2 16/1/17
f 2/1/2 1/1/1 16/1/17
f 16/1/17 1/1/1 17/1/18
f 946/1/5 948/1/5 949/1/5
f 17/1/18 1/1/1 18/1/19
f 1/1/1 10/1/11 18/1/19
f 18/1/19 10/1/11 19/1/20
f 10/1/11 9/1/10 19/1/20
f 19/1/20 9/1/10 20/1/21
f 947/1/5 948/1/5 946/1/5
f 20/1/21 9/1/10 21/1/22
f 9/1/10 8/1/9 21/1/22
f 21/1/22 8/1/9 22/1/23
f 944/1/5 947/1/5 946/1/5
f 22/1/23 8/1/9 23/1/24
f 8/1/9 7/1/8 23/1/24
f 23/1/24 7/1/8 24/1/25
f 7/1/8 11/1/12 24/1/25
f 24/1/25 11/1/12 25/1/26
f 945/1/5 944/1/5 946/1/5
f 25/1/26 11/1/12 26/1/27
f 11/1/12 12/1/13 26/1/27
f 26/1/27 12/1/13 27/1/28
f 12/1/13 13/1/14 27/1/28
f 27/1/28 13/1/14 28/1/29
f 943/1/5 944/1/5 945/1/5
f 28/1/29 13/1/14 29/1/30
f 13/1/14 14/1/15 29/1/30
f 29/1/30 14/1/15 30/1/31
f 14/1/15 15/1/16 30/1/31
f 30/1/31 15/1/16 31/1/32
f 942/1/5 944/1/5 943/1/5
f 31/1/32 15/1/16 32/1/33
f 15/1/16 16/1/17 32/1/33
f 32/1/33 16/1/17 33/1/34
f 16/1/17 17/1/18 33/1/34
f 33/1/34 17/1/18 34/1/35
f 941/1/5 942/1/5 943/1/5
f 34/1/35 17/1/18 35/1/36
f 17/1/18 18/1/19 35/1/36
f 35/1/36 18/1/19 36/1/37
f 18/1/19 19/1/20 36/1/37
f 36/1/37 19/1/20 37/1/38
f 19/1/20 20/1/21 37/1/38
f 37/1/38 20/1/21 38/1/39
f 940/1/5 942/1/5 941/1/5
f 38/1/39 20/1/21 39/1/40
f 20/1/21 21/1/22 39/1/40
f 39/1/40 21/1/22 40/1/41
f 21/1/22 22/1/23 40/1/41
f 40/1/41 22/1/23 41/1/42
f 939/1/5 940/1/5 941/1/5
f 41/1/42 22/1/23 42/1/43
f 22/1/23 23/1/24 42/1/43
f 42/1/43 23/1/24 43/1/44
f 23/1/24 24/1/25 43/1/44
f 43/1/44 24/1/25 44/1/45
f 24/1/25 25/1/26 44/1/45
f 44/1/45 25/1/26 45/1/46
f 938/1/5 940/1/5 939/1/5
f 45/1/46 25/1/26 46/1/47
f 25/1/26 26/1/27 46/1/47
f 46/1/47 26/1/27 47/1/48
f 26/1/27 27/1/28 47/1/48
f 47/1/48 27/1/28 48/1/49
f 27/1/28 28/1/29 48/1/49
f 48/1/49 28/1/29 49/1/50
f 937/1/5 938/1/5 939/1/5
f 49/1/50 28/1/29 50/1/51
f 28/1/29 29/1/30 50/1/51
f 50/1/51 29/1/30 51/1/52
f 29/1/30 30/1/31 51/1/52
f 51/1/52 30/1/31 52/1/53
f 30/1/31 31/1/32 52/1/53
f 52/1/53 31/1/32 53/1/54
f 936/1/5 938/1/5 937/1/5
f 53/1/54 31/1/32 54/1/55
f 31/1/32 32/1/33 54/1/55
f 54/1/55 32/1/33 55/1/56
f 32/1/33 33/1/34 55/1/56
f 55/1/56 33/1/34 56/1/57
f 33/1/34 34/1/35 56/1/57
f 56/1/57 34/1/35 57/1/58
f 934/1/5 936/1/5 937/1/5
f 57/1/58 34/1/35 58/1/59
f 34/1/35 35/1/36 58/1/59
f 58/1/59 35/1/36 59/1/60
f 35/1/36 36/1/37 59/1/60
f 59/1/60 36/1/37 60/1/61
f 36/1/37 37/1/38 60/1/61
f 60/1/61 37/1/38 61/1/62
f 37/1/38 38/1/39 61/1/62
f 61/1/62 38/1/39 62/1/63
f 935/1/5 936/1/5 934/1/5
f 62/1/63 38/1/39 63/1/64
f 38/1/39 39/1/40 63/1/64
f 63/1/64 39/1/40 64/1/65
f 39/1/40 40/1/41 64/1/65
f 64/1/65 40/1/41 65/1/66
f 40/1/41 41/1/42 65/1/66
f 65/1/66 41/1/42 66/1/67
f 932/1/5 935/1/5 934/1/5
f 66/1/67 41/1/42 67/1/68
f 41/1/42 42/1/43 67/1/68
f 67/1/68 42/1/43 68/1/69
f 42/1/43 43/1/44 68/1/69
f 68/1/69 43/1/44 69/1/70
f 43/1/44 44/1/45 69/1/70
f 69/1/70 44/1/45 70/1/71
f 44/1/45 45/1/46 70/1/71
f 70/1/71 45/1/46 71/1/72
f 933/1/5 932/1/5 934/1/5
f 71/1/72 45/1/46 72/1/73
f 45/1/46 46/1/47 72/1/73
f 72/1/73 46/1/47 73/1/74
f 46/1/47 47/1/48 73/1/74
f 73/1/74 47/1/48 74/1/75
f 47/1/48 48/1/49 74/1/75
f 74/1/75 48/1/49 75/1/76
f 48/1/49 49/1/50 75/1/76
f 75/1/76 49/1/50 76/1/77
f 931/1/5 932/1/5 933/1/5
f 76/1/77 49/1/50 77/1/78
f 49/1/50 50/1/51 77/1/78
f 77/1/78 50/1/51 78/1/79
f 50/1/51 51/1/52 78/1/79
f 78/1/79 51/1/52 79/1/80
f 51/1/52 52/1/53 79/1/80
f 79/1/80 52/1/53 80/1/81
f 52/1/53 53/1/54 80/1/81
f 930/1/5 932/1/5 931/1/5
f 929/1/5 930/1/5 931/1/5
f 928/1/82 866/1/83 865/1/82
f 927/1/84 928/1/82 865/1/82
f 80/1/81 81/1/85 79/1/80
f 81/1/85 82/1/86 79/1/80
f 79/1/80 82/1/86 78/1/79
f 82/1/86 83/1/87 78/1/79
f 78/1/79 83/1/87 77/1/78
f 83/1/87 84/1/88 77/1/78
f 77/1/78 84/1/88 76/1/77
f 84/1/88 85/1/89 76/1/77
f 926/1/84 928/1/82 927/1/84
f 85/1/89 86/1/90 76/1/77
f 76/1/77 86/1/90 75/1/76
f 86/1/90 87/1/91 75/1/76
f 75/1/76 87/1/91 74/1/75
f 87/1/91 88/1/92 74/1/75
f 74/1/75 88/1/92 73/1/74
f 88/1/92 89/1/93 73/1/74
f 73/1/74 89/1/93 72/1/73
f 89/1/93 90/1/94 72/1/73
f 72/1/73 90/1/94 71/1/72
f 925/1/95 926/1/84 927/1/84
f 924/1/95 926/1/84 925/1/95
f 923/1/96 924/1/95 925/1/95
f 922/1/96 924/1/95 923/1/96
f 90/1/94 89/1/93 91/1/97
f 91/1/97 89/1/93 92/1/98
f 89/1/93 88/1/92 92/1/98
f 92/1/98 88/1/92 93/1/99
f 88/1/92 87/1/91 93/1/99
f 93/1/99 87/1/91 94/1/100
f 87/1/91 86/1/90 94/1/100
f 94/1/100 86/1/90 95/1/101
f 86/1/90 85/1/89 95/1/101
f 921/1/102 922/1/96 923/1/96
f 920/1/102 922/1/96 921/1/102
f 919/1/103 920/1/102 921/1/102
f 918/1/103 920/1/102 919/1/103
f 95/1/101 96/1/104 94/1/100
f 96/1/104 97/1/105 94/1/100
f 94/1/100 97/1/105 93/1/99
f 97/1/105 98/1/106 93/1/99
f 93/1/99 98/1/106 92/1/98
f 98/1/106 99/1/107 92/1/98
f 92/1/98 99/1/107 91/1/97
f 99/1/107 100/1/108 91/1/97
f 917/1/109 918/1/103 919/1/103
f 100/1/108 101/1/110 91/1/97
f 91/1/97 101/1/110 90/1/94
f 101/1/110 102/1/111 90/1/94
f 90/1/94 102/1/111 71/1/72
f 102/1/111 103/1/112 71/1/72
f 71/1/72 103/1/112 70/1/71
f 103/1/112 104/1/113 70/1/71
f 70/1/71 104/1/113 69/1/70
f 104/1/113 105/1/114 69/1/70
f 69/1/70 105/1/114 68/1/69
f 105/1/114 106/1/115 68/1/69
f 68/1/69 106/1/115 67/1/68
f 106/1/115 107/1/116 67/1/68
f 67/1/68 107/1/116 66/1/67
f 916/1/109 918/1/103 917/1/109
f 915/1/117 916/1/109 917/1/109
f 914/1/117 916/1/109 915/1/117
f 913/1/118 914/1/117 915/1/117
f 107/1/116 106/1/115 108/1/119
f 108/1/119 106/1/115 109/1/120
f 106/1/115 105/1/114 109/1/120
f 109/1/120 105/1/114 110/1/121
f 105/1/114 104/1/113 110/1/121
f 110/1/121 104/1/113 111/1/122
f 104/1/113 103/1/112 111/1/122
f 111/1/122 103/1/112 112/1/123
f 103/1/112 102/1/111 112/1/123
f 112/1/123 102/1/111 113/1/124
f 102/1/111 101/1/110 113/1/124
f 113/1/124 101/1/110 114/1/125
f 101/1/110 100/1/108 114/1/125
f 114/1/125 100/1/108 115/1/126
f 912/1/118 914/1/117 913/1/118
f 115/1/126 100/1/108 116/1/127
f 100/1/108 99/1/107 116/1/127
f 116/1/127 99/1/107 117/1/128
f 99/1/107 98/1/106 117/1/128
f 117/1/128 98/1/106 118/1/129
f 98/1/106 97/1/105 118/1/129
f 118/1/129 97/1/105 119/1/130
f 97/1/105 96/1/104 119/1/130
f 119/1/130 96/1/104 120/1/131
f 911/1/132 912/1/118 913/1/118
f 120/1/131 96/1/104 121/1/133
f 96/1/104 95/1/101 121/1/133
f 121/1/133 95/1/101 122/1/134
f 95/1/101 85/1/89 122/1/134
f 122/1/134 85/1/89 123/1/135
f 85/1/89 84/1/88 123/1/135
f 123/1/135 84/1/88 124/1/136
f 84/1/88 83/1/87 124/1/136
f 124/1/136 83/1/87 125/1/137
f 83/1/87 82/1/86 125/1/137
f 125/1/137 82/1/86 126/1/138
f 82/1/86 81/1/85 126/1/138
f 910/1/139 912/1/118 911/1/132
f 909/1/140 910/1/139 911/1/132
f 908/1/140 910/1/139 909/1/140
f 907/1/141 908/1/140 909/1/140
f 126/1/138 127/1/142 125/1/137
f 127/1/142 128/1/143 125/1/137
f 125/1/137 128/1/143 124/1/136
f 128/1/143 129/1/144 124/1/136
f 124/1/136 129/1/144 123/1/135
f 129/1/144 130/1/145 123/1/135
f 123/1/135 130/1/145 122/1/134
f 130/1/145 131/1/146 122/1/134
f 122/1/134 131/1/146 121/1/133
f 131/1/146 132/1/147 121/1/133
f 121/1/133 132/1/147 120/1/131
f 132/1/147 133/1/148 120/1/131
f 906/1/141 908/1/140 907/1/141
f 133/1/148 134/1/149 120/1/131
f 120/1/131 134/1/149 119/1/130
f 134/1/149 135/1/150 119/1/130
f 119/1/130 135/1/150 118/1/129
f 135/1/150 136/1/151 118/1/129
f 118/1/129 136/1/151 117/1/128
f 136/1/151 137/1/152 117/1/128
f 117/1/128 137/1/152 116/1/127
f 137/1/152 138/1/153 116/1/127
f 116/1/127 138/1/153 115/1/126
f 138/1/153 139/1/154 115/1/126
f 905/1/155 906/1/141 907/1/141
f 139/1/154 140/1/156 115/1/126
f 115/1/126 140/1/156 114/1/125
f 140/1/156 141/1/157 114/1/125
f 114/1/125 141/1/157 113/1/124
f 141/1/157 142/1/158 113/1/124
f 113/1/124 142/1/158 112/1/123
f 142/1/158 143/1/159 112/1/123
f 112/1/123 143/1/159 111/1/122
f 143/1/159 144/1/160 111/1/122
f 111/1/122 144/1/160 110/1/121
f 144/1/160 145/1/161 110/1/121
f 110/1/121 145/1/161 109/1/120
f 145/1/161 146/1/162 109/1/120
f 109/1/120 146/1/162 108/1/119
f 904/1/163 906/1/141 905/1/155
f 903/1/164 904/1/163 905/1/155
f 902/1/164 904/1/163 903/1/164
f 901/1/165 902/1/164 903/1/164
f 146/1/162 145/1/161 147/1/166
f 147/1/166 145/1/161 148/1/167
f 145/1/161 144/1/160 148/1/167
f 148/1/167 144/1/160 149/1/168
f 144/1/160 143/1/159 149/1/168
f 149/1/168 143/1/159 150/1/169
f 143/1/159 142/1/158 150/1/169
f 150/1/169 142/1/158 151/1/170
f 142/1/158 141/1/157 151/1/170
f 151/1/170 141/1/157 152/1/171
f 141/1/157 140/1/156 152/1/171
f 152/1/171 140/1/156 153/1/172
f 140/1/156 139/1/154 153/1/172
f 153/1/172 139/1/154 154/1/173
f 900/1/174 902/1/164 901/1/165
f 154/1/173 139/1/154 155/1/175
f 139/1/154 138/1/153 155/1/175
f 155/1/175 138/1/153 156/1/176
f 138/1/153 137/1/152 156/1/176
f 156/1/176 137/1/152 157/1/177
f 137/1/152 136/1/151 157/1/177
f 157/1/177 136/1/151 158/1/178
f 136/1/151 135/1/150 158/1/178
f 158/1/178 135/1/150 159/1/179
f 135/1/150 134/1/149 159/1/179
f 159/1/179 134/1/149 160/1/180
f 134/1/149 133/1/148 160/1/180
f 160/1/180 133/1/148 161/1/181
f 899/1/182 900/1/174 901/1/165
f 161/1/181 133/1/148 162/1/183
f 133/1/148 132/1/147 162/1/183
f 162/1/183 132/1/147 163/1/184
f 132/1/147 131/1/146 163/1/184
f 163/1/184 131/1/146 164/1/185
f 131/1/146 130/1/145 164/1/185
f 164/1/185 130/1/145 165/1/186
f 130/1/145 129/1/144 165/1/186
f 165/1/186 129/1/144 166/1/187
f 129/1/144 128/1/143 166/1/187
f 166/1/187 128/1/143 167/1/188
f 128/1/143 127/1/142 167/1/188
f 898/1/189 900/1/174 899/1/182
f 897/1/190 898/1/189 899/1/182
f 896/1/190 898/1/189 897/1/190
f 895/1/191 896/1/190 897/1/190
f 167/1/188 168/1/192 166/1/187
f 168/1/192 169/1/193 166/1/187
f 166/1/187 169/1/193 165/1/186
f 169/1/193 170/1/194 165/1/186
f 165/1/186 170/1/194 164/1/185
f 170/1/194 171/1/195 164/1/185
f 164/1/185 171/1/195 163/1/184
f 171/1/195 172/1/196 163/1/184
f 163/1/184 172/1/196 162/1/183
f 172/1/196 173/1/197 162/1/183
f 162/1/183 173/1/197 161/1/181
f 173/1/197 174/1/198 161/1/181
f 894/1/191 896/1/190 895/1/191
f 174/1/198 175/1/199 161/1/181
f 161/1/181 175/1/199 160/1/180
f 175/1/199 176/1/200 160/1/180
f 160/1/180 176/1/200 159/1/179
f 176/1/200 177/1/201 159/1/179
f 159/1/179 177/1/201 158/1/178
f 177/1/201 178/1/202 158/1/178
f 158/1/178 178/1/202 157/1/177
f 178/1/202 179/1/203 157/1/177
f 157/1/177 179/1/203 156/1/176
f 179/1/203 180/1/204 156/1/176
f 156/1/176 180/1/204 155/1/175
f 180/1/204 181/1/205 155/1/175
f 155/1/175 181/1/205 154/1/173
f 181/1/205 182/1/206 154/1/173
f 893/1/207 894/1/191 895/1/191
f 182/1/206 183/1/208 154/1/173
f 154/1/173 183/1/208 153/1/172
f 183/1/208 184/1/209 153/1/172
f 153/1/172 184/1/209 152/1/171
f 184/1/209 185/1/210 152/1/171
f 152/1/171 185/1/210 151/1/170
f 185/1/210 186/1/211 151/1/170
f 151/1/170 186/1/211 150/1/169
f 186/1/211 187/1/212 150/1/169
f 150/1/169 187/1/212 149/1/168
f 187/1/212 188/1/213 149/1/168
f 149/1/168 188/1/213 148/1/167
f 188/1/213 189/1/214 148/1/167
f 148/1/167 189/1/214 147/1/166
f 892/1/207 894/1/191 893/1/207
f 891/1/215 892/1/207 893/1/207
f 890/1/216 892/1/207 891/1/215
f 889/1/217 890/1/216 891/1/215
f 189/1/214 188/1/213 190/1/218
f 190/1/218 188/1/213 191/1/219
f 188/1/213 187/1/212 191/1/219
f 191/1/219 187/1/212 192/1/220
f 187/1/212 186/1/211 192/1/220
f 192/1/220 186/1/211 193/1/221
f 186/1/211 185/1/210 193/1/221
f 193/1/221 185/1/210 194/1/222
f 185/1/210 184/1/209 194/1/222
f 194/1/222 184/1/209 195/1/223
f 184/1/209 183/1/208 195/1/223
f 195/1/223 183/1/208 196/1/224
f 183/1/208 182/1/206 196/1/224
f 196/1/224 182/1/206 197/1/225
f 888/1/217 890/1/216 889/1/217
f 197/1/225 182/1/206 198/1/226
f 182/1/206 181/1/205 198/1/226
f 198/1/226 181/1/205 199/1/227
f 181/1/205 180/1/204 199/1/227
f 199/1/227 180/1/204 200/1/228
f 180/1/204 179/1/203 200/1/228
f 200/1/228 179/1/203 201/1/229
f 179/1/203 178/1/202 201/1/229
f 201/1/229 178/1/202 202/1/230
f 178/1/202 177/1/201 202/1/230
f 202/1/230 177/1/201 203/1/231
f 177/1/201 176/1/200 203/1/231
f 203/1/231 176/1/200 204/1/232
f 176/1/200 175/1/199 204/1/232
f 204/1/232 175/1/199 205/1/233
f 175/1/199 174/1/198 205/1/233
f 205/1/233 174/1/198 206/1/234
f 887/1/235 888/1/217 889/1/217
f 206/1/234 174/1/198 207/1/236
f 174/1/198 173/1/197 207/1/236
f 207/1/236 173/1/197 208/1/237
f 173/1/197 172/1/196 208/1/237
f 208/1/237 172/1/196 209/1/238
f 172/1/196 171/1/195 209/1/238
f 209/1/238 171/1/195 210/1/239
f 171/1/195 170/1/194 210/1/239
f 210/1/239 170/1/194 211/1/240
f 170/1/194 169/1/193 211/1/240
f 211/1/240 169/1/193 212/1/241
f 169/1/193 168/1/192 212/1/241
f 886/1/235 888/1/217 887/1/235
f 885/1/242 886/1/235 887/1/235
f 884/1/242 886/1/235 885/1/242
f 883/1/243 884/1/242 885/1/242
f 212/1/241 213/1/244 211/1/240
f 213/1/244 214/1/245 211/1/240
f 211/1/240 214/1/245 210/1/239
f 214/1/245 215/1/246 210/1/239
f 210/1/239 215/1/246 209/1/238
f 215/1/246 216/1/247 209/1/238
f 209/1/238 216/1/247 208/1/237
f 216/1/247 217/1/248 208/1/237
f 208/1/237 217/1/248 207/1/236
f 217/1/248 218/1/249 207/1/236
f 207/1/236 218/1/249 206/1/234
f 882/1/243 884/1/242 883/1/243
f 881/1/250 882/1/243 883/1/243
f 880/1/250 882/1/243 881/1/250
f 879/1/251 880/1/250 881/1/250
f 218/1/249 217/1/248 219/1/252
f 219/1/252 217/1/248 220/1/253
f 217/1/248 216/1/247 220/1/253
f 220/1/253 216/1/247 221/1/254
f 216/1/247 215/1/246 221/1/254
f 221/1/254 215/1/246 222/1/255
f 215/1/246 214/1/245 222/1/255
f 222/1/255 214/1/245 223/1/256
f 214/1/245 213/1/244 223/1/256
f 878/1/251 880/1/250 879/1/251
f 877/1/257 878/1/251 879/1/251
f 876/1/257 878/1/251 877/1/257
f 875/1/258 876/1/257 877/1/257
f 223/1/256 224/1/259 222/1/255
f 224/1/259 225/1/260 222/1/255
f 222/1/255 225/1/260 221/1/254
f 225/1/260 226/1/261 221/1/254
f 221/1/254 226/1/261 220/1/253
f 226/1/261 227/1/262 220/1/253
f 220/1/253 227/1/262 219/1/252
f 874/1/258 876/1/257 875/1/258
f 873/1/263 874/1/258 875/1/258
f 872/1/263 874/1/258 873/1/263
f 871/1/264 872/1/263 873/1/263
f 227/1/262 226/1/261 228/1/265
f 228/1/265 226/1/261 229/1/266
f 226/1/261 225/1/260 229/1/266
f 229/1/266 225/1/260 230/1/267
f 225/1/260 224/1/259 230/1/267
f 230/1/267 224/1/259 231/1/268
f 224/1/259 232/1/269 231/1/268
f 231/1/268 232/1/269 233/1/270
f 870/1/264 872/1/263 871/1/264
f 869/1/271 870/1/264 871/1/264
f 868/1/271 870/1/264 869/1/271
f 867/1/272 868/1/271 869/1/271
f 224/1/259 223/1/256 232/1/269
f 232/1/269 223/1/256 234/1/273
f 223/1/256 213/1/244 234/1/273
f 234/1/273 213/1/244 235/1/274
f 213/1/244 212/1/241 235/1/274
f 235/1/274 212/1/241 236/1/275
f 212/1/241 168/1/192 236/1/275
f 236/1/275 168/1/192 237/1/276
f 168/1/192 167/1/188 237/1/276
f 237/1/276 167/1/188 238/1/277
f 167/1/188 127/1/142 238/1/277
f 238/1/277 127/1/142 239/1/278
f 127/1/142 126/1/138 239/1/278
f 239/1/278 126/1/138 240/1/279
f 126/1/138 81/1/85 240/1/279
f 240/1/279 81/1/85 241/1/280
f 81/1/85 80/1/81 241/1/280
f 241/1/280 80/1/81 242/1/281
f 80/1/81 53/1/54 242/1/281
f 242/1/281 53/1/54 243/1/282
f 53/1/54 54/1/55 243/1/282
f 243/1/282 54/1/55 244/1/283
f 54/1/55 55/1/56 244/1/283
f 244/1/283 55/1/56 245/1/284
f 55/1/56 56/1/57 245/1/284
f 245/1/284 56/1/57 246/1/285
f 56/1/57 57/1/58 246/1/285
f 246/1/285 57/1/58 247/1/286
f 866/1/83 868/1/271 867/1/272
f 247/1/286 57/1/58 248/1/287
f 57/1/58 58/1/59 248/1/287
f 248/1/287 58/1/59 249/1/288
f 58/1/59 59/1/60 249/1/288
f 249/1/288 59/1/60 250/1/289
f 59/1/60 60/1/61 250/1/289
f 250/1/289 60/1/61 251/1/290
f 60/1/61 61/1/62 251/1/290
f 251/1/290 61/1/62 252/1/291
f 61/1/62 62/1/63 252/1/291
f 252/1/291 62/1/63 253/1/292
f 865/1/82 866/1/83 867/1/272
f 253/1/292 62/1/63 254/1/293
f 62/1/63 63/1/64 254/1/293
f 254/1/293 63/1/64 255/1/294
f 63/1/64 64/1/65 255/1/294
f 255/1/294 64/1/65 256/1/295
f 64/1/65 65/1/66 256/1/295
f 256/1/295 65/1/66 257/1/296
f 65/1/66 66/1/67 257/1/296
f 257/1/296 66/1/67 258/1/297
f 66/1/67 107/1/116 258/1/297
f 258/1/297 107/1/116 259/1/298
f 107/1/116 108/1/119 259/1/298
f 259/1/298 108/1/119 260/1/299
f 108/1/119 146/1/162 260/1/299
f 260/1/299 146/1/162 261/1/300
f 146/1/162 147/1/166 261/1/300
f 261/1/300 147/1/166 262/1/301
f 147/1/166 189/1/214 262/1/301
f 262/1/301 189/1/214 263/1/302
f 189/1/214 190/1/218 263/1/302
f 263/1/302 190/1/218 264/1/303
f 861/1/304 862/1/304 863/1/304
f 264/1/303 190/1/218 265/1/305
f 190/1/218 191/1/219 265/1/305
f 265/1/305 191/1/219 266/1/306
f 191/1/219 192/1/220 266/1/306
f 266/1/306 192/1/220 267/1/307
f 192/1/220 193/1/221 267/1/307
f 267/1/307 193/1/221 268/1/308
f 193/1/221 194/1/222 268/1/308
f 268/1/308 194/1/222 269/1/309
f 194/1/222 195/1/223 269/1/309
f 269/1/309 195/1/223 270/1/310
f 195/1/223 196/1/224 270/1/310
f 270/1/310 196/1/224 271/1/311
f 196/1/224 197/1/225 271/1/311
f 271/1/311 197/1/225 272/1/312
f 864/1/304 861/1/304 863/1/304
f 272/1/312 197/1/225 273/1/313
f 197/1/225 198/1/226 273/1/313
f 273/1/313 198/1/226 274/1/314
f 198/1/226 199/1/227 274/1/314
f 274/1/314 199/1/227 275/1/315
f 199/1/227 200/1/228 275/1/315
f 275/1/315 200/1/228 276/1/316
f 200/1/228 201/1/229 276/1/316
f 276/1/316 201/1/229 277/1/317
f 201/1/229 202/1/230 277/1/317
f 277/1/317 202/1/230 278/1/318
f 202/1/230 203/1/231 278/1/318
f 278/1/318 203/1/231 279/1/319
f 203/1/231 204/1/232 279/1/319
f 279/1/319 204/1/232 280/1/320
f 204/1/232 205/1/233 280/1/320
f 280/1/320 205/1/233 281/1/321
f 205/1/233 206/1/234 281/1/321
f 281/1/321 206/1/234 282/1/322
f 206/1/234 218/1/249 282/1/322
f 282/1/322 218/1/249 283/1/323
f 218/1/249 219/1/252 283/1/323
f 283/1/323 219/1/252 284/1/324
f 219/1/252 227/1/262 284/1/324
f 284/1/324 227/1/262 285/1/325
f 227/1/262 228/1/265 285/1/325
f 860/1/304 861/1/304 864/1/304
f 859/1/304 860/1/304 864/1/304
f 818/1/326 859/1/304 864/1/304
f 820/1/327 818/1/326 864/1/304
f 285/1/325 286/1/328 284/1/324
f 286/1/328 287/1/329 284/1/324
f 284/1/324 287/1/329 283/1/323
f 287/1/329 288/1/330 283/1/323
f 283/1/323 288/1/330 282/1/322
f 863/1/304 820/1/327 864/1/304
f 822/1/331 820/1/327 863/1/304
f 862/1/304 822/1/331 863/1/304
f 824/1/332 822/1/331 862/1/304
f 286/1/328 289/1/333 287/1/329
f 287/1/329 289/1/333 290/1/334
f 289/1/333 291/1/335 290/1/334
f 290/1/334 291/1/335 292/1/336
f 291/1/335 293/1/337 292/1/336
f 861/1/304 824/1/332 862/1/304
f 826/1/338 824/1/332 861/1/304
f 860/1/304 826/1/338 861/1/304
f 828/1/339 826/1/338 860/1/304
f 287/1/329 290/1/334 288/1/330
f 290/1/334 294/1/340 288/1/330
f 288/1/330 294/1/340 295/1/341
f 294/1/340 296/1/342 295/1/341
f 858/1/304 828/1/339 860/1/304
f 296/1/342 297/1/343 295/1/341
f 295/1/341 297/1/343 281/1/321
f 297/1/343 280/1/320 281/1/321
f 859/1/304 858/1/304 860/1/304
f 857/1/304 858/1/304 859/1/304
f 816/1/344 859/1/304 818/1/326
f 857/1/304 859/1/304 816/1/344
f 290/1/334 292/1/336 294/1/340
f 292/1/336 298/1/345 294/1/340
f 294/1/340 298/1/345 296/1/342
f 814/1/346 857/1/304 816/1/344
f 855/1/304 857/1/304 814/1/346
f 856/1/304 832/1/347 830/1/348
f 833/1/304 832/1/347 856/1/304
f 288/1/330 295/1/341 282/1/322
f 282/1/322 295/1/341 281/1/321
f 858/1/304 830/1/348 828/1/339
f 856/1/304 830/1/348 858/1/304
f 857/1/304 856/1/304 858/1/304
f 855/1/304 856/1/304 857/1/304
f 298/1/345 292/1/336 299/1/349
f 833/1/304 856/1/304 855/1/304
f 292/1/336 293/1/337 299/1/349
f 854/1/304 833/1/304 855/1/304
f 293/1/337 300/1/350 299/1/349
f 299/1/349 300/1/350 301/1/351
f 300/1/350 302/1/352 301/1/351
f 834/1/304 833/1/304 854/1/304
f 808/1/353 853/1/304 810/1/354
f 852/1/304 853/1/304 808/1/353
f 806/1/355 852/1/304 808/1/353
f 301/1/351 303/1/356 299/1/349
f 851/1/304 852/1/304 806/1/355
f 299/1/349 303/1/356 298/1/345
f 303/1/356 304/1/357 298/1/345
f 298/1/345 304/1/357 296/1/342
f 304/1/357 305/1/358 296/1/342
f 296/1/342 305/1/358 297/1/343
f 305/1/358 306/1/359 297/1/343
f 297/1/343 306/1/359 280/1/320
f 804/1/360 851/1/304 806/1/355
f 280/1/320 306/1/359 279/1/319
f 306/1/359 307/1/361 279/1/319
f 279/1/319 307/1/361 278/1/318
f 812/1/362 855/1/304 814/1/346
f 854/1/304 855/1/304 812/1/362
f 810/1/354 854/1/304 812/1/362
f 853/1/304 854/1/304 810/1/354
f 307/1/361 306/1/359 308/1/363
f 834/1/304 854/1/304 853/1/304
f 306/1/359 305/1/358 308/1/363
f 308/1/363 305/1/358 309/1/364
f 305/1/358 304/1/357 309/1/364
f 309/1/364 304/1/357 310/1/365
f 304/1/357 303/1/356 310/1/365
f 310/1/365 303/1/356 311/1/366
f 303/1/356 301/1/351 311/1/366
f 311/1/366 301/1/351 312/1/367
f 301/1/351 302/1/352 312/1/367
f 835/1/304 834/1/304 853/1/304
f 302/1/352 313/1/368 312/1/367
f 312/1/367 313/1/368 314/1/369
f 313/1/368 315/1/370 314/1/369
f 852/1/304 835/1/304 853/1/304
f 836/1/304 835/1/304 852/1/304
f 851/1/304 836/1/304 852/1/304
f 837/1/304 836/1/304 851/1/304
f 314/1/369 316/1/371 312/1/367
f 848/1/304 798/1/372 847/1/304
f 312/1/367 316/1/371 311/1/366
f 316/1/371 317/1/373 311/1/366
f 311/1/366 317/1/373 310/1/365
f 317/1/373 318/1/374 310/1/365
f 310/1/365 318/1/374 309/1/364
f 318/1/374 319/1/375 309/1/364
f 309/1/364 319/1/375 308/1/363
f 319/1/375 320/1/376 308/1/363
f 308/1/363 320/1/376 307/1/361
f 320/1/376 321/1/377 307/1/361
f 307/1/361 321/1/377 278/1/318
f 800/1/378 798/1/372 848/1/304
f 278/1/318 321/1/377 277/1/317
f 321/1/377 322/1/379 277/1/317
f 277/1/317 322/1/379 276/1/316
f 849/1/304 800/1/378 848/1/304
f 802/1/380 800/1/378 849/1/304
f 850/1/304 802/1/380 849/1/304
f 804/1/360 802/1/380 850/1/304
f 322/1/379 321/1/377 323/1/381
f 851/1/304 804/1/360 850/1/304
f 321/1/377 320/1/376 323/1/381
f 323/1/381 320/1/376 324/1/382
f 320/1/376 319/1/375 324/1/382
f 324/1/382 319/1/375 325/1/383
f 319/1/375 318/1/374 325/1/383
f 325/1/383 318/1/374 326/1/384
f 318/1/374 317/1/373 326/1/384
f 326/1/384 317/1/373 327/1/385
f 317/1/373 316/1/371 327/1/385
f 327/1/385 316/1/371 328/1/386
f 316/1/371 314/1/369 328/1/386
f 328/1/386 314/1/369 329/1/387
f 314/1/369 315/1/370 329/1/387
f 837/1/304 851/1/304 850/1/304
f 315/1/370 330/1/388 329/1/387
f 329/1/387 330/1/388 331/1/389
f 330/1/388 332/1/390 331/1/389
f 838/1/304 837/1/304 850/1/304
f 849/1/304 838/1/304 850/1/304
f 839/1/304 838/1/304 849/1/304
f 848/1/304 839/1/304 849/1/304
f 331/1/389 333/1/391 329/1/387
f 840/1/304 839/1/304 848/1/304
f 329/1/387 333/1/391 328/1/386
f 333/1/391 334/1/392 328/1/386
f 328/1/386 334/1/392 327/1/385
f 334/1/392 335/1/393 327/1/385
f 327/1/385 335/1/393 326/1/384
f 335/1/393 336/1/394 326/1/384
f 326/1/384 336/1/394 325/1/383
f 336/1/394 337/1/395 325/1/383
f 325/1/383 337/1/395 324/1/382
f 337/1/395 338/1/396 324/1/382
f 324/1/382 338/1/396 323/1/381
f 338/1/396 339/1/397 323/1/381
f 323/1/381 339/1/397 322/1/379
f 339/1/397 340/1/398 322/1/379
f 322/1/379 340/1/398 276/1/316
f 847/1/304 840/1/304 848/1/304
f 276/1/316 340/1/398 275/1/315
f 340/1/398 341/1/399 275/1/315
f 275/1/315 341/1/399 274/1/314
f 841/1/304 840/1/304 847/1/304
f 846/1/304 841/1/304 847/1/304
f 842/1/304 841/1/304 846/1/304
f 845/1/304 842/1/304 846/1/304
f 341/1/399 340/1/398 342/1/400
f 843/1/304 842/1/304 845/1/304
f 340/1/398 339/1/397 342/1/400
f 342/1/400 339/1/397 343/1/401
f 339/1/397 338/1/396 343/1/401
f 343/1/401 338/1/396 344/1/402
f 338/1/396 337/1/395 344/1/402
f 344/1/402 337/1/395 345/1/403
f 337/1/395 336/1/394 345/1/403
f 345/1/403 336/1/394 346/1/404
f 336/1/394 335/1/393 346/1/404
f 346/1/404 335/1/393 347/1/405
f 335/1/393 334/1/392 347/1/405
f 347/1/405 334/1/392 348/1/406
f 334/1/392 333/1/391 348/1/406
f 348/1/406 333/1/391 349/1/407
f 333/1/391 331/1/389 349/1/407
f 349/1/407 331/1/389 350/1/408
f 331/1/389 332/1/390 350/1/408
f 844/1/304 843/1/304 845/1/304
f 332/1/390 351/1/409 350/1/408
f 350/1/408 351/1/409 352/1/410
f 351/1/409 353/1/411 352/1/410
f 796/1/412 847/1/304 798/1/372
f 846/1/304 847/1/304 796/1/412
f 794/1/413 846/1/304 796/1/412
f 845/1/304 846/1/304 794/1/413
f 352/1/410 354/1/414 350/1/408
f 792/1/415 845/1/304 794/1/413
f 350/1/408 354/1/414 349/1/407
f 354/1/414 355/1/416 349/1/407
f 349/1/407 355/1/416 348/1/406
f 355/1/416 356/1/417 348/1/406
f 348/1/406 356/1/417 347/1/405
f 356/1/417 357/1/418 347/1/405
f 347/1/405 357/1/418 346/1/404
f 357/1/418 358/1/419 346/1/404
f 346/1/404 358/1/419 345/1/403
f 358/1/419 359/1/420 345/1/403
f 345/1/403 359/1/420 344/1/402
f 359/1/420 360/1/421 344/1/402
f 344/1/402 360/1/421 343/1/401
f 360/1/421 361/1/422 343/1/401
f 343/1/401 361/1/422 342/1/400
f 361/1/422 362/1/423 342/1/400
f 342/1/400 362/1/423 341/1/399
f 362/1/423 363/1/424 341/1/399
f 341/1/399 363/1/424 274/1/314
f 844/1/304 845/1/304 792/1/415
f 274/1/314 363/1/424 273/1/313
f 363/1/424 364/1/425 273/1/313
f 273/1/313 364/1/425 272/1/312
f 790/1/426 844/1/304 792/1/415
f 843/1/304 844/1/304 790/1/426
f 788/1/427 843/1/304 790/1/426
f 842/1/304 843/1/304 788/1/427
f 364/1/425 363/1/424 365/1/428
f 786/1/429 842/1/304 788/1/427
f 363/1/424 362/1/423 365/1/428
f 365/1/428 362/1/423 366/1/430
f 362/1/423 361/1/422 366/1/430
f 366/1/430 361/1/422 367/1/431
f 361/1/422 360/1/421 367/1/431
f 367/1/431 360/1/421 368/1/432
f 360/1/421 359/1/420 368/1/432
f 368/1/432 359/1/420 369/1/433
f 359/1/420 358/1/419 369/1/433
f 369/1/433 358/1/419 370/1/434
f 358/1/419 357/1/418 370/1/434
f 370/1/434 357/1/418 371/1/435
f 357/1/418 356/1/417 371/1/435
f 371/1/435 356/1/417 372/1/436
f 356/1/417 355/1/416 372/1/436
f 372/1/436 355/1/416 373/1/437
f 355/1/416 354/1/414 373/1/437
f 373/1/437 354/1/414 374/1/438
f 354/1/414 352/1/410 374/1/438
f 374/1/438 352/1/410 375/1/439
f 352/1/410 353/1/411 375/1/439
f 841/1/304 842/1/304 786/1/429
f 353/1/411 376/1/440 375/1/439
f 375/1/439 376/1/440 377/1/441
f 376/1/440 378/1/442 377/1/441
f 784/1/443 841/1/304 786/1/429
f 840/1/304 841/1/304 784/1/443
f 782/1/444 840/1/304 784/1/443
f 839/1/304 840/1/304 782/1/444
f 377/1/441 379/1/445 375/1/439
f 780/1/446 839/1/304 782/1/444
f 375/1/439 379/1/445 374/1/438
f 379/1/445 380/1/447 374/1/438
f 374/1/438 380/1/447 373/1/437
f 380/1/447 381/1/448 373/1/437
f 373/1/437 381/1/448 372/1/436
f 381/1/448 382/1/449 372/1/436
f 372/1/436 382/1/449 371/1/435
f 382/1/449 383/1/450 371/1/435
f 371/1/435 383/1/450 370/1/434
f 383/1/450 384/1/451 370/1/434
f 370/1/434 384/1/451 369/1/433
f 384/1/451 385/1/452 369/1/433
f 369/1/433 385/1/452 368/1/432
f 385/1/452 386/1/453 368/1/432
f 368/1/432 386/1/453 367/1/431
f 386/1/453 387/1/454 367/1/431
f 367/1/431 387/1/454 366/1/430
f 387/1/454 388/1/455 366/1/430
f 366/1/430 388/1/455 365/1/428
f 388/1/455 389/1/456 365/1/428
f 365/1/428 389/1/456 364/1/425
f 389/1/456 390/1/457 364/1/425
f 364/1/425 390/1/457 272/1/312
f 390/1/457 391/1/458 272/1/312
f 272/1/312 391/1/458 271/1/311
f 391/1/458 392/1/459 271/1/311
f 271/1/311 392/1/459 270/1/310
f 392/1/459 393/1/460 270/1/310
f 270/1/310 393/1/460 269/1/309
f 393/1/460 394/1/461 269/1/309
f 269/1/309 394/1/461 268/1/308
f 394/1/461 395/1/462 268/1/308
f 268/1/308 395/1/462 267/1/307
f 395/1/462 396/1/463 267/1/307
f 267/1/307 396/1/463 266/1/306
f 396/1/463 397/1/464 266/1/306
f 266/1/306 397/1/464 265/1/305
f 397/1/464 398/1/465 265/1/305
f 265/1/305 398/1/465 264/1/303
f 838/1/304 839/1/304 780/1/446
f 778/1/466 838/1/304 780/1/446
f 837/1/304 838/1/304 778/1/466
f 776/1/467 837/1/304 778/1/466
f 398/1/465 397/1/464 399/1/468
f 399/1/468 397/1/464 400/1/469
f 397/1/464 396/1/463 400/1/469
f 400/1/469 396/1/463 401/1/470
f 396/1/463 395/1/462 401/1/470
f 401/1/470 395/1/462 402/1/471
f 395/1/462 394/1/461 402/1/471
f 402/1/471 394/1/461 403/1/472
f 394/1/461 393/1/460 403/1/472
f 403/1/472 393/1/460 404/1/473
f 393/1/460 392/1/459 404/1/473
f 404/1/473 392/1/459 405/1/474
f 392/1/459 391/1/458 405/1/474
f 405/1/474 391/1/458 406/1/475
f 391/1/458 390/1/457 406/1/475
f 406/1/475 390/1/457 407/1/476
f 390/1/457 389/1/456 407/1/476
f 407/1/476 389/1/456 408/1/477
f 389/1/456 388/1/455 408/1/477
f 408/1/477 388/1/455 409/1/478
f 388/1/455 387/1/454 409/1/478
f 409/1/478 387/1/454 410/1/479
f 387/1/454 386/1/453 410/1/479
f 410/1/479 386/1/453 411/1/480
f 386/1/453 385/1/452 411/1/480
f 411/1/480 385/1/452 412/1/481
f 385/1/452 384/1/451 412/1/481
f 412/1/481 384/1/451 413/1/482
f 384/1/451 383/1/450 413/1/482
f 413/1/482 383/1/450 414/1/483
f 383/1/450 382/1/449 414/1/483
f 414/1/483 382/1/449 415/1/484
f 382/1/449 381/1/448 415/1/484
f 415/1/484 381/1/448 416/1/485
f 381/1/448 380/1/447 416/1/485
f 416/1/485 380/1/447 417/1/486
f 380/1/447 379/1/445 417/1/486
f 417/1/486 379/1/445 418/1/487
f 379/1/445 377/1/441 418/1/487
f 418/1/487 377/1/441 419/1/488
f 377/1/441 378/1/442 419/1/488
f 836/1/304 837/1/304 776/1/467
f 378/1/442 420/1/489 419/1/488
f 419/1/488 420/1/489 421/1/490
f 420/1/489 422/1/491 421/1/490
f 774/1/492 836/1/304 776/1/467
f 835/1/304 836/1/304 774/1/492
f 772/1/493 835/1/304 774/1/492
f 834/1/304 835/1/304 772/1/493
f 421/1/490 423/1/494 419/1/488
f 770/1/495 834/1/304 772/1/493
f 419/1/488 423/1/494 418/1/487
f 423/1/494 424/1/496 418/1/487
f 418/1/487 424/1/496 417/1/486
f 424/1/496 425/1/497 417/1/486
f 417/1/486 425/1/497 416/1/485
f 425/1/497 426/1/498 416/1/485
f 416/1/485 426/1/498 415/1/484
f 426/1/498 427/1/499 415/1/484
f 415/1/484 427/1/499 414/1/483
f 427/1/499 428/1/500 414/1/483
f 414/1/483 428/1/500 413/1/482
f 428/1/500 429/1/501 413/1/482
f 413/1/482 429/1/501 412/1/481
f 429/1/501 430/1/502 412/1/481
f 412/1/481 430/1/502 411/1/480
f 430/1/502 431/1/503 411/1/480
f 411/1/480 431/1/503 410/1/479
f 431/1/503 432/1/504 410/1/479
f 410/1/479 432/1/504 409/1/478
f 432/1/504 433/1/505 409/1/478
f 409/1/478 433/1/505 408/1/477
f 433/1/505 434/1/506 408/1/477
f 408/1/477 434/1/506 407/1/476
f 434/1/506 435/1/507 407/1/476
f 407/1/476 435/1/507 406/1/475
f 435/1/507 436/1/508 406/1/475
f 406/1/475 436/1/508 405/1/474
f 436/1/508 437/1/509 405/1/474
f 405/1/474 437/1/509 404/1/473
f 437/1/509 438/1/510 404/1/473
f 404/1/473 438/1/510 403/1/472
f 438/1/510 439/1/511 403/1/472
f 403/1/472 439/1/511 402/1/471
f 439/1/511 440/1/512 402/1/471
f 402/1/471 440/1/512 401/1/470
f 440/1/512 441/1/513 401/1/470
f 401/1/470 441/1/513 400/1/469
f 441/1/513 442/1/514 400/1/469
f 400/1/469 442/1/514 399/1/468
f 833/1/304 834/1/304 770/1/495
f 832/1/347 833/1/304 770/1/495
f 769/1/515 832/1/347 770/1/495
f 831/1/516 832/1/347 769/1/515
f 442/1/514 441/1/513 443/1/517
f 443/1/517 441/1/513 444/1/518
f 441/1/513 440/1/512 444/1/518
f 444/1/518 440/1/512 445/1/519
f 440/1/512 439/1/511 445/1/519
f 445/1/519 439/1/511 446/1/520
f 439/1/511 438/1/510 446/1/520
f 446/1/520 438/1/510 447/1/521
f 438/1/510 437/1/509 447/1/521
f 447/1/521 437/1/509 448/1/522
f 437/1/509 436/1/508 448/1/522
f 448/1/522 436/1/508 449/1/523
f 436/1/508 435/1/507 449/1/523
f 449/1/523 435/1/507 450/1/524
f 435/1/507 434/1/506 450/1/524
f 450/1/524 434/1/506 451/1/525
f 434/1/506 433/1/505 451/1/525
f 451/1/525 433/1/505 452/1/526
f 433/1/505 432/1/504 452/1/526
f 452/1/526 432/1/504 453/1/527
f 432/1/504 431/1/503 453/1/527
f 453/1/527 431/1/503 454/1/528
f 431/1/503 430/1/502 454/1/528
f 454/1/528 430/1/502 455/1/529
f 430/1/502 429/1/501 455/1/529
f 455/1/529 429/1/501 456/1/530
f 429/1/501 428/1/500 456/1/530
f 456/1/530 428/1/500 457/1/531
f 428/1/500 427/1/499 457/1/531
f 457/1/531 427/1/499 458/1/532
f 427/1/499 426/1/498 458/1/532
f 458/1/532 426/1/498 459/1/533
f 426/1/498 425/1/497 459/1/533
f 459/1/533 425/1/497 460/1/534
f 425/1/497 424/1/496 460/1/534
f 460/1/534 424/1/496 461/1/535
f 424/1/496 423/1/494 461/1/535
f 461/1/535 423/1/494 462/1/536
f 423/1/494 421/1/490 462/1/536
f 462/1/536 421/1/490 463/1/537
f 421/1/490 422/1/491 463/1/537
f 830/1/348 832/1/347 831/1/516
f 422/1/491 464/1/538 463/1/537
f 463/1/537 464/1/538 465/1/539
f 464/1/538 466/1/540 465/1/539
f 829/1/541 830/1/348 831/1/516
f 828/1/339 830/1/348 829/1/541
f 827/1/542 828/1/339 829/1/541
f 826/1/338 828/1/339 827/1/542
f 465/1/539 467/1/543 463/1/537
f 825/1/544 826/1/338 827/1/542
f 463/1/537 467/1/543 462/1/536
f 467/1/543 468/1/545 462/1/536
f 462/1/536 468/1/545 461/1/535
f 468/1/545 469/1/546 461/1/535
f 461/1/535 469/1/546 460/1/534
f 469/1/546 470/1/547 460/1/534
f 460/1/534 470/1/547 459/1/533
f 470/1/547 471/1/548 459/1/533
f 459/1/533 471/1/548 458/1/532
f 471/1/548 472/1/549 458/1/532
f 458/1/532 472/1/549 457/1/531
f 472/1/549 473/1/550 457/1/531
f 457/1/531 473/1/550 456/1/530
f 473/1/550 474/1/551 456/1/530
f 456/1/530 474/1/551 455/1/529
f 474/1/551 475/1/552 455/1/529
f 455/1/529 475/1/552 454/1/528
f 475/1/552 476/1/553 454/1/528
f 454/1/528 476/1/553 453/1/527
f 476/1/553 477/1/554 453/1/527
f 453/1/527 477/1/554 452/1/526
f 477/1/554 478/1/555 452/1/526
f 452/1/526 478/1/555 451/1/525
f 478/1/555 479/1/556 451/1/525
f 451/1/525 479/1/556 450/1/524
f 479/1/556 480/1/557 450/1/524
f 450/1/524 480/1/557 449/1/523
f 480/1/557 481/1/558 449/1/523
f 449/1/523 481/1/558 448/1/522
f 481/1/558 482/1/559 448/1/522
f 448/1/522 482/1/559 447/1/521
f 482/1/559 483/1/560 447/1/521
f 447/1/521 483/1/560 446/1/520
f 483/1/560 484/1/561 446/1/520
f 446/1/520 484/1/561 445/1/519
f 484/1/561 485/1/562 445/1/519
f 445/1/519 485/1/562 444/1/518
f 485/1/562 486/1/563 444/1/518
f 444/1/518 486/1/563 443/1/517
f 824/1/332 826/1/338 825/1/544
f 823/1/564 824/1/332 825/1/544
f 822/1/331 824/1/332 823/1/564
f 821/1/565 822/1/331 823/1/564
f 486/1/563 485/1/562 487/1/566
f 487/1/566 485/1/562 488/1/567
f 485/1/562 484/1/561 488/1/567
f 488/1/567 484/1/561 489/1/568
f 484/1/561 483/1/560 489/1/568
f 489/1/568 483/1/560 490/1/569
f 483/1/560 482/1/559 490/1/569
f 490/1/569 482/1/559 491/1/570
f 482/1/559 481/1/558 491/1/570
f 491/1/570 481/1/558 492/1/571
f 481/1/558 480/1/557 492/1/571
f 492/1/571 480/1/557 493/1/572
f 480/1/557 479/1/556 493/1/572
f 493/1/572 479/1/556 494/1/573
f 479/1/556 478/1/555 494/1/573
f 494/1/573 478/1/555 495/1/574
f 478/1/555 477/1/554 495/1/574
f 495/1/574 477/1/554 496/1/575
f 477/1/554 476/1/553 496/1/575
f 496/1/575 476/1/553 497/1/576
f 476/1/553 475/1/552 497/1/576
f 497/1/576 475/1/552 498/1/577
f 475/1/552 474/1/551 498/1/577
f 498/1/577 474/1/551 499/1/578
f 474/1/551 473/1/550 499/1/578
f 499/1/578 473/1/550 500/1/579
f 473/1/550 472/1/549 500/1/579
f 500/1/579 472/1/549 501/1/580
f 472/1/549 471/1/548 501/1/580
f 501/1/580 471/1/548 502/1/581
f 471/1/548 470/1/547 502/1/581
f 502/1/581 470/1/547 503/1/582
f 470/1/547 469/1/546 503/1/582
f 503/1/582 469/1/546 504/1/583
f 469/1/546 468/1/545 504/1/583
f 504/1/583 468/1/545 505/1/584
f 468/1/545 467/1/543 505/1/584
f 505/1/584 467/1/543 506/1/585
f 467/1/543 465/1/539 506/1/585
f 506/1/585 465/1/539 507/1/586
f 465/1/539 466/1/540 507/1/586
f 820/1/327 822/1/331 821/1/565
f 466/1/540 508/1/587 507/1/586
f 507/1/586 508/1/587 509/1/588
f 508/1/587 510/1/589 509/1/588
f 819/1/590 820/1/327 821/1/565
f 818/1/326 820/1/327 819/1/590
f 817/1/591 818/1/326 819/1/590
f 816/1/344 818/1/326 817/1/591
f 509/1/588 511/1/592 507/1/586
f 815/1/593 816/1/344 817/1/591
f 507/1/586 511/1/592 506/1/585
f 511/1/592 512/1/594 506/1/585
f 506/1/585 512/1/594 505/1/584
f 512/1/594 513/1/595 505/1/584
f 505/1/584 513/1/595 504/1/583
f 513/1/595 514/1/596 504/1/583
f 504/1/583 514/1/596 503/1/582
f 514/1/596 515/1/597 503/1/582
f 503/1/582 515/1/597 502/1/581
f 515/1/597 516/1/598 502/1/581
f 502/1/581 516/1/598 501/1/580
f 516/1/598 517/1/599 501/1/580
f 501/1/580 517/1/599 500/1/579
f 517/1/599 518/1/600 500/1/579
f 500/1/579 518/1/600 499/1/578
f 518/1/600 519/1/601 499/1/578
f 499/1/578 519/1/601 498/1/577
f 519/1/601 520/1/602 498/1/577
f 498/1/577 520/1/602 497/1/576
f 520/1/602 521/1/603 497/1/576
f 497/1/576 521/1/603 496/1/575
f 521/1/603 522/1/604 496/1/575
f 496/1/575 522/1/604 495/1/574
f 522/1/604 523/1/605 495/1/574
f 495/1/574 523/1/605 494/1/573
f 523/1/605 524/1/606 494/1/573
f 494/1/573 524/1/606 493/1/572
f 524/1/606 525/1/607 493/1/572
f 493/1/572 525/1/607 492/1/571
f 525/1/607 526/1/608 492/1/571
f 492/1/571 526/1/608 491/1/570
f 526/1/608 527/1/609 491/1/570
f 491/1/570 527/1/609 490/1/569
f 527/1/609 528/1/610 490/1/569
f 490/1/569 528/1/610 489/1/568
f 528/1/610 529/1/611 489/1/568
f 489/1/568 529/1/611 488/1/567
f 529/1/611 530/1/612 488/1/567
f 488/1/567 530/1/612 487/1/566
f 814/1/346 816/1/344 815/1/593
f 813/1/613 814/1/346 815/1/593
f 812/1/362 814/1/346 813/1/613
f 811/1/614 812/1/362 813/1/613
f 530/1/612 529/1/611 531/1/615
f 531/1/615 529/1/611 532/1/616
f 529/1/611 528/1/610 532/1/616
f 532/1/616 528/1/610 533/1/617
f 528/1/610 527/1/609 533/1/617
f 533/1/617 527/1/609 534/1/618
f 527/1/609 526/1/608 534/1/618
f 534/1/618 526/1/608 535/1/619
f 526/1/608 525/1/607 535/1/619
f 535/1/619 525/1/607 536/1/620
f 525/1/607 524/1/606 536/1/620
f 536/1/620 524/1/606 537/1/621
f 524/1/606 523/1/605 537/1/621
f 537/1/621 523/1/605 538/1/622
f 523/1/605 522/1/604 538/1/622
f 538/1/622 522/1/604 539/1/623
f 522/1/604 521/1/603 539/1/623
f 539/1/623 521/1/603 540/1/624
f 521/1/603 520/1/602 540/1/624
f 540/1/624 520/1/602 541/1/625
f 520/1/602 519/1/601 541/1/625
f 541/1/625 519/1/601 542/1/626
f 519/1/601 518/1/600 542/1/626
f 542/1/626 518/1/600 543/1/627
f 518/1/600 517/1/599 543/1/627
f 543/1/627 517/1/599 544/1/628
f 517/1/599 516/1/598 544/1/628
f 544/1/628 516/1/598 545/1/629
f 516/1/598 515/1/597 545/1/629
f 545/1/629 515/1/597 546/1/630
f 515/1/597 514/1/596 546/1/630
f 546/1/630 514/1/596 547/1/631
f 514/1/596 513/1/595 547/1/631
f 547/1/631 513/1/595 548/1/632
f 513/1/595 512/1/594 548/1/632
f 548/1/632 512/1/594 549/1/633
f 512/1/594 511/1/592 549/1/633
f 549/1/633 511/1/592 550/1/634
f 511/1/592 509/1/588 550/1/634
f 550/1/634 509/1/588 551/1/635
f 509/1/588 510/1/589 551/1/635
f 810/1/354 812/1/362 811/1/614
f 510/1/589 552/1/636 551/1/635
f 551/1/635 552/1/636 553/1/637
f 552/1/636 554/1/638 553/1/637
f 809/1/639 810/1/354 811/1/614
f 808/1/353 810/1/354 809/1/639
f 807/1/640 808/1/353 809/1/639
f 806/1/355 808/1/353 807/1/640
f 553/1/637 555/1/641 551/1/635
f 805/1/642 806/1/355 807/1/640
f 551/1/635 555/1/641 550/1/634
f 555/1/641 556/1/643 550/1/634
f 550/1/634 556/1/643 549/1/633
f 556/1/643 557/1/644 549/1/633
f 549/1/633 557/1/644 548/1/632
f 557/1/644 558/1/645 548/1/632
f 548/1/632 558/1/645 547/1/631
f 558/1/645 559/1/646 547/1/631
f 547/1/631 559/1/646 546/1/630
f 559/1/646 560/1/647 546/1/630
f 546/1/630 560/1/647 545/1/629
f 560/1/647 561/1/648 545/1/629
f 545/1/629 561/1/648 544/1/628
f 561/1/648 562/1/649 544/1/628
f 544/1/628 562/1/649 543/1/627
f 562/1/649 563/1/650 543/1/627
f 543/1/627 563/1/650 542/1/626
f 563/1/650 564/1/651 542/1/626
f 542/1/626 564/1/651 541/1/625
f 564/1/651 565/1/652 541/1/625
f 541/1/625 565/1/652 540/1/624
f 565/1/652 566/1/653 540/1/624
f 540/1/624 566/1/653 539/1/623
f 566/1/653 567/1/654 539/1/623
f 539/1/623 567/1/654 538/1/622
f 567/1/654 568/1/655 538/1/622
f 538/1/622 568/1/655 537/1/621
f 568/1/655 569/1/656 537/1/621
f 537/1/621 569/1/656 536/1/620
f 569/1/656 570/1/657 536/1/620
f 536/1/620 570/1/657 535/1/619
f 570/1/657 571/1/658 535/1/619
f 535/1/619 571/1/658 534/1/618
f 571/1/658 572/1/659 534/1/618
f 534/1/618 572/1/659 533/1/617
f 572/1/659 573/1/660 533/1/617
f 533/1/617 573/1/660 532/1/616
f 573/1/660 574/1/661 532/1/616
f 532/1/616 574/1/661 531/1/615
f 804/1/360 806/1/355 805/1/642
f 803/1/662 804/1/360 805/1/642
f 802/1/380 804/1/360 803/1/662
f 801/1/663 802/1/380 803/1/662
f 574/1/661 573/1/660 575/1/664
f 575/1/664 573/1/660 576/1/665
f 573/1/660 572/1/659 576/1/665
f 576/1/665 572/1/659 577/1/666
f 572/1/659 571/1/658 577/1/666
f 577/1/666 571/1/658 578/1/667
f 571/1/658 570/1/657 578/1/667
f 578/1/667 570/1/657 579/1/668
f 570/1/657 569/1/656 579/1/668
f 579/1/668 569/1/656 580/1/669
f 569/1/656 568/1/655 580/1/669
f 580/1/669 568/1/655 581/1/670
f 568/1/655 567/1/654 581/1/670
f 581/1/670 567/1/654 582/1/671
f 567/1/654 566/1/653 582/1/671
f 582/1/671 566/1/653 583/1/672
f 566/1/653 565/1/652 583/1/672
f 583/1/672 565/1/652 584/1/673
f 565/1/652 564/1/651 584/1/673
f 584/1/673 564/1/651 585/1/674
f 564/1/651 563/1/650 585/1/674
f 585/1/674 563/1/650 586/1/675
f 563/1/650 562/1/649 586/1/675
f 586/1/675 562/1/649 587/1/676
f 562/1/649 561/1/648 587/1/676
f 587/1/676 561/1/648 588/1/677
f 561/1/648 560/1/647 588/1/677
f 588/1/677 560/1/647 589/1/678
f 560/1/647 559/1/646 589/1/678
f 589/1/678 559/1/646 590/1/679
f 559/1/646 558/1/645 590/1/679
f 590/1/679 558/1/645 591/1/680
f 558/1/645 557/1/644 591/1/680
f 591/1/680 557/1/644 592/1/681
f 557/1/644 556/1/643 592/1/681
f 592/1/681 556/1/643 593/1/682
f 556/1/643 555/1/641 593/1/682
f 593/1/682 555/1/641 594/1/683
f 555/1/641 553/1/637 594/1/683
f 594/1/683 553/1/637 595/1/684
f 553/1/637 554/1/638 595/1/684
f 800/1/378 802/1/380 801/1/663
f 554/1/638 596/1/685 595/1/684
f 595/1/684 596/1/685 597/1/686
f 596/1/685 598/1/687 597/1/686
f 799/1/688 800/1/378 801/1/663
f 798/1/372 800/1/378 799/1/688
f 797/1/689 798/1/372 799/1/688
f 796/1/412 798/1/372 797/1/689
f 597/1/686 599/1/690 595/1/684
f 795/1/691 796/1/412 797/1/689
f 595/1/684 599/1/690 594/1/683
f 599/1/690 600/1/692 594/1/683
f 594/1/683 600/1/692 593/1/682
f 600/1/692 601/1/693 593/1/682
f 593/1/682 601/1/693 592/1/681
f 601/1/693 602/1/694 592/1/681
f 592/1/681 602/1/694 591/1/680
f 602/1/694 603/1/695 591/1/680
f 591/1/680 603/1/695 590/1/679
f 603/1/695 604/1/696 590/1/679
f 590/1/679 604/1/696 589/1/678
f 604/1/696 605/1/697 589/1/678
f 589/1/678 605/1/697 588/1/677
f 605/1/697 606/1/698 588/1/677
f 588/1/677 606/1/698 587/1/676
f 606/1/698 607/1/699 587/1/676
f 587/1/676 607/1/699 586/1/675
f 607/1/699 608/1/700 586/1/675
f 586/1/675 608/1/700 585/1/674
f 608/1/700 609/1/701 585/1/674
f 585/1/674 609/1/701 584/1/673
f 609/1/701 610/1/702 584/1/673
f 584/1/673 610/1/702 583/1/672
f 610/1/702 611/1/703 583/1/672
f 583/1/672 611/1/703 582/1/671
f 611/1/703 612/1/704 582/1/671
f 582/1/671 612/1/704 581/1/670
f 612/1/704 613/1/705 581/1/670
f 581/1/670 613/1/705 580/1/669
f 613/1/705 614/1/706 580/1/669
f 580/1/669 614/1/706 579/1/668
f 614/1/706 615/1/707 579/1/668
f 579/1/668 615/1/707 578/1/667
f 615/1/707 616/1/708 578/1/667
f 578/1/667 616/1/708 577/1/666
f 616/1/708 617/1/709 577/1/666
f 577/1/666 617/1/709 576/1/665
f 617/1/709 618/1/710 576/1/665
f 576/1/665 618/1/710 575/1/664
f 794/1/413 796/1/412 795/1/691
f 793/1/711 794/1/413 795/1/691
f 792/1/415 794/1/413 793/1/711
f 791/1/712 792/1/415 793/1/711
f 618/1/710 617/1/709 619/1/713
f 619/1/713 617/1/709 620/1/714
f 617/1/709 616/1/708 620/1/714
f 620/1/714 616/1/708 621/1/715
f 616/1/708 615/1/707 621/1/715
f 621/1/715 615/1/707 622/1/716
f 615/1/707 614/1/706 622/1/716
f 622/1/716 614/1/706 623/1/717
f 614/1/706 613/1/705 623/1/717
f 623/1/717 613/1/705 624/1/718
f 613/1/705 612/1/704 624/1/718
f 624/1/718 612/1/704 625/1/719
f 612/1/704 611/1/703 625/1/719
f 625/1/719 611/1/703 626/1/720
f 611/1/703 610/1/702 626/1/720
f 626/1/720 610/1/702 627/1/721
f 610/1/702 609/1/701 627/1/721
f 627/1/721 609/1/701 628/1/722
f 609/1/701 608/1/700 628/1/722
f 628/1/722 608/1/700 629/1/723
f 608/1/700 607/1/699 629/1/723
f 629/1/723 607/1/699 630/1/724
f 607/1/699 606/1/698 630/1/724
f 630/1/724 606/1/698 631/1/725
f 606/1/698 605/1/697 631/1/725
f 631/1/725 605/1/697 632/1/726
f 605/1/697 604/1/696 632/1/726
f 632/1/726 604/1/696 633/1/727
f 604/1/696 603/1/695 633/1/727
f 633/1/727 603/1/695 634/1/728
f 603/1/695 602/1/694 634/1/728
f 634/1/728 602/1/694 635/1/729
f 602/1/694 601/1/693 635/1/729
f 635/1/729 601/1/693 636/1/730
f 601/1/693 600/1/692 636/1/730
f 636/1/730 600/1/692 637/1/731
f 600/1/692 599/1/690 637/1/731
f 637/1/731 599/1/690 638/1/732
f 599/1/690 597/1/686 638/1/732
f 638/1/732 597/1/686 639/1/733
f 597/1/686 598/1/687 639/1/733
f 790/1/426 792/1/415 791/1/712
f 598/1/687 640/1/734 639/1/733
f 639/1/733 640/1/734 641/1/735
f 640/1/734 642/1/736 641/1/735
f 789/1/737 790/1/426 791/1/712
f 788/1/427 790/1/426 789/1/737
f 787/1/738 788/1/427 789/1/737
f 786/1/429 788/1/427 787/1/738
f 641/1/735 643/1/739 639/1/733
f 785/1/740 786/1/429 787/1/738
f 639/1/733 643/1/739 638/1/732
f 643/1/739 644/1/741 638/1/732
f 638/1/732 644/1/741 637/1/731
f 644/1/741 645/1/742 637/1/731
f 637/1/731 645/1/742 636/1/730
f 645/1/742 646/1/743 636/1/730
f 636/1/730 646/1/743 635/1/729
f 646/1/743 647/1/744 635/1/729
f 635/1/729 647/1/744 634/1/728
f 647/1/744 648/1/745 634/1/728
f 634/1/728 648/1/745 633/1/727
f 648/1/745 649/1/746 633/1/727
f 633/1/727 649/1/746 632/1/726
f 649/1/746 650/1/747 632/1/726
f 632/1/726 650/1/747 631/1/725
f 650/1/747 651/1/748 631/1/725
f 631/1/725 651/1/748 630/1/724
f 651/1/748 652/1/749 630/1/724
f 630/1/724 652/1/749 629/1/723
f 652/1/749 653/1/750 629/1/723
f 629/1/723 653/1/750 628/1/722
f 653/1/750 654/1/751 628/1/722
f 628/1/722 654/1/751 627/1/721
f 654/1/751 655/1/752 627/1/721
f 627/1/721 655/1/752 626/1/720
f 655/1/752 656/1/753 626/1/720
f 626/1/720 656/1/753 625/1/719
f 656/1/753 657/1/754 625/1/719
f 625/1/719 657/1/754 624/1/718
f 657/1/754 658/1/755 624/1/718
f 624/1/718 658/1/755 623/1/717
f 658/1/755 659/1/756 623/1/717
f 623/1/717 659/1/756 622/1/716
f 659/1/756 660/1/757 622/1/716
f 622/1/716 660/1/757 621/1/715
f 660/1/757 661/1/758 621/1/715
f 621/1/715 661/1/758 620/1/714
f 661/1/758 662/1/759 620/1/714
f 620/1/714 662/1/759 619/1/713
f 784/1/443 786/1/429 785/1/740
f 783/1/760 784/1/443 785/1/740
f 782/1/444 784/1/443 783/1/760
f 781/1/761 782/1/444 783/1/760
f 662/1/759 661/1/758 663/1/762
f 663/1/762 661/1/758 664/1/763
f 661/1/758 660/1/757 664/1/763
f 664/1/763 660/1/757 665/1/764
f 660/1/757 659/1/756 665/1/764
f 665/1/764 659/1/756 666/1/765
f 659/1/756 658/1/755 666/1/765
f 666/1/765 658/1/755 667/1/766
f 658/1/755 657/1/754 667/1/766
f 667/1/766 657/1/754 668/1/767
f 657/1/754 656/1/753 668/1/767
f 668/1/767 656/1/753 669/1/768
f 656/1/753 655/1/752 669/1/768
f 669/1/768 655/1/752 670/1/769
f 655/1/752 654/1/751 670/1/769
f 670/1/769 654/1/751 671/1/770
f 654/1/751 653/1/750 671/1/770
f 671/1/770 653/1/750 672/1/771
f 653/1/750 652/1/749 672/1/771
f 672/1/771 652/1/749 673/1/772
f 652/1/749 651/1/748 673/1/772
f 673/1/772 651/1/748 674/1/773
f 651/1/748 650/1/747 674/1/773
f 674/1/773 650/1/747 675/1/774
f 650/1/747 649/1/746 675/1/774
f 675/1/774 649/1/746 676/1/775
f 649/1/746 648/1/745 676/1/775
f 676/1/775 648/1/745 677/1/776
f 648/1/745 647/1/744 677/1/776
f 677/1/776 647/1/744 678/1/777
f 647/1/744 646/1/743 678/1/777
f 678/1/777 646/1/743 679/1/778
f 646/1/743 645/1/742 679/1/778
f 679/1/778 645/1/742 680/1/779
f 645/1/742 644/1/741 680/1/779
f 680/1/779 644/1/741 681/1/780
f 644/1/741 643/1/739 681/1/780
f 681/1/780 643/1/739 682/1/781
f 643/1/739 641/1/735 682/1/781
f 682/1/781 641/1/735 683/1/782
f 641/1/735 642/1/736 683/1/782
f 780/1/446 782/1/444 781/1/761
f 642/1/736 233/1/270 683/1/782
f 779/1/783 780/1/446 781/1/761
f 233/1/270 232/1/269 683/1/782
f 778/1/466 780/1/446 779/1/783
f 232/1/269 234/1/273 683/1/782
f 683/1/782 234/1/273 682/1/781
f 234/1/273 235/1/274 682/1/781
f 682/1/781 235/1/274 681/1/780
f 235/1/274 236/1/275 681/1/780
f 681/1/780 236/1/275 680/1/779
f 236/1/275 237/1/276 680/1/779
f 680/1/779 237/1/276 679/1/778
f 237/1/276 238/1/277 679/1/778
f 679/1/778 238/1/277 678/1/777
f 238/1/277 239/1/278 678/1/777
f 678/1/777 239/1/278 677/1/776
f 239/1/278 240/1/279 677/1/776
f 677/1/776 240/1/279 676/1/775
f 240/1/279 241/1/280 676/1/775
f 676/1/775 241/1/280 675/1/774
f 241/1/280 242/1/281 675/1/774
f 675/1/774 242/1/281 674/1/773
f 242/1/281 243/1/282 674/1/773
f 674/1/773 243/1/282 673/1/772
f 243/1/282 244/1/283 673/1/772
f 673/1/772 244/1/283 672/1/771
f 244/1/283 245/1/284 672/1/771
f 672/1/771 245/1/284 671/1/770
f 245/1/284 246/1/285 671/1/770
f 671/1/770 246/1/285 670/1/769
f 246/1/285 247/1/286 670/1/769
f 670/1/769 247/1/286 669/1/768
f 247/1/286 684/1/784 669/1/768
f 669/1/768 684/1/784 668/1/767
f 777/1/785 778/1/466 779/1/783
f 776/1/467 778/1/466 777/1/785
f 775/1/786 776/1/467 777/1/785
f 774/1/492 776/1/467 775/1/786
f 247/1/286 248/1/287 684/1/784
f 684/1/784 248/1/287 685/1/787
f 248/1/287 249/1/288 685/1/787
f 685/1/787 249/1/288 686/1/788
f 249/1/288 250/1/289 686/1/788
f 686/1/788 250/1/289 687/1/789
f 250/1/289 251/1/290 687/1/789
f 687/1/789 251/1/290 688/1/790
f 251/1/290 252/1/291 688/1/790
f 688/1/790 252/1/291 689/1/791
f 252/1/291 253/1/292 689/1/791
f 689/1/791 253/1/292 690/1/792
f 773/1/793 774/1/492 775/1/786
f 690/1/792 253/1/292 691/1/794
f 253/1/292 254/1/293 691/1/794
f 691/1/794 254/1/293 692/1/795
f 254/1/293 255/1/294 692/1/795
f 692/1/795 255/1/294 693/1/796
f 255/1/294 256/1/295 693/1/796
f 693/1/796 256/1/295 694/1/797
f 256/1/295 257/1/296 694/1/797
f 694/1/797 257/1/296 695/1/798
f 257/1/296 258/1/297 695/1/798
f 695/1/798 258/1/297 696/1/799
f 258/1/297 259/1/298 696/1/799
f 696/1/799 259/1/298 697/1/800
f 259/1/298 260/1/299 697/1/800
f 697/1/800 260/1/299 698/1/801
f 260/1/299 261/1/300 698/1/801
f 698/1/801 261/1/300 699/1/802
f 261/1/300 262/1/301 699/1/802
f 699/1/802 262/1/301 700/1/803
f 262/1/301 263/1/302 700/1/803
f 700/1/803 263/1/302 701/1/804
f 263/1/302 264/1/303 701/1/804
f 701/1/804 264/1/303 702/1/805
f 264/1/303 398/1/465 702/1/805
f 702/1/805 398/1/465 703/1/806
f 398/1/465 399/1/468 703/1/806
f 703/1/806 399/1/468 704/1/807
f 399/1/468 442/1/514 704/1/807
f 704/1/807 442/1/514 705/1/808
f 442/1/514 443/1/517 705/1/808
f 705/1/808 443/1/517 706/1/809
f 443/1/517 486/1/563 706/1/809
f 706/1/809 486/1/563 707/1/810
f 486/1/563 487/1/566 707/1/810
f 707/1/810 487/1/566 708/1/811
f 487/1/566 530/1/612 708/1/811
f 708/1/811 530/1/612 709/1/812
f 530/1/612 531/1/615 709/1/812
f 709/1/812 531/1/615 710/1/813
f 531/1/615 574/1/661 710/1/813
f 710/1/813 574/1/661 711/1/814
f 574/1/661 575/1/664 711/1/814
f 711/1/814 575/1/664 712/1/815
f 575/1/664 618/1/710 712/1/815
f 712/1/815 618/1/710 713/1/816
f 618/1/710 619/1/713 713/1/816
f 713/1/816 619/1/713 714/1/817
f 619/1/713 662/1/759 714/1/817
f 714/1/817 662/1/759 715/1/818
f 662/1/759 663/1/762 715/1/818
f 715/1/818 663/1/762 716/1/819
f 772/1/493 774/1/492 773/1/793
f 716/1/819 663/1/762 717/1/820
f 663/1/762 664/1/763 717/1/820
f 717/1/820 664/1/763 718/1/821
f 664/1/763 665/1/764 718/1/821
f 718/1/821 665/1/764 719/1/822
f 665/1/764 666/1/765 719/1/822
f 719/1/822 666/1/765 720/1/823
f 666/1/765 667/1/766 720/1/823
f 720/1/823 667/1/766 721/1/824
f 667/1/766 668/1/767 721/1/824
f 771/1/825 772/1/493 773/1/793
f 668/1/767 684/1/784 721/1/824
f 770/1/495 772/1/493 771/1/825
f 684/1/784 685/1/787 721/1/824
f 721/1/824 685/1/787 722/1/826
f 685/1/787 686/1/788 722/1/826
f 722/1/826 686/1/788 723/1/827
f 686/1/788 687/1/789 723/1/827
f 723/1/827 687/1/789 724/1/828
f 687/1/789 688/1/790 724/1/828
f 724/1/828 688/1/790 725/1/829
f 688/1/790 689/1/791 725/1/829
f 725/1/829 689/1/791 726/1/830
f 689/1/791 690/1/792 726/1/830
f 726/1/830 690/1/792 727/1/831
f 769/1/515 770/1/495 771/1/825
f 727/1/831 690/1/792 728/1/832
f 690/1/792 691/1/794 728/1/832
f 728/1/832 691/1/794 729/1/833
f 691/1/794 692/1/795 729/1/833
f 729/1/833 692/1/795 730/1/834
f 692/1/795 693/1/796 730/1/834
f 730/1/834 693/1/796 731/1/835
f 693/1/796 694/1/797 731/1/835
f 731/1/835 694/1/797 732/1/836
f 694/1/797 695/1/798 732/1/836
f 732/1/836 695/1/798 733/1/837
f 695/1/798 696/1/799 733/1/837
f 733/1/837 696/1/799 734/1/838
f 696/1/799 697/1/800 734/1/838
f 734/1/838 697/1/800 735/1/839
f 697/1/800 698/1/801 735/1/839
f 735/1/839 698/1/801 736/1/840
f 698/1/801 699/1/802 736/1/840
f 736/1/840 699/1/802 737/1/841
f 699/1/802 700/1/803 737/1/841
f 737/1/841 700/1/803 738/1/842
f 700/1/803 701/1/804 738/1/842
f 738/1/842 701/1/804 739/1/843
f 701/1/804 702/1/805 739/1/843
f 739/1/843 702/1/805 740/1/844
f 702/1/805 703/1/806 740/1/844
f 740/1/844 703/1/806 741/1/845
f 703/1/806 704/1/807 741/1/845
f 741/1/845 704/1/807 742/1/846
f 704/1/807 705/1/808 742/1/846
f 742/1/846 705/1/808 743/1/847
f 705/1/808 706/1/809 743/1/847
f 743/1/847 706/1/809 744/1/848
f 706/1/809 707/1/810 744/1/848
f 744/1/848 707/1/810 745/1/849
f 707/1/810 708/1/811 745/1/849
f 745/1/849 708/1/811 746/1/850
f 708/1/811 709/1/812 746/1/850
f 746/1/850 709/1/812 747/1/851
f 709/1/812 710/1/813 747/1/851
f 747/1/851 710/1/813 748/1/852
f 710/1/813 711/1/814 748/1/852
f 748/1/852 711/1/814 749/1/853
f 711/1/814 712/1/815 749/1/853
f 749/1/853 712/1/815 750/1/854
f 712/1/815 713/1/816 750/1/854
f 750/1/854 713/1/816 751/1/855
f 713/1/816 714/1/817 751/1/855
f 751/1/855 714/1/817 752/1/856
f 714/1/817 715/1/818 752/1/856
f 752/1/856 715/1/818 753/1/857
f 715/1/818 716/1/819 753/1/857
f 753/1/857 716/1/819 754/1/858
f 716/1/819 755/1/859 754/1/858
f 754/1/858 755/1/859 756/1/860
f 755/1/859 757/1/861 756/1/860
f 756/1/860 757/1/861 758/1/862
f 767/1/863 766/1/864 758/1/862
f 757/1/861 767/1/863 758/1/862
f 768/1/865 767/1/863 757/1/861
f 761/1/866 768/1/865 757/1/861
f 721/1/824 722/1/826 720/1/823
f 720/1/823 722/1/826 759/1/867
f 722/1/826 723/1/827 759/1/867
f 760/1/868 768/1/865 761/1/866
f 762/1/869 768/1/865 760/1/868
f 763/1/870 768/1/865 762/1/869
f 767/1/863 768/1/865 763/1/870
f 720/1/823 759/1/867 719/1/822
f 759/1/867 760/1/868 719/1/822
f 719/1/822 760/1/868 718/1/821
f 760/1/868 761/1/866 718/1/821
f 718/1/821 761/1/866 717/1/820
f 761/1/866 755/1/859 717/1/820
f 717/1/820 755/1/859 716/1/819
f 764/1/871 767/1/863 763/1/870
f 766/1/864 767/1/863 764/1/871
f 765/1/872 766/1/864 764/1/871
f 726/1/830 727/1/831 765/1/872
f 761/1/866 757/1/861 755/1/859
f 764/1/871 726/1/830 765/1/872
f 725/1/829 726/1/830 764/1/871
f 763/1/870 725/1/829 764/1/871
f 724/1/828 725/1/829 763/1/870
f 760/1/868 759/1/867 762/1/869
f 759/1/867 723/1/827 762/1/869
f 762/1/869 724/1/828 763/1/870
f 723/1/827 724/1/828 762/1/869
