mtllib model_0.mtl
o model_0
v -0.15231961011886597 0.7657944560050964 0.2640387713909149 
v -0.14888757467269897 0.7486343383789062 0.24504341185092926 
v -0.2988479733467102 0.7215118408203125 0.2640387713909149 
v -0.2921745777130127 0.7053050398826599 0.24504341185092926 
v -0.4240691661834717 0.6346625685691833 0.24504341185092926 
v -0.2720591127872467 0.6567800641059875 0.20289745926856995 
v -0.3948493003845215 0.5909519195556641 0.20289745926856995 
v -0.3656770884990692 0.5472412705421448 0.14721731841564178 
v -0.5026720762252808 0.5026726722717285 0.20289745926856995 
v -0.46549180150032043 0.4654923975467682 0.14721731841564178 
v -0.547240674495697 0.36567768454551697 0.14721731841564178 
v -0.4530983865261078 0.45309895277023315 0.08726321160793304 
v -0.5327022671699524 0.3559536039829254 0.08726321160793304 
v -0.5327022671699524 0.3559536039829254 0.03882503882050514 
v -0.5920000076293945 0.24522317945957184 0.08726321160793304 
v -0.5920000076293945 0.24522317945957184 0.03882503882050514 
v -0.628369927406311 0.1250070035457611 0.03882503882050514 
v -0.5920000076293945 0.24522317945957184 0.017811423167586327 
v -0.628369927406311 0.1250070035457611 0.017811423167586327 
v -0.628369927406311 0.1250070035457611 0.08726321160793304 
v -0.6455300450325012 0.1283913552761078 0.14721731841564178 
v -0.6082068085670471 0.2519442141056061 0.14721731841564178 
v -0.6567794680595398 0.27205970883369446 0.20289745926856995 
v -0.5909513235092163 0.39484989643096924 0.20289745926856995 
v -0.6346619725227356 0.42406976222991943 0.24504341185092926 
v -0.5398046374320984 0.5398052334785461 0.24504341185092926 
v -0.552198052406311 0.5521986484527588 0.2640387713909149 
v -0.43379324674606323 0.649200975894928 0.2640387713909149 
v -0.15231961011886597 0.7657944560050964 0.2640387713909149 
v 0.00002412799949524924 0.7809525728225708 0.2640387713909149 
v -0.14888757467269897 0.7486343383789062 0.24504341185092926 
v 0.00002412799949524924 0.7634111046791077 0.24504341185092926 
v 0.00002412799949524924 0.7108821272850037 0.20289745926856995 
v 0.14888817071914673 0.7486343383789062 0.24504341185092926 
v 0.13863976299762726 0.6971063613891602 0.20289745926856995 
v 0.27205970883369446 0.6567800641059875 0.20289745926856995 
v 0.1283913552761078 0.645530641078949 0.14721731841564178 
v 0.2519442141056061 0.6082074046134949 0.14721731841564178 
v 0.24522317945957184 0.5920006036758423 0.08726321160793304 
v 0.36567768454551697 0.5472412705421448 0.14721731841564178 
v 0.3559536039829254 0.5327028632164001 0.08726321160793304 
v 0.45309895277023315 0.45309895277023315 0.08726321160793304 
v 0.3559536039829254 0.5327028632164001 0.03882503882050514 
v 0.45309895277023315 0.45309895277023315 0.03882503882050514 
v 0.45309895277023315 0.45309895277023315 0.017811423167586327 
v 0.5327028632164001 0.3559536039829254 0.03882503882050514 
v 0.5327028632164001 0.3559536039829254 0.017811423167586327 
v 0.5920006036758423 0.24522317945957184 0.017811423167586327 
v 0.29217517375946045 0.7053050398826599 0.24504341185092926 
v 0.42406976222991943 0.6346625685691833 0.24504341185092926 
v 0.39484989643096924 0.5909519195556641 0.20289745926856995 
v 0.5026726722717285 0.5026726722717285 0.20289745926856995 
v 0.4654923975467682 0.4654923975467682 0.14721731841564178 
v 0.5472412705421448 0.36567768454551697 0.14721731841564178 
v 0.5327028632164001 0.3559536039829254 0.08726321160793304 
v 0.5920006036758423 0.24522317945957184 0.08726321160793304 
v 0.5920006036758423 0.24522317945957184 0.03882503882050514 
v 0.6283705234527588 0.1250070035457611 0.03882503882050514 
v 0.6283705234527588 0.1250070035457611 0.017811423167586327 
v 0.6408116221427917 0.00002412799949524924 0.017811423167586327 
v 0.5398052334785461 0.5398052334785461 0.24504341185092926 
v 0.6346625685691833 0.42406976222991943 0.24504341185092926 
v 0.5909519195556641 0.39484989643096924 0.20289745926856995 
v 0.6567800641059875 0.27205970883369446 0.20289745926856995 
v 0.6082074046134949 0.2519442141056061 0.14721731841564178 
v 0.645530641078949 0.1283913552761078 0.14721731841564178 
v 0.6283705234527588 0.1250070035457611 0.08726321160793304 
v 0.6408116221427917 0.00002412799949524924 0.08726321160793304 
v 0.6408116221427917 0.00002412799949524924 0.03882503882050514 
v 0.6283705234527588 -0.12500640749931335 0.03882503882050514 
v 0.6283705234527588 -0.12500640749931335 0.017811423167586327 
v 0.5920006036758423 -0.24522258341312408 0.017811423167586327 
v 0.7053050398826599 0.29217517375946045 0.24504341185092926 
v 0.7486343383789062 0.14888817071914673 0.24504341185092926 
v 0.6971063613891602 0.13863976299762726 0.20289745926856995 
v 0.7108821272850037 0.00002412799949524924 0.20289745926856995 
v 0.6583054065704346 0.00002412799949524924 0.14721731841564178 
v 0.645530641078949 -0.12839077413082123 0.14721731841564178 
v 0.6283705234527588 -0.12500640749931335 0.08726321160793304 
v 0.5920006036758423 -0.24522258341312408 0.08726321160793304 
v 0.5920006036758423 -0.24522258341312408 0.03882503882050514 
v 0.5327028632164001 -0.35595303773880005 0.03882503882050514 
v 0.5327028632164001 -0.35595303773880005 0.017811423167586327 
v 0.45309895277023315 -0.4530983865261078 0.017811423167586327 
v 0.7634111046791077 0.00002412799949524924 0.24504341185092926 
v 0.7486343383789062 -0.14888757467269897 0.24504341185092926 
v 0.6971063613891602 -0.1386391818523407 0.20289745926856995 
v 0.6567800641059875 -0.2720591127872467 0.20289745926856995 
v 0.6082074046134949 -0.2519436478614807 0.14721731841564178 
v 0.5472412705421448 -0.3656770884990692 0.14721731841564178 
v 0.5327028632164001 -0.35595303773880005 0.08726321160793304 
v 0.45309895277023315 -0.4530983865261078 0.08726321160793304 
v 0.45309895277023315 -0.4530983865261078 0.03882503882050514 
v 0.3559536039829254 -0.5327022671699524 0.03882503882050514 
v 0.3559536039829254 -0.5327022671699524 0.017811423167586327 
v 0.24522317945957184 -0.5920000076293945 0.017811423167586327 
v 0.7053050398826599 -0.2921745777130127 0.24504341185092926 
v 0.6346625685691833 -0.4240691661834717 0.24504341185092926 
v 0.5909519195556641 -0.3948493003845215 0.20289745926856995 
v 0.5026726722717285 -0.5026720762252808 0.20289745926856995 
v 0.4654923975467682 -0.46549180150032043 0.14721731841564178 
v 0.36567768454551697 -0.547240674495697 0.14721731841564178 
v 0.3559536039829254 -0.5327022671699524 0.08726321160793304 
v 0.24522317945957184 -0.5920000076293945 0.08726321160793304 
v 0.24522317945957184 -0.5920000076293945 0.03882503882050514 
v 0.1250070035457611 -0.628369927406311 0.03882503882050514 
v 0.1250070035457611 -0.628369927406311 0.017811423167586327 
v 0.00002412799949524924 -0.640811026096344 0.017811423167586327 
v 0.5398052334785461 -0.5398046374320984 0.24504341185092926 
v 0.42406976222991943 -0.6346619725227356 0.24504341185092926 
v 0.39484989643096924 -0.5909513235092163 0.20289745926856995 
v 0.27205970883369446 -0.6567794680595398 0.20289745926856995 
v 0.2519442141056061 -0.6082068085670471 0.14721731841564178 
v 0.1283913552761078 -0.6455300450325012 0.14721731841564178 
v 0.1250070035457611 -0.628369927406311 0.08726321160793304 
v 0.00002412799949524924 -0.640811026096344 0.08726321160793304 
v 0.00002412799949524924 -0.640811026096344 0.03882503882050514 
v -0.12500640749931335 -0.628369927406311 0.03882503882050514 
v -0.12500640749931335 -0.628369927406311 0.017811423167586327 
v -0.24522258341312408 -0.5920000076293945 0.017811423167586327 
v 0.29217517375946045 -0.7053044438362122 0.24504341185092926 
v 0.14888817071914673 -0.7486338019371033 0.24504341185092926 
v 0.13863976299762726 -0.6971057653427124 0.20289745926856995 
v 0.00002412799949524924 -0.7108815312385559 0.20289745926856995 
v 0.00002412799949524924 -0.6583048105239868 0.14721731841564178 
v -0.12839077413082123 -0.6455300450325012 0.14721731841564178 
v -0.12500640749931335 -0.628369927406311 0.08726321160793304 
v -0.24522258341312408 -0.5920000076293945 0.08726321160793304 
v -0.24522258341312408 -0.5920000076293945 0.03882503882050514 
v -0.35595303773880005 -0.5327022671699524 0.03882503882050514 
v -0.35595303773880005 -0.5327022671699524 0.017811423167586327 
v -0.4530983865261078 -0.4530983865261078 0.017811423167586327 
v 0.00002412799949524924 -0.7634105682373047 0.24504341185092926 
v -0.14888757467269897 -0.7486338019371033 0.24504341185092926 
v -0.1386391818523407 -0.6971057653427124 0.20289745926856995 
v -0.2720591127872467 -0.6567794680595398 0.20289745926856995 
v -0.2519436478614807 -0.6082068085670471 0.14721731841564178 
v -0.3656770884990692 -0.547240674495697 0.14721731841564178 
v -0.35595303773880005 -0.5327022671699524 0.08726321160793304 
v -0.4530983865261078 -0.4530983865261078 0.08726321160793304 
v -0.4530983865261078 -0.4530983865261078 0.03882503882050514 
v -0.5327022671699524 -0.35595303773880005 0.03882503882050514 
v -0.5327022671699524 -0.35595303773880005 0.017811423167586327 
v -0.5920000076293945 -0.24522258341312408 0.017811423167586327 
v -0.5920000076293945 -0.24522258341312408 0.03882503882050514 
v -0.5920000076293945 -0.24522258341312408 0.08726321160793304 
v -0.628369927406311 -0.12500640749931335 0.03882503882050514 
v -0.628369927406311 -0.12500640749931335 0.08726321160793304 
v -0.640811026096344 0.00002412799949524924 0.08726321160793304 
v -0.6455300450325012 -0.12839077413082123 0.14721731841564178 
v -0.6583048105239868 0.00002412799949524924 0.14721731841564178 
v -0.7108815312385559 0.00002412799949524924 0.20289745926856995 
v -0.6971057653427124 0.13863976299762726 0.20289745926856995 
v -0.7486338019371033 0.14888817071914673 0.24504341185092926 
v -0.7053044438362122 0.29217517375946045 0.24504341185092926 
v -0.7215112447738647 0.29884853959083557 0.2640387713909149 
v -0.649200439453125 0.433793842792511 0.2640387713909149 
v -0.5327022671699524 -0.35595303773880005 0.08726321160793304 
v -0.547240674495697 -0.3656770884990692 0.14721731841564178 
v -0.46549180150032043 -0.46549180150032043 0.14721731841564178 
v -0.5026720762252808 -0.5026720762252808 0.20289745926856995 
v -0.3948493003845215 -0.5909513235092163 0.20289745926856995 
v -0.4240691661834717 -0.6346619725227356 0.24504341185092926 
v -0.2921745777130127 -0.7053044438362122 0.24504341185092926 
v -0.2988479733467102 -0.7215112447738647 0.2640387713909149 
v -0.15231961011886597 -0.7657939195632935 0.2640387713909149 
v 0.00002412799949524924 -0.780951976776123 0.2640387713909149 
v -0.43379324674606323 -0.649200439453125 0.2640387713909149 
v -0.552198052406311 -0.552198052406311 0.2640387713909149 
v -0.5398046374320984 -0.5398046374320984 0.24504341185092926 
v -0.6346619725227356 -0.4240691661834717 0.24504341185092926 
v -0.5909513235092163 -0.3948493003845215 0.20289745926856995 
v -0.6567794680595398 -0.2720591127872467 0.20289745926856995 
v -0.6082068085670471 -0.2519436478614807 0.14721731841564178 
v -0.649200439453125 -0.43379324674606323 0.2640387713909149 
v -0.7215112447738647 -0.2988479733467102 0.2640387713909149 
v -0.7053044438362122 -0.2921745777130127 0.24504341185092926 
v -0.7486338019371033 -0.14888757467269897 0.24504341185092926 
v -0.6971057653427124 -0.1386391818523407 0.20289745926856995 
v -0.7657939195632935 -0.15231961011886597 0.2640387713909149 
v -0.780951976776123 0.00002412799949524924 0.2640387713909149 
v -0.7634105682373047 0.00002412799949524924 0.24504341185092926 
v 0.0525054931640625 0.19717484712600708 3.8799242973327637 
v 0.036966051906347275 0.2144302874803543 3.8799242973327637 
v 0.029196331277489662 0.1984618455171585 3.8799242973327637 
v 0.0205686055123806 0.21533596515655518 3.8799242973327637 
v 0.049645476043224335 0.2181006520986557 3.879805564880371 
v 0.05879753828048706 0.2210560142993927 3.8799242973327637 
v 0.036966051906347275 0.2144302874803543 3.8799242973327637 
v 0.03672771900892258 0.2210560142993927 3.8799242973327637 
v 0.0205686055123806 0.21533596515655518 3.8799242973327637 
v 0.020330270752310753 0.2210560142993927 3.8799242973327637 
v 0.00002412799949524924 0.2151453047990799 3.8799242973327637 
v 0.00002412799949524924 0.2210560142993927 3.8799242973327637 
v -0.020568016916513443 0.21533596515655518 3.8799242973327637 
v -0.020329680293798447 0.2210560142993927 3.8799242973327637 
v -0.03672713041305542 0.2210560142993927 3.8799242973327637 
v -0.019710009917616844 0.23573744297027588 3.8799242973327637 
v -0.03620279207825661 0.23573744297027588 3.8799242973327637 
v -0.018947338685393333 0.2542322278022766 3.8799242973327637 
v -0.035535454750061035 0.2542322278022766 3.8799242973327637 
v -0.01832766644656658 0.2694856822490692 3.8799242973327637 
v -0.0349634513258934 0.2694856822490692 3.8799242973327637 
v -0.017898663878440857 0.2797817587852478 3.8799242973327637 
v -0.03458211570978165 0.2797817587852478 3.8799242973327637 
v -0.017040658742189407 0.3003738820552826 3.8799242973327637 
v -0.033962443470954895 0.2970372140407562 3.8799242973327637 
v -0.024190707132220268 0.3171526789665222 3.8799242973327637 
v -0.0482148751616478 0.3124813139438629 3.8799242973327637 
v -0.04697553440928459 0.28993481397628784 3.8799242973327637 
v -0.061942972242832184 0.2797817587852478 3.8799242973327637 
v -0.06995102763175964 0.2694856822490692 3.8799242973327637 
v -0.07700574398040771 0.2542322278022766 3.8799242973327637 
v -0.0730493813753128 0.23573744297027588 3.8799242973327637 
v -0.058796949684619904 0.2210560142993927 3.8799242973327637 
v -0.03696546331048012 0.2144302874803543 3.8799242973327637 
v -0.06670967489480972 0.3025665879249573 3.8799242973327637 
v -0.08796915411949158 0.2883618175983429 3.8799242973327637 
v -0.09936156868934631 0.27401405572891235 3.8799242973327637 
v -0.10932397097349167 0.2527545690536499 3.8799242973327637 
v -0.1037469282746315 0.2269190549850464 3.8799242973327637 
v -0.058796949684619904 0.2210560142993927 3.8799242973327637 
v -0.08344078809022903 0.20642223954200745 3.8799242973327637 
v -0.7657939195632935 0.15232019126415253 0.2640387713909149 
v 0.00002412799949524924 0.31891635060310364 3.8799242973327637 
v 0.00002412799949524924 0.3016608953475952 3.8799242973327637 
v 0.024191297590732574 0.3171526789665222 3.8799242973327637 
v 0.017041247338056564 0.3003738820552826 3.8799242973327637 
v 0.048215463757514954 0.3124813139438629 3.8799242973327637 
v 0.03396303206682205 0.2970372140407562 3.8799242973327637 
v 0.06671026349067688 0.3025665879249573 3.8799242973327637 
v 0.04697612300515175 0.28993481397628784 3.8799242973327637 
v 0.06194356083869934 0.2797817587852478 3.8799242973327637 
v 0.034582704305648804 0.2797817587852478 3.8799242973327637 
v 0.03496403992176056 0.2694856822490692 3.8799242973327637 
v 0.018328256905078888 0.2694856822490692 3.8799242973327637 
v 0.01894792728126049 0.2542322278022766 3.8799242973327637 
v 0.00002412799949524924 0.2542322278022766 3.8799242973327637 
v 0.00002412799949524924 0.23573744297027588 3.8799242973327637 
v 0.019710598513484 0.23573744297027588 3.8799242973327637 
v 0.03553604334592819 0.2542322278022766 3.8799242973327637 
v 0.0699516162276268 0.2694856822490692 3.8799242973327637 
v 0.09936215728521347 0.27401405572891235 3.8799242973327637 
v 0.08796974271535873 0.2883618175983429 3.8799242973327637 
v 0.036203380674123764 0.23573744297027588 3.8799242973327637 
v 0.07700633257627487 0.2542322278022766 3.8799242973327637 
v 0.10932455956935883 0.2527545690536499 3.8799242973327637 
v 0.07304996997117996 0.23573744297027588 3.8799242973327637 
v 0.10374751687049866 0.2269190549850464 3.8799242973327637 
v 0.08344137668609619 0.20642223954200745 3.8799242973327637 
v 0.05879753828048706 0.2210560142993927 3.8799242973327637 
v -0.05250490456819534 0.19717484712600708 3.8799242973327637 
v -0.03696546331048012 0.2144302874803543 3.8799242973327637 
v -0.07085669785737991 0.20198920369148254 3.8800430297851562 
v -0.049930889159440994 0.2178623229265213 3.8800430297851562 
v -0.03696546331048012 0.2144302874803543 3.8799242973327637 
v -0.05250490456819534 0.19717484712600708 3.8799242973327637 
v -0.020568016916513443 0.21533596515655518 3.8799242973327637 
v -0.029195742681622505 0.1984618455171585 3.8799242973327637 
v -0.029195742681622505 0.1984618455171585 3.8799242973327637 
v 0.00002412799949524924 0.2151453047990799 3.8799242973327637 
v 0.00002412799949524924 0.1982235163450241 3.8799242973327637 
v 0.0205686055123806 0.21533596515655518 3.8799242973327637 
v 0.029196331277489662 0.1984618455171585 3.8799242973327637 
v 0.017041247338056564 0.3003738820552826 3.8799242973327637 
v 0.017899252474308014 0.2797817587852478 3.8799242973327637 
v 0.00002412799949524924 0.2694856822490692 3.8799242973327637 
v 0.00002412799949524924 0.2797817587852478 3.8799242973327637 
v 0.00002412799949524924 0.3016608953475952 3.8799242973327637 
v 0.07047595083713531 0.20227520167827606 3.879805564880371 
v 0.049645476043224335 0.2181006520986557 3.879805564880371 
v 0.0525054931640625 0.19717484712600708 3.8799242973327637 
v 0.036966051906347275 0.2144302874803543 3.8799242973327637 
v -0.07085669785737991 0.20198920369148254 3.8800430297851562 
v -0.049930889159440994 0.2178623229265213 3.8800430297851562 
v -0.08344078809022903 0.20642223954200745 3.8799242973327637 
v -0.058796949684619904 0.2210560142993927 3.8799242973327637 
v 0.06671026349067688 0.3025665879249573 3.8799242973327637 
v 0.04697612300515175 0.28993481397628784 3.8799242973327637 
v 0.08796974271535873 0.2883618175983429 3.8799242973327637 
v 0.06194356083869934 0.2797817587852478 3.8799242973327637 
v -0.12500640749931335 0.6283705234527588 0.017811423167586327 
v 0.00002412799949524924 0.6408116221427917 0.017811423167586327 
v -0.12391006946563721 0.6230317950248718 0.012231536209583282 
v 0.00002412799949524924 0.6353775858879089 0.012231536209583282 
v 0.00002412799949524924 0.6190754771232605 0.010332000441849232 
v 0.12391065806150436 0.6230317950248718 0.012231536209583282 
v 0.12076463550329208 0.607063353061676 0.010332000441849232 
v 0.23692911863327026 0.5719804763793945 0.010332000441849232 
v 0.11752328276634216 0.5907612442970276 0.011994093656539917 
v 0.23054173588752747 0.5565840005874634 0.011994093656539917 
v 0.22801539301872253 0.5505303144454956 0.01674293354153633 
v 0.33464646339416504 0.5008136034011841 0.011994093656539917 
v 0.33097609877586365 0.49537959694862366 0.01674293354153633 
v 0.421352744102478 0.421352744102478 0.01674293354153633 
v 0.3286880850791931 0.49189990758895874 0.034788526594638824 
v 0.4183973968029022 0.4183973968029022 0.034788526594638824 
v 0.4116763472557068 0.4116763472557068 0.07562854886054993 
v 0.49189990758895874 0.3286880850791931 0.034788526594638824 
v 0.4839871823787689 0.32339707016944885 0.07562854886054993 
v 0.5378509163856506 0.222772017121315 0.07562854886054993 
v 0.47221341729164124 0.31553199887275696 0.11160100996494293 
v 0.5247901082038879 0.2173856496810913 0.11160100996494293 
v 0.2431258261203766 0.586995542049408 0.012231536209583282 
v 0.35290291905403137 0.5281744599342346 0.012231536209583282 
v 0.3438938558101654 0.5146370530128479 0.010332000441849232 
v 0.4377501904964447 0.4377501904964447 0.010332000441849232 
v 0.425976425409317 0.425976425409317 0.011994093656539917 
v 0.5008136034011841 0.33464646339416504 0.011994093656539917 
v 0.49537959694862366 0.33097609877586365 0.01674293354153633 
v 0.5505303144454956 0.22801539301872253 0.01674293354153633 
v 0.5466693043708801 0.2264423817396164 0.034788526594638824 
v 0.5802268385887146 0.11542593687772751 0.034788526594638824 
v 0.570884108543396 0.11356692016124725 0.07562854886054993 
v 0.5821812152862549 0.00002412799949524924 0.07562854886054993 
v 0.5570130348205566 0.11080223321914673 0.11160100996494293 
v 0.5680717825889587 0.00002412799949524924 0.11160100996494293 
v 0.4492855966091156 0.4492855966091156 0.012231536209583282 
v 0.5281744599342346 0.35290291905403137 0.012231536209583282 
v 0.5146370530128479 0.3438938558101654 0.010332000441849232 
v 0.5719804763793945 0.23692911863327026 0.010332000441849232 
v 0.5565840005874634 0.23054173588752747 0.011994093656539917 
v 0.5907612442970276 0.11752328276634216 0.011994093656539917 
v 0.5843262076377869 0.11623627692461014 0.01674293354153633 
v 0.5959092974662781 0.00002412799949524924 0.01674293354153633 
v 0.59171462059021 0.00002412799949524924 0.034788526594638824 
v 0.5802268385887146 -0.11542534828186035 0.034788526594638824 
v 0.570884108543396 -0.1135663315653801 0.07562854886054993 
v 0.5378985404968262 -0.22277143597602844 0.07562854886054993 
v 0.5570130348205566 -0.11080164462327957 0.11160100996494293 
v 0.5247901082038879 -0.21738505363464355 0.11160100996494293 
v 0.586995542049408 0.2431258261203766 0.012231536209583282 
v 0.6230317950248718 0.12391065806150436 0.012231536209583282 
v 0.607063353061676 0.12076463550329208 0.010332000441849232 
v 0.6190754771232605 0.00002412799949524924 0.010332000441849232 
v 0.6024397015571594 0.00002412799949524924 0.011994093656539917 
v 0.5907612442970276 -0.117522694170475 0.011994093656539917 
v 0.5843262076377869 -0.11623568832874298 0.01674293354153633 
v 0.5505303144454956 -0.22801479697227478 0.01674293354153633 
v 0.5466693043708801 -0.22644178569316864 0.034788526594638824 
v 0.49189990758895874 -0.32868751883506775 0.034788526594638824 
v 0.4839871823787689 -0.3233964741230011 0.07562854886054993 
v 0.4116763472557068 -0.41167575120925903 0.07562854886054993 
v 0.47221341729164124 -0.3155314028263092 0.11160100996494293 
v 0.4016662836074829 -0.40166568756103516 0.11160100996494293 
v 0.6353775858879089 0.00002412799949524924 0.012231536209583282 
v 0.6230317950248718 -0.12391006946563721 0.012231536209583282 
v 0.607063353061676 -0.12076404690742493 0.010332000441849232 
v 0.5719804763793945 -0.2369285225868225 0.010332000441849232 
v 0.5565840005874634 -0.2305411547422409 0.011994093656539917 
v 0.5008136034011841 -0.3346458673477173 0.011994093656539917 
v 0.49537959694862366 -0.3309755325317383 0.01674293354153633 
v 0.421352744102478 -0.4213521480560303 0.01674293354153633 
v 0.4183973968029022 -0.41839680075645447 0.034788526594638824 
v 0.3286880850791931 -0.491899311542511 0.034788526594638824 
v 0.32339707016944885 -0.48398658633232117 0.07562854886054993 
v 0.222772017121315 -0.5378503203392029 0.07562854886054993 
v 0.31553199887275696 -0.47221285104751587 0.11160100996494293 
v 0.2173856496810913 -0.524789571762085 0.11160100996494293 
v 0.586995542049408 -0.24312524497509003 0.012231536209583282 
v 0.5281744599342346 -0.352902352809906 0.012231536209583282 
v 0.5146370530128479 -0.34389328956604004 0.010332000441849232 
v 0.4377501904964447 -0.43774959444999695 0.010332000441849232 
v 0.425976425409317 -0.42597585916519165 0.011994093656539917 
v 0.33464646339416504 -0.5008130669593811 0.011994093656539917 
v 0.33097609877586365 -0.4953790009021759 0.01674293354153633 
v 0.22801539301872253 -0.5505297183990479 0.01674293354153633 
v 0.2264423817396164 -0.5466687083244324 0.034788526594638824 
v 0.11542593687772751 -0.5802262425422668 0.034788526594638824 
v 0.11356692016124725 -0.5708835124969482 0.07562854886054993 
v 0.00002412799949524924 -0.5821806192398071 0.07562854886054993 
v 0.11080223321914673 -0.5570124387741089 0.11160100996494293 
v 0.00002412799949524924 -0.568071186542511 0.11160100996494293 
v 0.4492855966091156 -0.44928500056266785 0.012231536209583282 
v 0.35290291905403137 -0.5281739234924316 0.012231536209583282 
v 0.3438938558101654 -0.5146364569664001 0.010332000441849232 
v 0.23692911863327026 -0.5719798803329468 0.010332000441849232 
v 0.23054173588752747 -0.5565834045410156 0.011994093656539917 
v 0.11752328276634216 -0.5907606482505798 0.011994093656539917 
v 0.11623627692461014 -0.5843256115913391 0.01674293354153633 
v 0.00002412799949524924 -0.5959087014198303 0.01674293354153633 
v 0.00002412799949524924 -0.5917140245437622 0.034788526594638824 
v -0.11542534828186035 -0.5802262425422668 0.034788526594638824 
v -0.1135663315653801 -0.5708835124969482 0.07562854886054993 
v -0.22277143597602844 -0.5378503203392029 0.07562854886054993 
v -0.11080164462327957 -0.5570124387741089 0.11160100996494293 
v -0.21738505363464355 -0.524789571762085 0.11160100996494293 
v 0.2431258261203766 -0.586995005607605 0.012231536209583282 
v 0.12391065806150436 -0.6230312585830688 0.012231536209583282 
v 0.12076463550329208 -0.6070627570152283 0.010332000441849232 
v 0.00002412799949524924 -0.6190748810768127 0.010332000441849232 
v 0.00002412799949524924 -0.6024391055107117 0.011994093656539917 
v -0.117522694170475 -0.5907606482505798 0.011994093656539917 
v -0.11623568832874298 -0.5843256115913391 0.01674293354153633 
v -0.22801479697227478 -0.5505297183990479 0.01674293354153633 
v -0.22644178569316864 -0.5466687083244324 0.034788526594638824 
v -0.32868751883506775 -0.491899311542511 0.034788526594638824 
v -0.3233964741230011 -0.48398658633232117 0.07562854886054993 
v -0.41167575120925903 -0.41167575120925903 0.07562854886054993 
v -0.3155314028263092 -0.47221285104751587 0.11160100996494293 
v -0.40166568756103516 -0.40166568756103516 0.11160100996494293 
v 0.00002412799949524924 -0.6353769898414612 0.012231536209583282 
v -0.12391006946563721 -0.6230312585830688 0.012231536209583282 
v -0.12076404690742493 -0.6070627570152283 0.010332000441849232 
v -0.2369285225868225 -0.5719798803329468 0.010332000441849232 
v -0.2305411547422409 -0.5565834045410156 0.011994093656539917 
v -0.3346458673477173 -0.5008130669593811 0.011994093656539917 
v -0.3309755325317383 -0.4953790009021759 0.01674293354153633 
v -0.4213521480560303 -0.4213521480560303 0.01674293354153633 
v -0.41839680075645447 -0.41839680075645447 0.034788526594638824 
v -0.491899311542511 -0.32868751883506775 0.034788526594638824 
v -0.48398658633232117 -0.3233964741230011 0.07562854886054993 
v -0.5378979444503784 -0.22277143597602844 0.07562854886054993 
v -0.47221285104751587 -0.3155314028263092 0.11160100996494293 
v -0.524789571762085 -0.21738505363464355 0.11160100996494293 
v -0.24312524497509003 -0.586995005607605 0.012231536209583282 
v -0.352902352809906 -0.5281739234924316 0.012231536209583282 
v -0.34389328956604004 -0.5146364569664001 0.010332000441849232 
v -0.43774959444999695 -0.43774959444999695 0.010332000441849232 
v -0.42597585916519165 -0.42597585916519165 0.011994093656539917 
v -0.5008130669593811 -0.3346458673477173 0.011994093656539917 
v -0.4953790009021759 -0.3309755325317383 0.01674293354153633 
v -0.5505297183990479 -0.22801479697227478 0.01674293354153633 
v -0.5466687083244324 -0.22644178569316864 0.034788526594638824 
v -0.5802262425422668 -0.11542534828186035 0.034788526594638824 
v -0.5708835124969482 -0.1135663315653801 0.07562854886054993 
v -0.5821806192398071 0.00002412799949524924 0.07562854886054993 
v -0.5570124387741089 -0.11080164462327957 0.11160100996494293 
v -0.568071186542511 0.00002412799949524924 0.11160100996494293 
v -0.44928500056266785 -0.44928500056266785 0.012231536209583282 
v -0.5281739234924316 -0.352902352809906 0.012231536209583282 
v -0.5146364569664001 -0.34389328956604004 0.010332000441849232 
v -0.5719798803329468 -0.2369285225868225 0.010332000441849232 
v -0.5565834045410156 -0.2305411547422409 0.011994093656539917 
v -0.5907606482505798 -0.117522694170475 0.011994093656539917 
v -0.5843256115913391 -0.11623568832874298 0.01674293354153633 
v -0.5959087014198303 0.00002412799949524924 0.01674293354153633 
v -0.5917140245437622 0.00002412799949524924 0.034788526594638824 
v -0.5802262425422668 0.11542593687772751 0.034788526594638824 
v -0.5708835124969482 0.11356692016124725 0.07562854886054993 
v -0.5378503203392029 0.222772017121315 0.07562854886054993 
v -0.5570124387741089 0.11080223321914673 0.11160100996494293 
v -0.524789571762085 0.2173856496810913 0.11160100996494293 
v -0.586995005607605 -0.24312524497509003 0.012231536209583282 
v -0.6230312585830688 -0.12391006946563721 0.012231536209583282 
v -0.6070627570152283 -0.12076404690742493 0.010332000441849232 
v -0.6190748810768127 0.00002412799949524924 0.010332000441849232 
v -0.6024391055107117 0.00002412799949524924 0.011994093656539917 
v -0.5907606482505798 0.11752328276634216 0.011994093656539917 
v -0.5843256115913391 0.11623627692461014 0.01674293354153633 
v -0.5505297183990479 0.22801539301872253 0.01674293354153633 
v -0.5466687083244324 0.2264423817396164 0.034788526594638824 
v -0.491899311542511 0.3286880850791931 0.034788526594638824 
v -0.48398658633232117 0.32339707016944885 0.07562854886054993 
v -0.41167575120925903 0.4116763472557068 0.07562854886054993 
v -0.47221285104751587 0.31553199887275696 0.11160100996494293 
v -0.40166568756103516 0.4016662836074829 0.11160100996494293 
v -0.6353769898414612 0.00002412799949524924 0.012231536209583282 
v -0.6230312585830688 0.12391065806150436 0.012231536209583282 
v -0.6070627570152283 0.12076463550329208 0.010332000441849232 
v -0.5719798803329468 0.23692911863327026 0.010332000441849232 
v -0.5565834045410156 0.23054173588752747 0.011994093656539917 
v -0.5008130669593811 0.33464646339416504 0.011994093656539917 
v -0.4953790009021759 0.33097609877586365 0.01674293354153633 
v -0.4213521480560303 0.421352744102478 0.01674293354153633 
v -0.41839680075645447 0.4183973968029022 0.034788526594638824 
v -0.32868751883506775 0.49189990758895874 0.034788526594638824 
v -0.3233964741230011 0.4839871823787689 0.07562854886054993 
v -0.22277143597602844 0.5378985404968262 0.07562854886054993 
v -0.3155314028263092 0.47221341729164124 0.11160100996494293 
v -0.21738505363464355 0.5247901082038879 0.11160100996494293 
v -0.586995005607605 0.2431258261203766 0.012231536209583282 
v -0.5281739234924316 0.35290291905403137 0.012231536209583282 
v -0.5146364569664001 0.3438938558101654 0.010332000441849232 
v -0.43774959444999695 0.4377501904964447 0.010332000441849232 
v -0.42597585916519165 0.425976425409317 0.011994093656539917 
v -0.3346458673477173 0.5008136034011841 0.011994093656539917 
v -0.3309755325317383 0.49537959694862366 0.01674293354153633 
v -0.22801479697227478 0.5505303144454956 0.01674293354153633 
v -0.22644178569316864 0.5466693043708801 0.034788526594638824 
v -0.11542534828186035 0.5802268385887146 0.034788526594638824 
v -0.1135663315653801 0.570884108543396 0.07562854886054993 
v -0.11080164462327957 0.5570130348205566 0.11160100996494293 
v -0.12500640749931335 0.6283705234527588 0.017811423167586327 
v -0.12391006946563721 0.6230317950248718 0.012231536209583282 
v -0.24522258341312408 0.5920006036758423 0.017811423167586327 
v -0.24312524497509003 0.586995542049408 0.012231536209583282 
v -0.352902352809906 0.5281744599342346 0.012231536209583282 
v -0.2369285225868225 0.5719804763793945 0.010332000441849232 
v -0.34389328956604004 0.5146370530128479 0.010332000441849232 
v -0.44928500056266785 0.4492855966091156 0.012231536209583282 
v -0.4530983865261078 0.45309895277023315 0.017811423167586327 
v -0.5327022671699524 0.3559536039829254 0.017811423167586327 
v -0.5920000076293945 0.24522317945957184 0.017811423167586327 
v -0.628369927406311 0.1250070035457611 0.017811423167586327 
v -0.640811026096344 0.00002412799949524924 0.017811423167586327 
v -0.628369927406311 -0.12500640749931335 0.017811423167586327 
v -0.5920000076293945 -0.24522258341312408 0.017811423167586327 
v -0.5327022671699524 -0.35595303773880005 0.017811423167586327 
v -0.4530983865261078 -0.4530983865261078 0.017811423167586327 
v -0.35595303773880005 -0.5327022671699524 0.017811423167586327 
v -0.24522258341312408 -0.5920000076293945 0.017811423167586327 
v -0.12500640749931335 -0.628369927406311 0.017811423167586327 
v 0.00002412799949524924 -0.640811026096344 0.017811423167586327 
v 0.1250070035457611 -0.628369927406311 0.017811423167586327 
v 0.24522317945957184 -0.5920000076293945 0.017811423167586327 
v 0.3559536039829254 -0.5327022671699524 0.017811423167586327 
v 0.45309895277023315 -0.4530983865261078 0.017811423167586327 
v 0.5327028632164001 -0.35595303773880005 0.017811423167586327 
v 0.5920006036758423 -0.24522258341312408 0.017811423167586327 
v 0.6283705234527588 -0.12500640749931335 0.017811423167586327 
v 0.6408116221427917 0.00002412799949524924 0.017811423167586327 
v 0.6283705234527588 0.1250070035457611 0.017811423167586327 
v 0.5920006036758423 0.24522317945957184 0.017811423167586327 
v 0.5327028632164001 0.3559536039829254 0.017811423167586327 
v 0.45309895277023315 0.45309895277023315 0.017811423167586327 
v 0.3559536039829254 0.5327028632164001 0.017811423167586327 
v 0.24522317945957184 0.5920006036758423 0.017811423167586327 
v 0.1250070035457611 0.6283705234527588 0.017811423167586327 
v -0.640811026096344 0.00002412799949524924 0.017811423167586327 
v -0.640811026096344 0.00002412799949524924 0.03882503882050514 
v -0.628369927406311 -0.12500640749931335 0.017811423167586327 
v -0.35595303773880005 0.5327028632164001 0.017811423167586327 
v 0.00002412799949524924 -0.589378297328949 3.8693580627441406 
v 0.00002412799949524924 -0.597386360168457 3.882654905319214 
v 0.11494926363229752 -0.577985942363739 3.8693580627441406 
v 0.11652227491140366 -0.5858033299446106 3.882654905319214 
v 0.22858738899230957 -0.5519120693206787 3.882654905319214 
v 0.11780928820371628 -0.592190682888031 3.8960702419281006 
v 0.2311137467622757 -0.557918131351471 3.8960702419281006 
v 0.2333540916442871 -0.5633997917175293 3.900463104248047 
v 0.33545681834220886 -0.5020047426223755 3.8960702419281006 
v 0.3387458324432373 -0.5069620609283447 3.900463104248047 
v 0.43121981620788574 -0.431219220161438 3.900463104248047 
v 0.3418441712856293 -0.5115857720375061 3.900463104248047 
v 0.43512850999832153 -0.4351279139518738 3.900463104248047 
v 0.43884652853012085 -0.4388459324836731 3.900463104248047 
v 0.5115863680839539 -0.3418436050415039 3.900463104248047 
v 0.5159240961074829 -0.3447512686252594 3.900463104248047 
v 0.5734104514122009 -0.23750053346157074 3.900463104248047 
v 0.5191177725791931 -0.34689629077911377 3.8933396339416504 
v 0.5769378542900085 -0.23897820711135864 3.8933396339416504 
v 0.5781295299530029 -0.23945488035678864 3.8719699382781982 
v 0.6123543977737427 -0.12181272357702255 3.8933396339416504 
v 0.6136414408683777 -0.12205106019973755 3.8719699382781982 
v 0.6257488131523132 0.00002412799949524924 3.8719699382781982 
v 0.6123543977737427 -0.12181272357702255 3.8504815101623535 
v 0.624461829662323 0.00002412799949524924 3.8504815101623535 
v 0.6206484436988831 0.00002412799949524924 3.843358278274536 
v 0.6123543977737427 0.12181331217288971 3.8504815101623535 
v 0.608588695526123 0.1210506409406662 3.843358278274536 
v 0.5734104514122009 0.2375011146068573 3.843358278274536 
v 0.6035836935043335 0.12004963308572769 3.8368284702301025 
v 0.5686914324760437 0.2355467677116394 3.8368284702301025 
v 0.5639724135398865 0.2335924208164215 3.817002058029175 
v 0.5116817355155945 0.3418918550014496 3.8368284702301025 
v 0.5074869990348816 0.33907949924468994 3.817002058029175 
v 0.4316488206386566 0.4316488206386566 3.817002058029175 
v 0.43522384762763977 0.43522384762763977 3.8368284702301025 
v 0.43884652853012085 0.43884652853012085 3.843358278274536 
v 0.5159240961074829 0.34475186467170715 3.843358278274536 
v 0.5191177725791931 0.3468968868255615 3.8504815101623535 
v 0.5769378542900085 0.2389788031578064 3.8504815101623535 
v 0.5781295299530029 0.2394554764032364 3.8719699382781982 
v 0.6136414408683777 0.1220516487956047 3.8719699382781982 
v 0.6123543977737427 0.12181331217288971 3.8933396339416504 
v 0.624461829662323 0.00002412799949524924 3.8933396339416504 
v 0.6206484436988831 0.00002412799949524924 3.900463104248047 
v 0.608588695526123 -0.12105005234479904 3.900463104248047 
v 0.6034407019615173 -0.12004904448986053 3.900463104248047 
v 0.5685484409332275 -0.23549851775169373 3.900463104248047 
v 0.563400387763977 -0.23335351049900055 3.900463104248047 
v 0.5069626569747925 -0.33874523639678955 3.900463104248047 
v 0.5020052790641785 -0.3354562222957611 3.8960702419281006 
v 0.42702510952949524 -0.4270245134830475 3.8960702419281006 
v 0.42240142822265625 -0.4224008321762085 3.882654905319214 
v 0.3318341076374054 -0.4966183304786682 3.882654905319214 
v 0.3274010717868805 -0.489992618560791 3.8693580627441406 
v 0.22553670406341553 -0.5445236563682556 3.8693580627441406 
v 0.44156354665756226 0.44156354665756226 3.8504815101623535 
v 0.44246920943260193 0.44246920943260193 3.8719699382781982 
v 0.5202140808105469 0.3475642204284668 3.8719699382781982 
v 0.5191177725791931 0.3468968868255615 3.8933396339416504 
v 0.5769378542900085 0.2389788031578064 3.8933396339416504 
v 0.5734104514122009 0.2375011146068573 3.900463104248047 
v 0.608588695526123 0.1210506409406662 3.900463104248047 
v 0.6034407019615173 0.12004963308572769 3.900463104248047 
v 0.6153574585914612 0.00002412799949524924 3.900463104248047 
v 0.6098280549049377 0.00002412799949524924 3.900463104248047 
v 0.5980066657066345 -0.11895270645618439 3.900463104248047 
v 0.5921912789344788 -0.11780869960784912 3.8960702419281006 
v 0.5579186677932739 -0.23111315071582794 3.8960702419281006 
v 0.5519126653671265 -0.228586807847023 3.882654905319214 
v 0.49661892652511597 -0.33183351159095764 3.882654905319214 
v 0.48999321460723877 -0.3274005055427551 3.8693580627441406 
v 0.41677671670913696 -0.4167761206626892 3.8693580627441406 
v 0.44156354665756226 0.44156354665756226 3.8933396339416504 
v 0.43884652853012085 0.43884652853012085 3.900463104248047 
v 0.5159240961074829 0.34475186467170715 3.900463104248047 
v 0.5115863680839539 0.3418441712856293 3.900463104248047 
v 0.5685484409332275 0.23549911379814148 3.900463104248047 
v 0.563400387763977 0.2333540916442871 3.900463104248047 
v 0.5980066657066345 0.11895329505205154 3.900463104248047 
v 0.5921912789344788 0.11780928820371628 3.8960702419281006 
v 0.6038696765899658 0.00002412799949524924 3.8960702419281006 
v 0.5973869562149048 0.00002412799949524924 3.882654905319214 
v 0.5858038663864136 -0.1165216863155365 3.882654905319214 
v 0.577986478805542 -0.11494867503643036 3.8693580627441406 
v 0.5445242524147034 -0.22553612291812897 3.8693580627441406 
v 0.43512850999832153 0.43512850999832153 3.900463104248047 
v 0.43121981620788574 0.43121981620788574 3.900463104248047 
v 0.5069626569747925 0.3387458324432373 3.900463104248047 
v 0.5020052790641785 0.33545681834220886 3.8960702419281006 
v 0.5579186677932739 0.2311137467622757 3.8960702419281006 
v 0.5519126653671265 0.22858738899230957 3.882654905319214 
v 0.5858038663864136 0.11652227491140366 3.882654905319214 
v 0.577986478805542 0.11494926363229752 3.8693580627441406 
v 0.5893788933753967 0.00002412799949524924 3.8693580627441406 
v 0.6155480742454529 0.00002412799949524924 3.8368284702301025 
v 0.6104477047920227 0.00002412799949524924 3.817002058029175 
v 0.6035836935043335 -0.12004904448986053 3.8368284702301025 
v 0.5985786318778992 -0.11904803663492203 3.817002058029175 
v 0.5639724135398865 -0.23359183967113495 3.817002058029175 
v 0.608588695526123 -0.12105005234479904 3.843358278274536 
v 0.5734104514122009 -0.23750053346157074 3.843358278274536 
v 0.5769378542900085 -0.23897820711135864 3.8504815101623535 
v 0.5191177725791931 -0.34689629077911377 3.8504815101623535 
v 0.5202140808105469 -0.34756362438201904 3.8719699382781982 
v 0.44246920943260193 -0.44246864318847656 3.8719699382781982 
v 0.44156354665756226 -0.4415629506111145 3.8933396339416504 
v 0.3468968868255615 -0.5191171765327454 3.8933396339416504 
v 0.34475186467170715 -0.5159235000610352 3.900463104248047 
v 0.2375011146068573 -0.5734098553657532 3.900463104248047 
v 0.23549911379814148 -0.5685478448867798 3.900463104248047 
v 0.12004963308572769 -0.6034401059150696 3.900463104248047 
v 0.11895329505205154 -0.5980060696601868 3.900463104248047 
v 0.00002412799949524924 -0.60982745885849 3.900463104248047 
v 0.00002412799949524924 -0.6038690805435181 3.8960702419281006 
v 0.00002412799949524924 -0.6153568625450134 3.900463104248047 
v 0.00002412799949524924 -0.6206479072570801 3.900463104248047 
v 0.1210506409406662 -0.6085880994796753 3.900463104248047 
v 0.12181331217288971 -0.6123538017272949 3.8933396339416504 
v 0.2389788031578064 -0.5769372582435608 3.8933396339416504 
v 0.2394554764032364 -0.5781289339065552 3.8719699382781982 
v 0.3475642204284668 -0.5202134847640991 3.8719699382781982 
v 0.3468968868255615 -0.5191171765327454 3.8504815101623535 
v 0.44156354665756226 -0.4415629506111145 3.8504815101623535 
v 0.43884652853012085 -0.4388459324836731 3.843358278274536 
v 0.5159240961074829 -0.3447512686252594 3.843358278274536 
v 0.5116817355155945 -0.34189125895500183 3.8368284702301025 
v 0.5686914324760437 -0.23554618656635284 3.8368284702301025 
v 0.00002412799949524924 -0.6244612336158752 3.8933396339416504 
v 0.00002412799949524924 -0.6257482767105103 3.8719699382781982 
v 0.1220516487956047 -0.6136408448219299 3.8719699382781982 
v 0.12181331217288971 -0.6123538017272949 3.8504815101623535 
v 0.2389788031578064 -0.5769372582435608 3.8504815101623535 
v 0.2375011146068573 -0.5734098553657532 3.843358278274536 
v 0.34475186467170715 -0.5159235000610352 3.843358278274536 
v 0.3418918550014496 -0.5116811394691467 3.8368284702301025 
v 0.43522384762763977 -0.435223251581192 3.8368284702301025 
v 0.4316488206386566 -0.43164822459220886 3.817002058029175 
v 0.5074869990348816 -0.3390789031982422 3.817002058029175 
v 0.00002412799949524924 -0.6244612336158752 3.8504815101623535 
v 0.00002412799949524924 -0.6206479072570801 3.843358278274536 
v 0.1210506409406662 -0.6085880994796753 3.843358278274536 
v 0.12004963308572769 -0.6035830974578857 3.8368284702301025 
v 0.2355467677116394 -0.568690836429596 3.8368284702301025 
v 0.2335924208164215 -0.5639718174934387 3.817002058029175 
v 0.33907949924468994 -0.5074864029884338 3.817002058029175 
v 0.11904862523078918 -0.5985780358314514 3.817002058029175 
v 0.00002412799949524924 -0.6104471683502197 3.817002058029175 
v 0.00002412799949524924 -0.6155475378036499 3.8368284702301025 
v 0.5985786318778992 0.11904862523078918 3.817002058029175 
v 0.5445242524147034 0.22553670406341553 3.8693580627441406 
v 0.48999321460723877 0.3274010717868805 3.8693580627441406 
v 0.49661892652511597 0.3318341076374054 3.882654905319214 
v 0.42240142822265625 0.42240142822265625 3.882654905319214 
v 0.42702510952949524 0.42702510952949524 3.8960702419281006 
v 0.33545681834220886 0.5020052790641785 3.8960702419281006 
v 0.3387458324432373 0.5069626569747925 3.900463104248047 
v 0.3418441712856293 0.5115863680839539 3.900463104248047 
v 0.2333540916442871 0.563400387763977 3.900463104248047 
v 0.23549911379814148 0.5685484409332275 3.900463104248047 
v 0.12004963308572769 0.6034407019615173 3.900463104248047 
v 0.2375011146068573 0.5734104514122009 3.900463104248047 
v 0.1210506409406662 0.608588695526123 3.900463104248047 
v 0.12181331217288971 0.6123543977737427 3.8933396339416504 
v 0.00002412799949524924 0.6206484436988831 3.900463104248047 
v 0.00002412799949524924 0.624461829662323 3.8933396339416504 
v -0.12181272357702255 0.6123543977737427 3.8933396339416504 
v 0.00002412799949524924 0.6257488131523132 3.8719699382781982 
v -0.12205106019973755 0.6136414408683777 3.8719699382781982 
v -0.12181272357702255 0.6123543977737427 3.8504815101623535 
v -0.23945488035678864 0.5781295299530029 3.8719699382781982 
v -0.23897820711135864 0.5769378542900085 3.8504815101623535 
v -0.34689629077911377 0.5191177725791931 3.8504815101623535 
v -0.23750053346157074 0.5734104514122009 3.843358278274536 
v -0.3447512686252594 0.5159240961074829 3.843358278274536 
v -0.34189125895500183 0.5116817355155945 3.8368284702301025 
v -0.4388459324836731 0.43884652853012085 3.843358278274536 
v -0.435223251581192 0.43522384762763977 3.8368284702301025 
v -0.5116811394691467 0.3418918550014496 3.8368284702301025 
v -0.43164822459220886 0.4316488206386566 3.817002058029175 
v -0.5074864029884338 0.33907949924468994 3.817002058029175 
v 0.34475186467170715 0.5159240961074829 3.900463104248047 
v 0.3468968868255615 0.5191177725791931 3.8933396339416504 
v 0.2389788031578064 0.5769378542900085 3.8933396339416504 
v 0.2394554764032364 0.5781295299530029 3.8719699382781982 
v 0.1220516487956047 0.6136414408683777 3.8719699382781982 
v 0.12181331217288971 0.6123543977737427 3.8504815101623535 
v 0.00002412799949524924 0.624461829662323 3.8504815101623535 
v 0.00002412799949524924 0.6206484436988831 3.843358278274536 
v -0.12105005234479904 0.608588695526123 3.843358278274536 
v -0.12004904448986053 0.6035836935043335 3.8368284702301025 
v -0.23554618656635284 0.5686914324760437 3.8368284702301025 
v -0.23359183967113495 0.5639724135398865 3.817002058029175 
v -0.3390789031982422 0.5074869990348816 3.817002058029175 
v 0.3475642204284668 0.5202140808105469 3.8719699382781982 
v 0.3468968868255615 0.5191177725791931 3.8504815101623535 
v 0.2389788031578064 0.5769378542900085 3.8504815101623535 
v 0.2375011146068573 0.5734104514122009 3.843358278274536 
v 0.1210506409406662 0.608588695526123 3.843358278274536 
v 0.12004963308572769 0.6035836935043335 3.8368284702301025 
v 0.00002412799949524924 0.6155480742454529 3.8368284702301025 
v 0.00002412799949524924 0.6104477047920227 3.817002058029175 
v -0.11904803663492203 0.5985786318778992 3.817002058029175 
v 0.34475186467170715 0.5159240961074829 3.843358278274536 
v 0.3418918550014496 0.5116817355155945 3.8368284702301025 
v 0.2355467677116394 0.5686914324760437 3.8368284702301025 
v 0.2335924208164215 0.5639724135398865 3.817002058029175 
v 0.11904862523078918 0.5985786318778992 3.817002058029175 
v 0.33907949924468994 0.5074869990348816 3.817002058029175 
v -0.12500640749931335 0.6283705234527588 0.017811423167586327 
v -0.12500640749931335 0.6283705234527588 0.03882503882050514 
v 0.00002412799949524924 0.6408116221427917 0.017811423167586327 
v 0.00002412799949524924 0.6408116221427917 0.03882503882050514 
v 0.1250070035457611 0.6283705234527588 0.03882503882050514 
v 0.00002412799949524924 0.6408116221427917 0.08726321160793304 
v 0.1250070035457611 0.6283705234527588 0.08726321160793304 
v 0.24522317945957184 0.5920006036758423 0.03882503882050514 
v 0.24522317945957184 0.5920006036758423 0.017811423167586327 
v 0.3559536039829254 0.5327028632164001 0.017811423167586327 
v -0.5639718174934387 0.2335924208164215 3.817002058029175 
v -0.568690836429596 0.2355467677116394 3.8368284702301025 
v -0.5734098553657532 0.2375011146068573 3.843358278274536 
v -0.6035830974578857 0.12004963308572769 3.8368284702301025 
v -0.6085880994796753 0.1210506409406662 3.843358278274536 
v -0.6206479072570801 0.00002412799949524924 3.843358278274536 
v -0.6123538017272949 0.12181331217288971 3.8504815101623535 
v -0.6244612336158752 0.00002412799949524924 3.8504815101623535 
v -0.6257482767105103 0.00002412799949524924 3.8719699382781982 
v -0.6123538017272949 -0.12181272357702255 3.8504815101623535 
v -0.6136408448219299 -0.12205106019973755 3.8719699382781982 
v -0.5781289339065552 -0.23945488035678864 3.8719699382781982 
v -0.6123538017272949 -0.12181272357702255 3.8933396339416504 
v -0.5769372582435608 -0.23897820711135864 3.8933396339416504 
v -0.5734098553657532 -0.23750053346157074 3.900463104248047 
v -0.5191171765327454 -0.34689629077911377 3.8933396339416504 
v -0.5159235000610352 -0.3447512686252594 3.900463104248047 
v -0.4388459324836731 -0.4388459324836731 3.900463104248047 
v -0.5115857720375061 -0.3418436050415039 3.900463104248047 
v -0.4351279139518738 -0.4351279139518738 3.900463104248047 
v -0.431219220161438 -0.431219220161438 3.900463104248047 
v -0.3418436050415039 -0.5115857720375061 3.900463104248047 
v -0.33874523639678955 -0.5069620609283447 3.900463104248047 
v -0.23335351049900055 -0.5633997917175293 3.900463104248047 
v -0.3354562222957611 -0.5020047426223755 3.8960702419281006 
v -0.23111315071582794 -0.557918131351471 3.8960702419281006 
v -0.228586807847023 -0.5519120693206787 3.882654905319214 
v -0.11780869960784912 -0.592190682888031 3.8960702419281006 
v -0.1165216863155365 -0.5858033299446106 3.882654905319214 
v 0.00002412799949524924 -0.597386360168457 3.882654905319214 
v -0.11494867503643036 -0.577985942363739 3.8693580627441406 
v 0.00002412799949524924 -0.589378297328949 3.8693580627441406 
v -0.5159235000610352 0.34475186467170715 3.843358278274536 
v -0.5191171765327454 0.3468968868255615 3.8504815101623535 
v -0.4415629506111145 0.44156354665756226 3.8504815101623535 
v -0.44246864318847656 0.44246920943260193 3.8719699382781982 
v -0.34756362438201904 0.5202140808105469 3.8719699382781982 
v -0.34689629077911377 0.5191177725791931 3.8933396339416504 
v -0.23897820711135864 0.5769378542900085 3.8933396339416504 
v -0.23750053346157074 0.5734104514122009 3.900463104248047 
v -0.12105005234479904 0.608588695526123 3.900463104248047 
v -0.12004904448986053 0.6034407019615173 3.900463104248047 
v 0.00002412799949524924 0.6153574585914612 3.900463104248047 
v 0.00002412799949524924 0.6098280549049377 3.900463104248047 
v 0.11895329505205154 0.5980066657066345 3.900463104248047 
v 0.11780928820371628 0.5921912789344788 3.8960702419281006 
v 0.2311137467622757 0.5579186677932739 3.8960702419281006 
v 0.22858738899230957 0.5519126653671265 3.882654905319214 
v 0.3318341076374054 0.49661892652511597 3.882654905319214 
v 0.3274010717868805 0.48999321460723877 3.8693580627441406 
v 0.41677671670913696 0.41677671670913696 3.8693580627441406 
v -0.5769372582435608 0.2389788031578064 3.8504815101623535 
v -0.5781289339065552 0.2394554764032364 3.8719699382781982 
v -0.6136408448219299 0.1220516487956047 3.8719699382781982 
v -0.6123538017272949 0.12181331217288971 3.8933396339416504 
v -0.6244612336158752 0.00002412799949524924 3.8933396339416504 
v -0.6206479072570801 0.00002412799949524924 3.900463104248047 
v -0.6085880994796753 -0.12105005234479904 3.900463104248047 
v -0.6034401059150696 -0.12004904448986053 3.900463104248047 
v -0.5685478448867798 -0.23549851775169373 3.900463104248047 
v -0.5633997917175293 -0.23335351049900055 3.900463104248047 
v -0.5069620609283447 -0.33874523639678955 3.900463104248047 
v -0.5020047426223755 -0.3354562222957611 3.8960702419281006 
v -0.4270245134830475 -0.4270245134830475 3.8960702419281006 
v -0.4224008321762085 -0.4224008321762085 3.882654905319214 
v -0.33183351159095764 -0.4966183304786682 3.882654905319214 
v -0.3274005055427551 -0.489992618560791 3.8693580627441406 
v -0.22553612291812897 -0.5445236563682556 3.8693580627441406 
v -0.4167761206626892 -0.4167761206626892 3.8693580627441406 
v -0.489992618560791 -0.3274005055427551 3.8693580627441406 
v -0.4966183304786682 -0.33183351159095764 3.882654905319214 
v -0.5519120693206787 -0.228586807847023 3.882654905319214 
v -0.557918131351471 -0.23111315071582794 3.8960702419281006 
v -0.592190682888031 -0.11780869960784912 3.8960702419281006 
v -0.5980060696601868 -0.11895270645618439 3.900463104248047 
v -0.60982745885849 0.00002412799949524924 3.900463104248047 
v -0.6153568625450134 0.00002412799949524924 3.900463104248047 
v -0.6034401059150696 0.12004963308572769 3.900463104248047 
v -0.6085880994796753 0.1210506409406662 3.900463104248047 
v -0.5734098553657532 0.2375011146068573 3.900463104248047 
v -0.5769372582435608 0.2389788031578064 3.8933396339416504 
v -0.5191171765327454 0.3468968868255615 3.8933396339416504 
v -0.5202134847640991 0.3475642204284668 3.8719699382781982 
v -0.5445236563682556 -0.22553612291812897 3.8693580627441406 
v -0.577985942363739 -0.11494867503643036 3.8693580627441406 
v -0.5858033299446106 -0.1165216863155365 3.882654905319214 
v -0.597386360168457 0.00002412799949524924 3.882654905319214 
v -0.6038690805435181 0.00002412799949524924 3.8960702419281006 
v -0.592190682888031 0.11780928820371628 3.8960702419281006 
v -0.5980060696601868 0.11895329505205154 3.900463104248047 
v -0.5633997917175293 0.2333540916442871 3.900463104248047 
v -0.5685478448867798 0.23549911379814148 3.900463104248047 
v -0.5115857720375061 0.3418441712856293 3.900463104248047 
v -0.5159235000610352 0.34475186467170715 3.900463104248047 
v -0.4388459324836731 0.43884652853012085 3.900463104248047 
v -0.4415629506111145 0.44156354665756226 3.8933396339416504 
v -0.589378297328949 0.00002412799949524924 3.8693580627441406 
v -0.577985942363739 0.11494926363229752 3.8693580627441406 
v -0.5858033299446106 0.11652227491140366 3.882654905319214 
v -0.5519120693206787 0.22858738899230957 3.882654905319214 
v -0.557918131351471 0.2311137467622757 3.8960702419281006 
v -0.5020047426223755 0.33545681834220886 3.8960702419281006 
v -0.5069620609283447 0.3387458324432373 3.900463104248047 
v -0.431219220161438 0.43121981620788574 3.900463104248047 
v -0.4351279139518738 0.43512850999832153 3.900463104248047 
v -0.3418436050415039 0.5115863680839539 3.900463104248047 
v -0.3447512686252594 0.5159240961074829 3.900463104248047 
v -0.5445236563682556 0.22553670406341553 3.8693580627441406 
v -0.489992618560791 0.3274010717868805 3.8693580627441406 
v -0.4966183304786682 0.3318341076374054 3.882654905319214 
v -0.4224008321762085 0.42240142822265625 3.882654905319214 
v -0.4270245134830475 0.42702510952949524 3.8960702419281006 
v -0.3354562222957611 0.5020052790641785 3.8960702419281006 
v -0.33874523639678955 0.5069626569747925 3.900463104248047 
v -0.23335351049900055 0.563400387763977 3.900463104248047 
v -0.23549851775169373 0.5685484409332275 3.900463104248047 
v -0.4167761206626892 0.41677671670913696 3.8693580627441406 
v -0.3274005055427551 0.48999321460723877 3.8693580627441406 
v -0.33183351159095764 0.49661892652511597 3.882654905319214 
v -0.228586807847023 0.5519126653671265 3.882654905319214 
v -0.23111315071582794 0.5579186677932739 3.8960702419281006 
v -0.11780869960784912 0.5921912789344788 3.8960702419281006 
v -0.11895270645618439 0.5980066657066345 3.900463104248047 
v -0.22553612291812897 0.5445242524147034 3.8693580627441406 
v -0.11494867503643036 0.577986478805542 3.8693580627441406 
v -0.1165216863155365 0.5858038663864136 3.882654905319214 
v 0.00002412799949524924 0.5973869562149048 3.882654905319214 
v 0.00002412799949524924 0.6038696765899658 3.8960702419281006 
v 0.00002412799949524924 0.5893788933753967 3.8693580627441406 
v 0.11494926363229752 0.577986478805542 3.8693580627441406 
v 0.11652227491140366 0.5858038663864136 3.882654905319214 
v -0.5985780358314514 0.11904862523078918 3.817002058029175 
v -0.6104471683502197 0.00002412799949524924 3.817002058029175 
v -0.6155475378036499 0.00002412799949524924 3.8368284702301025 
v -0.6035830974578857 -0.12004904448986053 3.8368284702301025 
v -0.6085880994796753 -0.12105005234479904 3.843358278274536 
v -0.5734098553657532 -0.23750053346157074 3.843358278274536 
v -0.5769372582435608 -0.23897820711135864 3.8504815101623535 
v -0.5191171765327454 -0.34689629077911377 3.8504815101623535 
v -0.5202134847640991 -0.34756362438201904 3.8719699382781982 
v -0.44246864318847656 -0.44246864318847656 3.8719699382781982 
v -0.4415629506111145 -0.4415629506111145 3.8933396339416504 
v -0.34689629077911377 -0.5191171765327454 3.8933396339416504 
v -0.3447512686252594 -0.5159235000610352 3.900463104248047 
v -0.23750053346157074 -0.5734098553657532 3.900463104248047 
v -0.23549851775169373 -0.5685478448867798 3.900463104248047 
v -0.12004904448986053 -0.6034401059150696 3.900463104248047 
v -0.11895270645618439 -0.5980060696601868 3.900463104248047 
v 0.00002412799949524924 -0.60982745885849 3.900463104248047 
v 0.00002412799949524924 -0.6038690805435181 3.8960702419281006 
v -0.5985780358314514 -0.11904803663492203 3.817002058029175 
v -0.5639718174934387 -0.23359183967113495 3.817002058029175 
v -0.568690836429596 -0.23554618656635284 3.8368284702301025 
v -0.5116811394691467 -0.34189125895500183 3.8368284702301025 
v -0.5159235000610352 -0.3447512686252594 3.843358278274536 
v -0.4388459324836731 -0.4388459324836731 3.843358278274536 
v -0.4415629506111145 -0.4415629506111145 3.8504815101623535 
v -0.34689629077911377 -0.5191171765327454 3.8504815101623535 
v -0.34756362438201904 -0.5202134847640991 3.8719699382781982 
v -0.23945488035678864 -0.5781289339065552 3.8719699382781982 
v -0.23897820711135864 -0.5769372582435608 3.8933396339416504 
v -0.12181272357702255 -0.6123538017272949 3.8933396339416504 
v -0.12105005234479904 -0.6085880994796753 3.900463104248047 
v 0.00002412799949524924 -0.6206479072570801 3.900463104248047 
v 0.00002412799949524924 -0.6153568625450134 3.900463104248047 
v -0.5074864029884338 -0.3390789031982422 3.817002058029175 
v -0.43164822459220886 -0.43164822459220886 3.817002058029175 
v -0.435223251581192 -0.435223251581192 3.8368284702301025 
v -0.34189125895500183 -0.5116811394691467 3.8368284702301025 
v -0.3447512686252594 -0.5159235000610352 3.843358278274536 
v -0.23750053346157074 -0.5734098553657532 3.843358278274536 
v -0.23897820711135864 -0.5769372582435608 3.8504815101623535 
v -0.12181272357702255 -0.6123538017272949 3.8504815101623535 
v -0.12205106019973755 -0.6136408448219299 3.8719699382781982 
v 0.00002412799949524924 -0.6257482767105103 3.8719699382781982 
v 0.00002412799949524924 -0.6244612336158752 3.8933396339416504 
v -0.3390789031982422 -0.5074864029884338 3.817002058029175 
v -0.23359183967113495 -0.5639718174934387 3.817002058029175 
v -0.23554618656635284 -0.568690836429596 3.8368284702301025 
v -0.12004904448986053 -0.6035830974578857 3.8368284702301025 
v -0.12105005234479904 -0.6085880994796753 3.843358278274536 
v 0.00002412799949524924 -0.6206479072570801 3.843358278274536 
v 0.00002412799949524924 -0.6244612336158752 3.8504815101623535 
v -0.11904803663492203 -0.5985780358314514 3.817002058029175 
v 0.00002412799949524924 -0.6104471683502197 3.817002058029175 
v 0.00002412799949524924 -0.6155475378036499 3.8368284702301025 
v 0.22553670406341553 0.5445242524147034 3.8693580627441406 
v 0.1250070035457611 0.6283705234527588 0.017811423167586327 
v -0.35595303773880005 0.5327028632164001 0.08726321160793304 
v -0.35595303773880005 0.5327028632164001 0.03882503882050514 
v -0.24522258341312408 0.5920006036758423 0.08726321160793304 
v -0.24522258341312408 0.5920006036758423 0.03882503882050514 
v -0.12500640749931335 0.6283705234527588 0.03882503882050514 
v -0.24522258341312408 0.5920006036758423 0.017811423167586327 
v -0.12500640749931335 0.6283705234527588 0.017811423167586327 
v -0.2519436478614807 0.6082074046134949 0.14721731841564178 
v -0.12839077413082123 0.645530641078949 0.14721731841564178 
v -0.1386391818523407 0.6971063613891602 0.20289745926856995 
v -0.12500640749931335 0.6283705234527588 0.08726321160793304 
v -0.11623568832874298 0.5843262076377869 0.01674293354153633 
v -0.117522694170475 0.5907612442970276 0.011994093656539917 
v -0.2305411547422409 0.5565840005874634 0.011994093656539917 
v -0.12076404690742493 0.607063353061676 0.010332000441849232 
v 0.2264423817396164 0.5466693043708801 0.034788526594638824 
v 0.11542593687772751 0.5802268385887146 0.034788526594638824 
v 0.222772017121315 0.5378985404968262 0.07562854886054993 
v 0.11356692016124725 0.570884108543396 0.07562854886054993 
v 0.11080223321914673 0.5570130348205566 0.11160100996494293 
v 0.00002412799949524924 0.5821812152862549 0.07562854886054993 
v 0.00002412799949524924 0.5680717825889587 0.11160100996494293 
v -0.11080164462327957 0.5570130348205566 0.11160100996494293 
v -0.1135663315653801 0.570884108543396 0.07562854886054993 
v -0.11542534828186035 0.5802268385887146 0.034788526594638824 
v 0.00002412799949524924 0.59171462059021 0.034788526594638824 
v 0.00002412799949524924 0.5959092974662781 0.01674293354153633 
v 0.11623627692461014 0.5843262076377869 0.01674293354153633 
v -0.12500640749931335 0.6283705234527588 0.08726321160793304 
v -0.12839077413082123 0.645530641078949 0.14721731841564178 
v 0.00002412799949524924 0.6583054065704346 0.14721731841564178 
v -0.1386391818523407 0.6971063613891602 0.20289745926856995 
v -0.11623568832874298 0.5843262076377869 0.01674293354153633 
v -0.117522694170475 0.5907612442970276 0.011994093656539917 
v 0.00002412799949524924 0.6024397015571594 0.011994093656539917 
v 0.049645476043224335 0.2181006520986557 3.879805564880371 
v 0.07047595083713531 0.20227520167827606 3.879805564880371 
v 0.05879753828048706 0.2210560142993927 3.8799242973327637 
v 0.08344137668609619 0.20642223954200745 3.8799242973327637 
v 0.4016662836074829 0.4016662836074829 0.11160100996494293 
v 0.31553199887275696 0.47221341729164124 0.11160100996494293 
v 0.32339707016944885 0.4839871823787689 0.07562854886054993 
v 0.2173856496810913 0.5247901082038879 0.11160100996494293 
v 0.15232019126415253 0.7657944560050964 0.2640387713909149 
v 0.29884853959083557 0.7215118408203125 0.2640387713909149 
v 0.433793842792511 0.649200975894928 0.2640387713909149 
v 0.5521986484527588 0.5521986484527588 0.2640387713909149 
v 0.649200975894928 0.433793842792511 0.2640387713909149 
v 0.7215118408203125 0.29884853959083557 0.2640387713909149 
v 0.7657944560050964 0.15232019126415253 0.2640387713909149 
v 0.7809525728225708 0.00002412799949524924 0.2640387713909149 
v 0.7657944560050964 -0.15231961011886597 0.2640387713909149 
v 0.7215118408203125 -0.2988479733467102 0.2640387713909149 
v 0.649200975894928 -0.43379324674606323 0.2640387713909149 
v 0.5521986484527588 -0.552198052406311 0.2640387713909149 
v 0.433793842792511 -0.649200439453125 0.2640387713909149 
v 0.29884853959083557 -0.7215112447738647 0.2640387713909149 
v 0.15232019126415253 -0.7657939195632935 0.2640387713909149 
v -0.5327022671699524 0.3559536039829254 0.017811423167586327 
v -0.4530983865261078 0.45309895277023315 0.017811423167586327 
v -0.4530983865261078 0.45309895277023315 0.03882503882050514 
v -0.35595303773880005 0.5327028632164001 0.017811423167586327 
v -0.12076404690742493 0.607063353061676 0.010332000441849232 
v 0.1586122363805771 0.19522050023078918 3.8735132217407227 
v 0.1557045429944992 0.10503453016281128 3.8799242973327637 
v 0.15637189149856567 0.10503453016281128 3.8735132217407227 
v 0.15599055588245392 0.07152462750673294 3.8799242973327637 
v 0.1567055583000183 0.07152462750673294 3.8735132217407227 
v 0.152034193277359 -0.007840926758944988 3.8799242973327637 
v 0.15293987095355988 -0.008031594567000866 3.8735132217407227 
v 0.14679081737995148 -0.023618703708052635 3.8799242973327637 
v 0.14726749062538147 -0.02466737851500511 3.8735132217407227 
v 0.13844910264015198 -0.04621286317706108 3.8799242973327637 
v 0.13940243422985077 -0.046689532697200775 3.8735132217407227 
v 0.12910635769367218 -0.061084967106580734 3.8799242973327637 
v 0.129440039396286 -0.06227664276957512 3.8735132217407227 
v 0.11709427833557129 -0.07800675183534622 3.8799242973327637 
v 0.11799995601177216 -0.07891242206096649 3.8735132217407227 
v 0.09297477453947067 -0.09287885576486588 3.8799242973327637 
v 0.09307011216878891 -0.09421353042125702 3.8735132217407227 
v 0.06880760937929153 -0.10698828846216202 3.8799242973327637 
v 0.06928428262472153 -0.10827529430389404 3.8735132217407227 
v 0.04392543435096741 -0.11337566375732422 3.8799242973327637 
v 0.04425910487771034 -0.11466267704963684 3.8735132217407227 
v 0.024715634062886238 -0.1165216863155365 3.8799242973327637 
v 0.024953968822956085 -0.11785636097192764 3.8735132217407227 
v 0.00002412799949524924 -0.11885736882686615 3.8799242973327637 
v 0.00002412799949524924 -0.12023971229791641 3.8735132217407227 
v -0.02471504546701908 -0.1165216863155365 3.8799242973327637 
v -0.024953380227088928 -0.11785636097192764 3.8735132217407227 
v -0.04392484575510025 -0.11337566375732422 3.8799242973327637 
v -0.044258516281843185 -0.11466267704963684 3.8735132217407227 
v -0.06794901192188263 -0.10751262307167053 3.8799242973327637 
v -0.0683780163526535 -0.10879963636398315 3.8735132217407227 
v -0.09297418594360352 -0.09287885576486588 3.8799242973327637 
v -0.09306952357292175 -0.09421353042125702 3.8735132217407227 
v -0.11709368973970413 -0.07800675183534622 3.8799242973327637 
v -0.117999367415905 -0.07891242206096649 3.8735132217407227 
v -0.12910577654838562 -0.061084967106580734 3.8799242973327637 
v -0.12943944334983826 -0.06227664276957512 3.8735132217407227 
v -0.13844850659370422 -0.04621286317706108 3.8799242973327637 
v -0.1394018530845642 -0.046689532697200775 3.8735132217407227 
v -0.14679023623466492 -0.023618703708052635 3.8799242973327637 
v -0.14726689457893372 -0.02466737851500511 3.8735132217407227 
v -0.15203359723091125 -0.007840926758944988 3.8799242973327637 
v -0.15293927490711212 -0.008031594567000866 3.8735132217407227 
v -0.15598995983600616 0.07152462750673294 3.8799242973327637 
v -0.15670496225357056 0.07152462750673294 3.8735132217407227 
v -0.15570396184921265 0.10503453016281128 3.8799242973327637 
v -0.15637129545211792 0.10503453016281128 3.8735132217407227 
v -0.15789663791656494 0.19522050023078918 3.8799242973327637 
v -0.15861165523529053 0.19522050023078918 3.8735132217407227 
v -0.15689563751220703 0.22534604370594025 3.8799242973327637 
v -0.15751530230045319 0.22610871493816376 3.8735132217407227 
v -0.15489362180233002 0.262859970331192 3.8799242973327637 
v -0.15584696829319 0.2630506455898285 3.8735132217407227 
v -0.1430722028017044 0.29779988527297974 3.8799242973327637 
v -0.1440255492925644 0.2981812059879303 3.8735132217407227 
v -0.12915344536304474 0.3214903771877289 3.8799242973327637 
v -0.1300591081380844 0.32234838604927063 3.8735132217407227 
v -0.0954052060842514 0.344608873128891 3.8799242973327637 
v -0.09602487832307816 0.34570521116256714 3.8735132217407227 
v -0.06742467731237411 0.35857531428337097 3.8799242973327637 
v -0.06775834411382675 0.3596239686012268 3.8735132217407227 
v -0.030721087008714676 0.36658334732055664 3.8799242973327637 
v -0.030864087864756584 0.3676796853542328 3.8735132217407227 
v 0.00002412799949524924 0.3683947026729584 3.8799242973327637 
v 0.00002412799949524924 0.36930036544799805 3.8735132217407227 
v 0.030721675604581833 0.36658334732055664 3.8799242973327637 
v 0.03086467646062374 0.3676796853542328 3.8735132217407227 
v 0.06742526590824127 0.35857531428337097 3.8799242973327637 
v 0.06775893270969391 0.3596239686012268 3.8735132217407227 
v 0.09540579468011856 0.344608873128891 3.8799242973327637 
v 0.09602546691894531 0.34570521116256714 3.8735132217407227 
v 0.1291540265083313 0.3214903771877289 3.8799242973327637 
v 0.13005970418453217 0.32234838604927063 3.8735132217407227 
v 0.14307279884815216 0.29779988527297974 3.8799242973327637 
v 0.14402613043785095 0.2981812059879303 3.8735132217407227 
v 0.15489421784877777 0.262859970331192 3.8799242973327637 
v 0.15584754943847656 0.2630506455898285 3.8735132217407227 
v 0.1568962186574936 0.22534604370594025 3.8799242973327637 
v 0.15751589834690094 0.22610871493816376 3.8735132217407227 
v 0.1578972339630127 0.19522050023078918 3.8799242973327637 
v 0.00002412799949524924 0.36591601371765137 3.882298707962036 
v -0.03343810513615608 0.3627699911594391 3.8824174404144287 
v -0.06828268617391586 0.3549049496650696 3.8824174404144287 
v -0.09693054854869843 0.33841216564178467 3.8825361728668213 
v -0.13015444576740265 0.31553199887275696 3.8824174404144287 
v -0.14326287806034088 0.29117417335510254 3.882298707962036 
v -0.15427395701408386 0.25704458355903625 3.8821799755096436 
v -0.1553226262331009 0.22334402799606323 3.8821799755096436 
v -0.15641896426677704 0.19197914004325867 3.882061243057251 
v -0.15422628819942474 0.10598786920309067 3.882061243057251 
v -0.15455995500087738 0.07400330901145935 3.882061243057251 
v -0.1514139324426651 -0.0022162210661917925 3.882061243057251 
v -0.14531254768371582 -0.020425014197826385 3.8824174404144287 
v -0.13882984220981598 -0.03977781534194946 3.882298707962036 
v -0.12796176970005035 -0.05689027160406113 3.8825361728668213 
v -0.11857137084007263 -0.07190537452697754 3.8824174404144287 
v -0.09259285032749176 -0.0877784863114357 3.882654905319214 
v -0.07047536224126816 -0.10160191357135773 3.8825361728668213 
v -0.046689532697200775 -0.10736962407827377 3.882654905319214 
v -0.027670398354530334 -0.11046797782182693 3.882654905319214 
v 0.00002412799949524924 -0.11289899796247482 3.882654905319214 
v 0.02767098881304264 -0.11046797782182693 3.882654905319214 
v 0.00002412799949524924 -0.11065864562988281 3.883129835128784 
v 0.02767098881304264 -0.1081799641251564 3.883129835128784 
v 0.00002412799949524924 -0.021044686436653137 3.883129835128784 
v 0.019138595089316368 -0.01923334039747715 3.883129835128784 
v 0.019138595089316368 -0.01203562319278717 3.8799242973327637 
v 0.031293679028749466 -0.009842940606176853 3.8799242973327637 
v 0.031198345124721527 -0.0034078960306942463 3.878974437713623 
v 0.04344876483082771 -0.007602591998875141 3.8799242973327637 
v 0.043162763118743896 0.0005484650027938187 3.878974437713623 
v 0.057605862617492676 -0.0015488830395042896 3.878974437713623 
v 0.05465051159262657 0.004743161145597696 3.878974437713623 
v 0.06647192686796188 0.0020261420868337154 3.878974437713623 
v 0.06570925563573837 0.020949941128492355 3.878974437713623 
v 0.06704393029212952 0.020949941128492355 3.878143548965454 
v 0.06833093613386154 0.03796705976128578 3.8780248165130615 
v 0.06866461038589478 0.030769342556595802 3.8757691383361816 
v 0.06957028061151505 0.04602278396487236 3.8757691383361816 
v 0.07014228403568268 0.04602278396487236 3.8735132217407227 
v 0.06976094841957092 0.056843191385269165 3.8735132217407227 
v -0.027670398354530334 -0.1081799641251564 3.883129835128784 
v -0.04630819708108902 -0.10517694056034088 3.883129835128784 
v -0.06966502964496613 -0.09945689886808395 3.883129835128784 
v -0.09183017909526825 -0.08563347160816193 3.883129835128784 
v -0.11699835956096649 -0.0703323632478714 3.883129835128784 
v -0.1266270875930786 -0.05493592470884323 3.883129835128784 
v -0.1369231641292572 -0.03887214511632919 3.883129835128784 
v -0.14350120723247528 -0.018947338685393333 3.883129835128784 
v -0.14941191673278809 -0.0018348849844187498 3.883129835128784 
v -0.15251027047634125 0.07405097782611847 3.883129835128784 
v -0.1521766036748886 0.10598786920309067 3.883129835128784 
v -0.1543692797422409 0.19197914004325867 3.883129835128784 
v -0.15327294170856476 0.22210468351840973 3.883129835128784 
v -0.15222427248954773 0.2566632628440857 3.883129835128784 
v -0.14130853116512299 0.2903161644935608 3.883129835128784 
v -0.1285337656736374 0.31400665640830994 3.883129835128784 
v -0.09573887288570404 0.336553156375885 3.883129835128784 
v -0.06752000749111176 0.35290291905403137 3.883129835128784 
v -0.033104438334703445 0.3606249690055847 3.883129835128784 
v 0.00002412799949524924 0.363770991563797 3.883129835128784 
v 0.0331050269305706 0.3606249690055847 3.883129835128784 
v 0.03343869373202324 0.3627699911594391 3.8824174404144287 
v 0.06752060353755951 0.35290291905403137 3.883129835128784 
v 0.06828327476978302 0.3549049496650696 3.8824174404144287 
v 0.0957394614815712 0.336553156375885 3.883129835128784 
v 0.09693113714456558 0.33841216564178467 3.8825361728668213 
v 0.12853436172008514 0.31400665640830994 3.883129835128784 
v 0.1301550418138504 0.31553199887275696 3.8824174404144287 
v 0.14130911231040955 0.2903161644935608 3.883129835128784 
v 0.14326345920562744 0.29117417335510254 3.882298707962036 
v 0.1522248536348343 0.2566632628440857 3.883129835128784 
v 0.15427453815937042 0.25704458355903625 3.8821799755096436 
v 0.1532735377550125 0.22210468351840973 3.883129835128784 
v 0.15532320737838745 0.22334402799606323 3.8821799755096436 
v 0.15436987578868866 0.19197914004325867 3.883129835128784 
v 0.1564195603132248 0.19197914004325867 3.882061243057251 
v 0.15217718482017517 0.10598786920309067 3.883129835128784 
v 0.1542268693447113 0.10598786920309067 3.882061243057251 
v 0.152510866522789 0.07405097782611847 3.883129835128784 
v 0.15456053614616394 0.07400330901145935 3.882061243057251 
v 0.14941251277923584 -0.0018348849844187498 3.883129835128784 
v 0.15141451358795166 -0.0022162210661917925 3.882061243057251 
v 0.14350180327892303 -0.018947338685393333 3.883129835128784 
v 0.14531314373016357 -0.020425014197826385 3.8824174404144287 
v 0.13692374527454376 -0.03887214511632919 3.883129835128784 
v 0.13883043825626373 -0.03977781534194946 3.882298707962036 
v 0.12662768363952637 -0.05493592470884323 3.883129835128784 
v 0.12796235084533691 -0.05689027160406113 3.8825361728668213 
v 0.11699894815683365 -0.0703323632478714 3.883129835128784 
v 0.11857195943593979 -0.07190537452697754 3.8824174404144287 
v 0.0918307676911354 -0.08563347160816193 3.883129835128784 
v 0.09259343892335892 -0.0877784863114357 3.882654905319214 
v 0.07057128846645355 -0.09893256425857544 3.883129835128784 
v 0.07133395969867706 -0.10107757896184921 3.8825361728668213 
v 0.04630878567695618 -0.10517694056034088 3.883129835128784 
v 0.04669012129306793 -0.10736962407827377 3.882654905319214 
v -0.01913800649344921 -0.01923334039747715 3.883129835128784 
v -0.01913800649344921 -0.01203562319278717 3.8799242973327637 
v -0.03129309043288231 -0.009842940606176853 3.8799242973327637 
v -0.03119775652885437 -0.0034078960306942463 3.878974437713623 
v -0.04316217452287674 0.0005484650027938187 3.878974437713623 
v -0.042780838906764984 0.008699522353708744 3.878974437713623 
v -0.05760527402162552 -0.0015488830395042896 3.878974437713623 
v -0.054649919271469116 0.004743161145597696 3.878974437713623 
v -0.06780601292848587 -0.003217227989807725 3.878974437713623 
v -0.06647133827209473 0.0020261420868337154 3.878974437713623 
v -0.06918835639953613 -0.002692891051992774 3.8786182403564453 
v -0.06790135055780411 0.002216809894889593 3.8783810138702393 
v -0.06952202320098877 0.00903319101780653 3.8757691383361816 
v -0.0688546895980835 0.013752223923802376 3.8757691383361816 
v -0.07028469443321228 0.00903319101780653 3.8735132217407227 
v -0.06947435438632965 0.013847557827830315 3.8735132217407227 
v 0.00002412799949524924 -0.014085303992033005 3.8799242973327637 
v 0.019233928993344307 -0.007316589821130037 3.878974437713623 
v 0.03177034854888916 0.0008821340161375701 3.878974437713623 
v 0.04278142750263214 0.008699522353708744 3.878974437713623 
v 0.05646185576915741 0.024143630638718605 3.878974437713623 
v 0.06709159910678864 0.0380147285759449 3.878974437713623 
v 0.0682356059551239 0.05026514455676079 3.878143548965454 
v 0.06909360736608505 0.056795526295900345 3.8757691383361816 
v 0.06737759709358215 0.06999928504228592 3.8735132217407227 
v 0.06656725704669952 0.06966561824083328 3.8757691383361816 
v 0.06604292243719101 0.06556625664234161 3.8782622814178467 
v 0.06694859266281128 0.05016981065273285 3.878974437713623 
v 0.05488884449005127 0.0380147285759449 3.878974437713623 
v 0.048739802092313766 0.025192303583025932 3.878974437713623 
v 0.04192342236638069 0.009462193585932255 3.877906084060669 
v 0.031198345124721527 0.0017878069775179029 3.877906084060669 
v 0.031198345124721527 0.0017878069775179029 3.8735132217407227 
v 0.019138595089316368 -0.002263888018205762 3.877906084060669 
v 0.019138595089316368 -0.002263888018205762 3.8735132217407227 
v 0.00002412799949524924 -0.004599571228027344 3.877906084060669 
v 0.00002412799949524924 -0.004599571228027344 3.8735132217407227 
v -0.01913800649344921 -0.002263888018205762 3.8735132217407227 
v 0.019376929849386215 -0.003360229078680277 3.878974437713623 
v 0.00002412799949524924 -0.005648245103657246 3.878974437713623 
v -0.01913800649344921 -0.002263888018205762 3.877906084060669 
v -0.019376341253519058 -0.003360229078680277 3.878974437713623 
v -0.03119775652885437 0.002216809894889593 3.877906084060669 
v -0.031769759953022 0.0013111369917169213 3.878974437713623 
v -0.041922833770513535 0.009462193585932255 3.877906084060669 
v -0.047642871737480164 0.02538297139108181 3.877906084060669 
v -0.04873921349644661 0.025192303583025932 3.878974437713623 
v -0.047642871737480164 0.0380147285759449 3.877906084060669 
v -0.04873921349644661 0.03815772756934166 3.878974437713623 
v -0.04368651285767555 0.05036047846078873 3.877906084060669 
v -0.04468751698732376 0.05083715170621872 3.878974437713623 
v -0.037966471165418625 0.05855920538306236 3.877906084060669 
v -0.038729142397642136 0.05932187661528587 3.878974437713623 
v -0.03119775652885437 0.06337357312440872 3.877906084060669 
v -0.03172209486365318 0.06432691216468811 3.878974437713623 
v -0.0215690229088068 0.06666259467601776 3.877906084060669 
v -0.021807357668876648 0.06771127134561539 3.878974437713623 
v -0.010557945817708969 0.0687122717499733 3.877906084060669 
v -0.010653279721736908 0.06980861723423004 3.878974437713623 
v 0.00002412799949524924 0.06880760937929153 3.877906084060669 
v 0.00002412799949524924 0.06990394741296768 3.878974437713623 
v 0.0105585353448987 0.0687122717499733 3.877906084060669 
v 0.01065386924892664 0.06980861723423004 3.878974437713623 
v 0.021569611504673958 0.06666259467601776 3.877906084060669 
v 0.021807946264743805 0.06771127134561539 3.878974437713623 
v 0.031198345124721527 0.06337357312440872 3.877906084060669 
v 0.03172268345952034 0.06432691216468811 3.878974437713623 
v 0.03796705976128578 0.05855920538306236 3.877906084060669 
v 0.03872973099350929 0.05932187661528587 3.878974437713623 
v 0.04368710145354271 0.05036047846078873 3.877906084060669 
v 0.04468810558319092 0.05083715170621872 3.878974437713623 
v 0.04764346033334732 0.0380147285759449 3.877906084060669 
v 0.048739802092313766 0.03815772756934166 3.878974437713623 
v 0.04764346033334732 0.02538297139108181 3.877906084060669 
v 0.0105585353448987 0.0687122717499733 3.8735132217407227 
v 0.021569611504673958 0.06666259467601776 3.8735132217407227 
v 0.031198345124721527 0.06337357312440872 3.8735132217407227 
v 0.03796705976128578 0.05855920538306236 3.8735132217407227 
v 0.04368710145354271 0.05036047846078873 3.8735132217407227 
v 0.04764346033334732 0.0380147285759449 3.8735132217407227 
v 0.04764346033334732 0.02538297139108181 3.8735132217407227 
v 0.04192342236638069 0.009462193585932255 3.8735132217407227 
v 0.00002412799949524924 0.06880760937929153 3.8735132217407227 
v -0.010557945817708969 0.0687122717499733 3.8735132217407227 
v -0.0215690229088068 0.06666259467601776 3.8735132217407227 
v -0.03119775652885437 0.06337357312440872 3.8735132217407227 
v -0.037966471165418625 0.05855920538306236 3.8735132217407227 
v -0.04368651285767555 0.05036047846078873 3.8735132217407227 
v -0.047642871737480164 0.0380147285759449 3.8735132217407227 
v -0.047642871737480164 0.02538297139108181 3.8735132217407227 
v -0.041922833770513535 0.009462193585932255 3.8735132217407227 
v -0.03119775652885437 0.002216809894889593 3.8735132217407227 
v 0.03196101635694504 -0.02013901248574257 3.883129835128784 
v 0.04478343948721886 -0.021092353388667107 3.883129835128784 
v 0.0601322166621685 -0.008174596354365349 3.8799242973327637 
v 0.06780660152435303 -0.003217227989807725 3.878974437713623 
v 0.06790193915367126 0.002216809894889593 3.8783810138702393 
v 0.06885527819395065 0.013752223923802376 3.8757691383361816 
v 0.06904594600200653 0.030769342556595802 3.8735132217407227 
v 0.0648035779595375 -0.018089331686496735 3.883129835128784 
v 0.0689506083726883 -0.008984934538602829 3.8800430297851562 
v 0.06918894499540329 -0.002692891051992774 3.8786182403564453 
v 0.06952261179685593 0.00903319101780653 3.8757691383361816 
v 0.0694749504327774 0.013847557827830315 3.8735132217407227 
v 0.07710167020559311 -0.0160396508872509 3.883129835128784 
v 0.08730240166187286 -0.015276978723704815 3.883129835128784 
v 0.09764614701271057 -0.009032602421939373 3.883129835128784 
v 0.10613086819648743 -0.0015488830395042896 3.883129835128784 
v 0.11218457669019699 0.008556520566344261 3.883129835128784 
v 0.10989656299352646 0.07877001166343689 3.883129835128784 
v 0.09759847819805145 0.10899089276790619 3.883129835128784 
v 0.10522519797086716 0.1839710772037506 3.883129835128784 
v 0.1289156973361969 0.2139059603214264 3.883129835128784 
v 0.13549374043941498 0.24941787123680115 3.883129835128784 
v 0.12386299669742584 0.27940040826797485 3.883129835128784 
v 0.11051623523235321 0.3006122410297394 3.883129835128784 
v 0.08377504348754883 0.32168105244636536 3.883129835128784 
v 0.06065655127167702 0.3367914855480194 3.883129835128784 
v 0.030340339988470078 0.34375086426734924 3.883129835128784 
v 0.00002412799949524924 0.3463725447654724 3.883129835128784 
v -0.03033975139260292 0.34375086426734924 3.883129835128784 
v 0.00002412799949524924 0.323540061712265 3.883129835128784 
v -0.026574058458209038 0.3215857148170471 3.883129835128784 
v 0.00002412799949524924 0.32211005687713623 3.882654905319214 
v -0.02638339065015316 0.32020336389541626 3.882654905319214 
v -0.024190707132220268 0.3171526789665222 3.8799242973327637 
v -0.0482148751616478 0.3124813139438629 3.8799242973327637 
v 0.026574647054076195 0.3215857148170471 3.883129835128784 
v 0.052696164697408676 0.31648534536361694 3.883129835128784 
v 0.0726686343550682 0.3053312599658966 3.883129835128784 
v 0.09569180011749268 0.28974416851997375 3.883129835128784 
v 0.10727487504482269 0.2740617096424103 3.883129835128784 
v 0.11733261495828629 0.2518012225627899 3.883129835128784 
v 0.11161257326602936 0.22529837489128113 3.883129835128784 
v 0.09102042764425278 0.2030855417251587 3.883129835128784 
v 0.08711173385381699 0.17701169848442078 3.883129835128784 
v 0.07552865892648697 0.19788984954357147 3.883129835128784 
v 0.0669962614774704 0.16952797770500183 3.883129835128784 
v 0.05798719823360443 0.19236047565937042 3.883129835128784 
v 0.03734738752245903 0.1716729998588562 3.883129835128784 
v 0.03243768960237503 0.19393348693847656 3.883129835128784 
v 0.00002412799949524924 0.17129166424274445 3.883129835128784 
v 0.00002412799949524924 0.19364748895168304 3.883129835128784 
v -0.032437097281217575 0.19393348693847656 3.883129835128784 
v -0.032484766095876694 0.19536349177360535 3.882654905319214 
v -0.057795941829681396 0.19383814930915833 3.8827736377716064 
v -0.029195742681622505 0.1984618455171585 3.8799242973327637 
v -0.05250490456819534 0.19717484712600708 3.8799242973327637 
v 0.00002412799949524924 0.19507749378681183 3.882654905319214 
v 0.03248535469174385 0.19536349177360535 3.882654905319214 
v 0.05779653042554855 0.19383814930915833 3.8827736377716064 
v 0.07452765107154846 0.19908152520656586 3.8827736377716064 
v 0.09021009504795074 0.2043725550174713 3.8827736377716064 
v 0.11027789860963821 0.22601337730884552 3.882892370223999 
v 0.11575960367918015 0.25161054730415344 3.882892370223999 
v 0.10598786920309067 0.27329903841018677 3.8827736377716064 
v 0.09469079226255417 0.28869548439979553 3.8827736377716064 
v 0.0719059631228447 0.3040919303894043 3.8827736377716064 
v 0.052219491451978683 0.3151029944419861 3.882654905319214 
v 0.026383979246020317 0.32020336389541626 3.882654905319214 
v 0.00002412799949524924 0.31891635060310364 3.8799242973327637 
v 0.024191297590732574 0.3171526789665222 3.8799242973327637 
v 0.048215463757514954 0.3124813139438629 3.8799242973327637 
v 0.06671026349067688 0.3025665879249573 3.8799242973327637 
v 0.08796974271535873 0.2883618175983429 3.8799242973327637 
v 0.09936215728521347 0.27401405572891235 3.8799242973327637 
v 0.10932455956935883 0.2527545690536499 3.8799242973327637 
v 0.10374751687049866 0.2269190549850464 3.8799242973327637 
v 0.08344137668609619 0.20642223954200745 3.8799242973327637 
v 0.07047595083713531 0.20227520167827606 3.879805564880371 
v 0.0525054931640625 0.19717484712600708 3.8799242973327637 
v 0.029196331277489662 0.1984618455171585 3.8799242973327637 
v 0.00002412799949524924 0.1982235163450241 3.8799242973327637 
v 0.07028528302907944 0.00903319101780653 3.8735132217407227 
v 0.07004695385694504 0.0036944870371371508 3.876718759536743 
v 0.07100029289722443 0.0036944870371371508 3.8735132217407227 
v 0.0719059631228447 -0.005600578151643276 3.8788557052612305 
v 0.0736219733953476 -0.004456569906324148 3.8735132217407227 
v 0.08139169961214066 -0.008031594567000866 3.8799242973327637 
v 0.08139169961214066 -0.0072212559171020985 3.8735132217407227 
v 0.09307011216878891 -0.005552911199629307 3.8799242973327637 
v 0.09249810874462128 -0.004599571228027344 3.8735132217407227 
v 0.101650170981884 0.0024074779357761145 3.8799242973327637 
v 0.10060149431228638 0.002931815106421709 3.8735132217407227 
v 0.1046055257320404 0.014514896087348461 3.8799242973327637 
v 0.10331851989030838 0.0146102299913764 3.8735132217407227 
v 0.10241284221410751 0.07810267060995102 3.8799242973327637 
v 0.10112583637237549 0.0778166726231575 3.8735132217407227 
v 0.09092509746551514 0.10613086819648743 3.8799242973327637 
v 0.08978109061717987 0.10546353459358215 3.8735132217407227 
v 0.07862701267004013 0.12147964537143707 3.8799242973327637 
v 0.07772133499383926 0.1205739676952362 3.8735132217407227 
v 0.060704220086336136 0.13649475574493408 3.8799242973327637 
v 0.059989213943481445 0.13539840281009674 3.8735132217407227 
v 0.03496403992176056 0.14822083711624146 3.8799242973327637 
v 0.03467803820967674 0.14702916145324707 3.8735132217407227 
v 0.00002412799949524924 0.14941251277923584 3.8799242973327637 
v 0.00002412799949524924 0.14817316830158234 3.8735132217407227 
v -0.0349634513258934 0.14822083711624146 3.8799242973327637 
v -0.034677449613809586 0.14702916145324707 3.8735132217407227 
v -0.06070363149046898 0.13649475574493408 3.8799242973327637 
v -0.05998862534761429 0.13539840281009674 3.8735132217407227 
v -0.07862642407417297 0.12147964537143707 3.8799242973327637 
v -0.0777207463979721 0.1205739676952362 3.8735132217407227 
v -0.09092450886964798 0.10613086819648743 3.8799242973327637 
v -0.08978050202131271 0.10546353459358215 3.8735132217407227 
v -0.10241225361824036 0.07810267060995102 3.8799242973327637 
v -0.10112524777650833 0.0778166726231575 3.8735132217407227 
v -0.10460493713617325 0.014514896087348461 3.8799242973327637 
v -0.10331793129444122 0.0146102299913764 3.8735132217407227 
v -0.10164958238601685 0.0024074779357761145 3.8799242973327637 
v -0.10060090571641922 0.002931815106421709 3.8735132217407227 
v -0.09306952357292175 -0.005552911199629307 3.8799242973327637 
v -0.09249752014875412 -0.004599571228027344 3.8735132217407227 
v -0.0813911110162735 -0.008031594567000866 3.8799242973327637 
v -0.0813911110162735 -0.0072212559171020985 3.8735132217407227 
v -0.07190537452697754 -0.005600578151643276 3.8788557052612305 
v -0.07362138479948044 -0.004456569906324148 3.8735132217407227 
v -0.07004636526107788 0.0036944870371371508 3.876718759536743 
v -0.07099970430135727 0.0036944870371371508 3.8735132217407227 
v 0.07028528302907944 -0.008174596354365349 3.879805564880371 
v 0.07767367362976074 -0.01451430656015873 3.882892370223999 
v 0.08682573586702347 -0.013846969231963158 3.8827736377716064 
v 0.09678813815116882 -0.007888593710958958 3.8827736377716064 
v 0.10498686134815216 -0.000643210019916296 3.8827736377716064 
v 0.11065923422574997 0.008937857113778591 3.882892370223999 
v 0.10841888934373856 0.07848401367664337 3.8827736377716064 
v 0.09631146490573883 0.1082758828997612 3.8827736377716064 
v 0.08339370787143707 0.124482661485672 3.8827736377716064 
v 0.06432691216468811 0.14059410989284515 3.8827736377716064 
v 0.03710905462503433 0.1532258689403534 3.8827736377716064 
v 0.00002412799949524924 0.1544652134180069 3.8827736377716064 
v -0.037108466029167175 0.1532258689403534 3.8827736377716064 
v -0.03748980164527893 0.15465587377548218 3.883129835128784 
v -0.06513666361570358 0.14183345437049866 3.883129835128784 
v -0.03734679892659187 0.1716729998588562 3.883129835128784 
v -0.06699567288160324 0.16952797770500183 3.883129835128784 
v -0.057986609637737274 0.19236047565937042 3.883129835128784 
v -0.07552807033061981 0.19788984954357147 3.883129835128784 
v -0.0745270624756813 0.19908152520656586 3.8827736377716064 
v -0.09020950645208359 0.2043725550174713 3.8827736377716064 
v -0.07085669785737991 0.20198920369148254 3.8800430297851562 
v -0.08344078809022903 0.20642223954200745 3.8799242973327637 
v 0.08449005335569382 0.12553134560585022 3.883129835128784 
v 0.06513725221157074 0.14183345437049866 3.883129835128784 
v 0.03749039024114609 0.15465587377548218 3.883129835128784 
v 0.00002412799949524924 0.1559428870677948 3.883129835128784 
v -0.06065596267580986 0.3367914855480194 3.883129835128784 
v -0.05269557237625122 0.31648534536361694 3.883129835128784 
v -0.052218902856111526 0.3151029944419861 3.882654905319214 
v -0.06670967489480972 0.3025665879249573 3.8799242973327637 
v -0.08377445489168167 0.32168105244636536 3.883129835128784 
v -0.07266804575920105 0.3053312599658966 3.883129835128784 
v -0.07190537452697754 0.3040919303894043 3.8827736377716064 
v -0.08796915411949158 0.2883618175983429 3.8799242973327637 
v -0.11051564663648605 0.3006122410297394 3.883129835128784 
v -0.09569121152162552 0.28974416851997375 3.883129835128784 
v -0.09469020366668701 0.28869548439979553 3.8827736377716064 
v -0.09936156868934631 0.27401405572891235 3.8799242973327637 
v -0.12386240810155869 0.27940040826797485 3.883129835128784 
v -0.10727428644895554 0.2740617096424103 3.883129835128784 
v -0.10598728060722351 0.27329903841018677 3.8827736377716064 
v -0.10932397097349167 0.2527545690536499 3.8799242973327637 
v -0.13549315929412842 0.24941787123680115 3.883129835128784 
v -0.11733202636241913 0.2518012225627899 3.883129835128784 
v -0.11575901508331299 0.25161054730415344 3.882892370223999 
v -0.1037469282746315 0.2269190549850464 3.8799242973327637 
v -0.12891510128974915 0.2139059603214264 3.883129835128784 
v -0.1116119846701622 0.22529837489128113 3.883129835128784 
v -0.11027731001377106 0.22601337730884552 3.882892370223999 
v -0.09101983904838562 0.2030855417251587 3.883129835128784 
v -0.08711114525794983 0.17701169848442078 3.883129835128784 
v -0.08448946475982666 0.12553134560585022 3.883129835128784 
v -0.06432632356882095 0.14059410989284515 3.8827736377716064 
v -0.08339311927556992 0.124482661485672 3.8827736377716064 
v -0.09631087630987167 0.1082758828997612 3.8827736377716064 
v -0.1084182932972908 0.07848401367664337 3.8827736377716064 
v -0.11065864562988281 0.008937857113778591 3.882892370223999 
v -0.104986272752285 -0.000643210019916296 3.8827736377716064 
v -0.09678754955530167 -0.007888593710958958 3.8827736377716064 
v -0.08682514727115631 -0.013846969231963158 3.8827736377716064 
v -0.07767308503389359 -0.01451430656015873 3.882892370223999 
v -0.07028469443321228 -0.008174596354365349 3.879805564880371 
v -0.0975978896021843 0.10899089276790619 3.883129835128784 
v -0.1098959743976593 0.07877001166343689 3.883129835128784 
v -0.11218398809432983 0.008556520566344261 3.883129835128784 
v -0.10613027960062027 -0.0015488830395042896 3.883129835128784 
v -0.09764555841684341 -0.009032602421939373 3.883129835128784 
v -0.0873018130660057 -0.015276978723704815 3.883129835128784 
v -0.07710108160972595 -0.0160396508872509 3.883129835128784 
v -0.06895001977682114 -0.008984934538602829 3.8800430297851562 
v -0.06480298936367035 -0.018089331686496735 3.883129835128784 
v -0.0447828508913517 -0.021092353388667107 3.883129835128784 
v -0.10517694056034088 0.1839710772037506 3.883129835128784 
v -0.06013162434101105 -0.008174596354365349 3.8799242973327637 
v -0.043448176234960556 -0.007602591998875141 3.8799242973327637 
v -0.03196042776107788 -0.02013901248574257 3.883129835128784 
v -0.01923334039747715 -0.007316589821130037 3.878974437713623 
v 0.00002412799949524924 -0.009509271942079067 3.878974437713623 
v 0.05264849588274956 0.05064648017287254 3.878974437713623 
v 0.04983614385128021 0.06303989887237549 3.878974437713623 
v 0.042543090879917145 0.07257330417633057 3.878974437713623 
v 0.02857666090130806 0.07848401367664337 3.878974437713623 
v 0.014514896087348461 0.08491905778646469 3.878974437713623 
v 0.00002412799949524924 0.08806508034467697 3.878974437713623 
v 0.06475591659545898 0.06508958339691162 3.878974437713623 
v 0.05331583321094513 0.08425171673297882 3.878974437713623 
v 0.036060381680727005 0.09483379125595093 3.878974437713623 
v 0.017708584666252136 0.1006491631269455 3.878974437713623 
v 0.00002412799949524924 0.10265117883682251 3.878974437713623 
v -0.01451430656015873 0.08491905778646469 3.878974437713623 
v 0.05436450615525246 0.08525272458791733 3.8782622814178467 
v 0.03663238510489464 0.09602546691894531 3.8782622814178467 
v 0.017994586378335953 0.10198383778333664 3.8782622814178467 
v 0.00002412799949524924 0.10398585349321365 3.8782622814178467 
v -0.017993997782468796 0.10198383778333664 3.8782622814178467 
v -0.01770799607038498 0.1006491631269455 3.878974437713623 
v -0.03663179650902748 0.09602546691894531 3.8782622814178467 
v -0.03605978935956955 0.09483379125595093 3.878974437713623 
v -0.0543639175593853 0.08525272458791733 3.8782622814178467 
v -0.05331524461507797 0.08425171673297882 3.878974437713623 
v -0.06604233384132385 0.06556625664234161 3.8782622814178467 
v -0.06475532799959183 0.06508958339691162 3.878974437713623 
v -0.06823501735925674 0.05026514455676079 3.878143548965454 
v -0.06694800406694412 0.05016981065273285 3.878974437713623 
v -0.06833034753799438 0.03796705976128578 3.8780248165130615 
v -0.06709101051092148 0.0380147285759449 3.878974437713623 
v -0.06704334169626236 0.020949941128492355 3.878143548965454 
v -0.06570866703987122 0.020949941128492355 3.878974437713623 
v -0.05646126717329025 0.024143630638718605 3.878974437713623 
v -0.05488825589418411 0.0380147285759449 3.878974437713623 
v -0.0526479072868824 0.05064648017287254 3.878974437713623 
v -0.049835555255413055 0.06303989887237549 3.878974437713623 
v -0.04254250228404999 0.07257330417633057 3.878974437713623 
v -0.028576072305440903 0.07848401367664337 3.878974437713623 
v 0.05665252357721329 0.08630140125751495 3.8757691383361816 
v 0.03977840766310692 0.09640680253505707 3.8757691383361816 
v 0.021855613216757774 0.1028895154595375 3.8757691383361816 
v 0.00002412799949524924 0.10584487020969391 3.8757691383361816 
v -0.021855024620890617 0.1028895154595375 3.8757691383361816 
v -0.022045692428946495 0.10365218669176102 3.8735132217407227 
v -0.0401114858686924 0.09707414358854294 3.8735132217407227 
v -0.03977781534194946 0.09640680253505707 3.8757691383361816 
v -0.05665193498134613 0.08630140125751495 3.8757691383361816 
v -0.06656666845083237 0.06966561824083328 3.8757691383361816 
v -0.0690930187702179 0.056795526295900345 3.8757691383361816 
v -0.06956969201564789 0.04602278396487236 3.8757691383361816 
v -0.06866402179002762 0.030769342556595802 3.8757691383361816 
v -0.0573192723095417 0.08696873486042023 3.8735132217407227 
v -0.067377008497715 0.06999928504228592 3.8735132217407227 
v -0.06976035982370377 0.056843191385269165 3.8735132217407227 
v -0.07014169543981552 0.04602278396487236 3.8735132217407227 
v -0.06904535740613937 0.030769342556595802 3.8735132217407227 
v 0.00002412799949524924 0.1065598726272583 3.8735132217407227 
v 0.0220462828874588 0.10365218669176102 3.8735132217407227 
v 0.040112074464559555 0.09707414358854294 3.8735132217407227 
v 0.05731986090540886 0.08696873486042023 3.8735132217407227 
v 0.22553670406341553 0.5445242524147034 3.8693580627441406 
v 0.11494926363229752 0.577986478805542 3.8693580627441406 
v 0.22158034145832062 0.5348955392837524 3.8649654388427734 
v 0.1129472479224205 0.5677381157875061 3.8649654388427734 
v 0.11080223321914673 0.557060718536377 3.8671023845672607 
v 0.00002412799949524924 0.5789875388145447 3.8649654388427734 
v 0.00002412799949524924 0.5680717825889587 3.8671023845672607 
v -0.11080164462327957 0.557060718536377 3.8671023845672607 
v 0.00002412799949524924 0.558586061000824 3.873750686645508 
v -0.10894263535737991 0.5477656126022339 3.873750686645508 
v -0.10145891457796097 0.5219300985336304 3.880399227142334 
v -0.21376237273216248 0.5160670876502991 3.873750686645508 
v -0.19903326034545898 0.49170923233032227 3.880399227142334 
v -0.28888556361198425 0.44232621788978577 3.880399227142334 
v -0.16161467134952545 0.4348424971103668 3.882654905319214 
v -0.23449751734733582 0.3908458650112152 3.882654905319214 
v -0.18068146705627441 0.3405095040798187 3.882654905319214 
v -0.2966552674770355 0.33192944526672363 3.882654905319214 
v -0.22663246095180511 0.28874313831329346 3.882654905319214 
v -0.257234662771225 0.22606104612350464 3.882654905319214 
v -0.20093993842601776 0.2728700339794159 3.882654905319214 
v -0.22553612291812897 0.21347695589065552 3.882654905319214 
v -0.22200876474380493 0.2117132693529129 3.881467580795288 
v -0.24274390935897827 0.14702916145324707 3.882654905319214 
v -0.23869220912456512 0.14578981697559357 3.881467580795288 
v -0.25623366236686707 0.07595765590667725 3.881467580795288 
v -0.236642524600029 0.14450280368328094 3.878143548965454 
v -0.25404098629951477 0.07524265348911285 3.878143548965454 
v -0.22157976031303406 0.07471831887960434 3.8747005462646484 
v -0.27191612124443054 0.004123489838093519 3.878143548965454 
v -0.23711919784545898 0.0044571589678525925 3.8747005462646484 
v -0.252610981464386 -0.0658993348479271 3.8747005462646484 
v -0.13530248403549194 0.00564883416518569 3.8735132217407227 
v -0.14416854083538055 -0.06351598352193832 3.8735132217407227 
v 0.00002412799949524924 -0.061990637332201004 3.8735132217407227 
v -0.14879225194454193 -0.13282379508018494 3.8735132217407227 
v 0.00002412799949524924 -0.13096478581428528 3.8735132217407227 
v 0.00002412799949524924 -0.20046328008174896 3.8735132217407227 
v 0.1487928330898285 -0.13282379508018494 3.8735132217407227 
v 0.14507481455802917 -0.20213161408901215 3.8735132217407227 
v 0.2542799115180969 -0.20508697628974915 3.8747005462646484 
v 0.1313467174768448 -0.2666727304458618 3.8735132217407227 
v 0.23020806908607483 -0.2676737308502197 3.8747005462646484 
v 0.18578243255615234 -0.31781941652297974 3.8747005462646484 
v 0.26395630836486816 -0.26943743228912354 3.878143548965454 
v 0.2129049450159073 -0.3182007670402527 3.878143548965454 
v 0.2139059603214264 -0.32077479362487793 3.881467580795288 
v 0.1470768302679062 -0.35342666506767273 3.878143548965454 
v 0.14764882624149323 -0.3562867045402527 3.881467580795288 
v 0.07533799111843109 -0.3781181871891022 3.881467580795288 
v 0.1486021727323532 -0.35914671421051025 3.882654905319214 
v 0.07581465691328049 -0.3811212182044983 3.882654905319214 
v 0.08010468631982803 -0.4027620255947113 3.882654905319214 
v 0.00002412799949524924 -0.3887002468109131 3.882654905319214 
v 0.00002412799949524924 -0.41077008843421936 3.882654905319214 
v -0.08010409772396088 -0.4027620255947113 3.882654905319214 
v 0.00002412799949524924 -0.4707828164100647 3.882654905319214 
v -0.09183017909526825 -0.4616784453392029 3.882654905319214 
v -0.10384226590394974 -0.5219295024871826 3.880399227142334 
v -0.18010947108268738 -0.4349849224090576 3.882654905319214 
v -0.20365695655345917 -0.4917563199996948 3.880399227142334 
v -0.2956066131591797 -0.4425162971019745 3.880399227142334 
v -0.21376237273216248 -0.5160664916038513 3.873750686645508 
v -0.31028804183006287 -0.464347779750824 3.873750686645508 
v -0.3155314028263092 -0.4722605049610138 3.8671023845672607 
v -0.39499229192733765 -0.39499229192733765 3.873750686645508 
v -0.4017133414745331 -0.4017133414745331 3.8671023845672607 
v -0.4722605049610138 -0.3155314028263092 3.8671023845672607 
v -0.4093877375125885 -0.4093877375125885 3.8649654388427734 
v -0.4813172519207001 -0.32158511877059937 3.8649654388427734 
v -0.489992618560791 -0.3274005055427551 3.8693580627441406 
v -0.5348949432373047 -0.22157976031303406 3.8649654388427734 
v -0.5445236563682556 -0.22553612291812897 3.8693580627441406 
v -0.577985942363739 -0.11494867503643036 3.8693580627441406 
v -0.4167761206626892 -0.4167761206626892 3.8693580627441406 
v -0.3274005055427551 -0.489992618560791 3.8693580627441406 
v -0.32158511877059937 -0.4813172519207001 3.8649654388427734 
v -0.22157976031303406 -0.5348949432373047 3.8649654388427734 
v -0.21738505363464355 -0.5248371958732605 3.8671023845672607 
v -0.11080164462327957 -0.5570601224899292 3.8671023845672607 
v -0.10894263535737991 -0.5477650165557861 3.873750686645508 
v 0.00002412799949524924 -0.5585854649543762 3.873750686645508 
v 0.00002412799949524924 -0.5322732329368591 3.880399227142334 
v 0.1038428544998169 -0.5219295024871826 3.880399227142334 
v 0.0918307676911354 -0.4616784453392029 3.882654905319214 
v 0.18011005222797394 -0.4349849224090576 3.882654905319214 
v 0.15708689391613007 -0.37954819202423096 3.882654905319214 
v 0.22772938013076782 -0.34165292978286743 3.882654905319214 
v 0.2154313027858734 -0.3233487904071808 3.882654905319214 
v 0.2675313353538513 -0.2738227844238281 3.882654905319214 
v 0.2654816508293152 -0.27163010835647583 3.881467580795288 
v 0.293509840965271 -0.20885266363620758 3.881467580795288 
v 0.29165083169937134 -0.2071843147277832 3.878143548965454 
v 0.2991822063922882 -0.1376381665468216 3.878143548965454 
v 0.2608102858066559 -0.1359221488237381 3.8747005462646484 
v 0.25261154770851135 -0.0658993348479271 3.8747005462646484 
v 0.1441691368818283 -0.06351598352193832 3.8735132217407227 
v 0.1353030800819397 0.00564883416518569 3.8735132217407227 
v 0.00002412799949524924 0.006506840232759714 3.8735132217407227 
v 0.00002412799949524924 0.0746229812502861 3.8735132217407227 
v -0.12643642723560333 0.07457531243562698 3.8735132217407227 
v -0.11780869960784912 0.14207178354263306 3.8735132217407227 
v -0.2064216434955597 0.14321579039096832 3.8747005462646484 
v -0.1921692192554474 0.20818591117858887 3.8747005462646484 
v -0.22024507820606232 0.20985426008701324 3.878143548965454 
v -0.19664990901947021 0.26829400658607483 3.878143548965454 
v -0.19803225994110107 0.2706296741962433 3.881467580795288 
v -0.15870697796344757 0.3193930387496948 3.881467580795288 
v -0.16085200011730194 0.322014719247818 3.882654905319214 
v -0.11089698225259781 0.35881364345550537 3.882654905319214 
v -0.12452974170446396 0.379262775182724 3.882654905319214 
v -0.0634683147072792 0.40276262164115906 3.882654905319214 
v -0.08239211142063141 0.46167901158332825 3.882654905319214 
v 0.00002412799949524924 0.47078341245651245 3.882654905319214 
v 0.00002412799949524924 0.5322738289833069 3.880399227142334 
v 0.10145950317382812 0.5219300985336304 3.880399227142334 
v 0.10894322395324707 0.5477656126022339 3.873750686645508 
v 0.21376295387744904 0.5160670876502991 3.873750686645508 
v 0.2173856496810913 0.5248377919197083 3.8671023845672607 
v 0.31553199887275696 0.47226110100746155 3.8671023845672607 
v 0.3215857148170471 0.48131781816482544 3.8649654388427734 
v 0.40938833355903625 0.40938833355903625 3.8649654388427734 
v 0.3274010717868805 0.48999321460723877 3.8693580627441406 
v 0.41677671670913696 0.41677671670913696 3.8693580627441406 
v -0.22553612291812897 -0.5445236563682556 3.8693580627441406 
v -0.11494867503643036 -0.577985942363739 3.8693580627441406 
v -0.11294665932655334 -0.5677375197410583 3.8649654388427734 
v 0.00002412799949524924 -0.5789869427680969 3.8649654388427734 
v 0.00002412799949524924 -0.568071186542511 3.8671023845672607 
v 0.11080223321914673 -0.5570601224899292 3.8671023845672607 
v 0.10894322395324707 -0.5477650165557861 3.873750686645508 
v 0.21376295387744904 -0.5160664916038513 3.873750686645508 
v 0.20365755259990692 -0.4917563199996948 3.880399227142334 
v 0.29560720920562744 -0.4425162971019745 3.880399227142334 
v 0.2612869441509247 -0.39151260256767273 3.882654905319214 
v 0.32930776476860046 -0.33240553736686707 3.882654905319214 
v 0.28411945700645447 -0.2895528972148895 3.882654905319214 
v 0.31820136308670044 -0.223629429936409 3.882654905319214 
v 0.2961792051792145 -0.2106163501739502 3.882654905319214 
v 0.3045685887336731 -0.14002151787281036 3.882654905319214 
v 0.30127957463264465 -0.13873450458049774 3.881467580795288 
v 0.2920321822166443 -0.06756767630577087 3.881467580795288 
v 0.28974416851997375 -0.06699567288160324 3.878143548965454 
v 0.2719166874885559 0.004123489838093519 3.878143548965454 
v 0.23711977899074554 0.0044571589678525925 3.8747005462646484 
v 0.22158034145832062 0.07471831887960434 3.8747005462646484 
v 0.1264370083808899 0.07457531243562698 3.8735132217407227 
v 0.11780928820371628 0.14207178354263306 3.8735132217407227 
v 0.00002412799949524924 0.14149978756904602 3.8735132217407227 
v 0.00002412799949524924 0.20623156428337097 3.8735132217407227 
v -0.10970530658960342 0.2068035751581192 3.8735132217407227 
v -0.09797922521829605 0.26705464720726013 3.8735132217407227 
v -0.17167240381240845 0.26681631803512573 3.8747005462646484 
v -0.13782884180545807 0.3163423538208008 3.8747005462646484 
v -0.15775364637374878 0.3166760206222534 3.878143548965454 
v -0.10894263535737991 0.35290291905403137 3.878143548965454 
v -0.10946696996688843 0.3559059500694275 3.881467580795288 
v -0.0558415949344635 0.3780710995197296 3.881467580795288 
v -0.05655660107731819 0.38112178444862366 3.882654905319214 
v 0.00002412799949524924 0.38870084285736084 3.882654905319214 
v 0.00002412799949524924 0.4107706546783447 3.882654905319214 
v 0.06346890330314636 0.40276262164115906 3.882654905319214 
v 0.08239270746707916 0.46167901158332825 3.882654905319214 
v 0.161615252494812 0.4348424971103668 3.882654905319214 
v 0.19903385639190674 0.49170923233032227 3.880399227142334 
v 0.288886159658432 0.44232621788978577 3.880399227142334 
v 0.3102886378765106 0.46434837579727173 3.873750686645508 
v 0.3949928879737854 0.3949928879737854 3.873750686645508 
v 0.40171393752098083 0.40171393752098083 3.8671023845672607 
v 0.47226110100746155 0.31553199887275696 3.8671023845672607 
v 0.48131781816482544 0.3215857148170471 3.8649654388427734 
v 0.5348955392837524 0.22158034145832062 3.8649654388427734 
v 0.48999321460723877 0.3274010717868805 3.8693580627441406 
v 0.5445242524147034 0.22553670406341553 3.8693580627441406 
v 0.00002412799949524924 -0.589378297328949 3.8693580627441406 
v 0.11494926363229752 -0.577985942363739 3.8693580627441406 
v 0.1129472479224205 -0.5677375197410583 3.8649654388427734 
v 0.22158034145832062 -0.5348949432373047 3.8649654388427734 
v 0.2173856496810913 -0.5248371958732605 3.8671023845672607 
v 0.31553199887275696 -0.4722605049610138 3.8671023845672607 
v 0.3102886378765106 -0.464347779750824 3.873750686645508 
v 0.3949928879737854 -0.39499229192733765 3.873750686645508 
v 0.37544941902160645 -0.3762591779232025 3.880399227142334 
v 0.4391801953315735 -0.29498693346977234 3.880399227142334 
v 0.37816643714904785 -0.25890302658081055 3.882654905319214 
v 0.4082443118095398 -0.17591476440429688 3.882654905319214 
v 0.33245378732681274 -0.14965024590492249 3.882654905319214 
v 0.3292124271392822 -0.07357372343540192 3.882654905319214 
v 0.29589319229125977 -0.06823501735925674 3.882654905319214 
v 0.27839940786361694 0.004171156790107489 3.882654905319214 
v 0.2741570472717285 0.004218824207782745 3.881467580795288 
v 0.2562342584133148 0.07595765590667725 3.881467580795288 
v 0.2540415823459625 0.07524265348911285 3.878143548965454 
v 0.23664312064647675 0.14450280368328094 3.878143548965454 
v 0.20642223954200745 0.14321579039096832 3.8747005462646484 
v 0.19216980040073395 0.20818591117858887 3.8747005462646484 
v 0.10970589518547058 0.2068035751581192 3.8735132217407227 
v 0.09797981381416321 0.26705464720726013 3.8735132217407227 
v 0.00002412799949524924 0.26762667298316956 3.8735132217407227 
v 0.00002412799949524924 0.3244457244873047 3.8735132217407227 
v -0.07872175425291061 0.32091838121414185 3.8735132217407227 
v -0.06137096881866455 0.35976698994636536 3.8747005462646484 
v -0.10450959950685501 0.3448472023010254 3.8755316734313965 
v -0.0556032620370388 0.3748774230480194 3.878143548965454 
v 0.00002412799949524924 0.3822658061981201 3.878143548965454 
v 0.00002412799949524924 0.38555482029914856 3.881467580795288 
v 0.05584218353033066 0.3780710995197296 3.881467580795288 
v 0.05655718967318535 0.38112178444862366 3.882654905319214 
v 0.11089757084846497 0.35881364345550537 3.882654905319214 
v 0.12453033030033112 0.379262775182724 3.882654905319214 
v 0.18068206310272217 0.3405095040798187 3.882654905319214 
v 0.23449809849262238 0.3908458650112152 3.882654905319214 
v 0.2966558635234833 0.33192944526672363 3.882654905319214 
v 0.3672983646392822 0.3761167526245117 3.880399227142334 
v 0.43050479888916016 0.29536885023117065 3.880399227142334 
v 0.46434837579727173 0.3102886378765106 3.873750686645508 
v 0.5160670876502991 0.21376295387744904 3.873750686645508 
v 0.5248377919197083 0.2173856496810913 3.8671023845672607 
v 0.557060718536377 0.11080223321914673 3.8671023845672607 
v 0.5677381157875061 0.1129472479224205 3.8649654388427734 
v 0.5789875388145447 0.00002412799949524924 3.8649654388427734 
v 0.577986478805542 0.11494926363229752 3.8693580627441406 
v 0.5893788933753967 0.00002412799949524924 3.8693580627441406 
v 0.22553670406341553 -0.5445236563682556 3.8693580627441406 
v 0.3274010717868805 -0.489992618560791 3.8693580627441406 
v 0.3215857148170471 -0.4813172519207001 3.8649654388427734 
v 0.40938833355903625 -0.4093877375125885 3.8649654388427734 
v 0.40171393752098083 -0.4017133414745331 3.8671023845672607 
v 0.47226110100746155 -0.3155314028263092 3.8671023845672607 
v 0.46434837579727173 -0.31028804183006287 3.873750686645508 
v 0.5160670876502991 -0.21376237273216248 3.873750686645508 
v 0.48508352041244507 -0.20260828733444214 3.880399227142334 
v 0.511491060256958 -0.10288892686367035 3.880399227142334 
v 0.419827401638031 -0.08811215311288834 3.882654905319214 
v 0.41672903299331665 0.0020261420868337154 3.882654905319214 
v 0.31557968258857727 0.0035991529002785683 3.882654905319214 
v 0.2987055480480194 0.0807720273733139 3.882654905319214 
v 0.26052427291870117 0.076577328145504 3.882654905319214 
v 0.24274449050426483 0.14702916145324707 3.882654905319214 
v 0.23869279026985168 0.14578981697559357 3.881467580795288 
v 0.2220093458890915 0.2117132693529129 3.881467580795288 
v 0.22024567425251007 0.20985426008701324 3.878143548965454 
v 0.19665050506591797 0.26829400658607483 3.878143548965454 
v 0.1716729998588562 0.26681631803512573 3.8747005462646484 
v 0.13782942295074463 0.3163423538208008 3.8747005462646484 
v 0.07872234284877777 0.32091838121414185 3.8735132217407227 
v 0.06137155741453171 0.35976698994636536 3.8747005462646484 
v 0.00002412799949524924 0.36615434288978577 3.8747005462646484 
v 0.41677671670913696 -0.4167761206626892 3.8693580627441406 
v 0.48999321460723877 -0.3274005055427551 3.8693580627441406 
v 0.48131781816482544 -0.32158511877059937 3.8649654388427734 
v 0.5348955392837524 -0.22157976031303406 3.8649654388427734 
v 0.5248377919197083 -0.21738505363464355 3.8671023845672607 
v 0.557060718536377 -0.11080164462327957 3.8671023845672607 
v 0.5477656126022339 -0.10894263535737991 3.873750686645508 
v 0.558586061000824 0.00002412799949524924 3.873750686645508 
v 0.5187364220619202 0.0005007979925721884 3.880399227142334 
v 0.507153332233429 0.10393818467855453 3.880399227142334 
v 0.40252426266670227 0.09221210330724716 3.882654905319214 
v 0.37788042426109314 0.1792997121810913 3.882654905319214 
v 0.2790667414665222 0.1557045429944992 3.882654905319214 
v 0.25723525881767273 0.22606104612350464 3.882654905319214 
v 0.22553670406341553 0.21347695589065552 3.882654905319214 
v 0.20094053447246552 0.2728700339794159 3.882654905319214 
v 0.19803284108638763 0.2706296741962433 3.881467580795288 
v 0.15870757400989532 0.3193930387496948 3.881467580795288 
v 0.15775422751903534 0.3166760206222534 3.878143548965454 
v 0.10894322395324707 0.35290291905403137 3.878143548965454 
v 0.10451019555330276 0.3448472023010254 3.8755316734313965 
v 0.05560385063290596 0.3748774230480194 3.878143548965454 
v 0.5445242524147034 -0.22553612291812897 3.8693580627441406 
v 0.577986478805542 -0.11494867503643036 3.8693580627441406 
v 0.5677381157875061 -0.11294665932655334 3.8649654388427734 
v 0.5680717825889587 0.00002412799949524924 3.8671023845672607 
v 0.5477656126022339 0.10894322395324707 3.873750686645508 
v 0.47745680809020996 0.20346687734127045 3.880399227142334 
v 0.34351253509521484 0.2603336274623871 3.882654905319214 
v 0.22663304209709167 0.28874313831329346 3.882654905319214 
v 0.1608525812625885 0.322014719247818 3.882654905319214 
v 0.10946755856275558 0.3559059500694275 3.881467580795288 
v 0.00002412799949524924 0.5893788933753967 3.8693580627441406 
v -0.11494867503643036 0.577986478805542 3.8693580627441406 
v -0.11294665932655334 0.5677381157875061 3.8649654388427734 
v -0.22157976031303406 0.5348955392837524 3.8649654388427734 
v -0.21738505363464355 0.5248377919197083 3.8671023845672607 
v -0.3155314028263092 0.47226110100746155 3.8671023845672607 
v -0.31028804183006287 0.46434837579727173 3.873750686645508 
v -0.39499229192733765 0.3949928879737854 3.873750686645508 
v -0.3672977685928345 0.3761167526245117 3.880399227142334 
v -0.4305042028427124 0.29536885023117065 3.880399227142334 
v -0.3435119390487671 0.2603336274623871 3.882654905319214 
v -0.3778798580169678 0.1792997121810913 3.882654905319214 
v -0.27906614542007446 0.1557045429944992 3.882654905319214 
v -0.29870495200157166 0.0807720273733139 3.882654905319214 
v -0.2605237066745758 0.076577328145504 3.882654905319214 
v -0.2783988118171692 0.004171156790107489 3.882654905319214 
v -0.27415645122528076 0.004218824207782745 3.881467580795288 
v -0.29203158617019653 -0.06756767630577087 3.881467580795288 
v -0.289743572473526 -0.06699567288160324 3.878143548965454 
v -0.29918164014816284 -0.1376381665468216 3.878143548965454 
v -0.26080968976020813 -0.1359221488237381 3.8747005462646484 
v -0.25427931547164917 -0.20508697628974915 3.8747005462646484 
v -0.14507421851158142 -0.20213161408901215 3.8735132217407227 
v -0.13134612143039703 -0.2666727304458618 3.8735132217407227 
v 0.00002412799949524924 -0.2663867473602295 3.8735132217407227 
v 0.00002412799949524924 -0.32477879524230957 3.8735132217407227 
v 0.10603553801774979 -0.3217281103134155 3.8735132217407227 
v 0.0827263742685318 -0.3601953983306885 3.8747005462646484 
v 0.1409277766942978 -0.34565696120262146 3.8755316734313965 
v 0.07505198568105698 -0.37506750226020813 3.878143548965454 
v 0.00002412799949524924 -0.38250353932380676 3.878143548965454 
v 0.00002412799949524924 -0.3856019079685211 3.881467580795288 
v -0.07533740252256393 -0.3781181871891022 3.881467580795288 
v -0.07581406831741333 -0.3811212182044983 3.882654905319214 
v -0.14860157668590546 -0.35914671421051025 3.882654905319214 
v -0.1570862978696823 -0.37954819202423096 3.882654905319214 
v -0.22772879898548126 -0.34165292978286743 3.882654905319214 
v -0.2612863779067993 -0.39151260256767273 3.882654905319214 
v -0.3293071687221527 -0.33240553736686707 3.882654905319214 
v -0.3754488229751587 -0.3762591779232025 3.880399227142334 
v -0.43917959928512573 -0.29498693346977234 3.880399227142334 
v -0.464347779750824 -0.31028804183006287 3.873750686645508 
v -0.5160664916038513 -0.21376237273216248 3.873750686645508 
v -0.5248371958732605 -0.21738505363464355 3.8671023845672607 
v -0.5570601224899292 -0.11080164462327957 3.8671023845672607 
v -0.5677375197410583 -0.11294665932655334 3.8649654388427734 
v -0.5789869427680969 0.00002412799949524924 3.8649654388427734 
v -0.589378297328949 0.00002412799949524924 3.8693580627441406 
v -0.22553612291812897 0.5445242524147034 3.8693580627441406 
v -0.3274005055427551 0.48999321460723877 3.8693580627441406 
v -0.32158511877059937 0.48131781816482544 3.8649654388427734 
v -0.4093877375125885 0.40938833355903625 3.8649654388427734 
v -0.4017133414745331 0.40171393752098083 3.8671023845672607 
v -0.4722605049610138 0.31553199887275696 3.8671023845672607 
v -0.464347779750824 0.3102886378765106 3.873750686645508 
v -0.5160664916038513 0.21376295387744904 3.873750686645508 
v -0.4774562120437622 0.20346687734127045 3.880399227142334 
v -0.5071527361869812 0.10393818467855453 3.880399227142334 
v -0.4025236964225769 0.09221210330724716 3.882654905319214 
v -0.4167284667491913 0.0020261420868337154 3.882654905319214 
v -0.3155790865421295 0.0035991529002785683 3.882654905319214 
v -0.3292118310928345 -0.07357372343540192 3.882654905319214 
v -0.295892596244812 -0.06823501735925674 3.882654905319214 
v -0.30456799268722534 -0.14002151787281036 3.882654905319214 
v -0.3012789785861969 -0.13873450458049774 3.881467580795288 
v -0.29350924491882324 -0.20885266363620758 3.881467580795288 
v -0.2916502356529236 -0.2071843147277832 3.878143548965454 
v -0.2639557123184204 -0.26943743228912354 3.878143548965454 
v -0.23020748794078827 -0.2676737308502197 3.8747005462646484 
v -0.1857818365097046 -0.31781941652297974 3.8747005462646484 
v -0.10603494942188263 -0.3217281103134155 3.8735132217407227 
v -0.08272578567266464 -0.3601953983306885 3.8747005462646484 
v 0.00002412799949524924 -0.36648744344711304 3.8747005462646484 
v -0.4167761206626892 0.41677671670913696 3.8693580627441406 
v -0.489992618560791 0.3274010717868805 3.8693580627441406 
v -0.4813172519207001 0.3215857148170471 3.8649654388427734 
v -0.5348949432373047 0.22158034145832062 3.8649654388427734 
v -0.5248371958732605 0.2173856496810913 3.8671023845672607 
v -0.5570601224899292 0.11080223321914673 3.8671023845672607 
v -0.5477650165557861 0.10894322395324707 3.873750686645508 
v -0.5585854649543762 0.00002412799949524924 3.873750686645508 
v -0.5187358260154724 0.0005007979925721884 3.880399227142334 
v -0.5114904642105103 -0.10288892686367035 3.880399227142334 
v -0.41982680559158325 -0.08811215311288834 3.882654905319214 
v -0.40824371576309204 -0.17591476440429688 3.882654905319214 
v -0.332453191280365 -0.14965024590492249 3.882654905319214 
v -0.3182007670402527 -0.223629429936409 3.882654905319214 
v -0.2961786091327667 -0.2106163501739502 3.882654905319214 
v -0.26753073930740356 -0.2738227844238281 3.882654905319214 
v -0.26548105478286743 -0.27163010835647583 3.881467580795288 
v -0.21390536427497864 -0.32077479362487793 3.881467580795288 
v -0.21290436387062073 -0.3182007670402527 3.878143548965454 
v -0.14707623422145844 -0.35342666506767273 3.878143548965454 
v -0.14092719554901123 -0.34565696120262146 3.8755316734313965 
v -0.07505139708518982 -0.37506750226020813 3.878143548965454 
v -0.5445236563682556 0.22553670406341553 3.8693580627441406 
v -0.577985942363739 0.11494926363229752 3.8693580627441406 
v -0.5677375197410583 0.1129472479224205 3.8649654388427734 
v -0.568071186542511 0.00002412799949524924 3.8671023845672607 
v -0.5477650165557861 -0.10894263535737991 3.873750686645508 
v -0.4850829243659973 -0.20260828733444214 3.880399227142334 
v -0.3781658411026001 -0.25890302658081055 3.882654905319214 
v -0.2841188609600067 -0.2895528972148895 3.882654905319214 
v -0.21543070673942566 -0.3233487904071808 3.882654905319214 
v -0.14764824509620667 -0.3562867045402527 3.881467580795288 
v -0.7657939195632935 -0.15231961011886597 0.2640387713909149 
v -0.7215112447738647 -0.2988479733467102 0.2640387713909149 
v -0.7657939195632935 -0.15231961011886597 0.666384220123291 
v -0.7215112447738647 -0.2988479733467102 0.666384220123291 
v -0.7215112447738647 -0.2988479733467102 1.858580470085144 
v -0.649200439453125 -0.43379324674606323 0.666384220123291 
v -0.649200439453125 -0.43379324674606323 1.858580470085144 
v -0.552198052406311 -0.552198052406311 1.858580470085144 
v -0.649200439453125 -0.43379324674606323 3.0514891147613525 
v -0.552198052406311 -0.552198052406311 3.0514891147613525 
v -0.552198052406311 -0.552198052406311 3.4554967880249023 
v -0.43379324674606323 -0.649200439453125 3.0514891147613525 
v -0.43379324674606323 -0.649200439453125 3.4554967880249023 
v -0.2988479733467102 -0.7215112447738647 3.4554967880249023 
v -0.4263571798801422 -0.6380940079689026 3.4869577884674072 
v -0.29374760389328003 -0.7091178297996521 3.4869577884674072 
v -0.27835115790367126 -0.6719852089881897 3.5622267723083496 
v -0.1496979147195816 -0.7526854872703552 3.4869577884674072 
v -0.14188052713871002 -0.7132648825645447 3.5622267723083496 
v 0.00002412799949524924 -0.7273743152618408 3.5622267723083496 
v -0.13234713673591614 -0.6654548645019531 3.651386260986328 
v 0.00002412799949524924 -0.6786109805107117 3.651386260986328 
v 0.00002412799949524924 -0.6395716667175293 3.72487473487854 
v 0.1323477178812027 -0.6654548645019531 3.651386260986328 
v 0.12476866692304611 -0.6271782517433167 3.72487473487854 
v 0.24474650621414185 -0.5909036993980408 3.72487473487854 
v 0.12000196427106857 -0.6032494306564331 3.780792236328125 
v 0.23540377616882324 -0.5683571696281433 3.780792236328125 
v 0.2335924208164215 -0.5639718174934387 3.817002058029175 
v 0.3417011797428131 -0.5113950967788696 3.780792236328125 
v 0.33907949924468994 -0.5074864029884338 3.817002058029175 
v 0.4316488206386566 -0.43164822459220886 3.817002058029175 
v 0.11904862523078918 -0.5985780358314514 3.817002058029175 
v 0.00002412799949524924 -0.6104471683502197 3.817002058029175 
v 0.00002412799949524924 -0.615166187286377 3.780792236328125 
v -0.12000137567520142 -0.6032494306564331 3.780792236328125 
v -0.12476807832717896 -0.6271782517433167 3.72487473487854 
v -0.2447459101676941 -0.5909036993980408 3.72487473487854 
v -0.259713351726532 -0.6269399523735046 3.651386260986328 
v -0.3769265115261078 -0.5641624927520752 3.651386260986328 
v -0.4040013551712036 -0.6046794056892395 3.5622267723083496 
v -0.5143027901649475 -0.5143027901649475 3.5622267723083496 
v -0.5427600145339966 -0.5427600145339966 3.4869577884674072 
v -0.6380940079689026 -0.4263571798801422 3.4869577884674072 
v -0.649200439453125 -0.43379324674606323 3.4554967880249023 
v -0.7215112447738647 -0.2988479733467102 3.4554967880249023 
v -0.7215112447738647 -0.2988479733467102 3.0514891147613525 
v -0.7657939195632935 -0.15231961011886597 3.0514891147613525 
v -0.7657939195632935 -0.15231961011886597 1.858580470085144 
v -0.780951976776123 0.00002412799949524924 1.858580470085144 
v -0.780951976776123 0.00002412799949524924 0.666384220123291 
v -0.7657939195632935 0.15232019126415253 0.666384220123291 
v -0.780951976776123 0.00002412799949524924 0.2640387713909149 
v -0.7657939195632935 0.15232019126415253 0.2640387713909149 
v -0.11904803663492203 -0.5985780358314514 3.817002058029175 
v -0.23359183967113495 -0.5639718174934387 3.817002058029175 
v -0.2354031801223755 -0.5683571696281433 3.780792236328125 
v -0.34170058369636536 -0.5113950967788696 3.780792236328125 
v -0.35523802042007446 -0.5317012667655945 3.72487473487854 
v -0.45224037766456604 -0.45224037766456604 3.72487473487854 
v -0.479839563369751 -0.479839563369751 3.651386260986328 
v -0.5641624927520752 -0.3769265115261078 3.651386260986328 
v -0.6046794056892395 -0.4040013551712036 3.5622267723083496 
v -0.6719852089881897 -0.27835115790367126 3.5622267723083496 
v -0.7091178297996521 -0.29374760389328003 3.4869577884674072 
v -0.7526854872703552 -0.1496979147195816 3.4869577884674072 
v -0.7657939195632935 -0.15231961011886597 3.4554967880249023 
v -0.780951976776123 0.00002412799949524924 3.4554967880249023 
v -0.780951976776123 0.00002412799949524924 3.0514891147613525 
v -0.7657939195632935 0.15232019126415253 3.0514891147613525 
v -0.7657939195632935 0.15232019126415253 1.858580470085144 
v -0.7215112447738647 0.29884853959083557 1.858580470085144 
v -0.7215112447738647 0.29884853959083557 0.666384220123291 
v -0.649200439453125 0.433793842792511 0.666384220123291 
v -0.7215112447738647 0.29884853959083557 0.2640387713909149 
v -0.649200439453125 0.433793842792511 0.2640387713909149 
v -0.3390789031982422 -0.5074864029884338 3.817002058029175 
v -0.43164822459220886 -0.43164822459220886 3.817002058029175 
v -0.4349849224090576 -0.4349849224090576 3.780792236328125 
v -0.5113950967788696 -0.34170058369636536 3.780792236328125 
v -0.5317012667655945 -0.35523802042007446 3.72487473487854 
v -0.5909036993980408 -0.2447459101676941 3.72487473487854 
v -0.6269399523735046 -0.259713351726532 3.651386260986328 
v -0.6654548645019531 -0.13234713673591614 3.651386260986328 
v -0.7132648825645447 -0.14188052713871002 3.5622267723083496 
v -0.7273743152618408 0.00002412799949524924 3.5622267723083496 
v -0.7675575613975525 0.00002412799949524924 3.4869577884674072 
v -0.7526854872703552 0.14969851076602936 3.4869577884674072 
v -0.7657939195632935 0.15232019126415253 3.4554967880249023 
v -0.7215112447738647 0.29884853959083557 3.4554967880249023 
v -0.7215112447738647 0.29884853959083557 3.0514891147613525 
v -0.649200439453125 0.433793842792511 3.0514891147613525 
v -0.649200439453125 0.433793842792511 1.858580470085144 
v -0.552198052406311 0.5521986484527588 1.858580470085144 
v -0.552198052406311 0.5521986484527588 0.666384220123291 
v -0.43379324674606323 0.649200975894928 0.666384220123291 
v -0.552198052406311 0.5521986484527588 0.2640387713909149 
v -0.43379324674606323 0.649200975894928 0.2640387713909149 
v -0.5074864029884338 -0.3390789031982422 3.817002058029175 
v -0.5639718174934387 -0.23359183967113495 3.817002058029175 
v -0.5683571696281433 -0.2354031801223755 3.780792236328125 
v -0.6032494306564331 -0.12000137567520142 3.780792236328125 
v -0.6271782517433167 -0.12476807832717896 3.72487473487854 
v -0.6395716667175293 0.00002412799949524924 3.72487473487854 
v -0.6786109805107117 0.00002412799949524924 3.651386260986328 
v -0.6654548645019531 0.1323477178812027 3.651386260986328 
v -0.7132648825645447 0.14188112318515778 3.5622267723083496 
v -0.6719852089881897 0.278351753950119 3.5622267723083496 
v -0.7091178297996521 0.2937481701374054 3.4869577884674072 
v -0.6380940079689026 0.42635777592658997 3.4869577884674072 
v -0.649200439453125 0.433793842792511 3.4554967880249023 
v -0.552198052406311 0.5521986484527588 3.4554967880249023 
v -0.552198052406311 0.5521986484527588 3.0514891147613525 
v -0.43379324674606323 0.649200975894928 3.0514891147613525 
v -0.43379324674606323 0.649200975894928 1.858580470085144 
v -0.2988479733467102 0.7215118408203125 1.858580470085144 
v -0.2988479733467102 0.7215118408203125 0.666384220123291 
v -0.15231961011886597 0.7657944560050964 0.666384220123291 
v -0.2988479733467102 0.7215118408203125 0.2640387713909149 
v -0.15231961011886597 0.7657944560050964 0.2640387713909149 
v -0.5985780358314514 -0.11904803663492203 3.817002058029175 
v -0.6104471683502197 0.00002412799949524924 3.817002058029175 
v -0.615166187286377 0.00002412799949524924 3.780792236328125 
v -0.6032494306564331 0.12000196427106857 3.780792236328125 
v -0.6271782517433167 0.12476866692304611 3.72487473487854 
v -0.5909036993980408 0.24474650621414185 3.72487473487854 
v -0.6269399523735046 0.25971394777297974 3.651386260986328 
v -0.5641624927520752 0.37692710757255554 3.651386260986328 
v -0.6046794056892395 0.40400195121765137 3.5622267723083496 
v -0.5143027901649475 0.5143033862113953 3.5622267723083496 
v -0.5427600145339966 0.5427606105804443 3.4869577884674072 
v -0.4263571798801422 0.6380946040153503 3.4869577884674072 
v -0.43379324674606323 0.649200975894928 3.4554967880249023 
v -0.2988479733467102 0.7215118408203125 3.4554967880249023 
v -0.2988479733467102 0.7215118408203125 3.0514891147613525 
v -0.15231961011886597 0.7657944560050964 3.0514891147613525 
v -0.15231961011886597 0.7657944560050964 1.858580470085144 
v 0.00002412799949524924 0.7809525728225708 1.858580470085144 
v 0.00002412799949524924 0.7809525728225708 0.666384220123291 
v -0.5985780358314514 0.11904862523078918 3.817002058029175 
v -0.5639718174934387 0.2335924208164215 3.817002058029175 
v -0.5683571696281433 0.23540377616882324 3.780792236328125 
v -0.5113950967788696 0.3417011797428131 3.780792236328125 
v -0.5317012667655945 0.3552386164665222 3.72487473487854 
v -0.45224037766456604 0.4522409439086914 3.72487473487854 
v -0.479839563369751 0.47984015941619873 3.651386260986328 
v -0.3769265115261078 0.564163088798523 3.651386260986328 
v -0.4040013551712036 0.6046800017356873 3.5622267723083496 
v -0.27835115790367126 0.6719858050346375 3.5622267723083496 
v -0.29374760389328003 0.7091184258460999 3.4869577884674072 
v -0.1496979147195816 0.752686083316803 3.4869577884674072 
v -0.15231961011886597 0.7657944560050964 3.4554967880249023 
v 0.00002412799949524924 0.7809525728225708 3.4554967880249023 
v 0.00002412799949524924 0.7809525728225708 3.0514891147613525 
v -0.5074864029884338 0.33907949924468994 3.817002058029175 
v -0.43164822459220886 0.4316488206386566 3.817002058029175 
v -0.4349849224090576 0.434985488653183 3.780792236328125 
v -0.34170058369636536 0.5113956928253174 3.780792236328125 
v -0.35523802042007446 0.5317018628120422 3.72487473487854 
v -0.2447459101676941 0.5909042358398438 3.72487473487854 
v -0.259713351726532 0.6269404888153076 3.651386260986328 
v -0.13234713673591614 0.6654554605484009 3.651386260986328 
v -0.14188052713871002 0.7132654786109924 3.5622267723083496 
v 0.00002412799949524924 0.7273748517036438 3.5622267723083496 
v 0.00002412799949524924 0.7675581574440002 3.4869577884674072 
v -0.3390789031982422 0.5074869990348816 3.817002058029175 
v -0.23359183967113495 0.5639724135398865 3.817002058029175 
v -0.2354031801223755 0.5683577656745911 3.780792236328125 
v -0.12000137567520142 0.6032500267028809 3.780792236328125 
v -0.12476807832717896 0.6271788477897644 3.72487473487854 
v 0.00002412799949524924 0.639572262763977 3.72487473487854 
v 0.00002412799949524924 0.6786115169525146 3.651386260986328 
v -0.649200439453125 -0.43379324674606323 0.2640387713909149 
v -0.552198052406311 -0.552198052406311 0.2640387713909149 
v -0.552198052406311 -0.552198052406311 0.666384220123291 
v -0.43379324674606323 -0.649200439453125 0.666384220123291 
v -0.43379324674606323 -0.649200439453125 1.858580470085144 
v -0.2988479733467102 -0.7215112447738647 1.858580470085144 
v -0.2988479733467102 -0.7215112447738647 3.0514891147613525 
v -0.15231961011886597 -0.7657939195632935 3.0514891147613525 
v -0.15231961011886597 -0.7657939195632935 3.4554967880249023 
v 0.00002412799949524924 -0.780951976776123 3.4554967880249023 
v 0.00002412799949524924 -0.7675575613975525 3.4869577884674072 
v 0.14969851076602936 -0.7526854872703552 3.4869577884674072 
v 0.14188112318515778 -0.7132648825645447 3.5622267723083496 
v 0.278351753950119 -0.6719852089881897 3.5622267723083496 
v 0.25971394777297974 -0.6269399523735046 3.651386260986328 
v 0.37692710757255554 -0.5641624927520752 3.651386260986328 
v 0.3552386164665222 -0.5317012667655945 3.72487473487854 
v 0.4522409439086914 -0.45224037766456604 3.72487473487854 
v 0.434985488653183 -0.4349849224090576 3.780792236328125 
v 0.5113956928253174 -0.34170058369636536 3.780792236328125 
v 0.5074869990348816 -0.3390789031982422 3.817002058029175 
v -0.43379324674606323 -0.649200439453125 0.2640387713909149 
v -0.2988479733467102 -0.7215112447738647 0.2640387713909149 
v -0.2988479733467102 -0.7215112447738647 0.666384220123291 
v -0.15231961011886597 -0.7657939195632935 0.666384220123291 
v -0.15231961011886597 -0.7657939195632935 1.858580470085144 
v 0.00002412799949524924 -0.780951976776123 1.858580470085144 
v 0.00002412799949524924 -0.780951976776123 3.0514891147613525 
v 0.15232019126415253 -0.7657939195632935 3.0514891147613525 
v 0.15232019126415253 -0.7657939195632935 3.4554967880249023 
v 0.29884853959083557 -0.7215112447738647 3.4554967880249023 
v 0.2937481701374054 -0.7091178297996521 3.4869577884674072 
v 0.42635777592658997 -0.6380940079689026 3.4869577884674072 
v 0.40400195121765137 -0.6046794056892395 3.5622267723083496 
v 0.5143033862113953 -0.5143027901649475 3.5622267723083496 
v 0.47984015941619873 -0.479839563369751 3.651386260986328 
v 0.564163088798523 -0.3769265115261078 3.651386260986328 
v 0.5317018628120422 -0.35523802042007446 3.72487473487854 
v 0.5909042358398438 -0.2447459101676941 3.72487473487854 
v 0.5683577656745911 -0.2354031801223755 3.780792236328125 
v 0.6032500267028809 -0.12000137567520142 3.780792236328125 
v 0.5639724135398865 -0.23359183967113495 3.817002058029175 
v 0.5985786318778992 -0.11904803663492203 3.817002058029175 
v -0.15231961011886597 -0.7657939195632935 0.2640387713909149 
v 0.00002412799949524924 -0.780951976776123 0.2640387713909149 
v 0.00002412799949524924 -0.780951976776123 0.666384220123291 
v 0.15232019126415253 -0.7657939195632935 0.666384220123291 
v 0.15232019126415253 -0.7657939195632935 1.858580470085144 
v 0.29884853959083557 -0.7215112447738647 1.858580470085144 
v 0.29884853959083557 -0.7215112447738647 3.0514891147613525 
v 0.433793842792511 -0.649200439453125 3.0514891147613525 
v 0.433793842792511 -0.649200439453125 3.4554967880249023 
v 0.5521986484527588 -0.552198052406311 3.4554967880249023 
v 0.5427606105804443 -0.5427600145339966 3.4869577884674072 
v 0.6380946040153503 -0.4263571798801422 3.4869577884674072 
v 0.6046800017356873 -0.4040013551712036 3.5622267723083496 
v 0.6719858050346375 -0.27835115790367126 3.5622267723083496 
v 0.6269404888153076 -0.259713351726532 3.651386260986328 
v 0.6654554605484009 -0.13234713673591614 3.651386260986328 
v 0.6271788477897644 -0.12476807832717896 3.72487473487854 
v 0.639572262763977 0.00002412799949524924 3.72487473487854 
v 0.6151667833328247 0.00002412799949524924 3.780792236328125 
v 0.6032500267028809 0.12000196427106857 3.780792236328125 
v 0.6104477047920227 0.00002412799949524924 3.817002058029175 
v 0.5985786318778992 0.11904862523078918 3.817002058029175 
v 0.15232019126415253 -0.7657939195632935 0.2640387713909149 
v 0.29884853959083557 -0.7215112447738647 0.2640387713909149 
v 0.29884853959083557 -0.7215112447738647 0.666384220123291 
v 0.433793842792511 -0.649200439453125 0.666384220123291 
v 0.433793842792511 -0.649200439453125 1.858580470085144 
v 0.5521986484527588 -0.552198052406311 1.858580470085144 
v 0.5521986484527588 -0.552198052406311 3.0514891147613525 
v 0.649200975894928 -0.43379324674606323 3.0514891147613525 
v 0.649200975894928 -0.43379324674606323 3.4554967880249023 
v 0.7215118408203125 -0.2988479733467102 3.4554967880249023 
v 0.7091184258460999 -0.29374760389328003 3.4869577884674072 
v 0.752686083316803 -0.1496979147195816 3.4869577884674072 
v 0.7132654786109924 -0.14188052713871002 3.5622267723083496 
v 0.7273748517036438 0.00002412799949524924 3.5622267723083496 
v 0.6786115169525146 0.00002412799949524924 3.651386260986328 
v 0.6654554605484009 0.1323477178812027 3.651386260986328 
v 0.6271788477897644 0.12476866692304611 3.72487473487854 
v 0.5909042358398438 0.24474650621414185 3.72487473487854 
v 0.5683577656745911 0.23540377616882324 3.780792236328125 
v 0.5113956928253174 0.3417011797428131 3.780792236328125 
v 0.5639724135398865 0.2335924208164215 3.817002058029175 
v 0.5074869990348816 0.33907949924468994 3.817002058029175 
v 0.433793842792511 -0.649200439453125 0.2640387713909149 
v 0.5521986484527588 -0.552198052406311 0.2640387713909149 
v 0.5521986484527588 -0.552198052406311 0.666384220123291 
v 0.649200975894928 -0.43379324674606323 0.666384220123291 
v 0.649200975894928 -0.43379324674606323 1.858580470085144 
v 0.7215118408203125 -0.2988479733467102 1.858580470085144 
v 0.7215118408203125 -0.2988479733467102 3.0514891147613525 
v 0.7657944560050964 -0.15231961011886597 3.0514891147613525 
v 0.7657944560050964 -0.15231961011886597 3.4554967880249023 
v 0.7809525728225708 0.00002412799949524924 3.4554967880249023 
v 0.7675581574440002 0.00002412799949524924 3.4869577884674072 
v 0.752686083316803 0.14969851076602936 3.4869577884674072 
v 0.7132654786109924 0.14188112318515778 3.5622267723083496 
v 0.6719858050346375 0.278351753950119 3.5622267723083496 
v 0.6269404888153076 0.25971394777297974 3.651386260986328 
v 0.564163088798523 0.37692710757255554 3.651386260986328 
v 0.5317018628120422 0.3552386164665222 3.72487473487854 
v 0.4522409439086914 0.4522409439086914 3.72487473487854 
v 0.434985488653183 0.434985488653183 3.780792236328125 
v 0.3417011797428131 0.5113956928253174 3.780792236328125 
v 0.4316488206386566 0.4316488206386566 3.817002058029175 
v 0.33907949924468994 0.5074869990348816 3.817002058029175 
v 0.649200975894928 -0.43379324674606323 0.2640387713909149 
v 0.7215118408203125 -0.2988479733467102 0.2640387713909149 
v 0.7215118408203125 -0.2988479733467102 0.666384220123291 
v 0.7657944560050964 -0.15231961011886597 0.666384220123291 
v 0.7657944560050964 -0.15231961011886597 1.858580470085144 
v 0.7809525728225708 0.00002412799949524924 1.858580470085144 
v 0.7809525728225708 0.00002412799949524924 3.0514891147613525 
v 0.7657944560050964 0.15232019126415253 3.0514891147613525 
v 0.7657944560050964 0.15232019126415253 3.4554967880249023 
v 0.7215118408203125 0.29884853959083557 3.4554967880249023 
v 0.7091184258460999 0.2937481701374054 3.4869577884674072 
v 0.6380946040153503 0.42635777592658997 3.4869577884674072 
v 0.6046800017356873 0.40400195121765137 3.5622267723083496 
v 0.5143033862113953 0.5143033862113953 3.5622267723083496 
v 0.47984015941619873 0.47984015941619873 3.651386260986328 
v 0.37692710757255554 0.564163088798523 3.651386260986328 
v 0.3552386164665222 0.5317018628120422 3.72487473487854 
v 0.24474650621414185 0.5909042358398438 3.72487473487854 
v 0.23540377616882324 0.5683577656745911 3.780792236328125 
v 0.12000196427106857 0.6032500267028809 3.780792236328125 
v 0.2335924208164215 0.5639724135398865 3.817002058029175 
v 0.11904862523078918 0.5985786318778992 3.817002058029175 
v 0.7657944560050964 -0.15231961011886597 0.2640387713909149 
v 0.7809525728225708 0.00002412799949524924 0.2640387713909149 
v 0.7809525728225708 0.00002412799949524924 0.666384220123291 
v 0.7657944560050964 0.15232019126415253 0.666384220123291 
v 0.7657944560050964 0.15232019126415253 1.858580470085144 
v 0.7215118408203125 0.29884853959083557 1.858580470085144 
v 0.7215118408203125 0.29884853959083557 3.0514891147613525 
v 0.649200975894928 0.433793842792511 3.0514891147613525 
v 0.649200975894928 0.433793842792511 3.4554967880249023 
v 0.5521986484527588 0.5521986484527588 3.4554967880249023 
v 0.5427606105804443 0.5427606105804443 3.4869577884674072 
v 0.42635777592658997 0.6380946040153503 3.4869577884674072 
v 0.40400195121765137 0.6046800017356873 3.5622267723083496 
v 0.278351753950119 0.6719858050346375 3.5622267723083496 
v 0.25971394777297974 0.6269404888153076 3.651386260986328 
v 0.1323477178812027 0.6654554605484009 3.651386260986328 
v 0.12476866692304611 0.6271788477897644 3.72487473487854 
v 0.00002412799949524924 0.639572262763977 3.72487473487854 
v 0.00002412799949524924 0.6151667833328247 3.780792236328125 
v 0.7657944560050964 0.15232019126415253 0.2640387713909149 
v 0.7215118408203125 0.29884853959083557 0.2640387713909149 
v 0.7215118408203125 0.29884853959083557 0.666384220123291 
v 0.649200975894928 0.433793842792511 0.666384220123291 
v 0.649200975894928 0.433793842792511 1.858580470085144 
v 0.5521986484527588 0.5521986484527588 1.858580470085144 
v 0.5521986484527588 0.5521986484527588 3.0514891147613525 
v 0.433793842792511 0.649200975894928 3.0514891147613525 
v 0.433793842792511 0.649200975894928 3.4554967880249023 
v 0.29884853959083557 0.7215118408203125 3.4554967880249023 
v 0.2937481701374054 0.7091184258460999 3.4869577884674072 
v 0.14969851076602936 0.752686083316803 3.4869577884674072 
v 0.14188112318515778 0.7132654786109924 3.5622267723083496 
v 0.00002412799949524924 0.7273748517036438 3.5622267723083496 
v 0.00002412799949524924 0.6786115169525146 3.651386260986328 
v 0.649200975894928 0.433793842792511 0.2640387713909149 
v 0.5521986484527588 0.5521986484527588 0.2640387713909149 
v 0.5521986484527588 0.5521986484527588 0.666384220123291 
v 0.433793842792511 0.649200975894928 0.666384220123291 
v 0.433793842792511 0.649200975894928 1.858580470085144 
v 0.29884853959083557 0.7215118408203125 1.858580470085144 
v 0.29884853959083557 0.7215118408203125 3.0514891147613525 
v 0.15232019126415253 0.7657944560050964 3.0514891147613525 
v 0.15232019126415253 0.7657944560050964 3.4554967880249023 
v 0.00002412799949524924 0.7809525728225708 3.4554967880249023 
v 0.00002412799949524924 0.7675581574440002 3.4869577884674072 
v 0.433793842792511 0.649200975894928 0.2640387713909149 
v 0.29884853959083557 0.7215118408203125 0.2640387713909149 
v 0.29884853959083557 0.7215118408203125 0.666384220123291 
v 0.15232019126415253 0.7657944560050964 0.666384220123291 
v 0.15232019126415253 0.7657944560050964 1.858580470085144 
v 0.00002412799949524924 0.7809525728225708 1.858580470085144 
v 0.00002412799949524924 0.7809525728225708 3.0514891147613525 
v 0.00002412799949524924 0.7809525728225708 0.666384220123291 
v 0.00002412799949524924 0.7809525728225708 0.2640387713909149 
v 0.15232019126415253 0.7657944560050964 0.2640387713909149 
v 0.00002412799949524924 0.6104477047920227 3.817002058029175 
v 0.00002412799949524924 0.7809525728225708 0.2640387713909149 
v -0.11904803663492203 0.5985786318778992 3.817002058029175 
v 0.00002412799949524924 0.6104477047920227 3.817002058029175 
v 0.00002412799949524924 0.6151667833328247 3.780792236328125 
v 0.5247901082038879 -0.21738505363464355 0.11160100996494293 
v 0.47221341729164124 -0.3155314028263092 0.11160100996494293 
v 0.5081543326377869 -0.21047334372997284 0.11445032060146332 
v 0.45724600553512573 -0.3055213391780853 0.11445032060146332 
v 0.4438992440700531 -0.2966076135635376 0.10364670306444168 
v 0.38893917202949524 -0.3889386057853699 0.11445032060146332 
v 0.3775944411754608 -0.37759384512901306 0.10364670306444168 
v 0.29660820960998535 -0.44389864802360535 0.10364670306444168 
v 0.3718743920326233 -0.37187379598617554 0.09806682169437408 
v 0.29212749004364014 -0.4371775984764099 0.09806682169437408 
v 0.2541368901729584 -0.4371299147605896 0.09604856371879578 
v 0.20122653245925903 -0.4858455955982208 0.09806682169437408 
v 0.1925511360168457 -0.47531118988990784 0.09652344882488251 
v 0.11275658011436462 -0.4956650137901306 0.09604856371879578 
v 0.1448841392993927 -0.44385096430778503 0.09533623605966568 
v 0.1844477504491806 -0.37144479155540466 0.09533623605966568 
v 0.00002412799949524924 -0.4489036798477173 0.09533623605966568 
v 0.00002412799949524924 -0.3727318048477173 0.09533623605966568 
v -0.18444716930389404 -0.37144479155540466 0.09533623605966568 
v 0.00002412799949524924 -0.2897912263870239 0.09533623605966568 
v -0.21686072647571564 -0.2897912263870239 0.09533623605966568 
v -0.24102789163589478 -0.19965294003486633 0.09533623605966568 
v -0.3803585171699524 -0.29036322236061096 0.09604856371879578 
v -0.42273449897766113 -0.2000342756509781 0.09604856371879578 
v -0.4858455955982208 -0.20122595131397247 0.09806682169437408 
v -0.4486653506755829 -0.10198324918746948 0.09604856371879578 
v -0.5156851410865784 -0.10255525261163712 0.09806682169437408 
v -0.5258858799934387 0.00002412799949524924 0.09806682169437408 
v -0.5236455202102661 -0.10417593270540237 0.10364670306444168 
v -0.5339892506599426 0.00002412799949524924 0.10364670306444168 
v -0.5500053763389587 0.00002412799949524924 0.11445032060146332 
v -0.5236455202102661 0.10417652130126953 0.10364670306444168 
v -0.5393279790878296 0.10727487504482269 0.11445032060146332 
v -0.5081537365913391 0.2104739397764206 0.11445032060146332 
v -0.5570124387741089 0.11080223321914673 0.11160100996494293 
v -0.524789571762085 0.2173856496810913 0.11160100996494293 
v 0.3055219352245331 -0.457245409488678 0.11445032060146332 
v 0.2104739397764206 -0.5081537365913391 0.11445032060146332 
v 0.2043248862028122 -0.49332931637763977 0.10364670306444168 
v 0.10417652130126953 -0.5236455202102661 0.10364670306444168 
v 0.10255584865808487 -0.5156851410865784 0.09806682169437408 
v 0.00002412799949524924 -0.5258858799934387 0.09806682169437408 
v 0.00002412799949524924 -0.504578709602356 0.09604856371879578 
v -0.11275599151849747 -0.4956650137901306 0.09604856371879578 
v -0.14488355815410614 -0.44385096430778503 0.09533623605966568 
v -0.254136323928833 -0.4371299147605896 0.09604856371879578 
v -0.32353946566581726 -0.3703007996082306 0.09604856371879578 
v -0.37187379598617554 -0.37187379598617554 0.09806682169437408 
v -0.4371775984764099 -0.29212692379951477 0.09806682169437408 
v -0.44389864802360535 -0.2966076135635376 0.10364670306444168 
v -0.49332931637763977 -0.20432430505752563 0.10364670306444168 
v -0.5081537365913391 -0.21047334372997284 0.11445032060146332 
v -0.5393279790878296 -0.10727428644895554 0.11445032060146332 
v -0.5570124387741089 -0.11080164462327957 0.11160100996494293 
v -0.568071186542511 0.00002412799949524924 0.11160100996494293 
v -0.19255055487155914 -0.47531118988990784 0.09652344882488251 
v -0.20122595131397247 -0.4858455955982208 0.09806682169437408 
v -0.10255525261163712 -0.5156851410865784 0.09806682169437408 
v -0.10417593270540237 -0.5236455202102661 0.10364670306444168 
v 0.00002412799949524924 -0.5339892506599426 0.10364670306444168 
v 0.00002412799949524924 -0.5500053763389587 0.11445032060146332 
v 0.10727487504482269 -0.5393279790878296 0.11445032060146332 
v 0.11080223321914673 -0.5570124387741089 0.11160100996494293 
v 0.2173856496810913 -0.524789571762085 0.11160100996494293 
v -0.29212692379951477 -0.4371775984764099 0.09806682169437408 
v -0.2966076135635376 -0.44389864802360535 0.10364670306444168 
v -0.37759384512901306 -0.37759384512901306 0.10364670306444168 
v -0.3889386057853699 -0.3889386057853699 0.11445032060146332 
v -0.457245409488678 -0.3055213391780853 0.11445032060146332 
v -0.47221285104751587 -0.3155314028263092 0.11160100996494293 
v -0.524789571762085 -0.21738505363464355 0.11160100996494293 
v -0.20432430505752563 -0.49332931637763977 0.10364670306444168 
v -0.21047334372997284 -0.5081537365913391 0.11445032060146332 
v -0.10727428644895554 -0.5393279790878296 0.11445032060146332 
v -0.11080164462327957 -0.5570124387741089 0.11160100996494293 
v 0.00002412799949524924 -0.568071186542511 0.11160100996494293 
v -0.21738505363464355 -0.524789571762085 0.11160100996494293 
v -0.3155314028263092 -0.47221285104751587 0.11160100996494293 
v -0.3055213391780853 -0.457245409488678 0.11445032060146332 
v 0.2168613076210022 -0.2897912263870239 0.09533623605966568 
v 0.38035911321640015 -0.29036322236061096 0.09604856371879578 
v 0.24102847278118134 -0.19965294003486633 0.09533623605966568 
v 0.4227350950241089 -0.2000342756509781 0.09604856371879578 
v 0.44866594672203064 -0.10198324918746948 0.09604856371879578 
v 0.4858461916446686 -0.20122595131397247 0.09806682169437408 
v 0.5156857371330261 -0.10255525261163712 0.09806682169437408 
v 0.5236461162567139 -0.10417593270540237 0.10364670306444168 
v 0.5258864760398865 0.00002412799949524924 0.09806682169437408 
v 0.5339898467063904 0.00002412799949524924 0.10364670306444168 
v 0.5236461162567139 0.10417652130126953 0.10364670306444168 
v 0.5500059723854065 0.00002412799949524924 0.11445032060146332 
v 0.5393285751342773 0.10727487504482269 0.11445032060146332 
v 0.5570130348205566 0.11080223321914673 0.11160100996494293 
v 0.5081543326377869 0.2104739397764206 0.11445032060146332 
v 0.5247901082038879 0.2173856496810913 0.11160100996494293 
v 0.47221341729164124 0.31553199887275696 0.11160100996494293 
v 0.5680717825889587 0.00002412799949524924 0.11160100996494293 
v 0.5570130348205566 -0.11080164462327957 0.11160100996494293 
v 0.5393285751342773 -0.10727428644895554 0.11445032060146332 
v 0.4933299124240875 -0.20432430505752563 0.10364670306444168 
v 0.43717819452285767 -0.29212692379951477 0.09806682169437408 
v 0.323540061712265 -0.3703007996082306 0.09604856371879578 
v 0.00002412799949524924 -0.19965294003486633 0.09533623605966568 
v 0.00002412799949524924 -0.10174492001533508 0.09533623605966568 
v -0.2558046579360962 -0.10174492001533508 0.09533623605966568 
v -0.26085737347602844 0.00002412799949524924 0.09533623605966568 
v -0.4575313925743103 0.00002412799949524924 0.09604856371879578 
v -0.4486653506755829 0.10198383778333664 0.09604856371879578 
v -0.5156851410865784 0.10255584865808487 0.09806682169437408 
v -0.4858455955982208 0.20122653245925903 0.09806682169437408 
v -0.49332931637763977 0.2043248862028122 0.10364670306444168 
v -0.44389864802360535 0.29660820960998535 0.10364670306444168 
v -0.457245409488678 0.3055219352245331 0.11445032060146332 
v -0.47221285104751587 0.31553199887275696 0.11160100996494293 
v -0.3889386057853699 0.38893917202949524 0.11445032060146332 
v -0.40166568756103516 0.4016662836074829 0.11160100996494293 
v -0.3155314028263092 0.47221341729164124 0.11160100996494293 
v -0.3055213391780853 0.45724600553512573 0.11445032060146332 
v -0.2966076135635376 0.4438992440700531 0.10364670306444168 
v -0.37759384512901306 0.3775944411754608 0.10364670306444168 
v -0.37187379598617554 0.3718743920326233 0.09806682169437408 
v -0.4371775984764099 0.29212749004364014 0.09806682169437408 
v -0.3803585171699524 0.2903638184070587 0.09604856371879578 
v -0.42273449897766113 0.20003485679626465 0.09604856371879578 
v -0.24102789163589478 0.1996535211801529 0.09533623605966568 
v -0.2558046579360962 0.10174550861120224 0.09533623605966568 
v 0.00002412799949524924 0.10174550861120224 0.09533623605966568 
v 0.00002412799949524924 0.00002412799949524924 0.09533623605966568 
v 0.2608579397201538 0.00002412799949524924 0.09533623605966568 
v 0.25580525398254395 -0.10174492001533508 0.09533623605966568 
v -0.29212692379951477 0.43717819452285767 0.09806682169437408 
v -0.254136323928833 0.43713051080703735 0.09604856371879578 
v -0.32353946566581726 0.37030139565467834 0.09604856371879578 
v -0.18444716930389404 0.3714453876018524 0.09533623605966568 
v -0.21686072647571564 0.2897918224334717 0.09533623605966568 
v 0.00002412799949524924 0.2897918224334717 0.09533623605966568 
v 0.00002412799949524924 0.1996535211801529 0.09533623605966568 
v 0.24102847278118134 0.1996535211801529 0.09533623605966568 
v 0.25580525398254395 0.10174550861120224 0.09533623605966568 
v 0.44866594672203064 0.10198383778333664 0.09604856371879578 
v 0.45753198862075806 0.00002412799949524924 0.09604856371879578 
v -0.14488355815410614 0.4438515603542328 0.09533623605966568 
v 0.00002412799949524924 0.44890427589416504 0.09533623605966568 
v 0.00002412799949524924 0.37273240089416504 0.09533623605966568 
v 0.1844477504491806 0.3714453876018524 0.09533623605966568 
v 0.2168613076210022 0.2897918224334717 0.09533623605966568 
v 0.38035911321640015 0.2903638184070587 0.09604856371879578 
v 0.4227350950241089 0.20003485679626465 0.09604856371879578 
v 0.4858461916446686 0.20122653245925903 0.09806682169437408 
v 0.5156857371330261 0.10255584865808487 0.09806682169437408 
v 0.1448841392993927 0.4438515603542328 0.09533623605966568 
v 0.2541368901729584 0.43713051080703735 0.09604856371879578 
v 0.323540061712265 0.37030139565467834 0.09604856371879578 
v 0.3718743920326233 0.3718743920326233 0.09806682169437408 
v 0.43717819452285767 0.29212749004364014 0.09806682169437408 
v 0.4438992440700531 0.29660820960998535 0.10364670306444168 
v 0.4933299124240875 0.2043248862028122 0.10364670306444168 
v 0.11275658011436462 0.495665580034256 0.09604856371879578 
v 0.00002412799949524924 0.5045793056488037 0.09604856371879578 
v -0.11275599151849747 0.495665580034256 0.09604856371879578 
v 0.00002412799949524924 0.5258864760398865 0.09806682169437408 
v -0.10255525261163712 0.5156857371330261 0.09806682169437408 
v -0.10417593270540237 0.5236461162567139 0.10364670306444168 
v -0.20122595131397247 0.4858461916446686 0.09806682169437408 
v -0.20432430505752563 0.4933299124240875 0.10364670306444168 
v -0.21047334372997284 0.5081543326377869 0.11445032060146332 
v -0.21738505363464355 0.5247901082038879 0.11160100996494293 
v -0.11080164462327957 0.5570130348205566 0.11160100996494293 
v -0.10727428644895554 0.5393285751342773 0.11445032060146332 
v 0.00002412799949524924 0.5500059723854065 0.11445032060146332 
v 0.00002412799949524924 0.5339898467063904 0.10364670306444168 
v 0.10417652130126953 0.5236461162567139 0.10364670306444168 
v 0.10255584865808487 0.5156857371330261 0.09806682169437408 
v 0.20122653245925903 0.4858461916446686 0.09806682169437408 
v 0.1925511360168457 0.4753117859363556 0.09652344882488251 
v 0.29212749004364014 0.43717819452285767 0.09806682169437408 
v 0.29660820960998535 0.4438992440700531 0.10364670306444168 
v 0.3775944411754608 0.3775944411754608 0.10364670306444168 
v 0.38893917202949524 0.38893917202949524 0.11445032060146332 
v 0.45724600553512573 0.3055219352245331 0.11445032060146332 
v 0.00002412799949524924 0.5680717825889587 0.11160100996494293 
v 0.11080223321914673 0.5570130348205566 0.11160100996494293 
v 0.10727487504482269 0.5393285751342773 0.11445032060146332 
v 0.2104739397764206 0.5081543326377869 0.11445032060146332 
v 0.2043248862028122 0.4933299124240875 0.10364670306444168 
v 0.2173856496810913 0.5247901082038879 0.11160100996494293 
v 0.31553199887275696 0.47221341729164124 0.11160100996494293 
v 0.3055219352245331 0.45724600553512573 0.11445032060146332 
v -0.19255055487155914 0.4753117859363556 0.09652344882488251 
v 0.4016662836074829 -0.40166568756103516 0.11160100996494293 
v 0.31553199887275696 -0.47221285104751587 0.11160100996494293 
v 0.4016662836074829 0.4016662836074829 0.11160100996494293 
v -0.40166568756103516 -0.40166568756103516 0.11160100996494293 
v -0.049930889159440994 0.2178623229265213 3.8800430297851562 
vn -0.19492226839065552 0.9799404740333557 -0.04149730131030083 
vn -0.1257672905921936 0.6480064392089844 -0.7511792182922363 
vn -0.3823537826538086 0.9230837225914001 -0.04149730131030083 
vn -0.2556591033935547 0.6085788607597351 -0.7511792182922363 
vn -0.36849573254585266 0.5476683974266052 -0.7511792182922363 
vn -0.2614456117153168 0.6237757205963135 -0.736579954624176 
vn -0.3745805025100708 0.5631512999534607 -0.736579954624176 
vn -0.4735252857208252 0.7044316530227661 -0.528724730014801 
vn -0.4795868396759033 0.4769134223461151 -0.736579954624176 
vn -0.6015214323997498 0.598850667476654 -0.528724730014801 
vn -0.7065317630767822 0.47038596868515015 -0.528724730014801 
vn -0.6983030438423157 0.6969682574272156 -0.16312000155448914 
vn -0.8222941756248474 0.5451827049255371 -0.16312000155448914 
vn -0.8314676284790039 0.5555689334869385 0.002184694167226553 
vn -0.9109625816345215 0.37886545062065125 -0.16312000155448914 
vn -0.9238772988319397 0.38268253207206726 0.002184694167226553 
vn -0.9807829260826111 0.19508986175060272 0.002184694167226553 
vn -0.9064703583717346 0.3754723072052002 -0.19321508705615997 
vn -0.9615597128868103 0.19511756300926208 -0.19321508705615997 
vn -0.9678783416748047 0.19132007658481598 -0.16312000155448914 
vn -0.8325759768486023 0.16512829065322876 -0.528724730014801 
vn -0.7845436334609985 0.3239465653896332 -0.528724730014801 
vn -0.6252274513244629 0.25795459747314453 -0.736579954624176 
vn -0.5610486268997192 0.3777226507663727 -0.736579954624176 
vn -0.5487204790115356 0.36692723631858826 -0.7511792182922363 
vn -0.46742725372314453 0.4660917818546295 -0.7511792182922363 
vn -0.7064976692199707 0.7064976692199707 -0.04149730131030083 
vn -0.5550916790962219 0.8307533860206604 -0.04149730131030083 
vn -0.19492226839065552 0.9799404740333557 -0.04149730131030083 
vn -1.0332247481637663e-13 0.999138593673706 -0.04149730131030083 
vn -0.1257672905921936 0.6480064392089844 -0.7511792182922363 
vn 0.0018886676989495754 0.6600956320762634 -0.7511792182922363 
vn 0.0037807945627719164 0.6763399243354797 -0.736579954624176 
vn 0.12947335839271545 0.6472761631011963 -0.7511792182922363 
vn 0.13148587942123413 0.6634466052055359 -0.736579954624176 
vn 0.2614456117153168 0.6237757205963135 -0.736579954624176 
vn 0.1688314825296402 0.8318329453468323 -0.528724730014801 
vn 0.3274344503879547 0.7830944061279297 -0.528724730014801 
vn 0.37712183594703674 0.9116858243942261 -0.16312000155448914 
vn 0.4735252857208252 0.7044316530227661 -0.528724730014801 
vn 0.5498934984207153 0.8191514015197754 -0.16312000155448914 
vn 0.6956309676170349 0.6996352076530457 -0.16312000155448914 
vn 0.5555689334869385 0.8314676284790039 0.002184694167226553 
vn 0.7071051001548767 0.7071051001548767 0.002184694167226553 
vn 0.693782389163971 0.693782389163971 -0.19321508705615997 
vn 0.8314676284790039 0.5555689334869385 0.002184694167226553 
vn 0.813697099685669 0.5482380986213684 -0.19321508705615997 
vn 0.9064703583717346 0.3754723072052002 -0.19321508705615997 
vn 0.25217241048812866 0.6100318431854248 -0.7511792182922363 
vn 0.3653557598590851 0.5497680902481079 -0.7511792182922363 
vn 0.3745805025100708 0.5631512999534607 -0.736579954624176 
vn 0.4795868396759033 0.4769134223461151 -0.736579954624176 
vn 0.6015214323997498 0.598850667476654 -0.528724730014801 
vn 0.7065317630767822 0.47038596868515015 -0.528724730014801 
vn 0.8202019929885864 0.54832524061203 -0.16312000155448914 
vn 0.9124056696891785 0.3753768503665924 -0.16312000155448914 
vn 0.9238772988319397 0.38268253207206726 0.002184694167226553 
vn 0.9807829260826111 0.19508986175060272 0.002184694167226553 
vn 0.9615597128868103 0.19511756300926208 -0.19321508705615997 
vn 0.9811564087867737 0 -0.19321508705615997 
vn 0.4647524654865265 0.4687589406967163 -0.7511792182922363 
vn 0.5508111715316772 0.36378127336502075 -0.7511792182922363 
vn 0.5610486268997192 0.3777226507663727 -0.736579954624176 
vn 0.6252274513244629 0.25795459747314453 -0.736579954624176 
vn 0.7845436334609985 0.3239465653896332 -0.528724730014801 
vn 0.8325759768486023 0.16512829065322876 -0.528724730014801 
vn 0.9671391844749451 0.19502229988574982 -0.16312000155448914 
vn 0.986606240272522 0 -0.16312000155448914 
vn 0.999997615814209 0 0.002184694167226553 
vn 0.9807829260826111 -0.19508986175060272 0.002184694167226553 
vn 0.9630336165428162 -0.18770785629749298 -0.19321508705615997 
vn 0.9064703583717346 -0.3754723072052002 -0.19321508705615997 
vn 0.6107508540153503 0.25042593479156494 -0.7511792182922363 
vn 0.6476439833641052 0.1276208460330963 -0.7511792182922363 
vn 0.6627012491226196 0.13519248366355896 -0.736579954624176 
vn 0.676350474357605 0 -0.736579954624176 
vn 0.8487933278083801 0 -0.528724730014801 
vn 0.8325759768486023 -0.16512829065322876 -0.528724730014801 
vn 0.9671391844749451 -0.19502229988574982 -0.16312000155448914 
vn 0.9124056696891785 -0.3753768503665924 -0.16312000155448914 
vn 0.9238772988319397 -0.38268253207206726 0.002184694167226553 
vn 0.8314676284790039 -0.5555689334869385 0.002184694167226553 
vn 0.8178943395614624 -0.5419564247131348 -0.19321508705615997 
vn 0.693782389163971 -0.693782389163971 -0.19321508705615997 
vn 0.6600983142852783 0 -0.7511792182922363 
vn 0.6476439833641052 -0.1276208460330963 -0.7511792182922363 
vn 0.6627012491226196 -0.13519248366355896 -0.736579954624176 
vn 0.6252274513244629 -0.25795459747314453 -0.736579954624176 
vn 0.7845436334609985 -0.3239465653896332 -0.528724730014801 
vn 0.7065317630767822 -0.47038596868515015 -0.528724730014801 
vn 0.8202019929885864 -0.54832524061203 -0.16312000155448914 
vn 0.6956309676170349 -0.6996352076530457 -0.16312000155448914 
vn 0.7071051001548767 -0.7071051001548767 0.002184694167226553 
vn 0.5555689334869385 -0.8314676284790039 0.002184694167226553 
vn 0.5482380986213684 -0.813697099685669 -0.19321508705615997 
vn 0.3754723072052002 -0.9064703583717346 -0.19321508705615997 
vn 0.6107508540153503 -0.25042593479156494 -0.7511792182922363 
vn 0.5508111715316772 -0.36378127336502075 -0.7511792182922363 
vn 0.5610486268997192 -0.3777226507663727 -0.736579954624176 
vn 0.4795868396759033 -0.4769134223461151 -0.736579954624176 
vn 0.6015214323997498 -0.598850667476654 -0.528724730014801 
vn 0.4735252857208252 -0.7044316530227661 -0.528724730014801 
vn 0.5498934984207153 -0.8191514015197754 -0.16312000155448914 
vn 0.37712183594703674 -0.9116858243942261 -0.16312000155448914 
vn 0.38268253207206726 -0.9238772988319397 0.002184694167226553 
vn 0.19508986175060272 -0.9807829260826111 0.002184694167226553 
vn 0.19511756300926208 -0.9615597128868103 -0.19321508705615997 
vn 3.048244436813091e-13 -0.9811564087867737 -0.19321508705615997 
vn 0.4647524654865265 -0.4687589406967163 -0.7511792182922363 
vn 0.3653557598590851 -0.5497680902481079 -0.7511792182922363 
vn 0.3745805025100708 -0.5631512999534607 -0.736579954624176 
vn 0.2614456117153168 -0.6237757205963135 -0.736579954624176 
vn 0.3274344503879547 -0.7830944061279297 -0.528724730014801 
vn 0.1688314825296402 -0.8318329453468323 -0.528724730014801 
vn 0.1894679218530655 -0.9682426452636719 -0.16312000155448914 
vn 0.0018876449903473258 -0.9866044521331787 -0.16312000155448914 
vn 3.097898456858039e-13 -0.999997615814209 0.002184694167226553 
vn -0.19508986175060272 -0.9807829260826111 0.002184694167226553 
vn -0.19511756300926208 -0.9615597128868103 -0.19321508705615997 
vn -0.3754723072052002 -0.9064703583717346 -0.19321508705615997 
vn 0.25217241048812866 -0.6100318431854248 -0.7511792182922363 
vn 0.12947335839271545 -0.6472761631011963 -0.7511792182922363 
vn 0.13148587942123413 -0.6634466052055359 -0.736579954624176 
vn 0.0037807945627719164 -0.6763399243354797 -0.736579954624176 
vn 0.0037769887130707502 -0.8487849235534668 -0.528724730014801 
vn -0.1688314825296402 -0.8318329453468323 -0.528724730014801 
vn -0.19317154586315155 -0.9675105214118958 -0.16312000155448914 
vn -0.3806076645851135 -0.9102360606193542 -0.16312000155448914 
vn -0.38268253207206726 -0.9238772988319397 0.002184694167226553 
vn -0.5555689334869385 -0.8314676284790039 0.002184694167226553 
vn -0.5482380986213684 -0.813697099685669 -0.19321508705615997 
vn -0.693782389163971 -0.693782389163971 -0.19321508705615997 
vn 0.0018886676989495754 -0.6600956320762634 -0.7511792182922363 
vn -0.1257672905921936 -0.6480064392089844 -0.7511792182922363 
vn -0.13148587942123413 -0.6634466052055359 -0.736579954624176 
vn -0.2614456117153168 -0.6237757205963135 -0.736579954624176 
vn -0.3274344503879547 -0.7830944061279297 -0.528724730014801 
vn -0.4735252857208252 -0.7044316530227661 -0.528724730014801 
vn -0.5467549562454224 -0.8212496042251587 -0.16312000155448914 
vn -0.6983030438423157 -0.6969682574272156 -0.16312000155448914 
vn -0.7071051001548767 -0.7071051001548767 0.002184694167226553 
vn -0.8314676284790039 -0.5555689334869385 0.002184694167226553 
vn -0.813697099685669 -0.5482380986213684 -0.19321508705615997 
vn -0.9064703583717346 -0.3754723072052002 -0.19321508705615997 
vn -0.9238772988319397 -0.38268253207206726 0.002184694167226553 
vn -0.9109625816345215 -0.37886545062065125 -0.16312000155448914 
vn -0.9807829260826111 -0.19508986175060272 0.002184694167226553 
vn -0.9678783416748047 -0.19132007658481598 -0.16312000155448914 
vn -0.9865990281105042 0.003775282995775342 -0.16312000155448914 
vn -0.8325759768486023 -0.16512829065322876 -0.528724730014801 
vn -0.8487933278083801 -1.7555007198345046e-13 -0.528724730014801 
vn -0.676350474357605 -1.398849027063609e-13 -0.736579954624176 
vn -0.6627012491226196 0.13519248366355896 -0.736579954624176 
vn -0.6469030976295471 0.13132481276988983 -0.7511792182922363 
vn -0.6093078255653381 0.25391677021980286 -0.7511792182922363 
vn -0.9230837225914001 0.3823537826538086 -0.04149730131030083 
vn -0.8307533860206604 0.5550916790962219 -0.04149730131030083 
vn -0.8222941756248474 -0.5451827049255371 -0.16312000155448914 
vn -0.7065317630767822 -0.47038596868515015 -0.528724730014801 
vn -0.6015214323997498 -0.598850667476654 -0.528724730014801 
vn -0.4795868396759033 -0.4769134223461151 -0.736579954624176 
vn -0.3745805025100708 -0.5631512999534607 -0.736579954624176 
vn -0.36849573254585266 -0.5476683974266052 -0.7511792182922363 
vn -0.2556591033935547 -0.6085788607597351 -0.7511792182922363 
vn -0.3823537826538086 -0.9230837225914001 -0.04149730131030083 
vn -0.19492226839065552 -0.9799404740333557 -0.04149730131030083 
vn 3.0952372826256735e-13 -0.999138593673706 -0.04149730131030083 
vn -0.5550916790962219 -0.8307533860206604 -0.04149730131030083 
vn -0.7064976692199707 -0.7064976692199707 -0.04149730131030083 
vn -0.46742725372314453 -0.4660917818546295 -0.7511792182922363 
vn -0.5487204790115356 -0.36692723631858826 -0.7511792182922363 
vn -0.5610486268997192 -0.3777226507663727 -0.736579954624176 
vn -0.6252274513244629 -0.25795459747314453 -0.736579954624176 
vn -0.7845436334609985 -0.3239465653896332 -0.528724730014801 
vn -0.8307533860206604 -0.5550916790962219 -0.04149730131030083 
vn -0.9230837225914001 -0.3823537826538086 -0.04149730131030083 
vn -0.6093078255653381 -0.25391677021980286 -0.7511792182922363 
vn -0.6469030976295471 -0.13132481276988983 -0.7511792182922363 
vn -0.6627012491226196 -0.13519248366355896 -0.736579954624176 
vn -0.9799404740333557 -0.19492226839065552 -0.04149730131030083 
vn -0.999138593673706 -2.0664494963275326e-13 -0.04149730131030083 
vn -0.660087525844574 0.0037773200310766697 -0.7511792182922363 
vn 0 0 1 
vn 0 0 1 
vn 0 0 1 
vn 0 0 1 
vn 0.006750544533133507 -0.020776038989424706 0.9997613430023193 
vn 0 0 1 
vn 0.0015174545114859939 -0.008605912327766418 0.999961793422699 
vn 0 0 1 
vn 0 0 1 
vn 0 0 1 
vn 0 0 1 
vn 0 0 1 
vn 0 0 1 
vn 0 0 1 
vn 0 0 1 
vn 0 0 1 
vn 0 0 1 
vn 0 0 1 
vn 0 0 1 
vn 0 0 1 
vn 0 0 1 
vn 0 0 1 
vn 0 0 1 
vn 0 0 1 
vn 0 0 1 
vn 0 0 1 
vn 0 0 1 
vn 0 0 1 
vn 0 0 1 
vn 0 0 1 
vn 0 0 1 
vn 0 0 1 
vn 0 0 1 
vn 0.0015174545114859939 0.008605912327766418 0.999961793422699 
vn 0 0 1 
vn 0 0 1 
vn 0 0 1 
vn 0 0 1 
vn 0 0 1 
vn 0 0 1 
vn 0 0 1 
vn -0.9799404740333557 0.19492226839065552 -0.04149730131030083 
vn 0 0 1 
vn 0 0 1 
vn 0 0 1 
vn 0 0 1 
vn 0 0 1 
vn 0 0 1 
vn 0 0 1 
vn 0 0 1 
vn 0 0 1 
vn 0 0 1 
vn 0 0 1 
vn 0 0 1 
vn 0 0 1 
vn 0 0 1 
vn 0 0 1 
vn 0 0 1 
vn 0 0 1 
vn 0 0 1 
vn 0 0 1 
vn 0 0 1 
vn 0 0 1 
vn 0 0 1 
vn 0 0 1 
vn 0 0 1 
vn 0 0 1 
vn 0 0 1 
vn 0 0 1 
vn 0.006694211158901453 -0.005617110058665276 0.999961793422699 
vn 0.006694211158901453 -0.005617110058665276 0.999961793422699 
vn 0.006694211158901453 -0.005617110058665276 0.999961793422699 
vn 0.006694211158901453 -0.005617110058665276 0.999961793422699 
vn 0 0 1 
vn 0 0 1 
vn 0 0 1 
vn 0 0 1 
vn 0 0 1 
vn 0 0 1 
vn 0 0 1 
vn 0 0 1 
vn 0 0 1 
vn 0 0 1 
vn 0 0 1 
vn 0 0 1 
vn 0 0 1 
vn 0 0 1 
vn 0.006694211158901453 0.005617110058665276 0.999961793422699 
vn 0.006694211158901453 0.005617110058665276 0.999961793422699 
vn 0.006694211158901453 0.005617110058665276 0.999961793422699 
vn 0.006694211158901453 0.005617110058665276 0.999961793422699 
vn -0.006553899962455034 0.011351687833666801 0.9999141097068787 
vn -0.006553899962455034 0.011351687833666801 0.9999141097068787 
vn -0.006553899962455034 0.011351687833666801 0.9999141097068787 
vn -0.006553899962455034 0.011351687833666801 0.9999141097068787 
vn 0 0 1 
vn 0 0 1 
vn 0 0 1 
vn 0 0 1 
vn -0.19511756300926208 0.9615597128868103 -0.19321508705615997 
vn -1.0124504858620431e-13 0.9811564087867737 -0.19321508705615997 
vn -0.06565634906291962 0.33612388372421265 -0.9395264387130737 
vn 0.0018875712994486094 0.3424711227416992 -0.9395264387130737 
vn 0.0038889264687895775 0.01703849993646145 -0.9998472929000854 
vn 0.06935742497444153 0.3353797495365143 -0.9395264387130737 
vn 0.0040505328215658665 0.012466258369386196 -0.9999141097068787 
vn 0.0038889264687895775 0.01703849993646145 -0.9998472929000854 
vn -0.05251387506723404 -0.249481201171875 -0.9669547080993652 
vn -0.09581656008958817 -0.23625783622264862 -0.9669547080993652 
vn -0.3459581434726715 -0.8302809596061707 -0.43697428703308105 
vn -0.14242596924304962 -0.21145546436309814 -0.9669547080993652 
vn -0.49893543124198914 -0.7484095692634583 -0.43697428703308105 
vn -0.6333472728729248 -0.6386898159980774 -0.43697428703308105 
vn -0.5382658839225769 -0.8115202784538269 -0.22738653421401978 
vn -0.6899178624153137 -0.6872472167015076 -0.22738653421401978 
vn -0.6738993525505066 -0.6792398691177368 -0.29067665338516235 
vn -0.8094265460968018 -0.5414093136787415 -0.22738653421401978 
vn -0.7939909100532532 -0.5339340567588806 -0.29067665338516235 
vn -0.883263349533081 -0.36790338158607483 -0.29067665338516235 
vn -0.6549215316772461 -0.43476614356040955 -0.6181069612503052 
vn -0.7258943915367126 -0.30169710516929626 -0.6181069612503052 
vn 0.13410568237304688 0.31512805819511414 -0.9395264387130737 
vn 0.18731679022312164 0.2867096960544586 -0.9395264387130737 
vn 0.0040505328215658665 0.012466258369386196 -0.9999141097068787 
vn 0.010896530002355576 0.013663816265761852 -0.9998472929000854 
vn -0.1775844246149063 -0.1829271763563156 -0.9669547080993652 
vn -0.21145546436309814 -0.14242596924304962 -0.9669547080993652 
vn -0.7484095692634583 -0.49893543124198914 -0.43697428703308105 
vn -0.8302809596061707 -0.3459581434726715 -0.43697428703308105 
vn -0.8985903263092041 -0.3752743601799011 -0.22738653421401978 
vn -0.9555509090423584 -0.18766407668590546 -0.22738653421401978 
vn -0.9382516741752625 -0.18759243190288544 -0.29067665338516235 
vn -0.9568213224411011 -1.978927682529455e-13 -0.29067665338516235 
vn -0.7716272473335266 -0.15011736750602722 -0.6181069612503052 
vn -0.7860940098762512 -1.6223330458978863e-13 -0.6181069612503052 
vn 0.24015699326992035 0.24416109919548035 -0.9395264387130737 
vn 0.2835734188556671 0.1920316219329834 -0.9395264387130737 
vn 0.0106044327840209 0.007704571355134249 -0.9999141097068787 
vn 0.015745941549539566 0.007582846097648144 -0.9998472929000854 
vn -0.23625783622264862 -0.09581656008958817 -0.9669547080993652 
vn -0.249481201171875 -0.05251387506723404 -0.9669547080993652 
vn -0.882739245891571 -0.17269891500473022 -0.43697428703308105 
vn -0.899474024772644 -1.8603200306176876e-13 -0.43697428703308105 
vn -0.9738045930862427 -2.014052851362011e-13 -0.22738653421401978 
vn -0.9555509090423584 0.18766407668590546 -0.22738653421401978 
vn -0.9382516741752625 0.18759243190288544 -0.29067665338516235 
vn -0.883263349533081 0.36790338158607483 -0.29067665338516235 
vn -0.7716272473335266 0.15011736750602722 -0.6181069612503052 
vn -0.7258943915367126 0.30169710516929626 -0.6181069612503052 
vn 0.31586238741874695 0.13236680626869202 -0.9395264387130737 
vn 0.33575692772865295 0.06750791519880295 -0.9395264387130737 
vn 0.013107799924910069 0 -0.9999141097068787 
vn 0.017476677894592285 0 -0.9998472929000854 
vn -0.2549481689929962 -5.272917315995475e-14 -0.9669547080993652 
vn -0.249481201171875 0.05251387506723404 -0.9669547080993652 
vn -0.882739245891571 0.17269891500473022 -0.43697428703308105 
vn -0.8302809596061707 0.3459581434726715 -0.43697428703308105 
vn -0.8985903263092041 0.3752743601799011 -0.22738653421401978 
vn -0.8094265460968018 0.5414093136787415 -0.22738653421401978 
vn -0.7939909100532532 0.5339340567588806 -0.29067665338516235 
vn -0.6738993525505066 0.6792398691177368 -0.29067665338516235 
vn -0.6549215316772461 0.43476614356040955 -0.6181069612503052 
vn -0.5545157194137573 0.5571858882904053 -0.6181069612503052 
vn 0.3424763083457947 0 -0.9395264387130737 
vn 0.33575692772865295 -0.06750791519880295 -0.9395264387130737 
vn 0.013107799924910069 0 -0.9999141097068787 
vn 0.015745941549539566 -0.007582846097648144 -0.9998472929000854 
vn -0.23625783622264862 0.09581656008958817 -0.9669547080993652 
vn -0.21145546436309814 0.14242596924304962 -0.9669547080993652 
vn -0.7484095692634583 0.49893543124198914 -0.43697428703308105 
vn -0.6333472728729248 0.6386898159980774 -0.43697428703308105 
vn -0.6899178624153137 0.6872472167015076 -0.22738653421401978 
vn -0.5382658839225769 0.8115202784538269 -0.22738653421401978 
vn -0.5339340567588806 0.7939909100532532 -0.29067665338516235 
vn -0.36790338158607483 0.883263349533081 -0.29067665338516235 
vn -0.4379071295261383 0.6528255343437195 -0.6181069612503052 
vn -0.2982066869735718 0.7273352742195129 -0.6181069612503052 
vn 0.31586238741874695 -0.13236680626869202 -0.9395264387130737 
vn 0.2835734188556671 -0.1920316219329834 -0.9395264387130737 
vn 0.0106044327840209 -0.007704571355134249 -0.9999141097068787 
vn 0.010896530002355576 -0.013663816265761852 -0.9998472929000854 
vn -0.1775844246149063 0.1829271763563156 -0.9669547080993652 
vn -0.14242596924304962 0.21145546436309814 -0.9669547080993652 
vn -0.49893543124198914 0.7484095692634583 -0.43697428703308105 
vn -0.3459581434726715 0.8302809596061707 -0.43697428703308105 
vn -0.37178635597229004 0.90003901720047 -0.22738653421401978 
vn -0.19136877357959747 0.9548158645629883 -0.22738653421401978 
vn -0.18759243190288544 0.9382516741752625 -0.29067665338516235 
vn -9.894638412647275e-14 0.9568213224411011 -0.29067665338516235 
vn -0.15382225811481476 0.7708972096443176 -0.6181069612503052 
vn 0.0037761125713586807 0.7860849499702454 -0.6181069612503052 
vn 0.24015699326992035 -0.24416109919548035 -0.9395264387130737 
vn 0.18731679022312164 -0.2867096960544586 -0.9395264387130737 
vn 0.0040505328215658665 -0.012466258369386196 -0.9999141097068787 
vn 0.0038889264687895775 -0.01703849993646145 -0.9998472929000854 
vn -0.09581656008958817 0.23625783622264862 -0.9669547080993652 
vn -0.05251387506723404 0.249481201171875 -0.9669547080993652 
vn -0.17269891500473022 0.882739245891571 -0.43697428703308105 
vn -9.301600153088438e-14 0.899474024772644 -0.43697428703308105 
vn 0.003776900703087449 0.9737972617149353 -0.22738653421401978 
vn 0.19136877357959747 0.9548158645629883 -0.22738653421401978 
vn 0.18759243190288544 0.9382516741752625 -0.29067665338516235 
vn 0.36790338158607483 0.883263349533081 -0.29067665338516235 
vn 0.15382225811481476 0.7708972096443176 -0.6181069612503052 
vn 0.2982066869735718 0.7273352742195129 -0.6181069612503052 
vn 0.13410568237304688 -0.31512805819511414 -0.9395264387130737 
vn 0.06935742497444153 -0.3353797495365143 -0.9395264387130737 
vn 0.0040505328215658665 -0.012466258369386196 -0.9999141097068787 
vn 0.0038889264687895775 -0.01703849993646145 -0.9998472929000854 
vn -2.6364586579977374e-14 0.2549481689929962 -0.9669547080993652 
vn 0.05251387506723404 0.249481201171875 -0.9669547080993652 
vn 0.17269891500473022 0.882739245891571 -0.43697428703308105 
vn 0.3459581434726715 0.8302809596061707 -0.43697428703308105 
vn 0.37178635597229004 0.90003901720047 -0.22738653421401978 
vn 0.5382658839225769 0.8115202784538269 -0.22738653421401978 
vn 0.5339340567588806 0.7939909100532532 -0.29067665338516235 
vn 0.6792398691177368 0.6738993525505066 -0.29067665338516235 
vn 0.4379071295261383 0.6528255343437195 -0.6181069612503052 
vn 0.5545157194137573 0.5571858882904053 -0.6181069612503052 
vn 0.0018875712994486094 -0.3424711227416992 -0.9395264387130737 
vn -0.06565634906291962 -0.33612388372421265 -0.9395264387130737 
vn -0.0040505328215658665 -0.012466258369386196 -0.9999141097068787 
vn -0.0038889264687895775 -0.01703849993646145 -0.9998472929000854 
vn 0.09581656008958817 0.23625783622264862 -0.9669547080993652 
vn 0.14242596924304962 0.21145546436309814 -0.9669547080993652 
vn 0.49893543124198914 0.7484095692634583 -0.43697428703308105 
vn 0.6386898159980774 0.6333472728729248 -0.43697428703308105 
vn 0.6899178624153137 0.6872472167015076 -0.22738653421401978 
vn 0.8094265460968018 0.5414093136787415 -0.22738653421401978 
vn 0.7939909100532532 0.5339340567588806 -0.29067665338516235 
vn 0.883263349533081 0.36790338158607483 -0.29067665338516235 
vn 0.6549215316772461 0.43476614356040955 -0.6181069612503052 
vn 0.7258943915367126 0.30169710516929626 -0.6181069612503052 
vn -0.13062390685081482 -0.3165871500968933 -0.9395264387130737 
vn -0.1904657781124115 -0.2846274971961975 -0.9395264387130737 
vn -0.0040505328215658665 -0.012466258369386196 -0.9999141097068787 
vn -0.010896530002355576 -0.013663816265761852 -0.9998472929000854 
vn 0.1829271763563156 0.1775844246149063 -0.9669547080993652 
vn 0.21145546436309814 0.14242596924304962 -0.9669547080993652 
vn 0.7484095692634583 0.49893543124198914 -0.43697428703308105 
vn 0.8302809596061707 0.3459581434726715 -0.43697428703308105 
vn 0.8985903263092041 0.3752743601799011 -0.22738653421401978 
vn 0.9555509090423584 0.18766407668590546 -0.22738653421401978 
vn 0.9382516741752625 0.18759243190288544 -0.29067665338516235 
vn 0.9568213224411011 0 -0.29067665338516235 
vn 0.7716272473335266 0.15011736750602722 -0.6181069612503052 
vn 0.7860940098762512 0 -0.6181069612503052 
vn -0.24283376336097717 -0.24149903655052185 -0.9395264387130737 
vn -0.2856729328632355 -0.1888941526412964 -0.9395264387130737 
vn -0.0106044327840209 -0.007704571355134249 -0.9999141097068787 
vn -0.015745941549539566 -0.007582846097648144 -0.9998472929000854 
vn 0.23625783622264862 0.09581656008958817 -0.9669547080993652 
vn 0.249481201171875 0.05251387506723404 -0.9669547080993652 
vn 0.882739245891571 0.17269891500473022 -0.43697428703308105 
vn 0.899474024772644 0 -0.43697428703308105 
vn 0.9738045930862427 0 -0.22738653421401978 
vn 0.9555509090423584 -0.18766407668590546 -0.22738653421401978 
vn 0.9382516741752625 -0.18759243190288544 -0.29067665338516235 
vn 0.883263349533081 -0.36790338158607483 -0.29067665338516235 
vn 0.7716272473335266 -0.15011736750602722 -0.6181069612503052 
vn 0.7258943915367126 -0.30169710516929626 -0.6181069612503052 
vn -0.31730225682258606 -0.12887704372406006 -0.9395264387130737 
vn -0.33648064732551575 -0.0638027936220169 -0.9395264387130737 
vn -0.013107799924910069 -2.7109958632902213e-15 -0.9999141097068787 
vn -0.017476677894592285 -3.6145805417514814e-15 -0.9998472929000854 
vn 0.2549481689929962 0 -0.9669547080993652 
vn 0.249481201171875 -0.05251387506723404 -0.9669547080993652 
vn 0.882739245891571 -0.17269891500473022 -0.43697428703308105 
vn 0.8302809596061707 -0.3459581434726715 -0.43697428703308105 
vn 0.8985903263092041 -0.3752743601799011 -0.22738653421401978 
vn 0.8094265460968018 -0.5414093136787415 -0.22738653421401978 
vn 0.7939909100532532 -0.5339340567588806 -0.29067665338516235 
vn 0.6792398691177368 -0.6738993525505066 -0.29067665338516235 
vn 0.6549215316772461 -0.43476614356040955 -0.6181069612503052 
vn 0.5545157194137573 -0.5571858882904053 -0.6181069612503052 
vn -0.34245550632476807 0.003775085089728236 -0.9395264387130737 
vn -0.33648064732551575 0.0638027936220169 -0.9395264387130737 
vn -0.013107799924910069 -2.7109958632902213e-15 -0.9999141097068787 
vn -0.015745941549539566 0.007582846097648144 -0.9998472929000854 
vn 0.23625783622264862 -0.09581656008958817 -0.9669547080993652 
vn 0.21145546436309814 -0.14242596924304962 -0.9669547080993652 
vn 0.7484095692634583 -0.49893543124198914 -0.43697428703308105 
vn 0.6386898159980774 -0.6333472728729248 -0.43697428703308105 
vn 0.6899178624153137 -0.6872472167015076 -0.22738653421401978 
vn 0.5382658839225769 -0.8115202784538269 -0.22738653421401978 
vn 0.5339340567588806 -0.7939909100532532 -0.29067665338516235 
vn 0.36790338158607483 -0.883263349533081 -0.29067665338516235 
vn 0.4379071295261383 -0.6528255343437195 -0.6181069612503052 
vn 0.2982066869735718 -0.7273352742195129 -0.6181069612503052 
vn -0.31730225682258606 0.12887704372406006 -0.9395264387130737 
vn -0.2856729328632355 0.1888941526412964 -0.9395264387130737 
vn -0.0106044327840209 0.007704571355134249 -0.9999141097068787 
vn -0.010896530002355576 0.013663816265761852 -0.9998472929000854 
vn 0.1829271763563156 -0.1775844246149063 -0.9669547080993652 
vn 0.14242596924304962 -0.21145546436309814 -0.9669547080993652 
vn 0.49893543124198914 -0.7484095692634583 -0.43697428703308105 
vn 0.3459581434726715 -0.8302809596061707 -0.43697428703308105 
vn 0.37178635597229004 -0.90003901720047 -0.22738653421401978 
vn 0.19136877357959747 -0.9548158645629883 -0.22738653421401978 
vn 0.18759243190288544 -0.9382516741752625 -0.29067665338516235 
vn 0.15382225811481476 -0.7708972096443176 -0.6181069612503052 
vn -0.19511756300926208 0.9615597128868103 -0.19321508705615997 
vn -0.06565634906291962 0.33612388372421265 -0.9395264387130737 
vn -0.3754723072052002 0.9064703583717346 -0.19321508705615997 
vn -0.13062390685081482 0.3165871500968933 -0.9395264387130737 
vn -0.1904657781124115 0.2846274971961975 -0.9395264387130737 
vn -0.0038889264687895775 0.01703849993646145 -0.9998472929000854 
vn -0.0040505328215658665 0.012466258369386196 -0.9999141097068787 
vn -0.24283376336097717 0.24149903655052185 -0.9395264387130737 
vn -0.693782389163971 0.693782389163971 -0.19321508705615997 
vn -0.813697099685669 0.5482380986213684 -0.19321508705615997 
vn -0.9064703583717346 0.3754723072052002 -0.19321508705615997 
vn -0.9615597128868103 0.19511756300926208 -0.19321508705615997 
vn -0.9811564087867737 -2.0249009717240862e-13 -0.19321508705615997 
vn -0.9630336165428162 -0.18770785629749298 -0.19321508705615997 
vn -0.9064703583717346 -0.3754723072052002 -0.19321508705615997 
vn -0.813697099685669 -0.5482380986213684 -0.19321508705615997 
vn -0.693782389163971 -0.693782389163971 -0.19321508705615997 
vn -0.5482380986213684 -0.813697099685669 -0.19321508705615997 
vn -0.3754723072052002 -0.9064703583717346 -0.19321508705615997 
vn -0.19511756300926208 -0.9615597128868103 -0.19321508705615997 
vn 3.048244436813091e-13 -0.9811564087867737 -0.19321508705615997 
vn 0.19511756300926208 -0.9615597128868103 -0.19321508705615997 
vn 0.3754723072052002 -0.9064703583717346 -0.19321508705615997 
vn 0.5482380986213684 -0.813697099685669 -0.19321508705615997 
vn 0.693782389163971 -0.693782389163971 -0.19321508705615997 
vn 0.8178943395614624 -0.5419564247131348 -0.19321508705615997 
vn 0.9064703583717346 -0.3754723072052002 -0.19321508705615997 
vn 0.9630336165428162 -0.18770785629749298 -0.19321508705615997 
vn 0.9811564087867737 0 -0.19321508705615997 
vn 0.9615597128868103 0.19511756300926208 -0.19321508705615997 
vn 0.9064703583717346 0.3754723072052002 -0.19321508705615997 
vn 0.813697099685669 0.5482380986213684 -0.19321508705615997 
vn 0.693782389163971 0.693782389163971 -0.19321508705615997 
vn 0.5482380986213684 0.813697099685669 -0.19321508705615997 
vn 0.3754723072052002 0.9064703583717346 -0.19321508705615997 
vn 0.19511756300926208 0.9615597128868103 -0.19321508705615997 
vn -0.9811564087867737 -2.0249009717240862e-13 -0.19321508705615997 
vn -0.999997615814209 -2.0682260971124217e-13 0.002184694167226553 
vn -0.9630336165428162 -0.18770785629749298 -0.19321508705615997 
vn -0.5482380986213684 0.813697099685669 -0.19321508705615997 
vn 0.00376924779266119 0.707868754863739 0.7063339352607727 
vn -9.095340854168438e-14 0.8795284628868103 0.4758462607860565 
vn -0.1385623663663864 0.6941850185394287 0.7063339352607727 
vn -0.172512948513031 0.8624439835548401 0.4758462607860565 
vn -0.3383239209651947 0.8118542432785034 0.4758462607860565 
vn -0.15547509491443634 0.797325611114502 0.5831804275512695 
vn -0.31391486525535583 0.7492383122444153 0.5831804275512695 
vn -0.12844888865947723 0.317475825548172 0.9395264387130737 
vn -0.45307493209838867 0.6742578744888306 0.5831804275512695 
vn -0.18831020593643188 0.2860581874847412 0.9395264387130737 
vn -0.24083362519741058 0.2434937208890915 0.9395264387130737 
vn 0 0 1 
vn 0 0 1 
vn 0.45134249329566956 -0.454005628824234 0.7682244777679443 
vn 0 0 1 
vn 0.5325521230697632 -0.3552737236022949 0.7682244777679443 
vn 0.5925249457359314 -0.24237443506717682 0.7682244777679443 
vn 0.8185919523239136 -0.548100471496582 0.17173540592193604 
vn 0.91087406873703 -0.3752537667751312 0.17173540592193604 
vn 0.9238772988319397 -0.38268253207206726 0.002184694167226553 
vn 0.965657651424408 -0.19496741890907288 0.17173540592193604 
vn 0.9807829260826111 -0.19508986175060272 0.002184694167226553 
vn 0.999997615814209 0 0.002184694167226553 
vn 0.965657651424408 -0.19496741890907288 -0.17173540592193604 
vn 0.9851431250572205 0 -0.17173540592193604 
vn 0.8394233584403992 0 -0.5434780716896057 
vn 0.965657651424408 0.19496741890907288 -0.17173540592193604 
vn 0.8230164647102356 0.16515271365642548 -0.5434780716896057 
vn 0.7744372487068176 0.32384946942329407 -0.5434780716896057 
vn 0.9134569764137268 0.18001438677310944 -0.3649536371231079 
vn 0.8614138960838318 0.3532349467277527 -0.3649536371231079 
vn 0.923859715461731 0.3826752007007599 -0.006554040592163801 
vn 0.7726750373840332 0.5194055438041687 -0.3649536371231079 
vn 0.8314517736434937 0.5555583238601685 -0.006554040592163801 
vn 0.7070915699005127 0.7070915699005127 -0.006554040592163801 
vn 0.6576671004295349 0.6590014100074768 -0.3649536371231079 
vn 0.5948961973190308 0.592224657535553 -0.5434780716896057 
vn 0.6997862458229065 0.4636062979698181 -0.5434780716896057 
vn 0.8185919523239136 0.548100471496582 -0.17173540592193604 
vn 0.91087406873703 0.3752537667751312 -0.17173540592193604 
vn 0.9238772988319397 0.38268253207206726 0.002184694167226553 
vn 0.9807829260826111 0.19508986175060272 0.002184694167226553 
vn 0.965657651424408 0.19496741890907288 0.17173540592193604 
vn 0.9851431250572205 0 0.17173540592193604 
vn 0.6401805877685547 0 0.7682244777679443 
vn 0.62741619348526 -0.1272008717060089 0.7682244777679443 
vn 0 0 1 
vn 0 0 1 
vn -0.31604576110839844 0.13192841410636902 0.9395264387130737 
vn -0.28397247195243835 0.19144101440906525 0.9395264387130737 
vn -0.6753073334693909 0.4515092968940735 0.5831804275512695 
vn -0.5750790238380432 0.5737462639808655 0.5831804275512695 
vn -0.6245839595794678 0.6192456483840942 0.4758462607860565 
vn -0.4909912347793579 0.7297245264053345 0.4758462607860565 
vn -0.394450843334198 0.587793231010437 0.7063339352607727 
vn -0.2682795524597168 0.6550713181495667 0.7063339352607727 
vn 0.6939274668693542 0.6992650628089905 -0.17173540592193604 
vn 0.7071051001548767 0.7071051001548767 0.002184694167226553 
vn 0.8314676284790039 0.5555689334869385 0.002184694167226553 
vn 0.8185919523239136 0.548100471496582 0.17173540592193604 
vn 0.91087406873703 0.3752537667751312 0.17173540592193604 
vn 0.5925249457359314 0.24237443506717682 0.7682244777679443 
vn 0.62741619348526 0.1272008717060089 0.7682244777679443 
vn 0 0 1 
vn 0 0 1 
vn -0.3424763083457947 -7.083201213065049e-14 0.9395264387130737 
vn -0.33580365777015686 0.06727495789527893 0.9395264387130737 
vn -0.796224057674408 0.16102121770381927 0.5831804275512695 
vn -0.7499646544456482 0.3121756315231323 0.5831804275512695 
vn -0.8118542432785034 0.3383239209651947 0.4758462607860565 
vn -0.7297245264053345 0.4909912347793579 0.4758462607860565 
vn -0.5898852348327637 0.39131543040275574 0.7063339352607727 
vn -0.49921146035194397 0.501876711845398 0.7063339352607727 
vn 0.6992650628089905 0.6939274668693542 0.17173540592193604 
vn 0.45134249329566956 0.454005628824234 0.7682244777679443 
vn 0.5325521230697632 0.3552737236022949 0.7682244777679443 
vn 0 0 1 
vn 0 0 1 
vn -0.31604576110839844 -0.13192841410636902 0.9395264387130737 
vn -0.33580365777015686 -0.06727495789527893 0.9395264387130737 
vn -0.796224057674408 -0.16102121770381927 0.5831804275512695 
vn -0.8123339414596558 0.0037696314975619316 0.5831804275512695 
vn -0.8795284628868103 -1.8190681708336875e-13 0.4758462607860565 
vn -0.8624439835548401 0.172512948513031 0.4758462607860565 
vn -0.6949129700660706 0.13486407697200775 0.7063339352607727 
vn -0.6536335349082947 0.2717638313770294 0.7063339352607727 
vn 0 0 1 
vn -0.24083362519741058 -0.2434937208890915 0.9395264387130737 
vn -0.28397247195243835 -0.19144101440906525 0.9395264387130737 
vn -0.6753073334693909 -0.4515092968940735 0.5831804275512695 
vn -0.7499646544456482 -0.3121756315231323 0.5831804275512695 
vn -0.8118542432785034 -0.3383239209651947 0.4758462607860565 
vn -0.8624439835548401 -0.172512948513031 0.4758462607860565 
vn -0.6949129700660706 -0.13486407697200775 0.7063339352607727 
vn -0.7078787684440613 -1.4640568759497624e-13 0.7063339352607727 
vn 0.9310256838798523 0 -0.3649536371231079 
vn 0.9999785423278809 0 -0.006554040592163801 
vn 0.9134569764137268 -0.18001438677310944 -0.3649536371231079 
vn 0.9807642102241516 -0.19508613646030426 -0.006554040592163801 
vn 0.923859715461731 -0.3826752007007599 -0.006554040592163801 
vn 0.8230164647102356 -0.16515271365642548 -0.5434780716896057 
vn 0.7744372487068176 -0.32384946942329407 -0.5434780716896057 
vn 0.91087406873703 -0.3752537667751312 -0.17173540592193604 
vn 0.8185919523239136 -0.548100471496582 -0.17173540592193604 
vn 0.8314676284790039 -0.5555689334869385 0.002184694167226553 
vn 0.7071051001548767 -0.7071051001548767 0.002184694167226553 
vn 0.6939274668693542 -0.6992650628089905 0.17173540592193604 
vn 0.548100471496582 -0.8185919523239136 0.17173540592193604 
vn 0.3584006428718567 -0.5304527878761292 0.7682244777679443 
vn 0.2458561211824417 -0.5910887718200684 0.7682244777679443 
vn 0 0 1 
vn 0 0 1 
vn -0.06358230859041214 0.3365223705768585 0.9395264387130737 
vn 0.003761886153370142 0.34245565533638 0.9395264387130737 
vn 0.0018848208710551262 0.812340497970581 0.5831804275512695 
vn 0 0 1 
vn -0.0037662452086806297 -0.6401695013046265 0.7682244777679443 
vn 0.12350751459598541 -0.6281536817550659 0.7682244777679443 
vn 0.19496741890907288 -0.965657651424408 0.17173540592193604 
vn 0.3752537667751312 -0.91087406873703 0.17173540592193604 
vn 0.38268253207206726 -0.9238772988319397 0.002184694167226553 
vn 0.5555689334869385 -0.8314676284790039 0.002184694167226553 
vn 0.548100471496582 -0.8185919523239136 -0.17173540592193604 
vn 0.6992650628089905 -0.6939274668693542 -0.17173540592193604 
vn 0.5948961973190308 -0.592224657535553 -0.5434780716896057 
vn 0.6997862458229065 -0.4636062979698181 -0.5434780716896057 
vn 0.7726750373840332 -0.5194055438041687 -0.3649536371231079 
vn 0.8614138960838318 -0.3532349467277527 -0.3649536371231079 
vn 3.0518805798490645e-13 -0.9851431250572205 0.17173540592193604 
vn 3.097898456858039e-13 -0.999997615814209 0.002184694167226553 
vn 0.19508986175060272 -0.9807829260826111 0.002184694167226553 
vn 0.19496741890907288 -0.965657651424408 -0.17173540592193604 
vn 0.3752537667751312 -0.91087406873703 -0.17173540592193604 
vn 0.32036057114601135 -0.7758870124816895 -0.5434780716896057 
vn 0.46675121784210205 -0.6976925134658813 -0.5434780716896057 
vn 0.5178384184837341 -0.773726224899292 -0.3649536371231079 
vn 0.6576671004295349 -0.6590014100074768 -0.3649536371231079 
vn 0.7070915699005127 -0.7070915699005127 -0.006554040592163801 
vn 0.8314517736434937 -0.5555583238601685 -0.006554040592163801 
vn 3.0518805798490645e-13 -0.9851431250572205 -0.17173540592193604 
vn -0.0037781051360070705 -0.8394148349761963 -0.5434780716896057 
vn 0.16144677996635437 -0.8237514495849609 -0.5434780716896057 
vn 0.1781625896692276 -0.9138199687004089 -0.3649536371231079 
vn 0.3584662079811096 -0.8592501282691956 -0.3649536371231079 
vn 0.3826752007007599 -0.923859715461731 -0.006554040592163801 
vn 0.5555583238601685 -0.8314517736434937 -0.006554040592163801 
vn 0.19508613646030426 -0.9807642102241516 -0.006554040592163801 
vn 3.0978390967890956e-13 -0.9999785423278809 -0.006554040592163801 
vn -0.0018870332278311253 -0.9310237765312195 -0.3649536371231079 
vn 0.9807642102241516 0.19508613646030426 -0.006554040592163801 
vn -0.6536335349082947 -0.2717638313770294 0.7063339352607727 
vn -0.5898852348327637 -0.39131543040275574 0.7063339352607727 
vn -0.7297245264053345 -0.4909912347793579 0.4758462607860565 
vn -0.6245839595794678 -0.6192456483840942 0.4758462607860565 
vn -0.5750790238380432 -0.5737462639808655 0.5831804275512695 
vn -0.45307493209838867 -0.6742578744888306 0.5831804275512695 
vn -0.18831020593643188 -0.2860581874847412 0.9395264387130737 
vn 0 0 1 
vn -0.12844888865947723 -0.317475825548172 0.9395264387130737 
vn 0 0 1 
vn 0 0 1 
vn 0.2458561211824417 0.5910887718200684 0.7682244777679443 
vn 0.12350751459598541 0.6281536817550659 0.7682244777679443 
vn 0.19496741890907288 0.965657651424408 0.17173540592193604 
vn -0.0037662452086806297 0.6401695013046265 0.7682244777679443 
vn -1.0187518011258931e-13 0.9851431250572205 0.17173540592193604 
vn -0.19496741890907288 0.965657651424408 0.17173540592193604 
vn -1.0341130485562108e-13 0.999997615814209 0.002184694167226553 
vn -0.19508986175060272 0.9807829260826111 -0.002184694167226553 
vn -0.19496741890907288 0.965657651424408 -0.17173540592193604 
vn -0.38268253207206726 0.9238772988319397 0.002184694167226553 
vn -0.3752537667751312 0.91087406873703 -0.17173540592193604 
vn -0.548100471496582 0.8185919523239136 -0.17173540592193604 
vn -0.32036057114601135 0.7758870124816895 -0.5434780716896057 
vn -0.46675121784210205 0.6976925134658813 -0.5434780716896057 
vn -0.5146977305412292 0.7758190035820007 -0.3649536371231079 
vn -0.5948961973190308 0.592224657535553 -0.5434780716896057 
vn -0.6603330373764038 0.6563300490379333 -0.3649536371231079 
vn -0.7747741937637329 0.5162690877914429 -0.3649536371231079 
vn -0.7070915699005127 0.7070915699005127 -0.006554040592163801 
vn -0.8314517736434937 0.5555583238601685 -0.006554040592163801 
vn 0.3584006428718567 0.5304527878761292 0.7682244777679443 
vn 0.548100471496582 0.8185919523239136 0.17173540592193604 
vn 0.3752537667751312 0.91087406873703 0.17173540592193604 
vn 0.38268253207206726 0.9238772988319397 0.002184694167226553 
vn 0.19508986175060272 0.9807829260826111 0.002184694167226553 
vn 0.19496741890907288 0.965657651424408 -0.17173540592193604 
vn -1.0187518011258931e-13 0.9851431250572205 -0.17173540592193604 
vn -0.0037781051360070705 0.8394148349761963 -0.5434780716896057 
vn -0.16144677996635437 0.8237514495849609 -0.5434780716896057 
vn -0.18186543881893158 0.9130902290344238 -0.3649536371231079 
vn -0.35498014092445374 0.8606961965560913 -0.3649536371231079 
vn -0.3826752007007599 0.923859715461731 -0.006554040592163801 
vn -0.5555583238601685 0.8314517736434937 -0.006554040592163801 
vn 0.5555689334869385 0.8314676284790039 0.002184694167226553 
vn 0.548100471496582 0.8185919523239136 -0.17173540592193604 
vn 0.3752537667751312 0.91087406873703 -0.17173540592193604 
vn 0.32036057114601135 0.7758870124816895 -0.5434780716896057 
vn 0.16144677996635437 0.8237514495849609 -0.5434780716896057 
vn 0.1781625896692276 0.9138199687004089 -0.3649536371231079 
vn -0.0018870332278311253 0.9310237765312195 -0.3649536371231079 
vn -1.0340933296291988e-13 0.9999785423278809 -0.006554040592163801 
vn -0.19508613646030426 0.9807642102241516 -0.006554040592163801 
vn 0.46675121784210205 0.6976925134658813 -0.5434780716896057 
vn 0.5178384184837341 0.773726224899292 -0.3649536371231079 
vn 0.3584662079811096 0.8592501282691956 -0.3649536371231079 
vn 0.3826752007007599 0.923859715461731 -0.006554040592163801 
vn 0.19508613646030426 0.9807642102241516 -0.006554040592163801 
vn 0.5555583238601685 0.8314517736434937 -0.006554040592163801 
vn -0.19511756300926208 0.9615597128868103 -0.19321508705615997 
vn -0.19508986175060272 0.9807829260826111 0.002184694167226553 
vn -1.0124504858620431e-13 0.9811564087867737 -0.19321508705615997 
vn -1.0341130485562108e-13 0.999997615814209 0.002184694167226553 
vn 0.19508986175060272 0.9807829260826111 0.002184694167226553 
vn 0.0018876449903473258 0.9866044521331787 -0.16312000155448914 
vn 0.1894679218530655 0.9682426452636719 -0.16312000155448914 
vn 0.38268253207206726 0.9238772988319397 0.002184694167226553 
vn 0.3754723072052002 0.9064703583717346 -0.19321508705615997 
vn 0.5482380986213684 0.813697099685669 -0.19321508705615997 
vn -0.923859715461731 0.3826752007007599 -0.006554040592163801 
vn -0.8599749207496643 0.3567239046096802 -0.3649536371231079 
vn -0.7744372487068176 0.32384946942329407 -0.5434780716896057 
vn -0.9127197861671448 0.18371574580669403 -0.3649536371231079 
vn -0.8230164647102356 0.16515271365642548 -0.5434780716896057 
vn -0.8394233584403992 -1.739849177272504e-13 -0.5434780716896057 
vn -0.965657651424408 0.19496741890907288 -0.17173540592193604 
vn -0.9851431250572205 -2.0375036022517862e-13 -0.17173540592193604 
vn -0.999997615814209 -2.0682260971124217e-13 0.002184694167226553 
vn -0.965657651424408 -0.19496741890907288 -0.17173540592193604 
vn -0.9807829260826111 -0.19508986175060272 -0.002184694167226553 
vn -0.9238772988319397 -0.38268253207206726 0.002184694167226553 
vn -0.965657651424408 -0.19496741890907288 0.17173540592193604 
vn -0.91087406873703 -0.3752537667751312 0.17173540592193604 
vn -0.5925249457359314 -0.24237443506717682 0.7682244777679443 
vn -0.8185919523239136 -0.548100471496582 0.17173540592193604 
vn -0.5325521230697632 -0.3552737236022949 0.7682244777679443 
vn -0.45134249329566956 -0.454005628824234 0.7682244777679443 
vn 0 0 1 
vn 0 0 1 
vn 0.24083362519741058 0.2434937208890915 0.9395264387130737 
vn 0 0 1 
vn 0.18831020593643188 0.2860581874847412 0.9395264387130737 
vn 0.12844888865947723 0.317475825548172 0.9395264387130737 
vn 0.4499411880970001 0.6763530969619751 0.5831804275512695 
vn 0.3104346990585327 0.7506869435310364 0.5831804275512695 
vn 0.3383239209651947 0.8118542432785034 0.4758462607860565 
vn 0.15917335450649261 0.7965955138206482 0.5831804275512695 
vn 0.172512948513031 0.8624439835548401 0.4758462607860565 
vn -9.095340854168438e-14 0.8795284628868103 0.4758462607860565 
vn 0.1385623663663864 0.6941850185394287 0.7063339352607727 
vn 0.00376924779266119 0.707868754863739 0.7063339352607727 
vn -0.6997862458229065 0.4636062979698181 -0.5434780716896057 
vn -0.8185919523239136 0.548100471496582 -0.17173540592193604 
vn -0.6939274668693542 0.6992650628089905 -0.17173540592193604 
vn -0.7071051001548767 0.7071051001548767 0.002184694167226553 
vn -0.5555689334869385 0.8314676284790039 0.002184694167226553 
vn -0.548100471496582 0.8185919523239136 0.17173540592193604 
vn -0.3752537667751312 0.91087406873703 0.17173540592193604 
vn -0.2458561211824417 0.5910887718200684 0.7682244777679443 
vn -0.12350751459598541 0.6281536817550659 0.7682244777679443 
vn 0 0 1 
vn 0 0 1 
vn 0.003761886153370142 -0.34245565533638 0.9395264387130737 
vn -0.06358230859041214 -0.3365223705768585 0.9395264387130737 
vn -0.15547509491443634 -0.797325611114502 0.5831804275512695 
vn -0.31391486525535583 -0.7492383122444153 0.5831804275512695 
vn -0.3383239209651947 -0.8118542432785034 0.4758462607860565 
vn -0.4909912347793579 -0.7297245264053345 0.4758462607860565 
vn -0.394450843334198 -0.587793231010437 0.7063339352607727 
vn -0.49921146035194397 -0.501876711845398 0.7063339352607727 
vn -0.91087406873703 0.3752537667751312 -0.17173540592193604 
vn -0.9238772988319397 0.38268253207206726 0.002184694167226553 
vn -0.9807829260826111 0.19508986175060272 0.002184694167226553 
vn -0.965657651424408 0.19496741890907288 0.17173540592193604 
vn -0.9851431250572205 -2.0375036022517862e-13 0.17173540592193604 
vn -0.6401805877685547 -1.3240413810917256e-13 0.7682244777679443 
vn -0.62741619348526 -0.1272008717060089 0.7682244777679443 
vn 0 0 1 
vn 0 0 1 
vn 0.31604576110839844 0.13192841410636902 0.9395264387130737 
vn 0.28397247195243835 0.19144101440906525 0.9395264387130737 
vn 0.677395224571228 0.44837069511413574 0.5831804275512695 
vn 0.5724104046821594 0.5764086842536926 0.5831804275512695 
vn 0.6245839595794678 0.6192456483840942 0.4758462607860565 
vn 0.4909912347793579 0.7297245264053345 0.4758462607860565 
vn 0.394450843334198 0.587793231010437 0.7063339352607727 
vn 0.2682795524597168 0.6550713181495667 0.7063339352607727 
vn 0.49921146035194397 0.501876711845398 0.7063339352607727 
vn 0.5898852348327637 0.39131543040275574 0.7063339352607727 
vn 0.7297245264053345 0.4909912347793579 0.4758462607860565 
vn 0.8118542432785034 0.3383239209651947 0.4758462607860565 
vn 0.7514052391052246 0.3086920976638794 0.5831804275512695 
vn 0.7969627380371094 0.1573246419429779 0.5831804275512695 
vn 0.33580365777015686 0.06727495789527893 0.9395264387130737 
vn 0.3424763083457947 0 0.9395264387130737 
vn 0 0 1 
vn 0 0 1 
vn -0.62741619348526 0.1272008717060089 0.7682244777679443 
vn -0.5925249457359314 0.24237443506717682 0.7682244777679443 
vn -0.91087406873703 0.3752537667751312 0.17173540592193604 
vn -0.8185919523239136 0.548100471496582 0.17173540592193604 
vn -0.8314676284790039 0.5555689334869385 0.002184694167226553 
vn 0.6536335349082947 0.2717638313770294 0.7063339352607727 
vn 0.6949129700660706 0.13486407697200775 0.7063339352607727 
vn 0.8624439835548401 0.172512948513031 0.4758462607860565 
vn 0.8795284628868103 0 0.4758462607860565 
vn 0.812342643737793 0 0.5831804275512695 
vn 0.7969627380371094 -0.1573246419429779 0.5831804275512695 
vn 0.33580365777015686 -0.06727495789527893 0.9395264387130737 
vn 0.31604576110839844 -0.13192841410636902 0.9395264387130737 
vn 0 0 1 
vn 0 0 1 
vn -0.5325521230697632 0.3552737236022949 0.7682244777679443 
vn -0.45134249329566956 0.454005628824234 0.7682244777679443 
vn -0.6992650628089905 0.6939274668693542 0.17173540592193604 
vn 0.7078787684440613 0 0.7063339352607727 
vn 0.6949129700660706 -0.13486407697200775 0.7063339352607727 
vn 0.8624439835548401 -0.172512948513031 0.4758462607860565 
vn 0.8118542432785034 -0.3383239209651947 0.4758462607860565 
vn 0.7514052391052246 -0.3086920976638794 0.5831804275512695 
vn 0.677395224571228 -0.44837069511413574 0.5831804275512695 
vn 0.28397247195243835 -0.19144101440906525 0.9395264387130737 
vn 0.24083362519741058 -0.2434937208890915 0.9395264387130737 
vn 0 0 1 
vn 0 0 1 
vn -0.3584006428718567 0.5304527878761292 0.7682244777679443 
vn 0.6536335349082947 -0.2717638313770294 0.7063339352607727 
vn 0.5898852348327637 -0.39131543040275574 0.7063339352607727 
vn 0.7297245264053345 -0.4909912347793579 0.4758462607860565 
vn 0.6245839595794678 -0.6192456483840942 0.4758462607860565 
vn 0.5724104046821594 -0.5764086842536926 0.5831804275512695 
vn 0.4499411880970001 -0.6763530969619751 0.5831804275512695 
vn 0.18831020593643188 -0.2860581874847412 0.9395264387130737 
vn 0.12844888865947723 -0.317475825548172 0.9395264387130737 
vn 0 0 1 
vn 0.49921146035194397 -0.501876711845398 0.7063339352607727 
vn 0.394450843334198 -0.587793231010437 0.7063339352607727 
vn 0.4909912347793579 -0.7297245264053345 0.4758462607860565 
vn 0.3383239209651947 -0.8118542432785034 0.4758462607860565 
vn 0.3104346990585327 -0.7506869435310364 0.5831804275512695 
vn 0.15917335450649261 -0.7965955138206482 0.5831804275512695 
vn 0.06358230859041214 -0.3365223705768585 0.9395264387130737 
vn 0.2682795524597168 -0.6550713181495667 0.7063339352607727 
vn 0.1385623663663864 -0.6941850185394287 0.7063339352607727 
vn 0.172512948513031 -0.8624439835548401 0.4758462607860565 
vn 2.732507959051639e-13 -0.8795284628868103 0.4758462607860565 
vn 0.0018848208710551262 -0.812340497970581 0.5831804275512695 
vn -0.00376924779266119 -0.707868754863739 0.7063339352607727 
vn -0.1385623663663864 -0.6941850185394287 0.7063339352607727 
vn -0.172512948513031 -0.8624439835548401 0.4758462607860565 
vn -0.9807642102241516 0.19508613646030426 -0.006554040592163801 
vn -0.9999785423278809 -2.0681866592583975e-13 -0.006554040592163801 
vn -0.931018054485321 0.00377405877225101 -0.3649536371231079 
vn -0.9127197861671448 -0.18371574580669403 -0.3649536371231079 
vn -0.8230164647102356 -0.16515271365642548 -0.5434780716896057 
vn -0.7744372487068176 -0.32384946942329407 -0.5434780716896057 
vn -0.91087406873703 -0.3752537667751312 -0.17173540592193604 
vn -0.8185919523239136 -0.548100471496582 -0.17173540592193604 
vn -0.8314676284790039 -0.5555689334869385 0.002184694167226553 
vn -0.7071051001548767 -0.7071051001548767 0.002184694167226553 
vn -0.6939274668693542 -0.6992650628089905 0.17173540592193604 
vn -0.548100471496582 -0.8185919523239136 0.17173540592193604 
vn -0.3584006428718567 -0.5304527878761292 0.7682244777679443 
vn -0.2458561211824417 -0.5910887718200684 0.7682244777679443 
vn 0 0 1 
vn 0 0 1 
vn 0.06358230859041214 0.3365223705768585 0.9395264387130737 
vn 0.003761886153370142 0.34245565533638 0.9395264387130737 
vn 0.0018848208710551262 0.812340497970581 0.5831804275512695 
vn -0.9807642102241516 -0.19508613646030426 -0.006554040592163801 
vn -0.923859715461731 -0.3826752007007599 -0.006554040592163801 
vn -0.8599749207496643 -0.3567239046096802 -0.3649536371231079 
vn -0.7747741937637329 -0.5162690877914429 -0.3649536371231079 
vn -0.6997862458229065 -0.4636062979698181 -0.5434780716896057 
vn -0.5948961973190308 -0.592224657535553 -0.5434780716896057 
vn -0.6992650628089905 -0.6939274668693542 -0.17173540592193604 
vn -0.548100471496582 -0.8185919523239136 -0.17173540592193604 
vn -0.5555689334869385 -0.8314676284790039 0.002184694167226553 
vn -0.38268253207206726 -0.9238772988319397 0.002184694167226553 
vn -0.3752537667751312 -0.91087406873703 0.17173540592193604 
vn -0.19496741890907288 -0.965657651424408 0.17173540592193604 
vn -0.12350751459598541 -0.6281536817550659 0.7682244777679443 
vn -0.0037662452086806297 -0.6401695013046265 0.7682244777679443 
vn 0 0 1 
vn -0.8314517736434937 -0.5555583238601685 -0.006554040592163801 
vn -0.7070915699005127 -0.7070915699005127 -0.006554040592163801 
vn -0.6603330373764038 -0.6563300490379333 -0.3649536371231079 
vn -0.5146977305412292 -0.7758190035820007 -0.3649536371231079 
vn -0.46675121784210205 -0.6976925134658813 -0.5434780716896057 
vn -0.32036057114601135 -0.7758870124816895 -0.5434780716896057 
vn -0.3752537667751312 -0.91087406873703 -0.17173540592193604 
vn -0.19496741890907288 -0.965657651424408 -0.17173540592193604 
vn -0.19508986175060272 -0.9807829260826111 0.002184694167226553 
vn 3.097898456858039e-13 -0.999997615814209 0.002184694167226553 
vn 3.0518805798490645e-13 -0.9851431250572205 0.17173540592193604 
vn -0.5555583238601685 -0.8314517736434937 -0.006554040592163801 
vn -0.3826752007007599 -0.923859715461731 -0.006554040592163801 
vn -0.35498014092445374 -0.8606961965560913 -0.3649536371231079 
vn -0.18186543881893158 -0.9130902290344238 -0.3649536371231079 
vn -0.16144677996635437 -0.8237514495849609 -0.5434780716896057 
vn -0.0037781051360070705 -0.8394148349761963 -0.5434780716896057 
vn 3.0518805798490645e-13 -0.9851431250572205 -0.17173540592193604 
vn -0.19508613646030426 -0.9807642102241516 -0.006554040592163801 
vn 3.0978390967890956e-13 -0.9999785423278809 -0.006554040592163801 
vn -0.0018870332278311253 -0.9310237765312195 -0.3649536371231079 
vn -0.2682795524597168 -0.6550713181495667 0.7063339352607727 
vn 0.19511756300926208 0.9615597128868103 -0.19321508705615997 
vn -0.5467549562454224 0.8212496042251587 -0.16312000155448914 
vn -0.5555689334869385 0.8314676284790039 0.002184694167226553 
vn -0.3806076645851135 0.9102360606193542 -0.16312000155448914 
vn -0.38268253207206726 0.9238772988319397 0.002184694167226553 
vn -0.19508986175060272 0.9807829260826111 0.002184694167226553 
vn -0.3754723072052002 0.9064703583717346 -0.19321508705615997 
vn -0.19511756300926208 0.9615597128868103 -0.19321508705615997 
vn -0.3274344503879547 0.7830944061279297 -0.528724730014801 
vn -0.1688314825296402 0.8318329453468323 -0.528724730014801 
vn -0.13148587942123413 0.6634466052055359 -0.736579954624176 
vn -0.19317154586315155 0.9675105214118958 -0.16312000155448914 
vn 0.17269891500473022 -0.882739245891571 -0.43697428703308105 
vn 0.05251387506723404 -0.249481201171875 -0.9669547080993652 
vn 0.09581656008958817 -0.23625783622264862 -0.9669547080993652 
vn -0.0040505328215658665 0.012466258369386196 -0.9999141097068787 
vn -0.37178635597229004 -0.90003901720047 -0.22738653421401978 
vn -0.19136877357959747 -0.9548158645629883 -0.22738653421401978 
vn -0.36790338158607483 -0.883263349533081 -0.29067665338516235 
vn -0.18759243190288544 -0.9382516741752625 -0.29067665338516235 
vn -0.15382225811481476 -0.7708972096443176 -0.6181069612503052 
vn 2.972640579870789e-13 -0.9568213224411011 -0.29067665338516235 
vn 0.0037761125713586807 -0.7860849499702454 -0.6181069612503052 
vn 0.15382225811481476 -0.7708972096443176 -0.6181069612503052 
vn 0.18759243190288544 -0.9382516741752625 -0.29067665338516235 
vn 0.19136877357959747 -0.9548158645629883 -0.22738653421401978 
vn 0.003776900703087449 -0.9737972617149353 -0.22738653421401978 
vn 2.786485506309916e-13 -0.899474024772644 -0.43697428703308105 
vn -0.17269891500473022 -0.882739245891571 -0.43697428703308105 
vn -0.19317154586315155 0.9675105214118958 -0.16312000155448914 
vn -0.1688314825296402 0.8318329453468323 -0.528724730014801 
vn 0.0037769887130707502 0.8487849235534668 -0.528724730014801 
vn -0.13148587942123413 0.6634466052055359 -0.736579954624176 
vn 0.17269891500473022 -0.882739245891571 -0.43697428703308105 
vn 0.05251387506723404 -0.249481201171875 -0.9669547080993652 
vn 7.920697924585982e-14 -0.2549481689929962 -0.9669547080993652 
vn -0.006688034627586603 -0.016146345064044 0.9998472929000854 
vn -0.006688034627586603 -0.016146345064044 0.9998472929000854 
vn -0.006688034627586603 -0.016146345064044 0.9998472929000854 
vn -0.006688034627586603 -0.016146345064044 0.9998472929000854 
vn -0.5545157194137573 -0.5571858882904053 -0.6181069612503052 
vn -0.4379071295261383 -0.6528255343437195 -0.6181069612503052 
vn -0.5339340567588806 -0.7939909100532532 -0.29067665338516235 
vn -0.2982066869735718 -0.7273352742195129 -0.6181069612503052 
vn 0.19492226839065552 0.9799404740333557 -0.04149730131030083 
vn 0.3823537826538086 0.9230837225914001 -0.04149730131030083 
vn 0.5550916790962219 0.8307533860206604 -0.04149730131030083 
vn 0.7064976692199707 0.7064976692199707 -0.04149730131030083 
vn 0.8307533860206604 0.5550916790962219 -0.04149730131030083 
vn 0.9230837225914001 0.3823537826538086 -0.04149730131030083 
vn 0.9799404740333557 0.19492226839065552 -0.04149730131030083 
vn 0.999138593673706 0 -0.04149730131030083 
vn 0.9799404740333557 -0.19492226839065552 -0.04149730131030083 
vn 0.9230837225914001 -0.3823537826538086 -0.04149730131030083 
vn 0.8307533860206604 -0.5550916790962219 -0.04149730131030083 
vn 0.7064976692199707 -0.7064976692199707 -0.04149730131030083 
vn 0.5550916790962219 -0.8307533860206604 -0.04149730131030083 
vn 0.3823537826538086 -0.9230837225914001 -0.04149730131030083 
vn 0.19492226839065552 -0.9799404740333557 -0.04149730131030083 
vn -0.813697099685669 0.5482380986213684 -0.19321508705615997 
vn -0.693782389163971 0.693782389163971 -0.19321508705615997 
vn -0.7071051001548767 0.7071051001548767 0.002184694167226553 
vn -0.5482380986213684 0.813697099685669 -0.19321508705615997 
vn -0.0040505328215658665 0.012466258369386196 -0.9999141097068787 
vn 0.9942469596862793 -0.007544876541942358 0.10684575140476227 
vn 0.9726846814155579 -0.015091477893292904 0.23163928091526031 
vn 0.9941611289978027 -0.015089319087564945 0.10684575140476227 
vn 0.9702708125114441 -0.030189892277121544 0.2401314377784729 
vn 0.9923301339149475 -0.030202997848391533 0.11986933648586273 
vn 0.9662240147590637 -0.1129353865981102 0.23163928091526031 
vn 0.9874088764190674 -0.09796231985092163 0.1242060661315918 
vn 0.8889029622077942 -0.31104061007499695 0.3363112509250641 
vn 0.9329374432563782 -0.3328714072704315 0.1372016966342926 
vn 0.8276619911193848 -0.40815773606300354 0.3852050006389618 
vn 0.8941206336021423 -0.4234091341495514 0.1458524912595749 
vn 0.7638101577758789 -0.5055423378944397 0.401274174451828 
vn 0.8202019929885864 -0.54832524061203 0.16312000155448914 
vn 0.5412882566452026 -0.6597474217414856 0.5212872624397278 
vn 0.6480036377906799 -0.7399794459342957 0.18033768236637115 
vn 0.4397408366203308 -0.7340070605278015 0.5175535082817078 
vn 0.5050974488258362 -0.8421303033828735 0.18892620503902435 
vn 0.3076789379119873 -0.7810027003288269 0.5434780716896057 
vn 0.3804725110530853 -0.9025102853775024 0.2017817199230194 
vn 0.16662757098674774 -0.8002442717552185 0.5760593414306641 
vn 0.20775222778320312 -0.9562314748764038 0.2060592919588089 
vn 0.09409847110509872 -0.7749706506729126 0.6249527335166931 
vn 0.11852595955133438 -0.9713347554206848 0.2060592919588089 
vn -0.0018851791974157095 -0.7860917448997498 0.6181069612503052 
vn -0.0018859942210838199 -0.9785376787185669 0.2060592919588089 
vn -0.09409847110509872 -0.7749706506729126 0.6249527335166931 
vn -0.12226928770542145 -0.9708706140518188 0.2060592919588089 
vn -0.16659526526927948 -0.7976718544960022 0.5796254277229309 
vn -0.19668057560920715 -0.9585699439048767 0.2060592919588089 
vn -0.30770763754844666 -0.783534586429596 0.5398051738739014 
vn -0.37699076533317566 -0.9039701819419861 0.2017817199230194 
vn -0.44297072291374207 -0.7320623397827148 0.5175535082817078 
vn -0.5083318948745728 -0.8401818871498108 0.18892620503902435 
vn -0.5441980957984924 -0.6573492288589478 0.5212872624397278 
vn -0.6508373618125916 -0.737488329410553 0.18033768236637115 
vn -0.7617221474647522 -0.5086829662322998 0.401274174451828 
vn -0.8180978298187256 -0.5514597296714783 0.16312000155448914 
vn -0.8276619911193848 -0.40815773606300354 0.3852050006389618 
vn -0.8941206336021423 -0.4234091341495514 0.1458524912595749 
vn -0.8889029622077942 -0.31104061007499695 0.3363112509250641 
vn -0.934198260307312 -0.3293164074420929 0.1372016966342926 
vn -0.9662240147590637 -0.1129353865981102 0.23163928091526031 
vn -0.9874088764190674 -0.09796231985092163 0.1242060661315918 
vn -0.9702708125114441 -0.030189892277121544 0.2401314377784729 
vn -0.9923301339149475 -0.030202997848391533 0.11986933648586273 
vn -0.9726846814155579 -0.015091477893292904 0.23163928091526031 
vn -0.9941611289978027 -0.015089319087564945 0.10684575140476227 
vn -0.9757252335548401 -0.0075502279214560986 0.21886809170246124 
vn -0.9942469596862793 -0.007544876541942358 0.10684575140476227 
vn -0.9708938598632812 0.041498277336359024 0.23588760197162628 
vn -0.9924368858337402 0.04149471968412399 0.11553031951189041 
vn -0.9292682409286499 0.1985509693622589 0.31150925159454346 
vn -0.9733495116233826 0.18375635147094727 0.1372016966342926 
vn -0.8530829548835754 0.3844985365867615 0.3527185618877411 
vn -0.9050571322441101 0.3927638828754425 0.16312000155448914 
vn -0.586686372756958 0.6320333480834961 0.5062933564186096 
vn -0.6869913339614868 0.7016763687133789 0.18892620503902435 
vn -0.4474000930786133 0.7548084259033203 0.4796847105026245 
vn -0.5065786242485046 0.8421926498413086 0.18463370203971863 
vn -0.2818947732448578 0.8480445146560669 0.4487268626689911 
vn -0.3135129511356354 0.9331238865852356 0.1760382205247879 
vn -0.12415856122970581 0.9021155834197998 0.41324591636657715 
vn -0.1410880982875824 0.9764660596847534 0.16312000155448914 
vn 0.0018857949180528522 0.9088032245635986 0.417220801115036 
vn 0.003775994060561061 0.9879868030548096 0.15449213981628418 
vn 0.12415856122970581 0.9021155834197998 0.41324591636657715 
vn 0.13735058903694153 0.9769988059997559 0.16312000155448914 
vn 0.2818947732448578 0.8480445146560669 0.4487268626689911 
vn 0.3170900046825409 0.9319143891334534 0.1760382205247879 
vn 0.45063987374305725 0.7528786659240723 0.4796847105026245 
vn 0.5065786242485046 0.8421926498413086 0.18463370203971863 
vn 0.586686372756958 0.6320333480834961 0.5062933564186096 
vn 0.6896843910217285 0.6990295648574829 0.18892620503902435 
vn 0.8515253663063049 0.3879357576370239 0.3527185618877411 
vn 0.9035475850105286 0.3962242305278778 0.16312000155448914 
vn 0.930049479007721 0.19485865533351898 0.31150925159454346 
vn 0.972642719745636 0.18746152520179749 0.1372016966342926 
vn 0.9710476994514465 0.03772769868373871 0.23588760197162628 
vn 0.9922720789909363 0.045264460146427155 0.11553031951189041 
vn 0.9757252335548401 -0.0075502279214560986 0.21886809170246124 
vn -0.0018813272472470999 0.5305745005607605 0.8476362228393555 
vn -0.08813402056694031 0.5118898749351501 0.8545181155204773 
vn -0.1856299787759781 0.4567674994468689 0.8700028657913208 
vn -0.25078293681144714 0.37913820147514343 0.8907088041305542 
vn -0.39877766370773315 0.32696375250816345 0.8567795157432556 
vn -0.5683115720748901 0.21041464805603027 0.7954543828964233 
vn -0.6849956512451172 0.07528271526098251 0.7246471047401428 
vn -0.6662543416023254 0.02259606495499611 0.7453821301460266 
vn -0.698396623134613 -0.015081916004419327 0.715552031993866 
vn -0.6857817769050598 -0.015068487264215946 0.7276512384414673 
vn -0.6730306148529053 -0.011307951994240284 0.7395281791687012 
vn -0.7425491809844971 -0.04520644247531891 0.6682642698287964 
vn -0.5523635745048523 -0.18145373463630676 0.8136147856712341 
vn -0.5554037094116211 -0.22444286942481995 0.8007197380065918 
vn -0.443230539560318 -0.2848469614982605 0.8499464392662048 
vn -0.367800772190094 -0.3451813757419586 0.8634653687477112 
vn -0.23238882422447205 -0.3723738491535187 0.8985171914100647 
vn -0.19263362884521484 -0.3987697958946228 0.8965907096862793 
vn -0.08779683709144592 -0.38949963450431824 0.916832447052002 
vn -0.050670892000198364 -0.37166348099708557 0.926983654499054 
vn 0.0037601967342197895 -0.37102872133255005 0.9286137819290161 
vn 0.04693800210952759 -0.3721533417701721 0.926983654499054 
vn 0.0015174545114859939 -0.008605912327766418 0.999961793422699 
vn 0.0015174545114859939 -0.008605912327766418 0.999961793422699 
vn -0.0017888620495796204 0.026152238249778748 0.9996563792228699 
vn -0.0017781255301088095 0.030529234558343887 0.9995322823524475 
vn -0.033709440380334854 0.31593725085258484 0.9481810927391052 
vn -0.02626347728073597 0.24508535861968994 0.9691457152366638 
vn -0.018387380987405777 0.08531774580478668 0.9961841106414795 
vn -0.011218540370464325 0.21644529700279236 0.976230263710022 
vn -6.321893929303515e-15 0.06113334000110626 0.9981296062469482 
vn 0.00552145903930068 0.0783737376332283 0.9969087839126587 
vn 0 0 1 
vn 0.04748174175620079 0.0073340050876140594 0.9988451600074768 
vn 0.05677155405282974 0 0.9983872175216675 
vn 0.7379017472267151 0.015079735778272152 0.67473965883255 
vn 0.8382028341293335 -0.04525060951709747 0.5434780716896057 
vn 0.9547980427742004 -0.03770282492041588 0.2948545813560486 
vn 0.9387760162353516 0 0.34452807903289795 
vn 0.9715165495872498 -0.022640259936451912 0.23588760197162628 
vn 0.9435058832168579 0.11295391619205475 0.31150925159454346 
vn 0.0015174545114859939 -0.008605912327766418 0.999961793422699 
vn -0.0043693361803889275 -0.007567912340164185 0.999961793422699 
vn -0.0043693361803889275 -0.007567912340164185 0.999961793422699 
vn -0.0043693361803889275 -0.007567912340164185 0.999961793422699 
vn -0.012357876636087894 -0.012357876636087894 0.9998472929000854 
vn -0.016146345064044 -0.006688034627586603 0.9998472929000854 
vn -0.020776038989424706 -0.006750544533133507 0.9997613430023193 
vn -0.02404317818582058 -0.010443425737321377 0.9996563792228699 
vn -0.0303741954267025 -0.0035502342507243156 0.9995322823524475 
vn -0.025969194248318672 -0.003569383639842272 0.9996563792228699 
vn -0.021845221519470215 -4.518096610544014e-15 0.9997613430023193 
vn -0.025969194248318672 -0.003569383639842272 0.9996563792228699 
vn -0.034948017448186874 -7.22805739957269e-15 0.999389111995697 
vn -0.05126342549920082 0.010896377265453339 0.9986256957054138 
vn -0.04456167668104172 0.017959969118237495 0.9988451600074768 
vn -0.02958367019891739 0.03213643282651901 0.9990455508232117 
vn -0.017474008724093437 0.030265869572758675 0.999389111995697 
vn -0.017546063289046288 0.04000099375844002 0.9990455508232117 
vn -0.003607067046687007 0.04353082552552223 0.9990455508232117 
vn 0.001840247423388064 0.04800954833626747 0.9988451600074768 
vn 0.003607067046687007 0.04353082552552223 0.9990455508232117 
vn 0.09184563905000687 0.5112369060516357 0.8545181155204773 
vn 0.017546063289046288 0.04000099375844002 0.9990455508232117 
vn 0.18213315308094025 0.45817306637763977 0.8700028657913208 
vn 0.017474008724093437 0.030265869572758675 0.999389111995697 
vn 0.24763160943984985 0.38120394945144653 0.8907088041305542 
vn 0.02958367019891739 0.03213643282651901 0.9990455508232117 
vn 0.39877766370773315 0.32696375250816345 0.8567795157432556 
vn 0.04580574482679367 0.014496107585728168 0.9988451600074768 
vn 0.569609522819519 0.20687514543533325 0.7954543828964233 
vn 0.051898643374443054 0.007293878588825464 0.9986256957054138 
vn 0.6849956512451172 0.07528271526098251 0.7246471047401428 
vn 0.034948017448186874 0 0.999389111995697 
vn 0.6662543416023254 0.02259606495499611 0.7453821301460266 
vn 0.026213347911834717 0 0.9996563792228699 
vn 0.698396623134613 -0.015081916004419327 0.715552031993866 
vn 0.021845221519470215 0 0.9997613430023193 
vn 0.6857817769050598 -0.015068487264215946 0.7276512384414673 
vn 0.026213347911834717 0 0.9996563792228699 
vn 0.6729567646980286 -0.015076717361807823 0.7395281791687012 
vn 0.030580973252654076 0 0.9995322823524475 
vn 0.7425491809844971 -0.04520644247531891 0.6682642698287964 
vn 0.02524128556251526 -0.007072276435792446 0.9996563792228699 
vn 0.5511766076087952 -0.1850278377532959 0.8136147856712341 
vn 0.020776038989424706 -0.006750544533133507 0.9997613430023193 
vn 0.5539796948432922 -0.2279350906610489 0.8007197380065918 
vn 0.016146345064044 -0.006688034627586603 0.9998472929000854 
vn 0.443230539560318 -0.2848469614982605 0.8499464392662048 
vn 0.012357876636087894 -0.012357876636087894 0.9998472929000854 
vn 0.3652147352695465 -0.3479163348674774 0.8634653687477112 
vn 0.006694211158901453 -0.005617110058665276 0.999961793422699 
vn 0.23238882422447205 -0.3723738491535187 0.8985171914100647 
vn 0.0015174545114859939 -0.008605912327766418 0.999961793422699 
vn 0.19263362884521484 -0.3987697958946228 0.8965907096862793 
vn 0.0015174545114859939 -0.008605912327766418 0.999961793422699 
vn 0.09146749973297119 -0.3886539936065674 0.916832447052002 
vn 0.005310330539941788 0.030116379261016846 0.9995322823524475 
vn 0.033709440380334854 0.31593725085258484 0.9481810927391052 
vn 0.02626347728073597 0.24508535861968994 0.9691457152366638 
vn 0.018452128395438194 0.08084405958652496 0.9965559244155884 
vn -6.321893929303515e-15 0.06113334000110626 0.9981296062469482 
vn 0.06223861500620842 0.047950852662324905 0.9969087839126587 
vn -0.009188945405185223 0.07802879810333252 0.9969087839126587 
vn 0 0 1 
vn -0.02933972142636776 0.10949733108282089 0.9935539960861206 
vn -0.04790383204817772 0.003677794011309743 0.9988451600074768 
vn -0.3305894434452057 0.19376182556152344 0.9236704111099243 
vn -0.5574102401733398 0.08256500959396362 0.8261215686798096 
vn -0.7950879335403442 0.15358957648277283 0.5867242813110352 
vn -0.8870607018470764 0.03395574539899826 0.46040233969688416 
vn -0.9408052563667297 0.14289423823356628 0.30735430121421814 
vn -0.9696839451789856 0.04527571052312851 0.2401314377784729 
vn 0.003754435107111931 0.3465578556060791 0.9380210638046265 
vn -0.022180303931236267 0.10673747956752777 0.9940398335456848 
vn -0.07178129255771637 0.13923628628253937 0.9876541495323181 
vn -0.06708621233701706 0.04874098300933838 0.9965559244155884 
vn 0 0 1 
vn 0.06549396365880966 0 0.9978529810905457 
vn 0.7682905793190002 0.045237619429826736 0.6385006904602051 
vn 0.8913841247558594 0.12036546319723129 0.43697428703308105 
vn 0.8585218191146851 0.3602070212364197 0.3649536371231079 
vn 0.7385496497154236 0.3502856492996216 0.5760593414306641 
vn 0.6701875329017639 0.20785215497016907 0.7124928832054138 
vn 0.05630545690655708 0.007259785197675228 0.9983872175216675 
vn 0 0 1 
vn -0.08602125942707062 0.014749825932085514 0.9961841106414795 
vn -0.8001052141189575 0.5533307194709778 0.23163928091526031 
vn -0.44685766100883484 0.8695276379585266 0.2103329300880432 
vn -0.45802199840545654 0.8889381885528564 0.002184694167226553 
vn -0.19668057560920715 0.9585699439048767 0.2060592919588089 
vn -0.20249100029468536 0.9792816638946533 0.002184694167226553 
vn -0.0018859942210838199 0.9785376787185669 0.2060592919588089 
vn -1.0341130485562108e-13 0.999997615814209 0.002184694167226553 
vn 0.21725822985172272 0.9761117100715637 0.002184694167226553 
vn -0.039178311824798584 0.19575949013233185 0.97986900806427 
vn -1.9758959483233245e-14 0.19107110798358917 0.9815762042999268 
vn 0.20775222778320312 0.9562314748764038 0.2060592919588089 
vn 0.044513039290905 0.19021934270858765 0.9807319641113281 
vn 0.44685766100883484 0.8695276379585266 0.2103329300880432 
vn 0.07180942595005035 0.13434599339962006 0.9883291721343994 
vn 0.7957890033721924 0.559520423412323 0.23163928091526031 
vn 0.9580078125 0.19488748908042908 0.2103329300880432 
vn 0.08602125942707062 0.014749825932085514 0.9961841106414795 
vn 0.9660032391548157 -0.15032577514648438 0.2103329300880432 
vn 0.11239016801118851 -0.01479644700884819 0.9935539960861206 
vn 0.8845216631889343 -0.4163910746574402 0.2103329300880432 
vn 0.0857696533203125 -0.043075136840343475 0.9953833818435669 
vn 0.705805778503418 -0.6764600872993469 0.2103329300880432 
vn 0.04631122574210167 -0.04631122574210167 0.9978529810905457 
vn 0.4333813488483429 -0.8763222694396973 0.2103329300880432 
vn 0.022980179637670517 -0.05191262438893318 0.9983872175216675 
vn 0.24467134475708008 -0.9483776092529297 0.2017817199230194 
vn 0.01615307293832302 -0.054425060749053955 0.9983872175216675 
vn 0.09611839056015015 -0.9747027158737183 0.2017817199230194 
vn 0.0018290365114808083 -0.05237675458192825 0.9986256957054138 
vn 3.0455924782991917e-13 -0.9803028106689453 0.1975002884864807 
vn 0.001840247423388064 -0.04800954833626747 0.9988451600074768 
vn -0.09987486898899078 -0.9743249416351318 0.2017817199230194 
vn -0.005478198640048504 -0.05212157964706421 0.9986256957054138 
vn -0.24832524359226227 -0.9474273920059204 0.2017817199230194 
vn -0.01263285893946886 -0.055348172783851624 0.9983872175216675 
vn -0.4333813488483429 -0.8763222694396973 0.2103329300880432 
vn -0.02625901624560356 -0.050333619117736816 0.9983872175216675 
vn -0.705805778503418 -0.6764600872993469 0.2103329300880432 
vn -0.04631122574210167 -0.04631122574210167 0.9978529810905457 
vn -0.8845216631889343 -0.4163910746574402 0.2103329300880432 
vn -0.08737540245056152 -0.039716992527246475 0.9953833818435669 
vn -0.9660032391548157 -0.15032577514648438 0.2103329300880432 
vn -0.11239016801118851 -0.01479644700884819 0.9935539960861206 
vn -0.9580078125 0.19488748908042908 0.2103329300880432 
vn -0.0980169028043747 -0.9951823353767395 0.002184694167226553 
vn -0.25395211577415466 -0.9672143459320068 0.002184694167226553 
vn -0.4445439279079437 -0.8957543969154358 0.002184694167226553 
vn -0.7229422330856323 -0.6909050345420837 0.002184694167226553 
vn -0.9055951237678528 -0.4241376221179962 0.002184694167226553 
vn -0.9874485731124878 -0.15792569518089294 0.002184694167226553 
vn -0.9807829260826111 0.19508986175060272 0.002184694167226553 
vn -0.8186684846878052 0.5742622017860413 0.002184694167226553 
vn 3.097898456858039e-13 -0.999997615814209 0.002184694167226553 
vn 0.0980169028043747 -0.9951823353767395 0.002184694167226553 
vn 0.25395211577415466 -0.9672143459320068 0.002184694167226553 
vn 0.4445439279079437 -0.8957543969154358 0.002184694167226553 
vn 0.7229422330856323 -0.6909050345420837 0.002184694167226553 
vn 0.9055951237678528 -0.4241376221179962 0.002184694167226553 
vn 0.9874485731124878 -0.15792569518089294 0.002184694167226553 
vn 0.9807829260826111 0.19508986175060272 0.002184694167226553 
vn 0.8143084645271301 0.5804283022880554 0.002184694167226553 
vn 0.45802199840545654 0.8889381885528564 0.002184694167226553 
vn -0.0017888620495796204 0.026152238249778748 0.9996563792228699 
vn -0.0017888620495796204 0.026152238249778748 0.9996563792228699 
vn -0.009391163475811481 0.23782473802566528 0.9712626934051514 
vn 0.02933972142636776 0.10949733108282089 0.9935539960861206 
vn 0.5574102401733398 0.08256500959396362 0.8261215686798096 
vn 0.8869083523750305 0.037726446986198425 0.46040233969688416 
vn 0.9764389395713806 -0.02264297567307949 0.21460255980491638 
vn -0.0017888620495796204 0.026152238249778748 0.9996563792228699 
vn -0.022547688335180283 0.2960841655731201 0.9548956751823425 
vn 0.3305894434452057 0.19376182556152344 0.9236704111099243 
vn 0.7957941889762878 0.14988742768764496 0.5867242813110352 
vn 0.9696839451789856 0.04527571052312851 0.2401314377784729 
vn 0.0015174545114859939 0.008605912327766418 0.999961793422699 
vn -0.0035349009558558464 0.002568255877122283 0.9999904632568359 
vn -0.0035349009558558464 0.002568255877122283 0.9999904632568359 
vn -0.0035349009558558464 0.002568255877122283 0.9999904632568359 
vn -0.0035349009558558464 0.002568255877122283 0.9999904632568359 
vn -0.0035349009558558464 -0.002568255877122283 0.9999904632568359 
vn -0.0035349009558558464 -0.002568255877122283 0.9999904632568359 
vn 0 0 1 
vn 0 0 1 
vn 0 0 1 
vn 0 0 1 
vn 0 0 1 
vn 0 0 1 
vn 0 0 1 
vn 0 0 1 
vn 0 0 1 
vn 0 0 1 
vn 5.42963238728115e-15 -0.017476677894592285 0.9998472929000854 
vn 5.42963238728115e-15 -0.017476677894592285 0.9998472929000854 
vn 0.0037664873525500298 -0.5634793639183044 0.8261215686798096 
vn 0.08255024999380112 -0.5500917434692383 0.8310141563415527 
vn 0.07889055460691452 -0.6353010535240173 0.7682244777679443 
vn 0.17287005484104156 -0.580834150314331 0.7954543828964233 
vn 5.42963238728115e-15 -0.017476677894592285 0.9998472929000854 
vn -0.006688034627586603 -0.016146345064044 0.9998472929000854 
vn -0.006688034627586603 -0.016146345064044 0.9998472929000854 
vn -0.006553899962455034 -0.011351687833666801 0.9999141097068787 
vn -0.011351687833666801 -0.006553899962455034 0.9999141097068787 
vn -0.008211665786802769 -0.0029888020362704992 0.999961793422699 
vn -0.008211665786802769 0.0029888020362704992 0.999961793422699 
vn -0.0043693361803889275 0.007567912340164185 0.999961793422699 
vn 0 0 1 
vn -0.006553899962455034 0.011351687833666801 0.9999141097068787 
vn 0 0 1 
vn -1.3584084427309948e-15 0.013107799924910069 0.9999141097068787 
vn 0 0 1 
vn -2.259048305272007e-15 0.021845221519470215 0.9997613430023193 
vn 0 0 1 
vn -2.259048305272007e-15 0.021845221519470215 0.9997613430023193 
vn -2.259048305272007e-15 0.021845221519470215 0.9997613430023193 
vn -0.020708907395601273 0.5810353755950928 0.8136147856712341 
vn 0.08066365122795105 0.48640355467796326 0.8700028657913208 
vn -0.0018861298449337482 0.6568071246147156 0.7540562748908997 
vn 0.011298214085400105 0.6400808691978455 0.7682244777679443 
vn -0.001883221324533224 0.5742691159248352 0.8186644315719604 
vn 0.01694483682513237 0.5811573266983032 0.8136147856712341 
vn -0.08421739935874939 0.48965370655059814 0.8678402304649353 
vn -0.15020763874053955 0.4696091115474701 0.8700028657913208 
vn -0.2666618824005127 0.3025254011154175 0.9150791168212891 
vn -0.32744354009628296 0.15649522840976715 0.931820809841156 
vn -0.3585290312767029 -0.015026818960905075 0.933397650718689 
vn -0.36481034755706787 -0.19832539558410645 0.9097144603729248 
vn -0.31434664130210876 -0.30635443329811096 0.8985171914100647 
vn -0.26748836040496826 -0.4231795072555542 0.865661084651947 
vn -0.19098661839962006 -0.4709215462207794 0.8612531423568726 
vn -0.08255024999380112 -0.5500917434692383 0.8310141563415527 
vn -0.0018851550994440913 -0.6468666195869446 0.762600839138031 
vn -0.07889055460691452 -0.6353010535240173 0.7682244777679443 
vn -0.1692533791065216 -0.5818983316421509 0.7954543828964233 
vn -0.28571996092796326 -0.489859402179718 0.8236515522003174 
vn -0.33518001437187195 -0.42547786235809326 0.8406086564064026 
vn -0.39802098274230957 -0.25009316205978394 0.882628321647644 
vn -0.4073803126811981 -0.056323759257793427 0.9115201234817505 
vn -0.34872007369995117 0.21800318360328674 0.9115201234817505 
vn -0.25755199790000916 0.41596075892448425 0.872148871421814 
vn -0.1595822125673294 0.5252612829208374 0.8358433246612549 
vn -0.009418780915439129 0.6367481350898743 0.7710143327713013 
vn 0.005658327601850033 0.6567854285240173 0.7540562748908997 
vn 0.003768703667446971 0.6501843929290771 0.7597671151161194 
vn 0.9408052563667297 0.14289423823356628 0.30735430121421814 
vn 0.8007063865661621 0.25976860523223877 0.5398051738739014 
vn 0.9168864488601685 0.23884402215480804 0.3198012113571167 
vn 0.316322386264801 0.6332712769508362 0.7063339352607727 
vn 0.5930602550506592 0.7540450096130371 0.28230419754981995 
vn -0.04520644247531891 0.7425491809844971 0.6682642698287964 
vn -0.01509657222777605 0.9850274324417114 0.17173540592193604 
vn -0.38033872842788696 0.7090625762939453 0.5937783122062683 
vn -0.4539352357387543 0.8767684698104858 0.15880759060382843 
vn -0.6764138340950012 0.4057704210281372 0.6146662831306458 
vn -0.8517645597457886 0.49031367897987366 0.18463370203971863 
vn -0.73213130235672 -1.514216676308175e-13 0.681163489818573 
vn -0.9793650507926941 0.011326023377478123 0.2017817199230194 
vn -0.7579351663589478 -0.1164189800620079 0.641857385635376 
vn -0.9683836698532104 -0.1466875970363617 0.2017817199230194 
vn -0.6840997934341431 -0.3760870695114136 0.6249527335166931 
vn -0.8571879267692566 -0.4738280475139618 0.2017817199230194 
vn -0.5557529330253601 -0.5597534775733948 0.6146662831306458 
vn -0.6931787729263306 -0.6931787729263306 0.1975002884864807 
vn -0.41088226437568665 -0.6764564514160156 0.6112139225006104 
vn -0.5143406391143799 -0.8355367183685303 0.19321508705615997 
vn -0.15926121175289154 -0.7752763628959656 0.6112139225006104 
vn -0.20780566334724426 -0.9588976502418518 0.19321508705615997 
vn -0.0018856831593438983 -0.8199149370193481 0.5724822878837585 
vn 0.0018880139105021954 -0.9819895029067993 0.18892620503902435 
vn 0.16295529901981354 -0.7745082974433899 0.6112139225006104 
vn 0.20411689579486847 -0.9596896767616272 0.19321508705615997 
vn 0.4141024053096771 -0.6744899749755859 0.6112139225006104 
vn 0.5111239552497864 -0.8375083208084106 0.19321508705615997 
vn 0.5584231615066528 -0.5570896863937378 0.6146662831306458 
vn 0.6931787729263306 -0.6931787729263306 0.1975002884864807 
vn 0.6840997934341431 -0.3760870695114136 0.6249527335166931 
vn 0.8590080142021179 -0.4705203175544739 0.2017817199230194 
vn 0.7584983706474304 -0.11269126087427139 0.641857385635376 
vn 0.968941867351532 -0.14295367896556854 0.2017817199230194 
vn 0.73213130235672 0 0.681163489818573 
vn 0.9794014096260071 0.00755077600479126 0.2017817199230194 
vn 0.6783463954925537 0.40253135561943054 0.6146662831306458 
vn 0.8517645597457886 0.49031367897987366 0.18463370203971863 
vn 0.38033872842788696 0.7090625762939453 0.5937783122062683 
vn 0.4539352357387543 0.8767684698104858 0.15880759060382843 
vn 0.04900229722261429 0.7452274560928345 0.6650074124336243 
vn 0.01509657222777605 0.9850274324417114 0.17173540592193604 
vn -0.316322386264801 0.6332712769508362 0.7063339352607727 
vn -0.596020519733429 0.7517073154449463 0.28230419754981995 
vn -0.7995341420173645 0.26335442066192627 0.5398051738739014 
vn -0.9159281253814697 0.2424929141998291 0.3198012113571167 
vn 0.013132688589394093 0.3091537058353424 0.9509214162826538 
vn -0.02821016125380993 0.3740393817424774 0.926983654499054 
vn -0.10774281620979309 0.3802943527698517 0.9185682535171509 
vn -0.2530810832977295 0.36817991733551025 0.8946471214294434 
vn -0.34585726261138916 0.243832066655159 0.9060511589050293 
vn -0.36604562401771545 0.026265669614076614 0.9302261471748352 
vn -0.38819748163223267 -0.048737652599811554 0.9202865362167358 
vn -0.35394105315208435 -0.18478088080883026 0.916832447052002 
vn -0.29279229044914246 -0.2887970805168152 0.9115201234817505 
vn -0.2226206362247467 -0.35051336884498596 0.9097144603729248 
vn -0.09135085344314575 -0.4050612151622772 0.9097144603729248 
vn -0.003767618676647544 -0.43892213702201843 0.8985171914100647 
vn 0.0950143113732338 -0.40421757102012634 0.9097144603729248 
vn 4.0606729845218004e-15 -0.013107799924910069 0.9999141097068787 
vn 0.006553899962455034 -0.011351687833666801 0.9999141097068787 
vn 0 0 1 
vn 0 0 1 
vn -1.3584084427309948e-15 0.013107799924910069 0.9999141097068787 
vn 0.006553899962455034 0.011351687833666801 0.9999141097068787 
vn 0.14831459522247314 0.46621793508529663 0.872148871421814 
vn 0.2694704830646515 0.30002638697624207 0.9150791168212891 
vn 0.16133268177509308 0.5208987593650818 0.838234007358551 
vn 0.25755199790000916 0.41596075892448425 0.872148871421814 
vn -0.0043693361803889275 -0.007567912340164185 0.999961793422699 
vn -0.006553899962455034 -0.011351687833666801 0.9999141097068787 
vn 4.0606729845218004e-15 -0.013107799924910069 0.9999141097068787 
vn 6.767443423954644e-15 -0.021845221519470215 0.9997613430023193 
vn 0 0 1 
vn 0.006688034627586603 -0.016146345064044 0.9998472929000854 
vn 0.19098661839962006 -0.4709215462207794 0.8612531423568726 
vn 0.28896719217300415 -0.4879508912563324 0.8236515522003174 
vn 0 0 1 
vn 0.006688034627586603 -0.016146345064044 0.9998472929000854 
vn 0.26748836040496826 -0.4231795072555542 0.865661084651947 
vn 0.33518001437187195 -0.42547786235809326 0.8406086564064026 
vn 0 0 1 
vn 0.006553899962455034 -0.011351687833666801 0.9999141097068787 
vn 0.31434664130210876 -0.30635443329811096 0.8985171914100647 
vn 0.39802098274230957 -0.25009316205978394 0.882628321647644 
vn 0 0 1 
vn 0.011351687833666801 -0.006553899962455034 0.9999141097068787 
vn 0.3665909469127655 -0.19501447677612305 0.9097144603729248 
vn 0.4078790843486786 -0.05259018391370773 0.9115201234817505 
vn 0 0 1 
vn 0.008738672360777855 0 0.999961793422699 
vn 0.3585290312767029 -0.015026818960905075 0.933397650718689 
vn 0.3507021367549896 0.21480010449886322 0.9115201234817505 
vn 0 0 1 
vn 0.006694211158901453 0.005617110058665276 0.999961793422699 
vn 0.3290484845638275 0.15309184789657593 0.931820809841156 
vn 0.006694211158901453 0.005617110058665276 0.999961793422699 
vn 0 0 1 
vn 0.006694211158901453 -0.005617110058665276 0.999961793422699 
vn 0.21943815052509308 -0.35251447558403015 0.9097144603729248 
vn 0.2954251170158386 -0.2861032783985138 0.9115201234817505 
vn 0.3521820604801178 -0.18811176717281342 0.916832447052002 
vn 0.3877113461494446 -0.05246488004922867 0.9202865362167358 
vn 0.3662952482700348 0.022518539801239967 0.9302261471748352 
vn 0.34367355704307556 0.24690039455890656 0.9060511589050293 
vn 0.2499711513519287 0.3702983856201172 0.8946471214294434 
vn 0.10774281620979309 0.3802943527698517 0.9185682535171509 
vn 0.02445455640554428 0.3743036985397339 0.926983654499054 
vn -0.009381871670484543 0.3092902600765228 0.9509214162826538 
vn 0.004369377624243498 0 0.9999904632568359 
vn 0.004369377624243498 0 0.9999904632568359 
vn 0.004369377624243498 0 0.9999904632568359 
vn 0.0013502120273187757 0.0041555254720151424 0.9999904632568359 
vn 0.0013502120273187757 0.0041555254720151424 0.9999904632568359 
vn 0.0013502120273187757 0.0041555254720151424 0.9999904632568359 
vn 0.0015174545114859939 0.008605912327766418 0.999961793422699 
vn 0.022547688335180283 0.2960841655731201 0.9548956751823425 
vn 0.005333262961357832 0.025665070861577988 0.9996563792228699 
vn -0.0017888620495796204 0.026152238249778748 0.9996563792228699 
vn 0 0 1 
vn 0.013144352473318577 0.23764684796333313 0.9712626934051514 
vn 0.011218540370464325 0.21644529700279236 0.976230263710022 
vn -0.0017888620495796204 0.026152238249778748 0.9996563792228699 
vn 0.022180303931236267 0.10673747956752777 0.9940398335456848 
vn -0.0018674257444217801 0.11768529564142227 0.9930492043495178 
vn 0 0 1 
vn 0 0 1 
vn 0 0 1 
vn 0 0 1 
vn 0 0 1 
vn 0 0 1 
vn 0.06181865930557251 0.021631285548210144 0.9978529810905457 
vn 0.045758962631225586 0.04053890332579613 0.9981296062469482 
vn 0.02295195683836937 0.042207952588796616 0.9988451600074768 
vn 0.009147304110229015 0.04716598615050316 0.9988451600074768 
vn 0.0018290365114808083 0.05237675458192825 0.9986256957054138 
vn 0 0 1 
vn 0.4633260667324066 0.4793061912059784 0.7453821301460266 
vn 0.2752831280231476 0.6621312499046326 0.6969945430755615 
vn 0.13495159149169922 0.7315811514854431 0.6682642698287964 
vn 0.0018842883873730898 0.7497329711914062 0.661737859249115 
vn -0.13495159149169922 0.7315811514854431 0.6682642698287964 
vn -0.012730984948575497 0.0463273711502552 0.9988451600074768 
vn -0.2752831280231476 0.6621312499046326 0.6969945430755615 
vn -0.019653623923659325 0.04384106025099754 0.9988451600074768 
vn -0.4633260667324066 0.4793061912059784 0.7453821301460266 
vn -0.045758962631225586 0.04053890332579613 0.9981296062469482 
vn -0.6690616607666016 0.21144822239875793 0.7124928832054138 
vn -0.06181865930557251 0.021631285548210144 0.9978529810905457 
vn -0.7685030698776245 0.04147163778543472 0.6385006904602051 
vn -0.0566549077630043 0.0036373657640069723 0.9983872175216675 
vn -0.837990939617157 -0.04901736602187157 0.5434780716896057 
vn -0.06549396365880966 -1.3545665342163098e-14 0.9978529810905457 
vn -0.737969160079956 0.011310146190226078 0.67473965883255 
vn -0.0566549077630043 -0.0036373657640069723 0.9983872175216675 
vn 0 0 1 
vn 0 0 1 
vn 0 0 1 
vn 0 0 1 
vn 0 0 1 
vn 0 0 1 
vn 0.6014573574066162 0.5681180357933044 0.5616858005523682 
vn 0.39250442385673523 0.7703332901000977 0.5025205612182617 
vn 0.22571715712547302 0.8606055974960327 0.456519216299057 
vn -0.00188738526776433 0.8975540995597839 0.4409002661705017 
vn -0.2293637990951538 0.859640896320343 0.456519216299057 
vn -0.2168211191892624 0.9208977818489075 0.3239381015300751 
vn -0.4017973244190216 0.8517356514930725 0.3363112509250641 
vn -0.39250442385673523 0.7703332901000977 0.5025205612182617 
vn -0.5988606810569763 0.5708545446395874 0.5616858005523682 
vn -0.7401577234268188 0.34687483310699463 0.5760593414306641 
vn -0.8908714056015015 0.12410319596529007 0.43697428703308105 
vn -0.9387760162353516 -1.9416057845701717e-13 0.34452807903289795 
vn -0.9547980427742004 -0.03770282492041588 0.2948545813560486 
vn -0.6558656096458435 0.6585331559181213 0.3690181374549866 
vn -0.8599749207496643 0.3567239046096802 0.3649536371231079 
vn -0.9430498480796814 0.11670031398534775 0.31150925159454346 
vn -0.9715971946716309 -0.018867405131459236 0.23588760197162628 
vn -0.9765191674232483 -0.018869662657380104 0.21460255980491638 
vn 0.0018863173900172114 0.9474827647209167 0.3198012113571167 
vn 0.2168211191892624 0.9208977818489075 0.3239381015300751 
vn 0.4017973244190216 0.8517356514930725 0.3363112509250641 
vn 0.6558656096458435 0.6585331559181213 0.3690181374549866 
vn -0.2682795524597168 -0.6550713181495667 0.7063339352607727 
vn -0.1385623663663864 -0.6941850185394287 0.7063339352607727 
vn -0.045345958322286606 -0.1179576963186264 0.9919826984405518 
vn -0.023971552029252052 -0.1240791603922844 0.9919826984405518 
vn 0.07300172001123428 0.38027650117874146 0.9219872951507568 
vn -0.0018551399698480964 -0.1263599395751953 0.9919826984405518 
vn -0.0018831010675057769 0.38721561431884766 0.9219872951507568 
vn -0.07669688761234283 0.37954849004745483 0.9219872951507568 
vn -3.7108594734373834e-14 0.3588438034057617 0.933397650718689 
vn -0.0673632100224495 0.3483077585697174 0.9349566102027893 
vn -0.022180303931236267 0.10673747956752777 0.9940398335456848 
vn -0.13539202511310577 0.31457754969596863 0.9395264387130737 
vn -0.04348286613821983 0.09521419554948807 0.9945066571235657 
vn -0.054286181926727295 0.07915119081735611 0.9953833818435669 
vn -0.006688034627586603 0.016146345064044 0.9998472929000854 
vn -0.012357876636087894 0.012357876636087894 0.9998472929000854 
vn 0 0 1 
vn -0.012357876636087894 0.012357876636087894 0.9998472929000854 
vn 0 0 1 
vn 0 0 1 
vn 0.02239719219505787 -0.013620034791529179 0.9996563792228699 
vn 0.02524128556251526 -0.007072276435792446 0.9996563792228699 
vn 0.5511766076087952 -0.1850278377532959 0.8136147856712341 
vn 0.02524128556251526 -0.007072276435792446 0.9996563792228699 
vn 0.5565288662910461 -0.14164797961711884 0.8186644315719604 
vn 0.55283522605896 -0.14163286983966827 0.8211658596992493 
vn 0.20165573060512543 -0.05177639052271843 0.9780870079994202 
vn 0.19021934270858765 -0.044513039290905 0.9807319641113281 
vn 0.03418431803584099 -0.007266100961714983 0.999389111995697 
vn 0.18142148852348328 -0.044420275837183 0.9824016690254211 
vn 0.03418431803584099 -0.007266100961714983 0.999389111995697 
vn 0.03418431803584099 -0.007266100961714983 0.999389111995697 
vn 0.004369377624243498 0 0.9999904632568359 
vn 0.004369377624243498 0 0.9999904632568359 
vn 0 0 1 
vn 0.004369377624243498 0 0.9999904632568359 
vn 0 0 1 
vn 0 0 1 
vn -0.0035349009558558464 -0.002568255877122283 0.9999904632568359 
vn -0.0035349009558558464 0.002568255877122283 0.9999904632568359 
vn -0.03418431803584099 0.007266100961714983 0.999389111995697 
vn -0.0035349009558558464 0.002568255877122283 0.9999904632568359 
vn -0.03446967154741287 0.026828821748495102 0.9990455508232117 
vn -0.03472769632935524 0.050311751663684845 0.9981296062469482 
vn -0.18719671666622162 0.11746519804000854 0.9752739667892456 
vn -0.18764978647232056 0.2301342636346817 0.9548956751823425 
vn -0.3533489406108856 0.49660295248031616 0.7927988767623901 
vn -0.17231576144695282 0.4037005305290222 0.8985171914100647 
vn -0.22269341349601746 0.5561075210571289 0.8007197380065918 
vn -0.11411657184362411 0.5773216485977173 0.8085030317306519 
vn -0.017523931339383125 0.03519279882311821 0.9992268681526184 
vn -0.010758893564343452 0.037813588976860046 0.9992268681526184 
vn 0 0 1 
vn 0.003627474419772625 0.03914668411016464 0.9992268681526184 
vn 0 0 1 
vn 0 0 1 
vn 6.767443423954644e-15 -0.021845221519470215 0.9997613430023193 
vn -0.006750544533133507 -0.020776038989424706 0.9997613430023193 
vn -0.022180303931236267 -0.10673747956752777 0.9940398335456848 
vn -0.006750544533133507 -0.020776038989424706 0.9997613430023193 
vn -0.04343276470899582 -0.09999225288629532 0.9940398335456848 
vn -0.06286835670471191 -0.08906416594982147 0.9940398335456848 
vn -0.13905756175518036 -0.33080488443374634 0.933397650718689 
vn -0.1986577808856964 -0.2939237654209137 0.9349566102027893 
vn -0.21493224799633026 -0.32209253311157227 0.9219872951507568 
vn -0.24862736463546753 -0.247298002243042 0.9364978075027466 
vn -0.27313941717147827 -0.2744709849357605 0.9219872951507568 
vn -0.3210434913635254 -0.216496080160141 0.9219872951507568 
vn 0.09130551666021347 0.08737034350633621 0.9919826984405518 
vn 0.10520442575216293 0.07001644372940063 0.9919826984405518 
vn 0.5898852348327637 0.39131543040275574 0.7063339352607727 
vn 0.11584687978029251 0.05049528554081917 0.9919826984405518 
vn 0.6536335349082947 0.2717638313770294 0.7063339352607727 
vn 0.6949129700660706 0.13486407697200775 0.7063339352607727 
vn 0.49921146035194397 0.501876711845398 0.7063339352607727 
vn 0.394450843334198 0.587793231010437 0.7063339352607727 
vn 0.06846451759338379 0.10622091591358185 0.9919826984405518 
vn 0.04878923296928406 0.11657565832138062 0.9919826984405518 
vn -0.14861758053302765 -0.35756438970565796 0.9219872951507568 
vn -0.07669688761234283 -0.37954849004745483 0.9219872951507568 
vn -0.0672406256198883 -0.3524876832962036 0.933397650718689 
vn 1.1148514836994972e-13 -0.3588438034057617 0.933397650718689 
vn 3.3772650339302865e-14 -0.10901768505573273 0.9940398335456848 
vn 0.022180303931236267 -0.10673747956752777 0.9940398335456848 
vn 0.006750544533133507 -0.020776038989424706 0.9997613430023193 
vn 0.006750544533133507 -0.020776038989424706 0.9997613430023193 
vn 0 0 1 
vn 0 0 1 
vn -0.023692212998867035 0.031373560428619385 0.9992268681526184 
vn -0.02827353961765766 0.020541928708553314 0.999389111995697 
vn -0.4941021800041199 0.362712562084198 0.790128231048584 
vn -0.6027952432632446 0.17127937078475952 0.7792953848838806 
vn -0.1822739690542221 0.040781356394290924 0.9824016690254211 
vn -0.17803208529949188 -0.007461755070835352 0.9839963912963867 
vn -0.034948017448186874 -7.22805739957269e-15 0.999389111995697 
vn -0.03418431803584099 -0.007266100961714983 0.999389111995697 
vn -0.0035349009558558464 -0.002568255877122283 0.9999904632568359 
vn -0.0035349009558558464 -0.002568255877122283 0.9999904632568359 
vn 0 0 1 
vn 0 0 1 
vn 0.004369377624243498 0 0.9999904632568359 
vn 0.004369377624243498 0 0.9999904632568359 
vn 0.03864498808979988 -0.00722400052472949 0.9992268681526184 
vn 0.04131331294775009 -0.014182877726852894 0.9990455508232117 
vn 0.2196306735277176 -0.0666242390871048 0.9733054637908936 
vn 0.2422683835029602 -0.12323081493377686 0.962351381778717 
vn 0.49338027834892273 -0.30079779028892517 0.8161473870277405 
vn 0.3982730805873871 -0.42356759309768677 0.8136147856712341 
vn 0.02342638559639454 -0.01965707167983055 0.9995322823524475 
vn 0.017474008724093437 -0.030265869572758675 0.999389111995697 
vn 0 0 1 
vn 0 0 1 
vn -0.006750544533133507 0.020776038989424706 0.9997613430023193 
vn -2.259048305272007e-15 0.021845221519470215 0.9997613430023193 
vn -1.1747903133152784e-14 0.1133599802851677 0.9935539960861206 
vn 0.022180303931236267 0.10673747956752777 0.9940398335456848 
vn 0.0673632100224495 0.3483077585697174 0.9349566102027893 
vn 0.13539202511310577 0.31457754969596863 0.9395264387130737 
vn 0.14513282477855682 0.35899293422698975 0.9219872951507568 
vn 0.21805480122566223 0.31998682022094727 0.9219872951507568 
vn -0.07155328243970871 -0.10416526347398758 0.9919826984405518 
vn -0.0887012779712677 -0.09001309424638748 0.9919826984405518 
vn -0.394450843334198 -0.587793231010437 0.7063339352607727 
vn -0.49921146035194397 -0.501876711845398 0.7063339352607727 
vn 0.2682795524597168 0.6550713181495667 0.7063339352607727 
vn 0.1385623663663864 0.6941850185394287 0.7063339352607727 
vn 0.027603745460510254 0.12332196533679962 0.9919826984405518 
vn -0.0018551399698480964 0.1263599395751953 0.9919826984405518 
vn -0.0018831010675057769 -0.38721561431884766 0.9219872951507568 
vn 0.07300172001123428 -0.38027650117874146 0.9219872951507568 
vn 0.0672406256198883 -0.3524876832962036 0.933397650718689 
vn 0.13905756175518036 -0.33080488443374634 0.933397650718689 
vn 0.04343276470899582 -0.09999225288629532 0.9940398335456848 
vn 0.06286835670471191 -0.08906416594982147 0.9940398335456848 
vn 0.012840298935770988 -0.017673155292868614 0.9997613430023193 
vn 0.017673155292868614 -0.012840298935770988 0.9997613430023193 
vn 0 0 1 
vn 0 0 1 
vn -0.028736714273691177 0.01045930851250887 0.9995322823524475 
vn -0.0303741954267025 0.0035502342507243156 0.9995322823524475 
vn -0.6232457756996155 -1.2890162299095814e-13 0.7820260524749756 
vn -0.5961782336235046 -0.1087377592921257 0.7954543828964233 
vn -0.1793789565563202 -0.03353174030780792 0.983208417892456 
vn -0.1822739690542221 -0.040781356394290924 0.9824016690254211 
vn -0.03418431803584099 -0.007266100961714983 0.999389111995697 
vn -0.03418431803584099 -0.007266100961714983 0.999389111995697 
vn -0.0035349009558558464 -0.002568255877122283 0.9999904632568359 
vn -0.0035349009558558464 -0.002568255877122283 0.9999904632568359 
vn 0 0 1 
vn 0 0 1 
vn 0.004369377624243498 0 0.9999904632568359 
vn 0.006694211158901453 -0.005617110058665276 0.999961793422699 
vn 0.047877710312604904 -0.02131653018295765 0.9986256957054138 
vn 0.05132642388343811 -0.04738234356045723 0.9975572824478149 
vn 0.2512964606285095 -0.2326802909374237 0.9395264387130737 
vn 0.22814449667930603 -0.3976649045944214 0.888714075088501 
vn 0.2779822051525116 -0.5065858960151672 0.8161473870277405 
vn 0.14163286983966827 -0.55283522605896 0.8211658596992493 
vn 0.010799530893564224 -0.03323753923177719 0.999389111995697 
vn 0.0036530625075101852 -0.03475656732916832 0.999389111995697 
vn 0 0 1 
vn 0 0 1 
vn 0.006750544533133507 0.020776038989424706 0.9997613430023193 
vn 0.006688034627586603 0.016146345064044 0.9998472929000854 
vn 0.04348286613821983 0.09521419554948807 0.9945066571235657 
vn 0.05117623880505562 0.081196628510952 0.9953833818435669 
vn 0.18519149720668793 0.2682962119579315 0.9453682899475098 
vn 0.22078324854373932 0.21680229902267456 0.9509214162826538 
vn 0.2757960557937622 0.2718014121055603 0.9219872951507568 
vn 0.3231339752674103 0.21336333453655243 0.9219872951507568 
vn -0.1031036525964737 -0.07307469844818115 0.9919826984405518 
vn -0.11727931350469589 -0.04707266762852669 0.9919826984405518 
vn -0.5898852348327637 -0.39131543040275574 0.7063339352607727 
vn -0.6536335349082947 -0.2717638313770294 0.7063339352607727 
vn 0.00376924779266119 0.707868754863739 0.7063339352607727 
vn -0.1385623663663864 0.6941850185394287 0.7063339352607727 
vn -0.023971552029252052 0.1240791603922844 0.9919826984405518 
vn -0.045345958322286606 0.1179576963186264 0.9919826984405518 
vn 0.14513282477855682 -0.35899293422698975 0.9219872951507568 
vn 0.21805480122566223 -0.31998682022094727 0.9219872951507568 
vn 0.1986577808856964 -0.2939237654209137 0.9349566102027893 
vn 0.2512645721435547 -0.2446180284023285 0.9364978075027466 
vn 0.07401520758867264 -0.07401520758867264 0.9945066571235657 
vn 0.08217374235391617 -0.04959210753440857 0.9953833818435669 
vn 0.016146345064044 -0.006688034627586603 0.9998472929000854 
vn 0.016146345064044 -0.006688034627586603 0.9998472929000854 
vn 0 0 1 
vn 0 0 1 
vn -0.0303741954267025 -0.0035502342507243156 0.9995322823524475 
vn -0.025969194248318672 -0.003569383639842272 0.9996563792228699 
vn -0.5675376057624817 -0.14167550206184387 0.8110666871070862 
vn -0.55283522605896 -0.14163286983966827 0.8211658596992493 
vn -0.19021934270858765 -0.044513039290905 0.9807319641113281 
vn -0.2025526762008667 -0.048148129135370255 0.9780870079994202 
vn -0.03864498808979988 -0.00722400052472949 0.9992268681526184 
vn -0.04131331294775009 -0.014182877726852894 0.9990455508232117 
vn -0.0035349009558558464 -0.002568255877122283 0.9999904632568359 
vn -0.008211665786802769 -0.0029888020362704992 0.999961793422699 
vn 0 0 1 
vn 0.0015174545114859939 -0.008605912327766418 0.999961793422699 
vn 0.006688034627586603 -0.016146345064044 0.9998472929000854 
vn 0.025556590408086777 -0.0834510326385498 0.9961841106414795 
vn 0.06749660521745682 -0.11193054914474487 0.991421103477478 
vn 0.08384505659341812 -0.36976149678230286 0.9253358840942383 
vn 1.1021701807516562e-13 -0.3547620177268982 0.9349566102027893 
vn 0.0037664873525500298 -0.5634793639183044 0.8261215686798096 
vn -0.14163286983966827 -0.55283522605896 0.8211658596992493 
vn -0.010799530893564224 -0.03323753923177719 0.999389111995697 
vn -0.017474008724093437 -0.030265869572758675 0.999389111995697 
vn 0 0 1 
vn 0 0 1 
vn 0.012357876636087894 0.012357876636087894 0.9998472929000854 
vn 0.012357876636087894 0.012357876636087894 0.9998472929000854 
vn 0.05730506777763367 0.05993640050292015 0.9965559244155884 
vn 0.061316315084695816 0.04180475324392319 0.9972425103187561 
vn 0.24240317940711975 0.1565961092710495 0.9574540853500366 
vn 0.25623947381973267 0.10258280485868454 0.961154580116272 
vn 0.3582828938961029 0.14687694609165192 0.9219872951507568 
vn 0.3799169957637787 0.0748501867055893 0.9219872951507568 
vn -0.1237138956785202 -0.02579042688012123 0.9919826984405518 
vn -0.12631908059120178 -0.003709880169481039 0.9919826984405518 
vn -0.6949129700660706 -0.13486407697200775 0.7063339352607727 
vn -0.7078787684440613 -1.4640568759497624e-13 0.7063339352607727 
vn -0.2682795524597168 0.6550713181495667 0.7063339352607727 
vn -0.394450843334198 0.587793231010437 0.7063339352607727 
vn -0.07155328243970871 0.10416526347398758 0.9919826984405518 
vn -0.0887012779712677 0.09001309424638748 0.9919826984405518 
vn 0.2757960557937622 -0.2718014121055603 0.9219872951507568 
vn 0.3231339752674103 -0.21336333453655243 0.9219872951507568 
vn 0.2739714980125427 -0.1841917484998703 0.9439348578453064 
vn 0.2864140272140503 -0.11711312085390091 0.9509214162826538 
vn 0.08229118585586548 -0.029075326398015022 0.9961841106414795 
vn 0.07273994386196136 -0.014704696834087372 0.9972425103187561 
vn 0.013107799924910069 0 0.9999141097068787 
vn 0.013107799924910069 0 0.9999141097068787 
vn 0 0 1 
vn 0 0 1 
vn -0.025969194248318672 -0.003569383639842272 0.9996563792228699 
vn -0.025969194248318672 -0.003569383639842272 0.9996563792228699 
vn -0.5574459433555603 -0.13799487054347992 0.8186644315719604 
vn -0.5523635745048523 -0.18145373463630676 0.8136147856712341 
vn -0.2196306735277176 -0.0666242390871048 0.9733054637908936 
vn -0.2405397742986679 -0.12657180428504944 0.962351381778717 
vn -0.04627411812543869 -0.02460438385605812 0.9986256957054138 
vn -0.04873188957571983 -0.0500468909740448 0.9975572824478149 
vn -0.006688034627586603 -0.016146345064044 0.9998472929000854 
vn -0.025556590408086777 -0.0834510326385498 0.9961841106414795 
vn -0.0018418359104543924 -0.07854640483856201 0.9969087839126587 
vn -0.49921146035194397 0.501876711845398 0.7063339352607727 
vn -0.5898852348327637 0.39131543040275574 0.7063339352607727 
vn -0.1031036525964737 0.07307469844818115 0.9919826984405518 
vn -0.11727931350469589 0.04707266762852669 0.9919826984405518 
vn 0.3582828938961029 -0.14687694609165192 0.9219872951507568 
vn 0.3799169957637787 -0.0748501867055893 0.9219872951507568 
vn 0.2837930917739868 -0.052374761551618576 0.9574540853500366 
vn 0.271808385848999 0 0.962351381778717 
vn 0.06985333561897278 0 0.9975572824478149 
vn 0.06385189294815063 0.01457377802580595 0.9978529810905457 
vn 0.013107799924910069 0 0.9999141097068787 
vn 0.011351687833666801 0.006553899962455034 0.9999141097068787 
vn 0 0 1 
vn 0 0 1 
vn -0.02404317818582058 -0.010443425737321377 0.9996563792228699 
vn -0.020333990454673767 -0.01654292829334736 0.9996563792228699 
vn -0.49338027834892273 -0.30079779028892517 0.8161473870277405 
vn -0.3955210745334625 -0.4261385202407837 0.8136147856712341 
vn -0.2512964606285095 -0.2326802909374237 0.9395264387130737 
vn -0.23139867186546326 -0.39578017592430115 0.888714075088501 
vn -0.06749660521745682 -0.11193054914474487 0.991421103477478 
vn -0.08750535547733307 -0.36891239881515503 0.9253358840942383 
vn -0.6536335349082947 0.2717638313770294 0.7063339352607727 
vn -0.6949129700660706 0.13486407697200775 0.7063339352607727 
vn -0.1237138956785202 0.02579042688012123 0.9919826984405518 
vn 0.387220174074173 0 0.9219872951507568 
vn 0.26245903968811035 0.05220635235309601 0.9635298252105713 
vn 0.06361087411642075 0.02886424958705902 0.9975572824478149 
vn 0.011351687833666801 0.006553899962455034 0.9999141097068787 
vn 0 0 1 
vn -0.020985936746001244 -0.022243794053792953 0.9995322823524475 
vn -0.2779822051525116 -0.5065858960151672 0.8161473870277405 
vn -0.00376924779266119 -0.707868754863739 0.7063339352607727 
vn 0.1385623663663864 -0.6941850185394287 0.7063339352607727 
vn 0.027603745460510254 -0.12332196533679962 0.9919826984405518 
vn 0.04878923296928406 -0.11657565832138062 0.9919826984405518 
vn -0.14861758053302765 0.35756438970565796 0.9219872951507568 
vn -0.21493224799633026 0.32209253311157227 0.9219872951507568 
vn -0.1820918470621109 0.2704095244407654 0.9453682899475098 
vn -0.2233966886997223 0.2141083925962448 0.9509214162826538 
vn -0.05730506777763367 0.05993640050292015 0.9965559244155884 
vn -0.06332388520240784 0.038696423172950745 0.9972425103187561 
vn -0.011351687833666801 0.006553899962455034 0.9999141097068787 
vn -0.011351687833666801 0.006553899962455034 0.9999141097068787 
vn 0 0 1 
vn 0 0 1 
vn 0.02524128556251526 -0.007072276435792446 0.9996563792228699 
vn 0.02524128556251526 -0.007072276435792446 0.9996563792228699 
vn 0.5675376057624817 -0.14167550206184387 0.8110666871070862 
vn 0.5954902172088623 -0.1124444454908371 0.7954543828964233 
vn 0.18002961575984955 -0.02984168939292431 0.983208417892456 
vn 0.17803208529949188 -0.007461755070835352 0.9839963912963867 
vn 0.034948017448186874 0 0.999389111995697 
vn 0.03418431803584099 0.007266100961714983 0.999389111995697 
vn 0.004369377624243498 0 0.9999904632568359 
vn 0.004369377624243498 0 0.9999904632568359 
vn 0 0 1 
vn 0.0015174545114859939 0.008605912327766418 0.999961793422699 
vn -0.006688034627586603 0.016146345064044 0.9998472929000854 
vn -0.018452128395438194 0.08084405958652496 0.9965559244155884 
vn -0.045409295707941055 0.1132751852273941 0.9925254583358765 
vn -0.0655476525425911 0.36933016777038574 0.926983654499054 
vn -3.7108594734373834e-14 0.3588438034057617 0.933397650718689 
vn 0.001883022952824831 0.5814012289047241 0.8136147856712341 
vn 0.1104203537106514 0.5780399441719055 0.8085030317306519 
vn 0.010758893564343452 0.037813588976860046 0.9992268681526184 
vn 0.017523931339383125 0.03519279882311821 0.9992268681526184 
vn 0 0 1 
vn 0 0 1 
vn -0.012840298935770988 -0.017673155292868614 0.9997613430023193 
vn -0.017673155292868614 -0.012840298935770988 0.9997613430023193 
vn -0.07401520758867264 -0.07401520758867264 0.9945066571235657 
vn -0.08018898963928223 -0.05274112895131111 0.9953833818435669 
vn -0.2739714980125427 -0.1841917484998703 0.9439348578453064 
vn -0.2878134846687317 -0.11363047361373901 0.9509214162826538 
vn -0.3568373918533325 -0.15035469830036163 0.9219872951507568 
vn -0.3791710138320923 -0.07854177057743073 0.9219872951507568 
vn 0.12441769242286682 0.022147510200738907 0.9919826984405518 
vn 0.1263735443353653 0 0.9919826984405518 
vn 0.7078787684440613 0 0.7063339352607727 
vn 0.2682795524597168 -0.6550713181495667 0.7063339352607727 
vn 0.394450843334198 -0.587793231010437 0.7063339352607727 
vn 0.06846451759338379 -0.10622091591358185 0.9919826984405518 
vn 0.09130551666021347 -0.08737034350633621 0.9919826984405518 
vn -0.27313941717147827 0.2744709849357605 0.9219872951507568 
vn -0.3210434913635254 0.216496080160141 0.9219872951507568 
vn -0.24034130573272705 0.15974260866641998 0.9574540853500366 
vn -0.25482067465782166 0.10605806112289429 0.961154580116272 
vn -0.0650569349527359 0.02543783001601696 0.9975572824478149 
vn -0.06385189294815063 0.01457377802580595 0.9978529810905457 
vn -0.013107799924910069 -2.7168168854619897e-15 0.9999141097068787 
vn -0.013107799924910069 -2.7168168854619897e-15 0.9999141097068787 
vn 0 0 1 
vn 0 0 1 
vn 0.029756659641861916 -0.007052457891404629 0.9995322823524475 
vn 0.030580973252654076 0 0.9995322823524475 
vn 0.6232457756996155 0 0.7820260524749756 
vn 0.6027952432632446 0.17127937078475952 0.7792953848838806 
vn 0.18142148852348328 0.044420275837183 0.9824016690254211 
vn 0.18916438519954681 0.11426952481269836 0.9752739667892456 
vn 0.03446967154741287 0.026828821748495102 0.9990455508232117 
vn 0.03472769632935524 0.050311751663684845 0.9981296062469482 
vn 0.006688034627586603 0.016146345064044 0.9998472929000854 
vn 0.018452128395438194 0.08084405958652496 0.9965559244155884 
vn -0.0018418359104543924 0.07854640483856201 0.9969087839126587 
vn 0.49921146035194397 -0.501876711845398 0.7063339352607727 
vn 0.5898852348327637 -0.39131543040275574 0.7063339352607727 
vn 0.10520442575216293 -0.07001644372940063 0.9919826984405518 
vn 0.11584687978029251 -0.05049528554081917 0.9919826984405518 
vn -0.3568373918533325 0.15035469830036163 0.9219872951507568 
vn -0.3791710138320923 0.07854177057743073 0.9219872951507568 
vn -0.26245903968811035 0.05220635235309601 0.9635298252105713 
vn -0.27178236842155457 0.003761603496968746 0.962351381778717 
vn -0.06975433230400085 0.003717746352776885 0.9975572824478149 
vn -0.07338248938322067 -0.011060630902647972 0.9972425103187561 
vn -0.013107799924910069 -2.7168168854619897e-15 0.9999141097068787 
vn -0.016146345064044 -0.006688034627586603 0.9998472929000854 
vn 0 0 1 
vn 0 0 1 
vn 0.029756659641861916 0.007052457891404629 0.9995322823524475 
vn 0.02827353961765766 0.020541928708553314 0.999389111995697 
vn 0.49632278084754944 0.3596680164337158 0.790128231048584 
vn 0.3533489406108856 0.49660295248031616 0.7927988767623901 
vn 0.18764978647232056 0.2301342636346817 0.9548956751823425 
vn 0.17231576144695282 0.4037005305290222 0.8985171914100647 
vn 0.04193371534347534 0.1146073117852211 0.9925254583358765 
vn 0.06183743104338646 0.3699694573879242 0.926983654499054 
vn 0.6536335349082947 -0.2717638313770294 0.7063339352607727 
vn 0.6949129700660706 -0.13486407697200775 0.7063339352607727 
vn 0.12441769242286682 -0.022147510200738907 0.9919826984405518 
vn -0.38720187544822693 -0.003766157664358616 0.9219872951507568 
vn -0.28308627009391785 -0.05606963485479355 0.9574540853500366 
vn -0.08229118585586548 -0.029075326398015022 0.9961841106414795 
vn -0.016146345064044 -0.006688034627586603 0.9998472929000854 
vn 0 0 1 
vn 0.023692212998867035 0.031373560428619385 0.9992268681526184 
vn 0.22619010508060455 0.5546944737434387 0.8007197380065918 
vn -0.9799404740333557 -0.19492226839065552 -0.04149730131030083 
vn -0.9230837225914001 -0.3823537826538086 -0.04149730131030083 
vn -0.9807829260826111 -0.19508986175060272 0.002184694167226553 
vn -0.9238772988319397 -0.38268253207206726 0.002184694167226553 
vn -0.9238772988319397 -0.38268253207206726 0.002184694167226553 
vn -0.8314676284790039 -0.5555689334869385 0.002184694167226553 
vn -0.8314676284790039 -0.5555689334869385 0.002184694167226553 
vn -0.7071051001548767 -0.7071051001548767 0.002184694167226553 
vn -0.8314676284790039 -0.5555689334869385 0.002184694167226553 
vn -0.7071051001548767 -0.7071051001548767 0.002184694167226553 
vn -0.706821620464325 -0.706821620464325 0.028397228568792343 
vn -0.5555689334869385 -0.8314676284790039 0.002184694167226553 
vn -0.5553461909294128 -0.8311343193054199 0.028397228568792343 
vn -0.3825291097164154 -0.9235069751739502 0.028397228568792343 
vn -0.4980635643005371 -0.7420086860656738 0.4487268626689911 
vn -0.3385029435157776 -0.827079176902771 0.4487268626689911 
vn -0.3383239209651947 -0.8118542432785034 0.4758462607860565 
vn -0.17249524593353271 -0.8768634796142578 0.4487268626689911 
vn -0.172512948513031 -0.8624439835548401 0.4758462607860565 
vn 2.732507959051639e-13 -0.8795284628868103 0.4758462607860565 
vn -0.172512948513031 -0.8624439835548401 0.4758462607860565 
vn 2.732507959051639e-13 -0.8795284628868103 0.4758462607860565 
vn -0.00188738526776433 -0.8975540995597839 0.4409002661705017 
vn 0.172512948513031 -0.8624439835548401 0.4758462607860565 
vn 0.17811155319213867 -0.8797063231468201 0.4409002661705017 
vn 0.343915730714798 -0.8290530443191528 0.4409002661705017 
vn 0.18937715888023376 -0.9339218139648438 0.30319350957870483 
vn 0.36248916387557983 -0.8812918663024902 0.30319350957870483 
vn 0.3826752007007599 -0.923859715461731 -0.006554040592163801 
vn 0.5288302898406982 -0.7927245497703552 0.30319350957870483 
vn 0.5555583238601685 -0.8314517736434937 -0.006554040592163801 
vn 0.7070915699005127 -0.7070915699005127 -0.006554040592163801 
vn 0.19508613646030426 -0.9807642102241516 -0.006554040592163801 
vn 3.0978390967890956e-13 -0.9999785423278809 -0.006554040592163801 
vn 0.0018875868991017342 -0.9529271721839905 0.30319350957870483 
vn -0.18567581474781036 -0.9346647262573242 0.30319350957870483 
vn -0.17441028356552124 -0.8804476261138916 0.4409002661705017 
vn -0.3404260277748108 -0.8304920792579651 0.4409002661705017 
vn -0.3383239209651947 -0.8118542432785034 0.4758462607860565 
vn -0.4909912347793579 -0.7297245264053345 0.4758462607860565 
vn -0.4909912347793579 -0.7297245264053345 0.4758462607860565 
vn -0.6245839595794678 -0.6192456483840942 0.4758462607860565 
vn -0.6319193840026855 -0.6319193840026855 0.4487268626689911 
vn -0.7420086860656738 -0.4980635643005371 0.4487268626689911 
vn -0.8311343193054199 -0.5553461909294128 0.028397228568792343 
vn -0.9235069751739502 -0.3825291097164154 0.028397228568792343 
vn -0.9238772988319397 -0.38268253207206726 0.002184694167226553 
vn -0.9807829260826111 -0.19508986175060272 0.002184694167226553 
vn -0.9807829260826111 -0.19508986175060272 0.002184694167226553 
vn -0.999997615814209 -2.0682260971124217e-13 0.002184694167226553 
vn -0.999997615814209 -2.0682260971124217e-13 0.002184694167226553 
vn -0.9807829260826111 0.19508986175060272 0.002184694167226553 
vn -0.999138593673706 -2.0664494963275326e-13 -0.04149730131030083 
vn -0.9799404740333557 0.19492226839065552 -0.04149730131030083 
vn -0.19508613646030426 -0.9807642102241516 -0.006554040592163801 
vn -0.3826752007007599 -0.923859715461731 -0.006554040592163801 
vn -0.3659776747226715 -0.8798488974571228 0.30319350957870483 
vn -0.5319666266441345 -0.7906233072280884 0.30319350957870483 
vn -0.5000277757644653 -0.7453718781471252 0.4409002661705017 
vn -0.6340003609657288 -0.6353349685668945 0.4409002661705017 
vn -0.6245839595794678 -0.6192456483840942 0.4758462607860565 
vn -0.7297245264053345 -0.4909912347793579 0.4758462607860565 
vn -0.7297245264053345 -0.4909912347793579 0.4758462607860565 
vn -0.8118542432785034 -0.3383239209651947 0.4758462607860565 
vn -0.8241910338401794 -0.34547558426856995 0.4487268626689911 
vn -0.8768634796142578 -0.17249524593353271 0.4487268626689911 
vn -0.9803897738456726 -0.19501164555549622 0.028397228568792343 
vn -0.9995967149734497 -2.0673969535010134e-13 0.028397228568792343 
vn -0.999997615814209 -2.0682260971124217e-13 0.002184694167226553 
vn -0.9807829260826111 0.19508986175060272 0.002184694167226553 
vn -0.9807829260826111 0.19508986175060272 0.002184694167226553 
vn -0.9238772988319397 0.38268253207206726 0.002184694167226553 
vn -0.9238772988319397 0.38268253207206726 0.002184694167226553 
vn -0.8314676284790039 0.5555689334869385 0.002184694167226553 
vn -0.9230837225914001 0.3823537826538086 -0.04149730131030083 
vn -0.8307533860206604 0.5550916790962219 -0.04149730131030083 
vn -0.5555583238601685 -0.8314517736434937 -0.006554040592163801 
vn -0.7070915699005127 -0.7070915699005127 -0.006554040592163801 
vn -0.6718174815177917 -0.6758216619491577 0.30319350957870483 
vn -0.7916755080223083 -0.5303995013237 0.30319350957870483 
vn -0.7443187236785889 -0.5015940070152283 0.4409002661705017 
vn -0.8297743797302246 -0.34217163920402527 0.4409002661705017 
vn -0.8118542432785034 -0.3383239209651947 0.4758462607860565 
vn -0.8624439835548401 -0.172512948513031 0.4758462607860565 
vn -0.8624439835548401 -0.172512948513031 0.4758462607860565 
vn -0.8795284628868103 -1.8190681708336875e-13 0.4758462607860565 
vn -0.8936689496040344 -1.8483138468101262e-13 0.4487268626689911 
vn -0.8768634796142578 0.17249524593353271 0.4487268626689911 
vn -0.9803897738456726 0.19501164555549622 0.028397228568792343 
vn -0.9235069751739502 0.3825291097164154 0.028397228568792343 
vn -0.9238772988319397 0.38268253207206726 0.002184694167226553 
vn -0.8314676284790039 0.5555689334869385 0.002184694167226553 
vn -0.8314676284790039 0.5555689334869385 0.002184694167226553 
vn -0.7071051001548767 0.7071051001548767 0.002184694167226553 
vn -0.7071051001548767 0.7071051001548767 0.002184694167226553 
vn -0.5555689334869385 0.8314676284790039 0.002184694167226553 
vn -0.7064976692199707 0.7064976692199707 -0.04149730131030083 
vn -0.5550916790962219 0.8307533860206604 -0.04149730131030083 
vn -0.8314517736434937 -0.5555583238601685 -0.006554040592163801 
vn -0.923859715461731 -0.3826752007007599 -0.006554040592163801 
vn -0.8805720806121826 -0.3642341196537018 0.30319350957870483 
vn -0.9350306987762451 -0.18382403254508972 0.30319350957870483 
vn -0.880078911781311 -0.176261305809021 0.4409002661705017 
vn -0.8975481390953064 0.0037747621536254883 0.4409002661705017 
vn -0.8795284628868103 -1.8190681708336875e-13 0.4758462607860565 
vn -0.8624439835548401 0.172512948513031 0.4758462607860565 
vn -0.8624439835548401 0.172512948513031 0.4758462607860565 
vn -0.8118542432785034 0.3383239209651947 0.4758462607860565 
vn -0.8241910338401794 0.34547558426856995 0.4487268626689911 
vn -0.7420086860656738 0.4980635643005371 0.4487268626689911 
vn -0.8311343193054199 0.5553461909294128 0.028397228568792343 
vn -0.706821620464325 0.706821620464325 0.028397228568792343 
vn -0.7071051001548767 0.7071051001548767 0.002184694167226553 
vn -0.5555689334869385 0.8314676284790039 0.002184694167226553 
vn -0.5555689334869385 0.8314676284790039 0.002184694167226553 
vn -0.38268253207206726 0.9238772988319397 0.002184694167226553 
vn -0.38268253207206726 0.9238772988319397 0.002184694167226553 
vn -0.19508986175060272 0.9807829260826111 0.002184694167226553 
vn -0.3823537826538086 0.9230837225914001 -0.04149730131030083 
vn -0.19492226839065552 0.9799404740333557 -0.04149730131030083 
vn -0.9807642102241516 -0.19508613646030426 -0.006554040592163801 
vn -0.9999785423278809 -2.0681866592583975e-13 -0.006554040592163801 
vn -0.9529215097427368 -0.0037751663476228714 0.30319350957870483 
vn -0.9350306987762451 0.18382403254508972 0.30319350957870483 
vn -0.880078911781311 0.176261305809021 0.4409002661705017 
vn -0.8297743797302246 0.34217163920402527 0.4409002661705017 
vn -0.8118542432785034 0.3383239209651947 0.4758462607860565 
vn -0.7297245264053345 0.4909912347793579 0.4758462607860565 
vn -0.7297245264053345 0.4909912347793579 0.4758462607860565 
vn -0.6192456483840942 0.6245839595794678 0.4758462607860565 
vn -0.6319193840026855 0.6319193840026855 0.4487268626689911 
vn -0.4980635643005371 0.7420086860656738 0.4487268626689911 
vn -0.5553461909294128 0.8311343193054199 0.028397228568792343 
vn -0.3825291097164154 0.9235069751739502 0.028397228568792343 
vn -0.38268253207206726 0.9238772988319397 0.002184694167226553 
vn -0.19508986175060272 0.9807829260826111 0.002184694167226553 
vn -0.19508986175060272 0.9807829260826111 0.002184694167226553 
vn -1.0341130485562108e-13 0.999997615814209 0.002184694167226553 
vn -1.0341130485562108e-13 0.999997615814209 0.002184694167226553 
vn -0.9807642102241516 0.19508613646030426 -0.006554040592163801 
vn -0.923859715461731 0.3826752007007599 -0.006554040592163801 
vn -0.8805720806121826 0.3642341196537018 0.30319350957870483 
vn -0.7916755080223083 0.5303995013237 0.30319350957870483 
vn -0.7443187236785889 0.5015940070152283 0.4409002661705017 
vn -0.6340003609657288 0.6353349685668945 0.4409002661705017 
vn -0.6192456483840942 0.6245839595794678 0.4758462607860565 
vn -0.4909912347793579 0.7297245264053345 0.4758462607860565 
vn -0.4909912347793579 0.7297245264053345 0.4758462607860565 
vn -0.3383239209651947 0.8118542432785034 0.4758462607860565 
vn -0.3385029435157776 0.827079176902771 0.4487268626689911 
vn -0.17249524593353271 0.8768634796142578 0.4487268626689911 
vn -0.19501164555549622 0.9803897738456726 0.028397228568792343 
vn -1.0336984767505067e-13 0.9995967149734497 0.028397228568792343 
vn -1.0341130485562108e-13 0.999997615814209 0.002184694167226553 
vn -0.8314517736434937 0.5555583238601685 -0.006554040592163801 
vn -0.7070915699005127 0.7070915699005127 -0.006554040592163801 
vn -0.6718174815177917 0.6758216619491577 0.30319350957870483 
vn -0.5319666266441345 0.7906233072280884 0.30319350957870483 
vn -0.5000277757644653 0.7453718781471252 0.4409002661705017 
vn -0.3404260277748108 0.8304920792579651 0.4409002661705017 
vn -0.3383239209651947 0.8118542432785034 0.4758462607860565 
vn -0.172512948513031 0.8624439835548401 0.4758462607860565 
vn -0.172512948513031 0.8624439835548401 0.4758462607860565 
vn -9.095340854168438e-14 0.8795284628868103 0.4758462607860565 
vn -9.241569234050631e-14 0.8936689496040344 0.4487268626689911 
vn -0.5555583238601685 0.8314517736434937 -0.006554040592163801 
vn -0.3826752007007599 0.923859715461731 -0.006554040592163801 
vn -0.3659776747226715 0.8798488974571228 0.30319350957870483 
vn -0.18567581474781036 0.9346647262573242 0.30319350957870483 
vn -0.17441028356552124 0.8804476261138916 0.4409002661705017 
vn -0.00188738526776433 0.8975540995597839 0.4409002661705017 
vn -9.095340854168438e-14 0.8795284628868103 0.4758462607860565 
vn -0.8307533860206604 -0.5550916790962219 -0.04149730131030083 
vn -0.7064976692199707 -0.7064976692199707 -0.04149730131030083 
vn -0.7071051001548767 -0.7071051001548767 0.002184694167226553 
vn -0.5555689334869385 -0.8314676284790039 0.002184694167226553 
vn -0.5555689334869385 -0.8314676284790039 0.002184694167226553 
vn -0.38268253207206726 -0.9238772988319397 0.002184694167226553 
vn -0.38268253207206726 -0.9238772988319397 0.002184694167226553 
vn -0.19508986175060272 -0.9807829260826111 0.002184694167226553 
vn -0.19501164555549622 -0.9803897738456726 0.028397228568792343 
vn 3.096656503269457e-13 -0.9995967149734497 0.028397228568792343 
vn 2.768502115925442e-13 -0.8936689496040344 0.4487268626689911 
vn 0.17249524593353271 -0.8768634796142578 0.4487268626689911 
vn 0.172512948513031 -0.8624439835548401 0.4758462607860565 
vn 0.3383239209651947 -0.8118542432785034 0.4758462607860565 
vn 0.3383239209651947 -0.8118542432785034 0.4758462607860565 
vn 0.4909912347793579 -0.7297245264053345 0.4758462607860565 
vn 0.4968886077404022 -0.7474681735038757 0.4409002661705017 
vn 0.6366667151451111 -0.6326629519462585 0.4409002661705017 
vn 0.6744896173477173 -0.673154890537262 0.30319350957870483 
vn 0.7937705516815186 -0.5272589921951294 0.30319350957870483 
vn 0.8314517736434937 -0.5555583238601685 -0.006554040592163801 
vn -0.5550916790962219 -0.8307533860206604 -0.04149730131030083 
vn -0.3823537826538086 -0.9230837225914001 -0.04149730131030083 
vn -0.38268253207206726 -0.9238772988319397 0.002184694167226553 
vn -0.19508986175060272 -0.9807829260826111 0.002184694167226553 
vn -0.19508986175060272 -0.9807829260826111 0.002184694167226553 
vn 3.097898456858039e-13 -0.999997615814209 0.002184694167226553 
vn 3.097898456858039e-13 -0.999997615814209 0.002184694167226553 
vn 0.19508986175060272 -0.9807829260826111 0.002184694167226553 
vn 0.19501164555549622 -0.9803897738456726 0.028397228568792343 
vn 0.3825291097164154 -0.9235069751739502 0.028397228568792343 
vn 0.3385029435157776 -0.827079176902771 0.4487268626689911 
vn 0.4980635643005371 -0.7420086860656738 0.4487268626689911 
vn 0.4909912347793579 -0.7297245264053345 0.4758462607860565 
vn 0.6245839595794678 -0.6192456483840942 0.4758462607860565 
vn 0.6245839595794678 -0.6192456483840942 0.4758462607860565 
vn 0.7297245264053345 -0.4909912347793579 0.4758462607860565 
vn 0.7464216947555542 -0.4984592795372009 0.4409002661705017 
vn 0.828328013420105 -0.3456583023071289 0.4409002661705017 
vn 0.8791221976280212 -0.36771976947784424 0.30319350957870483 
vn 0.934295117855072 -0.1875268518924713 0.30319350957870483 
vn 0.923859715461731 -0.3826752007007599 -0.006554040592163801 
vn 0.9807642102241516 -0.19508613646030426 -0.006554040592163801 
vn -0.19492226839065552 -0.9799404740333557 -0.04149730131030083 
vn 3.0952372826256735e-13 -0.999138593673706 -0.04149730131030083 
vn 3.097898456858039e-13 -0.999997615814209 0.002184694167226553 
vn 0.19508986175060272 -0.9807829260826111 0.002184694167226553 
vn 0.19508986175060272 -0.9807829260826111 0.002184694167226553 
vn 0.38268253207206726 -0.9238772988319397 0.002184694167226553 
vn 0.38268253207206726 -0.9238772988319397 0.002184694167226553 
vn 0.5555689334869385 -0.8314676284790039 0.002184694167226553 
vn 0.5553461909294128 -0.8311343193054199 0.028397228568792343 
vn 0.706821620464325 -0.706821620464325 0.028397228568792343 
vn 0.6319193840026855 -0.6319193840026855 0.4487268626689911 
vn 0.7420086860656738 -0.4980635643005371 0.4487268626689911 
vn 0.7297245264053345 -0.4909912347793579 0.4758462607860565 
vn 0.8118542432785034 -0.3383239209651947 0.4758462607860565 
vn 0.8118542432785034 -0.3383239209651947 0.4758462607860565 
vn 0.8624439835548401 -0.172512948513031 0.4758462607860565 
vn 0.880812406539917 -0.1725584864616394 0.4409002661705017 
vn 0.8975561261177063 0 0.4409002661705017 
vn 0.9529290199279785 0 0.30319350957870483 
vn 0.934295117855072 0.1875268518924713 0.30319350957870483 
vn 0.9999785423278809 0 -0.006554040592163801 
vn 0.9807642102241516 0.19508613646030426 -0.006554040592163801 
vn 0.19492226839065552 -0.9799404740333557 -0.04149730131030083 
vn 0.3823537826538086 -0.9230837225914001 -0.04149730131030083 
vn 0.38268253207206726 -0.9238772988319397 0.002184694167226553 
vn 0.5555689334869385 -0.8314676284790039 0.002184694167226553 
vn 0.5555689334869385 -0.8314676284790039 0.002184694167226553 
vn 0.7071051001548767 -0.7071051001548767 0.002184694167226553 
vn 0.7071051001548767 -0.7071051001548767 0.002184694167226553 
vn 0.8314676284790039 -0.5555689334869385 0.002184694167226553 
vn 0.8311343193054199 -0.5553461909294128 0.028397228568792343 
vn 0.9235069751739502 -0.3825291097164154 0.028397228568792343 
vn 0.827079176902771 -0.3385029435157776 0.4487268626689911 
vn 0.8768634796142578 -0.17249524593353271 0.4487268626689911 
vn 0.8624439835548401 -0.172512948513031 0.4758462607860565 
vn 0.8795284628868103 0 0.4758462607860565 
vn 0.8795284628868103 0 0.4758462607860565 
vn 0.8624439835548401 0.172512948513031 0.4758462607860565 
vn 0.880812406539917 0.1725584864616394 0.4409002661705017 
vn 0.828328013420105 0.3456583023071289 0.4409002661705017 
vn 0.8791221976280212 0.36771976947784424 0.30319350957870483 
vn 0.7937705516815186 0.5272589921951294 0.30319350957870483 
vn 0.923859715461731 0.3826752007007599 -0.006554040592163801 
vn 0.8314517736434937 0.5555583238601685 -0.006554040592163801 
vn 0.5550916790962219 -0.8307533860206604 -0.04149730131030083 
vn 0.7064976692199707 -0.7064976692199707 -0.04149730131030083 
vn 0.7071051001548767 -0.7071051001548767 0.002184694167226553 
vn 0.8314676284790039 -0.5555689334869385 0.002184694167226553 
vn 0.8314676284790039 -0.5555689334869385 0.002184694167226553 
vn 0.9238772988319397 -0.38268253207206726 0.002184694167226553 
vn 0.9238772988319397 -0.38268253207206726 0.002184694167226553 
vn 0.9807829260826111 -0.19508986175060272 0.002184694167226553 
vn 0.9803897738456726 -0.19501164555549622 0.028397228568792343 
vn 0.9995967149734497 0 0.028397228568792343 
vn 0.8936689496040344 0 0.4487268626689911 
vn 0.8768634796142578 0.17249524593353271 0.4487268626689911 
vn 0.8624439835548401 0.172512948513031 0.4758462607860565 
vn 0.8118542432785034 0.3383239209651947 0.4758462607860565 
vn 0.8118542432785034 0.3383239209651947 0.4758462607860565 
vn 0.7297245264053345 0.4909912347793579 0.4758462607860565 
vn 0.7464216947555542 0.4984592795372009 0.4409002661705017 
vn 0.6366667151451111 0.6326629519462585 0.4409002661705017 
vn 0.6744896173477173 0.673154890537262 0.30319350957870483 
vn 0.5288302898406982 0.7927245497703552 0.30319350957870483 
vn 0.7070915699005127 0.7070915699005127 -0.006554040592163801 
vn 0.5555583238601685 0.8314517736434937 -0.006554040592163801 
vn 0.8307533860206604 -0.5550916790962219 -0.04149730131030083 
vn 0.9230837225914001 -0.3823537826538086 -0.04149730131030083 
vn 0.9238772988319397 -0.38268253207206726 0.002184694167226553 
vn 0.9807829260826111 -0.19508986175060272 0.002184694167226553 
vn 0.9807829260826111 -0.19508986175060272 0.002184694167226553 
vn 0.999997615814209 0 0.002184694167226553 
vn 0.999997615814209 0 0.002184694167226553 
vn 0.9807829260826111 0.19508986175060272 0.002184694167226553 
vn 0.9803897738456726 0.19501164555549622 0.028397228568792343 
vn 0.9235069751739502 0.3825291097164154 0.028397228568792343 
vn 0.827079176902771 0.3385029435157776 0.4487268626689911 
vn 0.7420086860656738 0.4980635643005371 0.4487268626689911 
vn 0.7297245264053345 0.4909912347793579 0.4758462607860565 
vn 0.6192456483840942 0.6245839595794678 0.4758462607860565 
vn 0.6192456483840942 0.6245839595794678 0.4758462607860565 
vn 0.4909912347793579 0.7297245264053345 0.4758462607860565 
vn 0.4968886077404022 0.7474681735038757 0.4409002661705017 
vn 0.343915730714798 0.8290530443191528 0.4409002661705017 
vn 0.36248916387557983 0.8812918663024902 0.30319350957870483 
vn 0.18937715888023376 0.9339218139648438 0.30319350957870483 
vn 0.3826752007007599 0.923859715461731 -0.006554040592163801 
vn 0.19508613646030426 0.9807642102241516 -0.006554040592163801 
vn 0.9799404740333557 -0.19492226839065552 -0.04149730131030083 
vn 0.999138593673706 0 -0.04149730131030083 
vn 0.999997615814209 0 0.002184694167226553 
vn 0.9807829260826111 0.19508986175060272 0.002184694167226553 
vn 0.9807829260826111 0.19508986175060272 0.002184694167226553 
vn 0.9238772988319397 0.38268253207206726 0.002184694167226553 
vn 0.9238772988319397 0.38268253207206726 0.002184694167226553 
vn 0.8314676284790039 0.5555689334869385 0.002184694167226553 
vn 0.8311343193054199 0.5553461909294128 0.028397228568792343 
vn 0.706821620464325 0.706821620464325 0.028397228568792343 
vn 0.6319193840026855 0.6319193840026855 0.4487268626689911 
vn 0.4980635643005371 0.7420086860656738 0.4487268626689911 
vn 0.4909912347793579 0.7297245264053345 0.4758462607860565 
vn 0.3383239209651947 0.8118542432785034 0.4758462607860565 
vn 0.3383239209651947 0.8118542432785034 0.4758462607860565 
vn 0.172512948513031 0.8624439835548401 0.4758462607860565 
vn 0.17811155319213867 0.8797063231468201 0.4409002661705017 
vn -0.00188738526776433 0.8975540995597839 0.4409002661705017 
vn 0.0018875868991017342 0.9529271721839905 0.30319350957870483 
vn 0.9799404740333557 0.19492226839065552 -0.04149730131030083 
vn 0.9230837225914001 0.3823537826538086 -0.04149730131030083 
vn 0.9238772988319397 0.38268253207206726 0.002184694167226553 
vn 0.8314676284790039 0.5555689334869385 0.002184694167226553 
vn 0.8314676284790039 0.5555689334869385 0.002184694167226553 
vn 0.7071051001548767 0.7071051001548767 0.002184694167226553 
vn 0.7071051001548767 0.7071051001548767 0.002184694167226553 
vn 0.5555689334869385 0.8314676284790039 0.002184694167226553 
vn 0.5553461909294128 0.8311343193054199 0.028397228568792343 
vn 0.3825291097164154 0.9235069751739502 0.028397228568792343 
vn 0.3385029435157776 0.827079176902771 0.4487268626689911 
vn 0.17249524593353271 0.8768634796142578 0.4487268626689911 
vn 0.172512948513031 0.8624439835548401 0.4758462607860565 
vn -9.095340854168438e-14 0.8795284628868103 0.4758462607860565 
vn -9.095340854168438e-14 0.8795284628868103 0.4758462607860565 
vn 0.8307533860206604 0.5550916790962219 -0.04149730131030083 
vn 0.7064976692199707 0.7064976692199707 -0.04149730131030083 
vn 0.7071051001548767 0.7071051001548767 0.002184694167226553 
vn 0.5555689334869385 0.8314676284790039 0.002184694167226553 
vn 0.5555689334869385 0.8314676284790039 0.002184694167226553 
vn 0.38268253207206726 0.9238772988319397 0.002184694167226553 
vn 0.38268253207206726 0.9238772988319397 0.002184694167226553 
vn 0.19508986175060272 0.9807829260826111 0.002184694167226553 
vn 0.19501164555549622 0.9803897738456726 0.028397228568792343 
vn -1.0336984767505067e-13 0.9995967149734497 0.028397228568792343 
vn -9.241569234050631e-14 0.8936689496040344 0.4487268626689911 
vn 0.5550916790962219 0.8307533860206604 -0.04149730131030083 
vn 0.3823537826538086 0.9230837225914001 -0.04149730131030083 
vn 0.38268253207206726 0.9238772988319397 0.002184694167226553 
vn 0.19508986175060272 0.9807829260826111 0.002184694167226553 
vn 0.19508986175060272 0.9807829260826111 0.002184694167226553 
vn -1.0341130485562108e-13 0.999997615814209 0.002184694167226553 
vn -1.0341130485562108e-13 0.999997615814209 0.002184694167226553 
vn -1.0341130485562108e-13 0.999997615814209 0.002184694167226553 
vn -1.0332247481637663e-13 0.999138593673706 -0.04149730131030083 
vn 0.19492226839065552 0.9799404740333557 -0.04149730131030083 
vn -1.0340933296291988e-13 0.9999785423278809 -0.006554040592163801 
vn -1.0332247481637663e-13 0.999138593673706 -0.04149730131030083 
vn -0.19508613646030426 0.9807642102241516 -0.006554040592163801 
vn -1.0340933296291988e-13 0.9999785423278809 -0.006554040592163801 
vn 0.0018875868991017342 0.9529271721839905 0.30319350957870483 
vn -0.7258943915367126 0.30169710516929626 -0.6181069612503052 
vn -0.6549215316772461 0.43476614356040955 -0.6181069612503052 
vn 0.18551047146320343 -0.07377388328313828 -0.97986900806427 
vn 0.16413643956184387 -0.11364835500717163 -0.97986900806427 
vn 0.4638061821460724 -0.31360167264938354 -0.8285757899284363 
vn 0.1398257166147232 -0.14249731600284576 -0.97986900806427 
vn 0.3965608775615692 -0.39522355794906616 -0.8285757899284363 
vn 0.3088853657245636 -0.46696043014526367 -0.8285757899284363 
vn 0.12320587784051895 -0.11652734130620956 -0.9855159521102905 
vn 0.13270960748195648 -0.1820152848958969 -0.9742990136146545 
vn 0.016343755647540092 -0.02049442008137703 -0.9996563792228699 
vn 0.12344589829444885 -0.30172809958457947 -0.9453682899475098 
vn 0.020404137670993805 -0.052978113293647766 -0.9983872175216675 
vn 0.007669857237488031 -0.038558974862098694 -0.9992268681526184 
vn 0.005448473151773214 -0.0068321689032018185 -0.999961793422699 
vn 0.004369377624243498 0 -0.9999904632568359 
vn -0.002184688812121749 -0.0037839922588318586 -0.9999904632568359 
vn -2.0682311115474694e-13 0 -1 
vn -0.002184688812121749 -0.0037839922588318586 -0.9999904632568359 
vn -2.0682311115474694e-13 0 -1 
vn 2.0682311115474694e-13 4.2775797696334704e-26 -1 
vn 2.0682311115474694e-13 4.2775797696334704e-26 -1 
vn -0.015745941549539566 -0.007582846097648144 -0.9998472929000854 
vn -0.0106044327840209 -0.007704571355134249 -0.9999141097068787 
vn -0.11219600588083267 -0.048013847321271896 -0.9925254583358765 
vn -0.013107799924910069 -2.7109958632902213e-15 -0.9999141097068787 
vn -0.10663539171218872 -0.022666051983833313 -0.9940398335456848 
vn -0.10901768505573273 -2.2595789714134618e-14 -0.9940398335456848 
vn -0.5491651296615601 -0.10899469256401062 -0.8285757899284363 
vn -0.5598641633987427 0.003782563144341111 -0.8285757899284363 
vn -0.19964148104190826 -4.1290470933867673e-14 -0.97986900806427 
vn -0.5491651296615601 0.10899469256401062 -0.8285757899284363 
vn -0.196076899766922 0.03755752742290497 -0.97986900806427 
vn -0.18551047146320343 0.07377388328313828 -0.97986900806427 
vn 0.7716272473335266 -0.15011736750602722 -0.6181069612503052 
vn 0.7258943915367126 -0.30169710516929626 -0.6181069612503052 
vn 0.11052186042070389 -0.16625773906707764 -0.97986900806427 
vn 0.07727129012346268 -0.18408113718032837 -0.97986900806427 
vn 0.21556544303894043 -0.516714334487915 -0.8285757899284363 
vn 0.10713896155357361 -0.5495302081108093 -0.8285757899284363 
vn 0.04700304567813873 -0.2762373387813568 -0.9599394202232361 
vn 0.003786779474467039 -0.26757413148880005 -0.9635298252105713 
vn 0.001892047468572855 -0.03489676117897034 -0.999389111995697 
vn -0.007669857237488031 -0.038558974862098694 -0.9992268681526184 
vn -0.0019445375073701143 -0.00851957593113184 -0.999961793422699 
vn -0.013106673955917358 -0.022701425477862358 -0.9996563792228699 
vn -0.01673441007733345 -0.014041837304830551 -0.9997613430023193 
vn -0.12057919055223465 -0.1192433163523674 -0.9855159521102905 
vn -0.11535121500492096 -0.07821006327867508 -0.9902410507202148 
vn -0.4659143090248108 -0.31046101450920105 -0.8285757899284363 
vn -0.5159832239151001 -0.21730969846248627 -0.8285757899284363 
vn -0.18551047146320343 -0.07377388328313828 -0.97986900806427 
vn -0.196076899766922 -0.03755752742290497 -0.97986900806427 
vn 0.7716272473335266 0.15011736750602722 -0.6181069612503052 
vn 0.7860940098762512 0 -0.6181069612503052 
vn -0.023897120729088783 -0.0514969602227211 -0.9983872175216675 
vn -0.12693533301353455 -0.30027681589126587 -0.9453682899475098 
vn -0.050723228603601456 -0.27557849884033203 -0.9599394202232361 
vn -0.11084917932748795 -0.5487937927246094 -0.8285757899284363 
vn 0.0018912923987954855 -0.5598737597465515 -0.8285757899284363 
vn 0.0037780406419187784 -0.19960573315620422 -0.97986900806427 
vn 0.04126138240098953 -0.19533105194568634 -0.97986900806427 
vn -0.15382225811481476 0.7708972096443176 -0.6181069612503052 
vn -0.2982066869735718 0.7273352742195129 -0.6181069612503052 
vn -0.12963317334651947 -0.18421900272369385 -0.9742990136146545 
vn -0.31203311681747437 -0.4648629128932953 -0.8285757899284363 
vn -0.3938816785812378 -0.3978937268257141 -0.8285757899284363 
vn -0.1398257166147232 -0.14249731600284576 -0.97986900806427 
vn -0.16413643956184387 -0.11364835500717163 -0.97986900806427 
vn 0.6549215316772461 0.43476614356040955 -0.6181069612503052 
vn 0.7258943915367126 0.30169710516929626 -0.6181069612503052 
vn -0.212069571018219 -0.5181589722633362 -0.8285757899284363 
vn -0.07727129012346268 -0.18408113718032837 -0.97986900806427 
vn -0.04126138240098953 -0.19533105194568634 -0.97986900806427 
vn 0.15382225811481476 0.7708972096443176 -0.6181069612503052 
vn 0.0037761125713586807 0.7860849499702454 -0.6181069612503052 
vn 0.2982066869735718 0.7273352742195129 -0.6181069612503052 
vn 0.4379071295261383 0.6528255343437195 -0.6181069612503052 
vn -0.11052186042070389 -0.16625773906707764 -0.97986900806427 
vn -2.0682311115474694e-13 0 -1 
vn 0.015745941549539566 -0.007582846097648144 -0.9998472929000854 
vn -2.0682311115474694e-13 0 -1 
vn 0.0106044327840209 -0.007704571355134249 -0.9999141097068787 
vn 0.013107799924910069 0 -0.9999141097068787 
vn 0.11363495886325836 -0.04450134187936783 -0.9925254583358765 
vn 0.10663539171218872 -0.022666051983833313 -0.9940398335456848 
vn 0.548416256904602 -0.1127023994922638 -0.8285757899284363 
vn 0.10901768505573273 0 -0.9940398335456848 
vn 0.5598769187927246 0 -0.8285757899284363 
vn 0.548416256904602 0.1127023994922638 -0.8285757899284363 
vn 0.19964148104190826 0 -0.97986900806427 
vn 0.196076899766922 0.03755752742290497 -0.97986900806427 
vn -0.7716272473335266 -0.15011736750602722 -0.6181069612503052 
vn 0.18551047146320343 0.07377388328313828 -0.97986900806427 
vn -0.7258943915367126 -0.30169710516929626 -0.6181069612503052 
vn -0.6549215316772461 -0.43476614356040955 -0.6181069612503052 
vn -0.7860940098762512 -1.6223330458978863e-13 -0.6181069612503052 
vn -0.7716272473335266 0.15011736750602722 -0.6181069612503052 
vn 0.196076899766922 -0.03755752742290497 -0.97986900806427 
vn 0.517439603805542 -0.2138187140226364 -0.8285757899284363 
vn 0.11535121500492096 -0.07821006327867508 -0.9902410507202148 
vn 0.01673441007733345 -0.014041837304830551 -0.9997613430023193 
vn -2.0682311115474694e-13 0 -1 
vn -2.0682311115474694e-13 0 -1 
vn 2.0682311115474694e-13 4.2775797696334704e-26 -1 
vn 2.0682311115474694e-13 4.2775797696334704e-26 -1 
vn -0.013107799924910069 -2.7109958632902213e-15 -0.9999141097068787 
vn -0.013107799924910069 -2.7109958632902213e-15 -0.9999141097068787 
vn -0.10663539171218872 0.022666051983833313 -0.9940398335456848 
vn -0.11219600588083267 0.048013847321271896 -0.9925254583358765 
vn -0.5159832239151001 0.21730969846248627 -0.8285757899284363 
vn -0.4659143090248108 0.31046101450920105 -0.8285757899284363 
vn -0.16413643956184387 0.11364835500717163 -0.97986900806427 
vn 0.6549215316772461 -0.43476614356040955 -0.6181069612503052 
vn -0.1398257166147232 0.14249731600284576 -0.97986900806427 
vn 0.5545157194137573 -0.5571858882904053 -0.6181069612503052 
vn 0.4379071295261383 -0.6528255343437195 -0.6181069612503052 
vn -0.11052186042070389 0.16625773906707764 -0.97986900806427 
vn -0.31203311681747437 0.4648629128932953 -0.8285757899284363 
vn -0.3938816785812378 0.3978937268257141 -0.8285757899284363 
vn -0.12057919055223465 0.1192433163523674 -0.9855159521102905 
vn -0.11535121500492096 0.07821006327867508 -0.9902410507202148 
vn -0.015745941549539566 0.007582846097648144 -0.9998472929000854 
vn -0.0106044327840209 0.007704571355134249 -0.9999141097068787 
vn 2.0682311115474694e-13 4.2775797696334704e-26 -1 
vn 2.0682311115474694e-13 4.2775797696334704e-26 -1 
vn -2.0682311115474694e-13 0 -1 
vn -2.0682311115474694e-13 0 -1 
vn -2.0682311115474694e-13 0 -1 
vn -2.0682311115474694e-13 0 -1 
vn -0.12963317334651947 0.18421900272369385 -0.9742990136146545 
vn -0.013106673955917358 0.022701425477862358 -0.9996563792228699 
vn -0.01673441007733345 0.014041837304830551 -0.9997613430023193 
vn -0.002184688812121749 0.0037839922588318586 -0.9999904632568359 
vn 2.0682311115474694e-13 4.2775797696334704e-26 -1 
vn -2.0682311115474694e-13 0 -1 
vn -2.0682311115474694e-13 0 -1 
vn -2.0682311115474694e-13 0 -1 
vn -2.0682311115474694e-13 0 -1 
vn 0.013107799924910069 0 -0.9999141097068787 
vn 0.013107799924910069 0 -0.9999141097068787 
vn -0.0019445375073701143 0.00851957593113184 -0.999961793422699 
vn -0.002184688812121749 0.0037839922588318586 -0.9999904632568359 
vn -2.0682311115474694e-13 0 -1 
vn 0.004369377624243498 0 -0.9999904632568359 
vn -2.0682311115474694e-13 0 -1 
vn 0.015745941549539566 0.007582846097648144 -0.9998472929000854 
vn 0.0106044327840209 0.007704571355134249 -0.9999141097068787 
vn 0.11363495886325836 0.04450134187936783 -0.9925254583358765 
vn 0.10663539171218872 0.022666051983833313 -0.9940398335456848 
vn 0.005448473151773214 0.0068321689032018185 -0.999961793422699 
vn 0.016343755647540092 0.02049442008137703 -0.9996563792228699 
vn 0.01673441007733345 0.014041837304830551 -0.9997613430023193 
vn 0.12320587784051895 0.11652734130620956 -0.9855159521102905 
vn 0.11535121500492096 0.07821006327867508 -0.9902410507202148 
vn 0.4638061821460724 0.31360167264938354 -0.8285757899284363 
vn 0.517439603805542 0.2138187140226364 -0.8285757899284363 
vn 0.007669857237488031 0.038558974862098694 -0.9992268681526184 
vn 0.001892047468572855 0.03489676117897034 -0.999389111995697 
vn -0.007669857237488031 0.038558974862098694 -0.9992268681526184 
vn 0.003786779474467039 0.26757413148880005 -0.9635298252105713 
vn -0.050723228603601456 0.27557849884033203 -0.9599394202232361 
vn -0.11084917932748795 0.5487937927246094 -0.8285757899284363 
vn -0.12693533301353455 0.30027681589126587 -0.9453682899475098 
vn -0.212069571018219 0.5181589722633362 -0.8285757899284363 
vn -0.07727129012346268 0.18408113718032837 -0.97986900806427 
vn 0.2982066869735718 -0.7273352742195129 -0.6181069612503052 
vn 0.15382225811481476 -0.7708972096443176 -0.6181069612503052 
vn -0.04126138240098953 0.19533105194568634 -0.97986900806427 
vn 0.0037780406419187784 0.19960573315620422 -0.97986900806427 
vn 0.0018912923987954855 0.5598737597465515 -0.8285757899284363 
vn 0.10713896155357361 0.5495302081108093 -0.8285757899284363 
vn 0.04700304567813873 0.2762373387813568 -0.9599394202232361 
vn 0.12344589829444885 0.30172809958457947 -0.9453682899475098 
vn 0.020404137670993805 0.052978113293647766 -0.9983872175216675 
vn 0.13270960748195648 0.1820152848958969 -0.9742990136146545 
vn 0.3088853657245636 0.46696043014526367 -0.8285757899284363 
vn 0.3965608775615692 0.39522355794906616 -0.8285757899284363 
vn 0.1398257166147232 0.14249731600284576 -0.97986900806427 
vn 0.16413643956184387 0.11364835500717163 -0.97986900806427 
vn 0.0037761125713586807 -0.7860849499702454 -0.6181069612503052 
vn -0.15382225811481476 -0.7708972096443176 -0.6181069612503052 
vn 0.04126138240098953 0.19533105194568634 -0.97986900806427 
vn 0.07727129012346268 0.18408113718032837 -0.97986900806427 
vn 0.21556544303894043 0.516714334487915 -0.8285757899284363 
vn -0.2982066869735718 -0.7273352742195129 -0.6181069612503052 
vn -0.4379071295261383 -0.6528255343437195 -0.6181069612503052 
vn 0.11052186042070389 0.16625773906707764 -0.97986900806427 
vn -0.023897120729088783 0.0514969602227211 -0.9983872175216675 
vn -0.5545157194137573 0.5571858882904053 -0.6181069612503052 
vn -0.4379071295261383 0.6528255343437195 -0.6181069612503052 
vn -0.5545157194137573 -0.5571858882904053 -0.6181069612503052 
vn 0.5545157194137573 0.5571858882904053 -0.6181069612503052 
vn 0.006688034627586603 0.016146345064044 0.9998472929000854 
vt 0.38163110613822937 0.10870630294084549 
vt 0.3858269453048706 0.10798843950033188 
vt 0.3884643316268921 0.13419046998023987 
vt 0.39278003573417664 0.13299402594566345 
vt 0.40285003185272217 0.1563246101140976 
vt 0.4039289653301239 0.1296440064907074 
vt 0.4137592017650604 0.15165849030017853 
vt 0.4259870648384094 0.14615486562252045 
vt 0.4253876507282257 0.17271584272384644 
vt 0.4370161294937134 0.16601577401161194 
vt 0.4497235119342804 0.18515881896018982 
vt 0.4463668465614319 0.16039250791072845 
vt 0.4584748148918152 0.17893733084201813 
vt 0.4651881456375122 0.17391228675842285 
vt 0.4720213711261749 0.19628570973873138 
vt 0.47837507724761963 0.1909017264842987 
vt 0.4928806722164154 0.20681437849998474 
vt 0.4811323285102844 0.18862849473953247 
vt 0.4955180585384369 0.2043018490076065 
vt 0.4870064854621887 0.21267694234848022 
vt 0.47933411598205566 0.22021450102329254 
vt 0.46386945247650146 0.2032250612974167 
vt 0.4536795914173126 0.21171978116035461 
vt 0.43881434202194214 0.19269639253616333 
vt 0.4291039705276489 0.19951610267162323 
vt 0.41507789492607117 0.17857839167118073 
vt 0.41124171018600464 0.18073198199272156 
vt 0.39877408742904663 0.15811927616596222 
vt 0.9919452667236328 0.10870630294084549 
vt 0.9851120710372925 0.13419046998023987 
vt 0.9876295328140259 0.10798843950033188 
vt 0.9807963371276855 0.13299402594566345 
vt 0.9696474075317383 0.1296440064907074 
vt 0.9708462357521057 0.156444251537323 
vt 0.9599370360374451 0.15177814662456512 
vt 0.9483085870742798 0.17283548414707184 
vt 0.9477092027664185 0.14615486562252045 
vt 0.9366801381111145 0.16613541543483734 
vt 0.927329421043396 0.16051214933395386 
vt 0.9240926504135132 0.18527846038341522 
vt 0.9152214527130127 0.17905697226524353 
vt 0.9016748666763306 0.1965249925851822 
vt 0.9085081219673157 0.17415156960487366 
vt 0.8953211903572083 0.1911410093307495 
vt 0.8925639390945435 0.18874813616275787 
vt 0.8808155655860901 0.20705366134643555 
vt 0.8782981038093567 0.2044215053319931 
vt 0.8628334403038025 0.21901807188987732 
vt 0.9586183428764343 0.17857839167118073 
vt 0.9447121620178223 0.19963574409484863 
vt 0.9348819255828857 0.19293567538261414 
vt 0.920136570930481 0.2119590789079666 
vt 0.9099466800689697 0.2034643441438675 
vt 0.8943621516227722 0.22045379877090454 
vt 0.8868096470832825 0.21291622519493103 
vt 0.8705058097839355 0.22799137234687805 
vt 0.8651111721992493 0.22176988422870636 
vt 0.848207950592041 0.23517000675201416 
vt 0.8460500836372375 0.23217891156673431 
vt 0.8284276127815247 0.2441433072090149 
vt 0.9291276335716248 0.21937699615955353 
vt 0.9122244119644165 0.2378021776676178 
vt 0.903832733631134 0.22966638207435608 
vt 0.8862102031707764 0.24617725610733032 
vt 0.8775787949562073 0.23612715303897858 
vt 0.8594767451286316 0.250484436750412 
vt 0.8531230688095093 0.24187007546424866 
vt 0.8346614241600037 0.25419339537620544 
vt 0.8303456902503967 0.24725405871868134 
vt 0.8115243911743164 0.2577827274799347 
vt 0.8099659085273743 0.25455233454704285 
vt 0.7906650900840759 0.2635256350040436 
vt 0.8938826322555542 0.25491127371788025 
vt 0.8742220997810364 0.2704649865627289 
vt 0.8672690391540527 0.26101312041282654 
vt 0.847248911857605 0.27453288435935974 
vt 0.8402957916259766 0.2632863521575928 
vt 0.8202756643295288 0.27465254068374634 
vt 0.8153605461120605 0.2652006447315216 
vt 0.7952205538749695 0.27441322803497314 
vt 0.7919837832450867 0.26687565445899963 
vt 0.7717238664627075 0.27429360151290894 
vt 0.7706449627876282 0.2708239257335663 
vt 0.7501453161239624 0.27668648958206177 
vt 0.853482723236084 0.2844633460044861 
vt 0.8316643834114075 0.29678666591644287 
vt 0.8262697458267212 0.2862579822540283 
vt 0.8043314814567566 0.29654738306999207 
vt 0.799296498298645 0.2843436896800995 
vt 0.7777179479598999 0.2923598289489746 
vt 0.774361252784729 0.28219011425971985 
vt 0.7529025673866272 0.28817230463027954 
vt 0.7509844899177551 0.2801561653614044 
vt 0.7298853993415833 0.2843436896800995 
vt 0.7292860150337219 0.28075435757637024 
vt 0.70818692445755 0.28326690196990967 
vt 0.8088870048522949 0.3073153495788574 
vt 0.785390317440033 0.31604933738708496 
vt 0.7817938923835754 0.304802805185318 
vt 0.7585369348526001 0.3115028738975525 
vt 0.7554200291633606 0.2985813319683075 
vt 0.7328824400901794 0.30312779545783997 
vt 0.731204092502594 0.2925991415977478 
vt 0.7090260982513428 0.29511165618896484 
vt 0.7084267139434814 0.28685620427131653 
vt 0.6868481040000916 0.28769370913505554 
vt 0.6868481040000916 0.2841044068336487 
vt 0.6656292080879211 0.28326690196990967 
vt 0.7612942457199097 0.32286906242370605 
vt 0.7367185950279236 0.3277744650840759 
vt 0.7349203824996948 0.31604933738708496 
vt 0.7109442353248596 0.319040447473526 
vt 0.7098652720451355 0.3057599663734436 
vt 0.6868481040000916 0.3067171275615692 
vt 0.6868481040000916 0.29606881737709045 
vt 0.6646701693534851 0.29511165618896484 
vt 0.6652695536613464 0.28685620427131653 
vt 0.6439307332038879 0.2843436896800995 
vt 0.6445301175117493 0.28063473105430603 
vt 0.6235509514808655 0.27656683325767517 
vt 0.7119032740592957 0.33064591884613037 
vt 0.6868481040000916 0.331603080034256 
vt 0.6868481040000916 0.319877952337265 
vt 0.6627520322799683 0.3189208209514618 
vt 0.6638309955596924 0.3057599663734436 
vt 0.6409336924552917 0.30300816893577576 
vt 0.6426120400428772 0.2924794852733612 
vt 0.6207937002182007 0.28805264830589294 
vt 0.6227117776870728 0.2800365090370178 
vt 0.6019724011421204 0.27417394518852234 
vt 0.603171169757843 0.2707042694091797 
vt 0.5831510424613953 0.2632863521575928 
vt 0.6617929935455322 0.33064591884613037 
vt 0.6369776129722595 0.32765480875968933 
vt 0.6387758255004883 0.31604933738708496 
vt 0.615159273147583 0.3113832473754883 
vt 0.6182761788368225 0.2984616756439209 
vt 0.5960981845855713 0.2922402024269104 
vt 0.5994548797607422 0.28207045793533325 
vt 0.5785955786705017 0.27429360151290894 
vt 0.5817124843597412 0.26663637161254883 
vt 0.5621718764305115 0.2575434446334839 
vt 0.5638502240180969 0.25431305170059204 
vt 0.5452686548233032 0.2439040243625641 
vt 0.5434704422950745 0.24701476097106934 
vt 0.5390348434448242 0.25407376885414124 
vt 0.5254883170127869 0.23493072390556335 
vt 0.5205731987953186 0.24163077771663666 
vt 0.5031904578208923 0.22787173092365265 
vt 0.5143393874168396 0.2502451539039612 
vt 0.4962373375892639 0.23588787019252777 
vt 0.48760589957237244 0.24593797326087952 
vt 0.46998339891433716 0.22942709922790527 
vt 0.4615917205810547 0.2376825362443924 
vt 0.4445686340332031 0.21925735473632812 
vt 0.4412119686603546 0.22212880849838257 
vt 0.4253876507282257 0.20202861726284027 
vt 0.5584555864334106 0.2649613618850708 
vt 0.5535404682159424 0.27441322803497314 
vt 0.5745196342468262 0.2841044068336487 
vt 0.5693647265434265 0.29630810022354126 
vt 0.5920222401618958 0.3046831786632538 
vt 0.5883059501647949 0.31581005454063416 
vt 0.6124020218849182 0.32274940609931946 
vt 0.6114429831504822 0.3270565867424011 
vt 0.6362583637237549 0.3320816457271576 
vt 0.6614333391189575 0.33507275581359863 
vt 0.5869872570037842 0.3201172351837158 
vt 0.5631309151649475 0.3112635910511017 
vt 0.5649291276931763 0.3071956932544708 
vt 0.5421517491340637 0.29654738306999207 
vt 0.54754638671875 0.2861383557319641 
vt 0.5264473557472229 0.27441322803497314 
vt 0.5334004163742065 0.26304706931114197 
vt 0.5401138067245483 0.3006152808666229 
vt 0.5180556774139404 0.28805264830589294 
vt 0.5203334093093872 0.2843436896800995 
vt 0.4995940029621124 0.2703453302383423 
vt 0.5065470933914185 0.26077383756637573 
vt 0.49695661664009094 0.27393466234207153 
vt 0.4770563840866089 0.2581416666507721 
vt 0.4799335300922394 0.25479161739349365 
vt 0.30466750264167786 0.20645545423030853 
vt 0.3099422752857208 0.1982000172138214 
vt 0.31425797939300537 0.2043018490076065 
vt 0.31677547097206116 0.1966446340084076 
vt 0.30454760789871216 0.1976017951965332 
vt 0.3005915582180023 0.197003573179245 
vt 0.3099422752857208 0.1982000172138214 
vt 0.30970248579978943 0.19532854855060577 
vt 0.31677547097206116 0.1966446340084076 
vt 0.31653571128845215 0.19425176084041595 
vt 0.32540690898895264 0.19532854855060577 
vt 0.32504725456237793 0.19293567538261414 
vt 0.3340383470058441 0.19401247799396515 
vt 0.3335588276386261 0.19173923134803772 
vt 0.34039202332496643 0.1907820850610733 
vt 0.33235999941825867 0.18563738465309143 
vt 0.3393131196498871 0.18468023836612701 
vt 0.3308015465736389 0.17798016965389252 
vt 0.33775466680526733 0.1770230233669281 
vt 0.32960274815559387 0.17163904011249542 
vt 0.3364359736442566 0.170681893825531 
vt 0.32876357436180115 0.16733185946941376 
vt 0.33559679985046387 0.16637471318244934 
vt 0.3272051215171814 0.15871749818325043 
vt 0.33439797163009644 0.15919606387615204 
vt 0.32912322878837585 0.15129956603050232 
vt 0.3393131196498871 0.15201742947101593 
vt 0.3401522636413574 0.16146931052207947 
vt 0.34698548913002014 0.16493898630142212 
vt 0.35094156861305237 0.16888722777366638 
vt 0.3548976480960846 0.17486943304538727 
vt 0.3546578884124756 0.182765930891037 
vt 0.3496228754520416 0.1895856410264969 
vt 0.34099143743515015 0.19341425597667694 
vt 0.34758490324020386 0.15524782240390778 
vt 0.3572952449321747 0.16003356873989105 
vt 0.36280977725982666 0.16541755199432373 
vt 0.36832430958747864 0.17367298901081085 
vt 0.3678447902202606 0.18468023836612701 
vt 0.3496228754520416 0.1895856410264969 
vt 0.3610115647315979 0.19437140226364136 
vt 0.4583549499511719 0.24091291427612305 
vt 0.3189333379268646 0.15189778804779053 
vt 0.32001227140426636 0.15919606387615204 
vt 0.3089832067489624 0.15429066121578217 
vt 0.3130591809749603 0.16075144708156586 
vt 0.2993927299976349 0.15799963474273682 
vt 0.3062259554862976 0.1633836030960083 
vt 0.29243963956832886 0.1635032594203949 
vt 0.30143070220947266 0.16733185946941376 
vt 0.29591619968414307 0.17259620130062103 
vt 0.30718499422073364 0.170681893825531 
vt 0.30766451358795166 0.17498907446861267 
vt 0.3144977390766144 0.17391228675842285 
vt 0.3152170181274414 0.18025341629981995 
vt 0.32300928235054016 0.17905697226524353 
vt 0.3242081105709076 0.18683382868766785 
vt 0.31593629717826843 0.18803027272224426 
vt 0.3083838224411011 0.18144984543323517 
vt 0.2932788133621216 0.1775016039609909 
vt 0.2809310555458069 0.1777408868074417 
vt 0.2846473753452301 0.1709211766719818 
vt 0.3089832067489624 0.18922671675682068 
vt 0.2912408113479614 0.1843213140964508 
vt 0.2780539095401764 0.18731240928173065 
vt 0.2937583327293396 0.19185887277126312 
vt 0.2817702293395996 0.1977214366197586 
vt 0.2912408113479614 0.2050197273492813 
vt 0.3005915582180023 0.197003573179245 
vt 0.3485439419746399 0.19975538551807404 
vt 0.34099143743515015 0.19341425597667694 
vt 0.35585668683052063 0.1967642903327942 
vt 0.3461463153362274 0.1912606656551361 
vt 0.34099143743515015 0.19341425597667694 
vt 0.3485439419746399 0.19975538551807404 
vt 0.3340383470058441 0.19401247799396515 
vt 0.33871370553970337 0.20047324895858765 
vt 0.33871370553970337 0.20047324895858765 
vt 0.32540690898895264 0.19532854855060577 
vt 0.32636594772338867 0.20226791501045227 
vt 0.31677547097206116 0.1966446340084076 
vt 0.31425797939300537 0.2043018490076065 
vt 0.3130591809749603 0.16075144708156586 
vt 0.31401821970939636 0.1694854497909546 
vt 0.3220502436161041 0.17271584272384644 
vt 0.3213309645652771 0.16840866208076477 
vt 0.32001227140426636 0.15919606387615204 
vt 0.2968752384185791 0.20573759078979492 
vt 0.30454760789871216 0.1976017951965332 
vt 0.30466750264167786 0.20645545423030853 
vt 0.3099422752857208 0.1982000172138214 
vt 0.35585668683052063 0.1967642903327942 
vt 0.3461463153362274 0.1912606656551361 
vt 0.3610115647315979 0.19437140226364136 
vt 0.3496228754520416 0.1895856410264969 
vt 0.29243963956832886 0.1635032594203949 
vt 0.30143070220947266 0.16733185946941376 
vt 0.2846473753452301 0.1709211766719818 
vt 0.29591619968414307 0.17259620130062103 
vt 0.2563554644584656 0.3394995629787445 
vt 0.23645520210266113 0.34835323691368103 
vt 0.25563615560531616 0.3383031487464905 
vt 0.2358558028936386 0.347037136554718 
vt 0.23477686941623688 0.3444049656391144 
vt 0.21487662196159363 0.3524211347103119 
vt 0.2142772227525711 0.34966930747032166 
vt 0.19329804182052612 0.3521818518638611 
vt 0.21367782354354858 0.346678227186203 
vt 0.19305828213691711 0.34931039810180664 
vt 0.1929384022951126 0.34787464141845703 
vt 0.17219899594783783 0.34919074177742004 
vt 0.17231887578964233 0.3477550148963928 
vt 0.15181922912597656 0.3451228439807892 
vt 0.17255863547325134 0.3446442782878876 
vt 0.15241862833499908 0.34201210737228394 
vt 0.15385720133781433 0.33495309948921204 
vt 0.13287802040576935 0.33698704838752747 
vt 0.13503588736057281 0.33016735315322876 
vt 0.11705373227596283 0.32286906242370605 
vt 0.1371937394142151 0.32370656728744507 
vt 0.12005075812339783 0.31676721572875977 
vt 0.19353781640529633 0.3550533056259155 
vt 0.17195923626422882 0.35493364930152893 
vt 0.17207911610603333 0.3520621955394745 
vt 0.15109993517398834 0.34943002462387085 
vt 0.15157945454120636 0.3465585708618164 
vt 0.1314394474029541 0.34129422903060913 
vt 0.1317991018295288 0.3399781584739685 
vt 0.11261813342571259 0.3323209285736084 
vt 0.11393682658672333 0.32944947481155396 
vt 0.09631431847810745 0.3196386694908142 
vt 0.10015051066875458 0.3135368227958679 
vt 0.08456598222255707 0.30205100774765015 
vt 0.1037469431757927 0.30791357159614563 
vt 0.08888170123100281 0.29690632224082947 
vt 0.15050053596496582 0.3521818518638611 
vt 0.12964123487472534 0.3467978537082672 
vt 0.13060028851032257 0.34404605627059937 
vt 0.11081992089748383 0.33626919984817505 
vt 0.11213861405849457 0.3336370289325714 
vt 0.09391669929027557 0.32346728444099426 
vt 0.09451610594987869 0.32227084040641785 
vt 0.07785264402627945 0.31006714701652527 
vt 0.07989062368869781 0.30767425894737244 
vt 0.06514526158571243 0.29379555583000183 
vt 0.0704200267791748 0.28877052664756775 
vt 0.058192163705825806 0.27381500601768494 
vt 0.07533514499664307 0.2842240333557129 
vt 0.06370668858289719 0.2698667645454407 
vt 0.10962110757827759 0.3387817144393921 
vt 0.09079979360103607 0.32837268710136414 
vt 0.09235824644565582 0.3259797990322113 
vt 0.07509538531303406 0.3134171962738037 
vt 0.07701347768306732 0.3112635910511017 
vt 0.06190847232937813 0.29690632224082947 
vt 0.06286752223968506 0.29594916105270386 
vt 0.04968060925602913 0.2799168527126312 
vt 0.052317991852760315 0.278122216463089 
vt 0.04152870178222656 0.26089346408843994 
vt 0.04788239672780037 0.2574237883090973 
vt 0.0397304892539978 0.23995576798915863 
vt 0.05375656485557556 0.25419339537620544 
vt 0.04596430063247681 0.2374432384967804 
vt 0.0732971653342247 0.31569042801856995 
vt 0.05771263688802719 0.30073490738868713 
vt 0.05975061655044556 0.2988206148147583 
vt 0.046204060316085815 0.28254902362823486 
vt 0.04860168322920799 0.28075435757637024 
vt 0.03745274990797043 0.2631666958332062 
vt 0.03877143934369087 0.26244884729385376 
vt 0.030020127072930336 0.24378438293933868 
vt 0.03289727121591568 0.24258793890476227 
vt 0.026663459837436676 0.22332525253295898 
vt 0.03373643755912781 0.22153058648109436 
vt 0.03014000877737999 0.20250719785690308 
vt 0.04021001234650612 0.21985557675361633 
vt 0.03685334324836731 0.20166969299316406 
vt 0.04392632469534874 0.2841044068336487 
vt 0.032417748123407364 0.2659185230731964 
vt 0.03493524715304375 0.2644827961921692 
vt 0.025944173336029053 0.2453397512435913 
vt 0.028701435774564743 0.2442629486322403 
vt 0.02222786284983158 0.22440205514431 
vt 0.02366643399000168 0.2240431159734726 
vt 0.019830241799354553 0.2037036418914795 
vt 0.022947147488594055 0.2033447027206421 
vt 0.021628456190228462 0.1831248700618744 
vt 0.028821317479014397 0.1831248700618744 
vt 0.03014000877737999 0.1638621836900711 
vt 0.035534653812646866 0.1831248700618744 
vt 0.03685334324836731 0.16469968855381012 
vt 0.023306790739297867 0.24641653895378113 
vt 0.01671333611011505 0.22583778202533722 
vt 0.01947059854865074 0.2251199185848236 
vt 0.015514525584876537 0.2043018490076065 
vt 0.018391670659184456 0.2039429247379303 
vt 0.017072979360818863 0.1831248700618744 
vt 0.01851155050098896 0.1831248700618744 
vt 0.0197103600949049 0.1625460982322693 
vt 0.022947147488594055 0.1629050374031067 
vt 0.026663459837436676 0.1429244875907898 
vt 0.03373643755912781 0.14471913874149323 
vt 0.0397304892539978 0.12641361355781555 
vt 0.04021001234650612 0.14639416337013245 
vt 0.04596430063247681 0.1288064867258072 
vt 0.012637382373213768 0.2046607881784439 
vt 0.011318691074848175 0.1831248700618744 
vt 0.014195835217833519 0.1831248700618744 
vt 0.015514525584876537 0.16194787621498108 
vt 0.018391670659184456 0.16230681538581848 
vt 0.02222786284983158 0.14184768497943878 
vt 0.02366643399000168 0.14220662415027618 
vt 0.030020127072930336 0.1225850060582161 
vt 0.03289727121591568 0.12366180121898651 
vt 0.04152870178222656 0.10535626858472824 
vt 0.04788239672780037 0.10882594436407089 
vt 0.05831204354763031 0.09243471920490265 
vt 0.05375656485557556 0.11205632984638214 
vt 0.06370668858289719 0.09638296812772751 
vt 0.012637382373213768 0.16158895194530487 
vt 0.01671333611011505 0.14041195809841156 
vt 0.01947059854865074 0.14112982153892517 
vt 0.025944173336029053 0.12090998888015747 
vt 0.028701435774564743 0.12198678404092789 
vt 0.03757262974977493 0.10308302938938141 
vt 0.03877143934369087 0.10380089282989502 
vt 0.04980049282312393 0.08633287250995636 
vt 0.05243787541985512 0.08824717253446579 
vt 0.06526514142751694 0.07257381081581116 
vt 0.07053990662097931 0.07747921347618103 
vt 0.08468586206436157 0.06419873237609863 
vt 0.07545502483844757 0.0820256844162941 
vt 0.08900158107280731 0.06946306675672531 
vt 0.023306790739297867 0.11983319371938705 
vt 0.03253762796521187 0.10033121705055237 
vt 0.03505513072013855 0.10176695138216019 
vt 0.04632394388318062 0.08382035046815872 
vt 0.0487215630710125 0.08549536764621735 
vt 0.06202835217118263 0.06946306675672531 
vt 0.06298740208148956 0.07042022049427032 
vt 0.07797252386808395 0.056182585656642914 
vt 0.08001050353050232 0.05869510769844055 
vt 0.09643419831991196 0.046730708330869675 
vt 0.10027039051055908 0.052832551300525665 
vt 0.11729349195957184 0.04350031912326813 
vt 0.1038668230175972 0.05845582112669945 
vt 0.12017063796520233 0.049602165818214417 
vt 0.044046204537153244 0.0821453332901001 
vt 0.057832520455121994 0.06551481783390045 
vt 0.05987049639225006 0.06742911785840988 
vt 0.07533514499664307 0.052832551300525665 
vt 0.07713335752487183 0.0551057867705822 
vt 0.09403657913208008 0.04278245568275452 
vt 0.0947558656334877 0.044098541140556335 
vt 0.11285790055990219 0.03404844552278519 
vt 0.11417658627033234 0.03691989928483963 
vt 0.13299790024757385 0.02938232757151127 
vt 0.13527564704418182 0.03632168099284172 
vt 0.15397708117961884 0.03153591975569725 
vt 0.1373136192560196 0.042662810534238815 
vt 0.15529577434062958 0.03811633959412575 
vt 0.0734170526266098 0.05067896097898483 
vt 0.09091967344284058 0.037996694445610046 
vt 0.09247812628746033 0.04038957506418228 
vt 0.11105968058109283 0.03010019287467003 
vt 0.11225849390029907 0.03273236006498337 
vt 0.1316792219877243 0.025075143203139305 
vt 0.13203886151313782 0.026391228660941124 
vt 0.15205898880958557 0.02124653570353985 
vt 0.1526583880186081 0.024357279762625694 
vt 0.17267851531505585 0.021844755858182907 
vt 0.17327792942523956 0.029023395851254463 
vt 0.1925787627696991 0.029143039137125015 
vt 0.17375744879245758 0.03572345897555351 
vt 0.1923390030860901 0.035962749272584915 
vt 0.1098608747124672 0.027587667107582092 
vt 0.12988099455833435 0.019571520388126373 
vt 0.13072016835212708 0.022323332726955414 
vt 0.15121981501579285 0.016939351335167885 
vt 0.15181922912597656 0.019810808822512627 
vt 0.17243875563144684 0.017178639769554138 
vt 0.17243875563144684 0.01861436851322651 
vt 0.19317816197872162 0.01861436851322651 
vt 0.1929384022951126 0.021844755858182907 
vt 0.21295852959156036 0.024357279762625694 
vt 0.21187961101531982 0.03165556490421295 
vt 0.23094068467617035 0.03644132241606712 
vt 0.2110404372215271 0.03835562616586685 
vt 0.2293822318315506 0.04302174225449562 
vt 0.15074029564857483 0.014187539927661419 
vt 0.17207911610603333 0.011435727588832378 
vt 0.17231887578964233 0.014307184144854546 
vt 0.19353781640529633 0.014187539927661419 
vt 0.19329804182052612 0.017178639769554138 
vt 0.2137977033853531 0.019691163673996925 
vt 0.21355794370174408 0.021126892417669296 
vt 0.23345819115638733 0.02615194022655487 
vt 0.2326190173625946 0.029262684285640717 
vt 0.2514403462409973 0.03620203584432602 
vt 0.24976199865341187 0.04254316911101341 
vt 0.2478439062833786 0.04888429865241051 
vt 0.2564753293991089 0.026989448815584183 
vt 0.25587594509124756 0.0280662439763546 
vt 0.23657509684562683 0.018135791644454002 
vt 0.23609556257724762 0.01933223195374012 
vt 0.21511639654636383 0.01394825242459774 
vt 0.23501664400100708 0.02196439914405346 
vt 0.2143971025943756 0.016819708049297333 
vt 0.19365769624710083 0.011316084302961826 
vt 0.19377757608890533 0.009999999776482582 
vt 0.17207911610603333 0.010119643993675709 
vt 0.15050053596496582 0.01287145633250475 
vt 0.12940147519111633 0.018375080078840256 
vt 0.10926146805286407 0.026271583512425423 
vt 0.09020038694143295 0.03691989928483963 
vt 0.07257787883281708 0.049602165818214417 
vt 0.056873470544815063 0.06455766409635544 
vt 0.04296727478504181 0.08130782097578049 
vt 0.03133881837129593 0.09973300248384476 
vt 0.022107981145381927 0.11935461312532425 
vt 0.015394644811749458 0.14005303382873535 
vt 0.011318691074848175 0.16146931052207947 
vt 0.009999999776482582 0.1831248700618744 
vt 0.011318691074848175 0.2047804296016693 
vt 0.015394644811749458 0.22619670629501343 
vt 0.021988099440932274 0.24689511954784393 
vt 0.03133881837129593 0.2665167450904846 
vt 0.042847394943237305 0.2849419116973877 
vt 0.056633710861206055 0.30169206857681274 
vt 0.07245799899101257 0.31664755940437317 
vt 0.09008050709962845 0.32944947481155396 
vt 0.10902170836925507 0.3399781584739685 
vt 0.12928159534931183 0.34799429774284363 
vt 0.1502607762813568 0.3534979224205017 
vt 0.17183935642242432 0.35624974966049194 
vt 0.19365769624710083 0.35636937618255615 
vt 0.21523627638816833 0.3537372052669525 
vt 0.5109826922416687 0.21877877414226532 
vt 0.5087049603462219 0.22153058648109436 
vt 0.5276461839675903 0.2320592701435089 
vt 0.21535615622997284 0.012632167898118496 
vt 0.8959205746650696 0.05055931583046913 
vt 0.8989176154136658 0.05055931583046913 
vt 0.8941223621368408 0.07065951079130173 
vt 0.896639883518219 0.06994164735078812 
vt 0.8914849758148193 0.09052041172981262 
vt 0.8992772698402405 0.06922377645969391 
vt 0.8943621516227722 0.09016148000955582 
vt 0.895680844783783 0.08968290686607361 
vt 0.8869295120239258 0.11038131266832352 
vt 0.8881283402442932 0.11097953468561172 
vt 0.8785378336906433 0.1298832893371582 
vt 0.8888475894927979 0.11145811527967453 
vt 0.8791372776031494 0.13072079420089722 
vt 0.879856526851654 0.13143865764141083 
vt 0.8690672516822815 0.14854775369167328 
vt 0.8697865605354309 0.1491459757089615 
vt 0.8588773608207703 0.16649435460567474 
vt 0.8708654642105103 0.1501031219959259 
vt 0.8599562644958496 0.16733185946941376 
vt 0.8629533052444458 0.1697247326374054 
vt 0.8473687767982483 0.1836034506559372 
vt 0.8501260280609131 0.18623560667037964 
vt 0.835740327835083 0.20155003666877747 
vt 0.8527634143829346 0.18874813616275787 
vt 0.8382578492164612 0.2043018490076065 
vt 0.8392168879508972 0.20537865161895752 
vt 0.8220738768577576 0.2181805670261383 
vt 0.8229130506515503 0.21925735473632812 
vt 0.8052905797958374 0.2317003309726715 
vt 0.823752224445343 0.22033415734767914 
vt 0.806009829044342 0.23289677500724792 
vt 0.8078080415725708 0.23600751161575317 
vt 0.786828875541687 0.24306650459766388 
vt 0.7881475687026978 0.24605761468410492 
vt 0.7678877115249634 0.25503090023994446 
vt 0.766688883304596 0.2516808807849884 
vt 0.7663292288780212 0.2503648102283478 
vt 0.7862294912338257 0.24187007546424866 
vt 0.7856300473213196 0.24067363142967224 
vt 0.8044514060020447 0.2303842455148697 
vt 0.8025332689285278 0.22727350890636444 
vt 0.8197961449623108 0.21518945693969727 
vt 0.8176382780075073 0.21207872033119202 
vt 0.8332228064537048 0.19867858290672302 
vt 0.8322637677192688 0.1976017951965332 
vt 0.846289873123169 0.18264628946781158 
vt 0.8456904292106628 0.18204806745052338 
vt 0.8581580519676208 0.16601577401161194 
vt 0.8573189377784729 0.16541755199432373 
vt 0.8683479428291321 0.14794953167438507 
vt 0.867388904094696 0.14723166823387146 
vt 0.8776986598968506 0.1289261430501938 
vt 0.8756607174873352 0.12761005759239197 
vt 0.8844119906425476 0.1093045175075531 
vt 0.8814150094985962 0.10882594436407089 
vt 0.8887277245521545 0.08992218971252441 
vt 0.7658497095108032 0.24904870986938477 
vt 0.7645310163497925 0.2454593926668167 
vt 0.7840716242790222 0.237323597073555 
vt 0.7823932766914368 0.23397356271743774 
vt 0.8006151914596558 0.2240431159734726 
vt 0.7998958826065063 0.22284667193889618 
vt 0.8167991042137146 0.211001917719841 
vt 0.8161997199058533 0.2102840542793274 
vt 0.8316643834114075 0.1968839317560196 
vt 0.8310649394989014 0.19628570973873138 
vt 0.8449711799621582 0.18144984543323517 
vt 0.8440121412277222 0.18049269914627075 
vt 0.8563598394393921 0.16469968855381012 
vt 0.85444176197052 0.1631443202495575 
vt 0.865470826625824 0.14579594135284424 
vt 0.8633129596710205 0.14436021447181702 
vt 0.873143196105957 0.12689219415187836 
vt 0.7632123231887817 0.24198971688747406 
vt 0.7627328038215637 0.24067363142967224 
vt 0.7817938923835754 0.23265747725963593 
vt 0.7814342379570007 0.2318199723958969 
vt 0.7994163632392883 0.22200916707515717 
vt 0.7989368438720703 0.22129130363464355 
vt 0.8156003355979919 0.20944654941558838 
vt 0.8148810267448425 0.20836974680423737 
vt 0.8302258253097534 0.19532854855060577 
vt 0.828547477722168 0.19341425597667694 
vt 0.8420940041542053 0.17869803309440613 
vt 0.8400560617446899 0.1767837405204773 
vt 0.8526435494422913 0.16123001277446747 
vt 0.7624930143356323 0.23983612656593323 
vt 0.7621334195137024 0.2389986217021942 
vt 0.7809547185897827 0.2309824675321579 
vt 0.7803553342819214 0.22978602349758148 
vt 0.7982175946235657 0.22021450102329254 
vt 0.7968989014625549 0.2180609107017517 
vt 0.8132026791572571 0.20633579790592194 
vt 0.8115243911743164 0.2041822075843811 
vt 0.8268691301345825 0.19149994850158691 
vt 0.8402957916259766 0.20633579790592194 
vt 0.8426934480667114 0.20896796882152557 
vt 0.854921281337738 0.1906624436378479 
vt 0.8575586676597595 0.19269639253616333 
vt 0.871225118637085 0.17570693790912628 
vt 0.8538423776626587 0.1897052824497223 
vt 0.8670292496681213 0.17295512557029724 
vt 0.8658304810523987 0.17211762070655823 
vt 0.8772191405296326 0.15441030263900757 
vt 0.8739823698997498 0.15249601006507874 
vt 0.8839324712753296 0.13431011140346527 
vt 0.8809354901313782 0.13239581882953644 
vt 0.8905259370803833 0.11241526156663895 
vt 0.8895668983459473 0.11181704699993134 
vt 0.8974790573120117 0.0893239751458168 
vt 0.896639883518219 0.0894436165690422 
vt 0.9016748666763306 0.0683862715959549 
vt 0.9005959630012512 0.0686255618929863 
vt 0.9034730792045593 0.05091824755072594 
vt 0.9017947316169739 0.05067896097898483 
vt 0.9047917723655701 0.05103789269924164 
vt 0.9059906005859375 0.05127717927098274 
vt 0.9027538299560547 0.0683862715959549 
vt 0.904312252998352 0.0686255618929863 
vt 0.8986778259277344 0.0894436165690422 
vt 0.901435136795044 0.09075970202684402 
vt 0.8932831883430481 0.11361170560121536 
vt 0.8960404992103577 0.11504743248224258 
vt 0.8872891664505005 0.1356261968612671 
vt 0.8886078596115112 0.1359851360321045 
vt 0.87841796875 0.15512816607952118 
vt 0.8797366619110107 0.1557263880968094 
vt 0.8682280778884888 0.17379263043403625 
vt 0.9080285429954529 0.05175575613975525 
vt 0.9133033156394958 0.053550414741039276 
vt 0.908148467540741 0.07018093019723892 
vt 0.9115051031112671 0.07257381081581116 
vt 0.9040725231170654 0.09315258264541626 
vt 0.9050315618515015 0.09434901922941208 
vt 0.897119402885437 0.11552600562572479 
vt 0.8983182311058044 0.1162438690662384 
vt 0.889926552772522 0.1364637017250061 
vt 0.8929235935211182 0.13813872635364532 
vt 0.8827337026596069 0.1570424735546112 
vt 0.9184582233428955 0.05570400878787041 
vt 0.9200166463851929 0.05654151737689972 
vt 0.9125840663909912 0.07377025485038757 
vt 0.9135431051254272 0.0753256231546402 
vt 0.9059906005859375 0.0957847461104393 
vt 0.9087478518486023 0.09841691702604294 
vt 0.901435136795044 0.11815817654132843 
vt 0.9159407019615173 0.07831672579050064 
vt 0.9245721697807312 0.05941297113895416 
vt 0.921575129032135 0.05737902224063873 
vt 0.8256703019142151 0.22296631336212158 
vt 0.7955802083015442 0.21578767895698547 
vt 0.7780775427818298 0.2248806208372116 
vt 0.7792763710021973 0.22739315032958984 
vt 0.7608147263526917 0.23540928959846497 
vt 0.7616538405418396 0.2378021776676178 
vt 0.7421132922172546 0.24342544376850128 
vt 0.7424728870391846 0.2447415292263031 
vt 0.742712676525116 0.24569867551326752 
vt 0.7223328948020935 0.24868978559970856 
vt 0.7224527597427368 0.24964693188667297 
vt 0.701953113079071 0.2514415979385376 
vt 0.7226925492286682 0.250484436750412 
vt 0.7020730376243591 0.2523987293243408 
vt 0.7020730376243591 0.25383448600769043 
vt 0.681333601474762 0.2525183856487274 
vt 0.681333601474762 0.25395411252975464 
vt 0.6605941653251648 0.2520398199558258 
vt 0.6812137365341187 0.2576630711555481 
vt 0.6602345705032349 0.25574877858161926 
vt 0.6597549915313721 0.2594577372074127 
vt 0.6393752694129944 0.2522791028022766 
vt 0.638655960559845 0.25586840510368347 
vt 0.6179165244102478 0.250484436750412 
vt 0.6382963061332703 0.2573041617870331 
vt 0.6175569295883179 0.251800537109375 
vt 0.6170774102210999 0.2531166076660156 
vt 0.5970572829246521 0.2448611706495285 
vt 0.5965777039527893 0.24617725610733032 
vt 0.576797366142273 0.237323597073555 
vt 0.5953789353370667 0.24952729046344757 
vt 0.5753588080406189 0.24043434858322144 
vt 0.7429524064064026 0.24653619527816772 
vt 0.7433120608329773 0.24785226583480835 
vt 0.7229322791099548 0.2519201636314392 
vt 0.7235317230224609 0.25562912225723267 
vt 0.7024326324462891 0.2575434446334839 
vt 0.7026724219322205 0.26125240325927734 
vt 0.6810938119888306 0.26137202978134155 
vt 0.6810938119888306 0.26268813014030457 
vt 0.6596351265907288 0.26077383756637573 
vt 0.6595152616500854 0.26220956444740295 
vt 0.6380565762519836 0.2587398886680603 
vt 0.6373372673988342 0.26208990812301636 
vt 0.6162382364273071 0.25634700059890747 
vt 0.7442710995674133 0.2515612244606018 
vt 0.7452301979064941 0.25503090023994446 
vt 0.724011242389679 0.2592184543609619 
vt 0.7242509722709656 0.26065418124198914 
vt 0.7027922868728638 0.26256847381591797 
vt 0.7027922868728638 0.263884574174881 
vt 0.6810938119888306 0.2641238570213318 
vt 0.6809739470481873 0.26771318912506104 
vt 0.6590357422828674 0.265559583902359 
vt 0.7454699277877808 0.25634700059890747 
vt 0.7458295822143555 0.2577827274799347 
vt 0.724490761756897 0.26208990812301636 
vt 0.724970281124115 0.265559583902359 
vt 0.7030320763587952 0.26723459362983704 
vt 0.7465488910675049 0.26089346408843994 
vt 0.9454314708709717 0.09638296812772751 
vt 0.9485483765602112 0.09793833643198013 
vt 0.9365602731704712 0.1160045862197876 
vt 0.939797043800354 0.11779924482107162 
vt 0.9305661916732788 0.1373012214899063 
vt 0.9472296833992004 0.12138856202363968 
vt 0.9379988312721252 0.14124946296215057 
vt 0.9202564358711243 0.1560853272676468 
vt 0.9171395301818848 0.15417101979255676 
vt 0.9055110812187195 0.17199797928333282 
vt 0.5559380650520325 0.2302646040916443 
vt 0.5577362775802612 0.22715385258197784 
vt 0.5584555864334106 0.22595742344856262 
vt 0.5397541522979736 0.21518945693969727 
vt 0.5405933260917664 0.21411266922950745 
vt 0.5236901044845581 0.20095182955265045 
vt 0.5414324998855591 0.21291622519493103 
vt 0.5246491432189941 0.19987502694129944 
vt 0.5271666049957275 0.197003573179245 
vt 0.5093043446540833 0.18515881896018982 
vt 0.5119417309761047 0.18264628946781158 
vt 0.4981554448604584 0.16697293519973755 
vt 0.5145791172981262 0.17989447712898254 
vt 0.5010325908660889 0.16446040570735931 
vt 0.5021114945411682 0.1635032594203949 
vt 0.4890444874763489 0.14794953167438507 
vt 0.4901233911514282 0.14699238538742065 
vt 0.47909435629844666 0.1298832893371582 
vt 0.49084270000457764 0.14639416337013245 
vt 0.47969377040863037 0.1290457844734192 
vt 0.4802931547164917 0.12820826470851898 
vt 0.4690243601799011 0.11026167124509811 
vt 0.46974363923072815 0.1096634492278099 
vt 0.4613519608974457 0.0887257531285286 
vt 0.4708225727081299 0.1090652346611023 
vt 0.4626706540584564 0.0890846848487854 
vt 0.4655478000640869 0.0894436165690422 
vt 0.45715612173080444 0.0683862715959549 
vt 0.4597935080528259 0.0691041350364685 
vt 0.45691636204719543 0.04984145238995552 
vt 0.4623109996318817 0.06970235705375671 
vt 0.4599134027957916 0.04972180724143982 
vt 0.5773967504501343 0.23612715303897858 
vt 0.5779961943626404 0.23481108248233795 
vt 0.5976566672325134 0.24354508519172668 
vt 0.5989753603935242 0.24007540941238403 
vt 0.6189954876899719 0.24701476097106934 
vt 0.619954526424408 0.24342544376850128 
vt 0.640094518661499 0.24857012927532196 
vt 0.6404541730880737 0.24725405871868134 
vt 0.6608339548110962 0.2506040930747986 
vt 0.6608339548110962 0.24976657330989838 
vt 0.681333601474762 0.2515612244606018 
vt 0.6814534664154053 0.2506040930747986 
vt 0.701953113079071 0.250484436750412 
vt 0.7018332481384277 0.24928799271583557 
vt 0.7222130298614502 0.24749334156513214 
vt 0.7218533754348755 0.2449808120727539 
vt 0.7415138483047485 0.24091291427612305 
vt 0.7407945990562439 0.2382807582616806 
vt 0.7599755525588989 0.23301641643047333 
vt 0.5591748356819153 0.2247609794139862 
vt 0.5610929727554321 0.22153058648109436 
vt 0.5435903072357178 0.20992513000965118 
vt 0.5457481741905212 0.20693401992321014 
vt 0.5295642614364624 0.19413211941719055 
vt 0.5305233001708984 0.19305531680583954 
vt 0.5156580805778503 0.17893733084201813 
vt 0.5162574648857117 0.17833910882472992 
vt 0.5028308033943176 0.1630246788263321 
vt 0.5035500526428223 0.16242645680904388 
vt 0.49144208431243896 0.14567629992961884 
vt 0.4924011528491974 0.14495843648910522 
vt 0.4810124635696411 0.12725111842155457 
vt 0.4829305410385132 0.12581539154052734 
vt 0.47345995903015137 0.10786879062652588 
vt 0.4763370752334595 0.10727056860923767 
vt 0.4683050513267517 0.0887257531285286 
vt 0.48544803261756897 0.12485823780298233 
vt 0.4963572025299072 0.14172804355621338 
vt 0.49419936537742615 0.1434030532836914 
vt 0.5063073635101318 0.15991392731666565 
vt 0.5045091509819031 0.16158895194530487 
vt 0.5179358124732971 0.1766640990972519 
vt 0.5169767737388611 0.1776212453842163 
vt 0.5317221283912659 0.19161958992481232 
vt 0.5311226844787598 0.19233745336532593 
vt 0.5471867322921753 0.2050197273492813 
vt 0.546587347984314 0.20573759078979492 
vt 0.5638502240180969 0.2171037644147873 
vt 0.5630110502243042 0.2183002084493637 
vt 0.5813528299331665 0.22823065519332886 
vt 0.579674482345581 0.2315806895494461 
vt 0.5079856514930725 0.15787997841835022 
vt 0.5214123725891113 0.17271584272384644 
vt 0.5197340250015259 0.17474979162216187 
vt 0.534119725227356 0.18862849473953247 
vt 0.5325613021850586 0.1906624436378479 
vt 0.548505425453186 0.20310541987419128 
vt 0.5477861762046814 0.2041822075843811 
vt 0.564809262752533 0.21554839611053467 
vt 0.5643297433853149 0.21638590097427368 
vt 0.5824317932128906 0.22607706487178802 
vt 0.5819522738456726 0.22691456973552704 
vt 0.6008934378623962 0.23528964817523956 
vt 0.6002940535545349 0.23660573363304138 
vt 0.5356782078742981 0.18659454584121704 
vt 0.5515024662017822 0.19879823923110962 
vt 0.5500639081001282 0.20107147097587585 
vt 0.566727340221405 0.21219836175441742 
vt 0.5654086470603943 0.21447159349918365 
vt 0.5833908319473267 0.2240431159734726 
vt 0.5827914476394653 0.225239560008049 
vt 0.6016127467155457 0.23349499702453613 
vt 0.601253092288971 0.23445214331150055 
vt 0.6206738352775574 0.24115221202373505 
vt 0.620434045791626 0.24198971688747406 
vt 0.5680460333824158 0.20992513000965118 
vt 0.5857884287834167 0.21925735473632812 
vt 0.5845896601676941 0.22176988422870636 
vt 0.6029314398765564 0.23002532124519348 
vt 0.6019724011421204 0.23229855298995972 
vt 0.621393084526062 0.2389986217021942 
vt 0.620913565158844 0.24019505083560944 
vt 0.6408138275146484 0.2453397512435913 
vt 0.640574038028717 0.24629689753055573 
vt 0.6040103435516357 0.22751279175281525 
vt 0.6229515671730042 0.23385392129421234 
vt 0.6221123933792114 0.23648609220981598 
vt 0.6416530013084412 0.24163077771663666 
vt 0.6410535573959351 0.2441433072090149 
vt 0.6611936092376709 0.24749334156513214 
vt 0.6609538197517395 0.24880942702293396 
vt 0.6422523856163025 0.2389986217021942 
vt 0.6619128584861755 0.24222899973392487 
vt 0.6615532636642456 0.2449808120727539 
vt 0.6815733909606934 0.24677547812461853 
vt 0.6814534664154053 0.24928799271583557 
vt 0.6816932559013367 0.2441433072090149 
vt 0.7015935182571411 0.2439040243625641 
vt 0.7017133831977844 0.24665583670139313 
vt 0.5378360152244568 0.2179412692785263 
vt 0.5203334093093872 0.2046607881784439 
vt 0.5227310657501221 0.20202861726284027 
vt 0.5072664022445679 0.18707312643527985 
vt 0.5083453059196472 0.18611596524715424 
vt 0.49419936537742615 0.1703229546546936 
vt 0.4952782988548279 0.1694854497909546 
vt 0.4828106760978699 0.15249601006507874 
vt 0.4860474467277527 0.1504620611667633 
vt 0.4750184118747711 0.13287438452243805 
vt 0.4780154228210449 0.13084043562412262 
vt 0.46746590733528137 0.11121882498264313 
vt 0.4684249460697174 0.11062060296535492 
vt 0.4595537483692169 0.08836682140827179 
vt 0.46039292216300964 0.08848646283149719 
vt 0.45463863015174866 0.06766840815544128 
vt 0.4557175636291504 0.06790769845247269 
vt 0.4524807631969452 0.050200384110212326 
vt 0.45403921604156494 0.050080738961696625 
vt 0.5047488808631897 0.18934635818004608 
vt 0.4900035262107849 0.17319442331790924 
vt 0.4930005371570587 0.1711604744195938 
vt 0.4804130494594574 0.15381208062171936 
vt 0.48161184787750244 0.15321387350559235 
vt 0.4704629182815552 0.13466905057430267 
vt 0.4717816114425659 0.13431011140346527 
vt 0.4620712399482727 0.11409027874469757 
vt 0.4648285210132599 0.11265455186367035 
vt 0.4557175636291504 0.09016148000955582 
vt 0.4583549499511719 0.08860611170530319 
vt 0.45212113857269287 0.06802733987569809 
vt 0.4536795914173126 0.06766840815544128 
vt 0.4498433768749237 0.05067896097898483 
vt 0.45116207003593445 0.05043967068195343 
vt 0.4775359034538269 0.15536746382713318 
vt 0.46614721417427063 0.1370619237422943 
vt 0.46914422512054443 0.13514763116836548 
vt 0.4597935080528259 0.11552600562572479 
vt 0.46099233627319336 0.11468850076198578 
vt 0.4523608982563019 0.09387044608592987 
vt 0.4532000422477722 0.09255436062812805 
vt 0.44504815340042114 0.07221487909555435 
vt 0.44828492403030396 0.06970235705375671 
vt 0.44265052676200867 0.05319148302078247 
vt 0.44792529940605164 0.05127717927098274 
vt 0.4567964971065521 0.11744031310081482 
vt 0.44864457845687866 0.09805798530578613 
vt 0.45140182971954346 0.09530617296695709 
vt 0.4431300461292267 0.0750863328576088 
vt 0.4439692199230194 0.07353096455335617 
vt 0.43605706095695496 0.05642187222838402 
vt 0.4376155138015747 0.055584363639354706 
vt 0.4408523142337799 0.07807743549346924 
vt 0.4316214621067047 0.059532616287469864 
vt 0.4344986081123352 0.05737902224063873 
vt 0.7214937210083008 0.24234864115715027 
vt 0.927329421043396 0.1355065554380417 
vt 0.43569743633270264 0.14112982153892517 
vt 0.4430101811885834 0.1370619237422943 
vt 0.42634671926498413 0.12126892060041428 
vt 0.4337793290615082 0.11767960339784622 
vt 0.4250280261039734 0.09781869500875473 
vt 0.4370161294937134 0.1158849373459816 
vt 0.4281449317932129 0.0962633267045021 
vt 0.4165164828300476 0.12557610869407654 
vt 0.40872421860694885 0.10439911484718323 
vt 0.39697587490081787 0.10655270516872406 
vt 0.41783517599105835 0.10116872936487198 
vt 0.25239938497543335 0.03356986865401268 
vt 0.25299879908561707 0.03237342834472656 
vt 0.23393771052360535 0.0247162114828825 
vt 0.2543174922466278 0.03021983616054058 
vt 0.1928185224533081 0.3446442782878876 
vt 0.21283864974975586 0.34213173389434814 
vt 0.1924588829278946 0.33722633123397827 
vt 0.21175971627235413 0.33471381664276123 
vt 0.2109205573797226 0.32801374793052673 
vt 0.23070092499256134 0.32992807030677795 
vt 0.2292623519897461 0.32346728444099426 
vt 0.2477240264415741 0.31748509407043457 
vt 0.24952223896980286 0.3239458501338959 
vt 0.2513204514980316 0.33016735315322876 
vt 0.2323792576789856 0.33710670471191406 
vt 0.23321841657161713 0.3402174413204193 
vt 0.21331816911697388 0.3452425003051758 
vt 0.9556213021278381 0.10128837078809738 
vt 0.9648521542549133 0.10451876372098923 
vt 0.957059919834137 0.12557610869407654 
vt 0.9766005277633667 0.10655270516872406 
vt 0.25215962529182434 0.3329191505908966 
vt 0.25275903940200806 0.3339959383010864 
vt 0.23369795083999634 0.34165316820144653 
vt 0.30454760789871216 0.1976017951965332 
vt 0.2968752384185791 0.20573759078979492 
vt 0.3005915582180023 0.197003573179245 
vt 0.2912408113479614 0.2050197273492813 
vt 0.15517589449882507 0.32825303077697754 
vt 0.17363756895065308 0.33064591884613037 
vt 0.17303815484046936 0.33734598755836487 
vt 0.19221912324428558 0.33040663599967957 
vt 0.9749221801757812 0.15823891758918762 
vt 0.9625744223594666 0.18073198199272156 
vt 0.9484284520149231 0.20214825868606567 
vt 0.932604193687439 0.22224844992160797 
vt 0.9154611825942993 0.24103257060050964 
vt 0.8967597484588623 0.2582612931728363 
vt 0.8768594861030579 0.27417394518852234 
vt 0.8557604551315308 0.28829193115234375 
vt 0.8337023258209229 0.30085456371307373 
vt 0.8105652928352356 0.3113832473754883 
vt 0.786828875541687 0.320356547832489 
vt 0.762373149394989 0.3271762430667877 
vt 0.737437903881073 0.3322013020515442 
vt 0.7122628688812256 0.33507275581359863 
vt 0.6868481040000916 0.33614954352378845 
vt 0.4681851863861084 0.17175868153572083 
vt 0.4564368426799774 0.15405137836933136 
vt 0.4534398317337036 0.1559656858444214 
vt 0.4462469518184662 0.13526727259159088 
vt 0.2541975975036621 0.33614954352378845 
vt 0.2576741576194763 0.21530909836292267 
vt 0.2653465270996094 0.2528773248195648 
vt 0.2627091407775879 0.2532362639904022 
vt 0.2667851150035858 0.2671149671077728 
vt 0.26414772868156433 0.26771318912506104 
vt 0.2728990316390991 0.3006152808666229 
vt 0.27062129974365234 0.30205100774765015 
vt 0.27637559175491333 0.3068367540836334 
vt 0.27445748448371887 0.30875107645988464 
vt 0.2821298837661743 0.31557077169418335 
vt 0.28021177649497986 0.31748509407043457 
vt 0.2875245213508606 0.3208351135253906 
vt 0.28608593344688416 0.32322800159454346 
vt 0.2944776117801666 0.3262190818786621 
vt 0.2932788133621216 0.32861196994781494 
vt 0.3055066764354706 0.3310048580169678 
vt 0.30478736758232117 0.3336370289325714 
vt 0.31641584634780884 0.33602988719940186 
vt 0.3156965374946594 0.3386620581150055 
vt 0.3270852565765381 0.33770492672920227 
vt 0.3267256021499634 0.3404567241668701 
vt 0.33523714542388916 0.3379442095756531 
vt 0.33535704016685486 0.3406960070133209 
vt 0.3457866907119751 0.3374656140804291 
vt 0.3463860750198364 0.3402174413204193 
vt 0.35585668683052063 0.3348334729671478 
vt 0.35669586062431335 0.33734598755836487 
vt 0.3636489510536194 0.3320816457271576 
vt 0.3647278845310211 0.33459416031837463 
vt 0.3732394278049469 0.3278941214084625 
vt 0.37455812096595764 0.33028697967529297 
vt 0.3831895589828491 0.3205958306789398 
vt 0.3846281170845032 0.32298871874809265 
vt 0.3925402760505676 0.3131778836250305 
vt 0.3945782482624054 0.31497254967689514 
vt 0.3968559801578522 0.305281400680542 
vt 0.39901384711265564 0.30695641040802 
vt 0.3999728858470917 0.2984616756439209 
vt 0.40249040722846985 0.2995384931564331 
vt 0.40225061774253845 0.28841158747673035 
vt 0.40488800406455994 0.28948837518692017 
vt 0.4034494459629059 0.28135257959365845 
vt 0.40608683228492737 0.28183117508888245 
vt 0.39985302090644836 0.24761298298835754 
vt 0.40249040722846985 0.24749334156513214 
vt 0.3979349136352539 0.23337534070014954 
vt 0.4006921648979187 0.23313605785369873 
vt 0.39313969016075134 0.19532854855060577 
vt 0.39577704668045044 0.19484998285770416 
vt 0.3908619284629822 0.182765930891037 
vt 0.39337944984436035 0.18180878460407257 
vt 0.38702574372291565 0.16709257662296295 
vt 0.38966313004493713 0.16613541543483734 
vt 0.3799527585506439 0.15321387350559235 
vt 0.3822304904460907 0.15177814662456512 
vt 0.3725201487541199 0.14436021447181702 
vt 0.37431836128234863 0.14220662415027618 
vt 0.35717537999153137 0.1359851360321045 
vt 0.3583741784095764 0.13347260653972626 
vt 0.34458786249160767 0.13155829906463623 
vt 0.3455469310283661 0.1289261430501938 
vt 0.32864370942115784 0.1291654258966446 
vt 0.32912322878837585 0.12653325498104095 
vt 0.3154567778110504 0.12928506731987 
vt 0.3149772584438324 0.12653325498104095 
vt 0.3031090497970581 0.13359224796295166 
vt 0.30179035663604736 0.13107973337173462 
vt 0.2882438004016876 0.14005303382873535 
vt 0.28668534755706787 0.13777978718280792 
vt 0.27733463048934937 0.14782989025115967 
vt 0.2755364179611206 0.14579594135284424 
vt 0.2653465270996094 0.16027286648750305 
vt 0.2629489004611969 0.15895678102970123 
vt 0.26091092824935913 0.17104081809520721 
vt 0.25827354192733765 0.1703229546546936 
vt 0.25827354192733765 0.18647490441799164 
vt 0.25551629066467285 0.18623560667037964 
vt 0.25911271572113037 0.20238755643367767 
vt 0.2563554644584656 0.20214825868606567 
vt 0.2604314088821411 0.21495017409324646 
vt 0.3158164322376251 0.13072079420089722 
vt 0.3299624025821686 0.13107973337173462 
vt 0.3451872766017914 0.13323332369327545 
vt 0.3581344187259674 0.13873694837093353 
vt 0.3732394278049469 0.14687272906303406 
vt 0.38031241297721863 0.1562049686908722 
vt 0.38702574372291565 0.169844388961792 
vt 0.38978299498558044 0.1837230920791626 
vt 0.3921806216239929 0.1968839317560196 
vt 0.39673611521720886 0.23313605785369873 
vt 0.39865419268608093 0.24665583670139313 
vt 0.40237051248550415 0.278959721326828 
vt 0.4010518193244934 0.2870955169200897 
vt 0.39949336647987366 0.29559022188186646 
vt 0.39577704668045044 0.30348673462867737 
vt 0.39266014099121094 0.3103064298629761 
vt 0.3824702799320221 0.3183225989341736 
vt 0.3739587068557739 0.3250226378440857 
vt 0.3643682301044464 0.32921019196510315 
vt 0.35657596588134766 0.331961989402771 
vt 0.3453071713447571 0.3348334729671478 
vt 0.3333190679550171 0.33531203866004944 
vt 0.3450673818588257 0.3338763117790222 
vt 0.3337985873222351 0.33459416031837463 
vt 0.3393131196498871 0.29642772674560547 
vt 0.3308015465736389 0.29690632224082947 
vt 0.3303220272064209 0.2936759293079376 
vt 0.3248074948787689 0.2931973338127136 
vt 0.3244478702545166 0.2905651926994324 
vt 0.31917309761047363 0.2923598289489746 
vt 0.3189333379268646 0.28889015316963196 
vt 0.3125796318054199 0.28996697068214417 
vt 0.31365856528282166 0.28721514344215393 
vt 0.3085036873817444 0.28841158747673035 
vt 0.30802416801452637 0.2803954482078552 
vt 0.30730488896369934 0.28027579188346863 
vt 0.3067054748535156 0.2729775011539459 
vt 0.3058663010597229 0.27608826756477356 
vt 0.3057464361190796 0.26950782537460327 
vt 0.30478736758232117 0.26926854252815247 
vt 0.3052669167518616 0.2646024227142334 
vt 0.35657596588134766 0.3310048580169678 
vt 0.3640086054801941 0.32825303077697754 
vt 0.3734791874885559 0.3241851329803467 
vt 0.3827100396156311 0.317365437746048 
vt 0.3919408619403839 0.30958858132362366 
vt 0.3951776623725891 0.30264922976493835 
vt 0.39865419268608093 0.29535093903541565 
vt 0.4002126455307007 0.2864972949028015 
vt 0.4014114737510681 0.2788400650024414 
vt 0.3976951539516449 0.24665583670139313 
vt 0.39577704668045044 0.23313605785369873 
vt 0.3912215828895569 0.197003573179245 
vt 0.3889438509941101 0.1844409555196762 
vt 0.3860667049884796 0.1700836718082428 
vt 0.3794732391834259 0.156683549284935 
vt 0.3726400136947632 0.14759060740470886 
vt 0.3576548993587494 0.13957445323467255 
vt 0.3448276221752167 0.13419046998023987 
vt 0.3299624025821686 0.13203687965869904 
vt 0.3158164322376251 0.13167795538902283 
vt 0.3023897707462311 0.1364637017250061 
vt 0.30215001106262207 0.1355065554380417 
vt 0.28884321451187134 0.1425655484199524 
vt 0.2881239056587219 0.14196732640266418 
vt 0.2779340445995331 0.15141920745372772 
vt 0.27733463048934937 0.1507013440132141 
vt 0.2661857008934021 0.1635032594203949 
vt 0.2653465270996094 0.1630246788263321 
vt 0.2624693810939789 0.17415156960487366 
vt 0.26151034235954285 0.17403192818164825 
vt 0.2600717544555664 0.18886777758598328 
vt 0.25911271572113037 0.18898741900920868 
vt 0.26139044761657715 0.2033447027206421 
vt 0.2603115141391754 0.20298577845096588 
vt 0.2625892758369446 0.21602696180343628 
vt 0.26163020730018616 0.21626625955104828 
vt 0.26738449931144714 0.2520398199558258 
vt 0.2664254605770111 0.2522791028022766 
vt 0.2687031924724579 0.265559583902359 
vt 0.26774415373802185 0.2657988667488098 
vt 0.27373820543289185 0.2975045442581177 
vt 0.2728990316390991 0.2979831099510193 
vt 0.2776942849159241 0.3042045831680298 
vt 0.27697497606277466 0.3050421178340912 
vt 0.2820099890232086 0.3119814693927765 
vt 0.2814105749130249 0.3126993179321289 
vt 0.2878841459751129 0.3177243769168854 
vt 0.2877642810344696 0.3186815083026886 
vt 0.2938781976699829 0.32286906242370605 
vt 0.2932788133621216 0.32358691096305847 
vt 0.3053867816925049 0.32765480875968933 
vt 0.3053867816925049 0.32861196994781494 
vt 0.3149772584438324 0.332440584897995 
vt 0.3149772584438324 0.3333977460861206 
vt 0.32552680373191833 0.334115594625473 
vt 0.32552680373191833 0.33507275581359863 
vt 0.34758490324020386 0.29487237334251404 
vt 0.34710538387298584 0.2916419804096222 
vt 0.3523801267147064 0.28972765803337097 
vt 0.3520205020904541 0.28721514344215393 
vt 0.3570554852485657 0.2843436896800995 
vt 0.35621634125709534 0.28111329674720764 
vt 0.3634091913700104 0.2837454676628113 
vt 0.3616109788417816 0.28147223591804504 
vt 0.3678447902202606 0.2833865284919739 
vt 0.3670056164264679 0.28123295307159424 
vt 0.36844420433044434 0.28314724564552307 
vt 0.3676050305366516 0.28111329674720764 
vt 0.3677248954772949 0.2780025601387024 
vt 0.3674851357936859 0.27608826756477356 
vt 0.36868396401405334 0.277643620967865 
vt 0.36832430958747864 0.27572932839393616 
vt 0.3388335704803467 0.2933169901371002 
vt 0.3299624025821686 0.2917616069316864 
vt 0.3238484561443329 0.28889015316963196 
vt 0.3186935782432556 0.2855401337146759 
vt 0.3117404878139496 0.279318630695343 
vt 0.30742475390434265 0.2730971574783325 
vt 0.30694523453712463 0.26783281564712524 
vt 0.3061060607433319 0.2649613618850708 
vt 0.3064657151699066 0.2589791715145111 
vt 0.30730488896369934 0.2594577372074127 
vt 0.30802416801452637 0.26137202978134155 
vt 0.30766451358795166 0.26783281564712524 
vt 0.3122200071811676 0.27357572317123413 
vt 0.3148573935031891 0.2790793478488922 
vt 0.31929299235343933 0.2851811945438385 
vt 0.3242081105709076 0.28841158747673035 
vt 0.32516714930534363 0.28685620427131653 
vt 0.3297226130962372 0.28948837518692017 
vt 0.3300822675228119 0.28781336545944214 
vt 0.33835405111312866 0.28912946581840515 
vt 0.33811429142951965 0.2873347997665405 
vt 0.3460264503955841 0.2860186994075775 
vt 0.32960274815559387 0.2900865972042084 
vt 0.33835405111312866 0.28972765803337097 
vt 0.34662583470344543 0.28757408261299133 
vt 0.34698548913002014 0.28817230463027954 
vt 0.3516608476638794 0.2848222553730011 
vt 0.3521403670310974 0.2853008508682251 
vt 0.3556169271469116 0.28075435757637024 
vt 0.3574151396751404 0.27381500601768494 
vt 0.3580145537853241 0.27381500601768494 
vt 0.35657596588134766 0.26855069398880005 
vt 0.35717537999153137 0.26831138134002686 
vt 0.35393857955932617 0.2637649178504944 
vt 0.3544180989265442 0.263405978679657 
vt 0.35094156861305237 0.26089346408843994 
vt 0.3513011932373047 0.26041489839553833 
vt 0.34782466292381287 0.2593381106853485 
vt 0.3480644226074219 0.2587398886680603 
vt 0.34374871850013733 0.2583809494972229 
vt 0.34386858344078064 0.2577827274799347 
vt 0.3391932249069214 0.2581416666507721 
vt 0.3390733301639557 0.2574237883090973 
vt 0.33475762605667114 0.2585005760192871 
vt 0.33463776111602783 0.2579023540019989 
vt 0.3304419219493866 0.2592184543609619 
vt 0.3303220272064209 0.2586202323436737 
vt 0.32600632309913635 0.26077383756637573 
vt 0.32576656341552734 0.2601756155490875 
vt 0.3221701383590698 0.26268813014030457 
vt 0.3219303488731384 0.26208990812301636 
vt 0.31953275203704834 0.2649613618850708 
vt 0.3190532326698303 0.2644827961921692 
vt 0.31713512539863586 0.26843103766441345 
vt 0.31665560603141785 0.26807209849357605 
vt 0.3153369128704071 0.27357572317123413 
vt 0.3147374987602234 0.2734560966491699 
vt 0.3154567778110504 0.278959721326828 
vt 0.3309214413166046 0.26101312041282654 
vt 0.3268454968929291 0.26244884729385376 
vt 0.32336893677711487 0.2641238570213318 
vt 0.3209713101387024 0.2661578059196472 
vt 0.3188134431838989 0.26926854252815247 
vt 0.31713512539863586 0.27381500601768494 
vt 0.31713512539863586 0.2786007821559906 
vt 0.3207315504550934 0.2839847505092621 
vt 0.33499738574028015 0.26041489839553833 
vt 0.3389534652233124 0.25993630290031433 
vt 0.3432691693305969 0.2601756155490875 
vt 0.34698548913002014 0.26101312041282654 
vt 0.34974274039268494 0.26232919096946716 
vt 0.3523801267147064 0.2648417055606842 
vt 0.3547777533531189 0.26902925968170166 
vt 0.3554970324039459 0.2736953794956207 
vt 0.35393857955932617 0.2800365090370178 
vt 0.35058191418647766 0.28362584114074707 
vt 0.32504725456237793 0.2976241707801819 
vt 0.31941285729408264 0.2978634536266327 
vt 0.3118603527545929 0.292718768119812 
vt 0.3082639276981354 0.2908044755458832 
vt 0.30778440833091736 0.28829193115234375 
vt 0.3064657151699066 0.2833865284919739 
vt 0.30490726232528687 0.27596861124038696 
vt 0.31066155433654785 0.2972652316093445 
vt 0.3081440329551697 0.2933169901371002 
vt 0.30754464864730835 0.2905651926994324 
vt 0.3067054748535156 0.2853008508682251 
vt 0.3055066764354706 0.28326690196990967 
vt 0.3053867816925049 0.2972652316093445 
vt 0.30107107758522034 0.2979831099510193 
vt 0.2960360646247864 0.29642772674560547 
vt 0.29184022545814514 0.2939152121543884 
vt 0.28848356008529663 0.2900865972042084 
vt 0.28668534755706787 0.25993630290031433 
vt 0.2906414270401001 0.24689511954784393 
vt 0.28344854712486267 0.21626625955104828 
vt 0.2719399929046631 0.2051393687725067 
vt 0.26726463437080383 0.1907820850610733 
vt 0.27026164531707764 0.1773819625377655 
vt 0.27445748448371887 0.16745150089263916 
vt 0.2839280962944031 0.1565638929605484 
vt 0.29267939925193787 0.14854775369167328 
vt 0.30454760789871216 0.1431637704372406 
vt 0.31701523065567017 0.13969409465789795 
vt 0.3299624025821686 0.13933517038822174 
vt 0.3184538185596466 0.1495048999786377 
vt 0.3297226130962372 0.14878703653812408 
vt 0.3185736835002899 0.1501031219959259 
vt 0.3298425078392029 0.1493852585554123 
vt 0.32912322878837585 0.15129956603050232 
vt 0.3393131196498871 0.15201742947101593 
vt 0.30754464864730835 0.15213707089424133 
vt 0.2971149981021881 0.1563246101140976 
vt 0.28956249356269836 0.1625460982322693 
vt 0.2811708152294159 0.1708015352487564 
vt 0.27745452523231506 0.17821946740150452 
vt 0.2746972441673279 0.18850885331630707 
vt 0.2784135639667511 0.19915716350078583 
vt 0.2882438004016876 0.20729295909404755 
vt 0.2912408113479614 0.2179412692785263 
vt 0.29495713114738464 0.20836974680423737 
vt 0.3002319037914276 0.21961629390716553 
vt 0.3027493953704834 0.20932690799236298 
vt 0.3124597668647766 0.21638590097427368 
vt 0.31317904591560364 0.20681437849998474 
vt 0.3280442953109741 0.21375373005867004 
vt 0.3267256021499634 0.2045411467552185 
vt 0.3401522636413574 0.20250719785690308 
vt 0.34039202332496643 0.20190897583961487 
vt 0.3510614335536957 0.20119111239910126 
vt 0.33871370553970337 0.20047324895858765 
vt 0.3485439419746399 0.19975538551807404 
vt 0.3267256021499634 0.2039429247379303 
vt 0.3130591809749603 0.20609651505947113 
vt 0.3027493953704834 0.20860904455184937 
vt 0.29531678557395935 0.20777152478694916 
vt 0.28848356008529663 0.20669473707675934 
vt 0.2788930833339691 0.19867858290672302 
vt 0.2752966582775116 0.18814991414546967 
vt 0.2780539095401764 0.17845875024795532 
vt 0.2816503345966339 0.1711604744195938 
vt 0.28992214798927307 0.1630246788263321 
vt 0.2973547577857971 0.1569228321313858 
vt 0.30778440833091736 0.15273529291152954 
vt 0.3189333379268646 0.15189778804779053 
vt 0.3089832067489624 0.15429066121578217 
vt 0.2993927299976349 0.15799963474273682 
vt 0.29243963956832886 0.1635032594203949 
vt 0.2846473753452301 0.1709211766719818 
vt 0.2809310555458069 0.1777408868074417 
vt 0.2780539095401764 0.18731240928173065 
vt 0.2817702293395996 0.1977214366197586 
vt 0.2912408113479614 0.2050197273492813 
vt 0.2968752384185791 0.20573759078979492 
vt 0.30466750264167786 0.20645545423030853 
vt 0.31425797939300537 0.2043018490076065 
vt 0.32636594772338867 0.20226791501045227 
vt 0.3057464361190796 0.2851811945438385 
vt 0.30706512928009033 0.28769370913505554 
vt 0.3057464361190796 0.2873347997665405 
vt 0.3065855801105499 0.2920009195804596 
vt 0.30490726232528687 0.2905651926994324 
vt 0.3028692901134491 0.29439377784729004 
vt 0.3023897707462311 0.2917616069316864 
vt 0.2977144122123718 0.29439377784729004 
vt 0.29831379652023315 0.2917616069316864 
vt 0.2935185730457306 0.2916419804096222 
vt 0.29531678557395935 0.28972765803337097 
vt 0.2911209464073181 0.2867365777492523 
vt 0.2936384379863739 0.2856597900390625 
vt 0.28956249356269836 0.2601756155490875 
vt 0.29231974482536316 0.26029524207115173 
vt 0.2937583327293396 0.24785226583480835 
vt 0.2962758243083954 0.24892906844615936 
vt 0.29819393157958984 0.24079327285289764 
vt 0.3004716634750366 0.24222899973392487 
vt 0.30490726232528687 0.23337534070014954 
vt 0.3067054748535156 0.23528964817523956 
vt 0.3148573935031891 0.22643598914146423 
vt 0.31605619192123413 0.22894851863384247 
vt 0.32936298847198486 0.22284667193889618 
vt 0.3297226130962372 0.22559848427772522 
vt 0.34410834312438965 0.22141094505786896 
vt 0.34374871850013733 0.2240431159734726 
vt 0.35573679208755493 0.2248806208372116 
vt 0.3544180989265442 0.22727350890636444 
vt 0.3640086054801941 0.2303842455148697 
vt 0.36209049820899963 0.23229855298995972 
vt 0.3697628676891327 0.23660573363304138 
vt 0.3673652708530426 0.238161101937294 
vt 0.3758768141269684 0.24785226583480835 
vt 0.3732394278049469 0.24868978559970856 
vt 0.3827100396156311 0.2736953794956207 
vt 0.3799527585506439 0.2733364403247833 
vt 0.3817509710788727 0.279318630695343 
vt 0.3794732391834259 0.2780025601387024 
vt 0.3788738250732422 0.2833865284919739 
vt 0.37755513191223145 0.28099367022514343 
vt 0.3740786015987396 0.2850615680217743 
vt 0.3737189471721649 0.28242939710617065 
vt 0.3697628676891327 0.2842240333557129 
vt 0.3709616959095001 0.28219011425971985 
vt 0.36796465516090393 0.28027579188346863 
vt 0.3692833483219147 0.2796775698661804 
vt 0.30754464864730835 0.2929580509662628 
vt 0.3050271272659302 0.2966670095920563 
vt 0.30107107758522034 0.2973848879337311 
vt 0.2962758243083954 0.29582950472831726 
vt 0.29219987988471985 0.2934366464614868 
vt 0.28908297419548035 0.28984731435775757 
vt 0.28668534755706787 0.26053452491760254 
vt 0.2910010516643524 0.24737370014190674 
vt 0.29579630494117737 0.23983612656593323 
vt 0.3028692901134491 0.2317003309726715 
vt 0.31353870034217834 0.224162757396698 
vt 0.32900333404541016 0.22057344019412994 
vt 0.3449475169181824 0.21889843046665192 
vt 0.3449475169181824 0.2183002084493637 
vt 0.3576548993587494 0.22236810624599457 
vt 0.34362882375717163 0.2113608568906784 
vt 0.35633620619773865 0.2107626348733902 
vt 0.35082167387008667 0.20166969299316406 
vt 0.3581344187259674 0.19867858290672302 
vt 0.3576548993587494 0.1982000172138214 
vt 0.3641284704208374 0.19520890712738037 
vt 0.35585668683052063 0.1967642903327942 
vt 0.3610115647315979 0.19437140226364136 
vt 0.29531678557395935 0.23935754597187042 
vt 0.3025096356868744 0.2311021089553833 
vt 0.31317904591560364 0.2236841768026352 
vt 0.32900333404541016 0.21997521817684174 
vt 0.3429095447063446 0.14101018011569977 
vt 0.34099143743515015 0.1497441977262497 
vt 0.34087157249450684 0.1503424048423767 
vt 0.34758490324020386 0.15524782240390778 
vt 0.35357895493507385 0.14627452194690704 
vt 0.34998252987861633 0.15345315635204315 
vt 0.34986263513565063 0.15405137836933136 
vt 0.3572952449321747 0.16003356873989105 
vt 0.36604657769203186 0.15381208062171936 
vt 0.3605320453643799 0.15895678102970123 
vt 0.3601723909378052 0.15943536162376404 
vt 0.36280977725982666 0.16541755199432373 
vt 0.3729996681213379 0.16206751763820648 
vt 0.36628633737564087 0.16493898630142212 
vt 0.36580681800842285 0.16529791057109833 
vt 0.36832430958747864 0.17367298901081085 
vt 0.3797129988670349 0.17403192818164825 
vt 0.37192073464393616 0.17379263043403625 
vt 0.37132132053375244 0.17391228675842285 
vt 0.3678447902202606 0.18468023836612701 
vt 0.3792334794998169 0.18922671675682068 
vt 0.37132132053375244 0.18539810180664062 
vt 0.3708418011665344 0.18479987978935242 
vt 0.3638887107372284 0.19568748772144318 
vt 0.3643682301044464 0.20669473707675934 
vt 0.3665260970592499 0.22835029661655426 
vt 0.35717537999153137 0.22284667193889618 
vt 0.36616644263267517 0.22882887721061707 
vt 0.37228038907051086 0.23540928959846497 
vt 0.3786340653896332 0.24713440239429474 
vt 0.3853473961353302 0.27632755041122437 
vt 0.38366907835006714 0.28051507472991943 
vt 0.38079193234443665 0.2843436896800995 
vt 0.3767159879207611 0.2873347997665405 
vt 0.3727599084377289 0.28793302178382874 
vt 0.3692833483219147 0.2854204773902893 
vt 0.37192073464393616 0.23505036532878876 
vt 0.3792334794998169 0.24689511954784393 
vt 0.3854672908782959 0.27572932839393616 
vt 0.38414859771728516 0.28099367022514343 
vt 0.38127145171165466 0.2847026288509369 
vt 0.3770756125450134 0.28781336545944214 
vt 0.3727599084377289 0.28865087032318115 
vt 0.36868396401405334 0.2857794165611267 
vt 0.3677248954772949 0.29020625352859497 
vt 0.35921335220336914 0.2930777072906494 
vt 0.37132132053375244 0.20286612212657928 
vt 0.3649676442146301 0.2862579822540283 
vt 0.3576548993587494 0.28769370913505554 
vt 0.35345906019210815 0.2939152121543884 
vt 0.34698548913002014 0.28972765803337097 
vt 0.33859381079673767 0.2914026975631714 
vt 0.31341880559921265 0.26819175481796265 
vt 0.3146176338195801 0.26280778646469116 
vt 0.3172549903392792 0.2586202323436737 
vt 0.32276952266693115 0.25574877858161926 
vt 0.32828405499458313 0.2523987293243408 
vt 0.3339184522628784 0.2501254975795746 
vt 0.3086235821247101 0.26161134243011475 
vt 0.31293928623199463 0.25359517335891724 
vt 0.31929299235343933 0.24868978559970856 
vt 0.32636594772338867 0.2454593926668167 
vt 0.3333190679550171 0.2436647266149521 
vt 0.3399125039577484 0.2507237195968628 
vt 0.3124597668647766 0.2531166076660156 
vt 0.3190532326698303 0.24797192215919495 
vt 0.32624608278274536 0.2447415292263031 
vt 0.3333190679550171 0.24294686317443848 
vt 0.3406318128108978 0.24294686317443848 
vt 0.34051191806793213 0.2436647266149521 
vt 0.3481842875480652 0.2445022463798523 
vt 0.3481842875480652 0.2451004534959793 
vt 0.35573679208755493 0.24797192215919495 
vt 0.3553771674633026 0.24845048785209656 
vt 0.3617308437824249 0.25503090023994446 
vt 0.3611314594745636 0.25538983941078186 
vt 0.3638887107372284 0.26113274693489075 
vt 0.36316943168640137 0.26137202978134155 
vt 0.3649676442146301 0.2661578059196472 
vt 0.3642483651638031 0.2662774622440338 
vt 0.36568692326545715 0.2734560966491699 
vt 0.36508750915527344 0.2734560966491699 
vt 0.3611314594745636 0.2733364403247833 
vt 0.35957300662994385 0.26783281564712524 
vt 0.3576548993587494 0.26280778646469116 
vt 0.3554970324039459 0.2577827274799347 
vt 0.3520205020904541 0.25443267822265625 
vt 0.3460264503955841 0.2527576684951782 
vt 0.31114107370376587 0.2522791028022766 
vt 0.31749477982521057 0.24725405871868134 
vt 0.3245677351951599 0.2439040243625641 
vt 0.3330793082714081 0.24163077771663666 
vt 0.3419504761695862 0.24163077771663666 
vt 0.3421902656555176 0.24067363142967224 
vt 0.34986263513565063 0.24246829748153687 
vt 0.3495029807090759 0.24342544376850128 
vt 0.35681572556495667 0.24689511954784393 
vt 0.36209049820899963 0.25299695134162903 
vt 0.3642483651638031 0.2581416666507721 
vt 0.36532729864120483 0.26256847381591797 
vt 0.3664062023162842 0.26902925968170166 
vt 0.3574151396751404 0.24605761468410492 
vt 0.36292967200279236 0.2523987293243408 
vt 0.36508750915527344 0.2577827274799347 
vt 0.36616644263267517 0.26220956444740295 
vt 0.3673652708530426 0.26867032051086426 
vt 0.3330793082714081 0.24067363142967224 
vt 0.3240882158279419 0.24294686317443848 
vt 0.31713512539863586 0.24641653895378113 
vt 0.31054165959358215 0.2515612244606018 
vt 0.640094518661499 0.22775207459926605 
vt 0.6215130090713501 0.21997521817684174 
vt 0.6406939625740051 0.22583778202533722 
vt 0.622352123260498 0.2183002084493637 
vt 0.6233112215995789 0.21650554239749908 
vt 0.6059284806251526 0.20729295909404755 
vt 0.6071272492408752 0.20585723221302032 
vt 0.5933409333229065 0.19209817051887512 
vt 0.6083260774612427 0.2043018490076065 
vt 0.5948994159698486 0.1907820850610733 
vt 0.5988554954528809 0.18814991414546967 
vt 0.5842300057411194 0.17510871589183807 
vt 0.5890252590179443 0.17331406474113464 
vt 0.5823118686676025 0.1569228321313858 
vt 0.6002940535545349 0.169844388961792 
vt 0.5952590703964233 0.1559656858444214 
vt 0.607966423034668 0.15512816607952118 
vt 0.5933409333229065 0.14124946296215057 
vt 0.60748690366745 0.1431637704372406 
vt 0.6101242899894714 0.13131901621818542 
vt 0.6126418113708496 0.1437619924545288 
vt 0.6157587170600891 0.13311368227005005 
vt 0.6163581013679504 0.13323332369327545 
vt 0.6205539107322693 0.12222607433795929 
vt 0.6212732195854187 0.1225850060582161 
vt 0.6265479922294617 0.11121882498264313 
vt 0.6219925284385681 0.1227046474814415 
vt 0.6272672414779663 0.11157775670289993 
vt 0.6317028403282166 0.11504743248224258 
vt 0.6326619386672974 0.10009193420410156 
vt 0.6373372673988342 0.10392054170370102 
vt 0.6429716944694519 0.09291329234838486 
vt 0.6507639288902283 0.11528672277927399 
vt 0.6572375297546387 0.10511697828769684 
vt 0.6764184832572937 0.12114927917718887 
vt 0.6641905903816223 0.0954258143901825 
vt 0.6838511228561401 0.11193668842315674 
vt 0.6915234923362732 0.1027240976691246 
vt 0.7039911150932312 0.12796898186206818 
vt 0.7110641002655029 0.11827781796455383 
vt 0.725929319858551 0.1298832893371582 
vt 0.7163388729095459 0.10822772234678268 
vt 0.7295257449150085 0.11887603998184204 
vt 0.7291660904884338 0.10727056860923767 
vt 0.7343209981918335 0.12222607433795929 
vt 0.7328824400901794 0.11014202982187271 
vt 0.7334818243980408 0.10990273952484131 
vt 0.7279673218727112 0.09829727560281754 
vt 0.7285667061805725 0.09781869500875473 
vt 0.7212539911270142 0.08693109452724457 
vt 0.7290462255477905 0.09757940471172333 
vt 0.7217335104942322 0.08657216280698776 
vt 0.7246106266975403 0.08417928218841553 
vt 0.7123827934265137 0.07723993062973022 
vt 0.7147803902626038 0.07424882799386978 
vt 0.7031519412994385 0.06647197157144547 
vt 0.7212539911270142 0.06623268127441406 
vt 0.7079471945762634 0.05737902224063873 
vt 0.712982177734375 0.048046793788671494 
vt 0.6932018399238586 0.05127717927098274 
vt 0.6963187456130981 0.041227083653211594 
vt 0.6785763502120972 0.03775740787386894 
vt 0.6976374387741089 0.036680612713098526 
vt 0.6790558695793152 0.03309129178524017 
vt 0.6791757345199585 0.031057344749569893 
vt 0.6599947810173035 0.03297164663672447 
vt 0.6598749160766602 0.031057344749569893 
vt 0.6408138275146484 0.0347663089632988 
vt 0.6596351265907288 0.029143039137125015 
vt 0.6403343081474304 0.03297164663672447 
vt 0.6397348642349243 0.031057344749569893 
vt 0.6219925284385681 0.04050922021269798 
vt 0.6211533546447754 0.038714561611413956 
vt 0.6043699979782104 0.04996109753847122 
vt 0.6595152616500854 0.027228735387325287 
vt 0.6796552538871765 0.027228735387325287 
vt 0.6794155240058899 0.029143039137125015 
vt 0.6988362073898315 0.03297164663672447 
vt 0.6982368230819702 0.0347663089632988 
vt 0.7160990834236145 0.04218423739075661 
vt 0.7151400446891785 0.04385925084352493 
vt 0.7309643626213074 0.05438792333006859 
vt 0.7280871868133545 0.05809688940644264 
vt 0.7407945990562439 0.07077915221452713 
vt 0.732642650604248 0.07759886234998703 
vt 0.7415138483047485 0.09087934345006943 
vt 0.7324029207229614 0.0957847461104393 
vt 0.7376776933670044 0.10858665406703949 
vt 0.7340812683105469 0.1096634492278099 
vt 0.7355198264122009 0.12210642546415329 
vt 0.7350403070449829 0.12222607433795929 
vt 0.7319234013557434 0.13371188938617706 
vt 0.731204092502594 0.13359224796295166 
vt 0.7247305512428284 0.1437619924545288 
vt 0.7193358540534973 0.13981373608112335 
vt 0.7107044458389282 0.14830847084522247 
vt 0.6958392262458801 0.1368226408958435 
vt 0.6872077584266663 0.14507807791233063 
vt 0.668865978717804 0.1302422136068344 
vt 0.6615532636642456 0.13933517038822174 
vt 0.6445301175117493 0.12545646727085114 
vt 0.6382963061332703 0.13538691401481628 
vt 0.6263082027435303 0.12581539154052734 
vt 0.6211533546447754 0.1361047774553299 
vt 0.6171972751617432 0.13335296511650085 
vt 0.6139605045318604 0.1437619924545288 
vt 0.6132411956787109 0.1438816338777542 
vt 0.6132411956787109 0.15464960038661957 
vt 0.6126418113708496 0.15488888323307037 
vt 0.6152791976928711 0.16529791057109833 
vt 0.6113231182098389 0.16649435460567474 
vt 0.6169574856758118 0.1764248013496399 
vt 0.607966423034668 0.18216770887374878 
vt 0.6180364489555359 0.19245709478855133 
vt 0.6113231182098389 0.20059289038181305 
vt 0.6260684728622437 0.2104036957025528 
vt 0.6242702603340149 0.21483053267002106 
vt 0.6417728662490845 0.22212880849838257 
vt 0.6411734819412231 0.2240431159734726 
vt 0.6602345705032349 0.22775207459926605 
vt 0.6599947810173035 0.22966638207435608 
vt 0.6797751188278198 0.22978602349758148 
vt 0.6598749160766602 0.2317003309726715 
vt 0.6800149083137512 0.2317003309726715 
vt 0.6993157267570496 0.031057344749569893 
vt 0.7180171608924866 0.038714561611413956 
vt 0.7170581221580505 0.04050922021269798 
vt 0.7334818243980408 0.051396824419498444 
vt 0.7322829961776733 0.052832551300525665 
vt 0.7459494471549988 0.06659161299467087 
vt 0.7443910241127014 0.06778804957866669 
vt 0.7549405097961426 0.08358106017112732 
vt 0.750864565372467 0.08585429936647415 
vt 0.7576978206634521 0.1024848148226738 
vt 0.7476277947425842 0.10559555888175964 
vt 0.7502651810646057 0.12102963030338287 
vt 0.7394759058952332 0.12174749374389648 
vt 0.7368385195732117 0.13442975282669067 
vt 0.7325227856636047 0.13371188938617706 
vt 0.725929319858551 0.1442405730485916 
vt 0.7253299355506897 0.14400127530097961 
vt 0.7163388729095459 0.15261565148830414 
vt 0.7158593535423279 0.15225671231746674 
vt 0.7056694626808167 0.15979428589344025 
vt 0.700994074344635 0.1560853272676468 
vt 0.6911638379096985 0.1637425422668457 
vt 0.6784564852714539 0.15321387350559235 
vt 0.6699448823928833 0.16123001277446747 
vt 0.6542404890060425 0.14818881452083588 
vt 0.6471675038337708 0.1568031907081604 
vt 0.632422149181366 0.14495843648910522 
vt 0.6273871660232544 0.15429066121578217 
vt 0.6175569295883179 0.14627452194690704 
vt 0.6167177557945251 0.1565638929605484 
vt 0.6139605045318604 0.15441030263900757 
vt 0.6164779663085938 0.16458004713058472 
vt 0.6158785820007324 0.16505862772464752 
vt 0.6206738352775574 0.17391228675842285 
vt 0.6201943159103394 0.17427121102809906 
vt 0.6270275115966797 0.18144984543323517 
vt 0.6246299147605896 0.1844409555196762 
vt 0.6339806318283081 0.1903035044670105 
vt 0.6301444172859192 0.20023396611213684 
vt 0.6436909437179565 0.20537865161895752 
vt 0.6424921751022339 0.2171037644147873 
vt 0.6599947810173035 0.22045379877090454 
vt 0.6604743003845215 0.22583778202533722 
vt 0.6794155240058899 0.22583778202533722 
vt 0.6796552538871765 0.22787173092365265 
vt 0.6987163424491882 0.2240431159734726 
vt 0.6991958618164062 0.22583778202533722 
vt 0.7175376415252686 0.2183002084493637 
vt 0.6997952461242676 0.22775207459926605 
vt 0.7184966802597046 0.22009485960006714 
vt 0.7346806526184082 0.04984145238995552 
vt 0.748946487903595 0.06407909095287323 
vt 0.7473880052566528 0.06539516896009445 
vt 0.7584170699119568 0.08178640156984329 
vt 0.7567387223243713 0.0826239064335823 
vt 0.7641713619232178 0.10057050734758377 
vt 0.7622532844543457 0.10116872936487198 
vt 0.7659695744514465 0.11971354484558105 
vt 0.7611743211746216 0.12019212543964386 
vt 0.760934591293335 0.13801908493041992 
vt 0.7488266229629517 0.1362244188785553 
vt 0.7437915802001953 0.1507013440132141 
vt 0.730724573135376 0.14591558277606964 
vt 0.7220931649208069 0.1558460295200348 
vt 0.7170581221580505 0.15297457575798035 
vt 0.706748366355896 0.16087108850479126 
vt 0.7061489820480347 0.16039250791072845 
vt 0.6959590911865234 0.16804972290992737 
vt 0.6954795718193054 0.16745150089263916 
vt 0.6856493353843689 0.17474979162216187 
vt 0.6816932559013367 0.1711604744195938 
vt 0.6725822687149048 0.17821946740150452 
vt 0.6617929935455322 0.16900686919689178 
vt 0.6536411046981812 0.17570693790912628 
vt 0.6404541730880737 0.16505862772464752 
vt 0.6342203617095947 0.17259620130062103 
vt 0.6241503357887268 0.1636229008436203 
vt 0.6221123933792114 0.170681893825531 
vt 0.6180364489555359 0.1639818251132965 
vt 0.6212732195854187 0.17331406474113464 
vt 0.6278666853904724 0.18037305772304535 
vt 0.6273871660232544 0.18109092116355896 
vt 0.6356589198112488 0.18623560667037964 
vt 0.6354191899299622 0.18671418726444244 
vt 0.6452494263648987 0.1897052824497223 
vt 0.6447699069976807 0.19389282166957855 
vt 0.6566380858421326 0.19496962428092957 
vt 0.658316433429718 0.20753224194049835 
vt 0.6731817126274109 0.20657509565353394 
vt 0.6777371764183044 0.22021450102329254 
vt 0.6951199173927307 0.21638590097427368 
vt 0.6981169581413269 0.22212880849838257 
vt 0.7156195640563965 0.21495017409324646 
vt 0.7165786027908325 0.2166251838207245 
vt 0.732642650604248 0.20585723221302032 
vt 0.7339613437652588 0.20729295909404755 
vt 0.7478675842285156 0.19329461455345154 
vt 0.7351601719856262 0.20884832739830017 
vt 0.749426007270813 0.19449104368686676 
vt 0.7600954174995422 0.08082924783229828 
vt 0.7678877115249634 0.09937407076358795 
vt 0.7659695744514465 0.09997228533029556 
vt 0.7699256539344788 0.11935461312532425 
vt 0.7680075764656067 0.11947426199913025 
vt 0.7680075764656067 0.13885658979415894 
vt 0.7660894393920898 0.13873694837093353 
vt 0.7624930143356323 0.1574014127254486 
vt 0.7569785118103027 0.15548710525035858 
vt 0.7496657967567444 0.17175868153572083 
vt 0.7357595562934875 0.1637425422668457 
vt 0.7255696654319763 0.17558729648590088 
vt 0.7117833495140076 0.16481932997703552 
vt 0.7011139392852783 0.17331406474113464 
vt 0.6964386105537415 0.16852830350399017 
vt 0.6863685846328735 0.17606587707996368 
vt 0.6858890652656555 0.17534801363945007 
vt 0.6764184832572937 0.18228736519813538 
vt 0.6761786937713623 0.18156950175762177 
vt 0.6665882468223572 0.18671418726444244 
vt 0.6634713411331177 0.1837230920791626 
vt 0.6535211801528931 0.18659454584121704 
vt 0.6451295614242554 0.18073198199272156 
vt 0.6385360956192017 0.1840820163488388 
vt 0.6296648979187012 0.17821946740150452 
vt 0.7718437314033508 0.11911533027887344 
vt 0.7718437314033508 0.13921551406383514 
vt 0.7699256539344788 0.13909587264060974 
vt 0.7662093639373779 0.15847820043563843 
vt 0.7644111514091492 0.15787997841835022 
vt 0.757098376750946 0.17582657933235168 
vt 0.7553001642227173 0.17498907446861267 
vt 0.7448705434799194 0.1907820850610733 
vt 0.7393559813499451 0.18647490441799164 
vt 0.7265287637710571 0.19915716350078583 
vt 0.7137014865875244 0.18611596524715424 
vt 0.7008742094039917 0.19508926570415497 
vt 0.6902047991752625 0.18121056258678436 
vt 0.6795353889465332 0.18814991414546967 
vt 0.6766582131385803 0.183005228638649 
vt 0.6668279767036438 0.18814991414546967 
vt 0.6665882468223572 0.18743205070495605 
vt 0.6560387015342712 0.1897052824497223 
vt 0.6561585664749146 0.18898741900920868 
vt 0.6456090807914734 0.18838919699192047 
vt 0.6459686756134033 0.18683382868766785 
vt 0.6361384391784668 0.18551774322986603 
vt 0.76812744140625 0.15907642245292664 
vt 0.7604550719261169 0.1777408868074417 
vt 0.7587767243385315 0.1767837405204773 
vt 0.7464289665222168 0.19209817051887512 
vt 0.7314438819885254 0.2043018490076065 
vt 0.711543619632721 0.20920726656913757 
vt 0.6873276233673096 0.20214825868606567 
vt 0.6685063242912292 0.19305531680583954 
vt 0.6560387015342712 0.1903035044670105 
vt 0.645369291305542 0.18910707533359528 
vt 0.6047296524047852 0.20884832739830017 
vt 0.5903438925743103 0.19461068511009216 
vt 0.5919023752212524 0.19329461455345154 
vt 0.5808733105659485 0.1769033819437027 
vt 0.5825516581535339 0.17606587707996368 
vt 0.5749991536140442 0.15811927616596222 
vt 0.5769172310829163 0.157521054148674 
vt 0.5730810761451721 0.13885658979415894 
vt 0.5789552330970764 0.13945481181144714 
vt 0.5793148875236511 0.12162785232067108 
vt 0.5947794914245605 0.12641361355781555 
vt 0.5989753603935242 0.11181704699993134 
vt 0.6147996187210083 0.11947426199913025 
vt 0.6203141808509827 0.10727056860923767 
vt 0.6259485483169556 0.11085989326238632 
vt 0.6314631104469299 0.09925442188978195 
vt 0.6320624947547913 0.09973300248384476 
vt 0.6375770568847656 0.08812753111124039 
vt 0.638176441192627 0.08860611170530319 
vt 0.6446500420570374 0.07819707691669464 
vt 0.6495651602745056 0.0827435553073883 
vt 0.6580767035484314 0.07424882799386978 
vt 0.6723425388336182 0.08657216280698776 
vt 0.6812137365341187 0.07951316237449646 
vt 0.6987163424491882 0.09387044608592987 
vt 0.7050700187683105 0.08609358221292496 
vt 0.7189762592315674 0.09805798530578613 
vt 0.7200551629066467 0.09040077030658722 
vt 0.7262889742851257 0.09865620732307434 
vt 0.7206545472145081 0.08752930909395218 
vt 0.7114237546920776 0.07831672579050064 
vt 0.712023138999939 0.07759886234998703 
vt 0.700994074344635 0.07042022049427032 
vt 0.7013537287712097 0.06982199847698212 
vt 0.6891258358955383 0.06479695439338684 
vt 0.6902047991752625 0.06120763346552849 
vt 0.676538348197937 0.05857546254992485 
vt 0.677497386932373 0.0482860803604126 
vt 0.6619128584861755 0.048764657229185104 
vt 0.6605941653251648 0.03775740787386894 
vt 0.6430915594100952 0.0417056605219841 
vt 0.6414132118225098 0.036680612713098526 
vt 0.6237907409667969 0.043978895992040634 
vt 0.6229515671730042 0.04218423739075661 
vt 0.6067675948143005 0.05295219644904137 
vt 0.6055688261985779 0.051396824419498444 
vt 0.5915427207946777 0.06539516896009445 
vt 0.5899842977523804 0.06407909095287323 
vt 0.5790750980377197 0.17786052823066711 
vt 0.5714027285575867 0.15919606387615204 
vt 0.5732009410858154 0.15871749818325043 
vt 0.5692448616027832 0.13933517038822174 
vt 0.5711629390716553 0.13909587264060974 
vt 0.571043074131012 0.11971354484558105 
vt 0.5730810761451721 0.11983319371938705 
vt 0.5766775012016296 0.10116872936487198 
vt 0.583031177520752 0.10404018312692642 
vt 0.5899842977523804 0.08740966767072678 
vt 0.6052091717720032 0.09734012186527252 
vt 0.6132411956787109 0.08370070159435272 
vt 0.6265479922294617 0.09506688266992569 
vt 0.6332613229751587 0.08322212845087051 
vt 0.6370975375175476 0.08764895796775818 
vt 0.6439307332038879 0.07712028175592422 
vt 0.6442903876304626 0.07759886234998703 
vt 0.653041660785675 0.0691041350364685 
vt 0.6532814502716064 0.06982199847698212 
vt 0.6638309955596924 0.06455766409635544 
vt 0.6681466698646545 0.0685059130191803 
vt 0.6795353889465332 0.06671125441789627 
vt 0.6905644536018372 0.07484705001115799 
vt 0.6978771686553955 0.07221487909555435 
vt 0.7096255421638489 0.08047031611204147 
vt 0.5673267841339111 0.13945481181144714 
vt 0.567206859588623 0.11935461312532425 
vt 0.5691249966621399 0.11947426199913025 
vt 0.572961151599884 0.10009193420410156 
vt 0.5747593641281128 0.10069014877080917 
vt 0.5821920037269592 0.0827435553073883 
vt 0.583990216255188 0.08358106017112732 
vt 0.5945397615432739 0.06778804957866669 
vt 0.5998145341873169 0.07233452051877975 
vt 0.6122821569442749 0.05929332971572876 
vt 0.6228316426277161 0.07137737423181534 
vt 0.6341004967689514 0.060968343168497086 
vt 0.6412933468818665 0.07269345968961716 
vt 0.6513633728027344 0.06443802267313004 
vt 0.6529217958450317 0.0686255618929863 
vt 0.6637110710144043 0.06336122751235962 
vt 0.6637110710144043 0.06383980065584183 
vt 0.676058828830719 0.06288264691829681 
vt 0.6759389638900757 0.06360051035881042 
vt 0.6886463165283203 0.06611303240060806 
vt 0.688526451587677 0.06778804957866669 
vt 0.7006344199180603 0.07101844251155853 
vt 0.571043074131012 0.09949371218681335 
vt 0.5788353681564331 0.08082924783229828 
vt 0.5805136561393738 0.08178640156984329 
vt 0.5929812788963318 0.06659161299467087 
vt 0.607966423034668 0.05450756847858429 
vt 0.6267877221107483 0.04888429865241051 
vt 0.6472873687744141 0.05319148302078247 
vt 0.6632315516471863 0.05941297113895416 
vt 0.6761786937713623 0.062404073774814606 
vt 0.6888861060142517 0.06539516896009445 
vt 0.24580593407154083 0.3649837374687195 
vt 0.2719399929046631 0.3649837374687195 
vt 0.24568603932857513 0.4336594045162201 
vt 0.2718200981616974 0.4336594045162201 
vt 0.2715803384780884 0.6370542049407959 
vt 0.29795417189598083 0.4336594045162201 
vt 0.2977144122123718 0.6371738314628601 
vt 0.3238484561443329 0.6371738314628601 
vt 0.2974746525287628 0.8406882882118225 
vt 0.3236086964607239 0.8406882882118225 
vt 0.3234888017177582 0.9097228646278381 
vt 0.34974274039268494 0.8408079147338867 
vt 0.3496228754520416 0.9098425507545471 
vt 0.3757569193840027 0.9099621772766113 
vt 0.3495029807090759 0.9158247113227844 
vt 0.3757569193840027 0.9159443974494934 
vt 0.3756370544433594 0.9311391711235046 
vt 0.40201085805892944 0.9159443974494934 
vt 0.40201085805892944 0.9312587976455688 
vt 0.4283846914768219 0.9312587976455688 
vt 0.40201085805892944 0.9507607817649841 
vt 0.4285045564174652 0.9507607817649841 
vt 0.4287443459033966 0.9679895043373108 
vt 0.45487838983535767 0.9504018425941467 
vt 0.4551181495189667 0.967391312122345 
vt 0.4811323285102844 0.9669126868247986 
vt 0.4555976688861847 0.9804325103759766 
vt 0.48137208819389343 0.9797146320343018 
vt 0.48161184787750244 0.9874914884567261 
vt 0.5071464776992798 0.9793556928634644 
vt 0.5071464776992798 0.9871325492858887 
vt 0.5328010320663452 0.9871325492858887 
vt 0.4558374285697937 0.9883289933204651 
vt 0.42946362495422363 0.9900040030479431 
vt 0.4291039705276489 0.9813896417617798 
vt 0.40177109837532043 0.9812700152397156 
vt 0.40189099311828613 0.9679895043373108 
vt 0.37539729475975037 0.9676305651664734 
vt 0.3755171597003937 0.9506411552429199 
vt 0.3492632210254669 0.9504018425941467 
vt 0.3495029807090759 0.9310194849967957 
vt 0.32336893677711487 0.9308998584747314 
vt 0.32336893677711487 0.9157050848007202 
vt 0.2972348630428314 0.915585458278656 
vt 0.2973547577857971 0.9097228646278381 
vt 0.27122071385383606 0.9096032381057739 
vt 0.27134057879447937 0.8406882882118225 
vt 0.24520651996135712 0.8406882882118225 
vt 0.24544627964496613 0.6370542049407959 
vt 0.21931222081184387 0.6370542049407959 
vt 0.21955199539661407 0.4335397481918335 
vt 0.19341793656349182 0.4335397481918335 
vt 0.21967187523841858 0.3648641109466553 
vt 0.19353781640529633 0.3648641109466553 
vt 0.4016512334346771 0.9895254373550415 
vt 0.37503764033317566 0.9888075590133667 
vt 0.37515753507614136 0.980671763420105 
vt 0.3489035964012146 0.9801931977272034 
vt 0.3491433560848236 0.967271625995636 
vt 0.32300928235054016 0.9669126868247986 
vt 0.32312917709350586 0.9501625299453735 
vt 0.2971149981021881 0.9500429034233093 
vt 0.2972348630428314 0.9307802319526672 
vt 0.27110081911087036 0.930660605430603 
vt 0.27110081911087036 0.915465772151947 
vt 0.2450866401195526 0.915465772151947 
vt 0.2450866401195526 0.9096032381057739 
vt 0.21895258128643036 0.9094836115837097 
vt 0.21907246112823486 0.8405686616897583 
vt 0.1929384022951126 0.8405686616897583 
vt 0.19317816197872162 0.6370542049407959 
vt 0.16704410314559937 0.6369345784187317 
vt 0.16728387773036957 0.4335397481918335 
vt 0.14114981889724731 0.4334201216697693 
vt 0.16740375757217407 0.3648641109466553 
vt 0.14126969873905182 0.3647444546222687 
vt 0.3487837016582489 0.9880896806716919 
vt 0.32276952266693115 0.9877307415008545 
vt 0.32288941740989685 0.979834258556366 
vt 0.2968752384185791 0.9797146320343018 
vt 0.2969951033592224 0.9667930603027344 
vt 0.27098092436790466 0.9666734337806702 
vt 0.27098092436790466 0.9499232769012451 
vt 0.2449667602777481 0.9498035907745361 
vt 0.2449667602777481 0.930660605430603 
vt 0.21883270144462585 0.930540919303894 
vt 0.21895258128643036 0.9153461456298828 
vt 0.1928185224533081 0.9153461456298828 
vt 0.1928185224533081 0.9094836115837097 
vt 0.16680434346199036 0.9093639254570007 
vt 0.16692422330379486 0.8405686616897583 
vt 0.1407901644706726 0.8405686616897583 
vt 0.1409100592136383 0.6369345784187317 
vt 0.11477599292993546 0.6369345784187317 
vt 0.11501575261354446 0.4334201216697693 
vt 0.08888170123100281 0.4334201216697693 
vt 0.11513563990592957 0.3647444546222687 
vt 0.08912146091461182 0.3647444546222687 
vt 0.2968752384185791 0.9876111149787903 
vt 0.27086105942726135 0.9874914884567261 
vt 0.27098092436790466 0.9795950055122375 
vt 0.2448468804359436 0.9795950055122375 
vt 0.2448468804359436 0.9666734337806702 
vt 0.21871282160282135 0.966553807258606 
vt 0.21883270144462585 0.9496839642524719 
vt 0.1926986426115036 0.9496839642524719 
vt 0.1926986426115036 0.9304212927818298 
vt 0.16668446362018585 0.9303016662597656 
vt 0.16680434346199036 0.9152265191078186 
vt 0.1406702846288681 0.9151068329811096 
vt 0.1407901644706726 0.9093639254570007 
vt 0.11477599292993546 0.9093639254570007 
vt 0.11465611308813095 0.8405686616897583 
vt 0.0885220542550087 0.8405686616897583 
vt 0.0886419340968132 0.6369345784187317 
vt 0.06250787526369095 0.6369345784187317 
vt 0.06274764239788055 0.4333004653453827 
vt 0.0366135835647583 0.4333004653453827 
vt 0.06298740208148956 0.36462482810020447 
vt 0.03685334324836731 0.36450517177581787 
vt 0.2448468804359436 0.9874914884567261 
vt 0.21859294176101685 0.9874914884567261 
vt 0.21871282160282135 0.9794753193855286 
vt 0.1924588829278946 0.9794753193855286 
vt 0.1925787627696991 0.966434121131897 
vt 0.16632482409477234 0.9661948680877686 
vt 0.16656458377838135 0.9494447112083435 
vt 0.1405504047870636 0.9492053985595703 
vt 0.1406702846288681 0.9301819801330566 
vt 0.11477599292993546 0.9300623536109924 
vt 0.11477599292993546 0.9151068329811096 
vt 0.0887618139386177 0.9151068329811096 
vt 0.0886419340968132 0.9093639254570007 
vt 0.06262776255607605 0.9094836115837097 
vt 0.062387995421886444 0.8404489755630493 
vt 0.03625394031405449 0.8404489755630493 
vt 0.036373820155858994 0.6368148922920227 
vt 0.010239762254059315 0.6368148922920227 
vt 0.010479523800313473 0.4333004653453827 
vt 0.1923390030860901 0.9873718619346619 
vt 0.16608506441116333 0.9871325492858887 
vt 0.16620494425296783 0.9791163802146912 
vt 0.14007088541984558 0.9787574410438538 
vt 0.1403106451034546 0.9659555554389954 
vt 0.11453623324632645 0.9654769897460938 
vt 0.11465611308813095 0.9489660859107971 
vt 0.08900158107280731 0.9488464593887329 
vt 0.08888170123100281 0.9300623536109924 
vt 0.06322716176509857 0.9301819801330566 
vt 0.06286752223968506 0.9152265191078186 
vt 0.036733463406562805 0.915585458278656 
vt 0.0364936999976635 0.9097228646278381 
vt 0.010119880549609661 0.9098425507545471 
vt 0.010119880549609661 0.8404489755630493 
vt 0.13995100557804108 0.9866539835929871 
vt 0.11405670642852783 0.9859361052513123 
vt 0.11429647356271744 0.9781592488288879 
vt 0.08888170123100281 0.9775610566139221 
vt 0.08900158107280731 0.9651180505752563 
vt 0.0639464482665062 0.9651180505752563 
vt 0.06370668858289719 0.9489660859107971 
vt 0.03841179609298706 0.9498035907745361 
vt 0.03745274990797043 0.9308998584747314 
vt 0.011198810301721096 0.9324552416801453 
vt 0.009999999776482582 0.9165425896644592 
vt 0.0887618139386177 0.9852182269096375 
vt 0.0641862154006958 0.9847396612167358 
vt 0.0641862154006958 0.9773217439651489 
vt 0.03997024893760681 0.9778003096580505 
vt 0.03937084600329399 0.9658359289169312 
vt 0.0151548832654953 0.9676305651664734 
vt 0.013236787170171738 0.9517179131507874 
vt 0.29807403683662415 0.3649837374687195 
vt 0.3240882158279419 0.3651033937931061 
vt 0.3240882158279419 0.4336594045162201 
vt 0.35022228956222534 0.4337790608406067 
vt 0.34998252987861633 0.6371738314628601 
vt 0.3761165738105774 0.6371738314628601 
vt 0.3758768141269684 0.8408079147338867 
vt 0.40201085805892944 0.8408079147338867 
vt 0.40201085805892944 0.9099621772766113 
vt 0.4281449317932129 0.9099621772766113 
vt 0.4282647967338562 0.9159443974494934 
vt 0.45439887046813965 0.9158247113227844 
vt 0.45463863015174866 0.9311391711235046 
vt 0.4806528091430664 0.9308998584747314 
vt 0.4808925688266754 0.9501625299453735 
vt 0.5069067478179932 0.9499232769012451 
vt 0.5070266127586365 0.966553807258606 
vt 0.5328010320663452 0.966553807258606 
vt 0.5328010320663452 0.9793556928634644 
vt 0.5586953163146973 0.9794753193855286 
vt 0.5586953163146973 0.9873718619346619 
vt 0.35022228956222534 0.3651033937931061 
vt 0.3763563334941864 0.3651033937931061 
vt 0.3762364685535431 0.4337790608406067 
vt 0.40237051248550415 0.4337790608406067 
vt 0.40213075280189514 0.6372935175895691 
vt 0.4282647967338562 0.6372935175895691 
vt 0.4281449317932129 0.8408079147338867 
vt 0.45427897572517395 0.8408079147338867 
vt 0.45439887046813965 0.9098425507545471 
vt 0.4805329144001007 0.9098425507545471 
vt 0.4805329144001007 0.9157050848007202 
vt 0.5066669583320618 0.9157050848007202 
vt 0.5067868828773499 0.9307802319526672 
vt 0.5328010320663452 0.9307802319526672 
vt 0.5328010320663452 0.9498035907745361 
vt 0.5588152408599854 0.9499232769012451 
vt 0.5588152408599854 0.966553807258606 
vt 0.5848293900489807 0.9666734337806702 
vt 0.5847095251083374 0.9795950055122375 
vt 0.6108435988426208 0.9797146320343018 
vt 0.5847095251083374 0.9874914884567261 
vt 0.6108435988426208 0.9877307415008545 
vt 0.40249040722846985 0.3651033937931061 
vt 0.4286244511604309 0.3652230501174927 
vt 0.4285045564174652 0.4338986873626709 
vt 0.45463863015174866 0.4338986873626709 
vt 0.45439887046813965 0.6372935175895691 
vt 0.4805329144001007 0.6372935175895691 
vt 0.4804130494594574 0.8408079147338867 
vt 0.5065470933914185 0.8408079147338867 
vt 0.5065470933914185 0.9098425507545471 
vt 0.5326811671257019 0.9097228646278381 
vt 0.5326811671257019 0.915585458278656 
vt 0.5588152408599854 0.915585458278656 
vt 0.5588152408599854 0.9307802319526672 
vt 0.5848293900489807 0.9307802319526672 
vt 0.5848293900489807 0.9499232769012451 
vt 0.6109634637832642 0.9500429034233093 
vt 0.6109634637832642 0.9667930603027344 
vt 0.6370975375175476 0.9667930603027344 
vt 0.6370975375175476 0.979834258556366 
vt 0.6633514761924744 0.9797146320343018 
vt 0.6370975375175476 0.9877307415008545 
vt 0.6633514761924744 0.9877307415008545 
vt 0.45475852489471436 0.3652230501174927 
vt 0.4808925688266754 0.3652230501174927 
vt 0.4807726740837097 0.4338986873626709 
vt 0.5069067478179932 0.4338986873626709 
vt 0.5066669583320618 0.6372935175895691 
vt 0.5328010320663452 0.6374131441116333 
vt 0.5326811671257019 0.8409276008605957 
vt 0.5586953163146973 0.8409276008605957 
vt 0.5588152408599854 0.9097228646278381 
vt 0.5848293900489807 0.9097228646278381 
vt 0.5848293900489807 0.915585458278656 
vt 0.6109634637832642 0.915585458278656 
vt 0.6109634637832642 0.9307802319526672 
vt 0.6370975375175476 0.9307802319526672 
vt 0.6370975375175476 0.9499232769012451 
vt 0.6632315516471863 0.9499232769012451 
vt 0.6632315516471863 0.9667930603027344 
vt 0.689485490322113 0.966553807258606 
vt 0.6896054148674011 0.9794753193855286 
vt 0.7157394289970398 0.9791163802146912 
vt 0.6897252798080444 0.9874914884567261 
vt 0.7158593535423279 0.9870129227638245 
vt 0.5069067478179932 0.3653426766395569 
vt 0.5330408215522766 0.3653426766395569 
vt 0.5330408215522766 0.4340183436870575 
vt 0.559054970741272 0.4340183436870575 
vt 0.5589351058006287 0.6374131441116333 
vt 0.584949254989624 0.6374131441116333 
vt 0.5848293900489807 0.8409276008605957 
vt 0.6109634637832642 0.8409276008605957 
vt 0.6109634637832642 0.9097228646278381 
vt 0.6369776129722595 0.9097228646278381 
vt 0.6369776129722595 0.915585458278656 
vt 0.663111686706543 0.915585458278656 
vt 0.663111686706543 0.9307802319526672 
vt 0.6892457604408264 0.930660605430603 
vt 0.6893656253814697 0.9498035907745361 
vt 0.7153797745704651 0.9496839642524719 
vt 0.7154996991157532 0.9663144946098328 
vt 0.7412741184234619 0.9659555554389954 
vt 0.7415138483047485 0.9786378145217896 
vt 0.7669286131858826 0.9780396223068237 
vt 0.7416337132453918 0.9864146709442139 
vt 0.7670485377311707 0.9856967926025391 
vt 0.5591748356819153 0.3653426766395569 
vt 0.5853089094161987 0.3653426766395569 
vt 0.5851890444755554 0.4340183436870575 
vt 0.6113231182098389 0.4340183436870575 
vt 0.6110833287239075 0.6374131441116333 
vt 0.6372174024581909 0.6375327706336975 
vt 0.6369776129722595 0.8409276008605957 
vt 0.663111686706543 0.8409276008605957 
vt 0.663111686706543 0.9097228646278381 
vt 0.6891258358955383 0.9097228646278381 
vt 0.6891258358955383 0.915585458278656 
vt 0.7152599096298218 0.915585458278656 
vt 0.7152599096298218 0.930660605430603 
vt 0.7411541938781738 0.930540919303894 
vt 0.7411541938781738 0.9494447112083435 
vt 0.7668087482452393 0.9493250250816345 
vt 0.7668087482452393 0.965596616268158 
vt 0.7917439937591553 0.965596616268158 
vt 0.791624128818512 0.9778003096580505 
vt 0.8157202005386353 0.9783985614776611 
vt 0.791624128818512 0.9852182269096375 
vt 0.8153605461120605 0.9855771660804749 
vt 0.6114429831504822 0.3654623329639435 
vt 0.6375770568847656 0.3654623329639435 
vt 0.6374571323394775 0.4341379702091217 
vt 0.663591206073761 0.4341379702091217 
vt 0.6633514761924744 0.6375327706336975 
vt 0.689485490322113 0.6375327706336975 
vt 0.6892457604408264 0.8409276008605957 
vt 0.7152599096298218 0.8410472273826599 
vt 0.7151400446891785 0.9097228646278381 
vt 0.7411541938781738 0.9098425507545471 
vt 0.7411541938781738 0.915585458278656 
vt 0.7670485377311707 0.915585458278656 
vt 0.7669286131858826 0.930540919303894 
vt 0.792583167552948 0.9307802319526672 
vt 0.79210364818573 0.9495643377304077 
vt 0.8172786831855774 0.9504018425941467 
vt 0.8163195848464966 0.966434121131897 
vt 0.840535581111908 0.9683484435081482 
vt 0.8392168879508972 0.9800735712051392 
vt 0.6637110710144043 0.3654623329639435 
vt 0.6897252798080444 0.3654623329639435 
vt 0.6897252798080444 0.4341379702091217 
vt 0.7158593535423279 0.4341379702091217 
vt 0.7156195640563965 0.6375327706336975 
vt 0.7416337132453918 0.6376523971557617 
vt 0.7413939833641052 0.8410472273826599 
vt 0.7675280570983887 0.8410472273826599 
vt 0.767168402671814 0.9099621772766113 
vt 0.7933024764060974 0.9100818037986755 
vt 0.793062686920166 0.9158247113227844 
vt 0.8190768957138062 0.916303277015686 
vt 0.8183575868606567 0.931498110294342 
vt 0.8446115255355835 0.9331731200218201 
vt 0.84245365858078 0.952316164970398 
vt 0.7158593535423279 0.3655819594860077 
vt 0.7419933676719666 0.3655819594860077 
vt 0.7418735027313232 0.4342576265335083 
vt 0.7680075764656067 0.4342576265335083 
vt 0.7677677869796753 0.6376523971557617 
vt 0.7939018607139587 0.6376523971557617 
vt 0.7936620712280273 0.8411668539047241 
vt 0.8196762800216675 0.8411668539047241 
vt 0.8194364905357361 0.9103211164474487 
vt 0.8456904292106628 0.9104407429695129 
vt 0.8458103537559509 0.917140781879425 
vt 0.76812744140625 0.3655819594860077 
vt 0.7942615151405334 0.3655819594860077 
vt 0.7941416501998901 0.4342576265335083 
vt 0.8202756643295288 0.4342576265335083 
vt 0.8200359344482422 0.6376523971557617 
vt 0.8461699485778809 0.6377720832824707 
vt 0.8458103537559509 0.8412865400314331 
vt 0.8464097380638123 0.4343772828578949 
vt 0.8464097380638123 0.3657016158103943 
vt 0.8203955888748169 0.3657016158103943 
vt 0.8386174440383911 0.9871325492858887 
vt 0.010719286277890205 0.36450517177581787 
vt 0.04032989218831062 0.984978973865509 
vt 0.017072979360818863 0.9865343570709229 
vt 0.016473574563860893 0.9794753193855286 
vt 0.19749388098716736 0.09279365092515945 
vt 0.21355794370174408 0.10356160998344421 
vt 0.1959354281425476 0.0955454632639885 
vt 0.21163983643054962 0.10607413202524185 
vt 0.20948198437690735 0.10858665406703949 
vt 0.22482675313949585 0.11935461312532425 
vt 0.22230924665927887 0.12150821089744568 
vt 0.2323792576789856 0.1365833580493927 
vt 0.22099055349826813 0.1224653571844101 
vt 0.23082080483436584 0.1374208629131317 
vt 0.23022139072418213 0.1438816338777542 
vt 0.23765401542186737 0.15381208062171936 
vt 0.2357359230518341 0.15512816607952118 
vt 0.23777389526367188 0.16924616694450378 
vt 0.2295021116733551 0.1627853810787201 
vt 0.21763388812541962 0.15476924180984497 
vt 0.22782377898693085 0.18791063129901886 
vt 0.21475674211978912 0.18659454584121704 
vt 0.2114000767469406 0.2183002084493637 
vt 0.20049090683460236 0.18515881896018982 
vt 0.19677460193634033 0.22248774766921997 
vt 0.18095029890537262 0.2251199185848236 
vt 0.19413721561431885 0.2507237195968628 
vt 0.17795328795909882 0.2564666271209717 
vt 0.1771141141653061 0.26735424995422363 
vt 0.16057053208351135 0.2592184543609619 
vt 0.15961149334907532 0.2707042694091797 
vt 0.14174921810626984 0.2707042694091797 
vt 0.15973137319087982 0.2723792791366577 
vt 0.14162933826446533 0.2724989354610443 
vt 0.14126969873905182 0.27572932839393616 
vt 0.12388695031404495 0.26890960335731506 
vt 0.12280802428722382 0.2721399962902069 
vt 0.10554515570402145 0.2649613618850708 
vt 0.12196885049343109 0.27513110637664795 
vt 0.1039867028594017 0.26771318912506104 
vt 0.2352564036846161 0.13502797484397888 
vt 0.24244925379753113 0.15237635374069214 
vt 0.23933234810829163 0.15333351492881775 
vt 0.24280890822410583 0.1711604744195938 
vt 0.24113056063652039 0.1712801158428192 
vt 0.24113056063652039 0.18910707533359528 
vt 0.23741425573825836 0.18874813616275787 
vt 0.23393771052360535 0.20801082253456116 
vt 0.22446711361408234 0.21267694234848022 
vt 0.22147008776664734 0.2314610481262207 
vt 0.20888258516788483 0.24222899973392487 
vt 0.2082831710577011 0.2506040930747986 
vt 0.19353781640529633 0.26041489839553833 
vt 0.19437697529792786 0.26197025179862976 
vt 0.1775936335325241 0.26890960335731506 
vt 0.17855268716812134 0.2721399962902069 
vt 0.16009101271629333 0.27572932839393616 
vt 0.16045065224170685 0.278959721326828 
vt 0.1410299390554428 0.278959721326828 
vt 0.2291424721479416 0.22141094505786896 
vt 0.23082080483436584 0.22308596968650818 
vt 0.23765401542186737 0.20669473707675934 
vt 0.23921246826648712 0.20717331767082214 
vt 0.24280890822410583 0.18934635818004608 
vt 0.24604569375514984 0.1897052824497223 
vt 0.24604569375514984 0.1708015352487564 
vt 0.24928247928619385 0.1705622524023056 
vt 0.24556615948677063 0.15141920745372772 
vt 0.22087067365646362 0.2379218190908432 
vt 0.22218936681747437 0.2389986217021942 
vt 0.20936210453510284 0.2519201636314392 
vt 0.21151995658874512 0.25443267822265625 
vt 0.1959354281425476 0.2649613618850708 
vt 0.19737400114536285 0.26771318912506104 
vt 0.17951174080371857 0.27513110637664795 
vt 0.2322593778371811 0.2239234745502472 
vt 0.2352564036846161 0.22547884285449982 
vt 0.24244925379753113 0.20813046395778656 
vt 0.24544627964496613 0.20896796882152557 
vt 0.24928247928619385 0.1899445801973343 
vt 0.23801365494728088 0.22703421115875244 
vt 0.22722436487674713 0.24318616092205048 
vt 0.22482675313949585 0.24115221202373505 
vt 0.20420722663402557 0.14782989025115967 
vt 0.20708435773849487 0.11971354484558105 
vt 0.18910221755504608 0.14208698272705078 
vt 0.1923390030860901 0.11085989326238632 
vt 0.17591530084609985 0.10475804656744003 
vt 0.19365769624710083 0.09997228533029556 
vt 0.1771141141653061 0.09327222406864166 
vt 0.1775936335325241 0.09159720689058304 
vt 0.15973137319087982 0.08968290686607361 
vt 0.15985125303268433 0.08800788968801498 
vt 0.14162933826446533 0.08800788968801498 
vt 0.16021089255809784 0.08465785533189774 
vt 0.14138957858085632 0.08465785533189774 
vt 0.1410299390554428 0.08154711127281189 
vt 0.12292790412902832 0.08836682140827179 
vt 0.12196885049343109 0.08537571877241135 
vt 0.10410658270120621 0.09279365092515945 
vt 0.16045065224170685 0.08154711127281189 
vt 0.17951174080371857 0.08537571877241135 
vt 0.17855268716812134 0.08836682140827179 
vt 0.19437697529792786 0.09853655844926834 
vt 0.20840305089950562 0.10990273952484131 
vt 0.2199116349220276 0.13084043562412262 
vt 0.18502625823020935 0.1836034506559372 
vt 0.1681230366230011 0.18192842602729797 
vt 0.16380731761455536 0.22595742344856262 
vt 0.14630469679832458 0.2251199185848236 
vt 0.14294803142547607 0.2589791715145111 
vt 0.1255652904510498 0.25574877858161926 
vt 0.12436647713184357 0.26723459362983704 
vt 0.10782289505004883 0.26053452491760254 
vt 0.1071036085486412 0.26197025179862976 
vt 0.09199860692024231 0.2519201636314392 
vt 0.08984074741601944 0.25443267822265625 
vt 0.08792264759540558 0.2569452226161957 
vt 0.0765339583158493 0.24115221202373505 
vt 0.07413633167743683 0.24318616092205048 
vt 0.06334704160690308 0.22691456973552704 
vt 0.06610430777072906 0.22547884285449982 
vt 0.06910133361816406 0.2239234745502472 
vt 0.07917133718729019 0.2389986217021942 
vt 0.08049003034830093 0.2379218190908432 
vt 0.09307753294706345 0.2506040930747986 
vt 0.09439622610807419 0.24079327285289764 
vt 0.10914158821105957 0.24964693188667297 
vt 0.11237837374210358 0.2183002084493637 
vt 0.12892195582389832 0.22260738909244537 
vt 0.13323767483234406 0.17845875024795532 
vt 0.15074029564857483 0.18025341629981995 
vt 0.15517589449882507 0.13538691401481628 
vt 0.17255863547325134 0.13789942860603333 
vt 0.07065978646278381 0.22308596968650818 
vt 0.07125919312238693 0.2166251838207245 
vt 0.08156895637512207 0.22966638207435608 
vt 0.08372681587934494 0.20573759078979492 
vt 0.09727336466312408 0.21267694234848022 
vt 0.1009896770119667 0.17534801363945007 
vt 0.11645432561635971 0.1769033819437027 
vt 0.12053028494119644 0.13538691401481628 
vt 0.1375533789396286 0.13442975282669067 
vt 0.1407901644706726 0.10128837078809738 
vt 0.15853255987167358 0.10152766108512878 
vt 0.07197847962379456 0.1976017951965332 
vt 0.0735369324684143 0.17259620130062103 
vt 0.08672384172677994 0.17391228675842285 
vt 0.09008050709962845 0.14220662415027618 
vt 0.10458610951900482 0.13801908493041992 
vt 0.10734337568283081 0.1097830981016159 
vt 0.12352730333805084 0.10404018312692642 
vt 0.12436647713184357 0.09315258264541626 
vt 0.14186909794807434 0.08968290686607361 
vt 0.07689359784126282 0.14771024882793427 
vt 0.07989062368869781 0.1290457844734192 
vt 0.09259800612926483 0.11827781796455383 
vt 0.09307753294706345 0.10990273952484131 
vt 0.10794277489185333 0.09997228533029556 
vt 0.1071036085486412 0.09853655844926834 
vt 0.12388695031404495 0.09159720689058304 
vt 0.06742300093173981 0.15237635374069214 
vt 0.0639464482665062 0.17163904011249542 
vt 0.06358680874109268 0.1912606656551361 
vt 0.06035001948475838 0.1712801158428192 
vt 0.06035001948475838 0.18910707533359528 
vt 0.05867168679833412 0.18934635818004608 
vt 0.06382656842470169 0.20669473707675934 
vt 0.062148235738277435 0.20717331767082214 
vt 0.05891144648194313 0.20813046395778656 
vt 0.05591442435979843 0.20896796882152557 
vt 0.05219811201095581 0.1899445801973343 
vt 0.05531501770019531 0.1895856410264969 
vt 0.05531501770019531 0.1708015352487564 
vt 0.05867168679833412 0.1711604744195938 
vt 0.062148235738277435 0.15333351492881775 
vt 0.06382656842470169 0.15381208062171936 
vt 0.07065978646278381 0.1373012214899063 
vt 0.07233811914920807 0.13897623121738434 
vt 0.08049003034830093 0.1224653571844101 
vt 0.0792912170290947 0.12138856202363968 
vt 0.09199860692024231 0.10858665406703949 
vt 0.08996062725782394 0.10595449060201645 
vt 0.10554515570402145 0.0955454632639885 
vt 0.05219811201095581 0.1705622524023056 
vt 0.056034304201602936 0.15141920745372772 
vt 0.05903133004903793 0.15237635374069214 
vt 0.06622418761253357 0.13502797484397888 
vt 0.06910133361816406 0.1365833580493927 
vt 0.06334704160690308 0.13347260653972626 
vt 0.07425621896982193 0.11732067167758942 
vt 0.07665383815765381 0.11935461312532425 
vt 0.06574466824531555 0.20537865161895752 
vt 0.22734425961971283 0.11732067167758942 
vt 0.23813354969024658 0.13347260653972626 
vt 0.08792264759540558 0.10356160998344421 
vt 0.21355794370174408 0.2569452226161957 
vt 0.3461463153362274 0.1912606656551361 
s on 
f 1/1/1 2/2/2 3/3/3 
f 2/2/2 4/4/4 3/3/3 
f 3/3/3 4/4/4 5/5/5 
f 4/4/4 6/6/6 5/5/5 
f 5/5/5 6/6/6 7/7/7 
f 6/6/6 8/8/8 7/7/7 
f 7/7/7 8/8/8 9/9/9 
f 8/8/8 10/10/10 9/9/9 
f 9/9/9 10/10/10 11/11/11 
f 10/10/10 12/12/12 11/11/11 
f 11/11/11 12/12/12 13/13/13 
f 12/12/12 14/14/14 13/13/13 
f 13/13/13 14/14/14 15/15/15 
f 14/14/14 16/16/16 15/15/15 
f 15/15/15 16/16/16 17/17/17 
f 16/16/16 18/18/18 17/17/17 
f 17/17/17 18/18/18 19/19/19 
f 18/18/18 19/19/19 19/19/19 
f 19/19/19 19/19/19 17/17/17 
f 19/19/19 17/17/17 17/17/17 
f 17/17/17 17/17/17 17/17/17 
f 17/17/17 20/20/20 17/17/17 
f 17/17/17 20/20/20 15/15/15 
f 20/20/20 21/21/21 15/15/15 
f 15/15/15 21/21/21 22/22/22 
f 21/21/21 23/23/23 22/22/22 
f 22/22/22 23/23/23 11/11/11 
f 23/23/23 24/24/24 11/11/11 
f 11/11/11 24/24/24 9/9/9 
f 24/24/24 25/25/25 9/9/9 
f 9/9/9 25/25/25 26/26/26 
f 25/25/25 27/27/27 26/26/26 
f 26/26/26 27/27/27 5/5/5 
f 27/27/27 28/28/28 5/5/5 
f 5/5/5 28/28/28 3/3/3 
f 28/28/28 3/3/3 3/3/3 
f 3/3/3 3/3/3 22/22/22 
f 3/3/3 22/22/22 22/22/22 
f 22/22/22 22/22/22 22/22/22 
f 22/22/22 11/11/11 22/22/22 
f 22/22/22 11/11/11 15/15/15 
f 11/11/11 13/13/13 15/15/15 
f 15/15/15 13/13/13 13/13/13 
f 13/13/13 29/29/29 13/13/13 
f 13/13/13 29/29/29 29/29/29 
f 29/29/29 30/30/30 29/29/29 
f 29/29/29 30/30/30 31/31/31 
f 30/30/30 32/32/32 31/31/31 
f 31/31/31 32/32/32 33/33/33 
f 32/32/32 34/34/34 33/33/33 
f 33/33/33 34/34/34 35/35/35 
f 34/34/34 36/36/36 35/35/35 
f 35/35/35 36/36/36 37/37/37 
f 36/36/36 38/38/38 37/37/37 
f 37/37/37 38/38/38 39/39/39 
f 38/38/38 40/40/40 39/39/39 
f 39/39/39 40/40/40 41/41/41 
f 40/40/40 42/42/42 41/41/41 
f 41/41/41 42/42/42 43/43/43 
f 42/42/42 44/44/44 43/43/43 
f 43/43/43 44/44/44 45/45/45 
f 44/44/44 46/46/46 45/45/45 
f 45/45/45 46/46/46 47/47/47 
f 46/46/46 48/48/48 47/47/47 
f 47/47/47 48/48/48 48/48/48 
f 48/48/48 34/34/34 48/48/48 
f 48/48/48 34/34/34 34/34/34 
f 34/34/34 49/49/49 34/34/34 
f 34/34/34 49/49/49 36/36/36 
f 49/49/49 50/50/50 36/36/36 
f 36/36/36 50/50/50 51/51/51 
f 50/50/50 52/52/52 51/51/51 
f 51/51/51 52/52/52 40/40/40 
f 52/52/52 53/53/53 40/40/40 
f 40/40/40 53/53/53 42/42/42 
f 53/53/53 54/54/54 42/42/42 
f 42/42/42 54/54/54 55/55/55 
f 54/54/54 56/56/56 55/55/55 
f 55/55/55 56/56/56 46/46/46 
f 56/56/56 57/57/57 46/46/46 
f 46/46/46 57/57/57 48/48/48 
f 57/57/57 58/58/58 48/48/48 
f 48/48/48 58/58/58 59/59/59 
f 58/58/58 60/60/60 59/59/59 
f 59/59/59 60/60/60 60/60/60 
f 60/60/60 50/50/50 60/60/60 
f 60/60/60 50/50/50 50/50/50 
f 50/50/50 61/61/61 50/50/50 
f 50/50/50 61/61/61 52/52/52 
f 61/61/61 62/62/62 52/52/52 
f 52/52/52 62/62/62 63/63/63 
f 62/62/62 64/64/64 63/63/63 
f 63/63/63 64/64/64 54/54/54 
f 64/64/64 65/65/65 54/54/54 
f 54/54/54 65/65/65 56/56/56 
f 65/65/65 66/66/66 56/56/56 
f 56/56/56 66/66/66 67/67/67 
f 66/66/66 68/68/68 67/67/67 
f 67/67/67 68/68/68 58/58/58 
f 68/68/68 69/69/69 58/58/58 
f 58/58/58 69/69/69 60/60/60 
f 69/69/69 70/70/70 60/60/60 
f 60/60/60 70/70/70 71/71/71 
f 70/70/70 72/72/72 71/71/71 
f 71/71/71 72/72/72 72/72/72 
f 72/72/72 62/62/62 72/72/72 
f 72/72/72 62/62/62 62/62/62 
f 62/62/62 73/73/73 62/62/62 
f 62/62/62 73/73/73 64/64/64 
f 73/73/73 74/74/74 64/64/64 
f 64/64/64 74/74/74 75/75/75 
f 74/74/74 76/76/76 75/75/75 
f 75/75/75 76/76/76 66/66/66 
f 76/76/76 77/77/77 66/66/66 
f 66/66/66 77/77/77 68/68/68 
f 77/77/77 78/78/78 68/68/68 
f 68/68/68 78/78/78 79/79/79 
f 78/78/78 80/80/80 79/79/79 
f 79/79/79 80/80/80 70/70/70 
f 80/80/80 81/81/81 70/70/70 
f 70/70/70 81/81/81 72/72/72 
f 81/81/81 82/82/82 72/72/72 
f 72/72/72 82/82/82 83/83/83 
f 82/82/82 84/84/84 83/83/83 
f 83/83/83 84/84/84 84/84/84 
f 84/84/84 74/74/74 84/84/84 
f 84/84/84 74/74/74 74/74/74 
f 74/74/74 85/85/85 74/74/74 
f 74/74/74 85/85/85 76/76/76 
f 85/85/85 86/86/86 76/76/76 
f 76/76/76 86/86/86 87/87/87 
f 86/86/86 88/88/88 87/87/87 
f 87/87/87 88/88/88 78/78/78 
f 88/88/88 89/89/89 78/78/78 
f 78/78/78 89/89/89 80/80/80 
f 89/89/89 90/90/90 80/80/80 
f 80/80/80 90/90/90 91/91/91 
f 90/90/90 92/92/92 91/91/91 
f 91/91/91 92/92/92 82/82/82 
f 92/92/92 93/93/93 82/82/82 
f 82/82/82 93/93/93 84/84/84 
f 93/93/93 94/94/94 84/84/84 
f 84/84/84 94/94/94 95/95/95 
f 94/94/94 96/96/96 95/95/95 
f 95/95/95 96/96/96 96/96/96 
f 96/96/96 86/86/86 96/96/96 
f 96/96/96 86/86/86 86/86/86 
f 86/86/86 97/97/97 86/86/86 
f 86/86/86 97/97/97 88/88/88 
f 97/97/97 98/98/98 88/88/88 
f 88/88/88 98/98/98 99/99/99 
f 98/98/98 100/100/100 99/99/99 
f 99/99/99 100/100/100 90/90/90 
f 100/100/100 101/101/101 90/90/90 
f 90/90/90 101/101/101 92/92/92 
f 101/101/101 102/102/102 92/92/92 
f 92/92/92 102/102/102 103/103/103 
f 102/102/102 104/104/104 103/103/103 
f 103/103/103 104/104/104 94/94/94 
f 104/104/104 105/105/105 94/94/94 
f 94/94/94 105/105/105 96/96/96 
f 105/105/105 106/106/106 96/96/96 
f 96/96/96 106/106/106 107/107/107 
f 106/106/106 108/108/108 107/107/107 
f 107/107/107 108/108/108 108/108/108 
f 108/108/108 98/98/98 108/108/108 
f 108/108/108 98/98/98 98/98/98 
f 98/98/98 109/109/109 98/98/98 
f 98/98/98 109/109/109 100/100/100 
f 109/109/109 110/110/110 100/100/100 
f 100/100/100 110/110/110 111/111/111 
f 110/110/110 112/112/112 111/111/111 
f 111/111/111 112/112/112 102/102/102 
f 112/112/112 113/113/113 102/102/102 
f 102/102/102 113/113/113 104/104/104 
f 113/113/113 114/114/114 104/104/104 
f 104/104/104 114/114/114 115/115/115 
f 114/114/114 116/116/116 115/115/115 
f 115/115/115 116/116/116 106/106/106 
f 116/116/116 117/117/117 106/106/106 
f 106/106/106 117/117/117 108/108/108 
f 117/117/117 118/118/118 108/108/108 
f 108/108/108 118/118/118 119/119/119 
f 118/118/118 120/120/120 119/119/119 
f 119/119/119 120/120/120 120/120/120 
f 120/120/120 110/110/110 120/120/120 
f 120/120/120 110/110/110 110/110/110 
f 110/110/110 121/121/121 110/110/110 
f 110/110/110 121/121/121 112/112/112 
f 121/121/121 122/122/122 112/112/112 
f 112/112/112 122/122/122 123/123/123 
f 122/122/122 124/124/124 123/123/123 
f 123/123/123 124/124/124 114/114/114 
f 124/124/124 125/125/125 114/114/114 
f 114/114/114 125/125/125 116/116/116 
f 125/125/125 126/126/126 116/116/116 
f 116/116/116 126/126/126 127/127/127 
f 126/126/126 128/128/128 127/127/127 
f 127/127/127 128/128/128 118/118/118 
f 128/128/128 129/129/129 118/118/118 
f 118/118/118 129/129/129 120/120/120 
f 129/129/129 130/130/130 120/120/120 
f 120/120/120 130/130/130 131/131/131 
f 130/130/130 132/132/132 131/131/131 
f 131/131/131 132/132/132 132/132/132 
f 132/132/132 122/122/122 132/132/132 
f 132/132/132 122/122/122 122/122/122 
f 122/122/122 133/133/133 122/122/122 
f 122/122/122 133/133/133 124/124/124 
f 133/133/133 134/134/134 124/124/124 
f 124/124/124 134/134/134 135/135/135 
f 134/134/134 136/136/136 135/135/135 
f 135/135/135 136/136/136 126/126/126 
f 136/136/136 137/137/137 126/126/126 
f 126/126/126 137/137/137 128/128/128 
f 137/137/137 138/138/138 128/128/128 
f 128/128/128 138/138/138 139/139/139 
f 138/138/138 140/140/140 139/139/139 
f 139/139/139 140/140/140 130/130/130 
f 140/140/140 141/141/141 130/130/130 
f 130/130/130 141/141/141 132/132/132 
f 141/141/141 142/142/142 132/132/132 
f 132/132/132 142/142/142 143/143/143 
f 142/142/142 144/144/144 143/143/143 
f 143/143/143 144/144/144 144/144/144 
f 144/144/144 142/142/142 144/144/144 
f 144/144/144 142/142/142 145/145/145 
f 142/142/142 146/146/146 145/145/145 
f 145/145/145 146/146/146 147/147/147 
f 146/146/146 148/148/148 147/147/147 
f 147/147/147 148/148/148 149/149/149 
f 148/148/148 150/150/150 149/149/149 
f 149/149/149 150/150/150 151/151/151 
f 150/150/150 152/152/152 151/151/151 
f 151/151/151 152/152/152 21/21/21 
f 152/152/152 153/153/153 21/21/21 
f 21/21/21 153/153/153 23/23/23 
f 153/153/153 154/154/154 23/23/23 
f 23/23/23 154/154/154 155/155/155 
f 154/154/154 156/156/156 155/155/155 
f 155/155/155 156/156/156 25/25/25 
f 156/156/156 157/157/157 25/25/25 
f 25/25/25 157/157/157 27/27/27 
f 157/157/157 27/27/27 27/27/27 
f 27/27/27 27/27/27 146/146/146 
f 27/27/27 146/146/146 146/146/146 
f 146/146/146 146/146/146 146/146/146 
f 146/146/146 142/142/142 146/146/146 
f 146/146/146 142/142/142 158/158/158 
f 142/142/142 140/140/140 158/158/158 
f 158/158/158 140/140/140 159/159/159 
f 140/140/140 160/160/160 159/159/159 
f 159/159/159 160/160/160 161/161/161 
f 160/160/160 138/138/138 161/161/161 
f 161/161/161 138/138/138 162/162/162 
f 138/138/138 136/136/136 162/162/162 
f 162/162/162 136/136/136 163/163/163 
f 136/136/136 164/164/164 163/163/163 
f 163/163/163 164/164/164 165/165/165 
f 164/164/164 134/134/134 165/165/165 
f 165/165/165 134/134/134 166/166/166 
f 134/134/134 167/167/167 166/166/166 
f 166/166/166 167/167/167 167/167/167 
f 167/167/167 165/165/165 167/167/167 
f 167/167/167 165/165/165 165/165/165 
f 165/165/165 168/168/168 165/165/165 
f 165/165/165 168/168/168 163/163/163 
f 168/168/168 169/169/169 163/163/163 
f 163/163/163 169/169/169 170/170/170 
f 169/169/169 171/171/171 170/170/170 
f 170/170/170 171/171/171 161/161/161 
f 171/171/171 172/172/172 161/161/161 
f 161/161/161 172/172/172 159/159/159 
f 172/172/172 173/173/173 159/159/159 
f 159/159/159 173/173/173 174/174/174 
f 173/173/173 150/150/150 174/174/174 
f 174/174/174 150/150/150 146/146/146 
f 150/150/150 148/148/148 146/146/146 
f 146/146/146 148/148/148 148/148/148 
f 148/148/148 169/169/169 148/148/148 
f 148/148/148 169/169/169 169/169/169 
f 169/169/169 175/175/175 169/169/169 
f 169/169/169 175/175/175 171/171/171 
f 175/175/175 176/176/176 171/171/171 
f 171/171/171 176/176/176 177/177/177 
f 176/176/176 178/178/178 177/177/177 
f 177/177/177 178/178/178 173/173/173 
f 178/178/178 179/179/179 173/173/173 
f 173/173/173 179/179/179 150/150/150 
f 179/179/179 152/152/152 150/150/150 
f 150/150/150 152/152/152 152/152/152 
f 152/152/152 176/176/176 152/152/152 
f 152/152/152 176/176/176 176/176/176 
f 176/176/176 180/180/180 176/176/176 
f 176/176/176 180/180/180 178/178/178 
f 180/180/180 181/181/181 178/178/178 
f 178/178/178 181/181/181 182/182/182 
f 181/181/181 154/154/154 182/182/182 
f 182/182/182 154/154/154 152/152/152 
f 154/154/154 153/153/153 152/152/152 
f 152/152/152 153/153/153 153/153/153 
f 153/153/153 182/182/182 153/153/153 
f 153/153/153 182/182/182 182/182/182 
f 182/182/182 152/152/152 182/182/182 
f 182/182/182 152/152/152 178/178/178 
f 152/152/152 179/179/179 178/178/178 
f 178/178/178 179/179/179 179/179/179 
f 179/179/179 183/183/183 179/179/179 
f 179/179/179 183/183/183 183/183/183 
f 183/183/183 184/184/184 183/183/183 
f 183/183/183 184/184/184 185/185/185 
f 184/184/184 186/186/186 185/185/185 
f 185/185/185 186/186/186 186/186/186 
f 186/186/186 187/187/187 186/186/186 
f 186/186/186 187/187/187 187/187/187 
f 187/187/187 188/188/188 187/187/187 
f 187/187/187 188/188/188 189/189/189 
f 188/188/188 190/190/190 189/189/189 
f 189/189/189 190/190/190 191/191/191 
f 190/190/190 192/192/192 191/191/191 
f 191/191/191 192/192/192 193/193/193 
f 192/192/192 194/194/194 193/193/193 
f 193/193/193 194/194/194 195/195/195 
f 194/194/194 196/196/196 195/195/195 
f 195/195/195 196/196/196 197/197/197 
f 196/196/196 198/198/198 197/197/197 
f 197/197/197 198/198/198 199/199/199 
f 198/198/198 200/200/200 199/199/199 
f 199/199/199 200/200/200 201/201/201 
f 200/200/200 202/202/202 201/201/201 
f 201/201/201 202/202/202 203/203/203 
f 202/202/202 204/204/204 203/203/203 
f 203/203/203 204/204/204 205/205/205 
f 204/204/204 206/206/206 205/205/205 
f 205/205/205 206/206/206 207/207/207 
f 206/206/206 208/208/208 207/207/207 
f 207/207/207 208/208/208 209/209/209 
f 208/208/208 209/209/209 209/209/209 
f 209/209/209 209/209/209 209/209/209 
f 209/209/209 210/210/210 209/209/209 
f 209/209/209 210/210/210 207/207/207 
f 210/210/210 211/211/211 207/207/207 
f 207/207/207 211/211/211 205/205/205 
f 211/211/211 212/212/212 205/205/205 
f 205/205/205 212/212/212 203/203/203 
f 212/212/212 213/213/213 203/203/203 
f 203/203/203 213/213/213 201/201/201 
f 213/213/213 214/214/214 201/201/201 
f 201/201/201 214/214/214 199/199/199 
f 214/214/214 215/215/215 199/199/199 
f 199/199/199 215/215/215 197/197/197 
f 215/215/215 216/216/216 197/197/197 
f 197/197/197 216/216/216 195/195/195 
f 216/216/216 195/195/195 195/195/195 
f 195/195/195 195/195/195 210/210/210 
f 195/195/195 210/210/210 210/210/210 
f 210/210/210 210/210/210 210/210/210 
f 210/210/210 217/217/217 210/210/210 
f 210/210/210 217/217/217 211/211/211 
f 217/217/217 218/218/218 211/211/211 
f 211/211/211 218/218/218 212/212/212 
f 218/218/218 219/219/219 212/212/212 
f 212/212/212 219/219/219 213/213/213 
f 219/219/219 220/220/220 213/213/213 
f 213/213/213 220/220/220 214/214/214 
f 220/220/220 221/221/221 214/214/214 
f 214/214/214 221/221/221 222/222/222 
f 221/221/221 223/223/223 222/222/222 
f 222/222/222 223/223/223 223/223/223 
f 223/223/223 117/117/117 223/223/223 
f 223/223/223 117/117/117 117/117/117 
f 117/117/117 116/116/116 117/117/117 
f 117/117/117 116/116/116 118/118/118 
f 116/116/116 127/127/127 118/118/118 
f 118/118/118 127/127/127 127/127/127 
f 127/127/127 156/156/156 127/127/127 
f 127/127/127 156/156/156 156/156/156 
f 156/156/156 154/154/154 156/156/156 
f 156/156/156 154/154/154 224/224/224 
f 154/154/154 181/181/181 224/224/224 
f 224/224/224 181/181/181 181/181/181 
f 181/181/181 208/208/208 181/181/181 
f 181/181/181 208/208/208 208/208/208 
f 208/208/208 206/206/206 208/208/208 
f 208/208/208 206/206/206 225/225/225 
f 206/206/206 226/226/226 225/225/225 
f 225/225/225 226/226/226 227/227/227 
f 226/226/226 228/228/228 227/227/227 
f 227/227/227 228/228/228 229/229/229 
f 228/228/228 230/230/230 229/229/229 
f 229/229/229 230/230/230 231/231/231 
f 230/230/230 232/232/232 231/231/231 
f 231/231/231 232/232/232 232/232/232 
f 232/232/232 230/230/230 232/232/232 
f 232/232/232 230/230/230 233/233/233 
f 230/230/230 234/234/234 233/233/233 
f 233/233/233 234/234/234 235/235/235 
f 234/234/234 236/236/236 235/235/235 
f 235/235/235 236/236/236 237/237/237 
f 236/236/236 238/238/238 237/237/237 
f 237/237/237 238/238/238 239/239/239 
f 238/238/238 198/198/198 239/239/239 
f 239/239/239 198/198/198 196/196/196 
f 198/198/198 196/196/196 196/196/196 
f 196/196/196 196/196/196 196/196/196 
f 196/196/196 194/194/194 196/196/196 
f 196/196/196 194/194/194 239/239/239 
f 194/194/194 240/240/240 239/239/239 
f 239/239/239 240/240/240 237/237/237 
f 240/240/240 241/241/241 237/237/237 
f 237/237/237 241/241/241 235/235/235 
f 241/241/241 242/242/242 235/235/235 
f 235/235/235 242/242/242 233/233/233 
f 242/242/242 243/243/243 233/233/233 
f 233/233/233 243/243/243 244/244/244 
f 243/243/243 244/244/244 244/244/244 
f 244/244/244 244/244/244 194/194/194 
f 244/244/244 194/194/194 194/194/194 
f 194/194/194 194/194/194 194/194/194 
f 194/194/194 192/192/192 194/194/194 
f 194/194/194 192/192/192 240/240/240 
f 192/192/192 245/245/245 240/240/240 
f 240/240/240 245/245/245 241/241/241 
f 245/245/245 246/246/246 241/241/241 
f 241/241/241 246/246/246 242/242/242 
f 246/246/246 247/247/247 242/242/242 
f 242/242/242 247/247/247 243/243/243 
f 247/247/247 243/243/243 243/243/243 
f 243/243/243 243/243/243 192/192/192 
f 243/243/243 192/192/192 192/192/192 
f 192/192/192 192/192/192 192/192/192 
f 192/192/192 190/190/190 192/192/192 
f 192/192/192 190/190/190 245/245/245 
f 190/190/190 248/248/248 245/245/245 
f 245/245/245 248/248/248 246/246/246 
f 248/248/248 249/249/249 246/246/246 
f 246/246/246 249/249/249 247/247/247 
f 249/249/249 247/247/247 247/247/247 
f 247/247/247 247/247/247 249/249/249 
f 247/247/247 249/249/249 249/249/249 
f 249/249/249 249/249/249 249/249/249 
f 249/249/249 248/248/248 249/249/249 
f 249/249/249 248/248/248 250/250/250 
f 248/248/248 251/251/251 250/250/250 
f 250/250/250 251/251/251 251/251/251 
f 251/251/251 252/252/252 251/251/251 
f 251/251/251 252/252/252 252/252/252 
f 252/252/252 253/253/253 252/252/252 
f 252/252/252 253/253/253 254/254/254 
f 253/253/253 255/255/255 254/254/254 
f 254/254/254 255/255/255 255/255/255 
f 255/255/255 256/256/256 255/255/255 
f 255/255/255 256/256/256 256/256/256 
f 256/256/256 257/257/257 256/256/256 
f 256/256/256 257/257/257 258/258/258 
f 257/257/257 259/259/259 258/258/258 
f 258/258/258 259/259/259 259/259/259 
f 259/259/259 195/195/195 259/259/259 
f 259/259/259 195/195/195 195/195/195 
f 195/195/195 260/260/260 195/195/195 
f 195/195/195 260/260/260 261/261/261 
f 260/260/260 262/262/262 261/261/261 
f 261/261/261 262/262/262 263/263/263 
f 262/262/262 264/264/264 263/263/263 
f 263/263/263 264/264/264 264/264/264 
f 264/264/264 230/230/230 264/264/264 
f 264/264/264 230/230/230 230/230/230 
f 230/230/230 265/265/265 230/230/230 
f 230/230/230 265/265/265 234/234/234 
f 265/265/265 266/266/266 234/234/234 
f 234/234/234 266/266/266 236/236/236 
f 266/266/266 267/267/267 236/236/236 
f 236/236/236 267/267/267 238/238/238 
f 267/267/267 200/200/200 238/238/238 
f 238/238/238 200/200/200 198/198/198 
f 200/200/200 198/198/198 198/198/198 
f 198/198/198 198/198/198 200/200/200 
f 198/198/198 200/200/200 200/200/200 
f 200/200/200 200/200/200 200/200/200 
f 200/200/200 267/267/267 200/200/200 
f 200/200/200 267/267/267 202/202/202 
f 267/267/267 268/268/268 202/202/202 
f 202/202/202 268/268/268 204/204/204 
f 268/268/268 269/269/269 204/204/204 
f 204/204/204 269/269/269 206/206/206 
f 269/269/269 206/206/206 206/206/206 
f 206/206/206 206/206/206 267/267/267 
f 206/206/206 267/267/267 267/267/267 
f 267/267/267 267/267/267 267/267/267 
f 267/267/267 266/266/266 267/267/267 
f 267/267/267 266/266/266 268/268/268 
f 266/266/266 269/269/269 268/268/268 
f 268/268/268 269/269/269 269/269/269 
f 269/269/269 270/270/270 269/269/269 
f 269/269/269 270/270/270 270/270/270 
f 270/270/270 271/271/271 270/270/270 
f 270/270/270 271/271/271 272/272/272 
f 271/271/271 273/273/273 272/272/272 
f 272/272/272 273/273/273 273/273/273 
f 273/273/273 274/274/274 273/273/273 
f 273/273/273 274/274/274 274/274/274 
f 274/274/274 275/275/275 274/274/274 
f 274/274/274 275/275/275 276/276/276 
f 275/275/275 277/277/277 276/276/276 
f 276/276/276 277/277/277 277/277/277 
f 277/277/277 129/129/129 277/277/277 
f 277/277/277 129/129/129 129/129/129 
f 129/129/129 128/128/128 129/129/129 
f 129/129/129 128/128/128 130/130/130 
f 128/128/128 139/139/139 130/130/130 
f 130/130/130 139/139/139 139/139/139 
f 139/139/139 135/135/135 139/139/139 
f 139/139/139 135/135/135 135/135/135 
f 135/135/135 126/126/126 135/135/135 
f 135/135/135 126/126/126 124/124/124 
f 126/126/126 125/125/125 124/124/124 
f 124/124/124 125/125/125 125/125/125 
f 125/125/125 278/278/278 125/125/125 
f 125/125/125 278/278/278 278/278/278 
f 278/278/278 279/279/279 278/278/278 
f 278/278/278 279/279/279 280/280/280 
f 279/279/279 281/281/281 280/280/280 
f 280/280/280 281/281/281 281/281/281 
f 281/281/281 174/174/174 281/281/281 
f 281/281/281 174/174/174 174/174/174 
f 174/174/174 146/146/146 174/174/174 
f 174/174/174 146/146/146 159/159/159 
f 146/146/146 158/158/158 159/159/159 
f 159/159/159 158/158/158 158/158/158 
f 158/158/158 162/162/162 158/158/158 
f 158/158/158 162/162/162 162/162/162 
f 162/162/162 163/163/163 162/162/162 
f 162/162/162 163/163/163 161/161/161 
f 163/163/163 170/170/170 161/161/161 
f 161/161/161 170/170/170 170/170/170 
f 170/170/170 282/282/282 170/170/170 
f 170/170/170 282/282/282 282/282/282 
f 282/282/282 283/283/283 282/282/282 
f 282/282/282 283/283/283 284/284/284 
f 283/283/283 285/285/285 284/284/284 
f 284/284/284 285/285/285 286/286/286 
f 285/285/285 287/287/287 286/286/286 
f 286/286/286 287/287/287 288/288/288 
f 287/287/287 289/289/289 288/288/288 
f 288/288/288 289/289/289 290/290/290 
f 289/289/289 291/291/291 290/290/290 
f 290/290/290 291/291/291 292/292/292 
f 291/291/291 293/293/293 292/292/292 
f 292/292/292 293/293/293 294/294/294 
f 293/293/293 295/295/295 294/294/294 
f 294/294/294 295/295/295 296/296/296 
f 295/295/295 297/297/297 296/296/296 
f 296/296/296 297/297/297 298/298/298 
f 297/297/297 299/299/299 298/298/298 
f 298/298/298 299/299/299 300/300/300 
f 299/299/299 301/301/301 300/300/300 
f 300/300/300 301/301/301 302/302/302 
f 301/301/301 303/303/303 302/302/302 
f 302/302/302 303/303/303 303/303/303 
f 303/303/303 287/287/287 303/303/303 
f 303/303/303 287/287/287 287/287/287 
f 287/287/287 304/304/304 287/287/287 
f 287/287/287 304/304/304 289/289/289 
f 304/304/304 305/305/305 289/289/289 
f 289/289/289 305/305/305 306/306/306 
f 305/305/305 307/307/307 306/306/306 
f 306/306/306 307/307/307 293/293/293 
f 307/307/307 308/308/308 293/293/293 
f 293/293/293 308/308/308 295/295/295 
f 308/308/308 309/309/309 295/295/295 
f 295/295/295 309/309/309 310/310/310 
f 309/309/309 311/311/311 310/310/310 
f 310/310/310 311/311/311 299/299/299 
f 311/311/311 312/312/312 299/299/299 
f 299/299/299 312/312/312 301/301/301 
f 312/312/312 313/313/313 301/301/301 
f 301/301/301 313/313/313 314/314/314 
f 313/313/313 315/315/315 314/314/314 
f 314/314/314 315/315/315 316/316/316 
f 315/315/315 317/317/317 316/316/316 
f 316/316/316 317/317/317 317/317/317 
f 317/317/317 305/305/305 317/317/317 
f 317/317/317 305/305/305 305/305/305 
f 305/305/305 318/318/318 305/305/305 
f 305/305/305 318/318/318 307/307/307 
f 318/318/318 319/319/319 307/307/307 
f 307/307/307 319/319/319 320/320/320 
f 319/319/319 321/321/321 320/320/320 
f 320/320/320 321/321/321 309/309/309 
f 321/321/321 322/322/322 309/309/309 
f 309/309/309 322/322/322 311/311/311 
f 322/322/322 323/323/323 311/311/311 
f 311/311/311 323/323/323 324/324/324 
f 323/323/323 325/325/325 324/324/324 
f 324/324/324 325/325/325 313/313/313 
f 325/325/325 326/326/326 313/313/313 
f 313/313/313 326/326/326 315/315/315 
f 326/326/326 327/327/327 315/315/315 
f 315/315/315 327/327/327 328/328/328 
f 327/327/327 329/329/329 328/328/328 
f 328/328/328 329/329/329 330/330/330 
f 329/329/329 331/331/331 330/330/330 
f 330/330/330 331/331/331 331/331/331 
f 331/331/331 319/319/319 331/331/331 
f 331/331/331 319/319/319 319/319/319 
f 319/319/319 332/332/332 319/319/319 
f 319/319/319 332/332/332 321/321/321 
f 332/332/332 333/333/333 321/321/321 
f 321/321/321 333/333/333 334/334/334 
f 333/333/333 335/335/335 334/334/334 
f 334/334/334 335/335/335 323/323/323 
f 335/335/335 336/336/336 323/323/323 
f 323/323/323 336/336/336 325/325/325 
f 336/336/336 337/337/337 325/325/325 
f 325/325/325 337/337/337 338/338/338 
f 337/337/337 339/339/339 338/338/338 
f 338/338/338 339/339/339 327/327/327 
f 339/339/339 340/340/340 327/327/327 
f 327/327/327 340/340/340 329/329/329 
f 340/340/340 341/341/341 329/329/329 
f 329/329/329 341/341/341 342/342/342 
f 341/341/341 343/343/343 342/342/342 
f 342/342/342 343/343/343 344/344/344 
f 343/343/343 345/345/345 344/344/344 
f 344/344/344 345/345/345 345/345/345 
f 345/345/345 333/333/333 345/345/345 
f 345/345/345 333/333/333 333/333/333 
f 333/333/333 346/346/346 333/333/333 
f 333/333/333 346/346/346 335/335/335 
f 346/346/346 347/347/347 335/335/335 
f 335/335/335 347/347/347 348/348/348 
f 347/347/347 349/349/349 348/348/348 
f 348/348/348 349/349/349 337/337/337 
f 349/349/349 350/350/350 337/337/337 
f 337/337/337 350/350/350 339/339/339 
f 350/350/350 351/351/351 339/339/339 
f 339/339/339 351/351/351 352/352/352 
f 351/351/351 353/353/353 352/352/352 
f 352/352/352 353/353/353 341/341/341 
f 353/353/353 354/354/354 341/341/341 
f 341/341/341 354/354/354 343/343/343 
f 354/354/354 355/355/355 343/343/343 
f 343/343/343 355/355/355 356/356/356 
f 355/355/355 357/357/357 356/356/356 
f 356/356/356 357/357/357 358/358/358 
f 357/357/357 359/359/359 358/358/358 
f 358/358/358 359/359/359 359/359/359 
f 359/359/359 347/347/347 359/359/359 
f 359/359/359 347/347/347 347/347/347 
f 347/347/347 360/360/360 347/347/347 
f 347/347/347 360/360/360 349/349/349 
f 360/360/360 361/361/361 349/349/349 
f 349/349/349 361/361/361 362/362/362 
f 361/361/361 363/363/363 362/362/362 
f 362/362/362 363/363/363 351/351/351 
f 363/363/363 364/364/364 351/351/351 
f 351/351/351 364/364/364 353/353/353 
f 364/364/364 365/365/365 353/353/353 
f 353/353/353 365/365/365 366/366/366 
f 365/365/365 367/367/367 366/366/366 
f 366/366/366 367/367/367 355/355/355 
f 367/367/367 368/368/368 355/355/355 
f 355/355/355 368/368/368 357/357/357 
f 368/368/368 369/369/369 357/357/357 
f 357/357/357 369/369/369 370/370/370 
f 369/369/369 371/371/371 370/370/370 
f 370/370/370 371/371/371 372/372/372 
f 371/371/371 373/373/373 372/372/372 
f 372/372/372 373/373/373 373/373/373 
f 373/373/373 361/361/361 373/373/373 
f 373/373/373 361/361/361 361/361/361 
f 361/361/361 374/374/374 361/361/361 
f 361/361/361 374/374/374 363/363/363 
f 374/374/374 375/375/375 363/363/363 
f 363/363/363 375/375/375 376/376/376 
f 375/375/375 377/377/377 376/376/376 
f 376/376/376 377/377/377 365/365/365 
f 377/377/377 378/378/378 365/365/365 
f 365/365/365 378/378/378 367/367/367 
f 378/378/378 379/379/379 367/367/367 
f 367/367/367 379/379/379 380/380/380 
f 379/379/379 381/381/381 380/380/380 
f 380/380/380 381/381/381 369/369/369 
f 381/381/381 382/382/382 369/369/369 
f 369/369/369 382/382/382 371/371/371 
f 382/382/382 383/383/383 371/371/371 
f 371/371/371 383/383/383 384/384/384 
f 383/383/383 385/385/385 384/384/384 
f 384/384/384 385/385/385 386/386/386 
f 385/385/385 387/387/387 386/386/386 
f 386/386/386 387/387/387 387/387/387 
f 387/387/387 375/375/375 387/387/387 
f 387/387/387 375/375/375 375/375/375 
f 375/375/375 388/388/388 375/375/375 
f 375/375/375 388/388/388 377/377/377 
f 388/388/388 389/389/389 377/377/377 
f 377/377/377 389/389/389 390/390/390 
f 389/389/389 391/391/391 390/390/390 
f 390/390/390 391/391/391 379/379/379 
f 391/391/391 392/392/392 379/379/379 
f 379/379/379 392/392/392 381/381/381 
f 392/392/392 393/393/393 381/381/381 
f 381/381/381 393/393/393 394/394/394 
f 393/393/393 395/395/395 394/394/394 
f 394/394/394 395/395/395 383/383/383 
f 395/395/395 396/396/396 383/383/383 
f 383/383/383 396/396/396 385/385/385 
f 396/396/396 397/397/397 385/385/385 
f 385/385/385 397/397/397 398/398/398 
f 397/397/397 399/399/399 398/398/398 
f 398/398/398 399/399/399 400/400/400 
f 399/399/399 401/401/401 400/400/400 
f 400/400/400 401/401/401 401/401/401 
f 401/401/401 389/389/389 401/401/401 
f 401/401/401 389/389/389 389/389/389 
f 389/389/389 402/402/402 389/389/389 
f 389/389/389 402/402/402 391/391/391 
f 402/402/402 403/403/403 391/391/391 
f 391/391/391 403/403/403 404/404/404 
f 403/403/403 405/405/405 404/404/404 
f 404/404/404 405/405/405 393/393/393 
f 405/405/405 406/406/406 393/393/393 
f 393/393/393 406/406/406 395/395/395 
f 406/406/406 407/407/407 395/395/395 
f 395/395/395 407/407/407 408/408/408 
f 407/407/407 409/409/409 408/408/408 
f 408/408/408 409/409/409 397/397/397 
f 409/409/409 410/410/410 397/397/397 
f 397/397/397 410/410/410 399/399/399 
f 410/410/410 411/411/411 399/399/399 
f 399/399/399 411/411/411 412/412/412 
f 411/411/411 413/413/413 412/412/412 
f 412/412/412 413/413/413 414/414/414 
f 413/413/413 415/415/415 414/414/414 
f 414/414/414 415/415/415 415/415/415 
f 415/415/415 403/403/403 415/415/415 
f 415/415/415 403/403/403 403/403/403 
f 403/403/403 416/416/416 403/403/403 
f 403/403/403 416/416/416 405/405/405 
f 416/416/416 417/417/417 405/405/405 
f 405/405/405 417/417/417 418/418/418 
f 417/417/417 419/419/419 418/418/418 
f 418/418/418 419/419/419 407/407/407 
f 419/419/419 420/420/420 407/407/407 
f 407/407/407 420/420/420 409/409/409 
f 420/420/420 421/421/421 409/409/409 
f 409/409/409 421/421/421 422/422/422 
f 421/421/421 423/423/423 422/422/422 
f 422/422/422 423/423/423 411/411/411 
f 423/423/423 424/424/424 411/411/411 
f 411/411/411 424/424/424 413/413/413 
f 424/424/424 425/425/425 413/413/413 
f 413/413/413 425/425/425 426/426/426 
f 425/425/425 427/427/427 426/426/426 
f 426/426/426 427/427/427 428/428/428 
f 427/427/427 429/429/429 428/428/428 
f 428/428/428 429/429/429 429/429/429 
f 429/429/429 417/417/417 429/429/429 
f 429/429/429 417/417/417 417/417/417 
f 417/417/417 430/430/430 417/417/417 
f 417/417/417 430/430/430 419/419/419 
f 430/430/430 431/431/431 419/419/419 
f 419/419/419 431/431/431 432/432/432 
f 431/431/431 433/433/433 432/432/432 
f 432/432/432 433/433/433 421/421/421 
f 433/433/433 434/434/434 421/421/421 
f 421/421/421 434/434/434 423/423/423 
f 434/434/434 435/435/435 423/423/423 
f 423/423/423 435/435/435 436/436/436 
f 435/435/435 437/437/437 436/436/436 
f 436/436/436 437/437/437 425/425/425 
f 437/437/437 438/438/438 425/425/425 
f 425/425/425 438/438/438 427/427/427 
f 438/438/438 439/439/439 427/427/427 
f 427/427/427 439/439/439 440/440/440 
f 439/439/439 441/441/441 440/440/440 
f 440/440/440 441/441/441 442/442/442 
f 441/441/441 443/443/443 442/442/442 
f 442/442/442 443/443/443 443/443/443 
f 443/443/443 431/431/431 443/443/443 
f 443/443/443 431/431/431 431/431/431 
f 431/431/431 444/444/444 431/431/431 
f 431/431/431 444/444/444 433/433/433 
f 444/444/444 445/445/445 433/433/433 
f 433/433/433 445/445/445 446/446/446 
f 445/445/445 447/447/447 446/446/446 
f 446/446/446 447/447/447 435/435/435 
f 447/447/447 448/448/448 435/435/435 
f 435/435/435 448/448/448 437/437/437 
f 448/448/448 449/449/449 437/437/437 
f 437/437/437 449/449/449 450/450/450 
f 449/449/449 451/451/451 450/450/450 
f 450/450/450 451/451/451 439/439/439 
f 451/451/451 452/452/452 439/439/439 
f 439/439/439 452/452/452 441/441/441 
f 452/452/452 453/453/453 441/441/441 
f 441/441/441 453/453/453 454/454/454 
f 453/453/453 455/455/455 454/454/454 
f 454/454/454 455/455/455 456/456/456 
f 455/455/455 457/457/457 456/456/456 
f 456/456/456 457/457/457 457/457/457 
f 457/457/457 445/445/445 457/457/457 
f 457/457/457 445/445/445 445/445/445 
f 445/445/445 458/458/458 445/445/445 
f 445/445/445 458/458/458 447/447/447 
f 458/458/458 459/459/459 447/447/447 
f 447/447/447 459/459/459 460/460/460 
f 459/459/459 461/461/461 460/460/460 
f 460/460/460 461/461/461 449/449/449 
f 461/461/461 462/462/462 449/449/449 
f 449/449/449 462/462/462 451/451/451 
f 462/462/462 463/463/463 451/451/451 
f 451/451/451 463/463/463 464/464/464 
f 463/463/463 465/465/465 464/464/464 
f 464/464/464 465/465/465 453/453/453 
f 465/465/465 466/466/466 453/453/453 
f 453/453/453 466/466/466 455/455/455 
f 466/466/466 467/467/467 455/455/455 
f 455/455/455 467/467/467 468/468/468 
f 467/467/467 469/469/469 468/468/468 
f 468/468/468 469/469/469 470/470/470 
f 469/469/469 471/471/471 470/470/470 
f 470/470/470 471/471/471 471/471/471 
f 471/471/471 459/459/459 471/471/471 
f 471/471/471 459/459/459 459/459/459 
f 459/459/459 472/472/472 459/459/459 
f 459/459/459 472/472/472 461/461/461 
f 472/472/472 473/473/473 461/461/461 
f 461/461/461 473/473/473 474/474/474 
f 473/473/473 475/475/475 474/474/474 
f 474/474/474 475/475/475 463/463/463 
f 475/475/475 476/476/476 463/463/463 
f 463/463/463 476/476/476 465/465/465 
f 476/476/476 477/477/477 465/465/465 
f 465/465/465 477/477/477 478/478/478 
f 477/477/477 479/479/479 478/478/478 
f 478/478/478 479/479/479 467/467/467 
f 479/479/479 480/480/480 467/467/467 
f 467/467/467 480/480/480 469/469/469 
f 480/480/480 481/481/481 469/469/469 
f 469/469/469 481/481/481 482/482/482 
f 481/481/481 482/482/482 482/482/482 
f 482/482/482 482/482/482 474/474/474 
f 482/482/482 474/474/474 474/474/474 
f 474/474/474 474/474/474 474/474/474 
f 474/474/474 463/463/463 474/474/474 
f 474/474/474 463/463/463 461/461/461 
f 463/463/463 462/462/462 461/461/461 
f 461/461/461 462/462/462 462/462/462 
f 462/462/462 177/177/177 462/462/462 
f 462/462/462 177/177/177 177/177/177 
f 177/177/177 173/173/173 177/177/177 
f 177/177/177 173/173/173 171/171/171 
f 173/173/173 172/172/172 171/171/171 
f 171/171/171 172/172/172 172/172/172 
f 172/172/172 373/373/373 172/172/172 
f 172/172/172 373/373/373 373/373/373 
f 373/373/373 371/371/371 373/373/373 
f 373/373/373 371/371/371 386/386/386 
f 371/371/371 384/384/384 386/386/386 
f 386/386/386 384/384/384 384/384/384 
f 384/384/384 387/387/387 384/384/384 
f 384/384/384 387/387/387 387/387/387 
f 387/387/387 385/385/385 387/387/387 
f 387/387/387 385/385/385 400/400/400 
f 385/385/385 398/398/398 400/400/400 
f 400/400/400 398/398/398 398/398/398 
f 398/398/398 401/401/401 398/398/398 
f 398/398/398 401/401/401 401/401/401 
f 401/401/401 399/399/399 401/401/401 
f 401/401/401 399/399/399 414/414/414 
f 399/399/399 412/412/412 414/414/414 
f 414/414/414 412/412/412 412/412/412 
f 412/412/412 415/415/415 412/412/412 
f 412/412/412 415/415/415 415/415/415 
f 415/415/415 413/413/413 415/415/415 
f 415/415/415 413/413/413 428/428/428 
f 413/413/413 426/426/426 428/428/428 
f 428/428/428 426/426/426 426/426/426 
f 426/426/426 429/429/429 426/426/426 
f 426/426/426 429/429/429 429/429/429 
f 429/429/429 427/427/427 429/429/429 
f 429/429/429 427/427/427 442/442/442 
f 427/427/427 440/440/440 442/442/442 
f 442/442/442 440/440/440 440/440/440 
f 440/440/440 443/443/443 440/440/440 
f 440/440/440 443/443/443 443/443/443 
f 443/443/443 441/441/441 443/443/443 
f 443/443/443 441/441/441 456/456/456 
f 441/441/441 454/454/454 456/456/456 
f 456/456/456 454/454/454 454/454/454 
f 454/454/454 457/457/457 454/454/454 
f 454/454/454 457/457/457 457/457/457 
f 457/457/457 455/455/455 457/457/457 
f 457/457/457 455/455/455 470/470/470 
f 455/455/455 468/468/468 470/470/470 
f 470/470/470 468/468/468 468/468/468 
f 468/468/468 471/471/471 468/468/468 
f 468/468/468 471/471/471 471/471/471 
f 471/471/471 469/469/469 471/471/471 
f 471/471/471 469/469/469 483/483/483 
f 469/469/469 482/482/482 483/483/483 
f 483/483/483 482/482/482 482/482/482 
f 482/482/482 484/484/484 482/482/482 
f 482/482/482 484/484/484 484/484/484 
f 484/484/484 485/485/485 484/484/484 
f 484/484/484 485/485/485 486/486/486 
f 485/485/485 487/487/487 486/486/486 
f 486/486/486 487/487/487 488/488/488 
f 487/487/487 489/489/489 488/488/488 
f 488/488/488 489/489/489 490/490/490 
f 489/489/489 477/477/477 490/490/490 
f 490/490/490 477/477/477 475/475/475 
f 477/477/477 476/476/476 475/475/475 
f 475/475/475 476/476/476 476/476/476 
f 476/476/476 490/490/490 476/476/476 
f 476/476/476 490/490/490 490/490/490 
f 490/490/490 475/475/475 490/490/490 
f 490/490/490 475/475/475 488/488/488 
f 475/475/475 491/491/491 488/488/488 
f 488/488/488 491/491/491 492/492/492 
f 491/491/491 473/473/473 492/492/492 
f 492/492/492 473/473/473 493/493/493 
f 473/473/473 494/494/494 493/493/493 
f 493/493/493 494/494/494 494/494/494 
f 494/494/494 473/473/473 494/494/494 
f 494/494/494 473/473/473 473/473/473 
f 473/473/473 472/472/472 473/473/473 
f 473/473/473 472/472/472 494/494/494 
f 472/472/472 459/459/459 494/494/494 
f 494/494/494 459/459/459 495/495/495 
f 459/459/459 496/496/496 495/495/495 
f 495/495/495 496/496/496 496/496/496 
f 496/496/496 459/459/459 496/496/496 
f 496/496/496 459/459/459 459/459/459 
f 459/459/459 458/458/458 459/459/459 
f 459/459/459 458/458/458 496/496/496 
f 458/458/458 445/445/445 496/496/496 
f 496/496/496 445/445/445 497/497/497 
f 445/445/445 498/498/498 497/497/497 
f 497/497/497 498/498/498 498/498/498 
f 498/498/498 445/445/445 498/498/498 
f 498/498/498 445/445/445 445/445/445 
f 445/445/445 444/444/444 445/445/445 
f 445/445/445 444/444/444 498/498/498 
f 444/444/444 431/431/431 498/498/498 
f 498/498/498 431/431/431 499/499/499 
f 431/431/431 500/500/500 499/499/499 
f 499/499/499 500/500/500 500/500/500 
f 500/500/500 431/431/431 500/500/500 
f 500/500/500 431/431/431 431/431/431 
f 431/431/431 430/430/430 431/431/431 
f 431/431/431 430/430/430 500/500/500 
f 430/430/430 417/417/417 500/500/500 
f 500/500/500 417/417/417 501/501/501 
f 417/417/417 502/502/502 501/501/501 
f 501/501/501 502/502/502 502/502/502 
f 502/502/502 417/417/417 502/502/502 
f 502/502/502 417/417/417 417/417/417 
f 417/417/417 416/416/416 417/417/417 
f 417/417/417 416/416/416 502/502/502 
f 416/416/416 403/403/403 502/502/502 
f 502/502/502 403/403/403 503/503/503 
f 403/403/403 504/504/504 503/503/503 
f 503/503/503 504/504/504 504/504/504 
f 504/504/504 403/403/403 504/504/504 
f 504/504/504 403/403/403 403/403/403 
f 403/403/403 402/402/402 403/403/403 
f 403/403/403 402/402/402 504/504/504 
f 402/402/402 389/389/389 504/504/504 
f 504/504/504 389/389/389 505/505/505 
f 389/389/389 506/506/506 505/505/505 
f 505/505/505 506/506/506 506/506/506 
f 506/506/506 389/389/389 506/506/506 
f 506/506/506 389/389/389 389/389/389 
f 389/389/389 388/388/388 389/389/389 
f 389/389/389 388/388/388 506/506/506 
f 388/388/388 375/375/375 506/506/506 
f 506/506/506 375/375/375 507/507/507 
f 375/375/375 508/508/508 507/507/507 
f 507/507/507 508/508/508 508/508/508 
f 508/508/508 375/375/375 508/508/508 
f 508/508/508 375/375/375 375/375/375 
f 375/375/375 374/374/374 375/375/375 
f 375/375/375 374/374/374 508/508/508 
f 374/374/374 361/361/361 508/508/508 
f 508/508/508 361/361/361 509/509/509 
f 361/361/361 510/510/510 509/509/509 
f 509/509/509 510/510/510 510/510/510 
f 510/510/510 361/361/361 510/510/510 
f 510/510/510 361/361/361 361/361/361 
f 361/361/361 360/360/360 361/361/361 
f 361/361/361 360/360/360 510/510/510 
f 360/360/360 347/347/347 510/510/510 
f 510/510/510 347/347/347 511/511/511 
f 347/347/347 512/512/512 511/511/511 
f 511/511/511 512/512/512 512/512/512 
f 512/512/512 347/347/347 512/512/512 
f 512/512/512 347/347/347 347/347/347 
f 347/347/347 346/346/346 347/347/347 
f 347/347/347 346/346/346 512/512/512 
f 346/346/346 333/333/333 512/512/512 
f 512/512/512 333/333/333 513/513/513 
f 333/333/333 514/514/514 513/513/513 
f 513/513/513 514/514/514 514/514/514 
f 514/514/514 333/333/333 514/514/514 
f 514/514/514 333/333/333 333/333/333 
f 333/333/333 332/332/332 333/333/333 
f 333/333/333 332/332/332 514/514/514 
f 332/332/332 319/319/319 514/514/514 
f 514/514/514 319/319/319 515/515/515 
f 319/319/319 516/516/516 515/515/515 
f 515/515/515 516/516/516 516/516/516 
f 516/516/516 319/319/319 516/516/516 
f 516/516/516 319/319/319 319/319/319 
f 319/319/319 318/318/318 319/319/319 
f 319/319/319 318/318/318 516/516/516 
f 318/318/318 305/305/305 516/516/516 
f 516/516/516 305/305/305 517/517/517 
f 305/305/305 518/518/518 517/517/517 
f 517/517/517 518/518/518 518/518/518 
f 518/518/518 305/305/305 518/518/518 
f 518/518/518 305/305/305 305/305/305 
f 305/305/305 304/304/304 305/305/305 
f 305/305/305 304/304/304 518/518/518 
f 304/304/304 287/287/287 518/518/518 
f 518/518/518 287/287/287 519/519/519 
f 287/287/287 283/283/283 519/519/519 
f 519/519/519 283/283/283 283/283/283 
f 283/283/283 19/19/19 283/283/283 
f 283/283/283 19/19/19 19/19/19 
f 19/19/19 520/520/520 19/19/19 
f 19/19/19 520/520/520 17/17/17 
f 520/520/520 521/521/521 17/17/17 
f 17/17/17 521/521/521 149/149/149 
f 521/521/521 147/147/147 149/149/149 
f 149/149/149 147/147/147 147/147/147 
f 147/147/147 521/521/521 147/147/147 
f 147/147/147 521/521/521 521/521/521 
f 521/521/521 520/520/520 521/521/521 
f 521/521/521 520/520/520 147/147/147 
f 520/520/520 522/522/522 147/147/147 
f 147/147/147 522/522/522 144/144/144 
f 522/522/522 144/144/144 144/144/144 
f 144/144/144 144/144/144 486/486/486 
f 144/144/144 486/486/486 486/486/486 
f 486/486/486 486/486/486 486/486/486 
f 486/486/486 488/488/488 486/486/486 
f 486/486/486 488/488/488 523/523/523 
f 488/488/488 492/492/492 523/523/523 
f 523/523/523 492/492/492 492/492/492 
f 492/492/492 17/17/17 492/492/492 
f 492/492/492 17/17/17 17/17/17 
f 17/17/17 149/149/149 17/17/17 
f 17/17/17 149/149/149 20/20/20 
f 149/149/149 21/21/21 20/20/20 
f 20/20/20 21/21/21 21/21/21 
f 21/21/21 524/524/524 21/21/21 
f 21/21/21 524/524/524 524/524/524 
f 524/524/524 525/525/525 524/524/524 
f 524/524/524 525/525/525 526/526/526 
f 525/525/525 527/527/527 526/526/526 
f 526/526/526 527/527/527 528/528/528 
f 527/527/527 529/529/529 528/528/528 
f 528/528/528 529/529/529 530/530/530 
f 529/529/529 531/531/531 530/530/530 
f 530/530/530 531/531/531 532/532/532 
f 531/531/531 533/533/533 532/532/532 
f 532/532/532 533/533/533 534/534/534 
f 533/533/533 535/535/535 534/534/534 
f 534/534/534 535/535/535 536/536/536 
f 535/535/535 537/537/537 536/536/536 
f 536/536/536 537/537/537 538/538/538 
f 537/537/537 539/539/539 538/538/538 
f 538/538/538 539/539/539 540/540/540 
f 539/539/539 541/541/541 540/540/540 
f 540/540/540 541/541/541 542/542/542 
f 541/541/541 543/543/543 542/542/542 
f 542/542/542 543/543/543 544/544/544 
f 543/543/543 545/545/545 544/544/544 
f 544/544/544 545/545/545 546/546/546 
f 545/545/545 547/547/547 546/546/546 
f 546/546/546 547/547/547 548/548/548 
f 547/547/547 549/549/549 548/548/548 
f 548/548/548 549/549/549 550/550/550 
f 549/549/549 551/551/551 550/550/550 
f 550/550/550 551/551/551 552/552/552 
f 551/551/551 553/553/553 552/552/552 
f 552/552/552 553/553/553 554/554/554 
f 553/553/553 555/555/555 554/554/554 
f 554/554/554 555/555/555 556/556/556 
f 555/555/555 557/557/557 556/556/556 
f 556/556/556 557/557/557 558/558/558 
f 557/557/557 558/558/558 558/558/558 
f 558/558/558 558/558/558 558/558/558 
f 558/558/558 559/559/559 558/558/558 
f 558/558/558 559/559/559 556/556/556 
f 559/559/559 560/560/560 556/556/556 
f 556/556/556 560/560/560 561/561/561 
f 560/560/560 562/562/562 561/561/561 
f 561/561/561 562/562/562 552/552/552 
f 562/562/562 563/563/563 552/552/552 
f 552/552/552 563/563/563 550/550/550 
f 563/563/563 564/564/564 550/550/550 
f 550/550/550 564/564/564 565/565/565 
f 564/564/564 566/566/566 565/565/565 
f 565/565/565 566/566/566 546/546/546 
f 566/566/566 567/567/567 546/546/546 
f 546/546/546 567/567/567 544/544/544 
f 567/567/567 568/568/568 544/544/544 
f 544/544/544 568/568/568 569/569/569 
f 568/568/568 570/570/570 569/569/569 
f 569/569/569 570/570/570 540/540/540 
f 570/570/570 571/571/571 540/540/540 
f 540/540/540 571/571/571 538/538/538 
f 571/571/571 572/572/572 538/538/538 
f 538/538/538 572/572/572 573/573/573 
f 572/572/572 574/574/574 573/573/573 
f 573/573/573 574/574/574 534/534/534 
f 574/574/574 575/575/575 534/534/534 
f 534/534/534 575/575/575 532/532/532 
f 575/575/575 576/576/576 532/532/532 
f 532/532/532 576/576/576 577/577/577 
f 576/576/576 578/578/578 577/577/577 
f 577/577/577 578/578/578 528/528/528 
f 578/578/578 579/579/579 528/528/528 
f 528/528/528 579/579/579 526/526/526 
f 579/579/579 526/526/526 526/526/526 
f 526/526/526 526/526/526 560/560/560 
f 526/526/526 560/560/560 560/560/560 
f 560/560/560 560/560/560 560/560/560 
f 560/560/560 580/580/580 560/560/560 
f 560/560/560 580/580/580 562/562/562 
f 580/580/580 581/581/581 562/562/562 
f 562/562/562 581/581/581 582/582/582 
f 581/581/581 583/583/583 582/582/582 
f 582/582/582 583/583/583 564/564/564 
f 583/583/583 584/584/584 564/564/564 
f 564/564/564 584/584/584 566/566/566 
f 584/584/584 585/585/585 566/566/566 
f 566/566/566 585/585/585 586/586/586 
f 585/585/585 587/587/587 586/586/586 
f 586/586/586 587/587/587 568/568/568 
f 587/587/587 588/588/588 568/568/568 
f 568/568/568 588/588/588 570/570/570 
f 588/588/588 589/589/589 570/570/570 
f 570/570/570 589/589/589 590/590/590 
f 589/589/589 591/591/591 590/590/590 
f 590/590/590 591/591/591 572/572/572 
f 591/591/591 592/592/592 572/572/572 
f 572/572/572 592/592/592 574/574/574 
f 592/592/592 593/593/593 574/574/574 
f 574/574/574 593/593/593 594/594/594 
f 593/593/593 595/595/595 594/594/594 
f 594/594/594 595/595/595 576/576/576 
f 595/595/595 596/596/596 576/576/576 
f 576/576/576 596/596/596 578/578/578 
f 596/596/596 578/578/578 578/578/578 
f 578/578/578 578/578/578 581/581/581 
f 578/578/578 581/581/581 581/581/581 
f 581/581/581 581/581/581 581/581/581 
f 581/581/581 597/597/597 581/581/581 
f 581/581/581 597/597/597 583/583/583 
f 597/597/597 598/598/598 583/583/583 
f 583/583/583 598/598/598 599/599/599 
f 598/598/598 600/600/600 599/599/599 
f 599/599/599 600/600/600 585/585/585 
f 600/600/600 601/601/601 585/585/585 
f 585/585/585 601/601/601 587/587/587 
f 601/601/601 602/602/602 587/587/587 
f 587/587/587 602/602/602 603/603/603 
f 602/602/602 604/604/604 603/603/603 
f 603/603/603 604/604/604 589/589/589 
f 604/604/604 605/605/605 589/589/589 
f 589/589/589 605/605/605 591/591/591 
f 605/605/605 606/606/606 591/591/591 
f 591/591/591 606/606/606 607/607/607 
f 606/606/606 608/608/608 607/607/607 
f 607/607/607 608/608/608 593/593/593 
f 608/608/608 609/609/609 593/593/593 
f 593/593/593 609/609/609 595/595/595 
f 609/609/609 595/595/595 595/595/595 
f 595/595/595 595/595/595 598/598/598 
f 595/595/595 598/598/598 598/598/598 
f 598/598/598 598/598/598 598/598/598 
f 598/598/598 610/610/610 598/598/598 
f 598/598/598 610/610/610 600/600/600 
f 610/610/610 611/611/611 600/600/600 
f 600/600/600 611/611/611 612/612/612 
f 611/611/611 613/613/613 612/612/612 
f 612/612/612 613/613/613 602/602/602 
f 613/613/613 614/614/614 602/602/602 
f 602/602/602 614/614/614 604/604/604 
f 614/614/614 615/615/615 604/604/604 
f 604/604/604 615/615/615 616/616/616 
f 615/615/615 617/617/617 616/616/616 
f 616/616/616 617/617/617 606/606/606 
f 617/617/617 618/618/618 606/606/606 
f 606/606/606 618/618/618 608/608/608 
f 618/618/618 608/608/608 608/608/608 
f 608/608/608 608/608/608 612/612/612 
f 608/608/608 612/612/612 612/612/612 
f 612/612/612 612/612/612 612/612/612 
f 612/612/612 602/602/602 612/612/612 
f 612/612/612 602/602/602 600/600/600 
f 602/602/602 601/601/601 600/600/600 
f 600/600/600 601/601/601 601/601/601 
f 601/601/601 382/382/382 601/601/601 
f 601/601/601 382/382/382 382/382/382 
f 382/382/382 381/381/381 382/382/382 
f 382/382/382 381/381/381 383/383/383 
f 381/381/381 394/394/394 383/383/383 
f 383/383/383 394/394/394 394/394/394 
f 394/394/394 551/551/551 394/394/394 
f 394/394/394 551/551/551 551/551/551 
f 551/551/551 549/549/549 551/551/551 
f 551/551/551 549/549/549 553/553/553 
f 549/549/549 619/619/619 553/553/553 
f 553/553/553 619/619/619 620/620/620 
f 619/619/619 621/621/621 620/620/620 
f 620/620/620 621/621/621 622/622/622 
f 621/621/621 623/623/623 622/622/622 
f 622/622/622 623/623/623 623/623/623 
f 623/623/623 619/619/619 623/623/623 
f 623/623/623 619/619/619 619/619/619 
f 619/619/619 549/549/549 619/619/619 
f 619/619/619 549/549/549 621/621/621 
f 549/549/549 624/624/624 621/621/621 
f 621/621/621 624/624/624 625/625/625 
f 624/624/624 547/547/547 625/625/625 
f 625/625/625 547/547/547 626/626/626 
f 547/547/547 543/543/543 626/626/626 
f 626/626/626 543/543/543 627/627/627 
f 543/543/543 628/628/628 627/627/627 
f 627/627/627 628/628/628 629/629/629 
f 628/628/628 541/541/541 629/629/629 
f 629/629/629 541/541/541 630/630/630 
f 541/541/541 537/537/537 630/630/630 
f 630/630/630 537/537/537 631/631/631 
f 537/537/537 632/632/632 631/631/631 
f 631/631/631 632/632/632 633/633/633 
f 632/632/632 535/535/535 633/633/633 
f 633/633/633 535/535/535 634/634/634 
f 535/535/535 531/531/531 634/634/634 
f 634/634/634 531/531/531 635/635/635 
f 531/531/531 636/636/636 635/635/635 
f 635/635/635 636/636/636 637/637/637 
f 636/636/636 529/529/529 637/637/637 
f 637/637/637 529/529/529 638/638/638 
f 529/529/529 525/525/525 638/638/638 
f 638/638/638 525/525/525 525/525/525 
f 525/525/525 637/637/637 525/525/525 
f 525/525/525 637/637/637 637/637/637 
f 637/637/637 639/639/639 637/637/637 
f 637/637/637 639/639/639 635/635/635 
f 639/639/639 640/640/640 635/635/635 
f 635/635/635 640/640/640 641/641/641 
f 640/640/640 642/642/642 641/641/641 
f 641/641/641 642/642/642 633/633/633 
f 642/642/642 643/643/643 633/633/633 
f 633/633/633 643/643/643 631/631/631 
f 643/643/643 644/644/644 631/631/631 
f 631/631/631 644/644/644 645/645/645 
f 644/644/644 646/646/646 645/645/645 
f 645/645/645 646/646/646 629/629/629 
f 646/646/646 647/647/647 629/629/629 
f 629/629/629 647/647/647 627/627/627 
f 647/647/647 648/648/648 627/627/627 
f 627/627/627 648/648/648 649/649/649 
f 648/648/648 650/650/650 649/649/649 
f 649/649/649 650/650/650 625/625/625 
f 650/650/650 651/651/651 625/625/625 
f 625/625/625 651/651/651 621/621/621 
f 651/651/651 623/623/623 621/621/621 
f 621/621/621 623/623/623 623/623/623 
f 623/623/623 640/640/640 623/623/623 
f 623/623/623 640/640/640 640/640/640 
f 640/640/640 652/652/652 640/640/640 
f 640/640/640 652/652/652 642/642/642 
f 652/652/652 653/653/653 642/642/642 
f 642/642/642 653/653/653 654/654/654 
f 653/653/653 655/655/655 654/654/654 
f 654/654/654 655/655/655 644/644/644 
f 655/655/655 656/656/656 644/644/644 
f 644/644/644 656/656/656 646/646/646 
f 656/656/656 657/657/657 646/646/646 
f 646/646/646 657/657/657 658/658/658 
f 657/657/657 659/659/659 658/658/658 
f 658/658/658 659/659/659 648/648/648 
f 659/659/659 660/660/660 648/648/648 
f 648/648/648 660/660/660 650/650/650 
f 660/660/660 661/661/661 650/650/650 
f 650/650/650 661/661/661 662/662/662 
f 661/661/661 662/662/662 662/662/662 
f 662/662/662 662/662/662 653/653/653 
f 662/662/662 653/653/653 653/653/653 
f 653/653/653 653/653/653 653/653/653 
f 653/653/653 663/663/663 653/653/653 
f 653/653/653 663/663/663 655/655/655 
f 663/663/663 664/664/664 655/655/655 
f 655/655/655 664/664/664 665/665/665 
f 664/664/664 666/666/666 665/665/665 
f 665/665/665 666/666/666 657/657/657 
f 666/666/666 667/667/667 657/657/657 
f 657/657/657 667/667/667 659/659/659 
f 667/667/667 668/668/668 659/659/659 
f 659/659/659 668/668/668 669/669/669 
f 668/668/668 669/669/669 669/669/669 
f 669/669/669 669/669/669 669/669/669 
f 669/669/669 661/661/661 669/669/669 
f 669/669/669 661/661/661 659/659/659 
f 661/661/661 660/660/660 659/659/659 
f 659/659/659 660/660/660 660/660/660 
f 660/660/660 584/584/584 660/660/660 
f 660/660/660 584/584/584 584/584/584 
f 584/584/584 583/583/583 584/584/584 
f 584/584/584 583/583/583 585/585/585 
f 583/583/583 599/599/599 585/585/585 
f 585/585/585 599/599/599 599/599/599 
f 599/599/599 662/662/662 599/599/599 
f 599/599/599 662/662/662 662/662/662 
f 662/662/662 623/623/623 662/662/662 
f 662/662/662 623/623/623 650/650/650 
f 623/623/623 651/651/651 650/650/650 
f 650/650/650 651/651/651 651/651/651 
f 651/651/651 667/667/667 651/651/651 
f 651/651/651 667/667/667 667/667/667 
f 667/667/667 666/666/666 667/667/667 
f 667/667/667 666/666/666 668/668/668 
f 666/666/666 670/670/670 668/668/668 
f 668/668/668 670/670/670 670/670/670 
f 670/670/670 666/666/666 670/670/670 
f 670/670/670 666/666/666 671/671/671 
f 666/666/666 672/672/672 671/671/671 
f 671/671/671 672/672/672 672/672/672 
f 672/672/672 630/630/630 672/672/672 
f 672/672/672 630/630/630 630/630/630 
f 630/630/630 631/631/631 630/630/630 
f 630/630/630 631/631/631 629/629/629 
f 631/631/631 645/645/645 629/629/629 
f 629/629/629 645/645/645 645/645/645 
f 645/645/645 620/620/620 645/645/645 
f 645/645/645 620/620/620 620/620/620 
f 620/620/620 673/673/673 620/620/620 
f 620/620/620 673/673/673 553/553/553 
f 673/673/673 555/555/555 553/553/553 
f 553/553/553 555/555/555 555/555/555 
f 555/555/555 567/567/567 555/555/555 
f 555/555/555 567/567/567 567/567/567 
f 567/567/567 566/566/566 567/567/567 
f 567/567/567 566/566/566 568/568/568 
f 566/566/566 586/586/586 568/568/568 
f 568/568/568 586/586/586 586/586/586 
f 586/586/586 569/569/569 586/586/586 
f 586/586/586 569/569/569 569/569/569 
f 569/569/569 540/540/540 569/569/569 
f 569/569/569 540/540/540 544/544/544 
f 540/540/540 542/542/542 544/544/544 
f 544/544/544 542/542/542 542/542/542 
f 542/542/542 626/626/626 542/542/542 
f 542/542/542 626/626/626 626/626/626 
f 626/626/626 627/627/627 626/626/626 
f 626/626/626 627/627/627 625/625/625 
f 627/627/627 649/649/649 625/625/625 
f 625/625/625 649/649/649 649/649/649 
f 649/649/649 647/647/647 649/649/649 
f 649/649/649 647/647/647 647/647/647 
f 647/647/647 646/646/646 647/647/647 
f 647/647/647 646/646/646 648/648/648 
f 646/646/646 658/658/658 648/648/648 
f 648/648/648 658/658/658 658/658/658 
f 658/658/658 561/561/561 658/658/658 
f 658/658/658 561/561/561 561/561/561 
f 561/561/561 552/552/552 561/561/561 
f 561/561/561 552/552/552 556/556/556 
f 552/552/552 554/554/554 556/556/556 
f 556/556/556 554/554/554 554/554/554 
f 554/554/554 656/656/656 554/554/554 
f 554/554/554 656/656/656 656/656/656 
f 656/656/656 655/655/655 656/656/656 
f 656/656/656 655/655/655 657/657/657 
f 655/655/655 665/665/665 657/657/657 
f 657/657/657 665/665/665 665/665/665 
f 665/665/665 641/641/641 665/665/665 
f 665/665/665 641/641/641 641/641/641 
f 641/641/641 633/633/633 641/641/641 
f 641/641/641 633/633/633 635/635/635 
f 633/633/633 634/634/634 635/635/635 
f 635/635/635 634/634/634 634/634/634 
f 634/634/634 588/588/588 634/634/634 
f 634/634/634 588/588/588 588/588/588 
f 588/588/588 587/587/587 588/588/588 
f 588/588/588 587/587/587 589/589/589 
f 587/587/587 603/603/603 589/589/589 
f 589/589/589 603/603/603 603/603/603 
f 603/603/603 571/571/571 603/603/603 
f 603/603/603 571/571/571 571/571/571 
f 571/571/571 570/570/570 571/571/571 
f 571/571/571 570/570/570 572/572/572 
f 570/570/570 590/590/590 572/572/572 
f 572/572/572 590/590/590 590/590/590 
f 590/590/590 573/573/573 590/590/590 
f 590/590/590 573/573/573 573/573/573 
f 573/573/573 534/534/534 573/573/573 
f 573/573/573 534/534/534 538/538/538 
f 534/534/534 536/536/536 538/538/538 
f 538/538/538 536/536/536 536/536/536 
f 536/536/536 565/565/565 536/536/536 
f 536/536/536 565/565/565 565/565/565 
f 565/565/565 546/546/546 565/565/565 
f 565/565/565 546/546/546 550/550/550 
f 546/546/546 548/548/548 550/550/550 
f 550/550/550 548/548/548 548/548/548 
f 548/548/548 605/605/605 548/548/548 
f 548/548/548 605/605/605 605/605/605 
f 605/605/605 604/604/604 605/605/605 
f 605/605/605 604/604/604 606/606/606 
f 604/604/604 616/616/616 606/606/606 
f 606/606/606 616/616/616 616/616/616 
f 616/616/616 530/530/530 616/616/616 
f 616/616/616 530/530/530 530/530/530 
f 530/530/530 532/532/532 530/530/530 
f 530/530/530 532/532/532 528/528/528 
f 532/532/532 577/577/577 528/528/528 
f 528/528/528 577/577/577 577/577/577 
f 577/577/577 607/607/607 577/577/577 
f 577/577/577 607/607/607 607/607/607 
f 607/607/607 593/593/593 607/607/607 
f 607/607/607 593/593/593 591/591/591 
f 593/593/593 592/592/592 591/591/591 
f 591/591/591 592/592/592 592/592/592 
f 592/592/592 594/594/594 592/592/592 
f 592/592/592 594/594/594 594/594/594 
f 594/594/594 576/576/576 594/594/594 
f 594/594/594 576/576/576 574/574/574 
f 576/576/576 575/575/575 574/574/574 
f 574/574/574 575/575/575 575/575/575 
f 575/575/575 617/617/617 575/575/575 
f 575/575/575 617/617/617 617/617/617 
f 617/617/617 615/615/615 617/617/617 
f 617/617/617 615/615/615 674/674/674 
f 615/615/615 675/675/675 674/674/674 
f 674/674/674 675/675/675 675/675/675 
f 675/675/675 615/615/615 675/675/675 
f 675/675/675 615/615/615 676/676/676 
f 615/615/615 613/613/613 676/676/676 
f 676/676/676 613/613/613 677/677/677 
f 613/613/613 678/678/678 677/677/677 
f 677/677/677 678/678/678 679/679/679 
f 678/678/678 611/611/611 679/679/679 
f 679/679/679 611/611/611 680/680/680 
f 611/611/611 681/681/681 680/680/680 
f 680/680/680 681/681/681 682/682/682 
f 681/681/681 683/683/683 682/682/682 
f 682/682/682 683/683/683 684/684/684 
f 683/683/683 685/685/685 684/684/684 
f 684/684/684 685/685/685 686/686/686 
f 685/685/685 687/687/687 686/686/686 
f 686/686/686 687/687/687 688/688/688 
f 687/687/687 689/689/689 688/688/688 
f 688/688/688 689/689/689 690/690/690 
f 689/689/689 691/691/691 690/690/690 
f 690/690/690 691/691/691 692/692/692 
f 691/691/691 693/693/693 692/692/692 
f 692/692/692 693/693/693 694/694/694 
f 693/693/693 695/695/695 694/694/694 
f 694/694/694 695/695/695 696/696/696 
f 695/695/695 697/697/697 696/696/696 
f 696/696/696 697/697/697 698/698/698 
f 697/697/697 699/699/699 698/698/698 
f 698/698/698 699/699/699 700/700/700 
f 699/699/699 701/701/701 700/700/700 
f 700/700/700 701/701/701 702/702/702 
f 701/701/701 703/703/703 702/702/702 
f 702/702/702 703/703/703 704/704/704 
f 703/703/703 704/704/704 704/704/704 
f 704/704/704 704/704/704 611/611/611 
f 704/704/704 611/611/611 611/611/611 
f 611/611/611 611/611/611 611/611/611 
f 611/611/611 610/610/610 611/611/611 
f 611/611/611 610/610/610 681/681/681 
f 610/610/610 598/598/598 681/681/681 
f 681/681/681 598/598/598 705/705/705 
f 598/598/598 706/706/706 705/705/705 
f 705/705/705 706/706/706 685/685/685 
f 706/706/706 707/707/707 685/685/685 
f 685/685/685 707/707/707 687/687/687 
f 707/707/707 708/708/708 687/687/687 
f 687/687/687 708/708/708 709/709/709 
f 708/708/708 710/710/710 709/709/709 
f 709/709/709 710/710/710 691/691/691 
f 710/710/710 711/711/711 691/691/691 
f 691/691/691 711/711/711 693/693/693 
f 711/711/711 712/712/712 693/693/693 
f 693/693/693 712/712/712 713/713/713 
f 712/712/712 714/714/714 713/713/713 
f 713/713/713 714/714/714 697/697/697 
f 714/714/714 715/715/715 697/697/697 
f 697/697/697 715/715/715 699/699/699 
f 715/715/715 716/716/716 699/699/699 
f 699/699/699 716/716/716 717/717/717 
f 716/716/716 717/717/717 717/717/717 
f 717/717/717 717/717/717 598/598/598 
f 717/717/717 598/598/598 598/598/598 
f 598/598/598 598/598/598 598/598/598 
f 598/598/598 597/597/597 598/598/598 
f 598/598/598 597/597/597 706/706/706 
f 597/597/597 581/581/581 706/706/706 
f 706/706/706 581/581/581 718/718/718 
f 581/581/581 719/719/719 718/718/718 
f 718/718/718 719/719/719 708/708/708 
f 719/719/719 720/720/720 708/708/708 
f 708/708/708 720/720/720 710/710/710 
f 720/720/720 721/721/721 710/710/710 
f 710/710/710 721/721/721 722/722/722 
f 721/721/721 723/723/723 722/722/722 
f 722/722/722 723/723/723 712/712/712 
f 723/723/723 724/724/724 712/712/712 
f 712/712/712 724/724/724 714/714/714 
f 724/724/724 725/725/725 714/714/714 
f 714/714/714 725/725/725 726/726/726 
f 725/725/725 726/726/726 726/726/726 
f 726/726/726 726/726/726 581/581/581 
f 726/726/726 581/581/581 581/581/581 
f 581/581/581 581/581/581 581/581/581 
f 581/581/581 580/580/580 581/581/581 
f 581/581/581 580/580/580 719/719/719 
f 580/580/580 560/560/560 719/719/719 
f 719/719/719 560/560/560 727/727/727 
f 560/560/560 728/728/728 727/727/727 
f 727/727/727 728/728/728 721/721/721 
f 728/728/728 729/729/729 721/721/721 
f 721/721/721 729/729/729 723/723/723 
f 729/729/729 730/730/730 723/723/723 
f 723/723/723 730/730/730 731/731/731 
f 730/730/730 731/731/731 731/731/731 
f 731/731/731 731/731/731 560/560/560 
f 731/731/731 560/560/560 560/560/560 
f 560/560/560 560/560/560 560/560/560 
f 560/560/560 559/559/559 560/560/560 
f 560/560/560 559/559/559 728/728/728 
f 559/559/559 558/558/558 728/728/728 
f 728/728/728 558/558/558 732/732/732 
f 558/558/558 732/732/732 732/732/732 
f 732/732/732 732/732/732 732/732/732 
f 732/732/732 730/730/730 732/732/732 
f 732/732/732 730/730/730 728/728/728 
f 730/730/730 729/729/729 728/728/728 
f 728/728/728 729/729/729 729/729/729 
f 729/729/729 733/733/733 729/729/729 
f 729/729/729 733/733/733 733/733/733 
f 733/733/733 734/734/734 733/733/733 
f 733/733/733 734/734/734 735/735/735 
f 734/734/734 736/736/736 735/735/735 
f 735/735/735 736/736/736 737/737/737 
f 736/736/736 738/738/738 737/737/737 
f 737/737/737 738/738/738 739/739/739 
f 738/738/738 37/37/37 739/739/739 
f 739/739/739 37/37/37 39/39/39 
f 37/37/37 39/39/39 39/39/39 
f 39/39/39 39/39/39 739/739/739 
f 39/39/39 739/739/739 739/739/739 
f 739/739/739 739/739/739 739/739/739 
f 739/739/739 39/39/39 739/739/739 
f 739/739/739 39/39/39 737/737/737 
f 39/39/39 740/740/740 737/737/737 
f 737/737/737 740/740/740 741/741/741 
f 740/740/740 43/43/43 741/741/741 
f 741/741/741 43/43/43 742/742/742 
f 43/43/43 45/45/45 742/742/742 
f 742/742/742 45/45/45 45/45/45 
f 45/45/45 740/740/740 45/45/45 
f 45/45/45 740/740/740 740/740/740 
f 740/740/740 39/39/39 740/740/740 
f 740/740/740 39/39/39 43/43/43 
f 39/39/39 41/41/41 43/43/43 
f 43/43/43 41/41/41 41/41/41 
f 41/41/41 715/715/715 41/41/41 
f 41/41/41 715/715/715 715/715/715 
f 715/715/715 714/714/714 715/715/715 
f 715/715/715 714/714/714 716/716/716 
f 714/714/714 726/726/726 716/716/716 
f 716/716/716 726/726/726 726/726/726 
f 726/726/726 717/717/717 726/726/726 
f 726/726/726 717/717/717 717/717/717 
f 717/717/717 703/703/703 717/717/717 
f 717/717/717 703/703/703 699/699/699 
f 703/703/703 701/701/701 699/699/699 
f 699/699/699 701/701/701 701/701/701 
f 701/701/701 704/704/704 701/701/701 
f 701/701/701 704/704/704 704/704/704 
f 704/704/704 743/743/743 704/704/704 
f 704/704/704 743/743/743 702/702/702 
f 743/743/743 744/744/744 702/702/702 
f 702/702/702 744/744/744 745/745/745 
f 744/744/744 746/746/746 745/745/745 
f 745/745/745 746/746/746 747/747/747 
f 746/746/746 748/748/748 747/747/747 
f 747/747/747 748/748/748 749/749/749 
f 748/748/748 750/750/750 749/749/749 
f 749/749/749 750/750/750 751/751/751 
f 750/750/750 752/752/752 751/751/751 
f 751/751/751 752/752/752 753/753/753 
f 752/752/752 754/754/754 753/753/753 
f 753/753/753 754/754/754 755/755/755 
f 754/754/754 756/756/756 755/755/755 
f 755/755/755 756/756/756 757/757/757 
f 756/756/756 758/758/758 757/757/757 
f 757/757/757 758/758/758 759/759/759 
f 758/758/758 760/760/760 759/759/759 
f 759/759/759 760/760/760 761/761/761 
f 760/760/760 762/762/762 761/761/761 
f 761/761/761 762/762/762 763/763/763 
f 762/762/762 764/764/764 763/763/763 
f 763/763/763 764/764/764 765/765/765 
f 764/764/764 766/766/766 765/765/765 
f 765/765/765 766/766/766 767/767/767 
f 766/766/766 768/768/768 767/767/767 
f 767/767/767 768/768/768 769/769/769 
f 768/768/768 770/770/770 769/769/769 
f 769/769/769 770/770/770 771/771/771 
f 770/770/770 772/772/772 771/771/771 
f 771/771/771 772/772/772 773/773/773 
f 772/772/772 774/774/774 773/773/773 
f 773/773/773 774/774/774 774/774/774 
f 774/774/774 702/702/702 774/774/774 
f 774/774/774 702/702/702 702/702/702 
f 702/702/702 745/745/745 702/702/702 
f 702/702/702 745/745/745 775/775/775 
f 745/745/745 776/776/776 775/775/775 
f 775/775/775 776/776/776 700/700/700 
f 776/776/776 777/777/777 700/700/700 
f 700/700/700 777/777/777 696/696/696 
f 777/777/777 778/778/778 696/696/696 
f 696/696/696 778/778/778 779/779/779 
f 778/778/778 780/780/780 779/779/779 
f 779/779/779 780/780/780 694/694/694 
f 780/780/780 781/781/781 694/694/694 
f 694/694/694 781/781/781 690/690/690 
f 781/781/781 782/782/782 690/690/690 
f 690/690/690 782/782/782 783/783/783 
f 782/782/782 784/784/784 783/783/783 
f 783/783/783 784/784/784 688/688/688 
f 784/784/784 785/785/785 688/688/688 
f 688/688/688 785/785/785 684/684/684 
f 785/785/785 786/786/786 684/684/684 
f 684/684/684 786/786/786 787/787/787 
f 786/786/786 788/788/788 787/787/787 
f 787/787/787 788/788/788 682/682/682 
f 788/788/788 789/789/789 682/682/682 
f 682/682/682 789/789/789 679/679/679 
f 789/789/789 790/790/790 679/679/679 
f 679/679/679 790/790/790 791/791/791 
f 790/790/790 792/792/792 791/791/791 
f 791/791/791 792/792/792 677/677/677 
f 792/792/792 793/793/793 677/677/677 
f 677/677/677 793/793/793 675/675/675 
f 793/793/793 675/675/675 675/675/675 
f 675/675/675 675/675/675 776/776/776 
f 675/675/675 776/776/776 776/776/776 
f 776/776/776 776/776/776 776/776/776 
f 776/776/776 745/745/745 776/776/776 
f 776/776/776 745/745/745 794/794/794 
f 745/745/745 749/749/749 794/794/794 
f 794/794/794 749/749/749 795/795/795 
f 749/749/749 796/796/796 795/795/795 
f 795/795/795 796/796/796 797/797/797 
f 796/796/796 751/751/751 797/797/797 
f 797/797/797 751/751/751 798/798/798 
f 751/751/751 755/755/755 798/798/798 
f 798/798/798 755/755/755 799/799/799 
f 755/755/755 800/800/800 799/799/799 
f 799/799/799 800/800/800 801/801/801 
f 800/800/800 757/757/757 801/801/801 
f 801/801/801 757/757/757 802/802/802 
f 757/757/757 761/761/761 802/802/802 
f 802/802/802 761/761/761 803/803/803 
f 761/761/761 804/804/804 803/803/803 
f 803/803/803 804/804/804 805/805/805 
f 804/804/804 763/763/763 805/805/805 
f 805/805/805 763/763/763 806/806/806 
f 763/763/763 767/767/767 806/806/806 
f 806/806/806 767/767/767 807/807/807 
f 767/767/767 808/808/808 807/807/807 
f 807/807/807 808/808/808 809/809/809 
f 808/808/808 769/769/769 809/809/809 
f 809/809/809 769/769/769 810/810/810 
f 769/769/769 773/773/773 810/810/810 
f 810/810/810 773/773/773 773/773/773 
f 773/773/773 809/809/809 773/773/773 
f 773/773/773 809/809/809 809/809/809 
f 809/809/809 811/811/811 809/809/809 
f 809/809/809 811/811/811 807/807/807 
f 811/811/811 812/812/812 807/807/807 
f 807/807/807 812/812/812 813/813/813 
f 812/812/812 814/814/814 813/813/813 
f 813/813/813 814/814/814 805/805/805 
f 814/814/814 815/815/815 805/805/805 
f 805/805/805 815/815/815 803/803/803 
f 815/815/815 816/816/816 803/803/803 
f 803/803/803 816/816/816 817/817/817 
f 816/816/816 818/818/818 817/817/817 
f 817/817/817 818/818/818 801/801/801 
f 818/818/818 819/819/819 801/801/801 
f 801/801/801 819/819/819 799/799/799 
f 819/819/819 820/820/820 799/799/799 
f 799/799/799 820/820/820 821/821/821 
f 820/820/820 822/822/822 821/821/821 
f 821/821/821 822/822/822 797/797/797 
f 822/822/822 823/823/823 797/797/797 
f 797/797/797 823/823/823 795/795/795 
f 823/823/823 824/824/824 795/795/795 
f 795/795/795 824/824/824 825/825/825 
f 824/824/824 778/778/778 825/825/825 
f 825/825/825 778/778/778 776/776/776 
f 778/778/778 777/777/777 776/776/776 
f 776/776/776 777/777/777 777/777/777 
f 777/777/777 812/812/812 777/777/777 
f 777/777/777 812/812/812 812/812/812 
f 812/812/812 826/826/826 812/812/812 
f 812/812/812 826/826/826 814/814/814 
f 826/826/826 827/827/827 814/814/814 
f 814/814/814 827/827/827 828/828/828 
f 827/827/827 829/829/829 828/828/828 
f 828/828/828 829/829/829 816/816/816 
f 829/829/829 830/830/830 816/816/816 
f 816/816/816 830/830/830 818/818/818 
f 830/830/830 831/831/831 818/818/818 
f 818/818/818 831/831/831 832/832/832 
f 831/831/831 833/833/833 832/832/832 
f 832/832/832 833/833/833 820/820/820 
f 833/833/833 834/834/834 820/820/820 
f 820/820/820 834/834/834 822/822/822 
f 834/834/834 835/835/835 822/822/822 
f 822/822/822 835/835/835 836/836/836 
f 835/835/835 837/837/837 836/836/836 
f 836/836/836 837/837/837 824/824/824 
f 837/837/837 838/838/838 824/824/824 
f 824/824/824 838/838/838 778/778/778 
f 838/838/838 780/780/780 778/778/778 
f 778/778/778 780/780/780 780/780/780 
f 780/780/780 827/827/827 780/780/780 
f 780/780/780 827/827/827 827/827/827 
f 827/827/827 839/839/839 827/827/827 
f 827/827/827 839/839/839 829/829/829 
f 839/839/839 840/840/840 829/829/829 
f 829/829/829 840/840/840 841/841/841 
f 840/840/840 842/842/842 841/841/841 
f 841/841/841 842/842/842 831/831/831 
f 842/842/842 843/843/843 831/831/831 
f 831/831/831 843/843/843 833/833/833 
f 843/843/843 844/844/844 833/833/833 
f 833/833/833 844/844/844 845/845/845 
f 844/844/844 846/846/846 845/845/845 
f 845/845/845 846/846/846 835/835/835 
f 846/846/846 847/847/847 835/835/835 
f 835/835/835 847/847/847 837/837/837 
f 847/847/847 848/848/848 837/837/837 
f 837/837/837 848/848/848 849/849/849 
f 848/848/848 782/782/782 849/849/849 
f 849/849/849 782/782/782 780/780/780 
f 782/782/782 781/781/781 780/780/780 
f 780/780/780 781/781/781 781/781/781 
f 781/781/781 840/840/840 781/781/781 
f 781/781/781 840/840/840 840/840/840 
f 840/840/840 850/850/850 840/840/840 
f 840/840/840 850/850/850 842/842/842 
f 850/850/850 851/851/851 842/842/842 
f 842/842/842 851/851/851 852/852/852 
f 851/851/851 853/853/853 852/852/852 
f 852/852/852 853/853/853 844/844/844 
f 853/853/853 854/854/854 844/844/844 
f 844/844/844 854/854/854 846/846/846 
f 854/854/854 855/855/855 846/846/846 
f 846/846/846 855/855/855 856/856/856 
f 855/855/855 857/857/857 856/856/856 
f 856/856/856 857/857/857 848/848/848 
f 857/857/857 858/858/858 848/848/848 
f 848/848/848 858/858/858 782/782/782 
f 858/858/858 784/784/784 782/782/782 
f 782/782/782 784/784/784 784/784/784 
f 784/784/784 851/851/851 784/784/784 
f 784/784/784 851/851/851 851/851/851 
f 851/851/851 859/859/859 851/851/851 
f 851/851/851 859/859/859 853/853/853 
f 859/859/859 860/860/860 853/853/853 
f 853/853/853 860/860/860 861/861/861 
f 860/860/860 862/862/862 861/861/861 
f 861/861/861 862/862/862 855/855/855 
f 862/862/862 863/863/863 855/855/855 
f 855/855/855 863/863/863 857/857/857 
f 863/863/863 864/864/864 857/857/857 
f 857/857/857 864/864/864 865/865/865 
f 864/864/864 786/786/786 865/865/865 
f 865/865/865 786/786/786 784/784/784 
f 786/786/786 785/785/785 784/784/784 
f 784/784/784 785/785/785 785/785/785 
f 785/785/785 860/860/860 785/785/785 
f 785/785/785 860/860/860 860/860/860 
f 860/860/860 866/866/866 860/860/860 
f 860/860/860 866/866/866 862/862/862 
f 866/866/866 867/867/867 862/862/862 
f 862/862/862 867/867/867 868/868/868 
f 867/867/867 869/869/869 868/868/868 
f 868/868/868 869/869/869 864/864/864 
f 869/869/869 870/870/870 864/864/864 
f 864/864/864 870/870/870 786/786/786 
f 870/870/870 788/788/788 786/786/786 
f 786/786/786 788/788/788 788/788/788 
f 788/788/788 867/867/867 788/788/788 
f 788/788/788 867/867/867 867/867/867 
f 867/867/867 871/871/871 867/867/867 
f 867/867/867 871/871/871 869/869/869 
f 871/871/871 872/872/872 869/869/869 
f 869/869/869 872/872/872 873/873/873 
f 872/872/872 790/790/790 873/873/873 
f 873/873/873 790/790/790 788/788/788 
f 790/790/790 789/789/789 788/788/788 
f 788/788/788 789/789/789 789/789/789 
f 789/789/789 873/873/873 789/789/789 
f 789/789/789 873/873/873 873/873/873 
f 873/873/873 788/788/788 873/873/873 
f 873/873/873 788/788/788 869/869/869 
f 788/788/788 870/870/870 869/869/869 
f 869/869/869 870/870/870 870/870/870 
f 870/870/870 744/744/744 870/870/870 
f 870/870/870 744/744/744 744/744/744 
f 744/744/744 743/743/743 744/744/744 
f 744/744/744 743/743/743 746/746/746 
f 743/743/743 874/874/874 746/746/746 
f 746/746/746 874/874/874 875/875/875 
f 874/874/874 875/875/875 875/875/875 
f 875/875/875 875/875/875 746/746/746 
f 875/875/875 746/746/746 746/746/746 
f 746/746/746 746/746/746 746/746/746 
f 746/746/746 875/875/875 746/746/746 
f 746/746/746 875/875/875 876/876/876 
f 875/875/875 877/877/877 876/876/876 
f 876/876/876 877/877/877 748/748/748 
f 877/877/877 878/878/878 748/748/748 
f 748/748/748 878/878/878 752/752/752 
f 878/878/878 879/879/879 752/752/752 
f 752/752/752 879/879/879 880/880/880 
f 879/879/879 881/881/881 880/880/880 
f 880/880/880 881/881/881 754/754/754 
f 881/881/881 882/882/882 754/754/754 
f 754/754/754 882/882/882 758/758/758 
f 882/882/882 883/883/883 758/758/758 
f 758/758/758 883/883/883 884/884/884 
f 883/883/883 885/885/885 884/884/884 
f 884/884/884 885/885/885 760/760/760 
f 885/885/885 886/886/886 760/760/760 
f 760/760/760 886/886/886 764/764/764 
f 886/886/886 887/887/887 764/764/764 
f 764/764/764 887/887/887 888/888/888 
f 887/887/887 889/889/889 888/888/888 
f 888/888/888 889/889/889 766/766/766 
f 889/889/889 890/890/890 766/766/766 
f 766/766/766 890/890/890 770/770/770 
f 890/890/890 891/891/891 770/770/770 
f 770/770/770 891/891/891 892/892/892 
f 891/891/891 892/892/892 892/892/892 
f 892/892/892 892/892/892 875/875/875 
f 892/892/892 875/875/875 875/875/875 
f 875/875/875 875/875/875 875/875/875 
f 875/875/875 893/893/893 875/875/875 
f 875/875/875 893/893/893 877/877/877 
f 893/893/893 894/894/894 877/877/877 
f 877/877/877 894/894/894 895/895/895 
f 894/894/894 896/896/896 895/895/895 
f 895/895/895 896/896/896 879/879/879 
f 896/896/896 897/897/897 879/879/879 
f 879/879/879 897/897/897 881/881/881 
f 897/897/897 898/898/898 881/881/881 
f 881/881/881 898/898/898 899/899/899 
f 898/898/898 900/900/900 899/899/899 
f 899/899/899 900/900/900 883/883/883 
f 900/900/900 901/901/901 883/883/883 
f 883/883/883 901/901/901 885/885/885 
f 901/901/901 902/902/902 885/885/885 
f 885/885/885 902/902/902 903/903/903 
f 902/902/902 904/904/904 903/903/903 
f 903/903/903 904/904/904 887/887/887 
f 904/904/904 905/905/905 887/887/887 
f 887/887/887 905/905/905 889/889/889 
f 905/905/905 906/906/906 889/889/889 
f 889/889/889 906/906/906 907/907/907 
f 906/906/906 907/907/907 907/907/907 
f 907/907/907 907/907/907 894/894/894 
f 907/907/907 894/894/894 894/894/894 
f 894/894/894 894/894/894 894/894/894 
f 894/894/894 908/908/908 894/894/894 
f 894/894/894 908/908/908 896/896/896 
f 908/908/908 909/909/909 896/896/896 
f 896/896/896 909/909/909 910/910/910 
f 909/909/909 911/911/911 910/910/910 
f 910/910/910 911/911/911 898/898/898 
f 911/911/911 912/912/912 898/898/898 
f 898/898/898 912/912/912 900/900/900 
f 912/912/912 913/913/913 900/900/900 
f 900/900/900 913/913/913 914/914/914 
f 913/913/913 915/915/915 914/914/914 
f 914/914/914 915/915/915 902/902/902 
f 915/915/915 916/916/916 902/902/902 
f 902/902/902 916/916/916 904/904/904 
f 916/916/916 917/917/917 904/904/904 
f 904/904/904 917/917/917 918/918/918 
f 917/917/917 918/918/918 918/918/918 
f 918/918/918 918/918/918 909/909/909 
f 918/918/918 909/909/909 909/909/909 
f 909/909/909 909/909/909 909/909/909 
f 909/909/909 919/919/919 909/909/909 
f 909/909/909 919/919/919 911/911/911 
f 919/919/919 920/920/920 911/911/911 
f 911/911/911 920/920/920 921/921/921 
f 920/920/920 922/922/922 921/921/921 
f 921/921/921 922/922/922 913/913/913 
f 922/922/922 923/923/923 913/913/913 
f 913/913/913 923/923/923 915/915/915 
f 923/923/923 924/924/924 915/915/915 
f 915/915/915 924/924/924 925/925/925 
f 924/924/924 925/925/925 925/925/925 
f 925/925/925 925/925/925 925/925/925 
f 925/925/925 917/917/917 925/925/925 
f 925/925/925 917/917/917 915/915/915 
f 917/917/917 916/916/916 915/915/915 
f 915/915/915 916/916/916 916/916/916 
f 916/916/916 920/920/920 916/916/916 
f 916/916/916 920/920/920 920/920/920 
f 920/920/920 926/926/926 920/920/920 
f 920/920/920 926/926/926 922/922/922 
f 926/926/926 927/927/927 922/922/922 
f 922/922/922 927/927/927 928/928/928 
f 927/927/927 928/928/928 928/928/928 
f 928/928/928 928/928/928 928/928/928 
f 928/928/928 924/924/924 928/928/928 
f 928/928/928 924/924/924 922/922/922 
f 924/924/924 923/923/923 922/922/922 
f 922/922/922 923/923/923 923/923/923 
f 923/923/923 825/825/825 923/923/923 
f 923/923/923 825/825/825 825/825/825 
f 825/825/825 776/776/776 825/825/825 
f 825/825/825 776/776/776 795/795/795 
f 776/776/776 794/794/794 795/795/795 
f 795/795/795 794/794/794 794/794/794 
f 794/794/794 882/882/882 794/794/794 
f 794/794/794 882/882/882 882/882/882 
f 882/882/882 881/881/881 882/882/882 
f 882/882/882 881/881/881 883/883/883 
f 881/881/881 899/899/899 883/883/883 
f 883/883/883 899/899/899 899/899/899 
f 899/899/899 792/792/792 899/899/899 
f 899/899/899 792/792/792 792/792/792 
f 792/792/792 790/790/790 792/792/792 
f 792/792/792 790/790/790 929/929/929 
f 790/790/790 872/872/872 929/929/929 
f 929/929/929 872/872/872 872/872/872 
f 872/872/872 901/901/901 872/872/872 
f 872/872/872 901/901/901 901/901/901 
f 901/901/901 900/900/900 901/901/901 
f 901/901/901 900/900/900 902/902/902 
f 900/900/900 914/914/914 902/902/902 
f 902/902/902 914/914/914 914/914/914 
f 914/914/914 838/838/838 914/914/914 
f 914/914/914 838/838/838 838/838/838 
f 838/838/838 837/837/837 838/838/838 
f 838/838/838 837/837/837 780/780/780 
f 837/837/837 849/849/849 780/780/780 
f 780/780/780 849/849/849 849/849/849 
f 849/849/849 705/705/705 849/849/849 
f 849/849/849 705/705/705 705/705/705 
f 705/705/705 685/685/685 705/705/705 
f 705/705/705 685/685/685 681/681/681 
f 685/685/685 683/683/683 681/681/681 
f 681/681/681 683/683/683 683/683/683 
f 683/683/683 836/836/836 683/683/683 
f 683/683/683 836/836/836 836/836/836 
f 836/836/836 824/824/824 836/836/836 
f 836/836/836 824/824/824 822/822/822 
f 824/824/824 823/823/823 822/822/822 
f 822/822/822 823/823/823 823/823/823 
f 823/823/823 798/798/798 823/823/823 
f 823/823/823 798/798/798 798/798/798 
f 798/798/798 799/799/799 798/798/798 
f 798/798/798 799/799/799 797/797/797 
f 799/799/799 821/821/821 797/797/797 
f 797/797/797 821/821/821 821/821/821 
f 821/821/821 713/713/713 821/821/821 
f 821/821/821 713/713/713 713/713/713 
f 713/713/713 697/697/697 713/713/713 
f 713/713/713 697/697/697 693/693/693 
f 697/697/697 695/695/695 693/693/693 
f 693/693/693 695/695/695 695/695/695 
f 695/695/695 878/878/878 695/695/695 
f 695/695/695 878/878/878 878/878/878 
f 878/878/878 877/877/877 878/878/878 
f 878/878/878 877/877/877 879/879/879 
f 877/877/877 895/895/895 879/879/879 
f 879/879/879 895/895/895 895/895/895 
f 895/895/895 735/735/735 895/895/895 
f 895/895/895 735/735/735 735/735/735 
f 735/735/735 737/737/737 735/735/735 
f 735/735/735 737/737/737 930/930/930 
f 737/737/737 741/741/741 930/930/930 
f 930/930/930 741/741/741 741/741/741 
f 741/741/741 410/410/410 741/741/741 
f 741/741/741 410/410/410 410/410/410 
f 410/410/410 409/409/409 410/410/410 
f 410/410/410 409/409/409 411/411/411 
f 409/409/409 422/422/422 411/411/411 
f 411/411/411 422/422/422 422/422/422 
f 422/422/422 396/396/396 422/422/422 
f 422/422/422 396/396/396 396/396/396 
f 396/396/396 395/395/395 396/396/396 
f 396/396/396 395/395/395 397/397/397 
f 395/395/395 408/408/408 397/397/397 
f 397/397/397 408/408/408 408/408/408 
f 408/408/408 10/10/10 408/408/408 
f 408/408/408 10/10/10 10/10/10 
f 10/10/10 8/8/8 10/10/10 
f 10/10/10 8/8/8 12/12/12 
f 8/8/8 931/931/931 12/12/12 
f 12/12/12 931/931/931 932/932/932 
f 931/931/931 933/933/933 932/932/932 
f 932/932/932 933/933/933 934/934/934 
f 933/933/933 935/935/935 934/934/934 
f 934/934/934 935/935/935 936/936/936 
f 935/935/935 937/937/937 936/936/936 
f 936/936/936 937/937/937 937/937/937 
f 937/937/937 931/931/931 937/937/937 
f 937/937/937 931/931/931 931/931/931 
f 931/931/931 8/8/8 931/931/931 
f 931/931/931 8/8/8 933/933/933 
f 8/8/8 938/938/938 933/933/933 
f 933/933/933 938/938/938 939/939/939 
f 938/938/938 6/6/6 939/939/939 
f 939/939/939 6/6/6 940/940/940 
f 6/6/6 2/2/2 940/940/940 
f 940/940/940 2/2/2 2/2/2 
f 2/2/2 939/939/939 2/2/2 
f 2/2/2 939/939/939 939/939/939 
f 939/939/939 941/941/941 939/939/939 
f 939/939/939 941/941/941 933/933/933 
f 941/941/941 935/935/935 933/933/933 
f 933/933/933 935/935/935 935/935/935 
f 935/935/935 436/436/436 935/935/935 
f 935/935/935 436/436/436 436/436/436 
f 436/436/436 425/425/425 436/436/436 
f 436/436/436 425/425/425 423/423/423 
f 425/425/425 424/424/424 423/423/423 
f 423/423/423 424/424/424 424/424/424 
f 424/424/424 450/450/450 424/424/424 
f 424/424/424 450/450/450 450/450/450 
f 450/450/450 439/439/439 450/450/450 
f 450/450/450 439/439/439 437/437/437 
f 439/439/439 438/438/438 437/437/437 
f 437/437/437 438/438/438 438/438/438 
f 438/438/438 368/368/368 438/438/438 
f 438/438/438 368/368/368 368/368/368 
f 368/368/368 367/367/367 368/368/368 
f 368/368/368 367/367/367 369/369/369 
f 367/367/367 380/380/380 369/369/369 
f 369/369/369 380/380/380 380/380/380 
f 380/380/380 452/452/452 380/380/380 
f 380/380/380 452/452/452 452/452/452 
f 452/452/452 451/451/451 452/452/452 
f 452/452/452 451/451/451 453/453/453 
f 451/451/451 464/464/464 453/453/453 
f 453/453/453 464/464/464 464/464/464 
f 464/464/464 466/466/466 464/464/464 
f 464/464/464 466/466/466 466/466/466 
f 466/466/466 465/465/465 466/466/466 
f 466/466/466 465/465/465 467/467/467 
f 465/465/465 478/478/478 467/467/467 
f 467/467/467 478/478/478 478/478/478 
f 478/478/478 897/897/897 478/478/478 
f 478/478/478 897/897/897 897/897/897 
f 897/897/897 896/896/896 897/897/897 
f 897/897/897 896/896/896 898/898/898 
f 896/896/896 910/910/910 898/898/898 
f 898/898/898 910/910/910 910/910/910 
f 910/910/910 312/312/312 910/910/910 
f 910/910/910 312/312/312 312/312/312 
f 312/312/312 311/311/311 312/312/312 
f 312/312/312 311/311/311 313/313/313 
f 311/311/311 324/324/324 313/313/313 
f 313/313/313 324/324/324 324/324/324 
f 324/324/324 340/340/340 324/324/324 
f 324/324/324 340/340/340 340/340/340 
f 340/340/340 339/339/339 340/340/340 
f 340/340/340 339/339/339 341/341/341 
f 339/339/339 352/352/352 341/341/341 
f 341/341/341 352/352/352 352/352/352 
f 352/352/352 354/354/354 352/352/352 
f 352/352/352 354/354/354 354/354/354 
f 354/354/354 353/353/353 354/354/354 
f 354/354/354 353/353/353 355/355/355 
f 353/353/353 366/366/366 355/355/355 
f 355/355/355 366/366/366 366/366/366 
f 366/366/366 921/921/921 366/366/366 
f 366/366/366 921/921/921 921/921/921 
f 921/921/921 913/913/913 921/921/921 
f 921/921/921 913/913/913 911/911/911 
f 913/913/913 912/912/912 911/911/911 
f 911/911/911 912/912/912 912/912/912 
f 912/912/912 480/480/480 912/912/912 
f 912/912/912 480/480/480 480/480/480 
f 480/480/480 479/479/479 480/480/480 
f 480/480/480 479/479/479 481/481/481 
f 479/479/479 942/942/942 481/481/481 
f 481/481/481 942/942/942 942/942/942 
f 942/942/942 479/479/479 942/942/942 
f 942/942/942 479/479/479 943/943/943 
f 479/479/479 944/944/944 943/943/943 
f 943/943/943 944/944/944 489/489/489 
f 944/944/944 477/477/477 489/489/489 
f 489/489/489 477/477/477 477/477/477 
f 477/477/477 943/943/943 477/477/477 
f 477/477/477 943/943/943 943/943/943 
f 943/943/943 489/489/489 943/943/943 
f 943/943/943 489/489/489 945/945/945 
f 489/489/489 485/485/485 945/945/945 
f 945/945/945 485/485/485 485/485/485 
f 485/485/485 326/326/326 485/485/485 
f 485/485/485 326/326/326 326/326/326 
f 326/326/326 325/325/325 326/326/326 
f 326/326/326 325/325/325 327/327/327 
f 325/325/325 338/338/338 327/327/327 
f 327/327/327 338/338/338 338/338/338 
f 338/338/338 294/294/294 338/338/338 
f 338/338/338 294/294/294 294/294/294 
f 294/294/294 296/296/296 294/294/294 
f 294/294/294 296/296/296 292/292/292 
f 296/296/296 946/946/946 292/292/292 
f 292/292/292 946/946/946 947/947/947 
f 946/946/946 948/948/948 947/947/947 
f 947/947/947 948/948/948 949/949/949 
f 948/948/948 950/950/950 949/949/949 
f 949/949/949 950/950/950 951/951/951 
f 950/950/950 952/952/952 951/951/951 
f 951/951/951 952/952/952 953/953/953 
f 952/952/952 953/953/953 953/953/953 
f 953/953/953 953/953/953 953/953/953 
f 953/953/953 954/954/954 953/953/953 
f 953/953/953 954/954/954 951/951/951 
f 954/954/954 955/955/955 951/951/951 
f 951/951/951 955/955/955 956/956/956 
f 955/955/955 957/957/957 956/956/956 
f 956/956/956 957/957/957 947/947/947 
f 957/957/957 958/958/958 947/947/947 
f 947/947/947 958/958/958 292/292/292 
f 958/958/958 290/290/290 292/292/292 
f 292/292/292 290/290/290 290/290/290 
f 290/290/290 956/956/956 290/290/290 
f 290/290/290 956/956/956 956/956/956 
f 956/956/956 947/947/947 956/956/956 
f 956/956/956 947/947/947 951/951/951 
f 947/947/947 949/949/949 951/951/951 
f 951/951/951 949/949/949 949/949/949 
f 949/949/949 310/310/310 949/949/949 
f 949/949/949 310/310/310 310/310/310 
f 310/310/310 299/299/299 310/310/310 
f 310/310/310 299/299/299 295/295/295 
f 299/299/299 297/297/297 295/295/295 
f 295/295/295 297/297/297 297/297/297 
f 297/297/297 736/736/736 297/297/297 
f 297/297/297 736/736/736 736/736/736 
f 736/736/736 734/734/734 736/736/736 
f 736/736/736 734/734/734 738/738/738 
f 734/734/734 959/959/959 738/738/738 
f 738/738/738 959/959/959 960/960/960 
f 959/959/959 960/960/960 960/960/960 
f 960/960/960 960/960/960 738/738/738 
f 960/960/960 738/738/738 738/738/738 
f 738/738/738 738/738/738 738/738/738 
f 738/738/738 960/960/960 738/738/738 
f 738/738/738 960/960/960 961/961/961 
f 960/960/960 33/33/33 961/961/961 
f 961/961/961 33/33/33 37/37/37 
f 33/33/33 35/35/35 37/37/37 
f 37/37/37 35/35/35 35/35/35 
f 35/35/35 960/960/960 35/35/35 
f 35/35/35 960/960/960 960/960/960 
f 960/960/960 962/962/962 960/960/960 
f 960/960/960 962/962/962 33/33/33 
f 962/962/962 31/31/31 33/33/33 
f 33/33/33 31/31/31 31/31/31 
f 31/31/31 903/903/903 31/31/31 
f 31/31/31 903/903/903 903/903/903 
f 903/903/903 887/887/887 903/903/903 
f 903/903/903 887/887/887 885/885/885 
f 887/887/887 886/886/886 885/885/885 
f 885/885/885 886/886/886 886/886/886 
f 886/886/886 955/955/955 886/886/886 
f 886/886/886 955/955/955 955/955/955 
f 955/955/955 963/963/963 955/955/955 
f 955/955/955 963/963/963 957/957/957 
f 963/963/963 964/964/964 957/957/957 
f 957/957/957 964/964/964 965/965/965 
f 964/964/964 286/286/286 965/965/965 
f 965/965/965 286/286/286 290/290/290 
f 286/286/286 288/288/288 290/290/290 
f 290/290/290 288/288/288 288/288/288 
f 288/288/288 965/965/965 288/288/288 
f 288/288/288 965/965/965 965/965/965 
f 965/965/965 290/290/290 965/965/965 
f 965/965/965 290/290/290 957/957/957 
f 290/290/290 958/958/958 957/957/957 
f 957/957/957 958/958/958 958/958/958 
f 958/958/958 727/727/727 958/958/958 
f 958/958/958 727/727/727 727/727/727 
f 727/727/727 721/721/721 727/727/727 
f 727/727/727 721/721/721 719/719/719 
f 721/721/721 720/720/720 719/719/719 
f 719/719/719 720/720/720 720/720/720 
f 720/720/720 918/918/918 720/720/720 
f 720/720/720 918/918/918 918/918/918 
f 918/918/918 906/906/906 918/918/918 
f 918/918/918 906/906/906 904/904/904 
f 906/906/906 905/905/905 904/904/904 
f 904/904/904 905/905/905 905/905/905 
f 905/905/905 404/404/404 905/905/905 
f 905/905/905 404/404/404 404/404/404 
f 404/404/404 393/393/393 404/404/404 
f 404/404/404 393/393/393 391/391/391 
f 393/393/393 392/392/392 391/391/391 
f 391/391/391 392/392/392 392/392/392 
f 392/392/392 654/654/654 392/392/392 
f 392/392/392 654/654/654 654/654/654 
f 654/654/654 644/644/644 654/654/654 
f 654/654/654 644/644/644 642/642/642 
f 644/644/644 643/643/643 642/642/642 
f 642/642/642 643/643/643 643/643/643 
f 643/643/643 819/819/819 643/643/643 
f 643/643/643 819/819/819 819/819/819 
f 819/819/819 818/818/818 819/819/819 
f 819/819/819 818/818/818 820/820/820 
f 818/818/818 832/832/832 820/820/820 
f 820/820/820 832/832/832 832/832/832 
f 832/832/832 689/689/689 832/832/832 
f 832/832/832 689/689/689 689/689/689 
f 689/689/689 687/687/687 689/689/689 
f 689/689/689 687/687/687 691/691/691 
f 687/687/687 709/709/709 691/691/691 
f 691/691/691 709/709/709 709/709/709 
f 709/709/709 856/856/856 709/709/709 
f 709/709/709 856/856/856 856/856/856 
f 856/856/856 848/848/848 856/856/856 
f 856/856/856 848/848/848 846/846/846 
f 848/848/848 847/847/847 846/846/846 
f 846/846/846 847/847/847 847/847/847 
f 847/847/847 77/77/77 847/847/847 
f 847/847/847 77/77/77 77/77/77 
f 77/77/77 76/76/76 77/77/77 
f 77/77/77 76/76/76 78/78/78 
f 76/76/76 87/87/87 78/78/78 
f 78/78/78 87/87/87 87/87/87 
f 87/87/87 802/802/802 87/87/87 
f 87/87/87 802/802/802 802/802/802 
f 802/802/802 803/803/803 802/802/802 
f 802/802/802 803/803/803 801/801/801 
f 803/803/803 817/817/817 801/801/801 
f 801/801/801 817/817/817 817/817/817 
f 817/817/817 99/99/99 817/817/817 
f 817/817/817 99/99/99 99/99/99 
f 99/99/99 90/90/90 99/99/99 
f 99/99/99 90/90/90 88/88/88 
f 90/90/90 89/89/89 88/88/88 
f 88/88/88 89/89/89 89/89/89 
f 89/89/89 718/718/718 89/89/89 
f 89/89/89 718/718/718 718/718/718 
f 718/718/718 708/708/708 718/718/718 
f 718/718/718 708/708/708 706/706/706 
f 708/708/708 707/707/707 706/706/706 
f 706/706/706 707/707/707 707/707/707 
f 707/707/707 53/53/53 707/707/707 
f 707/707/707 53/53/53 53/53/53 
f 53/53/53 52/52/52 53/53/53 
f 53/53/53 52/52/52 54/54/54 
f 52/52/52 63/63/63 54/54/54 
f 54/54/54 63/63/63 63/63/63 
f 63/63/63 75/75/75 63/63/63 
f 63/63/63 75/75/75 75/75/75 
f 75/75/75 66/66/66 75/75/75 
f 75/75/75 66/66/66 64/64/64 
f 66/66/66 65/65/65 64/64/64 
f 64/64/64 65/65/65 65/65/65 
f 65/65/65 711/711/711 65/65/65 
f 65/65/65 711/711/711 711/711/711 
f 711/711/711 710/710/710 711/711/711 
f 711/711/711 710/710/710 712/712/712 
f 710/710/710 722/722/722 712/712/712 
f 712/712/712 722/722/722 722/722/722 
f 722/722/722 38/38/38 722/722/722 
f 722/722/722 38/38/38 38/38/38 
f 38/38/38 36/36/36 38/38/38 
f 38/38/38 36/36/36 40/40/40 
f 36/36/36 51/51/51 40/40/40 
f 40/40/40 51/51/51 51/51/51 
f 51/51/51 406/406/406 51/51/51 
f 51/51/51 406/406/406 406/406/406 
f 406/406/406 405/405/405 406/406/406 
f 406/406/406 405/405/405 407/407/407 
f 405/405/405 418/418/418 407/407/407 
f 407/407/407 418/418/418 418/418/418 
f 418/418/418 865/865/865 418/418/418 
f 418/418/418 865/865/865 865/865/865 
f 865/865/865 784/784/784 865/865/865 
f 865/865/865 784/784/784 857/857/857 
f 784/784/784 858/858/858 857/857/857 
f 857/857/857 858/858/858 858/858/858 
f 858/858/858 105/105/105 858/858/858 
f 858/858/858 105/105/105 105/105/105 
f 105/105/105 104/104/104 105/105/105 
f 105/105/105 104/104/104 106/106/106 
f 104/104/104 115/115/115 106/106/106 
f 106/106/106 115/115/115 115/115/115 
f 115/115/115 93/93/93 115/115/115 
f 115/115/115 93/93/93 93/93/93 
f 93/93/93 92/92/92 93/93/93 
f 93/93/93 92/92/92 94/94/94 
f 92/92/92 103/103/103 94/94/94 
f 94/94/94 103/103/103 103/103/103 
f 103/103/103 890/890/890 103/103/103 
f 103/103/103 890/890/890 890/890/890 
f 890/890/890 889/889/889 890/890/890 
f 890/890/890 889/889/889 891/891/891 
f 889/889/889 907/907/907 891/891/891 
f 891/891/891 907/907/907 907/907/907 
f 907/907/907 101/101/101 907/907/907 
f 907/907/907 101/101/101 101/101/101 
f 101/101/101 100/100/100 101/101/101 
f 101/101/101 100/100/100 102/102/102 
f 100/100/100 111/111/111 102/102/102 
f 102/102/102 111/111/111 111/111/111 
f 111/111/111 81/81/81 111/111/111 
f 111/111/111 81/81/81 81/81/81 
f 81/81/81 80/80/80 81/81/81 
f 81/81/81 80/80/80 82/82/82 
f 80/80/80 91/91/91 82/82/82 
f 82/82/82 91/91/91 91/91/91 
f 91/91/91 863/863/863 91/91/91 
f 91/91/91 863/863/863 863/863/863 
f 863/863/863 862/862/862 863/863/863 
f 863/863/863 862/862/862 864/864/864 
f 862/862/862 868/868/868 864/864/864 
f 864/864/864 868/868/868 868/868/868 
f 868/868/868 79/79/79 868/868/868 
f 868/868/868 79/79/79 79/79/79 
f 79/79/79 70/70/70 79/79/79 
f 79/79/79 70/70/70 68/68/68 
f 70/70/70 69/69/69 68/68/68 
f 68/68/68 69/69/69 69/69/69 
f 69/69/69 563/563/563 69/69/69 
f 69/69/69 563/563/563 563/563/563 
f 563/563/563 562/562/562 563/563/563 
f 563/563/563 562/562/562 564/564/564 
f 562/562/562 582/582/582 564/564/564 
f 564/564/564 582/582/582 582/582/582 
f 582/582/582 854/854/854 582/582/582 
f 582/582/582 854/854/854 854/854/854 
f 854/854/854 853/853/853 854/854/854 
f 854/854/854 853/853/853 855/855/855 
f 853/853/853 861/861/861 855/855/855 
f 855/855/855 861/861/861 861/861/861 
f 861/861/861 57/57/57 861/861/861 
f 861/861/861 57/57/57 57/57/57 
f 57/57/57 56/56/56 57/57/57 
f 57/57/57 56/56/56 58/58/58 
f 56/56/56 67/67/67 58/58/58 
f 58/58/58 67/67/67 67/67/67 
f 67/67/67 55/55/55 67/67/67 
f 67/67/67 55/55/55 55/55/55 
f 55/55/55 46/46/46 55/55/55 
f 55/55/55 46/46/46 42/42/42 
f 46/46/46 44/44/44 42/42/42 
f 42/42/42 44/44/44 44/44/44 
f 44/44/44 364/364/364 44/44/44 
f 44/44/44 364/364/364 364/364/364 
f 364/364/364 363/363/363 364/364/364 
f 364/364/364 363/363/363 365/365/365 
f 363/363/363 376/376/376 365/365/365 
f 365/365/365 376/376/376 376/376/376 
f 376/376/376 420/420/420 376/376/376 
f 376/376/376 420/420/420 420/420/420 
f 420/420/420 419/419/419 420/420/420 
f 420/420/420 419/419/419 421/421/421 
f 419/419/419 432/432/432 421/421/421 
f 421/421/421 432/432/432 432/432/432 
f 432/432/432 378/378/378 432/432/432 
f 432/432/432 378/378/378 378/378/378 
f 378/378/378 377/377/377 378/378/378 
f 378/378/378 377/377/377 379/379/379 
f 377/377/377 390/390/390 379/379/379 
f 379/379/379 390/390/390 390/390/390 
f 390/390/390 830/830/830 390/390/390 
f 390/390/390 830/830/830 830/830/830 
f 830/830/830 829/829/829 830/830/830 
f 830/830/830 829/829/829 831/831/831 
f 829/829/829 841/841/841 831/831/831 
f 831/831/831 841/841/841 841/841/841 
f 841/841/841 852/852/852 841/841/841 
f 841/841/841 852/852/852 852/852/852 
f 852/852/852 844/844/844 852/852/852 
f 852/852/852 844/844/844 842/842/842 
f 844/844/844 843/843/843 842/842/842 
f 842/842/842 843/843/843 843/843/843 
f 843/843/843 336/336/336 843/843/843 
f 843/843/843 336/336/336 336/336/336 
f 336/336/336 335/335/335 336/336/336 
f 336/336/336 335/335/335 337/337/337 
f 335/335/335 348/348/348 337/337/337 
f 337/337/337 348/348/348 348/348/348 
f 348/348/348 815/815/815 348/348/348 
f 348/348/348 815/815/815 815/815/815 
f 815/815/815 814/814/814 815/815/815 
f 815/815/815 814/814/814 816/816/816 
f 814/814/814 828/828/828 816/816/816 
f 816/816/816 828/828/828 828/828/828 
f 828/828/828 362/362/362 828/828/828 
f 828/828/828 362/362/362 362/362/362 
f 362/362/362 351/351/351 362/362/362 
f 362/362/362 351/351/351 349/349/349 
f 351/351/351 350/350/350 349/349/349 
f 349/349/349 350/350/350 350/350/350 
f 350/350/350 308/308/308 350/350/350 
f 350/350/350 308/308/308 308/308/308 
f 308/308/308 307/307/307 308/308/308 
f 308/308/308 307/307/307 309/309/309 
f 307/307/307 320/320/320 309/309/309 
f 309/309/309 320/320/320 320/320/320 
f 320/320/320 806/806/806 320/320/320 
f 320/320/320 806/806/806 806/806/806 
f 806/806/806 807/807/807 806/806/806 
f 806/806/806 807/807/807 805/805/805 
f 807/807/807 813/813/813 805/805/805 
f 805/805/805 813/813/813 813/813/813 
f 813/813/813 334/334/334 813/813/813 
f 813/813/813 334/334/334 334/334/334 
f 334/334/334 323/323/323 334/334/334 
f 334/334/334 323/323/323 321/321/321 
f 323/323/323 322/322/322 321/321/321 
f 321/321/321 322/322/322 322/322/322 
f 322/322/322 834/834/834 322/322/322 
f 322/322/322 834/834/834 834/834/834 
f 834/834/834 833/833/833 834/834/834 
f 834/834/834 833/833/833 835/835/835 
f 833/833/833 845/845/845 835/835/835 
f 835/835/835 845/845/845 845/845/845 
f 845/845/845 966/966/966 845/845/845 
f 845/845/845 966/966/966 966/966/966 
f 966/966/966 967/967/967 966/966/966 
f 966/966/966 967/967/967 968/968/968 
f 967/967/967 969/969/969 968/968/968 
f 968/968/968 969/969/969 969/969/969 
f 969/969/969 306/306/306 969/969/969 
f 969/969/969 306/306/306 306/306/306 
f 306/306/306 293/293/293 306/306/306 
f 306/306/306 293/293/293 289/289/289 
f 293/293/293 291/291/291 289/289/289 
f 289/289/289 291/291/291 291/291/291 
f 291/291/291 155/155/155 291/291/291 
f 291/291/291 155/155/155 155/155/155 
f 155/155/155 25/25/25 155/155/155 
f 155/155/155 25/25/25 23/23/23 
f 25/25/25 24/24/24 23/23/23 
f 23/23/23 24/24/24 24/24/24 
f 24/24/24 446/446/446 24/24/24 
f 24/24/24 446/446/446 446/446/446 
f 446/446/446 435/435/435 446/446/446 
f 446/446/446 435/435/435 433/433/433 
f 435/435/435 434/434/434 433/433/433 
f 433/433/433 434/434/434 434/434/434 
f 434/434/434 370/370/370 434/434/434 
f 434/434/434 370/370/370 370/370/370 
f 370/370/370 372/372/372 370/370/370 
f 370/370/370 372/372/372 357/357/357 
f 372/372/372 359/359/359 357/357/357 
f 357/357/357 359/359/359 359/359/359 
f 359/359/359 356/356/356 359/359/359 
f 359/359/359 356/356/356 356/356/356 
f 356/356/356 358/358/358 356/356/356 
f 356/356/356 358/358/358 343/343/343 
f 358/358/358 345/345/345 343/343/343 
f 343/343/343 345/345/345 345/345/345 
f 345/345/345 113/113/113 345/345/345 
f 345/345/345 113/113/113 113/113/113 
f 113/113/113 112/112/112 113/113/113 
f 113/113/113 112/112/112 114/114/114 
f 112/112/112 123/123/123 114/114/114 
f 114/114/114 123/123/123 123/123/123 
f 123/123/123 300/300/300 123/123/123 
f 123/123/123 300/300/300 300/300/300 
f 300/300/300 302/302/302 300/300/300 
f 300/300/300 302/302/302 298/298/298 
f 302/302/302 970/970/970 298/298/298 
f 298/298/298 970/970/970 971/971/971 
f 970/970/970 971/971/971 971/971/971 
f 971/971/971 971/971/971 298/298/298 
f 971/971/971 298/298/298 298/298/298 
f 298/298/298 298/298/298 298/298/298 
f 298/298/298 971/971/971 298/298/298 
f 298/298/298 971/971/971 972/972/972 
f 971/971/971 948/948/948 972/972/972 
f 972/972/972 948/948/948 296/296/296 
f 948/948/948 946/946/946 296/296/296 
f 296/296/296 946/946/946 946/946/946 
f 946/946/946 971/971/971 946/946/946 
f 946/946/946 971/971/971 971/971/971 
f 971/971/971 973/973/973 971/971/971 
f 971/971/971 973/973/973 948/948/948 
f 973/973/973 950/950/950 948/948/948 
f 948/948/948 950/950/950 950/950/950 
f 950/950/950 317/317/317 950/950/950 
f 950/950/950 317/317/317 317/317/317 
f 317/317/317 315/315/315 317/317/317 
f 317/317/317 315/315/315 330/330/330 
f 315/315/315 328/328/328 330/330/330 
f 330/330/330 328/328/328 328/328/328 
f 328/328/328 342/342/342 328/328/328 
f 328/328/328 342/342/342 342/342/342 
f 342/342/342 344/344/344 342/342/342 
f 342/342/342 344/344/344 329/329/329 
f 344/344/344 331/331/331 329/329/329 
f 329/329/329 331/331/331 331/331/331 
f 331/331/331 303/303/303 331/331/331 
f 331/331/331 303/303/303 303/303/303 
f 303/303/303 301/301/301 303/303/303 
f 303/303/303 301/301/301 316/316/316 
f 301/301/301 314/314/314 316/316/316 
f 316/316/316 314/314/314 314/314/314 
f 314/314/314 32/32/32 314/314/314 
f 314/314/314 32/32/32 32/32/32 
f 32/32/32 30/30/30 32/32/32 
f 32/32/32 30/30/30 34/34/34 
f 30/30/30 974/974/974 34/34/34 
f 34/34/34 974/974/974 975/975/975 
f 974/974/974 975/975/975 975/975/975 
f 975/975/975 975/975/975 34/34/34 
f 975/975/975 34/34/34 34/34/34 
f 34/34/34 34/34/34 34/34/34 
f 34/34/34 975/975/975 34/34/34 
f 34/34/34 975/975/975 49/49/49 
f 975/975/975 50/50/50 49/49/49 
f 49/49/49 50/50/50 50/50/50 
f 50/50/50 975/975/975 50/50/50 
f 50/50/50 975/975/975 975/975/975 
f 975/975/975 976/976/976 975/975/975 
f 975/975/975 976/976/976 50/50/50 
f 976/976/976 977/977/977 50/50/50 
f 50/50/50 977/977/977 61/61/61 
f 977/977/977 62/62/62 61/61/61 
f 61/61/61 62/62/62 62/62/62 
f 62/62/62 977/977/977 62/62/62 
f 62/62/62 977/977/977 977/977/977 
f 977/977/977 978/978/978 977/977/977 
f 977/977/977 978/978/978 62/62/62 
f 978/978/978 979/979/979 62/62/62 
f 62/62/62 979/979/979 73/73/73 
f 979/979/979 74/74/74 73/73/73 
f 73/73/73 74/74/74 74/74/74 
f 74/74/74 979/979/979 74/74/74 
f 74/74/74 979/979/979 979/979/979 
f 979/979/979 980/980/980 979/979/979 
f 979/979/979 980/980/980 74/74/74 
f 980/980/980 981/981/981 74/74/74 
f 74/74/74 981/981/981 85/85/85 
f 981/981/981 86/86/86 85/85/85 
f 85/85/85 86/86/86 86/86/86 
f 86/86/86 981/981/981 86/86/86 
f 86/86/86 981/981/981 981/981/981 
f 981/981/981 982/982/982 981/981/981 
f 981/981/981 982/982/982 86/86/86 
f 982/982/982 983/983/983 86/86/86 
f 86/86/86 983/983/983 97/97/97 
f 983/983/983 98/98/98 97/97/97 
f 97/97/97 98/98/98 98/98/98 
f 98/98/98 983/983/983 98/98/98 
f 98/98/98 983/983/983 983/983/983 
f 983/983/983 984/984/984 983/983/983 
f 983/983/983 984/984/984 98/98/98 
f 984/984/984 985/985/985 98/98/98 
f 98/98/98 985/985/985 109/109/109 
f 985/985/985 110/110/110 109/109/109 
f 109/109/109 110/110/110 110/110/110 
f 110/110/110 985/985/985 110/110/110 
f 110/110/110 985/985/985 985/985/985 
f 985/985/985 986/986/986 985/985/985 
f 985/985/985 986/986/986 110/110/110 
f 986/986/986 987/987/987 110/110/110 
f 110/110/110 987/987/987 121/121/121 
f 987/987/987 122/122/122 121/121/121 
f 121/121/121 122/122/122 122/122/122 
f 122/122/122 987/987/987 122/122/122 
f 122/122/122 987/987/987 987/987/987 
f 987/987/987 988/988/988 987/987/987 
f 987/987/987 988/988/988 122/122/122 
f 988/988/988 167/167/167 122/122/122 
f 122/122/122 167/167/167 133/133/133 
f 167/167/167 134/134/134 133/133/133 
f 133/133/133 134/134/134 134/134/134 
f 134/134/134 448/448/448 134/134/134 
f 134/134/134 448/448/448 448/448/448 
f 448/448/448 447/447/447 448/448/448 
f 448/448/448 447/447/447 449/449/449 
f 447/447/447 460/460/460 449/449/449 
f 449/449/449 460/460/460 460/460/460 
f 460/460/460 16/16/16 460/460/460 
f 460/460/460 16/16/16 16/16/16 
f 16/16/16 14/14/14 16/16/16 
f 16/16/16 14/14/14 18/18/18 
f 14/14/14 989/989/989 18/18/18 
f 18/18/18 989/989/989 989/989/989 
f 989/989/989 14/14/14 989/989/989 
f 989/989/989 14/14/14 990/990/990 
f 14/14/14 991/991/991 990/990/990 
f 990/990/990 991/991/991 932/932/932 
f 991/991/991 12/12/12 932/932/932 
f 932/932/932 12/12/12 12/12/12 
f 12/12/12 990/990/990 12/12/12 
f 12/12/12 990/990/990 990/990/990 
f 990/990/990 932/932/932 990/990/990 
f 990/990/990 932/932/932 992/992/992 
f 932/932/932 936/936/936 992/992/992 
f 992/992/992 936/936/936 936/936/936 
f 936/936/936 26/26/26 936/936/936 
f 936/936/936 26/26/26 26/26/26 
f 26/26/26 5/5/5 26/26/26 
f 26/26/26 5/5/5 9/9/9 
f 5/5/5 7/7/7 9/9/9 
f 9/9/9 7/7/7 7/7/7 
f 7/7/7 284/284/284 7/7/7 
f 7/7/7 284/284/284 284/284/284 
f 284/284/284 286/286/286 284/284/284 
f 284/284/284 286/286/286 993/993/993 
f 286/286/286 964/964/964 993/993/993 
f 993/993/993 964/964/964 964/964/964 
f 964/964/964 724/724/724 964/964/964 
f 964/964/964 724/724/724 724/724/724 
f 724/724/724 723/723/723 724/724/724 
f 724/724/724 723/723/723 725/725/725 
f 723/723/723 731/731/731 725/725/725 
f 725/725/725 731/731/731 731/731/731 
f 731/731/731 994/994/994 731/731/731 
f 731/731/731 994/994/994 994/994/994 
f 994/994/994 995/995/995 994/994/994 
f 994/994/994 995/995/995 996/996/996 
f 995/995/995 997/997/997 996/996/996 
f 996/996/996 997/997/997 998/998/998 
f 997/997/997 999/999/999 998/998/998 
f 998/998/998 999/999/999 1000/1000/1000 
f 999/999/999 1001/1001/1001 1000/1000/1000 
f 1000/1000/1000 1001/1001/1001 1002/1002/1002 
f 1001/1001/1001 1003/1003/1003 1002/1002/1002 
f 1002/1002/1002 1003/1003/1003 1004/1004/1004 
f 1003/1003/1003 1005/1005/1005 1004/1004/1004 
f 1004/1004/1004 1005/1005/1005 1006/1006/1006 
f 1005/1005/1005 1007/1007/1007 1006/1006/1006 
f 1006/1006/1006 1007/1007/1007 1008/1008/1008 
f 1007/1007/1007 1009/1009/1009 1008/1008/1008 
f 1008/1008/1008 1009/1009/1009 1010/1010/1010 
f 1009/1009/1009 1011/1011/1011 1010/1010/1010 
f 1010/1010/1010 1011/1011/1011 1012/1012/1012 
f 1011/1011/1011 1013/1013/1013 1012/1012/1012 
f 1012/1012/1012 1013/1013/1013 1014/1014/1014 
f 1013/1013/1013 1015/1015/1015 1014/1014/1014 
f 1014/1014/1014 1015/1015/1015 1016/1016/1016 
f 1015/1015/1015 1017/1017/1017 1016/1016/1016 
f 1016/1016/1016 1017/1017/1017 1018/1018/1018 
f 1017/1017/1017 1019/1019/1019 1018/1018/1018 
f 1018/1018/1018 1019/1019/1019 1020/1020/1020 
f 1019/1019/1019 1021/1021/1021 1020/1020/1020 
f 1020/1020/1020 1021/1021/1021 1022/1022/1022 
f 1021/1021/1021 1023/1023/1023 1022/1022/1022 
f 1022/1022/1022 1023/1023/1023 1024/1024/1024 
f 1023/1023/1023 1025/1025/1025 1024/1024/1024 
f 1024/1024/1024 1025/1025/1025 1026/1026/1026 
f 1025/1025/1025 1027/1027/1027 1026/1026/1026 
f 1026/1026/1026 1027/1027/1027 1028/1028/1028 
f 1027/1027/1027 1029/1029/1029 1028/1028/1028 
f 1028/1028/1028 1029/1029/1029 1030/1030/1030 
f 1029/1029/1029 1031/1031/1031 1030/1030/1030 
f 1030/1030/1030 1031/1031/1031 1032/1032/1032 
f 1031/1031/1031 1033/1033/1033 1032/1032/1032 
f 1032/1032/1032 1033/1033/1033 1034/1034/1034 
f 1033/1033/1033 1035/1035/1035 1034/1034/1034 
f 1034/1034/1034 1035/1035/1035 1036/1036/1036 
f 1035/1035/1035 1037/1037/1037 1036/1036/1036 
f 1036/1036/1036 1037/1037/1037 1038/1038/1038 
f 1037/1037/1037 1039/1039/1039 1038/1038/1038 
f 1038/1038/1038 1039/1039/1039 1040/1040/1040 
f 1039/1039/1039 1041/1041/1041 1040/1040/1040 
f 1040/1040/1040 1041/1041/1041 1042/1042/1042 
f 1041/1041/1041 1043/1043/1043 1042/1042/1042 
f 1042/1042/1042 1043/1043/1043 1044/1044/1044 
f 1043/1043/1043 1045/1045/1045 1044/1044/1044 
f 1044/1044/1044 1045/1045/1045 1046/1046/1046 
f 1045/1045/1045 1047/1047/1047 1046/1046/1046 
f 1046/1046/1046 1047/1047/1047 1048/1048/1048 
f 1047/1047/1047 1049/1049/1049 1048/1048/1048 
f 1048/1048/1048 1049/1049/1049 1050/1050/1050 
f 1049/1049/1049 1051/1051/1051 1050/1050/1050 
f 1050/1050/1050 1051/1051/1051 1052/1052/1052 
f 1051/1051/1051 1053/1053/1053 1052/1052/1052 
f 1052/1052/1052 1053/1053/1053 1054/1054/1054 
f 1053/1053/1053 1055/1055/1055 1054/1054/1054 
f 1054/1054/1054 1055/1055/1055 1056/1056/1056 
f 1055/1055/1055 1057/1057/1057 1056/1056/1056 
f 1056/1056/1056 1057/1057/1057 1058/1058/1058 
f 1057/1057/1057 1059/1059/1059 1058/1058/1058 
f 1058/1058/1058 1059/1059/1059 1060/1060/1060 
f 1059/1059/1059 1061/1061/1061 1060/1060/1060 
f 1060/1060/1060 1061/1061/1061 1062/1062/1062 
f 1061/1061/1061 1063/1063/1063 1062/1062/1062 
f 1062/1062/1062 1063/1063/1063 1064/1064/1064 
f 1063/1063/1063 1065/1065/1065 1064/1064/1064 
f 1064/1064/1064 1065/1065/1065 1066/1066/1066 
f 1065/1065/1065 1067/1067/1067 1066/1066/1066 
f 1066/1066/1066 1067/1067/1067 1068/1068/1068 
f 1067/1067/1067 1069/1069/1069 1068/1068/1068 
f 1068/1068/1068 1069/1069/1069 1070/1070/1070 
f 1069/1069/1069 1071/1071/1071 1070/1070/1070 
f 1070/1070/1070 1071/1071/1071 1072/1072/1072 
f 1071/1071/1071 1073/1073/1073 1072/1072/1072 
f 1072/1072/1072 1073/1073/1073 994/994/994 
f 1073/1073/1073 995/995/995 994/994/994 
f 994/994/994 995/995/995 995/995/995 
f 995/995/995 1059/1059/1059 995/995/995 
f 995/995/995 1059/1059/1059 1059/1059/1059 
f 1059/1059/1059 1057/1057/1057 1059/1059/1059 
f 1059/1059/1059 1057/1057/1057 1074/1074/1074 
f 1057/1057/1057 1055/1055/1055 1074/1074/1074 
f 1074/1074/1074 1055/1055/1055 1075/1075/1075 
f 1055/1055/1055 1053/1053/1053 1075/1075/1075 
f 1075/1075/1075 1053/1053/1053 1076/1076/1076 
f 1053/1053/1053 1051/1051/1051 1076/1076/1076 
f 1076/1076/1076 1051/1051/1051 1077/1077/1077 
f 1051/1051/1051 1049/1049/1049 1077/1077/1077 
f 1077/1077/1077 1049/1049/1049 1078/1078/1078 
f 1049/1049/1049 1047/1047/1047 1078/1078/1078 
f 1078/1078/1078 1047/1047/1047 1079/1079/1079 
f 1047/1047/1047 1045/1045/1045 1079/1079/1079 
f 1079/1079/1079 1045/1045/1045 1080/1080/1080 
f 1045/1045/1045 1043/1043/1043 1080/1080/1080 
f 1080/1080/1080 1043/1043/1043 1081/1081/1081 
f 1043/1043/1043 1041/1041/1041 1081/1081/1081 
f 1081/1081/1081 1041/1041/1041 1082/1082/1082 
f 1041/1041/1041 1039/1039/1039 1082/1082/1082 
f 1082/1082/1082 1039/1039/1039 1083/1083/1083 
f 1039/1039/1039 1037/1037/1037 1083/1083/1083 
f 1083/1083/1083 1037/1037/1037 1084/1084/1084 
f 1037/1037/1037 1035/1035/1035 1084/1084/1084 
f 1084/1084/1084 1035/1035/1035 1085/1085/1085 
f 1035/1035/1035 1033/1033/1033 1085/1085/1085 
f 1085/1085/1085 1033/1033/1033 1086/1086/1086 
f 1033/1033/1033 1031/1031/1031 1086/1086/1086 
f 1086/1086/1086 1031/1031/1031 1087/1087/1087 
f 1031/1031/1031 1029/1029/1029 1087/1087/1087 
f 1087/1087/1087 1029/1029/1029 1088/1088/1088 
f 1029/1029/1029 1027/1027/1027 1088/1088/1088 
f 1088/1088/1088 1027/1027/1027 1089/1089/1089 
f 1027/1027/1027 1025/1025/1025 1089/1089/1089 
f 1089/1089/1089 1025/1025/1025 1090/1090/1090 
f 1025/1025/1025 1023/1023/1023 1090/1090/1090 
f 1090/1090/1090 1023/1023/1023 1091/1091/1091 
f 1023/1023/1023 1021/1021/1021 1091/1091/1091 
f 1091/1091/1091 1021/1021/1021 1092/1092/1092 
f 1021/1021/1021 1019/1019/1019 1092/1092/1092 
f 1092/1092/1092 1019/1019/1019 1093/1093/1093 
f 1019/1019/1019 1017/1017/1017 1093/1093/1093 
f 1093/1093/1093 1017/1017/1017 1094/1094/1094 
f 1017/1017/1017 1095/1095/1095 1094/1094/1094 
f 1094/1094/1094 1095/1095/1095 1096/1096/1096 
f 1095/1095/1095 1097/1097/1097 1096/1096/1096 
f 1096/1096/1096 1097/1097/1097 1098/1098/1098 
f 1097/1097/1097 1099/1099/1099 1098/1098/1098 
f 1098/1098/1098 1099/1099/1099 1100/1100/1100 
f 1099/1099/1099 1101/1101/1101 1100/1100/1100 
f 1100/1100/1100 1101/1101/1101 1102/1102/1102 
f 1101/1101/1101 1103/1103/1103 1102/1102/1102 
f 1102/1102/1102 1103/1103/1103 1104/1104/1104 
f 1103/1103/1103 1105/1105/1105 1104/1104/1104 
f 1104/1104/1104 1105/1105/1105 1106/1106/1106 
f 1105/1105/1105 1107/1107/1107 1106/1106/1106 
f 1106/1106/1106 1107/1107/1107 1108/1108/1108 
f 1107/1107/1107 1109/1109/1109 1108/1108/1108 
f 1108/1108/1108 1109/1109/1109 1110/1110/1110 
f 1109/1109/1109 1111/1111/1111 1110/1110/1110 
f 1110/1110/1110 1111/1111/1111 1112/1112/1112 
f 1111/1111/1111 1113/1113/1113 1112/1112/1112 
f 1112/1112/1112 1113/1113/1113 1114/1114/1114 
f 1113/1113/1113 1114/1114/1114 1114/1114/1114 
f 1114/1114/1114 1114/1114/1114 1094/1094/1094 
f 1114/1114/1114 1094/1094/1094 1094/1094/1094 
f 1094/1094/1094 1094/1094/1094 1094/1094/1094 
f 1094/1094/1094 1115/1115/1115 1094/1094/1094 
f 1094/1094/1094 1115/1115/1115 1093/1093/1093 
f 1115/1115/1115 1116/1116/1116 1093/1093/1093 
f 1093/1093/1093 1116/1116/1116 1092/1092/1092 
f 1116/1116/1116 1117/1117/1117 1092/1092/1092 
f 1092/1092/1092 1117/1117/1117 1091/1091/1091 
f 1117/1117/1117 1118/1118/1118 1091/1091/1091 
f 1091/1091/1091 1118/1118/1118 1090/1090/1090 
f 1118/1118/1118 1119/1119/1119 1090/1090/1090 
f 1090/1090/1090 1119/1119/1119 1089/1089/1089 
f 1119/1119/1119 1120/1120/1120 1089/1089/1089 
f 1089/1089/1089 1120/1120/1120 1088/1088/1088 
f 1120/1120/1120 1121/1121/1121 1088/1088/1088 
f 1088/1088/1088 1121/1121/1121 1087/1087/1087 
f 1121/1121/1121 1122/1122/1122 1087/1087/1087 
f 1087/1087/1087 1122/1122/1122 1086/1086/1086 
f 1122/1122/1122 1123/1123/1123 1086/1086/1086 
f 1086/1086/1086 1123/1123/1123 1085/1085/1085 
f 1123/1123/1123 1124/1124/1124 1085/1085/1085 
f 1085/1085/1085 1124/1124/1124 1084/1084/1084 
f 1124/1124/1124 1125/1125/1125 1084/1084/1084 
f 1084/1084/1084 1125/1125/1125 1083/1083/1083 
f 1125/1125/1125 1126/1126/1126 1083/1083/1083 
f 1083/1083/1083 1126/1126/1126 1082/1082/1082 
f 1126/1126/1126 1127/1127/1127 1082/1082/1082 
f 1082/1082/1082 1127/1127/1127 1081/1081/1081 
f 1127/1127/1127 1128/1128/1128 1081/1081/1081 
f 1081/1081/1081 1128/1128/1128 1080/1080/1080 
f 1128/1128/1128 1129/1129/1129 1080/1080/1080 
f 1080/1080/1080 1129/1129/1129 1079/1079/1079 
f 1129/1129/1129 1130/1130/1130 1079/1079/1079 
f 1079/1079/1079 1130/1130/1130 1078/1078/1078 
f 1130/1130/1130 1131/1131/1131 1078/1078/1078 
f 1078/1078/1078 1131/1131/1131 1077/1077/1077 
f 1131/1131/1131 1132/1132/1132 1077/1077/1077 
f 1077/1077/1077 1132/1132/1132 1076/1076/1076 
f 1132/1132/1132 1133/1133/1133 1076/1076/1076 
f 1076/1076/1076 1133/1133/1133 1075/1075/1075 
f 1133/1133/1133 1134/1134/1134 1075/1075/1075 
f 1075/1075/1075 1134/1134/1134 1074/1074/1074 
f 1134/1134/1134 1135/1135/1135 1074/1074/1074 
f 1074/1074/1074 1135/1135/1135 1136/1136/1136 
f 1135/1135/1135 1137/1137/1137 1136/1136/1136 
f 1136/1136/1136 1137/1137/1137 1138/1138/1138 
f 1137/1137/1137 1139/1139/1139 1138/1138/1138 
f 1138/1138/1138 1139/1139/1139 1140/1140/1140 
f 1139/1139/1139 1141/1141/1141 1140/1140/1140 
f 1140/1140/1140 1141/1141/1141 1142/1142/1142 
f 1141/1141/1141 1143/1143/1143 1142/1142/1142 
f 1142/1142/1142 1143/1143/1143 1144/1144/1144 
f 1143/1143/1143 1145/1145/1145 1144/1144/1144 
f 1144/1144/1144 1145/1145/1145 1146/1146/1146 
f 1145/1145/1145 1147/1147/1147 1146/1146/1146 
f 1146/1146/1146 1147/1147/1147 1148/1148/1148 
f 1147/1147/1147 1149/1149/1149 1148/1148/1148 
f 1148/1148/1148 1149/1149/1149 1150/1150/1150 
f 1149/1149/1149 1151/1151/1151 1150/1150/1150 
f 1150/1150/1150 1151/1151/1151 1152/1152/1152 
f 1151/1151/1151 1153/1153/1153 1152/1152/1152 
f 1152/1152/1152 1153/1153/1153 1154/1154/1154 
f 1153/1153/1153 1155/1155/1155 1154/1154/1154 
f 1154/1154/1154 1155/1155/1155 1156/1156/1156 
f 1155/1155/1155 1157/1157/1157 1156/1156/1156 
f 1156/1156/1156 1157/1157/1157 1158/1158/1158 
f 1157/1157/1157 1159/1159/1159 1158/1158/1158 
f 1158/1158/1158 1159/1159/1159 1160/1160/1160 
f 1159/1159/1159 1161/1161/1161 1160/1160/1160 
f 1160/1160/1160 1161/1161/1161 1162/1162/1162 
f 1161/1161/1161 1163/1163/1163 1162/1162/1162 
f 1162/1162/1162 1163/1163/1163 1164/1164/1164 
f 1163/1163/1163 1165/1165/1165 1164/1164/1164 
f 1164/1164/1164 1165/1165/1165 1166/1166/1166 
f 1165/1165/1165 1167/1167/1167 1166/1166/1166 
f 1166/1166/1166 1167/1167/1167 1168/1168/1168 
f 1167/1167/1167 1169/1169/1169 1168/1168/1168 
f 1168/1168/1168 1169/1169/1169 1170/1170/1170 
f 1169/1169/1169 1097/1097/1097 1170/1170/1170 
f 1170/1170/1170 1097/1097/1097 1095/1095/1095 
f 1097/1097/1097 1095/1095/1095 1095/1095/1095 
f 1095/1095/1095 1095/1095/1095 1095/1095/1095 
f 1095/1095/1095 1015/1015/1015 1095/1095/1095 
f 1095/1095/1095 1015/1015/1015 1170/1170/1170 
f 1015/1015/1015 1013/1013/1013 1170/1170/1170 
f 1170/1170/1170 1013/1013/1013 1168/1168/1168 
f 1013/1013/1013 1011/1011/1011 1168/1168/1168 
f 1168/1168/1168 1011/1011/1011 1166/1166/1166 
f 1011/1011/1011 1009/1009/1009 1166/1166/1166 
f 1166/1166/1166 1009/1009/1009 1164/1164/1164 
f 1009/1009/1009 1007/1007/1007 1164/1164/1164 
f 1164/1164/1164 1007/1007/1007 1162/1162/1162 
f 1007/1007/1007 1005/1005/1005 1162/1162/1162 
f 1162/1162/1162 1005/1005/1005 1160/1160/1160 
f 1005/1005/1005 1003/1003/1003 1160/1160/1160 
f 1160/1160/1160 1003/1003/1003 1158/1158/1158 
f 1003/1003/1003 1001/1001/1001 1158/1158/1158 
f 1158/1158/1158 1001/1001/1001 1156/1156/1156 
f 1001/1001/1001 999/999/999 1156/1156/1156 
f 1156/1156/1156 999/999/999 1154/1154/1154 
f 999/999/999 997/997/997 1154/1154/1154 
f 1154/1154/1154 997/997/997 1152/1152/1152 
f 997/997/997 995/995/995 1152/1152/1152 
f 1152/1152/1152 995/995/995 1150/1150/1150 
f 995/995/995 1073/1073/1073 1150/1150/1150 
f 1150/1150/1150 1073/1073/1073 1148/1148/1148 
f 1073/1073/1073 1071/1071/1071 1148/1148/1148 
f 1148/1148/1148 1071/1071/1071 1146/1146/1146 
f 1071/1071/1071 1069/1069/1069 1146/1146/1146 
f 1146/1146/1146 1069/1069/1069 1144/1144/1144 
f 1069/1069/1069 1067/1067/1067 1144/1144/1144 
f 1144/1144/1144 1067/1067/1067 1142/1142/1142 
f 1067/1067/1067 1065/1065/1065 1142/1142/1142 
f 1142/1142/1142 1065/1065/1065 1140/1140/1140 
f 1065/1065/1065 1063/1063/1063 1140/1140/1140 
f 1140/1140/1140 1063/1063/1063 1138/1138/1138 
f 1063/1063/1063 1061/1061/1061 1138/1138/1138 
f 1138/1138/1138 1061/1061/1061 1136/1136/1136 
f 1061/1061/1061 1059/1059/1059 1136/1136/1136 
f 1136/1136/1136 1059/1059/1059 1074/1074/1074 
f 1059/1059/1059 1074/1074/1074 1074/1074/1074 
f 1074/1074/1074 1074/1074/1074 1094/1094/1094 
f 1074/1074/1074 1094/1094/1094 1094/1094/1094 
f 1094/1094/1094 1094/1094/1094 1094/1094/1094 
f 1094/1094/1094 1096/1096/1096 1094/1094/1094 
f 1094/1094/1094 1096/1096/1096 1115/1115/1115 
f 1096/1096/1096 1098/1098/1098 1115/1115/1115 
f 1115/1115/1115 1098/1098/1098 1171/1171/1171 
f 1098/1098/1098 1172/1172/1172 1171/1171/1171 
f 1171/1171/1171 1172/1172/1172 1173/1173/1173 
f 1172/1172/1172 1174/1174/1174 1173/1173/1173 
f 1173/1173/1173 1174/1174/1174 1175/1175/1175 
f 1174/1174/1174 1176/1176/1176 1175/1175/1175 
f 1175/1175/1175 1176/1176/1176 1177/1177/1177 
f 1176/1176/1176 1178/1178/1178 1177/1177/1177 
f 1177/1177/1177 1178/1178/1178 1179/1179/1179 
f 1178/1178/1178 1180/1180/1180 1179/1179/1179 
f 1179/1179/1179 1180/1180/1180 1181/1181/1181 
f 1180/1180/1180 1182/1182/1182 1181/1181/1181 
f 1181/1181/1181 1182/1182/1182 1183/1183/1183 
f 1182/1182/1182 1184/1184/1184 1183/1183/1183 
f 1183/1183/1183 1184/1184/1184 1185/1185/1185 
f 1184/1184/1184 1186/1186/1186 1185/1185/1185 
f 1185/1185/1185 1186/1186/1186 1186/1186/1186 
f 1186/1186/1186 1172/1172/1172 1186/1186/1186 
f 1186/1186/1186 1172/1172/1172 1172/1172/1172 
f 1172/1172/1172 1098/1098/1098 1172/1172/1172 
f 1172/1172/1172 1098/1098/1098 1187/1187/1187 
f 1098/1098/1098 1100/1100/1100 1187/1187/1187 
f 1187/1187/1187 1100/1100/1100 1188/1188/1188 
f 1100/1100/1100 1102/1102/1102 1188/1188/1188 
f 1188/1188/1188 1102/1102/1102 1189/1189/1189 
f 1102/1102/1102 1104/1104/1104 1189/1189/1189 
f 1189/1189/1189 1104/1104/1104 1190/1190/1190 
f 1104/1104/1104 1106/1106/1106 1190/1190/1190 
f 1190/1190/1190 1106/1106/1106 1191/1191/1191 
f 1106/1106/1106 1108/1108/1108 1191/1191/1191 
f 1191/1191/1191 1108/1108/1108 1192/1192/1192 
f 1108/1108/1108 1110/1110/1110 1192/1192/1192 
f 1192/1192/1192 1110/1110/1110 1193/1193/1193 
f 1110/1110/1110 1112/1112/1112 1193/1193/1193 
f 1193/1193/1193 1112/1112/1112 1194/1194/1194 
f 1112/1112/1112 1114/1114/1114 1194/1194/1194 
f 1194/1194/1194 1114/1114/1114 1195/1195/1195 
f 1114/1114/1114 1195/1195/1195 1195/1195/1195 
f 1195/1195/1195 1195/1195/1195 1195/1195/1195 
f 1195/1195/1195 1196/1196/1196 1195/1195/1195 
f 1195/1195/1195 1196/1196/1196 1194/1194/1194 
f 1196/1196/1196 1197/1197/1197 1194/1194/1194 
f 1194/1194/1194 1197/1197/1197 1193/1193/1193 
f 1197/1197/1197 1198/1198/1198 1193/1193/1193 
f 1193/1193/1193 1198/1198/1198 1192/1192/1192 
f 1198/1198/1198 1199/1199/1199 1192/1192/1192 
f 1192/1192/1192 1199/1199/1199 1191/1191/1191 
f 1199/1199/1199 1200/1200/1200 1191/1191/1191 
f 1191/1191/1191 1200/1200/1200 1190/1190/1190 
f 1200/1200/1200 1201/1201/1201 1190/1190/1190 
f 1190/1190/1190 1201/1201/1201 1202/1202/1202 
f 1201/1201/1201 1203/1203/1203 1202/1202/1202 
f 1202/1202/1202 1203/1203/1203 1204/1204/1204 
f 1203/1203/1203 1205/1205/1205 1204/1204/1204 
f 1204/1204/1204 1205/1205/1205 1206/1206/1206 
f 1205/1205/1205 1207/1207/1207 1206/1206/1206 
f 1206/1206/1206 1207/1207/1207 1208/1208/1208 
f 1207/1207/1207 1208/1208/1208 1208/1208/1208 
f 1208/1208/1208 1208/1208/1208 1190/1190/1190 
f 1208/1208/1208 1190/1190/1190 1190/1190/1190 
f 1190/1190/1190 1190/1190/1190 1190/1190/1190 
f 1190/1190/1190 1202/1202/1202 1190/1190/1190 
f 1190/1190/1190 1202/1202/1202 1189/1189/1189 
f 1202/1202/1202 1204/1204/1204 1189/1189/1189 
f 1189/1189/1189 1204/1204/1204 1209/1209/1209 
f 1204/1204/1204 1206/1206/1206 1209/1209/1209 
f 1209/1209/1209 1206/1206/1206 1210/1210/1210 
f 1206/1206/1206 1211/1211/1211 1210/1210/1210 
f 1210/1210/1210 1211/1211/1211 1212/1212/1212 
f 1211/1211/1211 1213/1213/1213 1212/1212/1212 
f 1212/1212/1212 1213/1213/1213 1214/1214/1214 
f 1213/1213/1213 1215/1215/1215 1214/1214/1214 
f 1214/1214/1214 1215/1215/1215 1176/1176/1176 
f 1215/1215/1215 1216/1216/1216 1176/1176/1176 
f 1176/1176/1176 1216/1216/1216 1217/1217/1217 
f 1216/1216/1216 1218/1218/1218 1217/1217/1217 
f 1217/1217/1217 1218/1218/1218 1219/1219/1219 
f 1218/1218/1218 1220/1220/1220 1219/1219/1219 
f 1219/1219/1219 1220/1220/1220 1221/1221/1221 
f 1220/1220/1220 1222/1222/1222 1221/1221/1221 
f 1221/1221/1221 1222/1222/1222 1223/1223/1223 
f 1222/1222/1222 1224/1224/1224 1223/1223/1223 
f 1223/1223/1223 1224/1224/1224 1225/1225/1225 
f 1224/1224/1224 1226/1226/1226 1225/1225/1225 
f 1225/1225/1225 1226/1226/1226 1227/1227/1227 
f 1226/1226/1226 1228/1228/1228 1227/1227/1227 
f 1227/1227/1227 1228/1228/1228 1229/1229/1229 
f 1228/1228/1228 1230/1230/1230 1229/1229/1229 
f 1229/1229/1229 1230/1230/1230 1231/1231/1231 
f 1230/1230/1230 1232/1232/1232 1231/1231/1231 
f 1231/1231/1231 1232/1232/1232 1233/1233/1233 
f 1232/1232/1232 1234/1234/1234 1233/1233/1233 
f 1233/1233/1233 1234/1234/1234 1235/1235/1235 
f 1234/1234/1234 1236/1236/1236 1235/1235/1235 
f 1235/1235/1235 1236/1236/1236 1237/1237/1237 
f 1236/1236/1236 1238/1238/1238 1237/1237/1237 
f 1237/1237/1237 1238/1238/1238 1239/1239/1239 
f 1238/1238/1238 1240/1240/1240 1239/1239/1239 
f 1239/1239/1239 1240/1240/1240 1241/1241/1241 
f 1240/1240/1240 1242/1242/1242 1241/1241/1241 
f 1241/1241/1241 1242/1242/1242 1243/1243/1243 
f 1242/1242/1242 1244/1244/1244 1243/1243/1243 
f 1243/1243/1243 1244/1244/1244 1200/1200/1200 
f 1244/1244/1244 1201/1201/1201 1200/1200/1200 
f 1200/1200/1200 1201/1201/1201 1201/1201/1201 
f 1201/1201/1201 1230/1230/1230 1201/1201/1201 
f 1201/1201/1201 1230/1230/1230 1230/1230/1230 
f 1230/1230/1230 1245/1245/1245 1230/1230/1230 
f 1230/1230/1230 1245/1245/1245 1232/1232/1232 
f 1245/1245/1245 1246/1246/1246 1232/1232/1232 
f 1232/1232/1232 1246/1246/1246 1234/1234/1234 
f 1246/1246/1246 1247/1247/1247 1234/1234/1234 
f 1234/1234/1234 1247/1247/1247 1236/1236/1236 
f 1247/1247/1247 1248/1248/1248 1236/1236/1236 
f 1236/1236/1236 1248/1248/1248 1238/1238/1238 
f 1248/1248/1248 1249/1249/1249 1238/1238/1238 
f 1238/1238/1238 1249/1249/1249 1240/1240/1240 
f 1249/1249/1249 1250/1250/1250 1240/1240/1240 
f 1240/1240/1240 1250/1250/1250 1242/1242/1242 
f 1250/1250/1250 1251/1251/1251 1242/1242/1242 
f 1242/1242/1242 1251/1251/1251 1244/1244/1244 
f 1251/1251/1251 1252/1252/1252 1244/1244/1244 
f 1244/1244/1244 1252/1252/1252 1201/1201/1201 
f 1252/1252/1252 1203/1203/1203 1201/1201/1201 
f 1201/1201/1201 1203/1203/1203 1203/1203/1203 
f 1203/1203/1203 1245/1245/1245 1203/1203/1203 
f 1203/1203/1203 1245/1245/1245 1245/1245/1245 
f 1245/1245/1245 1230/1230/1230 1245/1245/1245 
f 1245/1245/1245 1230/1230/1230 1253/1253/1253 
f 1230/1230/1230 1254/1254/1254 1253/1253/1253 
f 1253/1253/1253 1254/1254/1254 1254/1254/1254 
f 1254/1254/1254 1230/1230/1230 1254/1254/1254 
f 1254/1254/1254 1230/1230/1230 1230/1230/1230 
f 1230/1230/1230 1228/1228/1228 1230/1230/1230 
f 1230/1230/1230 1228/1228/1228 1254/1254/1254 
f 1228/1228/1228 1255/1255/1255 1254/1254/1254 
f 1254/1254/1254 1255/1255/1255 1255/1255/1255 
f 1255/1255/1255 1228/1228/1228 1255/1255/1255 
f 1255/1255/1255 1228/1228/1228 1228/1228/1228 
f 1228/1228/1228 1226/1226/1226 1228/1228/1228 
f 1228/1228/1228 1226/1226/1226 1255/1255/1255 
f 1226/1226/1226 1256/1256/1256 1255/1255/1255 
f 1255/1255/1255 1256/1256/1256 1256/1256/1256 
f 1256/1256/1256 1226/1226/1226 1256/1256/1256 
f 1256/1256/1256 1226/1226/1226 1226/1226/1226 
f 1226/1226/1226 1224/1224/1224 1226/1226/1226 
f 1226/1226/1226 1224/1224/1224 1256/1256/1256 
f 1224/1224/1224 1257/1257/1257 1256/1256/1256 
f 1256/1256/1256 1257/1257/1257 1257/1257/1257 
f 1257/1257/1257 1224/1224/1224 1257/1257/1257 
f 1257/1257/1257 1224/1224/1224 1224/1224/1224 
f 1224/1224/1224 1222/1222/1222 1224/1224/1224 
f 1224/1224/1224 1222/1222/1222 1257/1257/1257 
f 1222/1222/1222 1258/1258/1258 1257/1257/1257 
f 1257/1257/1257 1258/1258/1258 1258/1258/1258 
f 1258/1258/1258 1222/1222/1222 1258/1258/1258 
f 1258/1258/1258 1222/1222/1222 1222/1222/1222 
f 1222/1222/1222 1220/1220/1220 1222/1222/1222 
f 1222/1222/1222 1220/1220/1220 1258/1258/1258 
f 1220/1220/1220 1259/1259/1259 1258/1258/1258 
f 1258/1258/1258 1259/1259/1259 1259/1259/1259 
f 1259/1259/1259 1220/1220/1220 1259/1259/1259 
f 1259/1259/1259 1220/1220/1220 1220/1220/1220 
f 1220/1220/1220 1218/1218/1218 1220/1220/1220 
f 1220/1220/1220 1218/1218/1218 1259/1259/1259 
f 1218/1218/1218 1260/1260/1260 1259/1259/1259 
f 1259/1259/1259 1260/1260/1260 1260/1260/1260 
f 1260/1260/1260 1218/1218/1218 1260/1260/1260 
f 1260/1260/1260 1218/1218/1218 1218/1218/1218 
f 1218/1218/1218 1216/1216/1216 1218/1218/1218 
f 1218/1218/1218 1216/1216/1216 1260/1260/1260 
f 1216/1216/1216 1261/1261/1261 1260/1260/1260 
f 1260/1260/1260 1261/1261/1261 1261/1261/1261 
f 1261/1261/1261 1216/1216/1216 1261/1261/1261 
f 1261/1261/1261 1216/1216/1216 1216/1216/1216 
f 1216/1216/1216 1215/1215/1215 1216/1216/1216 
f 1216/1216/1216 1215/1215/1215 1261/1261/1261 
f 1215/1215/1215 1213/1213/1213 1261/1261/1261 
f 1261/1261/1261 1213/1213/1213 1262/1262/1262 
f 1213/1213/1213 1211/1211/1211 1262/1262/1262 
f 1262/1262/1262 1211/1211/1211 1208/1208/1208 
f 1211/1211/1211 1206/1206/1206 1208/1208/1208 
f 1208/1208/1208 1206/1206/1206 1206/1206/1206 
f 1206/1206/1206 1097/1097/1097 1206/1206/1206 
f 1206/1206/1206 1097/1097/1097 1097/1097/1097 
f 1097/1097/1097 1169/1169/1169 1097/1097/1097 
f 1097/1097/1097 1169/1169/1169 1099/1099/1099 
f 1169/1169/1169 1263/1263/1263 1099/1099/1099 
f 1099/1099/1099 1263/1263/1263 1101/1101/1101 
f 1263/1263/1263 1264/1264/1264 1101/1101/1101 
f 1101/1101/1101 1264/1264/1264 1103/1103/1103 
f 1264/1264/1264 1265/1265/1265 1103/1103/1103 
f 1103/1103/1103 1265/1265/1265 1105/1105/1105 
f 1265/1265/1265 1266/1266/1266 1105/1105/1105 
f 1105/1105/1105 1266/1266/1266 1107/1107/1107 
f 1266/1266/1266 1267/1267/1267 1107/1107/1107 
f 1107/1107/1107 1267/1267/1267 1109/1109/1109 
f 1267/1267/1267 1268/1268/1268 1109/1109/1109 
f 1109/1109/1109 1268/1268/1268 1111/1111/1111 
f 1268/1268/1268 1269/1269/1269 1111/1111/1111 
f 1111/1111/1111 1269/1269/1269 1113/1113/1113 
f 1269/1269/1269 1113/1113/1113 1113/1113/1113 
f 1113/1113/1113 1113/1113/1113 1264/1264/1264 
f 1113/1113/1113 1264/1264/1264 1264/1264/1264 
f 1264/1264/1264 1264/1264/1264 1264/1264/1264 
f 1264/1264/1264 1270/1270/1270 1264/1264/1264 
f 1264/1264/1264 1270/1270/1270 1265/1265/1265 
f 1270/1270/1270 1271/1271/1271 1265/1265/1265 
f 1265/1265/1265 1271/1271/1271 1266/1266/1266 
f 1271/1271/1271 1272/1272/1272 1266/1266/1266 
f 1266/1266/1266 1272/1272/1272 1267/1267/1267 
f 1272/1272/1272 1273/1273/1273 1267/1267/1267 
f 1267/1267/1267 1273/1273/1273 1268/1268/1268 
f 1273/1273/1273 1274/1274/1274 1268/1268/1268 
f 1268/1268/1268 1274/1274/1274 1269/1269/1269 
f 1274/1274/1274 1269/1269/1269 1269/1269/1269 
f 1269/1269/1269 1269/1269/1269 1264/1264/1264 
f 1269/1269/1269 1264/1264/1264 1264/1264/1264 
f 1264/1264/1264 1264/1264/1264 1264/1264/1264 
f 1264/1264/1264 1165/1165/1165 1264/1264/1264 
f 1264/1264/1264 1165/1165/1165 1270/1270/1270 
f 1165/1165/1165 1163/1163/1163 1270/1270/1270 
f 1270/1270/1270 1163/1163/1163 1275/1275/1275 
f 1163/1163/1163 1161/1161/1161 1275/1275/1275 
f 1275/1275/1275 1161/1161/1161 1276/1276/1276 
f 1161/1161/1161 1159/1159/1159 1276/1276/1276 
f 1276/1276/1276 1159/1159/1159 1277/1277/1277 
f 1159/1159/1159 1157/1157/1157 1277/1277/1277 
f 1277/1277/1277 1157/1157/1157 1278/1278/1278 
f 1157/1157/1157 1155/1155/1155 1278/1278/1278 
f 1278/1278/1278 1155/1155/1155 1279/1279/1279 
f 1155/1155/1155 1153/1153/1153 1279/1279/1279 
f 1279/1279/1279 1153/1153/1153 1280/1280/1280 
f 1153/1153/1153 1151/1151/1151 1280/1280/1280 
f 1280/1280/1280 1151/1151/1151 1281/1281/1281 
f 1151/1151/1151 1149/1149/1149 1281/1281/1281 
f 1281/1281/1281 1149/1149/1149 1282/1282/1282 
f 1149/1149/1149 1147/1147/1147 1282/1282/1282 
f 1282/1282/1282 1147/1147/1147 1283/1283/1283 
f 1147/1147/1147 1145/1145/1145 1283/1283/1283 
f 1283/1283/1283 1145/1145/1145 1284/1284/1284 
f 1145/1145/1145 1143/1143/1143 1284/1284/1284 
f 1284/1284/1284 1143/1143/1143 1285/1285/1285 
f 1143/1143/1143 1141/1141/1141 1285/1285/1285 
f 1285/1285/1285 1141/1141/1141 1286/1286/1286 
f 1141/1141/1141 1139/1139/1139 1286/1286/1286 
f 1286/1286/1286 1139/1139/1139 1287/1287/1287 
f 1139/1139/1139 1137/1137/1137 1287/1287/1287 
f 1287/1287/1287 1137/1137/1137 1288/1288/1288 
f 1137/1137/1137 1135/1135/1135 1288/1288/1288 
f 1288/1288/1288 1135/1135/1135 1289/1289/1289 
f 1135/1135/1135 1134/1134/1134 1289/1289/1289 
f 1289/1289/1289 1134/1134/1134 1290/1290/1290 
f 1134/1134/1134 1291/1291/1291 1290/1290/1290 
f 1290/1290/1290 1291/1291/1291 1292/1292/1292 
f 1291/1291/1291 1293/1293/1293 1292/1292/1292 
f 1292/1292/1292 1293/1293/1293 1294/1294/1294 
f 1293/1293/1293 1295/1295/1295 1294/1294/1294 
f 1294/1294/1294 1295/1295/1295 1296/1296/1296 
f 1295/1295/1295 1297/1297/1297 1296/1296/1296 
f 1296/1296/1296 1297/1297/1297 1297/1297/1297 
f 1297/1297/1297 1290/1290/1290 1297/1297/1297 
f 1297/1297/1297 1290/1290/1290 1290/1290/1290 
f 1290/1290/1290 1292/1292/1292 1290/1290/1290 
f 1290/1290/1290 1292/1292/1292 1289/1289/1289 
f 1292/1292/1292 1298/1298/1298 1289/1289/1289 
f 1289/1289/1289 1298/1298/1298 1288/1288/1288 
f 1298/1298/1298 1299/1299/1299 1288/1288/1288 
f 1288/1288/1288 1299/1299/1299 1287/1287/1287 
f 1299/1299/1299 1300/1300/1300 1287/1287/1287 
f 1287/1287/1287 1300/1300/1300 1286/1286/1286 
f 1300/1300/1300 1301/1301/1301 1286/1286/1286 
f 1286/1286/1286 1301/1301/1301 1285/1285/1285 
f 1301/1301/1301 1302/1302/1302 1285/1285/1285 
f 1285/1285/1285 1302/1302/1302 1284/1284/1284 
f 1302/1302/1302 1303/1303/1303 1284/1284/1284 
f 1284/1284/1284 1303/1303/1303 1283/1283/1283 
f 1303/1303/1303 1304/1304/1304 1283/1283/1283 
f 1283/1283/1283 1304/1304/1304 1282/1282/1282 
f 1304/1304/1304 1305/1305/1305 1282/1282/1282 
f 1282/1282/1282 1305/1305/1305 1306/1306/1306 
f 1305/1305/1305 1307/1307/1307 1306/1306/1306 
f 1306/1306/1306 1307/1307/1307 1308/1308/1308 
f 1307/1307/1307 1309/1309/1309 1308/1308/1308 
f 1308/1308/1308 1309/1309/1309 1310/1310/1310 
f 1309/1309/1309 1311/1311/1311 1310/1310/1310 
f 1310/1310/1310 1311/1311/1311 1312/1312/1312 
f 1311/1311/1311 1313/1313/1313 1312/1312/1312 
f 1312/1312/1312 1313/1313/1313 1314/1314/1314 
f 1313/1313/1313 1315/1315/1315 1314/1314/1314 
f 1314/1314/1314 1315/1315/1315 1316/1316/1316 
f 1315/1315/1315 1317/1317/1317 1316/1316/1316 
f 1316/1316/1316 1317/1317/1317 1318/1318/1318 
f 1317/1317/1317 1318/1318/1318 1318/1318/1318 
f 1318/1318/1318 1318/1318/1318 1315/1315/1315 
f 1318/1318/1318 1315/1315/1315 1315/1315/1315 
f 1315/1315/1315 1315/1315/1315 1315/1315/1315 
f 1315/1315/1315 1313/1313/1313 1315/1315/1315 
f 1315/1315/1315 1313/1313/1313 1319/1319/1319 
f 1313/1313/1313 1311/1311/1311 1319/1319/1319 
f 1319/1319/1319 1311/1311/1311 1320/1320/1320 
f 1311/1311/1311 1309/1309/1309 1320/1320/1320 
f 1320/1320/1320 1309/1309/1309 1321/1321/1321 
f 1309/1309/1309 1307/1307/1307 1321/1321/1321 
f 1321/1321/1321 1307/1307/1307 1322/1322/1322 
f 1307/1307/1307 1305/1305/1305 1322/1322/1322 
f 1322/1322/1322 1305/1305/1305 1323/1323/1323 
f 1305/1305/1305 1304/1304/1304 1323/1323/1323 
f 1323/1323/1323 1304/1304/1304 1324/1324/1324 
f 1304/1304/1304 1303/1303/1303 1324/1324/1324 
f 1324/1324/1324 1303/1303/1303 1325/1325/1325 
f 1303/1303/1303 1302/1302/1302 1325/1325/1325 
f 1325/1325/1325 1302/1302/1302 1326/1326/1326 
f 1302/1302/1302 1301/1301/1301 1326/1326/1326 
f 1326/1326/1326 1301/1301/1301 1327/1327/1327 
f 1301/1301/1301 1300/1300/1300 1327/1327/1327 
f 1327/1327/1327 1300/1300/1300 1328/1328/1328 
f 1300/1300/1300 1299/1299/1299 1328/1328/1328 
f 1328/1328/1328 1299/1299/1299 1329/1329/1329 
f 1299/1299/1299 1298/1298/1298 1329/1329/1329 
f 1329/1329/1329 1298/1298/1298 1330/1330/1330 
f 1298/1298/1298 1292/1292/1292 1330/1330/1330 
f 1330/1330/1330 1292/1292/1292 1294/1294/1294 
f 1292/1292/1292 1294/1294/1294 1294/1294/1294 
f 1294/1294/1294 1294/1294/1294 1294/1294/1294 
f 1294/1294/1294 1331/1331/1331 1294/1294/1294 
f 1294/1294/1294 1331/1331/1331 1330/1330/1330 
f 1331/1331/1331 1332/1332/1332 1330/1330/1330 
f 1330/1330/1330 1332/1332/1332 1329/1329/1329 
f 1332/1332/1332 1333/1333/1333 1329/1329/1329 
f 1329/1329/1329 1333/1333/1333 1328/1328/1328 
f 1333/1333/1333 1334/1334/1334 1328/1328/1328 
f 1328/1328/1328 1334/1334/1334 1327/1327/1327 
f 1334/1334/1334 1335/1335/1335 1327/1327/1327 
f 1327/1327/1327 1335/1335/1335 1326/1326/1326 
f 1335/1335/1335 1336/1336/1336 1326/1326/1326 
f 1326/1326/1326 1336/1336/1336 1325/1325/1325 
f 1336/1336/1336 1337/1337/1337 1325/1325/1325 
f 1325/1325/1325 1337/1337/1337 1324/1324/1324 
f 1337/1337/1337 1338/1338/1338 1324/1324/1324 
f 1324/1324/1324 1338/1338/1338 1323/1323/1323 
f 1338/1338/1338 1339/1339/1339 1323/1323/1323 
f 1323/1323/1323 1339/1339/1339 1322/1322/1322 
f 1339/1339/1339 1340/1340/1340 1322/1322/1322 
f 1322/1322/1322 1340/1340/1340 1321/1321/1321 
f 1340/1340/1340 1341/1341/1341 1321/1321/1321 
f 1321/1321/1321 1341/1341/1341 1320/1320/1320 
f 1341/1341/1341 1342/1342/1342 1320/1320/1320 
f 1320/1320/1320 1342/1342/1342 1319/1319/1319 
f 1342/1342/1342 1343/1343/1343 1319/1319/1319 
f 1319/1319/1319 1343/1343/1343 1315/1315/1315 
f 1343/1343/1343 1317/1317/1317 1315/1315/1315 
f 1315/1315/1315 1317/1317/1317 1317/1317/1317 
f 1317/1317/1317 1274/1274/1274 1317/1317/1317 
f 1317/1317/1317 1274/1274/1274 1274/1274/1274 
f 1274/1274/1274 1273/1273/1273 1274/1274/1274 
f 1274/1274/1274 1273/1273/1273 1344/1344/1344 
f 1273/1273/1273 1345/1345/1345 1344/1344/1344 
f 1344/1344/1344 1345/1345/1345 1346/1346/1346 
f 1345/1345/1345 1347/1347/1347 1346/1346/1346 
f 1346/1346/1346 1347/1347/1347 1348/1348/1348 
f 1347/1347/1347 1349/1349/1349 1348/1348/1348 
f 1348/1348/1348 1349/1349/1349 1350/1350/1350 
f 1349/1349/1349 1351/1351/1351 1350/1350/1350 
f 1350/1350/1350 1351/1351/1351 1352/1352/1352 
f 1351/1351/1351 1353/1353/1353 1352/1352/1352 
f 1352/1352/1352 1353/1353/1353 1354/1354/1354 
f 1353/1353/1353 1355/1355/1355 1354/1354/1354 
f 1354/1354/1354 1355/1355/1355 1356/1356/1356 
f 1355/1355/1355 1357/1357/1357 1356/1356/1356 
f 1356/1356/1356 1357/1357/1357 1358/1358/1358 
f 1357/1357/1357 1359/1359/1359 1358/1358/1358 
f 1358/1358/1358 1359/1359/1359 1360/1360/1360 
f 1359/1359/1359 1361/1361/1361 1360/1360/1360 
f 1360/1360/1360 1361/1361/1361 1362/1362/1362 
f 1361/1361/1361 1363/1363/1363 1362/1362/1362 
f 1362/1362/1362 1363/1363/1363 1364/1364/1364 
f 1363/1363/1363 1365/1365/1365 1364/1364/1364 
f 1364/1364/1364 1365/1365/1365 1366/1366/1366 
f 1365/1365/1365 1367/1367/1367 1366/1366/1366 
f 1366/1366/1366 1367/1367/1367 1368/1368/1368 
f 1367/1367/1367 1369/1369/1369 1368/1368/1368 
f 1368/1368/1368 1369/1369/1369 1370/1370/1370 
f 1369/1369/1369 1371/1371/1371 1370/1370/1370 
f 1370/1370/1370 1371/1371/1371 1372/1372/1372 
f 1371/1371/1371 1373/1373/1373 1372/1372/1372 
f 1372/1372/1372 1373/1373/1373 1374/1374/1374 
f 1373/1373/1373 1375/1375/1375 1374/1374/1374 
f 1374/1374/1374 1375/1375/1375 1376/1376/1376 
f 1375/1375/1375 1377/1377/1377 1376/1376/1376 
f 1376/1376/1376 1377/1377/1377 1378/1378/1378 
f 1377/1377/1377 1379/1379/1379 1378/1378/1378 
f 1378/1378/1378 1379/1379/1379 1380/1380/1380 
f 1379/1379/1379 1381/1381/1381 1380/1380/1380 
f 1380/1380/1380 1381/1381/1381 1382/1382/1382 
f 1381/1381/1381 1383/1383/1383 1382/1382/1382 
f 1382/1382/1382 1383/1383/1383 1384/1384/1384 
f 1383/1383/1383 1385/1385/1385 1384/1384/1384 
f 1384/1384/1384 1385/1385/1385 1386/1386/1386 
f 1385/1385/1385 1387/1387/1387 1386/1386/1386 
f 1386/1386/1386 1387/1387/1387 1388/1388/1388 
f 1387/1387/1387 1389/1389/1389 1388/1388/1388 
f 1388/1388/1388 1389/1389/1389 1390/1390/1390 
f 1389/1389/1389 1183/1183/1183 1390/1390/1390 
f 1390/1390/1390 1183/1183/1183 1185/1185/1185 
f 1183/1183/1183 1185/1185/1185 1185/1185/1185 
f 1185/1185/1185 1185/1185/1185 1273/1273/1273 
f 1185/1185/1185 1273/1273/1273 1273/1273/1273 
f 1273/1273/1273 1273/1273/1273 1273/1273/1273 
f 1273/1273/1273 1272/1272/1272 1273/1273/1273 
f 1273/1273/1273 1272/1272/1272 1345/1345/1345 
f 1272/1272/1272 1391/1391/1391 1345/1345/1345 
f 1345/1345/1345 1391/1391/1391 1347/1347/1347 
f 1391/1391/1391 1392/1392/1392 1347/1347/1347 
f 1347/1347/1347 1392/1392/1392 1349/1349/1349 
f 1392/1392/1392 1393/1393/1393 1349/1349/1349 
f 1349/1349/1349 1393/1393/1393 1351/1351/1351 
f 1393/1393/1393 1394/1394/1394 1351/1351/1351 
f 1351/1351/1351 1394/1394/1394 1353/1353/1353 
f 1394/1394/1394 1395/1395/1395 1353/1353/1353 
f 1353/1353/1353 1395/1395/1395 1355/1355/1355 
f 1395/1395/1395 1396/1396/1396 1355/1355/1355 
f 1355/1355/1355 1396/1396/1396 1357/1357/1357 
f 1396/1396/1396 1397/1397/1397 1357/1357/1357 
f 1357/1357/1357 1397/1397/1397 1359/1359/1359 
f 1397/1397/1397 1398/1398/1398 1359/1359/1359 
f 1359/1359/1359 1398/1398/1398 1361/1361/1361 
f 1398/1398/1398 1399/1399/1399 1361/1361/1361 
f 1361/1361/1361 1399/1399/1399 1363/1363/1363 
f 1399/1399/1399 1400/1400/1400 1363/1363/1363 
f 1363/1363/1363 1400/1400/1400 1365/1365/1365 
f 1400/1400/1400 1401/1401/1401 1365/1365/1365 
f 1365/1365/1365 1401/1401/1401 1367/1367/1367 
f 1401/1401/1401 1402/1402/1402 1367/1367/1367 
f 1367/1367/1367 1402/1402/1402 1403/1403/1403 
f 1402/1402/1402 1404/1404/1404 1403/1403/1403 
f 1403/1403/1403 1404/1404/1404 1405/1405/1405 
f 1404/1404/1404 1406/1406/1406 1405/1405/1405 
f 1405/1405/1405 1406/1406/1406 1407/1407/1407 
f 1406/1406/1406 1408/1408/1408 1407/1407/1407 
f 1407/1407/1407 1408/1408/1408 1409/1409/1409 
f 1408/1408/1408 1410/1410/1410 1409/1409/1409 
f 1409/1409/1409 1410/1410/1410 1411/1411/1411 
f 1410/1410/1410 1412/1412/1412 1411/1411/1411 
f 1411/1411/1411 1412/1412/1412 1413/1413/1413 
f 1412/1412/1412 1413/1413/1413 1413/1413/1413 
f 1413/1413/1413 1413/1413/1413 1272/1272/1272 
f 1413/1413/1413 1272/1272/1272 1272/1272/1272 
f 1272/1272/1272 1272/1272/1272 1272/1272/1272 
f 1272/1272/1272 1271/1271/1271 1272/1272/1272 
f 1272/1272/1272 1271/1271/1271 1391/1391/1391 
f 1271/1271/1271 1275/1275/1275 1391/1391/1391 
f 1391/1391/1391 1275/1275/1275 1392/1392/1392 
f 1275/1275/1275 1276/1276/1276 1392/1392/1392 
f 1392/1392/1392 1276/1276/1276 1393/1393/1393 
f 1276/1276/1276 1277/1277/1277 1393/1393/1393 
f 1393/1393/1393 1277/1277/1277 1394/1394/1394 
f 1277/1277/1277 1278/1278/1278 1394/1394/1394 
f 1394/1394/1394 1278/1278/1278 1395/1395/1395 
f 1278/1278/1278 1279/1279/1279 1395/1395/1395 
f 1395/1395/1395 1279/1279/1279 1396/1396/1396 
f 1279/1279/1279 1280/1280/1280 1396/1396/1396 
f 1396/1396/1396 1280/1280/1280 1397/1397/1397 
f 1280/1280/1280 1281/1281/1281 1397/1397/1397 
f 1397/1397/1397 1281/1281/1281 1398/1398/1398 
f 1281/1281/1281 1414/1414/1414 1398/1398/1398 
f 1398/1398/1398 1414/1414/1414 1399/1399/1399 
f 1414/1414/1414 1415/1415/1415 1399/1399/1399 
f 1399/1399/1399 1415/1415/1415 1400/1400/1400 
f 1415/1415/1415 1416/1416/1416 1400/1400/1400 
f 1400/1400/1400 1416/1416/1416 1401/1401/1401 
f 1416/1416/1416 1417/1417/1417 1401/1401/1401 
f 1401/1401/1401 1417/1417/1417 1402/1402/1402 
f 1417/1417/1417 1404/1404/1404 1402/1402/1402 
f 1402/1402/1402 1404/1404/1404 1404/1404/1404 
f 1404/1404/1404 1417/1417/1417 1404/1404/1404 
f 1404/1404/1404 1417/1417/1417 1312/1312/1312 
f 1417/1417/1417 1416/1416/1416 1312/1312/1312 
f 1312/1312/1312 1416/1416/1416 1310/1310/1310 
f 1416/1416/1416 1415/1415/1415 1310/1310/1310 
f 1310/1310/1310 1415/1415/1415 1308/1308/1308 
f 1415/1415/1415 1414/1414/1414 1308/1308/1308 
f 1308/1308/1308 1414/1414/1414 1306/1306/1306 
f 1414/1414/1414 1281/1281/1281 1306/1306/1306 
f 1306/1306/1306 1281/1281/1281 1282/1282/1282 
f 1281/1281/1281 1282/1282/1282 1282/1282/1282 
f 1282/1282/1282 1282/1282/1282 1404/1404/1404 
f 1282/1282/1282 1404/1404/1404 1404/1404/1404 
f 1404/1404/1404 1404/1404/1404 1404/1404/1404 
f 1404/1404/1404 1312/1312/1312 1404/1404/1404 
f 1404/1404/1404 1312/1312/1312 1406/1406/1406 
f 1312/1312/1312 1314/1314/1314 1406/1406/1406 
f 1406/1406/1406 1314/1314/1314 1408/1408/1408 
f 1314/1314/1314 1316/1316/1316 1408/1408/1408 
f 1408/1408/1408 1316/1316/1316 1410/1410/1410 
f 1316/1316/1316 1318/1318/1318 1410/1410/1410 
f 1410/1410/1410 1318/1318/1318 1412/1412/1412 
f 1318/1318/1318 1412/1412/1412 1412/1412/1412 
f 1412/1412/1412 1412/1412/1412 1134/1134/1134 
f 1412/1412/1412 1134/1134/1134 1134/1134/1134 
f 1134/1134/1134 1134/1134/1134 1134/1134/1134 
f 1134/1134/1134 1133/1133/1133 1134/1134/1134 
f 1134/1134/1134 1133/1133/1133 1291/1291/1291 
f 1133/1133/1133 1418/1418/1418 1291/1291/1291 
f 1291/1291/1291 1418/1418/1418 1293/1293/1293 
f 1418/1418/1418 1419/1419/1419 1293/1293/1293 
f 1293/1293/1293 1419/1419/1419 1295/1295/1295 
f 1419/1419/1419 1420/1420/1420 1295/1295/1295 
f 1295/1295/1295 1420/1420/1420 1297/1297/1297 
f 1420/1420/1420 1421/1421/1421 1297/1297/1297 
f 1297/1297/1297 1421/1421/1421 1421/1421/1421 
f 1421/1421/1421 1133/1133/1133 1421/1421/1421 
f 1421/1421/1421 1133/1133/1133 1133/1133/1133 
f 1133/1133/1133 1132/1132/1132 1133/1133/1133 
f 1133/1133/1133 1132/1132/1132 1418/1418/1418 
f 1132/1132/1132 1422/1422/1422 1418/1418/1418 
f 1418/1418/1418 1422/1422/1422 1419/1419/1419 
f 1422/1422/1422 1423/1423/1423 1419/1419/1419 
f 1419/1419/1419 1423/1423/1423 1420/1420/1420 
f 1423/1423/1423 1424/1424/1424 1420/1420/1420 
f 1420/1420/1420 1424/1424/1424 1421/1421/1421 
f 1424/1424/1424 1425/1425/1425 1421/1421/1421 
f 1421/1421/1421 1425/1425/1425 1425/1425/1425 
f 1425/1425/1425 1132/1132/1132 1425/1425/1425 
f 1425/1425/1425 1132/1132/1132 1132/1132/1132 
f 1132/1132/1132 1131/1131/1131 1132/1132/1132 
f 1132/1132/1132 1131/1131/1131 1422/1422/1422 
f 1131/1131/1131 1426/1426/1426 1422/1422/1422 
f 1422/1422/1422 1426/1426/1426 1423/1423/1423 
f 1426/1426/1426 1427/1427/1427 1423/1423/1423 
f 1423/1423/1423 1427/1427/1427 1424/1424/1424 
f 1427/1427/1427 1428/1428/1428 1424/1424/1424 
f 1424/1424/1424 1428/1428/1428 1425/1425/1425 
f 1428/1428/1428 1429/1429/1429 1425/1425/1425 
f 1425/1425/1425 1429/1429/1429 1429/1429/1429 
f 1429/1429/1429 1131/1131/1131 1429/1429/1429 
f 1429/1429/1429 1131/1131/1131 1131/1131/1131 
f 1131/1131/1131 1130/1130/1130 1131/1131/1131 
f 1131/1131/1131 1130/1130/1130 1426/1426/1426 
f 1130/1130/1130 1430/1430/1430 1426/1426/1426 
f 1426/1426/1426 1430/1430/1430 1427/1427/1427 
f 1430/1430/1430 1431/1431/1431 1427/1427/1427 
f 1427/1427/1427 1431/1431/1431 1428/1428/1428 
f 1431/1431/1431 1432/1432/1432 1428/1428/1428 
f 1428/1428/1428 1432/1432/1432 1429/1429/1429 
f 1432/1432/1432 1433/1433/1433 1429/1429/1429 
f 1429/1429/1429 1433/1433/1433 1433/1433/1433 
f 1433/1433/1433 1130/1130/1130 1433/1433/1433 
f 1433/1433/1433 1130/1130/1130 1130/1130/1130 
f 1130/1130/1130 1129/1129/1129 1130/1130/1130 
f 1130/1130/1130 1129/1129/1129 1430/1430/1430 
f 1129/1129/1129 1434/1434/1434 1430/1430/1430 
f 1430/1430/1430 1434/1434/1434 1431/1431/1431 
f 1434/1434/1434 1435/1435/1435 1431/1431/1431 
f 1431/1431/1431 1435/1435/1435 1432/1432/1432 
f 1435/1435/1435 1436/1436/1436 1432/1432/1432 
f 1432/1432/1432 1436/1436/1436 1433/1433/1433 
f 1436/1436/1436 1437/1437/1437 1433/1433/1433 
f 1433/1433/1433 1437/1437/1437 1437/1437/1437 
f 1437/1437/1437 1129/1129/1129 1437/1437/1437 
f 1437/1437/1437 1129/1129/1129 1129/1129/1129 
f 1129/1129/1129 1128/1128/1128 1129/1129/1129 
f 1129/1129/1129 1128/1128/1128 1434/1434/1434 
f 1128/1128/1128 1438/1438/1438 1434/1434/1434 
f 1434/1434/1434 1438/1438/1438 1435/1435/1435 
f 1438/1438/1438 1439/1439/1439 1435/1435/1435 
f 1435/1435/1435 1439/1439/1439 1436/1436/1436 
f 1439/1439/1439 1440/1440/1440 1436/1436/1436 
f 1436/1436/1436 1440/1440/1440 1437/1437/1437 
f 1440/1440/1440 1413/1413/1413 1437/1437/1437 
f 1437/1437/1437 1413/1413/1413 1413/1413/1413 
f 1413/1413/1413 1440/1440/1440 1413/1413/1413 
f 1413/1413/1413 1440/1440/1440 1411/1411/1411 
f 1440/1440/1440 1441/1441/1441 1411/1411/1411 
f 1411/1411/1411 1441/1441/1441 1409/1409/1409 
f 1441/1441/1441 1442/1442/1442 1409/1409/1409 
f 1409/1409/1409 1442/1442/1442 1407/1407/1407 
f 1442/1442/1442 1443/1443/1443 1407/1407/1407 
f 1407/1407/1407 1443/1443/1443 1405/1405/1405 
f 1443/1443/1443 1444/1444/1444 1405/1405/1405 
f 1405/1405/1405 1444/1444/1444 1403/1403/1403 
f 1444/1444/1444 1369/1369/1369 1403/1403/1403 
f 1403/1403/1403 1369/1369/1369 1367/1367/1367 
f 1369/1369/1369 1367/1367/1367 1367/1367/1367 
f 1367/1367/1367 1367/1367/1367 1369/1369/1369 
f 1367/1367/1367 1369/1369/1369 1369/1369/1369 
f 1369/1369/1369 1369/1369/1369 1369/1369/1369 
f 1369/1369/1369 1444/1444/1444 1369/1369/1369 
f 1369/1369/1369 1444/1444/1444 1371/1371/1371 
f 1444/1444/1444 1445/1445/1445 1371/1371/1371 
f 1371/1371/1371 1445/1445/1445 1373/1373/1373 
f 1445/1445/1445 1446/1446/1446 1373/1373/1373 
f 1373/1373/1373 1446/1446/1446 1375/1375/1375 
f 1446/1446/1446 1447/1447/1447 1375/1375/1375 
f 1375/1375/1375 1447/1447/1447 1377/1377/1377 
f 1447/1447/1447 1448/1448/1448 1377/1377/1377 
f 1377/1377/1377 1448/1448/1448 1379/1379/1379 
f 1448/1448/1448 1449/1449/1449 1379/1379/1379 
f 1379/1379/1379 1449/1449/1449 1381/1381/1381 
f 1449/1449/1449 1450/1450/1450 1381/1381/1381 
f 1381/1381/1381 1450/1450/1450 1383/1383/1383 
f 1450/1450/1450 1451/1451/1451 1383/1383/1383 
f 1383/1383/1383 1451/1451/1451 1385/1385/1385 
f 1451/1451/1451 1452/1452/1452 1385/1385/1385 
f 1385/1385/1385 1452/1452/1452 1387/1387/1387 
f 1452/1452/1452 1453/1453/1453 1387/1387/1387 
f 1387/1387/1387 1453/1453/1453 1389/1389/1389 
f 1453/1453/1453 1181/1181/1181 1389/1389/1389 
f 1389/1389/1389 1181/1181/1181 1183/1183/1183 
f 1181/1181/1181 1183/1183/1183 1183/1183/1183 
f 1183/1183/1183 1183/1183/1183 1444/1444/1444 
f 1183/1183/1183 1444/1444/1444 1444/1444/1444 
f 1444/1444/1444 1444/1444/1444 1444/1444/1444 
f 1444/1444/1444 1443/1443/1443 1444/1444/1444 
f 1444/1444/1444 1443/1443/1443 1445/1445/1445 
f 1443/1443/1443 1454/1454/1454 1445/1445/1445 
f 1445/1445/1445 1454/1454/1454 1446/1446/1446 
f 1454/1454/1454 1455/1455/1455 1446/1446/1446 
f 1446/1446/1446 1455/1455/1455 1447/1447/1447 
f 1455/1455/1455 1456/1456/1456 1447/1447/1447 
f 1447/1447/1447 1456/1456/1456 1448/1448/1448 
f 1456/1456/1456 1457/1457/1457 1448/1448/1448 
f 1448/1448/1448 1457/1457/1457 1449/1449/1449 
f 1457/1457/1457 1458/1458/1458 1449/1449/1449 
f 1449/1449/1449 1458/1458/1458 1450/1450/1450 
f 1458/1458/1458 1459/1459/1459 1450/1450/1450 
f 1450/1450/1450 1459/1459/1459 1451/1451/1451 
f 1459/1459/1459 1460/1460/1460 1451/1451/1451 
f 1451/1451/1451 1460/1460/1460 1452/1452/1452 
f 1460/1460/1460 1461/1461/1461 1452/1452/1452 
f 1452/1452/1452 1461/1461/1461 1453/1453/1453 
f 1461/1461/1461 1179/1179/1179 1453/1453/1453 
f 1453/1453/1453 1179/1179/1179 1181/1181/1181 
f 1179/1179/1179 1181/1181/1181 1181/1181/1181 
f 1181/1181/1181 1181/1181/1181 1454/1454/1454 
f 1181/1181/1181 1454/1454/1454 1454/1454/1454 
f 1454/1454/1454 1454/1454/1454 1454/1454/1454 
f 1454/1454/1454 1125/1125/1125 1454/1454/1454 
f 1454/1454/1454 1125/1125/1125 1455/1455/1455 
f 1125/1125/1125 1124/1124/1124 1455/1455/1455 
f 1455/1455/1455 1124/1124/1124 1456/1456/1456 
f 1124/1124/1124 1123/1123/1123 1456/1456/1456 
f 1456/1456/1456 1123/1123/1123 1457/1457/1457 
f 1123/1123/1123 1122/1122/1122 1457/1457/1457 
f 1457/1457/1457 1122/1122/1122 1458/1458/1458 
f 1122/1122/1122 1121/1121/1121 1458/1458/1458 
f 1458/1458/1458 1121/1121/1121 1459/1459/1459 
f 1121/1121/1121 1120/1120/1120 1459/1459/1459 
f 1459/1459/1459 1120/1120/1120 1460/1460/1460 
f 1120/1120/1120 1119/1119/1119 1460/1460/1460 
f 1460/1460/1460 1119/1119/1119 1462/1462/1462 
f 1119/1119/1119 1118/1118/1118 1462/1462/1462 
f 1462/1462/1462 1118/1118/1118 1463/1463/1463 
f 1118/1118/1118 1117/1117/1117 1463/1463/1463 
f 1463/1463/1463 1117/1117/1117 1116/1116/1116 
f 1117/1117/1117 1116/1116/1116 1116/1116/1116 
f 1116/1116/1116 1116/1116/1116 1125/1125/1125 
f 1116/1116/1116 1125/1125/1125 1125/1125/1125 
f 1125/1125/1125 1125/1125/1125 1125/1125/1125 
f 1125/1125/1125 1454/1454/1454 1125/1125/1125 
f 1125/1125/1125 1454/1454/1454 1126/1126/1126 
f 1454/1454/1454 1464/1464/1464 1126/1126/1126 
f 1126/1126/1126 1464/1464/1464 1127/1127/1127 
f 1464/1464/1464 1438/1438/1438 1127/1127/1127 
f 1127/1127/1127 1438/1438/1438 1128/1128/1128 
f 1438/1438/1438 1128/1128/1128 1128/1128/1128 
f 1128/1128/1128 1128/1128/1128 1454/1454/1454 
f 1128/1128/1128 1454/1454/1454 1454/1454/1454 
f 1454/1454/1454 1454/1454/1454 1454/1454/1454 
f 1454/1454/1454 1442/1442/1442 1454/1454/1454 
f 1454/1454/1454 1442/1442/1442 1464/1464/1464 
f 1442/1442/1442 1441/1441/1441 1464/1464/1464 
f 1464/1464/1464 1441/1441/1441 1439/1439/1439 
f 1441/1441/1441 1440/1440/1440 1439/1439/1439 
f 1439/1439/1439 1440/1440/1440 1440/1440/1440 
f 1440/1440/1440 1165/1165/1165 1440/1440/1440 
f 1440/1440/1440 1165/1165/1165 1165/1165/1165 
f 1165/1165/1165 1264/1264/1264 1165/1165/1165 
f 1165/1165/1165 1264/1264/1264 1167/1167/1167 
f 1264/1264/1264 1169/1169/1169 1167/1167/1167 
f 1167/1167/1167 1169/1169/1169 1169/1169/1169 
f 1169/1169/1169 1460/1460/1460 1169/1169/1169 
f 1169/1169/1169 1460/1460/1460 1460/1460/1460 
f 1460/1460/1460 1462/1462/1462 1460/1460/1460 
f 1460/1460/1460 1462/1462/1462 1461/1461/1461 
f 1462/1462/1462 1465/1465/1465 1461/1461/1461 
f 1461/1461/1461 1465/1465/1465 1179/1179/1179 
f 1465/1465/1465 1177/1177/1177 1179/1179/1179 
f 1179/1179/1179 1177/1177/1177 1177/1177/1177 
f 1177/1177/1177 1462/1462/1462 1177/1177/1177 
f 1177/1177/1177 1462/1462/1462 1462/1462/1462 
f 1462/1462/1462 1463/1463/1463 1462/1462/1462 
f 1462/1462/1462 1463/1463/1463 1465/1465/1465 
f 1463/1463/1463 1466/1466/1466 1465/1465/1465 
f 1465/1465/1465 1466/1466/1466 1177/1177/1177 
f 1466/1466/1466 1175/1175/1175 1177/1177/1177 
f 1177/1177/1177 1175/1175/1175 1175/1175/1175 
f 1175/1175/1175 1466/1466/1466 1175/1175/1175 
f 1175/1175/1175 1466/1466/1466 1173/1173/1173 
f 1466/1466/1466 1467/1467/1467 1173/1173/1173 
f 1173/1173/1173 1467/1467/1467 1171/1171/1171 
f 1467/1467/1467 1115/1115/1115 1171/1171/1171 
f 1171/1171/1171 1115/1115/1115 1115/1115/1115 
f 1115/1115/1115 1466/1466/1466 1115/1115/1115 
f 1115/1115/1115 1466/1466/1466 1466/1466/1466 
f 1466/1466/1466 1463/1463/1463 1466/1466/1466 
f 1466/1466/1466 1463/1463/1463 1467/1467/1467 
f 1463/1463/1463 1116/1116/1116 1467/1467/1467 
f 1467/1467/1467 1116/1116/1116 1115/1115/1115 
f 1116/1116/1116 1115/1115/1115 1115/1115/1115 
f 1115/1115/1115 1115/1115/1115 1176/1176/1176 
f 1115/1115/1115 1176/1176/1176 1176/1176/1176 
f 1176/1176/1176 1176/1176/1176 1176/1176/1176 
f 1176/1176/1176 1174/1174/1174 1176/1176/1176 
f 1176/1176/1176 1174/1174/1174 1214/1214/1214 
f 1174/1174/1174 1468/1468/1468 1214/1214/1214 
f 1214/1214/1214 1468/1468/1468 1212/1212/1212 
f 1468/1468/1468 1210/1210/1210 1212/1212/1212 
f 1212/1212/1212 1210/1210/1210 1210/1210/1210 
f 1210/1210/1210 1174/1174/1174 1210/1210/1210 
f 1210/1210/1210 1174/1174/1174 1174/1174/1174 
f 1174/1174/1174 1172/1172/1172 1174/1174/1174 
f 1174/1174/1174 1172/1172/1172 1468/1468/1468 
f 1172/1172/1172 1187/1187/1187 1468/1468/1468 
f 1468/1468/1468 1187/1187/1187 1469/1469/1469 
f 1187/1187/1187 1188/1188/1188 1469/1469/1469 
f 1469/1469/1469 1188/1188/1188 1209/1209/1209 
f 1188/1188/1188 1189/1189/1189 1209/1209/1209 
f 1209/1209/1209 1189/1189/1189 1189/1189/1189 
f 1189/1189/1189 1209/1209/1209 1189/1189/1189 
f 1189/1189/1189 1209/1209/1209 1209/1209/1209 
f 1209/1209/1209 1210/1210/1210 1209/1209/1209 
f 1209/1209/1209 1210/1210/1210 1469/1469/1469 
f 1210/1210/1210 1468/1468/1468 1469/1469/1469 
f 1469/1469/1469 1468/1468/1468 1468/1468/1468 
f 1468/1468/1468 1200/1200/1200 1468/1468/1468 
f 1468/1468/1468 1200/1200/1200 1200/1200/1200 
f 1200/1200/1200 1199/1199/1199 1200/1200/1200 
f 1200/1200/1200 1199/1199/1199 1243/1243/1243 
f 1199/1199/1199 1470/1470/1470 1243/1243/1243 
f 1243/1243/1243 1470/1470/1470 1241/1241/1241 
f 1470/1470/1470 1471/1471/1471 1241/1241/1241 
f 1241/1241/1241 1471/1471/1471 1239/1239/1239 
f 1471/1471/1471 1472/1472/1472 1239/1239/1239 
f 1239/1239/1239 1472/1472/1472 1237/1237/1237 
f 1472/1472/1472 1473/1473/1473 1237/1237/1237 
f 1237/1237/1237 1473/1473/1473 1235/1235/1235 
f 1473/1473/1473 1474/1474/1474 1235/1235/1235 
f 1235/1235/1235 1474/1474/1474 1233/1233/1233 
f 1474/1474/1474 1475/1475/1475 1233/1233/1233 
f 1233/1233/1233 1475/1475/1475 1231/1231/1231 
f 1475/1475/1475 1229/1229/1229 1231/1231/1231 
f 1231/1231/1231 1229/1229/1229 1229/1229/1229 
f 1229/1229/1229 1199/1199/1199 1229/1229/1229 
f 1229/1229/1229 1199/1199/1199 1199/1199/1199 
f 1199/1199/1199 1198/1198/1198 1199/1199/1199 
f 1199/1199/1199 1198/1198/1198 1470/1470/1470 
f 1198/1198/1198 1476/1476/1476 1470/1470/1470 
f 1470/1470/1470 1476/1476/1476 1471/1471/1471 
f 1476/1476/1476 1477/1477/1477 1471/1471/1471 
f 1471/1471/1471 1477/1477/1477 1472/1472/1472 
f 1477/1477/1477 1478/1478/1478 1472/1472/1472 
f 1472/1472/1472 1478/1478/1478 1473/1473/1473 
f 1478/1478/1478 1479/1479/1479 1473/1473/1473 
f 1473/1473/1473 1479/1479/1479 1474/1474/1474 
f 1479/1479/1479 1480/1480/1480 1474/1474/1474 
f 1474/1474/1474 1480/1480/1480 1475/1475/1475 
f 1480/1480/1480 1481/1481/1481 1475/1475/1475 
f 1475/1475/1475 1481/1481/1481 1229/1229/1229 
f 1481/1481/1481 1227/1227/1227 1229/1229/1229 
f 1229/1229/1229 1227/1227/1227 1227/1227/1227 
f 1227/1227/1227 1198/1198/1198 1227/1227/1227 
f 1227/1227/1227 1198/1198/1198 1198/1198/1198 
f 1198/1198/1198 1197/1197/1197 1198/1198/1198 
f 1198/1198/1198 1197/1197/1197 1476/1476/1476 
f 1197/1197/1197 1482/1482/1482 1476/1476/1476 
f 1476/1476/1476 1482/1482/1482 1477/1477/1477 
f 1482/1482/1482 1483/1483/1483 1477/1477/1477 
f 1477/1477/1477 1483/1483/1483 1478/1478/1478 
f 1483/1483/1483 1484/1484/1484 1478/1478/1478 
f 1478/1478/1478 1484/1484/1484 1479/1479/1479 
f 1484/1484/1484 1485/1485/1485 1479/1479/1479 
f 1479/1479/1479 1485/1485/1485 1480/1480/1480 
f 1485/1485/1485 1486/1486/1486 1480/1480/1480 
f 1480/1480/1480 1486/1486/1486 1487/1487/1487 
f 1486/1486/1486 1488/1488/1488 1487/1487/1487 
f 1487/1487/1487 1488/1488/1488 1489/1489/1489 
f 1488/1488/1488 1490/1490/1490 1489/1489/1489 
f 1489/1489/1489 1490/1490/1490 1491/1491/1491 
f 1490/1490/1490 1492/1492/1492 1491/1491/1491 
f 1491/1491/1491 1492/1492/1492 1493/1493/1493 
f 1492/1492/1492 1494/1494/1494 1493/1493/1493 
f 1493/1493/1493 1494/1494/1494 1495/1495/1495 
f 1494/1494/1494 1496/1496/1496 1495/1495/1495 
f 1495/1495/1495 1496/1496/1496 1497/1497/1497 
f 1496/1496/1496 1498/1498/1498 1497/1497/1497 
f 1497/1497/1497 1498/1498/1498 1499/1499/1499 
f 1498/1498/1498 1182/1182/1182 1499/1499/1499 
f 1499/1499/1499 1182/1182/1182 1180/1180/1180 
f 1182/1182/1182 1180/1180/1180 1180/1180/1180 
f 1180/1180/1180 1180/1180/1180 1180/1180/1180 
f 1180/1180/1180 1178/1178/1178 1180/1180/1180 
f 1180/1180/1180 1178/1178/1178 1499/1499/1499 
f 1178/1178/1178 1500/1500/1500 1499/1499/1499 
f 1499/1499/1499 1500/1500/1500 1497/1497/1497 
f 1500/1500/1500 1501/1501/1501 1497/1497/1497 
f 1497/1497/1497 1501/1501/1501 1495/1495/1495 
f 1501/1501/1501 1502/1502/1502 1495/1495/1495 
f 1495/1495/1495 1502/1502/1502 1493/1493/1493 
f 1502/1502/1502 1503/1503/1503 1493/1493/1493 
f 1493/1493/1493 1503/1503/1503 1491/1491/1491 
f 1503/1503/1503 1504/1504/1504 1491/1491/1491 
f 1491/1491/1491 1504/1504/1504 1489/1489/1489 
f 1504/1504/1504 1505/1505/1505 1489/1489/1489 
f 1489/1489/1489 1505/1505/1505 1487/1487/1487 
f 1505/1505/1505 1481/1481/1481 1487/1487/1487 
f 1487/1487/1487 1481/1481/1481 1480/1480/1480 
f 1481/1481/1481 1480/1480/1480 1480/1480/1480 
f 1480/1480/1480 1480/1480/1480 1178/1178/1178 
f 1480/1480/1480 1178/1178/1178 1178/1178/1178 
f 1178/1178/1178 1178/1178/1178 1178/1178/1178 
f 1178/1178/1178 1176/1176/1176 1178/1178/1178 
f 1178/1178/1178 1176/1176/1176 1500/1500/1500 
f 1176/1176/1176 1217/1217/1217 1500/1500/1500 
f 1500/1500/1500 1217/1217/1217 1501/1501/1501 
f 1217/1217/1217 1219/1219/1219 1501/1501/1501 
f 1501/1501/1501 1219/1219/1219 1502/1502/1502 
f 1219/1219/1219 1221/1221/1221 1502/1502/1502 
f 1502/1502/1502 1221/1221/1221 1503/1503/1503 
f 1221/1221/1221 1223/1223/1223 1503/1503/1503 
f 1503/1503/1503 1223/1223/1223 1504/1504/1504 
f 1223/1223/1223 1225/1225/1225 1504/1504/1504 
f 1504/1504/1504 1225/1225/1225 1505/1505/1505 
f 1225/1225/1225 1227/1227/1227 1505/1505/1505 
f 1505/1505/1505 1227/1227/1227 1481/1481/1481 
f 1227/1227/1227 1481/1481/1481 1481/1481/1481 
f 1481/1481/1481 1481/1481/1481 1197/1197/1197 
f 1481/1481/1481 1197/1197/1197 1197/1197/1197 
f 1197/1197/1197 1197/1197/1197 1197/1197/1197 
f 1197/1197/1197 1196/1196/1196 1197/1197/1197 
f 1197/1197/1197 1196/1196/1196 1482/1482/1482 
f 1196/1196/1196 1506/1506/1506 1482/1482/1482 
f 1482/1482/1482 1506/1506/1506 1483/1483/1483 
f 1506/1506/1506 1507/1507/1507 1483/1483/1483 
f 1483/1483/1483 1507/1507/1507 1484/1484/1484 
f 1507/1507/1507 1508/1508/1508 1484/1484/1484 
f 1484/1484/1484 1508/1508/1508 1485/1485/1485 
f 1508/1508/1508 1509/1509/1509 1485/1485/1485 
f 1485/1485/1485 1509/1509/1509 1510/1510/1510 
f 1509/1509/1509 1511/1511/1511 1510/1510/1510 
f 1510/1510/1510 1511/1511/1511 1512/1512/1512 
f 1511/1511/1511 1512/1512/1512 1512/1512/1512 
f 1512/1512/1512 1512/1512/1512 1485/1485/1485 
f 1512/1512/1512 1485/1485/1485 1485/1485/1485 
f 1485/1485/1485 1485/1485/1485 1485/1485/1485 
f 1485/1485/1485 1510/1510/1510 1485/1485/1485 
f 1485/1485/1485 1510/1510/1510 1486/1486/1486 
f 1510/1510/1510 1513/1513/1513 1486/1486/1486 
f 1486/1486/1486 1513/1513/1513 1488/1488/1488 
f 1513/1513/1513 1514/1514/1514 1488/1488/1488 
f 1488/1488/1488 1514/1514/1514 1490/1490/1490 
f 1514/1514/1514 1515/1515/1515 1490/1490/1490 
f 1490/1490/1490 1515/1515/1515 1492/1492/1492 
f 1515/1515/1515 1516/1516/1516 1492/1492/1492 
f 1492/1492/1492 1516/1516/1516 1494/1494/1494 
f 1516/1516/1516 1517/1517/1517 1494/1494/1494 
f 1494/1494/1494 1517/1517/1517 1496/1496/1496 
f 1517/1517/1517 1518/1518/1518 1496/1496/1496 
f 1496/1496/1496 1518/1518/1518 1498/1498/1498 
f 1518/1518/1518 1184/1184/1184 1498/1498/1498 
f 1498/1498/1498 1184/1184/1184 1182/1182/1182 
f 1184/1184/1184 1182/1182/1182 1182/1182/1182 
f 1182/1182/1182 1182/1182/1182 1510/1510/1510 
f 1182/1182/1182 1510/1510/1510 1510/1510/1510 
f 1510/1510/1510 1510/1510/1510 1510/1510/1510 
f 1510/1510/1510 1512/1512/1512 1510/1510/1510 
f 1510/1510/1510 1512/1512/1512 1513/1513/1513 
f 1512/1512/1512 1519/1519/1519 1513/1513/1513 
f 1513/1513/1513 1519/1519/1519 1514/1514/1514 
f 1519/1519/1519 1520/1520/1520 1514/1514/1514 
f 1514/1514/1514 1520/1520/1520 1515/1515/1515 
f 1520/1520/1520 1521/1521/1521 1515/1515/1515 
f 1515/1515/1515 1521/1521/1521 1516/1516/1516 
f 1521/1521/1521 1522/1522/1522 1516/1516/1516 
f 1516/1516/1516 1522/1522/1522 1517/1517/1517 
f 1522/1522/1522 1523/1523/1523 1517/1517/1517 
f 1517/1517/1517 1523/1523/1523 1518/1518/1518 
f 1523/1523/1523 1186/1186/1186 1518/1518/1518 
f 1518/1518/1518 1186/1186/1186 1184/1184/1184 
f 1186/1186/1186 1184/1184/1184 1184/1184/1184 
f 1184/1184/1184 1184/1184/1184 1511/1511/1511 
f 1184/1184/1184 1511/1511/1511 1511/1511/1511 
f 1511/1511/1511 1511/1511/1511 1511/1511/1511 
f 1511/1511/1511 1509/1509/1509 1511/1511/1511 
f 1511/1511/1511 1509/1509/1509 1524/1524/1524 
f 1509/1509/1509 1508/1508/1508 1524/1524/1524 
f 1524/1524/1524 1508/1508/1508 1525/1525/1525 
f 1508/1508/1508 1507/1507/1507 1525/1525/1525 
f 1525/1525/1525 1507/1507/1507 1526/1526/1526 
f 1507/1507/1507 1506/1506/1506 1526/1526/1526 
f 1526/1526/1526 1506/1506/1506 1527/1527/1527 
f 1506/1506/1506 1196/1196/1196 1527/1527/1527 
f 1527/1527/1527 1196/1196/1196 1195/1195/1195 
f 1196/1196/1196 1195/1195/1195 1195/1195/1195 
f 1195/1195/1195 1195/1195/1195 1528/1528/1528 
f 1195/1195/1195 1528/1528/1528 1528/1528/1528 
f 1528/1528/1528 1528/1528/1528 1528/1528/1528 
f 1528/1528/1528 1529/1529/1529 1528/1528/1528 
f 1528/1528/1528 1529/1529/1529 1530/1530/1530 
f 1529/1529/1529 1531/1531/1531 1530/1530/1530 
f 1530/1530/1530 1531/1531/1531 1532/1532/1532 
f 1531/1531/1531 1533/1533/1533 1532/1532/1532 
f 1532/1532/1532 1533/1533/1533 1534/1534/1534 
f 1533/1533/1533 1535/1535/1535 1534/1534/1534 
f 1534/1534/1534 1535/1535/1535 1536/1536/1536 
f 1535/1535/1535 1537/1537/1537 1536/1536/1536 
f 1536/1536/1536 1537/1537/1537 1538/1538/1538 
f 1537/1537/1537 1539/1539/1539 1538/1538/1538 
f 1538/1538/1538 1539/1539/1539 1540/1540/1540 
f 1539/1539/1539 1541/1541/1541 1540/1540/1540 
f 1540/1540/1540 1541/1541/1541 1542/1542/1542 
f 1541/1541/1541 1543/1543/1543 1542/1542/1542 
f 1542/1542/1542 1543/1543/1543 1544/1544/1544 
f 1543/1543/1543 1545/1545/1545 1544/1544/1544 
f 1544/1544/1544 1545/1545/1545 1546/1546/1546 
f 1545/1545/1545 1547/1547/1547 1546/1546/1546 
f 1546/1546/1546 1547/1547/1547 1548/1548/1548 
f 1547/1547/1547 1549/1549/1549 1548/1548/1548 
f 1548/1548/1548 1549/1549/1549 1550/1550/1550 
f 1549/1549/1549 1551/1551/1551 1550/1550/1550 
f 1550/1550/1550 1551/1551/1551 1552/1552/1552 
f 1551/1551/1551 1553/1553/1553 1552/1552/1552 
f 1552/1552/1552 1553/1553/1553 1554/1554/1554 
f 1553/1553/1553 1555/1555/1555 1554/1554/1554 
f 1554/1554/1554 1555/1555/1555 1556/1556/1556 
f 1555/1555/1555 1557/1557/1557 1556/1556/1556 
f 1556/1556/1556 1557/1557/1557 1558/1558/1558 
f 1557/1557/1557 1559/1559/1559 1558/1558/1558 
f 1558/1558/1558 1559/1559/1559 1560/1560/1560 
f 1559/1559/1559 1561/1561/1561 1560/1560/1560 
f 1560/1560/1560 1561/1561/1561 1562/1562/1562 
f 1561/1561/1561 1563/1563/1563 1562/1562/1562 
f 1562/1562/1562 1563/1563/1563 1564/1564/1564 
f 1563/1563/1563 1565/1565/1565 1564/1564/1564 
f 1564/1564/1564 1565/1565/1565 1566/1566/1566 
f 1565/1565/1565 1567/1567/1567 1566/1566/1566 
f 1566/1566/1566 1567/1567/1567 1568/1568/1568 
f 1567/1567/1567 1569/1569/1569 1568/1568/1568 
f 1568/1568/1568 1569/1569/1569 1570/1570/1570 
f 1569/1569/1569 1571/1571/1571 1570/1570/1570 
f 1570/1570/1570 1571/1571/1571 1572/1572/1572 
f 1571/1571/1571 1573/1573/1573 1572/1572/1572 
f 1572/1572/1572 1573/1573/1573 1574/1574/1574 
f 1573/1573/1573 1575/1575/1575 1574/1574/1574 
f 1574/1574/1574 1575/1575/1575 1576/1576/1576 
f 1575/1575/1575 1577/1577/1577 1576/1576/1576 
f 1576/1576/1576 1577/1577/1577 1578/1578/1578 
f 1577/1577/1577 1579/1579/1579 1578/1578/1578 
f 1578/1578/1578 1579/1579/1579 1580/1580/1580 
f 1579/1579/1579 1581/1581/1581 1580/1580/1580 
f 1580/1580/1580 1581/1581/1581 1582/1582/1582 
f 1581/1581/1581 1583/1583/1583 1582/1582/1582 
f 1582/1582/1582 1583/1583/1583 1584/1584/1584 
f 1583/1583/1583 1585/1585/1585 1584/1584/1584 
f 1584/1584/1584 1585/1585/1585 1586/1586/1586 
f 1585/1585/1585 1587/1587/1587 1586/1586/1586 
f 1586/1586/1586 1587/1587/1587 1588/1588/1588 
f 1587/1587/1587 1589/1589/1589 1588/1588/1588 
f 1588/1588/1588 1589/1589/1589 1590/1590/1590 
f 1589/1589/1589 1591/1591/1591 1590/1590/1590 
f 1590/1590/1590 1591/1591/1591 1592/1592/1592 
f 1591/1591/1591 1593/1593/1593 1592/1592/1592 
f 1592/1592/1592 1593/1593/1593 1594/1594/1594 
f 1593/1593/1593 1595/1595/1595 1594/1594/1594 
f 1594/1594/1594 1595/1595/1595 1596/1596/1596 
f 1595/1595/1595 1597/1597/1597 1596/1596/1596 
f 1596/1596/1596 1597/1597/1597 1598/1598/1598 
f 1597/1597/1597 1599/1599/1599 1598/1598/1598 
f 1598/1598/1598 1599/1599/1599 1600/1600/1600 
f 1599/1599/1599 1601/1601/1601 1600/1600/1600 
f 1600/1600/1600 1601/1601/1601 1601/1601/1601 
f 1601/1601/1601 1598/1598/1598 1601/1601/1601 
f 1601/1601/1601 1598/1598/1598 1598/1598/1598 
f 1598/1598/1598 1602/1602/1602 1598/1598/1598 
f 1598/1598/1598 1602/1602/1602 1596/1596/1596 
f 1602/1602/1602 1603/1603/1603 1596/1596/1596 
f 1596/1596/1596 1603/1603/1603 1604/1604/1604 
f 1603/1603/1603 1605/1605/1605 1604/1604/1604 
f 1604/1604/1604 1605/1605/1605 1592/1592/1592 
f 1605/1605/1605 1606/1606/1606 1592/1592/1592 
f 1592/1592/1592 1606/1606/1606 1590/1590/1590 
f 1606/1606/1606 1607/1607/1607 1590/1590/1590 
f 1590/1590/1590 1607/1607/1607 1608/1608/1608 
f 1607/1607/1607 1609/1609/1609 1608/1608/1608 
f 1608/1608/1608 1609/1609/1609 1586/1586/1586 
f 1609/1609/1609 1610/1610/1610 1586/1586/1586 
f 1586/1586/1586 1610/1610/1610 1584/1584/1584 
f 1610/1610/1610 1611/1611/1611 1584/1584/1584 
f 1584/1584/1584 1611/1611/1611 1612/1612/1612 
f 1611/1611/1611 1613/1613/1613 1612/1612/1612 
f 1612/1612/1612 1613/1613/1613 1580/1580/1580 
f 1613/1613/1613 1614/1614/1614 1580/1580/1580 
f 1580/1580/1580 1614/1614/1614 1578/1578/1578 
f 1614/1614/1614 1615/1615/1615 1578/1578/1578 
f 1578/1578/1578 1615/1615/1615 1616/1616/1616 
f 1615/1615/1615 1617/1617/1617 1616/1616/1616 
f 1616/1616/1616 1617/1617/1617 1574/1574/1574 
f 1617/1617/1617 1618/1618/1618 1574/1574/1574 
f 1574/1574/1574 1618/1618/1618 1572/1572/1572 
f 1618/1618/1618 1619/1619/1619 1572/1572/1572 
f 1572/1572/1572 1619/1619/1619 1620/1620/1620 
f 1619/1619/1619 1621/1621/1621 1620/1620/1620 
f 1620/1620/1620 1621/1621/1621 1568/1568/1568 
f 1621/1621/1621 1622/1622/1622 1568/1568/1568 
f 1568/1568/1568 1622/1622/1622 1566/1566/1566 
f 1622/1622/1622 1623/1623/1623 1566/1566/1566 
f 1566/1566/1566 1623/1623/1623 1624/1624/1624 
f 1623/1623/1623 1625/1625/1625 1624/1624/1624 
f 1624/1624/1624 1625/1625/1625 1562/1562/1562 
f 1625/1625/1625 1626/1626/1626 1562/1562/1562 
f 1562/1562/1562 1626/1626/1626 1560/1560/1560 
f 1626/1626/1626 1627/1627/1627 1560/1560/1560 
f 1560/1560/1560 1627/1627/1627 1628/1628/1628 
f 1627/1627/1627 1629/1629/1629 1628/1628/1628 
f 1628/1628/1628 1629/1629/1629 1556/1556/1556 
f 1629/1629/1629 1630/1630/1630 1556/1556/1556 
f 1556/1556/1556 1630/1630/1630 1554/1554/1554 
f 1630/1630/1630 1631/1631/1631 1554/1554/1554 
f 1554/1554/1554 1631/1631/1631 1632/1632/1632 
f 1631/1631/1631 1633/1633/1633 1632/1632/1632 
f 1632/1632/1632 1633/1633/1633 1550/1550/1550 
f 1633/1633/1633 1634/1634/1634 1550/1550/1550 
f 1550/1550/1550 1634/1634/1634 1548/1548/1548 
f 1634/1634/1634 1635/1635/1635 1548/1548/1548 
f 1548/1548/1548 1635/1635/1635 1636/1636/1636 
f 1635/1635/1635 1637/1637/1637 1636/1636/1636 
f 1636/1636/1636 1637/1637/1637 1544/1544/1544 
f 1637/1637/1637 1638/1638/1638 1544/1544/1544 
f 1544/1544/1544 1638/1638/1638 1542/1542/1542 
f 1638/1638/1638 1639/1639/1639 1542/1542/1542 
f 1542/1542/1542 1639/1639/1639 1640/1640/1640 
f 1639/1639/1639 1641/1641/1641 1640/1640/1640 
f 1640/1640/1640 1641/1641/1641 1538/1538/1538 
f 1641/1641/1641 1642/1642/1642 1538/1538/1538 
f 1538/1538/1538 1642/1642/1642 1536/1536/1536 
f 1642/1642/1642 1643/1643/1643 1536/1536/1536 
f 1536/1536/1536 1643/1643/1643 1644/1644/1644 
f 1643/1643/1643 1645/1645/1645 1644/1644/1644 
f 1644/1644/1644 1645/1645/1645 1532/1532/1532 
f 1645/1645/1645 1646/1646/1646 1532/1532/1532 
f 1532/1532/1532 1646/1646/1646 1530/1530/1530 
f 1646/1646/1646 1647/1647/1647 1530/1530/1530 
f 1530/1530/1530 1647/1647/1647 1648/1648/1648 
f 1647/1647/1647 1649/1649/1649 1648/1648/1648 
f 1648/1648/1648 1649/1649/1649 1650/1650/1650 
f 1649/1649/1649 1651/1651/1651 1650/1650/1650 
f 1650/1650/1650 1651/1651/1651 1651/1651/1651 
f 1651/1651/1651 1603/1603/1603 1651/1651/1651 
f 1651/1651/1651 1603/1603/1603 1603/1603/1603 
f 1603/1603/1603 1652/1652/1652 1603/1603/1603 
f 1603/1603/1603 1652/1652/1652 1605/1605/1605 
f 1652/1652/1652 1653/1653/1653 1605/1605/1605 
f 1605/1605/1605 1653/1653/1653 1654/1654/1654 
f 1653/1653/1653 1655/1655/1655 1654/1654/1654 
f 1654/1654/1654 1655/1655/1655 1607/1607/1607 
f 1655/1655/1655 1656/1656/1656 1607/1607/1607 
f 1607/1607/1607 1656/1656/1656 1609/1609/1609 
f 1656/1656/1656 1657/1657/1657 1609/1609/1609 
f 1609/1609/1609 1657/1657/1657 1658/1658/1658 
f 1657/1657/1657 1659/1659/1659 1658/1658/1658 
f 1658/1658/1658 1659/1659/1659 1611/1611/1611 
f 1659/1659/1659 1660/1660/1660 1611/1611/1611 
f 1611/1611/1611 1660/1660/1660 1613/1613/1613 
f 1660/1660/1660 1661/1661/1661 1613/1613/1613 
f 1613/1613/1613 1661/1661/1661 1662/1662/1662 
f 1661/1661/1661 1663/1663/1663 1662/1662/1662 
f 1662/1662/1662 1663/1663/1663 1615/1615/1615 
f 1663/1663/1663 1664/1664/1664 1615/1615/1615 
f 1615/1615/1615 1664/1664/1664 1617/1617/1617 
f 1664/1664/1664 1665/1665/1665 1617/1617/1617 
f 1617/1617/1617 1665/1665/1665 1666/1666/1666 
f 1665/1665/1665 1667/1667/1667 1666/1666/1666 
f 1666/1666/1666 1667/1667/1667 1619/1619/1619 
f 1667/1667/1667 1668/1668/1668 1619/1619/1619 
f 1619/1619/1619 1668/1668/1668 1621/1621/1621 
f 1668/1668/1668 1669/1669/1669 1621/1621/1621 
f 1621/1621/1621 1669/1669/1669 1670/1670/1670 
f 1669/1669/1669 1671/1671/1671 1670/1670/1670 
f 1670/1670/1670 1671/1671/1671 1623/1623/1623 
f 1671/1671/1671 1672/1672/1672 1623/1623/1623 
f 1623/1623/1623 1672/1672/1672 1625/1625/1625 
f 1672/1672/1672 1673/1673/1673 1625/1625/1625 
f 1625/1625/1625 1673/1673/1673 1674/1674/1674 
f 1673/1673/1673 1675/1675/1675 1674/1674/1674 
f 1674/1674/1674 1675/1675/1675 1627/1627/1627 
f 1675/1675/1675 1676/1676/1676 1627/1627/1627 
f 1627/1627/1627 1676/1676/1676 1629/1629/1629 
f 1676/1676/1676 1677/1677/1677 1629/1629/1629 
f 1629/1629/1629 1677/1677/1677 1678/1678/1678 
f 1677/1677/1677 1679/1679/1679 1678/1678/1678 
f 1678/1678/1678 1679/1679/1679 1631/1631/1631 
f 1679/1679/1679 1680/1680/1680 1631/1631/1631 
f 1631/1631/1631 1680/1680/1680 1633/1633/1633 
f 1680/1680/1680 1681/1681/1681 1633/1633/1633 
f 1633/1633/1633 1681/1681/1681 1682/1682/1682 
f 1681/1681/1681 1683/1683/1683 1682/1682/1682 
f 1682/1682/1682 1683/1683/1683 1635/1635/1635 
f 1683/1683/1683 1684/1684/1684 1635/1635/1635 
f 1635/1635/1635 1684/1684/1684 1637/1637/1637 
f 1684/1684/1684 1685/1685/1685 1637/1637/1637 
f 1637/1637/1637 1685/1685/1685 1686/1686/1686 
f 1685/1685/1685 1687/1687/1687 1686/1686/1686 
f 1686/1686/1686 1687/1687/1687 1639/1639/1639 
f 1687/1687/1687 1688/1688/1688 1639/1639/1639 
f 1639/1639/1639 1688/1688/1688 1641/1641/1641 
f 1688/1688/1688 1689/1689/1689 1641/1641/1641 
f 1641/1641/1641 1689/1689/1689 1690/1690/1690 
f 1689/1689/1689 1691/1691/1691 1690/1690/1690 
f 1690/1690/1690 1691/1691/1691 1643/1643/1643 
f 1691/1691/1691 1692/1692/1692 1643/1643/1643 
f 1643/1643/1643 1692/1692/1692 1645/1645/1645 
f 1692/1692/1692 1693/1693/1693 1645/1645/1645 
f 1645/1645/1645 1693/1693/1693 1694/1694/1694 
f 1693/1693/1693 1695/1695/1695 1694/1694/1694 
f 1694/1694/1694 1695/1695/1695 1647/1647/1647 
f 1695/1695/1695 1696/1696/1696 1647/1647/1647 
f 1647/1647/1647 1696/1696/1696 1649/1649/1649 
f 1696/1696/1696 1697/1697/1697 1649/1649/1649 
f 1649/1649/1649 1697/1697/1697 1698/1698/1698 
f 1697/1697/1697 1699/1699/1699 1698/1698/1698 
f 1698/1698/1698 1699/1699/1699 1700/1700/1700 
f 1699/1699/1699 1701/1701/1701 1700/1700/1700 
f 1700/1700/1700 1701/1701/1701 1701/1701/1701 
f 1701/1701/1701 1653/1653/1653 1701/1701/1701 
f 1701/1701/1701 1653/1653/1653 1653/1653/1653 
f 1653/1653/1653 1702/1702/1702 1653/1653/1653 
f 1653/1653/1653 1702/1702/1702 1655/1655/1655 
f 1702/1702/1702 1703/1703/1703 1655/1655/1655 
f 1655/1655/1655 1703/1703/1703 1704/1704/1704 
f 1703/1703/1703 1705/1705/1705 1704/1704/1704 
f 1704/1704/1704 1705/1705/1705 1657/1657/1657 
f 1705/1705/1705 1706/1706/1706 1657/1657/1657 
f 1657/1657/1657 1706/1706/1706 1659/1659/1659 
f 1706/1706/1706 1707/1707/1707 1659/1659/1659 
f 1659/1659/1659 1707/1707/1707 1708/1708/1708 
f 1707/1707/1707 1709/1709/1709 1708/1708/1708 
f 1708/1708/1708 1709/1709/1709 1661/1661/1661 
f 1709/1709/1709 1710/1710/1710 1661/1661/1661 
f 1661/1661/1661 1710/1710/1710 1663/1663/1663 
f 1710/1710/1710 1711/1711/1711 1663/1663/1663 
f 1663/1663/1663 1711/1711/1711 1712/1712/1712 
f 1711/1711/1711 1713/1713/1713 1712/1712/1712 
f 1712/1712/1712 1713/1713/1713 1665/1665/1665 
f 1713/1713/1713 1714/1714/1714 1665/1665/1665 
f 1665/1665/1665 1714/1714/1714 1667/1667/1667 
f 1714/1714/1714 1715/1715/1715 1667/1667/1667 
f 1667/1667/1667 1715/1715/1715 1716/1716/1716 
f 1715/1715/1715 1717/1717/1717 1716/1716/1716 
f 1716/1716/1716 1717/1717/1717 1669/1669/1669 
f 1717/1717/1717 1718/1718/1718 1669/1669/1669 
f 1669/1669/1669 1718/1718/1718 1671/1671/1671 
f 1718/1718/1718 1719/1719/1719 1671/1671/1671 
f 1671/1671/1671 1719/1719/1719 1720/1720/1720 
f 1719/1719/1719 1721/1721/1721 1720/1720/1720 
f 1720/1720/1720 1721/1721/1721 1673/1673/1673 
f 1721/1721/1721 1722/1722/1722 1673/1673/1673 
f 1673/1673/1673 1722/1722/1722 1675/1675/1675 
f 1722/1722/1722 1723/1723/1723 1675/1675/1675 
f 1675/1675/1675 1723/1723/1723 1724/1724/1724 
f 1723/1723/1723 1725/1725/1725 1724/1724/1724 
f 1724/1724/1724 1725/1725/1725 1677/1677/1677 
f 1725/1725/1725 1726/1726/1726 1677/1677/1677 
f 1677/1677/1677 1726/1726/1726 1679/1679/1679 
f 1726/1726/1726 1727/1727/1727 1679/1679/1679 
f 1679/1679/1679 1727/1727/1727 1728/1728/1728 
f 1727/1727/1727 1729/1729/1729 1728/1728/1728 
f 1728/1728/1728 1729/1729/1729 1681/1681/1681 
f 1729/1729/1729 1730/1730/1730 1681/1681/1681 
f 1681/1681/1681 1730/1730/1730 1683/1683/1683 
f 1730/1730/1730 1729/1729/1729 1683/1683/1683 
f 1683/1683/1683 1729/1729/1729 1731/1731/1731 
f 1729/1729/1729 1732/1732/1732 1731/1731/1731 
f 1731/1731/1731 1732/1732/1732 1685/1685/1685 
f 1732/1732/1732 1733/1733/1733 1685/1685/1685 
f 1685/1685/1685 1733/1733/1733 1687/1687/1687 
f 1733/1733/1733 1734/1734/1734 1687/1687/1687 
f 1687/1687/1687 1734/1734/1734 1735/1735/1735 
f 1734/1734/1734 1736/1736/1736 1735/1735/1735 
f 1735/1735/1735 1736/1736/1736 1689/1689/1689 
f 1736/1736/1736 1737/1737/1737 1689/1689/1689 
f 1689/1689/1689 1737/1737/1737 1691/1691/1691 
f 1737/1737/1737 1738/1738/1738 1691/1691/1691 
f 1691/1691/1691 1738/1738/1738 1739/1739/1739 
f 1738/1738/1738 1740/1740/1740 1739/1739/1739 
f 1739/1739/1739 1740/1740/1740 1693/1693/1693 
f 1740/1740/1740 1741/1741/1741 1693/1693/1693 
f 1693/1693/1693 1741/1741/1741 1695/1695/1695 
f 1741/1741/1741 1742/1742/1742 1695/1695/1695 
f 1695/1695/1695 1742/1742/1742 1743/1743/1743 
f 1742/1742/1742 1744/1744/1744 1743/1743/1743 
f 1743/1743/1743 1744/1744/1744 1697/1697/1697 
f 1744/1744/1744 1745/1745/1745 1697/1697/1697 
f 1697/1697/1697 1745/1745/1745 1699/1699/1699 
f 1745/1745/1745 1746/1746/1746 1699/1699/1699 
f 1699/1699/1699 1746/1746/1746 1747/1747/1747 
f 1746/1746/1746 1748/1748/1748 1747/1747/1747 
f 1747/1747/1747 1748/1748/1748 1749/1749/1749 
f 1748/1748/1748 1750/1750/1750 1749/1749/1749 
f 1749/1749/1749 1750/1750/1750 1750/1750/1750 
f 1750/1750/1750 1703/1703/1703 1750/1750/1750 
f 1750/1750/1750 1703/1703/1703 1703/1703/1703 
f 1703/1703/1703 1751/1751/1751 1703/1703/1703 
f 1703/1703/1703 1751/1751/1751 1705/1705/1705 
f 1751/1751/1751 1752/1752/1752 1705/1705/1705 
f 1705/1705/1705 1752/1752/1752 1753/1753/1753 
f 1752/1752/1752 1754/1754/1754 1753/1753/1753 
f 1753/1753/1753 1754/1754/1754 1707/1707/1707 
f 1754/1754/1754 1755/1755/1755 1707/1707/1707 
f 1707/1707/1707 1755/1755/1755 1709/1709/1709 
f 1755/1755/1755 1756/1756/1756 1709/1709/1709 
f 1709/1709/1709 1756/1756/1756 1757/1757/1757 
f 1756/1756/1756 1758/1758/1758 1757/1757/1757 
f 1757/1757/1757 1758/1758/1758 1711/1711/1711 
f 1758/1758/1758 1759/1759/1759 1711/1711/1711 
f 1711/1711/1711 1759/1759/1759 1713/1713/1713 
f 1759/1759/1759 1760/1760/1760 1713/1713/1713 
f 1713/1713/1713 1760/1760/1760 1761/1761/1761 
f 1760/1760/1760 1762/1762/1762 1761/1761/1761 
f 1761/1761/1761 1762/1762/1762 1715/1715/1715 
f 1762/1762/1762 1763/1763/1763 1715/1715/1715 
f 1715/1715/1715 1763/1763/1763 1717/1717/1717 
f 1763/1763/1763 1764/1764/1764 1717/1717/1717 
f 1717/1717/1717 1764/1764/1764 1765/1765/1765 
f 1764/1764/1764 1766/1766/1766 1765/1765/1765 
f 1765/1765/1765 1766/1766/1766 1719/1719/1719 
f 1766/1766/1766 1767/1767/1767 1719/1719/1719 
f 1719/1719/1719 1767/1767/1767 1721/1721/1721 
f 1767/1767/1767 1768/1768/1768 1721/1721/1721 
f 1721/1721/1721 1768/1768/1768 1769/1769/1769 
f 1768/1768/1768 1770/1770/1770 1769/1769/1769 
f 1769/1769/1769 1770/1770/1770 1723/1723/1723 
f 1770/1770/1770 1771/1771/1771 1723/1723/1723 
f 1723/1723/1723 1771/1771/1771 1725/1725/1725 
f 1771/1771/1771 1772/1772/1772 1725/1725/1725 
f 1725/1725/1725 1772/1772/1772 1773/1773/1773 
f 1772/1772/1772 1774/1774/1774 1773/1773/1773 
f 1773/1773/1773 1774/1774/1774 1727/1727/1727 
f 1774/1774/1774 1775/1775/1775 1727/1727/1727 
f 1727/1727/1727 1775/1775/1775 1729/1729/1729 
f 1775/1775/1775 1732/1732/1732 1729/1729/1729 
f 1729/1729/1729 1732/1732/1732 1732/1732/1732 
f 1732/1732/1732 1752/1752/1752 1732/1732/1732 
f 1732/1732/1732 1752/1752/1752 1752/1752/1752 
f 1752/1752/1752 1776/1776/1776 1752/1752/1752 
f 1752/1752/1752 1776/1776/1776 1754/1754/1754 
f 1776/1776/1776 1777/1777/1777 1754/1754/1754 
f 1754/1754/1754 1777/1777/1777 1778/1778/1778 
f 1777/1777/1777 1779/1779/1779 1778/1778/1778 
f 1778/1778/1778 1779/1779/1779 1756/1756/1756 
f 1779/1779/1779 1780/1780/1780 1756/1756/1756 
f 1756/1756/1756 1780/1780/1780 1758/1758/1758 
f 1780/1780/1780 1781/1781/1781 1758/1758/1758 
f 1758/1758/1758 1781/1781/1781 1782/1782/1782 
f 1781/1781/1781 1783/1783/1783 1782/1782/1782 
f 1782/1782/1782 1783/1783/1783 1760/1760/1760 
f 1783/1783/1783 1784/1784/1784 1760/1760/1760 
f 1760/1760/1760 1784/1784/1784 1762/1762/1762 
f 1784/1784/1784 1785/1785/1785 1762/1762/1762 
f 1762/1762/1762 1785/1785/1785 1786/1786/1786 
f 1785/1785/1785 1787/1787/1787 1786/1786/1786 
f 1786/1786/1786 1787/1787/1787 1764/1764/1764 
f 1787/1787/1787 1788/1788/1788 1764/1764/1764 
f 1764/1764/1764 1788/1788/1788 1766/1766/1766 
f 1788/1788/1788 1789/1789/1789 1766/1766/1766 
f 1766/1766/1766 1789/1789/1789 1790/1790/1790 
f 1789/1789/1789 1791/1791/1791 1790/1790/1790 
f 1790/1790/1790 1791/1791/1791 1768/1768/1768 
f 1791/1791/1791 1792/1792/1792 1768/1768/1768 
f 1768/1768/1768 1792/1792/1792 1770/1770/1770 
f 1792/1792/1792 1793/1793/1793 1770/1770/1770 
f 1770/1770/1770 1793/1793/1793 1794/1794/1794 
f 1793/1793/1793 1795/1795/1795 1794/1794/1794 
f 1794/1794/1794 1795/1795/1795 1772/1772/1772 
f 1795/1795/1795 1796/1796/1796 1772/1772/1772 
f 1772/1772/1772 1796/1796/1796 1774/1774/1774 
f 1796/1796/1796 1795/1795/1795 1774/1774/1774 
f 1774/1774/1774 1795/1795/1795 1797/1797/1797 
f 1795/1795/1795 1734/1734/1734 1797/1797/1797 
f 1797/1797/1797 1734/1734/1734 1732/1732/1732 
f 1734/1734/1734 1733/1733/1733 1732/1732/1732 
f 1732/1732/1732 1733/1733/1733 1733/1733/1733 
f 1733/1733/1733 1777/1777/1777 1733/1733/1733 
f 1733/1733/1733 1777/1777/1777 1777/1777/1777 
f 1777/1777/1777 1798/1798/1798 1777/1777/1777 
f 1777/1777/1777 1798/1798/1798 1779/1779/1779 
f 1798/1798/1798 1799/1799/1799 1779/1779/1779 
f 1779/1779/1779 1799/1799/1799 1800/1800/1800 
f 1799/1799/1799 1748/1748/1748 1800/1800/1800 
f 1800/1800/1800 1748/1748/1748 1781/1781/1781 
f 1748/1748/1748 1801/1801/1801 1781/1781/1781 
f 1781/1781/1781 1801/1801/1801 1783/1783/1783 
f 1801/1801/1801 1746/1746/1746 1783/1783/1783 
f 1783/1783/1783 1746/1746/1746 1802/1802/1802 
f 1746/1746/1746 1744/1744/1744 1802/1802/1802 
f 1802/1802/1802 1744/1744/1744 1785/1785/1785 
f 1744/1744/1744 1803/1803/1803 1785/1785/1785 
f 1785/1785/1785 1803/1803/1803 1787/1787/1787 
f 1803/1803/1803 1742/1742/1742 1787/1787/1787 
f 1787/1787/1787 1742/1742/1742 1804/1804/1804 
f 1742/1742/1742 1740/1740/1740 1804/1804/1804 
f 1804/1804/1804 1740/1740/1740 1789/1789/1789 
f 1740/1740/1740 1805/1805/1805 1789/1789/1789 
f 1789/1789/1789 1805/1805/1805 1791/1791/1791 
f 1805/1805/1805 1738/1738/1738 1791/1791/1791 
f 1791/1791/1791 1738/1738/1738 1806/1806/1806 
f 1738/1738/1738 1736/1736/1736 1806/1806/1806 
f 1806/1806/1806 1736/1736/1736 1793/1793/1793 
f 1736/1736/1736 1807/1807/1807 1793/1793/1793 
f 1793/1793/1793 1807/1807/1807 1795/1795/1795 
f 1807/1807/1807 1734/1734/1734 1795/1795/1795 
f 1795/1795/1795 1734/1734/1734 1734/1734/1734 
f 1734/1734/1734 1806/1806/1806 1734/1734/1734 
f 1734/1734/1734 1806/1806/1806 1806/1806/1806 
f 1806/1806/1806 1793/1793/1793 1806/1806/1806 
f 1806/1806/1806 1793/1793/1793 1791/1791/1791 
f 1793/1793/1793 1792/1792/1792 1791/1791/1791 
f 1791/1791/1791 1792/1792/1792 1792/1792/1792 
f 1792/1792/1792 1531/1531/1531 1792/1792/1792 
f 1792/1792/1792 1531/1531/1531 1531/1531/1531 
f 1531/1531/1531 1529/1529/1529 1531/1531/1531 
f 1531/1531/1531 1529/1529/1529 1533/1533/1533 
f 1529/1529/1529 1808/1808/1808 1533/1533/1533 
f 1533/1533/1533 1808/1808/1808 1809/1809/1809 
f 1808/1808/1808 1809/1809/1809 1809/1809/1809 
f 1809/1809/1809 1809/1809/1809 1533/1533/1533 
f 1809/1809/1809 1533/1533/1533 1533/1533/1533 
f 1533/1533/1533 1533/1533/1533 1533/1533/1533 
f 1533/1533/1533 1809/1809/1809 1533/1533/1533 
f 1533/1533/1533 1809/1809/1809 1810/1810/1810 
f 1809/1809/1809 1811/1811/1811 1810/1810/1810 
f 1810/1810/1810 1811/1811/1811 1535/1535/1535 
f 1811/1811/1811 1812/1812/1812 1535/1535/1535 
f 1535/1535/1535 1812/1812/1812 1539/1539/1539 
f 1812/1812/1812 1813/1813/1813 1539/1539/1539 
f 1539/1539/1539 1813/1813/1813 1814/1814/1814 
f 1813/1813/1813 1815/1815/1815 1814/1814/1814 
f 1814/1814/1814 1815/1815/1815 1541/1541/1541 
f 1815/1815/1815 1816/1816/1816 1541/1541/1541 
f 1541/1541/1541 1816/1816/1816 1545/1545/1545 
f 1816/1816/1816 1817/1817/1817 1545/1545/1545 
f 1545/1545/1545 1817/1817/1817 1818/1818/1818 
f 1817/1817/1817 1819/1819/1819 1818/1818/1818 
f 1818/1818/1818 1819/1819/1819 1547/1547/1547 
f 1819/1819/1819 1820/1820/1820 1547/1547/1547 
f 1547/1547/1547 1820/1820/1820 1551/1551/1551 
f 1820/1820/1820 1821/1821/1821 1551/1551/1551 
f 1551/1551/1551 1821/1821/1821 1822/1822/1822 
f 1821/1821/1821 1823/1823/1823 1822/1822/1822 
f 1822/1822/1822 1823/1823/1823 1553/1553/1553 
f 1823/1823/1823 1824/1824/1824 1553/1553/1553 
f 1553/1553/1553 1824/1824/1824 1557/1557/1557 
f 1824/1824/1824 1825/1825/1825 1557/1557/1557 
f 1557/1557/1557 1825/1825/1825 1826/1826/1826 
f 1825/1825/1825 1827/1827/1827 1826/1826/1826 
f 1826/1826/1826 1827/1827/1827 1559/1559/1559 
f 1827/1827/1827 1828/1828/1828 1559/1559/1559 
f 1559/1559/1559 1828/1828/1828 1563/1563/1563 
f 1828/1828/1828 1829/1829/1829 1563/1563/1563 
f 1563/1563/1563 1829/1829/1829 1830/1830/1830 
f 1829/1829/1829 1831/1831/1831 1830/1830/1830 
f 1830/1830/1830 1831/1831/1831 1565/1565/1565 
f 1831/1831/1831 1832/1832/1832 1565/1565/1565 
f 1565/1565/1565 1832/1832/1832 1569/1569/1569 
f 1832/1832/1832 1833/1833/1833 1569/1569/1569 
f 1569/1569/1569 1833/1833/1833 1834/1834/1834 
f 1833/1833/1833 1835/1835/1835 1834/1834/1834 
f 1834/1834/1834 1835/1835/1835 1571/1571/1571 
f 1835/1835/1835 1836/1836/1836 1571/1571/1571 
f 1571/1571/1571 1836/1836/1836 1575/1575/1575 
f 1836/1836/1836 1835/1835/1835 1575/1575/1575 
f 1575/1575/1575 1835/1835/1835 1837/1837/1837 
f 1835/1835/1835 1838/1838/1838 1837/1837/1837 
f 1837/1837/1837 1838/1838/1838 1577/1577/1577 
f 1838/1838/1838 1839/1839/1839 1577/1577/1577 
f 1577/1577/1577 1839/1839/1839 1581/1581/1581 
f 1839/1839/1839 1840/1840/1840 1581/1581/1581 
f 1581/1581/1581 1840/1840/1840 1841/1841/1841 
f 1840/1840/1840 1842/1842/1842 1841/1841/1841 
f 1841/1841/1841 1842/1842/1842 1583/1583/1583 
f 1842/1842/1842 1843/1843/1843 1583/1583/1583 
f 1583/1583/1583 1843/1843/1843 1587/1587/1587 
f 1843/1843/1843 1844/1844/1844 1587/1587/1587 
f 1587/1587/1587 1844/1844/1844 1845/1845/1845 
f 1844/1844/1844 1846/1846/1846 1845/1845/1845 
f 1845/1845/1845 1846/1846/1846 1589/1589/1589 
f 1846/1846/1846 1847/1847/1847 1589/1589/1589 
f 1589/1589/1589 1847/1847/1847 1593/1593/1593 
f 1847/1847/1847 1848/1848/1848 1593/1593/1593 
f 1593/1593/1593 1848/1848/1848 1849/1849/1849 
f 1848/1848/1848 1850/1850/1850 1849/1849/1849 
f 1849/1849/1849 1850/1850/1850 1595/1595/1595 
f 1850/1850/1850 1851/1851/1851 1595/1595/1595 
f 1595/1595/1595 1851/1851/1851 1599/1599/1599 
f 1851/1851/1851 1852/1852/1852 1599/1599/1599 
f 1599/1599/1599 1852/1852/1852 1853/1853/1853 
f 1852/1852/1852 1854/1854/1854 1853/1853/1853 
f 1853/1853/1853 1854/1854/1854 1601/1601/1601 
f 1854/1854/1854 1855/1855/1855 1601/1601/1601 
f 1601/1601/1601 1855/1855/1855 1855/1855/1855 
f 1855/1855/1855 1809/1809/1809 1855/1855/1855 
f 1855/1855/1855 1809/1809/1809 1809/1809/1809 
f 1809/1809/1809 1856/1856/1856 1809/1809/1809 
f 1809/1809/1809 1856/1856/1856 1811/1811/1811 
f 1856/1856/1856 1857/1857/1857 1811/1811/1811 
f 1811/1811/1811 1857/1857/1857 1858/1858/1858 
f 1857/1857/1857 1859/1859/1859 1858/1858/1858 
f 1858/1858/1858 1859/1859/1859 1813/1813/1813 
f 1859/1859/1859 1860/1860/1860 1813/1813/1813 
f 1813/1813/1813 1860/1860/1860 1815/1815/1815 
f 1860/1860/1860 1861/1861/1861 1815/1815/1815 
f 1815/1815/1815 1861/1861/1861 1862/1862/1862 
f 1861/1861/1861 1863/1863/1863 1862/1862/1862 
f 1862/1862/1862 1863/1863/1863 1817/1817/1817 
f 1863/1863/1863 1864/1864/1864 1817/1817/1817 
f 1817/1817/1817 1864/1864/1864 1819/1819/1819 
f 1864/1864/1864 1865/1865/1865 1819/1819/1819 
f 1819/1819/1819 1865/1865/1865 1866/1866/1866 
f 1865/1865/1865 1867/1867/1867 1866/1866/1866 
f 1866/1866/1866 1867/1867/1867 1821/1821/1821 
f 1867/1867/1867 1868/1868/1868 1821/1821/1821 
f 1821/1821/1821 1868/1868/1868 1823/1823/1823 
f 1868/1868/1868 1869/1869/1869 1823/1823/1823 
f 1823/1823/1823 1869/1869/1869 1870/1870/1870 
f 1869/1869/1869 1871/1871/1871 1870/1870/1870 
f 1870/1870/1870 1871/1871/1871 1825/1825/1825 
f 1871/1871/1871 1872/1872/1872 1825/1825/1825 
f 1825/1825/1825 1872/1872/1872 1827/1827/1827 
f 1872/1872/1872 1873/1873/1873 1827/1827/1827 
f 1827/1827/1827 1873/1873/1873 1874/1874/1874 
f 1873/1873/1873 1875/1875/1875 1874/1874/1874 
f 1874/1874/1874 1875/1875/1875 1829/1829/1829 
f 1875/1875/1875 1876/1876/1876 1829/1829/1829 
f 1829/1829/1829 1876/1876/1876 1831/1831/1831 
f 1876/1876/1876 1877/1877/1877 1831/1831/1831 
f 1831/1831/1831 1877/1877/1877 1878/1878/1878 
f 1877/1877/1877 1879/1879/1879 1878/1878/1878 
f 1878/1878/1878 1879/1879/1879 1833/1833/1833 
f 1879/1879/1879 1880/1880/1880 1833/1833/1833 
f 1833/1833/1833 1880/1880/1880 1835/1835/1835 
f 1880/1880/1880 1838/1838/1838 1835/1835/1835 
f 1835/1835/1835 1838/1838/1838 1838/1838/1838 
f 1838/1838/1838 1857/1857/1857 1838/1838/1838 
f 1838/1838/1838 1857/1857/1857 1857/1857/1857 
f 1857/1857/1857 1881/1881/1881 1857/1857/1857 
f 1857/1857/1857 1881/1881/1881 1859/1859/1859 
f 1881/1881/1881 1882/1882/1882 1859/1859/1859 
f 1859/1859/1859 1882/1882/1882 1883/1883/1883 
f 1882/1882/1882 1884/1884/1884 1883/1883/1883 
f 1883/1883/1883 1884/1884/1884 1861/1861/1861 
f 1884/1884/1884 1885/1885/1885 1861/1861/1861 
f 1861/1861/1861 1885/1885/1885 1863/1863/1863 
f 1885/1885/1885 1886/1886/1886 1863/1863/1863 
f 1863/1863/1863 1886/1886/1886 1887/1887/1887 
f 1886/1886/1886 1888/1888/1888 1887/1887/1887 
f 1887/1887/1887 1888/1888/1888 1865/1865/1865 
f 1888/1888/1888 1889/1889/1889 1865/1865/1865 
f 1865/1865/1865 1889/1889/1889 1867/1867/1867 
f 1889/1889/1889 1890/1890/1890 1867/1867/1867 
f 1867/1867/1867 1890/1890/1890 1891/1891/1891 
f 1890/1890/1890 1892/1892/1892 1891/1891/1891 
f 1891/1891/1891 1892/1892/1892 1869/1869/1869 
f 1892/1892/1892 1893/1893/1893 1869/1869/1869 
f 1869/1869/1869 1893/1893/1893 1871/1871/1871 
f 1893/1893/1893 1894/1894/1894 1871/1871/1871 
f 1871/1871/1871 1894/1894/1894 1895/1895/1895 
f 1894/1894/1894 1896/1896/1896 1895/1895/1895 
f 1895/1895/1895 1896/1896/1896 1873/1873/1873 
f 1896/1896/1896 1897/1897/1897 1873/1873/1873 
f 1873/1873/1873 1897/1897/1897 1875/1875/1875 
f 1897/1897/1897 1898/1898/1898 1875/1875/1875 
f 1875/1875/1875 1898/1898/1898 1899/1899/1899 
f 1898/1898/1898 1900/1900/1900 1899/1899/1899 
f 1899/1899/1899 1900/1900/1900 1877/1877/1877 
f 1900/1900/1900 1901/1901/1901 1877/1877/1877 
f 1877/1877/1877 1901/1901/1901 1879/1879/1879 
f 1901/1901/1901 1900/1900/1900 1879/1879/1879 
f 1879/1879/1879 1900/1900/1900 1902/1902/1902 
f 1900/1900/1900 1840/1840/1840 1902/1902/1902 
f 1902/1902/1902 1840/1840/1840 1838/1838/1838 
f 1840/1840/1840 1839/1839/1839 1838/1838/1838 
f 1838/1838/1838 1839/1839/1839 1839/1839/1839 
f 1839/1839/1839 1882/1882/1882 1839/1839/1839 
f 1839/1839/1839 1882/1882/1882 1882/1882/1882 
f 1882/1882/1882 1903/1903/1903 1882/1882/1882 
f 1882/1882/1882 1903/1903/1903 1884/1884/1884 
f 1903/1903/1903 1904/1904/1904 1884/1884/1884 
f 1884/1884/1884 1904/1904/1904 1905/1905/1905 
f 1904/1904/1904 1854/1854/1854 1905/1905/1905 
f 1905/1905/1905 1854/1854/1854 1886/1886/1886 
f 1854/1854/1854 1906/1906/1906 1886/1886/1886 
f 1886/1886/1886 1906/1906/1906 1888/1888/1888 
f 1906/1906/1906 1852/1852/1852 1888/1888/1888 
f 1888/1888/1888 1852/1852/1852 1907/1907/1907 
f 1852/1852/1852 1850/1850/1850 1907/1907/1907 
f 1907/1907/1907 1850/1850/1850 1890/1890/1890 
f 1850/1850/1850 1908/1908/1908 1890/1890/1890 
f 1890/1890/1890 1908/1908/1908 1892/1892/1892 
f 1908/1908/1908 1848/1848/1848 1892/1892/1892 
f 1892/1892/1892 1848/1848/1848 1909/1909/1909 
f 1848/1848/1848 1846/1846/1846 1909/1909/1909 
f 1909/1909/1909 1846/1846/1846 1894/1894/1894 
f 1846/1846/1846 1910/1910/1910 1894/1894/1894 
f 1894/1894/1894 1910/1910/1910 1896/1896/1896 
f 1910/1910/1910 1844/1844/1844 1896/1896/1896 
f 1896/1896/1896 1844/1844/1844 1911/1911/1911 
f 1844/1844/1844 1842/1842/1842 1911/1911/1911 
f 1911/1911/1911 1842/1842/1842 1898/1898/1898 
f 1842/1842/1842 1912/1912/1912 1898/1898/1898 
f 1898/1898/1898 1912/1912/1912 1900/1900/1900 
f 1912/1912/1912 1840/1840/1840 1900/1900/1900 
f 1900/1900/1900 1840/1840/1840 1840/1840/1840 
f 1840/1840/1840 1911/1911/1911 1840/1840/1840 
f 1840/1840/1840 1911/1911/1911 1911/1911/1911 
f 1911/1911/1911 1898/1898/1898 1911/1911/1911 
f 1911/1911/1911 1898/1898/1898 1896/1896/1896 
f 1898/1898/1898 1897/1897/1897 1896/1896/1896 
f 1896/1896/1896 1897/1897/1897 1897/1897/1897 
f 1897/1897/1897 1786/1786/1786 1897/1897/1897 
f 1897/1897/1897 1786/1786/1786 1786/1786/1786 
f 1786/1786/1786 1764/1764/1764 1786/1786/1786 
f 1786/1786/1786 1764/1764/1764 1762/1762/1762 
f 1764/1764/1764 1763/1763/1763 1762/1762/1762 
f 1762/1762/1762 1763/1763/1763 1763/1763/1763 
f 1763/1763/1763 1872/1872/1872 1763/1763/1763 
f 1763/1763/1763 1872/1872/1872 1872/1872/1872 
f 1872/1872/1872 1871/1871/1871 1872/1872/1872 
f 1872/1872/1872 1871/1871/1871 1873/1873/1873 
f 1871/1871/1871 1895/1895/1895 1873/1873/1873 
f 1873/1873/1873 1895/1895/1895 1895/1895/1895 
f 1895/1895/1895 1640/1640/1640 1895/1895/1895 
f 1895/1895/1895 1640/1640/1640 1640/1640/1640 
f 1640/1640/1640 1538/1538/1538 1640/1640/1640 
f 1640/1640/1640 1538/1538/1538 1542/1542/1542 
f 1538/1538/1538 1540/1540/1540 1542/1542/1542 
f 1542/1542/1542 1540/1540/1540 1540/1540/1540 
f 1540/1540/1540 1773/1773/1773 1540/1540/1540 
f 1540/1540/1540 1773/1773/1773 1773/1773/1773 
f 1773/1773/1773 1727/1727/1727 1773/1773/1773 
f 1773/1773/1773 1727/1727/1727 1725/1725/1725 
f 1727/1727/1727 1726/1726/1726 1725/1725/1725 
f 1725/1725/1725 1726/1726/1726 1726/1726/1726 
f 1726/1726/1726 1905/1905/1905 1726/1726/1726 
f 1726/1726/1726 1905/1905/1905 1905/1905/1905 
f 1905/1905/1905 1886/1886/1886 1905/1905/1905 
f 1905/1905/1905 1886/1886/1886 1884/1884/1884 
f 1886/1886/1886 1885/1885/1885 1884/1884/1884 
f 1884/1884/1884 1885/1885/1885 1885/1885/1885 
f 1885/1885/1885 1670/1670/1670 1885/1885/1885 
f 1885/1885/1885 1670/1670/1670 1670/1670/1670 
f 1670/1670/1670 1623/1623/1623 1670/1670/1670 
f 1670/1670/1670 1623/1623/1623 1621/1621/1621 
f 1623/1623/1623 1622/1622/1622 1621/1621/1621 
f 1621/1621/1621 1622/1622/1622 1622/1622/1622 
f 1622/1622/1622 1909/1909/1909 1622/1622/1622 
f 1622/1622/1622 1909/1909/1909 1909/1909/1909 
f 1909/1909/1909 1894/1894/1894 1909/1909/1909 
f 1909/1909/1909 1894/1894/1894 1892/1892/1892 
f 1894/1894/1894 1893/1893/1893 1892/1892/1892 
f 1892/1892/1892 1893/1893/1893 1893/1893/1893 
f 1893/1893/1893 1672/1672/1672 1893/1893/1893 
f 1893/1893/1893 1672/1672/1672 1672/1672/1672 
f 1672/1672/1672 1671/1671/1671 1672/1672/1672 
f 1672/1672/1672 1671/1671/1671 1673/1673/1673 
f 1671/1671/1671 1720/1720/1720 1673/1673/1673 
f 1673/1673/1673 1720/1720/1720 1720/1720/1720 
f 1720/1720/1720 1769/1769/1769 1720/1720/1720 
f 1720/1720/1720 1769/1769/1769 1769/1769/1769 
f 1769/1769/1769 1723/1723/1723 1769/1769/1769 
f 1769/1769/1769 1723/1723/1723 1721/1721/1721 
f 1723/1723/1723 1722/1722/1722 1721/1721/1721 
f 1721/1721/1721 1722/1722/1722 1722/1722/1722 
f 1722/1722/1722 1630/1630/1630 1722/1722/1722 
f 1722/1722/1722 1630/1630/1630 1630/1630/1630 
f 1630/1630/1630 1629/1629/1629 1630/1630/1630 
f 1630/1630/1630 1629/1629/1629 1631/1631/1631 
f 1629/1629/1629 1678/1678/1678 1631/1631/1631 
f 1631/1631/1631 1678/1678/1678 1678/1678/1678 
f 1678/1678/1678 1771/1771/1771 1678/1678/1678 
f 1678/1678/1678 1771/1771/1771 1771/1771/1771 
f 1771/1771/1771 1770/1770/1770 1771/1771/1771 
f 1771/1771/1771 1770/1770/1770 1772/1772/1772 
f 1770/1770/1770 1794/1794/1794 1772/1772/1772 
f 1772/1772/1772 1794/1794/1794 1794/1794/1794 
f 1794/1794/1794 1664/1664/1664 1794/1794/1794 
f 1794/1794/1794 1664/1664/1664 1664/1664/1664 
f 1664/1664/1664 1663/1663/1663 1664/1664/1664 
f 1664/1664/1664 1663/1663/1663 1665/1665/1665 
f 1663/1663/1663 1712/1712/1712 1665/1665/1665 
f 1665/1665/1665 1712/1712/1712 1712/1712/1712 
f 1712/1712/1712 1812/1812/1812 1712/1712/1712 
f 1712/1712/1712 1812/1812/1812 1812/1812/1812 
f 1812/1812/1812 1811/1811/1811 1812/1812/1812 
f 1812/1812/1812 1811/1811/1811 1813/1813/1813 
f 1811/1811/1811 1858/1858/1858 1813/1813/1813 
f 1813/1813/1813 1858/1858/1858 1858/1858/1858 
f 1858/1858/1858 1684/1684/1684 1858/1858/1858 
f 1858/1858/1858 1684/1684/1684 1684/1684/1684 
f 1684/1684/1684 1683/1683/1683 1684/1684/1684 
f 1684/1684/1684 1683/1683/1683 1685/1685/1685 
f 1683/1683/1683 1731/1731/1731 1685/1685/1685 
f 1685/1685/1685 1731/1731/1731 1731/1731/1731 
f 1731/1731/1731 1775/1775/1775 1731/1731/1731 
f 1731/1731/1731 1775/1775/1775 1775/1775/1775 
f 1775/1775/1775 1774/1774/1774 1775/1775/1775 
f 1775/1775/1775 1774/1774/1774 1732/1732/1732 
f 1774/1774/1774 1797/1797/1797 1732/1732/1732 
f 1732/1732/1732 1797/1797/1797 1797/1797/1797 
f 1797/1797/1797 1608/1608/1608 1797/1797/1797 
f 1797/1797/1797 1608/1608/1608 1608/1608/1608 
f 1608/1608/1608 1586/1586/1586 1608/1608/1608 
f 1608/1608/1608 1586/1586/1586 1590/1590/1590 
f 1586/1586/1586 1588/1588/1588 1590/1590/1590 
f 1590/1590/1590 1588/1588/1588 1588/1588/1588 
f 1588/1588/1588 1714/1714/1714 1588/1588/1588 
f 1588/1588/1588 1714/1714/1714 1714/1714/1714 
f 1714/1714/1714 1713/1713/1713 1714/1714/1714 
f 1714/1714/1714 1713/1713/1713 1715/1715/1715 
f 1713/1713/1713 1761/1761/1761 1715/1715/1715 
f 1715/1715/1715 1761/1761/1761 1761/1761/1761 
f 1761/1761/1761 1610/1610/1610 1761/1761/1761 
f 1761/1761/1761 1610/1610/1610 1610/1610/1610 
f 1610/1610/1610 1609/1609/1609 1610/1610/1610 
f 1610/1610/1610 1609/1609/1609 1611/1611/1611 
f 1609/1609/1609 1658/1658/1658 1611/1611/1611 
f 1611/1611/1611 1658/1658/1658 1658/1658/1658 
f 1658/1658/1658 1780/1780/1780 1658/1658/1658 
f 1658/1658/1658 1780/1780/1780 1780/1780/1780 
f 1780/1780/1780 1779/1779/1779 1780/1780/1780 
f 1780/1780/1780 1779/1779/1779 1781/1781/1781 
f 1779/1779/1779 1800/1800/1800 1781/1781/1781 
f 1781/1781/1781 1800/1800/1800 1800/1800/1800 
f 1800/1800/1800 1636/1636/1636 1800/1800/1800 
f 1800/1800/1800 1636/1636/1636 1636/1636/1636 
f 1636/1636/1636 1544/1544/1544 1636/1636/1636 
f 1636/1636/1636 1544/1544/1544 1548/1548/1548 
f 1544/1544/1544 1546/1546/1546 1548/1548/1548 
f 1548/1548/1548 1546/1546/1546 1546/1546/1546 
f 1546/1546/1546 1820/1820/1820 1546/1546/1546 
f 1546/1546/1546 1820/1820/1820 1820/1820/1820 
f 1820/1820/1820 1819/1819/1819 1820/1820/1820 
f 1820/1820/1820 1819/1819/1819 1821/1821/1821 
f 1819/1819/1819 1866/1866/1866 1821/1821/1821 
f 1821/1821/1821 1866/1866/1866 1866/1866/1866 
f 1866/1866/1866 1570/1570/1570 1866/1866/1866 
f 1866/1866/1866 1570/1570/1570 1570/1570/1570 
f 1570/1570/1570 1572/1572/1572 1570/1570/1570 
f 1570/1570/1570 1572/1572/1572 1568/1568/1568 
f 1572/1572/1572 1620/1620/1620 1568/1568/1568 
f 1568/1568/1568 1620/1620/1620 1620/1620/1620 
f 1620/1620/1620 1552/1552/1552 1620/1620/1620 
f 1620/1620/1620 1552/1552/1552 1552/1552/1552 
f 1552/1552/1552 1554/1554/1554 1552/1552/1552 
f 1552/1552/1552 1554/1554/1554 1550/1550/1550 
f 1554/1554/1554 1632/1632/1632 1550/1550/1550 
f 1550/1550/1550 1632/1632/1632 1632/1632/1632 
f 1632/1632/1632 1698/1698/1698 1632/1632/1632 
f 1632/1632/1632 1698/1698/1698 1698/1698/1698 
f 1698/1698/1698 1700/1700/1700 1698/1698/1698 
f 1698/1698/1698 1700/1700/1700 1649/1649/1649 
f 1700/1700/1700 1651/1651/1651 1649/1649/1649 
f 1649/1649/1649 1651/1651/1651 1651/1651/1651 
f 1651/1651/1651 1648/1648/1648 1651/1651/1651 
f 1651/1651/1651 1648/1648/1648 1648/1648/1648 
f 1648/1648/1648 1650/1650/1650 1648/1648/1648 
f 1648/1648/1648 1650/1650/1650 1530/1530/1530 
f 1650/1650/1650 1528/1528/1528 1530/1530/1530 
f 1530/1530/1530 1528/1528/1528 1528/1528/1528 
f 1528/1528/1528 1778/1778/1778 1528/1528/1528 
f 1528/1528/1528 1778/1778/1778 1778/1778/1778 
f 1778/1778/1778 1756/1756/1756 1778/1778/1778 
f 1778/1778/1778 1756/1756/1756 1754/1754/1754 
f 1756/1756/1756 1755/1755/1755 1754/1754/1754 
f 1754/1754/1754 1755/1755/1755 1755/1755/1755 
f 1755/1755/1755 1704/1704/1704 1755/1755/1755 
f 1755/1755/1755 1704/1704/1704 1704/1704/1704 
f 1704/1704/1704 1657/1657/1657 1704/1704/1704 
f 1704/1704/1704 1657/1657/1657 1655/1655/1655 
f 1657/1657/1657 1656/1656/1656 1655/1655/1655 
f 1655/1655/1655 1656/1656/1656 1656/1656/1656 
f 1656/1656/1656 1638/1638/1638 1656/1656/1656 
f 1656/1656/1656 1638/1638/1638 1638/1638/1638 
f 1638/1638/1638 1637/1637/1637 1638/1638/1638 
f 1638/1638/1638 1637/1637/1637 1639/1639/1639 
f 1637/1637/1637 1686/1686/1686 1639/1639/1639 
f 1639/1639/1639 1686/1686/1686 1686/1686/1686 
f 1686/1686/1686 1708/1708/1708 1686/1686/1686 
f 1686/1686/1686 1708/1708/1708 1708/1708/1708 
f 1708/1708/1708 1661/1661/1661 1708/1708/1708 
f 1708/1708/1708 1661/1661/1661 1659/1659/1659 
f 1661/1661/1661 1660/1660/1660 1659/1659/1659 
f 1659/1659/1659 1660/1660/1660 1660/1660/1660 
f 1660/1660/1660 1753/1753/1753 1660/1660/1660 
f 1660/1660/1660 1753/1753/1753 1753/1753/1753 
f 1753/1753/1753 1707/1707/1707 1753/1753/1753 
f 1753/1753/1753 1707/1707/1707 1705/1705/1705 
f 1707/1707/1707 1706/1706/1706 1705/1705/1705 
f 1705/1705/1705 1706/1706/1706 1706/1706/1706 
f 1706/1706/1706 1644/1644/1644 1706/1706/1706 
f 1706/1706/1706 1644/1644/1644 1644/1644/1644 
f 1644/1644/1644 1532/1532/1532 1644/1644/1644 
f 1644/1644/1644 1532/1532/1532 1536/1536/1536 
f 1532/1532/1532 1534/1534/1534 1536/1536/1536 
f 1536/1536/1536 1534/1534/1534 1534/1534/1534 
f 1534/1534/1534 1784/1784/1784 1534/1534/1534 
f 1534/1534/1534 1784/1784/1784 1784/1784/1784 
f 1784/1784/1784 1783/1783/1783 1784/1784/1784 
f 1784/1784/1784 1783/1783/1783 1785/1785/1785 
f 1783/1783/1783 1802/1802/1802 1785/1785/1785 
f 1785/1785/1785 1802/1802/1802 1802/1802/1802 
f 1802/1802/1802 1666/1666/1666 1802/1802/1802 
f 1802/1802/1802 1666/1666/1666 1666/1666/1666 
f 1666/1666/1666 1619/1619/1619 1666/1666/1666 
f 1666/1666/1666 1619/1619/1619 1617/1617/1617 
f 1619/1619/1619 1618/1618/1618 1617/1617/1617 
f 1617/1617/1617 1618/1618/1618 1618/1618/1618 
f 1618/1618/1618 1765/1765/1765 1618/1618/1618 
f 1618/1618/1618 1765/1765/1765 1765/1765/1765 
f 1765/1765/1765 1719/1719/1719 1765/1765/1765 
f 1765/1765/1765 1719/1719/1719 1717/1717/1717 
f 1719/1719/1719 1718/1718/1718 1717/1717/1717 
f 1717/1717/1717 1718/1718/1718 1718/1718/1718 
f 1718/1718/1718 1735/1735/1735 1718/1718/1718 
f 1718/1718/1718 1735/1735/1735 1735/1735/1735 
f 1735/1735/1735 1689/1689/1689 1735/1735/1735 
f 1735/1735/1735 1689/1689/1689 1687/1687/1687 
f 1689/1689/1689 1688/1688/1688 1687/1687/1687 
f 1687/1687/1687 1688/1688/1688 1688/1688/1688 
f 1688/1688/1688 1696/1696/1696 1688/1688/1688 
f 1688/1688/1688 1696/1696/1696 1696/1696/1696 
f 1696/1696/1696 1695/1695/1695 1696/1696/1696 
f 1696/1696/1696 1695/1695/1695 1697/1697/1697 
f 1695/1695/1695 1743/1743/1743 1697/1697/1697 
f 1697/1697/1697 1743/1743/1743 1743/1743/1743 
f 1743/1743/1743 1582/1582/1582 1743/1743/1743 
f 1743/1743/1743 1582/1582/1582 1582/1582/1582 
f 1582/1582/1582 1584/1584/1584 1582/1582/1582 
f 1582/1582/1582 1584/1584/1584 1580/1580/1580 
f 1584/1584/1584 1612/1612/1612 1580/1580/1580 
f 1580/1580/1580 1612/1612/1612 1612/1612/1612 
f 1612/1612/1612 1757/1757/1757 1612/1612/1612 
f 1612/1612/1612 1757/1757/1757 1757/1757/1757 
f 1757/1757/1757 1711/1711/1711 1757/1757/1757 
f 1757/1757/1757 1711/1711/1711 1709/1709/1709 
f 1711/1711/1711 1710/1710/1710 1709/1709/1709 
f 1709/1709/1709 1710/1710/1710 1710/1710/1710 
f 1710/1710/1710 1624/1624/1624 1710/1710/1710 
f 1710/1710/1710 1624/1624/1624 1624/1624/1624 
f 1624/1624/1624 1562/1562/1562 1624/1624/1624 
f 1624/1624/1624 1562/1562/1562 1566/1566/1566 
f 1562/1562/1562 1564/1564/1564 1566/1566/1566 
f 1566/1566/1566 1564/1564/1564 1564/1564/1564 
f 1564/1564/1564 1604/1604/1604 1564/1564/1564 
f 1564/1564/1564 1604/1604/1604 1604/1604/1604 
f 1604/1604/1604 1592/1592/1592 1604/1604/1604 
f 1604/1604/1604 1592/1592/1592 1596/1596/1596 
f 1592/1592/1592 1594/1594/1594 1596/1596/1596 
f 1596/1596/1596 1594/1594/1594 1594/1594/1594 
f 1594/1594/1594 1682/1682/1682 1594/1594/1594 
f 1594/1594/1594 1682/1682/1682 1682/1682/1682 
f 1682/1682/1682 1635/1635/1635 1682/1682/1682 
f 1682/1682/1682 1635/1635/1635 1633/1633/1633 
f 1635/1635/1635 1634/1634/1634 1633/1633/1633 
f 1633/1633/1633 1634/1634/1634 1634/1634/1634 
f 1634/1634/1634 1728/1728/1728 1634/1634/1634 
f 1634/1634/1634 1728/1728/1728 1728/1728/1728 
f 1728/1728/1728 1681/1681/1681 1728/1728/1728 
f 1728/1728/1728 1681/1681/1681 1679/1679/1679 
f 1681/1681/1681 1680/1680/1680 1679/1679/1679 
f 1679/1679/1679 1680/1680/1680 1680/1680/1680 
f 1680/1680/1680 1606/1606/1606 1680/1680/1680 
f 1680/1680/1680 1606/1606/1606 1606/1606/1606 
f 1606/1606/1606 1605/1605/1605 1606/1606/1606 
f 1606/1606/1606 1605/1605/1605 1607/1607/1607 
f 1605/1605/1605 1654/1654/1654 1607/1607/1607 
f 1607/1607/1607 1654/1654/1654 1654/1654/1654 
f 1654/1654/1654 1701/1701/1701 1654/1654/1654 
f 1654/1654/1654 1701/1701/1701 1701/1701/1701 
f 1701/1701/1701 1699/1699/1699 1701/1701/1701 
f 1701/1701/1701 1699/1699/1699 1749/1749/1749 
f 1699/1699/1699 1747/1747/1747 1749/1749/1749 
f 1749/1749/1749 1747/1747/1747 1747/1747/1747 
f 1747/1747/1747 1628/1628/1628 1747/1747/1747 
f 1747/1747/1747 1628/1628/1628 1628/1628/1628 
f 1628/1628/1628 1556/1556/1556 1628/1628/1628 
f 1628/1628/1628 1556/1556/1556 1560/1560/1560 
f 1556/1556/1556 1558/1558/1558 1560/1560/1560 
f 1560/1560/1560 1558/1558/1558 1558/1558/1558 
f 1558/1558/1558 1874/1874/1874 1558/1558/1558 
f 1558/1558/1558 1874/1874/1874 1874/1874/1874 
f 1874/1874/1874 1829/1829/1829 1874/1874/1874 
f 1874/1874/1874 1829/1829/1829 1827/1827/1827 
f 1829/1829/1829 1828/1828/1828 1827/1827/1827 
f 1827/1827/1827 1828/1828/1828 1828/1828/1828 
f 1828/1828/1828 1646/1646/1646 1828/1828/1828 
f 1828/1828/1828 1646/1646/1646 1646/1646/1646 
f 1646/1646/1646 1645/1645/1645 1646/1646/1646 
f 1646/1646/1646 1645/1645/1645 1647/1647/1647 
f 1645/1645/1645 1694/1694/1694 1647/1647/1647 
f 1647/1647/1647 1694/1694/1694 1694/1694/1694 
f 1694/1694/1694 1788/1788/1788 1694/1694/1694 
f 1694/1694/1694 1788/1788/1788 1788/1788/1788 
f 1788/1788/1788 1787/1787/1787 1788/1788/1788 
f 1788/1788/1788 1787/1787/1787 1789/1789/1789 
f 1787/1787/1787 1804/1804/1804 1789/1789/1789 
f 1789/1789/1789 1804/1804/1804 1804/1804/1804 
f 1804/1804/1804 1668/1668/1668 1804/1804/1804 
f 1804/1804/1804 1668/1668/1668 1668/1668/1668 
f 1668/1668/1668 1667/1667/1667 1668/1668/1668 
f 1668/1668/1668 1667/1667/1667 1669/1669/1669 
f 1667/1667/1667 1716/1716/1716 1669/1669/1669 
f 1669/1669/1669 1716/1716/1716 1716/1716/1716 
f 1716/1716/1716 1870/1870/1870 1716/1716/1716 
f 1716/1716/1716 1870/1870/1870 1870/1870/1870 
f 1870/1870/1870 1825/1825/1825 1870/1870/1870 
f 1870/1870/1870 1825/1825/1825 1823/1823/1823 
f 1825/1825/1825 1824/1824/1824 1823/1823/1823 
f 1823/1823/1823 1824/1824/1824 1824/1824/1824 
f 1824/1824/1824 1614/1614/1614 1824/1824/1824 
f 1824/1824/1824 1614/1614/1614 1614/1614/1614 
f 1614/1614/1614 1613/1613/1613 1614/1614/1614 
f 1614/1614/1614 1613/1613/1613 1615/1615/1615 
f 1613/1613/1613 1662/1662/1662 1615/1615/1615 
f 1615/1615/1615 1662/1662/1662 1662/1662/1662 
f 1662/1662/1662 1767/1767/1767 1662/1662/1662 
f 1662/1662/1662 1767/1767/1767 1767/1767/1767 
f 1767/1767/1767 1766/1766/1766 1767/1767/1767 
f 1767/1767/1767 1766/1766/1766 1768/1768/1768 
f 1766/1766/1766 1790/1790/1790 1768/1768/1768 
f 1768/1768/1768 1790/1790/1790 1790/1790/1790 
f 1790/1790/1790 1860/1860/1860 1790/1790/1790 
f 1790/1790/1790 1860/1860/1860 1860/1860/1860 
f 1860/1860/1860 1859/1859/1859 1860/1860/1860 
f 1860/1860/1860 1859/1859/1859 1861/1861/1861 
f 1859/1859/1859 1883/1883/1883 1861/1861/1861 
f 1861/1861/1861 1883/1883/1883 1883/1883/1883 
f 1883/1883/1883 1899/1899/1899 1883/1883/1883 
f 1883/1883/1883 1899/1899/1899 1899/1899/1899 
f 1899/1899/1899 1877/1877/1877 1899/1899/1899 
f 1899/1899/1899 1877/1877/1877 1875/1875/1875 
f 1877/1877/1877 1876/1876/1876 1875/1875/1875 
f 1875/1875/1875 1876/1876/1876 1876/1876/1876 
f 1876/1876/1876 1576/1576/1576 1876/1876/1876 
f 1876/1876/1876 1576/1576/1576 1576/1576/1576 
f 1576/1576/1576 1578/1578/1578 1576/1576/1576 
f 1576/1576/1576 1578/1578/1578 1574/1574/1574 
f 1578/1578/1578 1616/1616/1616 1574/1574/1574 
f 1574/1574/1574 1616/1616/1616 1616/1616/1616 
f 1616/1616/1616 1891/1891/1891 1616/1616/1616 
f 1616/1616/1616 1891/1891/1891 1891/1891/1891 
f 1891/1891/1891 1869/1869/1869 1891/1891/1891 
f 1891/1891/1891 1869/1869/1869 1867/1867/1867 
f 1869/1869/1869 1868/1868/1868 1867/1867/1867 
f 1867/1867/1867 1868/1868/1868 1868/1868/1868 
f 1868/1868/1868 1690/1690/1690 1868/1868/1868 
f 1868/1868/1868 1690/1690/1690 1690/1690/1690 
f 1690/1690/1690 1643/1643/1643 1690/1690/1690 
f 1690/1690/1690 1643/1643/1643 1641/1641/1641 
f 1643/1643/1643 1642/1642/1642 1641/1641/1641 
f 1641/1641/1641 1642/1642/1642 1642/1642/1642 
f 1642/1642/1642 1692/1692/1692 1642/1642/1642 
f 1642/1642/1642 1692/1692/1692 1692/1692/1692 
f 1692/1692/1692 1691/1691/1691 1692/1692/1692 
f 1692/1692/1692 1691/1691/1691 1693/1693/1693 
f 1691/1691/1691 1739/1739/1739 1693/1693/1693 
f 1693/1693/1693 1739/1739/1739 1739/1739/1739 
f 1739/1739/1739 1626/1626/1626 1739/1739/1739 
f 1739/1739/1739 1626/1626/1626 1626/1626/1626 
f 1626/1626/1626 1625/1625/1625 1626/1626/1626 
f 1626/1626/1626 1625/1625/1625 1627/1627/1627 
f 1625/1625/1625 1674/1674/1674 1627/1627/1627 
f 1627/1627/1627 1674/1674/1674 1674/1674/1674 
f 1674/1674/1674 1676/1676/1676 1674/1674/1674 
f 1674/1674/1674 1676/1676/1676 1676/1676/1676 
f 1676/1676/1676 1675/1675/1675 1676/1676/1676 
f 1676/1676/1676 1675/1675/1675 1677/1677/1677 
f 1675/1675/1675 1724/1724/1724 1677/1677/1677 
f 1677/1677/1677 1724/1724/1724 1724/1724/1724 
f 1724/1724/1724 1880/1880/1880 1724/1724/1724 
f 1724/1724/1724 1880/1880/1880 1880/1880/1880 
f 1880/1880/1880 1879/1879/1879 1880/1880/1880 
f 1880/1880/1880 1879/1879/1879 1838/1838/1838 
f 1879/1879/1879 1902/1902/1902 1838/1838/1838 
f 1838/1838/1838 1902/1902/1902 1902/1902/1902 
f 1902/1902/1902 1782/1782/1782 1902/1902/1902 
f 1902/1902/1902 1782/1782/1782 1782/1782/1782 
f 1782/1782/1782 1760/1760/1760 1782/1782/1782 
f 1782/1782/1782 1760/1760/1760 1758/1758/1758 
f 1760/1760/1760 1759/1759/1759 1758/1758/1758 
f 1758/1758/1758 1759/1759/1759 1759/1759/1759 
f 1759/1759/1759 1816/1816/1816 1759/1759/1759 
f 1759/1759/1759 1816/1816/1816 1816/1816/1816 
f 1816/1816/1816 1815/1815/1815 1816/1816/1816 
f 1816/1816/1816 1815/1815/1815 1817/1817/1817 
f 1815/1815/1815 1862/1862/1862 1817/1817/1817 
f 1817/1817/1817 1862/1862/1862 1862/1862/1862 
f 1862/1862/1862 1864/1864/1864 1862/1862/1862 
f 1862/1862/1862 1864/1864/1864 1864/1864/1864 
f 1864/1864/1864 1863/1863/1863 1864/1864/1864 
f 1864/1864/1864 1863/1863/1863 1865/1865/1865 
f 1863/1863/1863 1887/1887/1887 1865/1865/1865 
f 1865/1865/1865 1887/1887/1887 1887/1887/1887 
f 1887/1887/1887 1832/1832/1832 1887/1887/1887 
f 1887/1887/1887 1832/1832/1832 1832/1832/1832 
f 1832/1832/1832 1831/1831/1831 1832/1832/1832 
f 1832/1832/1832 1831/1831/1831 1833/1833/1833 
f 1831/1831/1831 1878/1878/1878 1833/1833/1833 
f 1833/1833/1833 1878/1878/1878 1878/1878/1878 
f 1878/1878/1878 1889/1889/1889 1878/1878/1878 
f 1878/1878/1878 1889/1889/1889 1889/1889/1889 
f 1889/1889/1889 1888/1888/1888 1889/1889/1889 
f 1889/1889/1889 1888/1888/1888 1890/1890/1890 
f 1888/1888/1888 1907/1907/1907 1890/1890/1890 
f 1890/1890/1890 1907/1907/1907 1907/1907/1907 
f 1907/1907/1907 1913/1913/1913 1907/1907/1907 
f 1907/1907/1907 1913/1913/1913 1913/1913/1913 
f 1913/1913/1913 1914/1914/1914 1913/1913/1913 
f 1913/1913/1913 1914/1914/1914 1915/1915/1915 
f 1914/1914/1914 1916/1916/1916 1915/1915/1915 
f 1915/1915/1915 1916/1916/1916 1917/1917/1917 
f 1916/1916/1916 1918/1918/1918 1917/1917/1917 
f 1917/1917/1917 1918/1918/1918 1919/1919/1919 
f 1918/1918/1918 1920/1920/1920 1919/1919/1919 
f 1919/1919/1919 1920/1920/1920 1921/1921/1921 
f 1920/1920/1920 1922/1922/1922 1921/1921/1921 
f 1921/1921/1921 1922/1922/1922 1923/1923/1923 
f 1922/1922/1922 1924/1924/1924 1923/1923/1923 
f 1923/1923/1923 1924/1924/1924 1925/1925/1925 
f 1924/1924/1924 1926/1926/1926 1925/1925/1925 
f 1925/1925/1925 1926/1926/1926 1927/1927/1927 
f 1926/1926/1926 1928/1928/1928 1927/1927/1927 
f 1927/1927/1927 1928/1928/1928 1929/1929/1929 
f 1928/1928/1928 1930/1930/1930 1929/1929/1929 
f 1929/1929/1929 1930/1930/1930 1931/1931/1931 
f 1930/1930/1930 1932/1932/1932 1931/1931/1931 
f 1931/1931/1931 1932/1932/1932 1933/1933/1933 
f 1932/1932/1932 1934/1934/1934 1933/1933/1933 
f 1933/1933/1933 1934/1934/1934 1935/1935/1935 
f 1934/1934/1934 1936/1936/1936 1935/1935/1935 
f 1935/1935/1935 1936/1936/1936 1937/1937/1937 
f 1936/1936/1936 1938/1938/1938 1937/1937/1937 
f 1937/1937/1937 1938/1938/1938 1939/1939/1939 
f 1938/1938/1938 1940/1940/1940 1939/1939/1939 
f 1939/1939/1939 1940/1940/1940 1941/1941/1941 
f 1940/1940/1940 1942/1942/1942 1941/1941/1941 
f 1941/1941/1941 1942/1942/1942 1943/1943/1943 
f 1942/1942/1942 1944/1944/1944 1943/1943/1943 
f 1943/1943/1943 1944/1944/1944 1944/1944/1944 
f 1944/1944/1944 1941/1941/1941 1944/1944/1944 
f 1944/1944/1944 1941/1941/1941 1941/1941/1941 
f 1941/1941/1941 1945/1945/1945 1941/1941/1941 
f 1941/1941/1941 1945/1945/1945 1939/1939/1939 
f 1945/1945/1945 1946/1946/1946 1939/1939/1939 
f 1939/1939/1939 1946/1946/1946 1947/1947/1947 
f 1946/1946/1946 1948/1948/1948 1947/1947/1947 
f 1947/1947/1947 1948/1948/1948 1935/1935/1935 
f 1948/1948/1948 1949/1949/1949 1935/1935/1935 
f 1935/1935/1935 1949/1949/1949 1933/1933/1933 
f 1949/1949/1949 1950/1950/1950 1933/1933/1933 
f 1933/1933/1933 1950/1950/1950 1951/1951/1951 
f 1950/1950/1950 1952/1952/1952 1951/1951/1951 
f 1951/1951/1951 1952/1952/1952 1929/1929/1929 
f 1952/1952/1952 1953/1953/1953 1929/1929/1929 
f 1929/1929/1929 1953/1953/1953 1927/1927/1927 
f 1953/1953/1953 1954/1954/1954 1927/1927/1927 
f 1927/1927/1927 1954/1954/1954 1955/1955/1955 
f 1954/1954/1954 1956/1956/1956 1955/1955/1955 
f 1955/1955/1955 1956/1956/1956 1923/1923/1923 
f 1956/1956/1956 1957/1957/1957 1923/1923/1923 
f 1923/1923/1923 1957/1957/1957 1921/1921/1921 
f 1957/1957/1957 1958/1958/1958 1921/1921/1921 
f 1921/1921/1921 1958/1958/1958 1959/1959/1959 
f 1958/1958/1958 1960/1960/1960 1959/1959/1959 
f 1959/1959/1959 1960/1960/1960 1917/1917/1917 
f 1960/1960/1960 1961/1961/1961 1917/1917/1917 
f 1917/1917/1917 1961/1961/1961 1915/1915/1915 
f 1961/1961/1961 1962/1962/1962 1915/1915/1915 
f 1915/1915/1915 1962/1962/1962 1963/1963/1963 
f 1962/1962/1962 1964/1964/1964 1963/1963/1963 
f 1963/1963/1963 1964/1964/1964 1965/1965/1965 
f 1964/1964/1964 1966/1966/1966 1965/1965/1965 
f 1965/1965/1965 1966/1966/1966 1966/1966/1966 
f 1966/1966/1966 1946/1946/1946 1966/1966/1966 
f 1966/1966/1966 1946/1946/1946 1946/1946/1946 
f 1946/1946/1946 1967/1967/1967 1946/1946/1946 
f 1946/1946/1946 1967/1967/1967 1948/1948/1948 
f 1967/1967/1967 1968/1968/1968 1948/1948/1948 
f 1948/1948/1948 1968/1968/1968 1969/1969/1969 
f 1968/1968/1968 1970/1970/1970 1969/1969/1969 
f 1969/1969/1969 1970/1970/1970 1950/1950/1950 
f 1970/1970/1970 1971/1971/1971 1950/1950/1950 
f 1950/1950/1950 1971/1971/1971 1952/1952/1952 
f 1971/1971/1971 1972/1972/1972 1952/1952/1952 
f 1952/1952/1952 1972/1972/1972 1973/1973/1973 
f 1972/1972/1972 1974/1974/1974 1973/1973/1973 
f 1973/1973/1973 1974/1974/1974 1954/1954/1954 
f 1974/1974/1974 1975/1975/1975 1954/1954/1954 
f 1954/1954/1954 1975/1975/1975 1956/1956/1956 
f 1975/1975/1975 1976/1976/1976 1956/1956/1956 
f 1956/1956/1956 1976/1976/1976 1977/1977/1977 
f 1976/1976/1976 1978/1978/1978 1977/1977/1977 
f 1977/1977/1977 1978/1978/1978 1958/1958/1958 
f 1978/1978/1978 1979/1979/1979 1958/1958/1958 
f 1958/1958/1958 1979/1979/1979 1960/1960/1960 
f 1979/1979/1979 1980/1980/1980 1960/1960/1960 
f 1960/1960/1960 1980/1980/1980 1981/1981/1981 
f 1980/1980/1980 1982/1982/1982 1981/1981/1981 
f 1981/1981/1981 1982/1982/1982 1962/1962/1962 
f 1982/1982/1982 1983/1983/1983 1962/1962/1962 
f 1962/1962/1962 1983/1983/1983 1964/1964/1964 
f 1983/1983/1983 1984/1984/1984 1964/1964/1964 
f 1964/1964/1964 1984/1984/1984 1985/1985/1985 
f 1984/1984/1984 1986/1986/1986 1985/1985/1985 
f 1985/1985/1985 1986/1986/1986 1987/1987/1987 
f 1986/1986/1986 1988/1988/1988 1987/1987/1987 
f 1987/1987/1987 1988/1988/1988 1988/1988/1988 
f 1988/1988/1988 1968/1968/1968 1988/1988/1988 
f 1988/1988/1988 1968/1968/1968 1968/1968/1968 
f 1968/1968/1968 1989/1989/1989 1968/1968/1968 
f 1968/1968/1968 1989/1989/1989 1970/1970/1970 
f 1989/1989/1989 1990/1990/1990 1970/1970/1970 
f 1970/1970/1970 1990/1990/1990 1991/1991/1991 
f 1990/1990/1990 1992/1992/1992 1991/1991/1991 
f 1991/1991/1991 1992/1992/1992 1972/1972/1972 
f 1992/1992/1992 1993/1993/1993 1972/1972/1972 
f 1972/1972/1972 1993/1993/1993 1974/1974/1974 
f 1993/1993/1993 1994/1994/1994 1974/1974/1974 
f 1974/1974/1974 1994/1994/1994 1995/1995/1995 
f 1994/1994/1994 1996/1996/1996 1995/1995/1995 
f 1995/1995/1995 1996/1996/1996 1976/1976/1976 
f 1996/1996/1996 1997/1997/1997 1976/1976/1976 
f 1976/1976/1976 1997/1997/1997 1978/1978/1978 
f 1997/1997/1997 1998/1998/1998 1978/1978/1978 
f 1978/1978/1978 1998/1998/1998 1999/1999/1999 
f 1998/1998/1998 2000/2000/2000 1999/1999/1999 
f 1999/1999/1999 2000/2000/2000 1980/1980/1980 
f 2000/2000/2000 2001/2001/2001 1980/1980/1980 
f 1980/1980/1980 2001/2001/2001 1982/1982/1982 
f 2001/2001/2001 2002/2002/2002 1982/1982/1982 
f 1982/1982/1982 2002/2002/2002 2003/2003/2003 
f 2002/2002/2002 2004/2004/2004 2003/2003/2003 
f 2003/2003/2003 2004/2004/2004 1984/1984/1984 
f 2004/2004/2004 2005/2005/2005 1984/1984/1984 
f 1984/1984/1984 2005/2005/2005 1986/1986/1986 
f 2005/2005/2005 2006/2006/2006 1986/1986/1986 
f 1986/1986/1986 2006/2006/2006 2007/2007/2007 
f 2006/2006/2006 2008/2008/2008 2007/2007/2007 
f 2007/2007/2007 2008/2008/2008 2009/2009/2009 
f 2008/2008/2008 2010/2010/2010 2009/2009/2009 
f 2009/2009/2009 2010/2010/2010 2010/2010/2010 
f 2010/2010/2010 1990/1990/1990 2010/2010/2010 
f 2010/2010/2010 1990/1990/1990 1990/1990/1990 
f 1990/1990/1990 2011/2011/2011 1990/1990/1990 
f 1990/1990/1990 2011/2011/2011 1992/1992/1992 
f 2011/2011/2011 2012/2012/2012 1992/1992/1992 
f 1992/1992/1992 2012/2012/2012 2013/2013/2013 
f 2012/2012/2012 2014/2014/2014 2013/2013/2013 
f 2013/2013/2013 2014/2014/2014 1994/1994/1994 
f 2014/2014/2014 2015/2015/2015 1994/1994/1994 
f 1994/1994/1994 2015/2015/2015 1996/1996/1996 
f 2015/2015/2015 2016/2016/2016 1996/1996/1996 
f 1996/1996/1996 2016/2016/2016 2017/2017/2017 
f 2016/2016/2016 2018/2018/2018 2017/2017/2017 
f 2017/2017/2017 2018/2018/2018 1998/1998/1998 
f 2018/2018/2018 2019/2019/2019 1998/1998/1998 
f 1998/1998/1998 2019/2019/2019 2000/2000/2000 
f 2019/2019/2019 2020/2020/2020 2000/2000/2000 
f 2000/2000/2000 2020/2020/2020 2021/2021/2021 
f 2020/2020/2020 2022/2022/2022 2021/2021/2021 
f 2021/2021/2021 2022/2022/2022 2002/2002/2002 
f 2022/2022/2022 2023/2023/2023 2002/2002/2002 
f 2002/2002/2002 2023/2023/2023 2004/2004/2004 
f 2023/2023/2023 2024/2024/2024 2004/2004/2004 
f 2004/2004/2004 2024/2024/2024 2025/2025/2025 
f 2024/2024/2024 2026/2026/2026 2025/2025/2025 
f 2025/2025/2025 2026/2026/2026 2006/2006/2006 
f 2026/2026/2026 2027/2027/2027 2006/2006/2006 
f 2006/2006/2006 2027/2027/2027 2008/2008/2008 
f 2027/2027/2027 2028/2028/2028 2008/2008/2008 
f 2008/2008/2008 2028/2028/2028 2029/2029/2029 
f 2028/2028/2028 2030/2030/2030 2029/2029/2029 
f 2029/2029/2029 2030/2030/2030 2031/2031/2031 
f 2030/2030/2030 2032/2032/2032 2031/2031/2031 
f 2031/2031/2031 2032/2032/2032 2032/2032/2032 
f 2032/2032/2032 2012/2012/2012 2032/2032/2032 
f 2032/2032/2032 2012/2012/2012 2012/2012/2012 
f 2012/2012/2012 2033/2033/2033 2012/2012/2012 
f 2012/2012/2012 2033/2033/2033 2014/2014/2014 
f 2033/2033/2033 2034/2034/2034 2014/2014/2014 
f 2014/2014/2014 2034/2034/2034 2035/2035/2035 
f 2034/2034/2034 2036/2036/2036 2035/2035/2035 
f 2035/2035/2035 2036/2036/2036 2016/2016/2016 
f 2036/2036/2036 2037/2037/2037 2016/2016/2016 
f 2016/2016/2016 2037/2037/2037 2018/2018/2018 
f 2037/2037/2037 2038/2038/2038 2018/2018/2018 
f 2018/2018/2018 2038/2038/2038 2039/2039/2039 
f 2038/2038/2038 2040/2040/2040 2039/2039/2039 
f 2039/2039/2039 2040/2040/2040 2020/2020/2020 
f 2040/2040/2040 2041/2041/2041 2020/2020/2020 
f 2020/2020/2020 2041/2041/2041 2022/2022/2022 
f 2041/2041/2041 2042/2042/2042 2022/2022/2022 
f 2022/2022/2022 2042/2042/2042 2043/2043/2043 
f 2042/2042/2042 2044/2044/2044 2043/2043/2043 
f 2043/2043/2043 2044/2044/2044 2024/2024/2024 
f 2044/2044/2044 2045/2045/2045 2024/2024/2024 
f 2024/2024/2024 2045/2045/2045 2026/2026/2026 
f 2045/2045/2045 2046/2046/2046 2026/2026/2026 
f 2026/2026/2026 2046/2046/2046 2047/2047/2047 
f 2046/2046/2046 2048/2048/2048 2047/2047/2047 
f 2047/2047/2047 2048/2048/2048 2028/2028/2028 
f 2048/2048/2048 2049/2049/2049 2028/2028/2028 
f 2028/2028/2028 2049/2049/2049 2030/2030/2030 
f 2049/2049/2049 2050/2050/2050 2030/2030/2030 
f 2030/2030/2030 2050/2050/2050 2051/2051/2051 
f 2050/2050/2050 2051/2051/2051 2051/2051/2051 
f 2051/2051/2051 2051/2051/2051 2034/2034/2034 
f 2051/2051/2051 2034/2034/2034 2034/2034/2034 
f 2034/2034/2034 2034/2034/2034 2034/2034/2034 
f 2034/2034/2034 2052/2052/2052 2034/2034/2034 
f 2034/2034/2034 2052/2052/2052 2036/2036/2036 
f 2052/2052/2052 2053/2053/2053 2036/2036/2036 
f 2036/2036/2036 2053/2053/2053 2054/2054/2054 
f 2053/2053/2053 2055/2055/2055 2054/2054/2054 
f 2054/2054/2054 2055/2055/2055 2038/2038/2038 
f 2055/2055/2055 2056/2056/2056 2038/2038/2038 
f 2038/2038/2038 2056/2056/2056 2040/2040/2040 
f 2056/2056/2056 2057/2057/2057 2040/2040/2040 
f 2040/2040/2040 2057/2057/2057 2058/2058/2058 
f 2057/2057/2057 2059/2059/2059 2058/2058/2058 
f 2058/2058/2058 2059/2059/2059 2042/2042/2042 
f 2059/2059/2059 2060/2060/2060 2042/2042/2042 
f 2042/2042/2042 2060/2060/2060 2044/2044/2044 
f 2060/2060/2060 2061/2061/2061 2044/2044/2044 
f 2044/2044/2044 2061/2061/2061 2062/2062/2062 
f 2061/2061/2061 2063/2063/2063 2062/2062/2062 
f 2062/2062/2062 2063/2063/2063 2046/2046/2046 
f 2063/2063/2063 2064/2064/2064 2046/2046/2046 
f 2046/2046/2046 2064/2064/2064 2048/2048/2048 
f 2064/2064/2064 2065/2065/2065 2048/2048/2048 
f 2048/2048/2048 2065/2065/2065 2066/2066/2066 
f 2065/2065/2065 2066/2066/2066 2066/2066/2066 
f 2066/2066/2066 2066/2066/2066 2053/2053/2053 
f 2066/2066/2066 2053/2053/2053 2053/2053/2053 
f 2053/2053/2053 2053/2053/2053 2053/2053/2053 
f 2053/2053/2053 2067/2067/2067 2053/2053/2053 
f 2053/2053/2053 2067/2067/2067 2055/2055/2055 
f 2067/2067/2067 2068/2068/2068 2055/2055/2055 
f 2055/2055/2055 2068/2068/2068 2069/2069/2069 
f 2068/2068/2068 2070/2070/2070 2069/2069/2069 
f 2069/2069/2069 2070/2070/2070 2057/2057/2057 
f 2070/2070/2070 2071/2071/2071 2057/2057/2057 
f 2057/2057/2057 2071/2071/2071 2059/2059/2059 
f 2071/2071/2071 2072/2072/2072 2059/2059/2059 
f 2059/2059/2059 2072/2072/2072 2073/2073/2073 
f 2072/2072/2072 2074/2074/2074 2073/2073/2073 
f 2073/2073/2073 2074/2074/2074 2061/2061/2061 
f 2074/2074/2074 2075/2075/2075 2061/2061/2061 
f 2061/2061/2061 2075/2075/2075 2063/2063/2063 
f 2075/2075/2075 2076/2076/2076 2063/2063/2063 
f 2063/2063/2063 2076/2076/2076 2077/2077/2077 
f 2076/2076/2076 2077/2077/2077 2077/2077/2077 
f 2077/2077/2077 2077/2077/2077 2068/2068/2068 
f 2077/2077/2077 2068/2068/2068 2068/2068/2068 
f 2068/2068/2068 2068/2068/2068 2068/2068/2068 
f 2068/2068/2068 2078/2078/2078 2068/2068/2068 
f 2068/2068/2068 2078/2078/2078 2070/2070/2070 
f 2078/2078/2078 2079/2079/2079 2070/2070/2070 
f 2070/2070/2070 2079/2079/2079 2080/2080/2080 
f 2079/2079/2079 2081/2081/2081 2080/2080/2080 
f 2080/2080/2080 2081/2081/2081 2072/2072/2072 
f 2081/2081/2081 2082/2082/2082 2072/2072/2072 
f 2072/2072/2072 2082/2082/2082 2074/2074/2074 
f 2082/2082/2082 2083/2083/2083 2074/2074/2074 
f 2074/2074/2074 2083/2083/2083 2084/2084/2084 
f 2083/2083/2083 2084/2084/2084 2084/2084/2084 
f 2084/2084/2084 2084/2084/2084 2084/2084/2084 
f 2084/2084/2084 2076/2076/2076 2084/2084/2084 
f 2084/2084/2084 2076/2076/2076 2074/2074/2074 
f 2076/2076/2076 2075/2075/2075 2074/2074/2074 
f 2074/2074/2074 2075/2075/2075 2075/2075/2075 
f 2075/2075/2075 1916/1916/1916 2075/2075/2075 
f 2075/2075/2075 1916/1916/1916 1916/1916/1916 
f 1916/1916/1916 1914/1914/1914 1916/1916/1916 
f 1916/1916/1916 1914/1914/1914 1918/1918/1918 
f 1914/1914/1914 2085/2085/2085 1918/1918/1918 
f 1918/1918/1918 2085/2085/2085 2086/2086/2086 
f 2085/2085/2085 2086/2086/2086 2086/2086/2086 
f 2086/2086/2086 2086/2086/2086 1918/1918/1918 
f 2086/2086/2086 1918/1918/1918 1918/1918/1918 
f 1918/1918/1918 1918/1918/1918 1918/1918/1918 
f 1918/1918/1918 2086/2086/2086 1918/1918/1918 
f 1918/1918/1918 2086/2086/2086 2087/2087/2087 
f 2086/2086/2086 2088/2088/2088 2087/2087/2087 
f 2087/2087/2087 2088/2088/2088 1920/1920/1920 
f 2088/2088/2088 2089/2089/2089 1920/1920/1920 
f 1920/1920/1920 2089/2089/2089 1924/1924/1924 
f 2089/2089/2089 2090/2090/2090 1924/1924/1924 
f 1924/1924/1924 2090/2090/2090 2091/2091/2091 
f 2090/2090/2090 2092/2092/2092 2091/2091/2091 
f 2091/2091/2091 2092/2092/2092 1926/1926/1926 
f 2092/2092/2092 2093/2093/2093 1926/1926/1926 
f 1926/1926/1926 2093/2093/2093 1930/1930/1930 
f 2093/2093/2093 2094/2094/2094 1930/1930/1930 
f 1930/1930/1930 2094/2094/2094 2095/2095/2095 
f 2094/2094/2094 2096/2096/2096 2095/2095/2095 
f 2095/2095/2095 2096/2096/2096 1932/1932/1932 
f 2096/2096/2096 2097/2097/2097 1932/1932/1932 
f 1932/1932/1932 2097/2097/2097 1936/1936/1936 
f 2097/2097/2097 2098/2098/2098 1936/1936/1936 
f 1936/1936/1936 2098/2098/2098 2099/2099/2099 
f 2098/2098/2098 2100/2100/2100 2099/2099/2099 
f 2099/2099/2099 2100/2100/2100 1938/1938/1938 
f 2100/2100/2100 2101/2101/2101 1938/1938/1938 
f 1938/1938/1938 2101/2101/2101 1942/1942/1942 
f 2101/2101/2101 2102/2102/2102 1942/1942/1942 
f 1942/1942/1942 2102/2102/2102 2103/2103/2103 
f 2102/2102/2102 2104/2104/2104 2103/2103/2103 
f 2103/2103/2103 2104/2104/2104 1944/1944/1944 
f 2104/2104/2104 2105/2105/2105 1944/1944/1944 
f 1944/1944/1944 2105/2105/2105 2105/2105/2105 
f 2105/2105/2105 2086/2086/2086 2105/2105/2105 
f 2105/2105/2105 2086/2086/2086 2086/2086/2086 
f 2086/2086/2086 2106/2106/2106 2086/2086/2086 
f 2086/2086/2086 2106/2106/2106 2088/2088/2088 
f 2106/2106/2106 2107/2107/2107 2088/2088/2088 
f 2088/2088/2088 2107/2107/2107 2108/2108/2108 
f 2107/2107/2107 2109/2109/2109 2108/2108/2108 
f 2108/2108/2108 2109/2109/2109 2090/2090/2090 
f 2109/2109/2109 2110/2110/2110 2090/2090/2090 
f 2090/2090/2090 2110/2110/2110 2092/2092/2092 
f 2110/2110/2110 2111/2111/2111 2092/2092/2092 
f 2092/2092/2092 2111/2111/2111 2112/2112/2112 
f 2111/2111/2111 2113/2113/2113 2112/2112/2112 
f 2112/2112/2112 2113/2113/2113 2094/2094/2094 
f 2113/2113/2113 2114/2114/2114 2094/2094/2094 
f 2094/2094/2094 2114/2114/2114 2096/2096/2096 
f 2114/2114/2114 2115/2115/2115 2096/2096/2096 
f 2096/2096/2096 2115/2115/2115 2116/2116/2116 
f 2115/2115/2115 2117/2117/2117 2116/2116/2116 
f 2116/2116/2116 2117/2117/2117 2098/2098/2098 
f 2117/2117/2117 2118/2118/2118 2098/2098/2098 
f 2098/2098/2098 2118/2118/2118 2100/2100/2100 
f 2118/2118/2118 2119/2119/2119 2100/2100/2100 
f 2100/2100/2100 2119/2119/2119 2120/2120/2120 
f 2119/2119/2119 2121/2121/2121 2120/2120/2120 
f 2120/2120/2120 2121/2121/2121 2102/2102/2102 
f 2121/2121/2121 2122/2122/2122 2102/2102/2102 
f 2102/2102/2102 2122/2122/2122 2104/2104/2104 
f 2122/2122/2122 2123/2123/2123 2104/2104/2104 
f 2104/2104/2104 2123/2123/2123 2124/2124/2124 
f 2123/2123/2123 2125/2125/2125 2124/2124/2124 
f 2124/2124/2124 2125/2125/2125 2126/2126/2126 
f 2125/2125/2125 2127/2127/2127 2126/2126/2126 
f 2126/2126/2126 2127/2127/2127 2127/2127/2127 
f 2127/2127/2127 2107/2107/2107 2127/2127/2127 
f 2127/2127/2127 2107/2107/2107 2107/2107/2107 
f 2107/2107/2107 2128/2128/2128 2107/2107/2107 
f 2107/2107/2107 2128/2128/2128 2109/2109/2109 
f 2128/2128/2128 2129/2129/2129 2109/2109/2109 
f 2109/2109/2109 2129/2129/2129 2130/2130/2130 
f 2129/2129/2129 2131/2131/2131 2130/2130/2130 
f 2130/2130/2130 2131/2131/2131 2111/2111/2111 
f 2131/2131/2131 2132/2132/2132 2111/2111/2111 
f 2111/2111/2111 2132/2132/2132 2113/2113/2113 
f 2132/2132/2132 2133/2133/2133 2113/2113/2113 
f 2113/2113/2113 2133/2133/2133 2134/2134/2134 
f 2133/2133/2133 2135/2135/2135 2134/2134/2134 
f 2134/2134/2134 2135/2135/2135 2115/2115/2115 
f 2135/2135/2135 2136/2136/2136 2115/2115/2115 
f 2115/2115/2115 2136/2136/2136 2117/2117/2117 
f 2136/2136/2136 2137/2137/2137 2117/2117/2117 
f 2117/2117/2117 2137/2137/2137 2138/2138/2138 
f 2137/2137/2137 2139/2139/2139 2138/2138/2138 
f 2138/2138/2138 2139/2139/2139 2119/2119/2119 
f 2139/2139/2139 2140/2140/2140 2119/2119/2119 
f 2119/2119/2119 2140/2140/2140 2121/2121/2121 
f 2140/2140/2140 2141/2141/2141 2121/2121/2121 
f 2121/2121/2121 2141/2141/2141 2142/2142/2142 
f 2141/2141/2141 2143/2143/2143 2142/2142/2142 
f 2142/2142/2142 2143/2143/2143 2123/2123/2123 
f 2143/2143/2143 2144/2144/2144 2123/2123/2123 
f 2123/2123/2123 2144/2144/2144 2125/2125/2125 
f 2144/2144/2144 2145/2145/2145 2125/2125/2125 
f 2125/2125/2125 2145/2145/2145 2146/2146/2146 
f 2145/2145/2145 2147/2147/2147 2146/2146/2146 
f 2146/2146/2146 2147/2147/2147 2148/2148/2148 
f 2147/2147/2147 2149/2149/2149 2148/2148/2148 
f 2148/2148/2148 2149/2149/2149 2149/2149/2149 
f 2149/2149/2149 2129/2129/2129 2149/2149/2149 
f 2149/2149/2149 2129/2129/2129 2129/2129/2129 
f 2129/2129/2129 2150/2150/2150 2129/2129/2129 
f 2129/2129/2129 2150/2150/2150 2131/2131/2131 
f 2150/2150/2150 2151/2151/2151 2131/2131/2131 
f 2131/2131/2131 2151/2151/2151 2152/2152/2152 
f 2151/2151/2151 2153/2153/2153 2152/2152/2152 
f 2152/2152/2152 2153/2153/2153 2133/2133/2133 
f 2153/2153/2153 2154/2154/2154 2133/2133/2133 
f 2133/2133/2133 2154/2154/2154 2135/2135/2135 
f 2154/2154/2154 2155/2155/2155 2135/2135/2135 
f 2135/2135/2135 2155/2155/2155 2156/2156/2156 
f 2155/2155/2155 2157/2157/2157 2156/2156/2156 
f 2156/2156/2156 2157/2157/2157 2137/2137/2137 
f 2157/2157/2157 2158/2158/2158 2137/2137/2137 
f 2137/2137/2137 2158/2158/2158 2139/2139/2139 
f 2158/2158/2158 2159/2159/2159 2139/2139/2139 
f 2139/2139/2139 2159/2159/2159 2160/2160/2160 
f 2159/2159/2159 2161/2161/2161 2160/2160/2160 
f 2160/2160/2160 2161/2161/2161 2141/2141/2141 
f 2161/2161/2161 2162/2162/2162 2141/2141/2141 
f 2141/2141/2141 2162/2162/2162 2143/2143/2143 
f 2162/2162/2162 2163/2163/2163 2143/2143/2143 
f 2143/2143/2143 2163/2163/2163 2164/2164/2164 
f 2163/2163/2163 2165/2165/2165 2164/2164/2164 
f 2164/2164/2164 2165/2165/2165 2145/2145/2145 
f 2165/2165/2165 2166/2166/2166 2145/2145/2145 
f 2145/2145/2145 2166/2166/2166 2147/2147/2147 
f 2166/2166/2166 2167/2167/2167 2147/2147/2147 
f 2147/2147/2147 2167/2167/2167 2168/2168/2168 
f 2167/2167/2167 2169/2169/2169 2168/2168/2168 
f 2168/2168/2168 2169/2169/2169 2170/2170/2170 
f 2169/2169/2169 2171/2171/2171 2170/2170/2170 
f 2170/2170/2170 2171/2171/2171 2171/2171/2171 
f 2171/2171/2171 2151/2151/2151 2171/2171/2171 
f 2171/2171/2171 2151/2151/2151 2151/2151/2151 
f 2151/2151/2151 2172/2172/2172 2151/2151/2151 
f 2151/2151/2151 2172/2172/2172 2153/2153/2153 
f 2172/2172/2172 2173/2173/2173 2153/2153/2153 
f 2153/2153/2153 2173/2173/2173 2174/2174/2174 
f 2173/2173/2173 2175/2175/2175 2174/2174/2174 
f 2174/2174/2174 2175/2175/2175 2155/2155/2155 
f 2175/2175/2175 2176/2176/2176 2155/2155/2155 
f 2155/2155/2155 2176/2176/2176 2157/2157/2157 
f 2176/2176/2176 2177/2177/2177 2157/2157/2157 
f 2157/2157/2157 2177/2177/2177 2178/2178/2178 
f 2177/2177/2177 2179/2179/2179 2178/2178/2178 
f 2178/2178/2178 2179/2179/2179 2159/2159/2159 
f 2179/2179/2179 2180/2180/2180 2159/2159/2159 
f 2159/2159/2159 2180/2180/2180 2161/2161/2161 
f 2180/2180/2180 2181/2181/2181 2161/2161/2161 
f 2161/2161/2161 2181/2181/2181 2182/2182/2182 
f 2181/2181/2181 2183/2183/2183 2182/2182/2182 
f 2182/2182/2182 2183/2183/2183 2163/2163/2163 
f 2183/2183/2183 2184/2184/2184 2163/2163/2163 
f 2163/2163/2163 2184/2184/2184 2165/2165/2165 
f 2184/2184/2184 2185/2185/2185 2165/2165/2165 
f 2165/2165/2165 2185/2185/2185 2186/2186/2186 
f 2185/2185/2185 2187/2187/2187 2186/2186/2186 
f 2186/2186/2186 2187/2187/2187 2167/2167/2167 
f 2187/2187/2187 2188/2188/2188 2167/2167/2167 
f 2167/2167/2167 2188/2188/2188 2169/2169/2169 
f 2188/2188/2188 2189/2189/2189 2169/2169/2169 
f 2169/2169/2169 2189/2189/2189 2190/2190/2190 
f 2189/2189/2189 2191/2191/2191 2190/2190/2190 
f 2190/2190/2190 2191/2191/2191 2192/2192/2192 
f 2191/2191/2191 2193/2193/2193 2192/2192/2192 
f 2192/2192/2192 2193/2193/2193 2193/2193/2193 
f 2193/2193/2193 2173/2173/2173 2193/2193/2193 
f 2193/2193/2193 2173/2173/2173 2173/2173/2173 
f 2173/2173/2173 2194/2194/2194 2173/2173/2173 
f 2173/2173/2173 2194/2194/2194 2175/2175/2175 
f 2194/2194/2194 2195/2195/2195 2175/2175/2175 
f 2175/2175/2175 2195/2195/2195 2196/2196/2196 
f 2195/2195/2195 2197/2197/2197 2196/2196/2196 
f 2196/2196/2196 2197/2197/2197 2177/2177/2177 
f 2197/2197/2197 2198/2198/2198 2177/2177/2177 
f 2177/2177/2177 2198/2198/2198 2179/2179/2179 
f 2198/2198/2198 2199/2199/2199 2179/2179/2179 
f 2179/2179/2179 2199/2199/2199 2200/2200/2200 
f 2199/2199/2199 2201/2201/2201 2200/2200/2200 
f 2200/2200/2200 2201/2201/2201 2181/2181/2181 
f 2201/2201/2201 2202/2202/2202 2181/2181/2181 
f 2181/2181/2181 2202/2202/2202 2183/2183/2183 
f 2202/2202/2202 2203/2203/2203 2183/2183/2183 
f 2183/2183/2183 2203/2203/2203 2204/2204/2204 
f 2203/2203/2203 2205/2205/2205 2204/2204/2204 
f 2204/2204/2204 2205/2205/2205 2185/2185/2185 
f 2205/2205/2205 2206/2206/2206 2185/2185/2185 
f 2185/2185/2185 2206/2206/2206 2187/2187/2187 
f 2206/2206/2206 2207/2207/2207 2187/2187/2187 
f 2187/2187/2187 2207/2207/2207 2208/2208/2208 
f 2207/2207/2207 2209/2209/2209 2208/2208/2208 
f 2208/2208/2208 2209/2209/2209 2189/2189/2189 
f 2209/2209/2209 2210/2210/2210 2189/2189/2189 
f 2189/2189/2189 2210/2210/2210 2191/2191/2191 
f 2210/2210/2210 2211/2211/2211 2191/2191/2191 
f 2191/2191/2191 2211/2211/2211 2212/2212/2212 
f 2211/2211/2211 2213/2213/2213 2212/2212/2212 
f 2212/2212/2212 2213/2213/2213 2214/2214/2214 
f 2213/2213/2213 2215/2215/2215 2214/2214/2214 
f 2214/2214/2214 2215/2215/2215 2215/2215/2215 
f 2215/2215/2215 2195/2195/2195 2215/2215/2215 
f 2215/2215/2215 2195/2195/2195 2195/2195/2195 
f 2195/2195/2195 2216/2216/2216 2195/2195/2195 
f 2195/2195/2195 2216/2216/2216 2197/2197/2197 
f 2216/2216/2216 2217/2217/2217 2197/2197/2197 
f 2197/2197/2197 2217/2217/2217 2218/2218/2218 
f 2217/2217/2217 2219/2219/2219 2218/2218/2218 
f 2218/2218/2218 2219/2219/2219 2199/2199/2199 
f 2219/2219/2219 2220/2220/2220 2199/2199/2199 
f 2199/2199/2199 2220/2220/2220 2201/2201/2201 
f 2220/2220/2220 2221/2221/2221 2201/2201/2201 
f 2201/2201/2201 2221/2221/2221 2222/2222/2222 
f 2221/2221/2221 2223/2223/2223 2222/2222/2222 
f 2222/2222/2222 2223/2223/2223 2203/2203/2203 
f 2223/2223/2223 2224/2224/2224 2203/2203/2203 
f 2203/2203/2203 2224/2224/2224 2205/2205/2205 
f 2224/2224/2224 2225/2225/2225 2205/2205/2205 
f 2205/2205/2205 2225/2225/2225 2226/2226/2226 
f 2225/2225/2225 2227/2227/2227 2226/2226/2226 
f 2226/2226/2226 2227/2227/2227 2207/2207/2207 
f 2227/2227/2227 2228/2228/2228 2207/2207/2207 
f 2207/2207/2207 2228/2228/2228 2209/2209/2209 
f 2228/2228/2228 2229/2229/2229 2209/2209/2209 
f 2209/2209/2209 2229/2229/2229 2230/2230/2230 
f 2229/2229/2229 2231/2231/2231 2230/2230/2230 
f 2230/2230/2230 2231/2231/2231 2211/2211/2211 
f 2231/2231/2231 2232/2232/2232 2211/2211/2211 
f 2211/2211/2211 2232/2232/2232 2213/2213/2213 
f 2232/2232/2232 2233/2233/2233 2213/2213/2213 
f 2213/2213/2213 2233/2233/2233 2234/2234/2234 
f 2233/2233/2233 2234/2234/2234 2234/2234/2234 
f 2234/2234/2234 2234/2234/2234 2217/2217/2217 
f 2234/2234/2234 2217/2217/2217 2217/2217/2217 
f 2217/2217/2217 2217/2217/2217 2217/2217/2217 
f 2217/2217/2217 2235/2235/2235 2217/2217/2217 
f 2217/2217/2217 2235/2235/2235 2219/2219/2219 
f 2235/2235/2235 2236/2236/2236 2219/2219/2219 
f 2219/2219/2219 2236/2236/2236 2237/2237/2237 
f 2236/2236/2236 2238/2238/2238 2237/2237/2237 
f 2237/2237/2237 2238/2238/2238 2221/2221/2221 
f 2238/2238/2238 2239/2239/2239 2221/2221/2221 
f 2221/2221/2221 2239/2239/2239 2223/2223/2223 
f 2239/2239/2239 2240/2240/2240 2223/2223/2223 
f 2223/2223/2223 2240/2240/2240 2241/2241/2241 
f 2240/2240/2240 2242/2242/2242 2241/2241/2241 
f 2241/2241/2241 2242/2242/2242 2225/2225/2225 
f 2242/2242/2242 2243/2243/2243 2225/2225/2225 
f 2225/2225/2225 2243/2243/2243 2227/2227/2227 
f 2243/2243/2243 2244/2244/2244 2227/2227/2227 
f 2227/2227/2227 2244/2244/2244 2245/2245/2245 
f 2244/2244/2244 2246/2246/2246 2245/2245/2245 
f 2245/2245/2245 2246/2246/2246 2229/2229/2229 
f 2246/2246/2246 2247/2247/2247 2229/2229/2229 
f 2229/2229/2229 2247/2247/2247 2231/2231/2231 
f 2247/2247/2247 2248/2248/2248 2231/2231/2231 
f 2231/2231/2231 2248/2248/2248 2249/2249/2249 
f 2248/2248/2248 2249/2249/2249 2249/2249/2249 
f 2249/2249/2249 2249/2249/2249 2236/2236/2236 
f 2249/2249/2249 2236/2236/2236 2236/2236/2236 
f 2236/2236/2236 2236/2236/2236 2236/2236/2236 
f 2236/2236/2236 2250/2250/2250 2236/2236/2236 
f 2236/2236/2236 2250/2250/2250 2238/2238/2238 
f 2250/2250/2250 2251/2251/2251 2238/2238/2238 
f 2238/2238/2238 2251/2251/2251 2252/2252/2252 
f 2251/2251/2251 2253/2253/2253 2252/2252/2252 
f 2252/2252/2252 2253/2253/2253 2240/2240/2240 
f 2253/2253/2253 2254/2254/2254 2240/2240/2240 
f 2240/2240/2240 2254/2254/2254 2242/2242/2242 
f 2254/2254/2254 2255/2255/2255 2242/2242/2242 
f 2242/2242/2242 2255/2255/2255 2256/2256/2256 
f 2255/2255/2255 2257/2257/2257 2256/2256/2256 
f 2256/2256/2256 2257/2257/2257 2244/2244/2244 
f 2257/2257/2257 2258/2258/2258 2244/2244/2244 
f 2244/2244/2244 2258/2258/2258 2246/2246/2246 
f 2258/2258/2258 2259/2259/2259 2246/2246/2246 
f 2246/2246/2246 2259/2259/2259 2260/2260/2260 
f 2259/2259/2259 2260/2260/2260 2260/2260/2260 
f 2260/2260/2260 2260/2260/2260 2251/2251/2251 
f 2260/2260/2260 2251/2251/2251 2251/2251/2251 
f 2251/2251/2251 2251/2251/2251 2251/2251/2251 
f 2251/2251/2251 2261/2261/2261 2251/2251/2251 
f 2251/2251/2251 2261/2261/2261 2253/2253/2253 
f 2261/2261/2261 2262/2262/2262 2253/2253/2253 
f 2253/2253/2253 2262/2262/2262 2263/2263/2263 
f 2262/2262/2262 2264/2264/2264 2263/2263/2263 
f 2263/2263/2263 2264/2264/2264 2255/2255/2255 
f 2264/2264/2264 2265/2265/2265 2255/2255/2255 
f 2255/2255/2255 2265/2265/2265 2257/2257/2257 
f 2265/2265/2265 2266/2266/2266 2257/2257/2257 
f 2257/2257/2257 2266/2266/2266 2267/2267/2267 
f 2266/2266/2266 2267/2267/2267 2267/2267/2267 
f 2267/2267/2267 2267/2267/2267 2267/2267/2267 
f 2267/2267/2267 2259/2259/2259 2267/2267/2267 
f 2267/2267/2267 2259/2259/2259 2257/2257/2257 
f 2259/2259/2259 2258/2258/2258 2257/2257/2257 
f 2257/2257/2257 2258/2258/2258 2258/2258/2258 
f 2258/2258/2258 2013/2013/2013 2258/2258/2258 
f 2258/2258/2258 2013/2013/2013 2013/2013/2013 
f 2013/2013/2013 1994/1994/1994 2013/2013/2013 
f 2013/2013/2013 1994/1994/1994 1992/1992/1992 
f 1994/1994/1994 1993/1993/1993 1992/1992/1992 
f 1992/1992/1992 1993/1993/1993 1993/1993/1993 
f 1993/1993/1993 2039/2039/2039 1993/1993/1993 
f 1993/1993/1993 2039/2039/2039 2039/2039/2039 
f 2039/2039/2039 2020/2020/2020 2039/2039/2039 
f 2039/2039/2039 2020/2020/2020 2018/2018/2018 
f 2020/2020/2020 2019/2019/2019 2018/2018/2018 
f 2018/2018/2018 2019/2019/2019 2019/2019/2019 
f 2019/2019/2019 2265/2265/2265 2019/2019/2019 
f 2019/2019/2019 2265/2265/2265 2265/2265/2265 
f 2265/2265/2265 2264/2264/2264 2265/2265/2265 
f 2265/2265/2265 2264/2264/2264 2266/2266/2266 
f 2264/2264/2264 2268/2268/2268 2266/2266/2266 
f 2266/2266/2266 2268/2268/2268 2268/2268/2268 
f 2268/2268/2268 2264/2264/2264 2268/2268/2268 
f 2268/2268/2268 2264/2264/2264 2269/2269/2269 
f 2264/2264/2264 2270/2270/2270 2269/2269/2269 
f 2269/2269/2269 2270/2270/2270 2270/2270/2270 
f 2270/2270/2270 1997/1997/1997 2270/2270/2270 
f 2270/2270/2270 1997/1997/1997 1997/1997/1997 
f 1997/1997/1997 1996/1996/1996 1997/1997/1997 
f 1997/1997/1997 1996/1996/1996 1998/1998/1998 
f 1996/1996/1996 2017/2017/2017 1998/1998/1998 
f 1998/1998/1998 2017/2017/2017 2017/2017/2017 
f 2017/2017/2017 2001/2001/2001 2017/2017/2017 
f 2017/2017/2017 2001/2001/2001 2001/2001/2001 
f 2001/2001/2001 2000/2000/2000 2001/2001/2001 
f 2001/2001/2001 2000/2000/2000 2002/2002/2002 
f 2000/2000/2000 2021/2021/2021 2002/2002/2002 
f 2002/2002/2002 2021/2021/2021 2021/2021/2021 
f 2021/2021/2021 2252/2252/2252 2021/2021/2021 
f 2021/2021/2021 2252/2252/2252 2252/2252/2252 
f 2252/2252/2252 2240/2240/2240 2252/2252/2252 
f 2252/2252/2252 2240/2240/2240 2238/2238/2238 
f 2240/2240/2240 2239/2239/2239 2238/2238/2238 
f 2238/2238/2238 2239/2239/2239 2239/2239/2239 
f 2239/2239/2239 2254/2254/2254 2239/2239/2239 
f 2239/2239/2239 2254/2254/2254 2254/2254/2254 
f 2254/2254/2254 2253/2253/2253 2254/2254/2254 
f 2254/2254/2254 2253/2253/2253 2255/2255/2255 
f 2253/2253/2253 2263/2263/2263 2255/2255/2255 
f 2255/2255/2255 2263/2263/2263 2263/2263/2263 
f 2263/2263/2263 2164/2164/2164 2263/2263/2263 
f 2263/2263/2263 2164/2164/2164 2164/2164/2164 
f 2164/2164/2164 2145/2145/2145 2164/2164/2164 
f 2164/2164/2164 2145/2145/2145 2143/2143/2143 
f 2145/2145/2145 2144/2144/2144 2143/2143/2143 
f 2143/2143/2143 2144/2144/2144 2144/2144/2144 
f 2144/2144/2144 2232/2232/2232 2144/2144/2144 
f 2144/2144/2144 2232/2232/2232 2232/2232/2232 
f 2232/2232/2232 2231/2231/2231 2232/2232/2232 
f 2232/2232/2232 2231/2231/2231 2233/2233/2233 
f 2231/2231/2231 2249/2249/2249 2233/2233/2233 
f 2233/2233/2233 2249/2249/2249 2249/2249/2249 
f 2249/2249/2249 2160/2160/2160 2249/2249/2249 
f 2249/2249/2249 2160/2160/2160 2160/2160/2160 
f 2160/2160/2160 2141/2141/2141 2160/2160/2160 
f 2160/2160/2160 2141/2141/2141 2139/2139/2139 
f 2141/2141/2141 2140/2140/2140 2139/2139/2139 
f 2139/2139/2139 2140/2140/2140 2140/2140/2140 
f 2140/2140/2140 1981/1981/1981 2140/2140/2140 
f 2140/2140/2140 1981/1981/1981 1981/1981/1981 
f 1981/1981/1981 1962/1962/1962 1981/1981/1981 
f 1981/1981/1981 1962/1962/1962 1960/1960/1960 
f 1962/1962/1962 1961/1961/1961 1960/1960/1960 
f 1960/1960/1960 1961/1961/1961 1961/1961/1961 
f 1961/1961/1961 2226/2226/2226 1961/1961/1961 
f 1961/1961/1961 2226/2226/2226 2226/2226/2226 
f 2226/2226/2226 2207/2207/2207 2226/2226/2226 
f 2226/2226/2226 2207/2207/2207 2205/2205/2205 
f 2207/2207/2207 2206/2206/2206 2205/2205/2205 
f 2205/2205/2205 2206/2206/2206 2206/2206/2206 
f 2206/2206/2206 1991/1991/1991 2206/2206/2206 
f 2206/2206/2206 1991/1991/1991 1991/1991/1991 
f 1991/1991/1991 1972/1972/1972 1991/1991/1991 
f 1991/1991/1991 1972/1972/1972 1970/1970/1970 
f 1972/1972/1972 1971/1971/1971 1970/1970/1970 
f 1970/1970/1970 1971/1971/1971 1971/1971/1971 
f 1971/1971/1971 2037/2037/2037 1971/1971/1971 
f 1971/1971/1971 2037/2037/2037 2037/2037/2037 
f 2037/2037/2037 2036/2036/2036 2037/2037/2037 
f 2037/2037/2037 2036/2036/2036 2038/2038/2038 
f 2036/2036/2036 2054/2054/2054 2038/2038/2038 
f 2038/2038/2038 2054/2054/2054 2054/2054/2054 
f 2054/2054/2054 2138/2138/2138 2054/2054/2054 
f 2054/2054/2054 2138/2138/2138 2138/2138/2138 
f 2138/2138/2138 2119/2119/2119 2138/2138/2138 
f 2138/2138/2138 2119/2119/2119 2117/2117/2117 
f 2119/2119/2119 2118/2118/2118 2117/2117/2117 
f 2117/2117/2117 2118/2118/2118 2118/2118/2118 
f 2118/2118/2118 2142/2142/2142 2118/2118/2118 
f 2118/2118/2118 2142/2142/2142 2142/2142/2142 
f 2142/2142/2142 2123/2123/2123 2142/2142/2142 
f 2142/2142/2142 2123/2123/2123 2121/2121/2121 
f 2123/2123/2123 2122/2122/2122 2121/2121/2121 
f 2121/2121/2121 2122/2122/2122 2122/2122/2122 
f 2122/2122/2122 2212/2212/2212 2122/2122/2122 
f 2122/2122/2122 2212/2212/2212 2212/2212/2212 
f 2212/2212/2212 2214/2214/2214 2212/2212/2212 
f 2212/2212/2212 2214/2214/2214 2191/2191/2191 
f 2214/2214/2214 2193/2193/2193 2191/2191/2191 
f 2191/2191/2191 2193/2193/2193 2193/2193/2193 
f 2193/2193/2193 2089/2089/2089 2193/2193/2193 
f 2193/2193/2193 2089/2089/2089 2089/2089/2089 
f 2089/2089/2089 2088/2088/2088 2089/2089/2089 
f 2089/2089/2089 2088/2088/2088 2090/2090/2090 
f 2088/2088/2088 2108/2108/2108 2090/2090/2090 
f 2090/2090/2090 2108/2108/2108 2108/2108/2108 
f 2108/2108/2108 1979/1979/1979 2108/2108/2108 
f 2108/2108/2108 1979/1979/1979 1979/1979/1979 
f 1979/1979/1979 1978/1978/1978 1979/1979/1979 
f 1979/1979/1979 1978/1978/1978 1980/1980/1980 
f 1978/1978/1978 1999/1999/1999 1980/1980/1980 
f 1980/1980/1980 1999/1999/1999 1999/1999/1999 
f 1999/1999/1999 2093/2093/2093 1999/1999/1999 
f 1999/1999/1999 2093/2093/2093 2093/2093/2093 
f 2093/2093/2093 2092/2092/2092 2093/2093/2093 
f 2093/2093/2093 2092/2092/2092 2094/2094/2094 
f 2092/2092/2092 2112/2112/2112 2094/2094/2094 
f 2094/2094/2094 2112/2112/2112 2112/2112/2112 
f 2112/2112/2112 1937/1937/1937 2112/2112/2112 
f 2112/2112/2112 1937/1937/1937 1937/1937/1937 
f 1937/1937/1937 1939/1939/1939 1937/1937/1937 
f 1937/1937/1937 1939/1939/1939 1935/1935/1935 
f 1939/1939/1939 1947/1947/1947 1935/1935/1935 
f 1935/1935/1935 1947/1947/1947 1947/1947/1947 
f 1947/1947/1947 2174/2174/2174 1947/1947/1947 
f 1947/1947/1947 2174/2174/2174 2174/2174/2174 
f 2174/2174/2174 2155/2155/2155 2174/2174/2174 
f 2174/2174/2174 2155/2155/2155 2153/2153/2153 
f 2155/2155/2155 2154/2154/2154 2153/2153/2153 
f 2153/2153/2153 2154/2154/2154 2154/2154/2154 
f 2154/2154/2154 2188/2188/2188 2154/2154/2154 
f 2154/2154/2154 2188/2188/2188 2188/2188/2188 
f 2188/2188/2188 2187/2187/2187 2188/2188/2188 
f 2188/2188/2188 2187/2187/2187 2189/2189/2189 
f 2187/2187/2187 2208/2208/2208 2189/2189/2189 
f 2189/2189/2189 2208/2208/2208 2208/2208/2208 
f 2208/2208/2208 2245/2245/2245 2208/2208/2208 
f 2208/2208/2208 2245/2245/2245 2245/2245/2245 
f 2245/2245/2245 2229/2229/2229 2245/2245/2245 
f 2245/2245/2245 2229/2229/2229 2227/2227/2227 
f 2229/2229/2229 2228/2228/2228 2227/2227/2227 
f 2227/2227/2227 2228/2228/2228 2228/2228/2228 
f 2228/2228/2228 2168/2168/2168 2228/2228/2228 
f 2228/2228/2228 2168/2168/2168 2168/2168/2168 
f 2168/2168/2168 2170/2170/2170 2168/2168/2168 
f 2168/2168/2168 2170/2170/2170 2147/2147/2147 
f 2170/2170/2170 2149/2149/2149 2147/2147/2147 
f 2147/2147/2147 2149/2149/2149 2149/2149/2149 
f 2149/2149/2149 2215/2215/2215 2149/2149/2149 
f 2149/2149/2149 2215/2215/2215 2215/2215/2215 
f 2215/2215/2215 2213/2213/2213 2215/2215/2215 
f 2215/2215/2215 2213/2213/2213 2271/2271/2271 
f 2213/2213/2213 2234/2234/2234 2271/2271/2271 
f 2271/2271/2271 2234/2234/2234 2234/2234/2234 
f 2234/2234/2234 2224/2224/2224 2234/2234/2234 
f 2234/2234/2234 2224/2224/2224 2224/2224/2224 
f 2224/2224/2224 2223/2223/2223 2224/2224/2224 
f 2224/2224/2224 2223/2223/2223 2225/2225/2225 
f 2223/2223/2223 2241/2241/2241 2225/2225/2225 
f 2225/2225/2225 2241/2241/2241 2241/2241/2241 
f 2241/2241/2241 2247/2247/2247 2241/2241/2241 
f 2241/2241/2241 2247/2247/2247 2247/2247/2247 
f 2247/2247/2247 2246/2246/2246 2247/2247/2247 
f 2247/2247/2247 2246/2246/2246 2248/2248/2248 
f 2246/2246/2246 2260/2260/2260 2248/2248/2248 
f 2248/2248/2248 2260/2260/2260 2260/2260/2260 
f 2260/2260/2260 2120/2120/2120 2260/2260/2260 
f 2260/2260/2260 2120/2120/2120 2120/2120/2120 
f 2120/2120/2120 2102/2102/2102 2120/2120/2120 
f 2120/2120/2120 2102/2102/2102 2100/2100/2100 
f 2102/2102/2102 2101/2101/2101 2100/2100/2100 
f 2100/2100/2100 2101/2101/2101 2101/2101/2101 
f 2101/2101/2101 2049/2049/2049 2101/2101/2101 
f 2101/2101/2101 2049/2049/2049 2049/2049/2049 
f 2049/2049/2049 2048/2048/2048 2049/2049/2049 
f 2049/2049/2049 2048/2048/2048 2050/2050/2050 
f 2048/2048/2048 2066/2066/2066 2050/2050/2050 
f 2050/2050/2050 2066/2066/2066 2066/2066/2066 
f 2066/2066/2066 2243/2243/2243 2066/2066/2066 
f 2066/2066/2066 2243/2243/2243 2243/2243/2243 
f 2243/2243/2243 2242/2242/2242 2243/2243/2243 
f 2243/2243/2243 2242/2242/2242 2244/2244/2244 
f 2242/2242/2242 2256/2256/2256 2244/2244/2244 
f 2244/2244/2244 2256/2256/2256 2256/2256/2256 
f 2256/2256/2256 1953/1953/1953 2256/2256/2256 
f 2256/2256/2256 1953/1953/1953 1953/1953/1953 
f 1953/1953/1953 1952/1952/1952 1953/1953/1953 
f 1953/1953/1953 1952/1952/1952 1954/1954/1954 
f 1952/1952/1952 1973/1973/1973 1954/1954/1954 
f 1954/1954/1954 1973/1973/1973 1973/1973/1973 
f 1973/1973/1973 2134/2134/2134 1973/1973/1973 
f 1973/1973/1973 2134/2134/2134 2134/2134/2134 
f 2134/2134/2134 2115/2115/2115 2134/2134/2134 
f 2134/2134/2134 2115/2115/2115 2113/2113/2113 
f 2115/2115/2115 2114/2114/2114 2113/2113/2113 
f 2113/2113/2113 2114/2114/2114 2114/2114/2114 
f 2114/2114/2114 2198/2198/2198 2114/2114/2114 
f 2114/2114/2114 2198/2198/2198 2198/2198/2198 
f 2198/2198/2198 2197/2197/2197 2198/2198/2198 
f 2198/2198/2198 2197/2197/2197 2199/2199/2199 
f 2197/2197/2197 2218/2218/2218 2199/2199/2199 
f 2199/2199/2199 2218/2218/2218 2218/2218/2218 
f 2218/2218/2218 2064/2064/2064 2218/2218/2218 
f 2218/2218/2218 2064/2064/2064 2064/2064/2064 
f 2064/2064/2064 2063/2063/2063 2064/2064/2064 
f 2064/2064/2064 2063/2063/2063 2065/2065/2065 
f 2063/2063/2063 2077/2077/2077 2065/2065/2065 
f 2065/2065/2065 2077/2077/2077 2077/2077/2077 
f 2077/2077/2077 2146/2146/2146 2077/2077/2077 
f 2077/2077/2077 2146/2146/2146 2146/2146/2146 
f 2146/2146/2146 2148/2148/2148 2146/2146/2146 
f 2146/2146/2146 2148/2148/2148 2125/2125/2125 
f 2148/2148/2148 2127/2127/2127 2125/2125/2125 
f 2125/2125/2125 2127/2127/2127 2127/2127/2127 
f 2127/2127/2127 1988/1988/1988 2127/2127/2127 
f 2127/2127/2127 1988/1988/1988 1988/1988/1988 
f 1988/1988/1988 1986/1986/1986 1988/1988/1988 
f 1988/1988/1988 1986/1986/1986 2009/2009/2009 
f 1986/1986/1986 2007/2007/2007 2009/2009/2009 
f 2009/2009/2009 2007/2007/2007 2007/2007/2007 
f 2007/2007/2007 1985/1985/1985 2007/2007/2007 
f 2007/2007/2007 1985/1985/1985 1985/1985/1985 
f 1985/1985/1985 1987/1987/1987 1985/1985/1985 
f 1985/1985/1985 1987/1987/1987 1964/1964/1964 
f 1987/1987/1987 1966/1966/1966 1964/1964/1964 
f 1964/1964/1964 1966/1966/1966 1966/1966/1966 
f 1966/1966/1966 2230/2230/2230 1966/1966/1966 
f 1966/1966/1966 2230/2230/2230 2230/2230/2230 
f 2230/2230/2230 2211/2211/2211 2230/2230/2230 
f 2230/2230/2230 2211/2211/2211 2209/2209/2209 
f 2211/2211/2211 2210/2210/2210 2209/2209/2209 
f 2209/2209/2209 2210/2210/2210 2210/2210/2210 
f 2210/2210/2210 2105/2105/2105 2210/2210/2210 
f 2210/2210/2210 2105/2105/2105 2105/2105/2105 
f 2105/2105/2105 2104/2104/2104 2105/2105/2105 
f 2105/2105/2105 2104/2104/2104 2126/2126/2126 
f 2104/2104/2104 2124/2124/2124 2126/2126/2126 
f 2126/2126/2126 2124/2124/2124 2124/2124/2124 
f 2124/2124/2124 2204/2204/2204 2124/2124/2124 
f 2124/2124/2124 2204/2204/2204 2204/2204/2204 
f 2204/2204/2204 2185/2185/2185 2204/2204/2204 
f 2204/2204/2204 2185/2185/2185 2183/2183/2183 
f 2185/2185/2185 2184/2184/2184 2183/2183/2183 
f 2183/2183/2183 2184/2184/2184 2184/2184/2184 
f 2184/2184/2184 2041/2041/2041 2184/2184/2184 
f 2184/2184/2184 2041/2041/2041 2041/2041/2041 
f 2041/2041/2041 2040/2040/2040 2041/2041/2041 
f 2041/2041/2041 2040/2040/2040 2042/2042/2042 
f 2040/2040/2040 2058/2058/2058 2042/2042/2042 
f 2042/2042/2042 2058/2058/2058 2058/2058/2058 
f 2058/2058/2058 2060/2060/2060 2058/2058/2058 
f 2058/2058/2058 2060/2060/2060 2060/2060/2060 
f 2060/2060/2060 2059/2059/2059 2060/2060/2060 
f 2060/2060/2060 2059/2059/2059 2061/2061/2061 
f 2059/2059/2059 2073/2073/2073 2061/2061/2061 
f 2061/2061/2061 2073/2073/2073 2073/2073/2073 
f 2073/2073/2073 1963/1963/1963 2073/2073/2073 
f 2073/2073/2073 1963/1963/1963 1963/1963/1963 
f 1963/1963/1963 1965/1965/1965 1963/1963/1963 
f 1963/1963/1963 1965/1965/1965 1915/1915/1915 
f 1965/1965/1965 1913/1913/1913 1915/1915/1915 
f 1915/1915/1915 1913/1913/1913 1913/1913/1913 
f 1913/1913/1913 2051/2051/2051 1913/1913/1913 
f 1913/1913/1913 2051/2051/2051 2051/2051/2051 
f 2051/2051/2051 2272/2272/2272 2051/2051/2051 
f 2051/2051/2051 2272/2272/2272 2030/2030/2030 
f 2272/2272/2272 2032/2032/2032 2030/2030/2030 
f 2030/2030/2030 2032/2032/2032 2032/2032/2032 
f 2032/2032/2032 2200/2200/2200 2032/2032/2032 
f 2032/2032/2032 2200/2200/2200 2200/2200/2200 
f 2200/2200/2200 2181/2181/2181 2200/2200/2200 
f 2200/2200/2200 2181/2181/2181 2179/2179/2179 
f 2181/2181/2181 2180/2180/2180 2179/2179/2179 
f 2179/2179/2179 2180/2180/2180 2180/2180/2180 
f 2180/2180/2180 2162/2162/2162 2180/2180/2180 
f 2180/2180/2180 2162/2162/2162 2162/2162/2162 
f 2162/2162/2162 2161/2161/2161 2162/2162/2162 
f 2162/2162/2162 2161/2161/2161 2163/2163/2163 
f 2161/2161/2161 2182/2182/2182 2163/2163/2163 
f 2163/2163/2163 2182/2182/2182 2182/2182/2182 
f 2182/2182/2182 1925/1925/1925 2182/2182/2182 
f 2182/2182/2182 1925/1925/1925 1925/1925/1925 
f 1925/1925/1925 1927/1927/1927 1925/1925/1925 
f 1925/1925/1925 1927/1927/1927 1923/1923/1923 
f 1927/1927/1927 1955/1955/1955 1923/1923/1923 
f 1923/1923/1923 1955/1955/1955 1955/1955/1955 
f 1955/1955/1955 2186/2186/2186 1955/1955/1955 
f 1955/1955/1955 2186/2186/2186 2186/2186/2186 
f 2186/2186/2186 2167/2167/2167 2186/2186/2186 
f 2186/2186/2186 2167/2167/2167 2165/2165/2165 
f 2167/2167/2167 2166/2166/2166 2165/2165/2165 
f 2165/2165/2165 2166/2166/2166 2166/2166/2166 
f 2166/2166/2166 2035/2035/2035 2166/2166/2166 
f 2166/2166/2166 2035/2035/2035 2035/2035/2035 
f 2035/2035/2035 2016/2016/2016 2035/2035/2035 
f 2035/2035/2035 2016/2016/2016 2014/2014/2014 
f 2016/2016/2016 2015/2015/2015 2014/2014/2014 
f 2014/2014/2014 2015/2015/2015 2015/2015/2015 
f 2015/2015/2015 2156/2156/2156 2015/2015/2015 
f 2015/2015/2015 2156/2156/2156 2156/2156/2156 
f 2156/2156/2156 2137/2137/2137 2156/2156/2156 
f 2156/2156/2156 2137/2137/2137 2135/2135/2135 
f 2137/2137/2137 2136/2136/2136 2135/2135/2135 
f 2135/2135/2135 2136/2136/2136 2136/2136/2136 
f 2136/2136/2136 2152/2152/2152 2136/2136/2136 
f 2136/2136/2136 2152/2152/2152 2152/2152/2152 
f 2152/2152/2152 2133/2133/2133 2152/2152/2152 
f 2152/2152/2152 2133/2133/2133 2131/2131/2131 
f 2133/2133/2133 2132/2132/2132 2131/2131/2131 
f 2131/2131/2131 2132/2132/2132 2132/2132/2132 
f 2132/2132/2132 1995/1995/1995 2132/2132/2132 
f 2132/2132/2132 1995/1995/1995 1995/1995/1995 
f 1995/1995/1995 1976/1976/1976 1995/1995/1995 
f 1995/1995/1995 1976/1976/1976 1974/1974/1974 
f 1976/1976/1976 1975/1975/1975 1974/1974/1974 
f 1974/1974/1974 1975/1975/1975 1975/1975/1975 
f 1975/1975/1975 2237/2237/2237 1975/1975/1975 
f 1975/1975/1975 2237/2237/2237 2237/2237/2237 
f 2237/2237/2237 2221/2221/2221 2237/2237/2237 
f 2237/2237/2237 2221/2221/2221 2219/2219/2219 
f 2221/2221/2221 2220/2220/2220 2219/2219/2219 
f 2219/2219/2219 2220/2220/2220 2220/2220/2220 
f 2220/2220/2220 2025/2025/2025 2220/2220/2220 
f 2220/2220/2220 2025/2025/2025 2025/2025/2025 
f 2025/2025/2025 2006/2006/2006 2025/2025/2025 
f 2025/2025/2025 2006/2006/2006 2004/2004/2004 
f 2006/2006/2006 2005/2005/2005 2004/2004/2004 
f 2004/2004/2004 2005/2005/2005 2005/2005/2005 
f 2005/2005/2005 1949/1949/1949 2005/2005/2005 
f 2005/2005/2005 1949/1949/1949 1949/1949/1949 
f 1949/1949/1949 1948/1948/1948 1949/1949/1949 
f 1949/1949/1949 1948/1948/1948 1950/1950/1950 
f 1948/1948/1948 1969/1969/1969 1950/1950/1950 
f 1950/1950/1950 1969/1969/1969 1969/1969/1969 
f 1969/1969/1969 2047/2047/2047 1969/1969/1969 
f 1969/1969/1969 2047/2047/2047 2047/2047/2047 
f 2047/2047/2047 2028/2028/2028 2047/2047/2047 
f 2047/2047/2047 2028/2028/2028 2026/2026/2026 
f 2028/2028/2028 2027/2027/2027 2026/2026/2026 
f 2026/2026/2026 2027/2027/2027 2027/2027/2027 
f 2027/2027/2027 2222/2222/2222 2027/2027/2027 
f 2027/2027/2027 2222/2222/2222 2222/2222/2222 
f 2222/2222/2222 2203/2203/2203 2222/2222/2222 
f 2222/2222/2222 2203/2203/2203 2201/2201/2201 
f 2203/2203/2203 2202/2202/2202 2201/2201/2201 
f 2201/2201/2201 2202/2202/2202 2202/2202/2202 
f 2202/2202/2202 1957/1957/1957 2202/2202/2202 
f 2202/2202/2202 1957/1957/1957 1957/1957/1957 
f 1957/1957/1957 1956/1956/1956 1957/1957/1957 
f 1957/1957/1957 1956/1956/1956 1958/1958/1958 
f 1956/1956/1956 1977/1977/1977 1958/1958/1958 
f 1958/1958/1958 1977/1977/1977 1977/1977/1977 
f 1977/1977/1977 1919/1919/1919 1977/1977/1977 
f 1977/1977/1977 1919/1919/1919 1919/1919/1919 
f 1919/1919/1919 1921/1921/1921 1919/1919/1919 
f 1919/1919/1919 1921/1921/1921 1917/1917/1917 
f 1921/1921/1921 1959/1959/1959 1917/1917/1917 
f 1917/1917/1917 1959/1959/1959 1959/1959/1959 
f 1959/1959/1959 2023/2023/2023 1959/1959/1959 
f 1959/1959/1959 2023/2023/2023 2023/2023/2023 
f 2023/2023/2023 2022/2022/2022 2023/2023/2023 
f 2023/2023/2023 2022/2022/2022 2024/2024/2024 
f 2022/2022/2022 2043/2043/2043 2024/2024/2024 
f 2024/2024/2024 2043/2043/2043 2043/2043/2043 
f 2043/2043/2043 2056/2056/2056 2043/2043/2043 
f 2043/2043/2043 2056/2056/2056 2056/2056/2056 
f 2056/2056/2056 2055/2055/2055 2056/2056/2056 
f 2056/2056/2056 2055/2055/2055 2057/2057/2057 
f 2055/2055/2055 2069/2069/2069 2057/2057/2057 
f 2057/2057/2057 2069/2069/2069 2069/2069/2069 
f 2069/2069/2069 1931/1931/1931 2069/2069/2069 
f 2069/2069/2069 1931/1931/1931 1931/1931/1931 
f 1931/1931/1931 1933/1933/1933 1931/1931/1931 
f 1931/1931/1931 1933/1933/1933 1929/1929/1929 
f 1933/1933/1933 1951/1951/1951 1929/1929/1929 
f 1929/1929/1929 1951/1951/1951 1951/1951/1951 
f 1951/1951/1951 2045/2045/2045 1951/1951/1951 
f 1951/1951/1951 2045/2045/2045 2045/2045/2045 
f 2045/2045/2045 2044/2044/2044 2045/2045/2045 
f 2045/2045/2045 2044/2044/2044 2046/2046/2046 
f 2044/2044/2044 2062/2062/2062 2046/2046/2046 
f 2046/2046/2046 2062/2062/2062 2062/2062/2062 
f 2062/2062/2062 2110/2110/2110 2062/2062/2062 
f 2062/2062/2062 2110/2110/2110 2110/2110/2110 
f 2110/2110/2110 2109/2109/2109 2110/2110/2110 
f 2110/2110/2110 2109/2109/2109 2111/2111/2111 
f 2109/2109/2109 2130/2130/2130 2111/2111/2111 
f 2111/2111/2111 2130/2130/2130 2130/2130/2130 
f 2130/2130/2130 2029/2029/2029 2130/2130/2130 
f 2130/2130/2130 2029/2029/2029 2029/2029/2029 
f 2029/2029/2029 2031/2031/2031 2029/2029/2029 
f 2029/2029/2029 2031/2031/2031 2008/2008/2008 
f 2031/2031/2031 2010/2010/2010 2008/2008/2008 
f 2008/2008/2008 2010/2010/2010 2010/2010/2010 
f 2010/2010/2010 2176/2176/2176 2010/2010/2010 
f 2010/2010/2010 2176/2176/2176 2176/2176/2176 
f 2176/2176/2176 2175/2175/2175 2176/2176/2176 
f 2176/2176/2176 2175/2175/2175 2177/2177/2177 
f 2175/2175/2175 2196/2196/2196 2177/2177/2177 
f 2177/2177/2177 2196/2196/2196 2196/2196/2196 
f 2196/2196/2196 2171/2171/2171 2196/2196/2196 
f 2196/2196/2196 2171/2171/2171 2171/2171/2171 
f 2171/2171/2171 2169/2169/2169 2171/2171/2171 
f 2171/2171/2171 2169/2169/2169 2192/2192/2192 
f 2169/2169/2169 2190/2190/2190 2192/2192/2192 
f 2192/2192/2192 2190/2190/2190 2190/2190/2190 
f 2190/2190/2190 2003/2003/2003 2190/2190/2190 
f 2190/2190/2190 2003/2003/2003 2003/2003/2003 
f 2003/2003/2003 1984/1984/1984 2003/2003/2003 
f 2003/2003/2003 1984/1984/1984 1982/1982/1982 
f 1984/1984/1984 1983/1983/1983 1982/1982/1982 
f 1982/1982/1982 1983/1983/1983 1983/1983/1983 
f 1983/1983/1983 2080/2080/2080 1983/1983/1983 
f 1983/1983/1983 2080/2080/2080 2080/2080/2080 
f 2080/2080/2080 2072/2072/2072 2080/2080/2080 
f 2080/2080/2080 2072/2072/2072 2070/2070/2070 
f 2072/2072/2072 2071/2071/2071 2070/2070/2070 
f 2070/2070/2070 2071/2071/2071 2071/2071/2071 
f 2071/2071/2071 2178/2178/2178 2071/2071/2071 
f 2071/2071/2071 2178/2178/2178 2178/2178/2178 
f 2178/2178/2178 2159/2159/2159 2178/2178/2178 
f 2178/2178/2178 2159/2159/2159 2157/2157/2157 
f 2159/2159/2159 2158/2158/2158 2157/2157/2157 
f 2157/2157/2157 2158/2158/2158 2158/2158/2158 
f 2158/2158/2158 2116/2116/2116 2158/2158/2158 
f 2158/2158/2158 2116/2116/2116 2116/2116/2116 
f 2116/2116/2116 2098/2098/2098 2116/2116/2116 
f 2116/2116/2116 2098/2098/2098 2096/2096/2096 
f 2098/2098/2098 2097/2097/2097 2096/2096/2096 
f 2096/2096/2096 2097/2097/2097 2097/2097/2097 
f 2097/2097/2097 2079/2079/2079 2097/2097/2097 
f 2097/2097/2097 2079/2079/2079 2079/2079/2079 
f 2079/2079/2079 2273/2273/2273 2079/2079/2079 
f 2079/2079/2079 2273/2273/2273 2081/2081/2081 
f 2273/2273/2273 2274/2274/2274 2081/2081/2081 
f 2081/2081/2081 2274/2274/2274 2275/2275/2275 
f 2274/2274/2274 2275/2275/2275 2275/2275/2275 
f 2275/2275/2275 2275/2275/2275 2275/2275/2275 
f 2275/2275/2275 2083/2083/2083 2275/2275/2275 
f 2275/2275/2275 2083/2083/2083 2081/2081/2081 
f 2083/2083/2083 2082/2082/2082 2081/2081/2081 
f 2081/2081/2081 2082/2082/2082 2082/2082/2082 
f 2082/2082/2082 2276/2276/2276 2082/2082/2082 
f 2082/2082/2082 2276/2276/2276 2276/2276/2276 
f 2276/2276/2276 2277/2277/2277 2276/2276/2276 
f 2276/2276/2276 2277/2277/2277 2278/2278/2278 
f 2277/2277/2277 2279/2279/2279 2278/2278/2278 
f 2278/2278/2278 2279/2279/2279 2280/2280/2280 
f 2279/2279/2279 2281/2281/2281 2280/2280/2280 
f 2280/2280/2280 2281/2281/2281 2282/2282/2282 
f 2281/2281/2281 2283/2283/2283 2282/2282/2282 
f 2282/2282/2282 2283/2283/2283 2284/2284/2284 
f 2283/2283/2283 2285/2285/2285 2284/2284/2284 
f 2284/2284/2284 2285/2285/2285 2286/2286/2286 
f 2285/2285/2285 2287/2287/2287 2286/2286/2286 
f 2286/2286/2286 2287/2287/2287 2288/2288/2288 
f 2287/2287/2287 2289/2289/2289 2288/2288/2288 
f 2288/2288/2288 2289/2289/2289 2286/2286/2286 
f 2289/2289/2289 2290/2290/2290 2286/2286/2286 
f 2286/2286/2286 2290/2290/2290 2291/2291/2291 
f 2290/2290/2290 2292/2292/2292 2291/2291/2291 
f 2291/2291/2291 2292/2292/2292 2293/2293/2293 
f 2292/2292/2292 2294/2294/2294 2293/2293/2293 
f 2293/2293/2293 2294/2294/2294 2295/2295/2295 
f 2294/2294/2294 2296/2296/2296 2295/2295/2295 
f 2295/2295/2295 2296/2296/2296 2297/2297/2297 
f 2296/2296/2296 2298/2298/2298 2297/2297/2297 
f 2297/2297/2297 2298/2298/2298 2299/2299/2299 
f 2298/2298/2298 2300/2300/2300 2299/2299/2299 
f 2299/2299/2299 2300/2300/2300 2301/2301/2301 
f 2300/2300/2300 2302/2302/2302 2301/2301/2301 
f 2301/2301/2301 2302/2302/2302 2303/2303/2303 
f 2302/2302/2302 2304/2304/2304 2303/2303/2303 
f 2303/2303/2303 2304/2304/2304 2305/2305/2305 
f 2304/2304/2304 2306/2306/2306 2305/2305/2305 
f 2305/2305/2305 2306/2306/2306 2307/2307/2307 
f 2306/2306/2306 2308/2308/2308 2307/2307/2307 
f 2307/2307/2307 2308/2308/2308 2309/2309/2309 
f 2308/2308/2308 2310/2310/2310 2309/2309/2309 
f 2309/2309/2309 2310/2310/2310 2311/2311/2311 
f 2310/2310/2310 2311/2311/2311 2311/2311/2311 
f 2311/2311/2311 2311/2311/2311 2281/2281/2281 
f 2311/2311/2311 2281/2281/2281 2281/2281/2281 
f 2281/2281/2281 2281/2281/2281 2281/2281/2281 
f 2281/2281/2281 2312/2312/2312 2281/2281/2281 
f 2281/2281/2281 2312/2312/2312 2283/2283/2283 
f 2312/2312/2312 2313/2313/2313 2283/2283/2283 
f 2283/2283/2283 2313/2313/2313 2314/2314/2314 
f 2313/2313/2313 2315/2315/2315 2314/2314/2314 
f 2314/2314/2314 2315/2315/2315 2287/2287/2287 
f 2315/2315/2315 2316/2316/2316 2287/2287/2287 
f 2287/2287/2287 2316/2316/2316 2289/2289/2289 
f 2316/2316/2316 2317/2317/2317 2289/2289/2289 
f 2289/2289/2289 2317/2317/2317 2318/2318/2318 
f 2317/2317/2317 2319/2319/2319 2318/2318/2318 
f 2318/2318/2318 2319/2319/2319 2292/2292/2292 
f 2319/2319/2319 2320/2320/2320 2292/2292/2292 
f 2292/2292/2292 2320/2320/2320 2294/2294/2294 
f 2320/2320/2320 2321/2321/2321 2294/2294/2294 
f 2294/2294/2294 2321/2321/2321 2322/2322/2322 
f 2321/2321/2321 2323/2323/2323 2322/2322/2322 
f 2322/2322/2322 2323/2323/2323 2298/2298/2298 
f 2323/2323/2323 2324/2324/2324 2298/2298/2298 
f 2298/2298/2298 2324/2324/2324 2300/2300/2300 
f 2324/2324/2324 2325/2325/2325 2300/2300/2300 
f 2300/2300/2300 2325/2325/2325 2326/2326/2326 
f 2325/2325/2325 2327/2327/2327 2326/2326/2326 
f 2326/2326/2326 2327/2327/2327 2304/2304/2304 
f 2327/2327/2327 2328/2328/2328 2304/2304/2304 
f 2304/2304/2304 2328/2328/2328 2306/2306/2306 
f 2328/2328/2328 2329/2329/2329 2306/2306/2306 
f 2306/2306/2306 2329/2329/2329 2330/2330/2330 
f 2329/2329/2329 2330/2330/2330 2330/2330/2330 
f 2330/2330/2330 2330/2330/2330 2320/2320/2320 
f 2330/2330/2330 2320/2320/2320 2320/2320/2320 
f 2320/2320/2320 2320/2320/2320 2320/2320/2320 
f 2320/2320/2320 2319/2319/2319 2320/2320/2320 
f 2320/2320/2320 2319/2319/2319 2321/2321/2321 
f 2319/2319/2319 2331/2331/2331 2321/2321/2321 
f 2321/2321/2321 2331/2331/2331 2332/2332/2332 
f 2331/2331/2331 2319/2319/2319 2332/2332/2332 
f 2332/2332/2332 2319/2319/2319 2333/2333/2333 
f 2319/2319/2319 2317/2317/2317 2333/2333/2333 
f 2333/2333/2333 2317/2317/2317 2334/2334/2334 
f 2317/2317/2317 2335/2335/2335 2334/2334/2334 
f 2334/2334/2334 2335/2335/2335 2336/2336/2336 
f 2335/2335/2335 2315/2315/2315 2336/2336/2336 
f 2336/2336/2336 2315/2315/2315 2337/2337/2337 
f 2315/2315/2315 2313/2313/2313 2337/2337/2337 
f 2337/2337/2337 2313/2313/2313 2338/2338/2338 
f 2313/2313/2313 2339/2339/2339 2338/2338/2338 
f 2338/2338/2338 2339/2339/2339 2339/2339/2339 
f 2339/2339/2339 2321/2321/2321 2339/2339/2339 
f 2339/2339/2339 2321/2321/2321 2321/2321/2321 
f 2321/2321/2321 2332/2332/2332 2321/2321/2321 
f 2321/2321/2321 2332/2332/2332 2340/2340/2340 
f 2332/2332/2332 2341/2341/2341 2340/2340/2340 
f 2340/2340/2340 2341/2341/2341 2323/2323/2323 
f 2341/2341/2341 2342/2342/2342 2323/2323/2323 
f 2323/2323/2323 2342/2342/2342 2325/2325/2325 
f 2342/2342/2342 2343/2343/2343 2325/2325/2325 
f 2325/2325/2325 2343/2343/2343 2344/2344/2344 
f 2343/2343/2343 2345/2345/2345 2344/2344/2344 
f 2344/2344/2344 2345/2345/2345 2327/2327/2327 
f 2345/2345/2345 2346/2346/2346 2327/2327/2327 
f 2327/2327/2327 2346/2346/2346 2329/2329/2329 
f 2346/2346/2346 2329/2329/2329 2329/2329/2329 
f 2329/2329/2329 2329/2329/2329 2341/2341/2341 
f 2329/2329/2329 2341/2341/2341 2341/2341/2341 
f 2341/2341/2341 2341/2341/2341 2341/2341/2341 
f 2341/2341/2341 2332/2332/2332 2341/2341/2341 
f 2341/2341/2341 2332/2332/2332 2347/2347/2347 
f 2332/2332/2332 2334/2334/2334 2347/2347/2347 
f 2347/2347/2347 2334/2334/2334 2348/2348/2348 
f 2334/2334/2334 2349/2349/2349 2348/2348/2348 
f 2348/2348/2348 2349/2349/2349 2350/2350/2350 
f 2349/2349/2349 2336/2336/2336 2350/2350/2350 
f 2350/2350/2350 2336/2336/2336 2351/2351/2351 
f 2336/2336/2336 2338/2338/2338 2351/2351/2351 
f 2351/2351/2351 2338/2338/2338 2338/2338/2338 
f 2338/2338/2338 2350/2350/2350 2338/2338/2338 
f 2338/2338/2338 2350/2350/2350 2350/2350/2350 
f 2350/2350/2350 2352/2352/2352 2350/2350/2350 
f 2350/2350/2350 2352/2352/2352 2348/2348/2348 
f 2352/2352/2352 2353/2353/2353 2348/2348/2348 
f 2348/2348/2348 2353/2353/2353 2354/2354/2354 
f 2353/2353/2353 2343/2343/2343 2354/2354/2354 
f 2354/2354/2354 2343/2343/2343 2341/2341/2341 
f 2343/2343/2343 2342/2342/2342 2341/2341/2341 
f 2341/2341/2341 2342/2342/2342 2342/2342/2342 
f 2342/2342/2342 2354/2354/2354 2342/2342/2342 
f 2342/2342/2342 2354/2354/2354 2354/2354/2354 
f 2354/2354/2354 2341/2341/2341 2354/2354/2354 
f 2354/2354/2354 2341/2341/2341 2348/2348/2348 
f 2341/2341/2341 2347/2347/2347 2348/2348/2348 
f 2348/2348/2348 2347/2347/2347 2347/2347/2347 
f 2347/2347/2347 2293/2293/2293 2347/2347/2347 
f 2347/2347/2347 2293/2293/2293 2293/2293/2293 
f 2293/2293/2293 2295/2295/2295 2293/2293/2293 
f 2293/2293/2293 2295/2295/2295 2291/2291/2291 
f 2295/2295/2295 2355/2355/2355 2291/2291/2291 
f 2291/2291/2291 2355/2355/2355 2356/2356/2356 
f 2355/2355/2355 2357/2357/2357 2356/2356/2356 
f 2356/2356/2356 2357/2357/2357 2358/2358/2358 
f 2357/2357/2357 2359/2359/2359 2358/2358/2358 
f 2358/2358/2358 2359/2359/2359 2360/2360/2360 
f 2359/2359/2359 2361/2361/2361 2360/2360/2360 
f 2360/2360/2360 2361/2361/2361 2362/2362/2362 
f 2361/2361/2361 2363/2363/2363 2362/2362/2362 
f 2362/2362/2362 2363/2363/2363 2364/2364/2364 
f 2363/2363/2363 2365/2365/2365 2364/2364/2364 
f 2364/2364/2364 2365/2365/2365 2366/2366/2366 
f 2365/2365/2365 2367/2367/2367 2366/2366/2366 
f 2366/2366/2366 2367/2367/2367 2368/2368/2368 
f 2367/2367/2367 2369/2369/2369 2368/2368/2368 
f 2368/2368/2368 2369/2369/2369 2370/2370/2370 
f 2369/2369/2369 2371/2371/2371 2370/2370/2370 
f 2370/2370/2370 2371/2371/2371 2371/2371/2371 
f 2371/2371/2371 2368/2368/2368 2371/2371/2371 
f 2371/2371/2371 2368/2368/2368 2368/2368/2368 
f 2368/2368/2368 2372/2372/2372 2368/2368/2368 
f 2368/2368/2368 2372/2372/2372 2366/2366/2366 
f 2372/2372/2372 2373/2373/2373 2366/2366/2366 
f 2366/2366/2366 2373/2373/2373 2374/2374/2374 
f 2373/2373/2373 2278/2278/2278 2374/2374/2374 
f 2374/2374/2374 2278/2278/2278 2362/2362/2362 
f 2278/2278/2278 2375/2375/2375 2362/2362/2362 
f 2362/2362/2362 2375/2375/2375 2360/2360/2360 
f 2375/2375/2375 2280/2280/2280 2360/2360/2360 
f 2360/2360/2360 2280/2280/2280 2376/2376/2376 
f 2280/2280/2280 2284/2284/2284 2376/2376/2376 
f 2376/2376/2376 2284/2284/2284 2356/2356/2356 
f 2284/2284/2284 2377/2377/2377 2356/2356/2356 
f 2356/2356/2356 2377/2377/2377 2291/2291/2291 
f 2377/2377/2377 2286/2286/2286 2291/2291/2291 
f 2291/2291/2291 2286/2286/2286 2286/2286/2286 
f 2286/2286/2286 2376/2376/2376 2286/2286/2286 
f 2286/2286/2286 2376/2376/2376 2376/2376/2376 
f 2376/2376/2376 2356/2356/2356 2376/2376/2376 
f 2376/2376/2376 2356/2356/2356 2360/2360/2360 
f 2356/2356/2356 2358/2358/2358 2360/2360/2360 
f 2360/2360/2360 2358/2358/2358 2358/2358/2358 
f 2358/2358/2358 2296/2296/2296 2358/2358/2358 
f 2358/2358/2358 2296/2296/2296 2296/2296/2296 
f 2296/2296/2296 2294/2294/2294 2296/2296/2296 
f 2296/2296/2296 2294/2294/2294 2298/2298/2298 
f 2294/2294/2294 2322/2322/2322 2298/2298/2298 
f 2298/2298/2298 2322/2322/2322 2322/2322/2322 
f 2322/2322/2322 2364/2364/2364 2322/2322/2322 
f 2322/2322/2322 2364/2364/2364 2364/2364/2364 
f 2364/2364/2364 2366/2366/2366 2364/2364/2364 
f 2364/2364/2364 2366/2366/2366 2362/2362/2362 
f 2366/2366/2366 2374/2374/2374 2362/2362/2362 
f 2362/2362/2362 2374/2374/2374 2374/2374/2374 
f 2374/2374/2374 2308/2308/2308 2374/2374/2374 
f 2374/2374/2374 2308/2308/2308 2308/2308/2308 
f 2308/2308/2308 2306/2306/2306 2308/2308/2308 
f 2308/2308/2308 2306/2306/2306 2310/2310/2310 
f 2306/2306/2306 2330/2330/2330 2310/2310/2310 
f 2310/2310/2310 2330/2330/2330 2330/2330/2330 
f 2330/2330/2330 2335/2335/2335 2330/2330/2330 
f 2330/2330/2330 2335/2335/2335 2335/2335/2335 
f 2335/2335/2335 2317/2317/2317 2335/2335/2335 
f 2335/2335/2335 2317/2317/2317 2315/2315/2315 
f 2317/2317/2317 2316/2316/2316 2315/2315/2315 
f 2315/2315/2315 2316/2316/2316 2316/2316/2316 
f 2316/2316/2316 2302/2302/2302 2316/2316/2316 
f 2316/2316/2316 2302/2302/2302 2302/2302/2302 
f 2302/2302/2302 2300/2300/2300 2302/2302/2302 
f 2302/2302/2302 2300/2300/2300 2304/2304/2304 
f 2300/2300/2300 2326/2326/2326 2304/2304/2304 
f 2304/2304/2304 2326/2326/2326 2326/2326/2326 
f 2326/2326/2326 2355/2355/2355 2326/2326/2326 
f 2326/2326/2326 2355/2355/2355 2355/2355/2355 
f 2355/2355/2355 2295/2295/2295 2355/2355/2355 
f 2355/2355/2355 2295/2295/2295 2357/2357/2357 
f 2295/2295/2295 2378/2378/2378 2357/2357/2357 
f 2357/2357/2357 2378/2378/2378 2379/2379/2379 
f 2378/2378/2378 2297/2297/2297 2379/2379/2379 
f 2379/2379/2379 2297/2297/2297 2380/2380/2380 
f 2297/2297/2297 2301/2301/2301 2380/2380/2380 
f 2380/2380/2380 2301/2301/2301 2381/2381/2381 
f 2301/2301/2301 2382/2382/2382 2381/2381/2381 
f 2381/2381/2381 2382/2382/2382 2383/2383/2383 
f 2382/2382/2382 2303/2303/2303 2383/2383/2383 
f 2383/2383/2383 2303/2303/2303 2384/2384/2384 
f 2303/2303/2303 2307/2307/2307 2384/2384/2384 
f 2384/2384/2384 2307/2307/2307 2385/2385/2385 
f 2307/2307/2307 2386/2386/2386 2385/2385/2385 
f 2385/2385/2385 2386/2386/2386 2387/2387/2387 
f 2386/2386/2386 2309/2309/2309 2387/2387/2387 
f 2387/2387/2387 2309/2309/2309 2388/2388/2388 
f 2309/2309/2309 2389/2389/2389 2388/2388/2388 
f 2388/2388/2388 2389/2389/2389 2390/2390/2390 
f 2389/2389/2389 2391/2391/2391 2390/2390/2390 
f 2390/2390/2390 2391/2391/2391 2392/2392/2392 
f 2391/2391/2391 2392/2392/2392 2392/2392/2392 
f 2392/2392/2392 2392/2392/2392 2392/2392/2392 
f 2392/2392/2392 2393/2393/2393 2392/2392/2392 
f 2392/2392/2392 2393/2393/2393 2390/2390/2390 
f 2393/2393/2393 2394/2394/2394 2390/2390/2390 
f 2390/2390/2390 2394/2394/2394 2395/2395/2395 
f 2394/2394/2394 2396/2396/2396 2395/2395/2395 
f 2395/2395/2395 2396/2396/2396 2387/2387/2387 
f 2396/2396/2396 2397/2397/2397 2387/2387/2387 
f 2387/2387/2387 2397/2397/2397 2385/2385/2385 
f 2397/2397/2397 2398/2398/2398 2385/2385/2385 
f 2385/2385/2385 2398/2398/2398 2399/2399/2399 
f 2398/2398/2398 2400/2400/2400 2399/2399/2399 
f 2399/2399/2399 2400/2400/2400 2383/2383/2383 
f 2400/2400/2400 2401/2401/2401 2383/2383/2383 
f 2383/2383/2383 2401/2401/2401 2381/2381/2381 
f 2401/2401/2401 2402/2402/2402 2381/2381/2381 
f 2381/2381/2381 2402/2402/2402 2403/2403/2403 
f 2402/2402/2402 2404/2404/2404 2403/2403/2403 
f 2403/2403/2403 2404/2404/2404 2379/2379/2379 
f 2404/2404/2404 2405/2405/2405 2379/2379/2379 
f 2379/2379/2379 2405/2405/2405 2357/2357/2357 
f 2405/2405/2405 2359/2359/2359 2357/2357/2357 
f 2357/2357/2357 2359/2359/2359 2359/2359/2359 
f 2359/2359/2359 2394/2394/2394 2359/2359/2359 
f 2359/2359/2359 2394/2394/2394 2394/2394/2394 
f 2394/2394/2394 2406/2406/2406 2394/2394/2394 
f 2394/2394/2394 2406/2406/2406 2396/2396/2396 
f 2406/2406/2406 2407/2407/2407 2396/2396/2396 
f 2396/2396/2396 2407/2407/2407 2408/2408/2408 
f 2407/2407/2407 2409/2409/2409 2408/2408/2408 
f 2408/2408/2408 2409/2409/2409 2398/2398/2398 
f 2409/2409/2409 2410/2410/2410 2398/2398/2398 
f 2398/2398/2398 2410/2410/2410 2400/2400/2400 
f 2410/2410/2410 2411/2411/2411 2400/2400/2400 
f 2400/2400/2400 2411/2411/2411 2412/2412/2412 
f 2411/2411/2411 2413/2413/2413 2412/2412/2412 
f 2412/2412/2412 2413/2413/2413 2402/2402/2402 
f 2413/2413/2413 2414/2414/2414 2402/2402/2402 
f 2402/2402/2402 2414/2414/2414 2404/2404/2404 
f 2414/2414/2414 2415/2415/2415 2404/2404/2404 
f 2404/2404/2404 2415/2415/2415 2416/2416/2416 
f 2415/2415/2415 2363/2363/2363 2416/2416/2416 
f 2416/2416/2416 2363/2363/2363 2359/2359/2359 
f 2363/2363/2363 2361/2361/2361 2359/2359/2359 
f 2359/2359/2359 2361/2361/2361 2361/2361/2361 
f 2361/2361/2361 2407/2407/2407 2361/2361/2361 
f 2361/2361/2361 2407/2407/2407 2407/2407/2407 
f 2407/2407/2407 2417/2417/2417 2407/2407/2407 
f 2407/2407/2407 2417/2417/2417 2409/2409/2409 
f 2417/2417/2417 2418/2418/2418 2409/2409/2409 
f 2409/2409/2409 2418/2418/2418 2419/2419/2419 
f 2418/2418/2418 2420/2420/2420 2419/2419/2419 
f 2419/2419/2419 2420/2420/2420 2411/2411/2411 
f 2420/2420/2420 2421/2421/2421 2411/2411/2411 
f 2411/2411/2411 2421/2421/2421 2413/2413/2413 
f 2421/2421/2421 2422/2422/2422 2413/2413/2413 
f 2413/2413/2413 2422/2422/2422 2423/2423/2423 
f 2422/2422/2422 2424/2424/2424 2423/2423/2423 
f 2423/2423/2423 2424/2424/2424 2415/2415/2415 
f 2424/2424/2424 2425/2425/2425 2415/2415/2415 
f 2415/2415/2415 2425/2425/2425 2363/2363/2363 
f 2425/2425/2425 2365/2365/2365 2363/2363/2363 
f 2363/2363/2363 2365/2365/2365 2365/2365/2365 
f 2365/2365/2365 2418/2418/2418 2365/2365/2365 
f 2365/2365/2365 2418/2418/2418 2418/2418/2418 
f 2418/2418/2418 2426/2426/2426 2418/2418/2418 
f 2418/2418/2418 2426/2426/2426 2420/2420/2420 
f 2426/2426/2426 2427/2427/2427 2420/2420/2420 
f 2420/2420/2420 2427/2427/2427 2428/2428/2428 
f 2427/2427/2427 2429/2429/2429 2428/2428/2428 
f 2428/2428/2428 2429/2429/2429 2422/2422/2422 
f 2429/2429/2429 2430/2430/2430 2422/2422/2422 
f 2422/2422/2422 2430/2430/2430 2424/2424/2424 
f 2430/2430/2430 2431/2431/2431 2424/2424/2424 
f 2424/2424/2424 2431/2431/2431 2432/2432/2432 
f 2431/2431/2431 2369/2369/2369 2432/2432/2432 
f 2432/2432/2432 2369/2369/2369 2365/2365/2365 
f 2369/2369/2369 2367/2367/2367 2365/2365/2365 
f 2365/2365/2365 2367/2367/2367 2367/2367/2367 
f 2367/2367/2367 2427/2427/2427 2367/2367/2367 
f 2367/2367/2367 2427/2427/2427 2427/2427/2427 
f 2427/2427/2427 2426/2426/2426 2427/2427/2427 
f 2427/2427/2427 2426/2426/2426 2433/2433/2433 
f 2426/2426/2426 2418/2418/2418 2433/2433/2433 
f 2433/2433/2433 2418/2418/2418 2434/2434/2434 
f 2418/2418/2418 2435/2435/2435 2434/2434/2434 
f 2434/2434/2434 2435/2435/2435 2436/2436/2436 
f 2435/2435/2435 2437/2437/2437 2436/2436/2436 
f 2436/2436/2436 2437/2437/2437 2438/2438/2438 
f 2437/2437/2437 2439/2439/2439 2438/2438/2438 
f 2438/2438/2438 2439/2439/2439 2440/2440/2440 
f 2439/2439/2439 2394/2394/2394 2440/2440/2440 
f 2440/2440/2440 2394/2394/2394 2441/2441/2441 
f 2394/2394/2394 2393/2393/2393 2441/2441/2441 
f 2441/2441/2441 2393/2393/2393 2392/2392/2392 
f 2393/2393/2393 2392/2392/2392 2392/2392/2392 
f 2392/2392/2392 2392/2392/2392 2392/2392/2392 
f 2392/2392/2392 2442/2442/2442 2392/2392/2392 
f 2392/2392/2392 2442/2442/2442 2441/2441/2441 
f 2442/2442/2442 2443/2443/2443 2441/2441/2441 
f 2441/2441/2441 2443/2443/2443 2444/2444/2444 
f 2443/2443/2443 2445/2445/2445 2444/2444/2444 
f 2444/2444/2444 2445/2445/2445 2438/2438/2438 
f 2445/2445/2445 2446/2446/2446 2438/2438/2438 
f 2438/2438/2438 2446/2446/2446 2436/2436/2436 
f 2446/2446/2446 2447/2447/2447 2436/2436/2436 
f 2436/2436/2436 2447/2447/2447 2448/2448/2448 
f 2447/2447/2447 2449/2449/2449 2448/2448/2448 
f 2448/2448/2448 2449/2449/2449 2433/2433/2433 
f 2449/2449/2449 2450/2450/2450 2433/2433/2433 
f 2433/2433/2433 2450/2450/2450 2427/2427/2427 
f 2450/2450/2450 2449/2449/2449 2427/2427/2427 
f 2427/2427/2427 2449/2449/2449 2451/2451/2451 
f 2449/2449/2449 2452/2452/2452 2451/2451/2451 
f 2451/2451/2451 2452/2452/2452 2429/2429/2429 
f 2452/2452/2452 2453/2453/2453 2429/2429/2429 
f 2429/2429/2429 2453/2453/2453 2431/2431/2431 
f 2453/2453/2453 2454/2454/2454 2431/2431/2431 
f 2431/2431/2431 2454/2454/2454 2455/2455/2455 
f 2454/2454/2454 2371/2371/2371 2455/2455/2455 
f 2455/2455/2455 2371/2371/2371 2369/2369/2369 
f 2371/2371/2371 2369/2369/2369 2369/2369/2369 
f 2369/2369/2369 2369/2369/2369 2443/2443/2443 
f 2369/2369/2369 2443/2443/2443 2443/2443/2443 
f 2443/2443/2443 2443/2443/2443 2443/2443/2443 
f 2443/2443/2443 2456/2456/2456 2443/2443/2443 
f 2443/2443/2443 2456/2456/2456 2445/2445/2445 
f 2456/2456/2456 2457/2457/2457 2445/2445/2445 
f 2445/2445/2445 2457/2457/2457 2458/2458/2458 
f 2457/2457/2457 2459/2459/2459 2458/2458/2458 
f 2458/2458/2458 2459/2459/2459 2447/2447/2447 
f 2459/2459/2459 2460/2460/2460 2447/2447/2447 
f 2447/2447/2447 2460/2460/2460 2449/2449/2449 
f 2460/2460/2460 2452/2452/2452 2449/2449/2449 
f 2449/2449/2449 2452/2452/2452 2452/2452/2452 
f 2452/2452/2452 2457/2457/2457 2452/2452/2452 
f 2452/2452/2452 2457/2457/2457 2457/2457/2457 
f 2457/2457/2457 2461/2461/2461 2457/2457/2457 
f 2457/2457/2457 2461/2461/2461 2459/2459/2459 
f 2461/2461/2461 2462/2462/2462 2459/2459/2459 
f 2459/2459/2459 2462/2462/2462 2463/2463/2463 
f 2462/2462/2462 2454/2454/2454 2463/2463/2463 
f 2463/2463/2463 2454/2454/2454 2452/2452/2452 
f 2454/2454/2454 2453/2453/2453 2452/2452/2452 
f 2452/2452/2452 2453/2453/2453 2453/2453/2453 
f 2453/2453/2453 2463/2463/2463 2453/2453/2453 
f 2453/2453/2453 2463/2463/2463 2463/2463/2463 
f 2463/2463/2463 2452/2452/2452 2463/2463/2463 
f 2463/2463/2463 2452/2452/2452 2459/2459/2459 
f 2452/2452/2452 2460/2460/2460 2459/2459/2459 
f 2459/2459/2459 2460/2460/2460 2460/2460/2460 
f 2460/2460/2460 2421/2421/2421 2460/2460/2460 
f 2460/2460/2460 2421/2421/2421 2421/2421/2421 
f 2421/2421/2421 2420/2420/2420 2421/2421/2421 
f 2421/2421/2421 2420/2420/2420 2422/2422/2422 
f 2420/2420/2420 2428/2428/2428 2422/2422/2422 
f 2422/2422/2422 2428/2428/2428 2428/2428/2428 
f 2428/2428/2428 2418/2418/2418 2428/2428/2428 
f 2428/2428/2428 2418/2418/2418 2418/2418/2418 
f 2418/2418/2418 2417/2417/2417 2418/2418/2418 
f 2418/2418/2418 2417/2417/2417 2435/2435/2435 
f 2417/2417/2417 2407/2407/2407 2435/2435/2435 
f 2435/2435/2435 2407/2407/2407 2464/2464/2464 
f 2407/2407/2407 2439/2439/2439 2464/2464/2464 
f 2464/2464/2464 2439/2439/2439 2435/2435/2435 
f 2439/2439/2439 2437/2437/2437 2435/2435/2435 
f 2435/2435/2435 2437/2437/2437 2437/2437/2437 
f 2437/2437/2437 2407/2407/2407 2437/2437/2437 
f 2437/2437/2437 2407/2407/2407 2407/2407/2407 
f 2407/2407/2407 2406/2406/2406 2407/2407/2407 
f 2407/2407/2407 2406/2406/2406 2439/2439/2439 
f 2406/2406/2406 2394/2394/2394 2439/2439/2439 
f 2439/2439/2439 2394/2394/2394 2394/2394/2394 
f 2394/2394/2394 2388/2388/2388 2394/2394/2394 
f 2394/2394/2394 2388/2388/2388 2388/2388/2388 
f 2388/2388/2388 2390/2390/2390 2388/2388/2388 
f 2388/2388/2388 2390/2390/2390 2387/2387/2387 
f 2390/2390/2390 2395/2395/2395 2387/2387/2387 
f 2387/2387/2387 2395/2395/2395 2395/2395/2395 
f 2395/2395/2395 2448/2448/2448 2395/2395/2395 
f 2395/2395/2395 2448/2448/2448 2448/2448/2448 
f 2448/2448/2448 2433/2433/2433 2448/2448/2448 
f 2448/2448/2448 2433/2433/2433 2436/2436/2436 
f 2433/2433/2433 2434/2434/2434 2436/2436/2436 
f 2436/2436/2436 2434/2434/2434 2434/2434/2434 
f 2434/2434/2434 2458/2458/2458 2434/2434/2434 
f 2434/2434/2434 2458/2458/2458 2458/2458/2458 
f 2458/2458/2458 2447/2447/2447 2458/2458/2458 
f 2458/2458/2458 2447/2447/2447 2445/2445/2445 
f 2447/2447/2447 2446/2446/2446 2445/2445/2445 
f 2445/2445/2445 2446/2446/2446 2446/2446/2446 
f 2446/2446/2446 2444/2444/2444 2446/2446/2446 
f 2446/2446/2446 2444/2444/2444 2444/2444/2444 
f 2444/2444/2444 2438/2438/2438 2444/2444/2444 
f 2444/2444/2444 2438/2438/2438 2441/2441/2441 
f 2438/2438/2438 2440/2440/2440 2441/2441/2441 
f 2441/2441/2441 2440/2440/2440 2440/2440/2440 
f 2440/2440/2440 2425/2425/2425 2440/2440/2440 
f 2440/2440/2440 2425/2425/2425 2425/2425/2425 
f 2425/2425/2425 2424/2424/2424 2425/2425/2425 
f 2425/2425/2425 2424/2424/2424 2365/2365/2365 
f 2424/2424/2424 2432/2432/2432 2365/2365/2365 
f 2365/2365/2365 2432/2432/2432 2432/2432/2432 
f 2432/2432/2432 2412/2412/2412 2432/2432/2432 
f 2432/2432/2432 2412/2412/2412 2412/2412/2412 
f 2412/2412/2412 2402/2402/2402 2412/2412/2412 
f 2412/2412/2412 2402/2402/2402 2400/2400/2400 
f 2402/2402/2402 2401/2401/2401 2400/2400/2400 
f 2400/2400/2400 2401/2401/2401 2401/2401/2401 
f 2401/2401/2401 2384/2384/2384 2401/2401/2401 
f 2401/2401/2401 2384/2384/2384 2384/2384/2384 
f 2384/2384/2384 2385/2385/2385 2384/2384/2384 
f 2384/2384/2384 2385/2385/2385 2383/2383/2383 
f 2385/2385/2385 2399/2399/2399 2383/2383/2383 
f 2383/2383/2383 2399/2399/2399 2399/2399/2399 
f 2399/2399/2399 2279/2279/2279 2399/2399/2399 
f 2399/2399/2399 2279/2279/2279 2279/2279/2279 
f 2279/2279/2279 2277/2277/2277 2279/2279/2279 
f 2279/2279/2279 2277/2277/2277 2281/2281/2281 
f 2277/2277/2277 2465/2465/2465 2281/2281/2281 
f 2281/2281/2281 2465/2465/2465 2466/2466/2466 
f 2465/2465/2465 2466/2466/2466 2466/2466/2466 
f 2466/2466/2466 2466/2466/2466 2281/2281/2281 
f 2466/2466/2466 2281/2281/2281 2281/2281/2281 
f 2281/2281/2281 2281/2281/2281 2281/2281/2281 
f 2281/2281/2281 2466/2466/2466 2281/2281/2281 
f 2281/2281/2281 2466/2466/2466 2312/2312/2312 
f 2466/2466/2466 2313/2313/2313 2312/2312/2312 
f 2312/2312/2312 2313/2313/2313 2313/2313/2313 
f 2313/2313/2313 2318/2318/2318 2313/2313/2313 
f 2313/2313/2313 2318/2318/2318 2318/2318/2318 
f 2318/2318/2318 2292/2292/2292 2318/2318/2318 
f 2318/2318/2318 2292/2292/2292 2289/2289/2289 
f 2292/2292/2292 2290/2290/2290 2289/2289/2289 
f 2289/2289/2289 2290/2290/2290 2290/2290/2290 
f 2290/2290/2290 2414/2414/2414 2290/2290/2290 
f 2290/2290/2290 2414/2414/2414 2414/2414/2414 
f 2414/2414/2414 2413/2413/2413 2414/2414/2414 
f 2414/2414/2414 2413/2413/2413 2415/2415/2415 
f 2413/2413/2413 2423/2423/2423 2415/2415/2415 
f 2415/2415/2415 2423/2423/2423 2423/2423/2423 
f 2423/2423/2423 2462/2462/2462 2423/2423/2423 
f 2423/2423/2423 2462/2462/2462 2462/2462/2462 
f 2462/2462/2462 2467/2467/2467 2462/2462/2462 
f 2462/2462/2462 2467/2467/2467 2454/2454/2454 
f 2467/2467/2467 2371/2371/2371 2454/2454/2454 
f 2454/2454/2454 2371/2371/2371 2371/2371/2371 
f 2371/2371/2371 2345/2345/2345 2371/2371/2371 
f 2371/2371/2371 2345/2345/2345 2345/2345/2345 
f 2345/2345/2345 2343/2343/2343 2345/2345/2345 
f 2345/2345/2345 2343/2343/2343 2468/2468/2468 
f 2343/2343/2343 2353/2353/2353 2468/2468/2468 
f 2468/2468/2468 2353/2353/2353 2353/2353/2353 
f 2353/2353/2353 2380/2380/2380 2353/2353/2353 
f 2353/2353/2353 2380/2380/2380 2380/2380/2380 
f 2380/2380/2380 2381/2381/2381 2380/2380/2380 
f 2380/2380/2380 2381/2381/2381 2379/2379/2379 
f 2381/2381/2381 2403/2403/2403 2379/2379/2379 
f 2379/2379/2379 2403/2403/2403 2403/2403/2403 
f 2403/2403/2403 2419/2419/2419 2403/2403/2403 
f 2403/2403/2403 2419/2419/2419 2419/2419/2419 
f 2419/2419/2419 2411/2411/2411 2419/2419/2419 
f 2419/2419/2419 2411/2411/2411 2409/2409/2409 
f 2411/2411/2411 2410/2410/2410 2409/2409/2409 
f 2409/2409/2409 2410/2410/2410 2410/2410/2410 
f 2410/2410/2410 2408/2408/2408 2410/2410/2410 
f 2410/2410/2410 2408/2408/2408 2408/2408/2408 
f 2408/2408/2408 2398/2398/2398 2408/2408/2408 
f 2408/2408/2408 2398/2398/2398 2396/2396/2396 
f 2398/2398/2398 2397/2397/2397 2396/2396/2396 
f 2396/2396/2396 2397/2397/2397 2397/2397/2397 
f 2397/2397/2397 2405/2405/2405 2397/2397/2397 
f 2397/2397/2397 2405/2405/2405 2405/2405/2405 
f 2405/2405/2405 2404/2404/2404 2405/2405/2405 
f 2405/2405/2405 2404/2404/2404 2359/2359/2359 
f 2404/2404/2404 2416/2416/2416 2359/2359/2359 
f 2359/2359/2359 2416/2416/2416 2416/2416/2416 
f 2416/2416/2416 2314/2314/2314 2416/2416/2416 
f 2416/2416/2416 2314/2314/2314 2314/2314/2314 
f 2314/2314/2314 2287/2287/2287 2314/2314/2314 
f 2314/2314/2314 2287/2287/2287 2283/2283/2283 
f 2287/2287/2287 2285/2285/2285 2283/2283/2283 
f 134/134/134 164/164/164 136/136/136 
f 138/138/138 137/137/137 136/136/136 
f 6/6/6 938/938/938 8/8/8 
f 6/6/6 4/4/4 2/2/2 
f 138/138/138 160/160/160 140/140/140 
f 142/142/142 141/141/141 140/140/140 
f 149/149/149 151/151/151 21/21/21 
f 12/12/12 991/991/991 14/14/14 
f 473/473/473 491/491/491 475/475/475 
f 489/489/489 487/487/487 485/485/485 
f 2334/2334/2334 2336/2336/2336 2349/2349/2349 
f 2327/2327/2327 2325/2325/2325 2344/2344/2344 
f 2327/2327/2327 2329/2329/2329 2328/2328/2328 
f 2309/2309/2309 2386/2386/2386 2307/2307/2307 
f 2309/2309/2309 2311/2311/2311 2389/2389/2389 
f 1930/1930/1930 2095/2095/2095 1932/1932/1932 
f 694/694/694 690/690/690 692/692/692 
f 694/694/694 696/696/696 779/779/779 
f 749/749/749 751/751/751 796/796/796 
f 752/752/752 880/880/880 754/754/754 
f 755/755/755 751/751/751 753/753/753 
f 758/758/758 756/756/756 754/754/754 
f 688/688/688 690/690/690 783/783/783 
f 700/700/700 696/696/696 698/698/698 
f 700/700/700 702/702/702 775/775/775 
f 746/746/746 876/876/876 748/748/748 
f 749/749/749 745/745/745 747/747/747 
f 752/752/752 750/750/750 748/748/748 
f 755/755/755 757/757/757 800/800/800 
f 761/761/761 757/757/757 759/759/759 
f 758/758/758 884/884/884 760/760/760 
f 764/764/764 762/762/762 760/760/760 
f 761/761/761 763/763/763 804/804/804 
f 764/764/764 888/888/888 766/766/766 
f 767/767/767 763/763/763 765/765/765 
f 770/770/770 768/768/768 766/766/766 
f 767/767/767 769/769/769 808/808/808 
f 770/770/770 892/892/892 772/772/772 
f 773/773/773 769/769/769 771/771/771 
f 1535/1535/1535 1533/1533/1533 1810/1810/1810 
f 1904/1904/1904 1855/1855/1855 1854/1854/1854 
f 1601/1601/1601 1599/1599/1599 1853/1853/1853 
f 1852/1852/1852 1906/1906/1906 1854/1854/1854 
f 1595/1595/1595 1599/1599/1599 1597/1597/1597 
f 1535/1535/1535 1539/1539/1539 1537/1537/1537 
f 1541/1541/1541 1539/1539/1539 1814/1814/1814 
f 1852/1852/1852 1851/1851/1851 1850/1850/1850 
f 1595/1595/1595 1593/1593/1593 1849/1849/1849 
f 1848/1848/1848 1908/1908/1908 1850/1850/1850 
f 1589/1589/1589 1593/1593/1593 1591/1591/1591 
f 1541/1541/1541 1545/1545/1545 1543/1543/1543 
f 1547/1547/1547 1545/1545/1545 1818/1818/1818 
f 1848/1848/1848 1847/1847/1847 1846/1846/1846 
f 1589/1589/1589 1587/1587/1587 1845/1845/1845 
f 1844/1844/1844 1910/1910/1910 1846/1846/1846 
f 1583/1583/1583 1587/1587/1587 1585/1585/1585 
f 1553/1553/1553 1557/1557/1557 1555/1555/1555 
f 1559/1559/1559 1557/1557/1557 1826/1826/1826 
f 1583/1583/1583 1581/1581/1581 1841/1841/1841 
f 1840/1840/1840 1912/1912/1912 1842/1842/1842 
f 1844/1844/1844 1843/1843/1843 1842/1842/1842 
f 1553/1553/1553 1551/1551/1551 1822/1822/1822 
f 1547/1547/1547 1551/1551/1551 1549/1549/1549 
f 1930/1930/1930 1928/1928/1928 1926/1926/1926 
f 1924/1924/1924 2091/2091/2091 1926/1926/1926 
f 1924/1924/1924 1922/1922/1922 1920/1920/1920 
f 1918/1918/1918 2087/2087/2087 1920/1920/1920 
f 932/932/932 934/934/934 936/936/936 
f 144/144/144 145/145/145 147/147/147 
f 477/477/477 944/944/944 479/479/479 
f 1559/1559/1559 1563/1563/1563 1561/1561/1561 
f 1565/1565/1565 1563/1563/1563 1830/1830/1830 
f 2264/2264/2264 2262/2262/2262 2270/2270/2270 
f 738/738/738 961/961/961 37/37/37 
f 296/296/296 298/298/298 972/972/972 
f 2338/2338/2338 2336/2336/2336 2337/2337/2337 
f 2466/2466/2466 2339/2339/2339 2313/2313/2313 
f 2280/2280/2280 2375/2375/2375 2278/2278/2278 
f 2373/2373/2373 2276/2276/2276 2278/2278/2278 
f 2369/2369/2369 2431/2431/2431 2455/2455/2455 
f 1936/1936/1936 1934/1934/1934 1932/1932/1932 
f 1942/1942/1942 1940/1940/1940 1938/1938/1938 
f 1936/1936/1936 2099/2099/2099 1938/1938/1938 
f 1942/1942/1942 2103/2103/2103 1944/1944/1944 
f 543/543/543 547/547/547 545/545/545 
f 543/543/543 541/541/541 628/628/628 
f 688/688/688 684/684/684 686/686/686 
f 549/549/549 547/547/547 624/624/624 
f 537/537/537 541/541/541 539/539/539 
f 537/537/537 535/535/535 632/632/632 
f 664/664/664 672/672/672 666/666/666 
f 682/682/682 684/684/684 787/787/787 
f 682/682/682 679/679/679 680/680/680 
f 611/611/611 678/678/678 613/613/613 
f 531/531/531 535/535/535 533/533/533 
f 531/531/531 529/529/529 636/636/636 
f 677/677/677 679/679/679 791/791/791 
f 677/677/677 675/675/675 676/676/676 
f 615/615/615 614/614/614 613/613/613 
f 525/525/525 529/529/529 527/527/527 
f 1746/1746/1746 1801/1801/1801 1748/1748/1748 
f 1799/1799/1799 1750/1750/1750 1748/1748/1748 
f 1742/1742/1742 1803/1803/1803 1744/1744/1744 
f 1746/1746/1746 1745/1745/1745 1744/1744/1744 
f 1738/1738/1738 1805/1805/1805 1740/1740/1740 
f 1742/1742/1742 1741/1741/1741 1740/1740/1740 
f 1571/1571/1571 1575/1575/1575 1573/1573/1573 
f 1577/1577/1577 1575/1575/1575 1837/1837/1837 
f 1577/1577/1577 1581/1581/1581 1579/1579/1579 
f 1738/1738/1738 1737/1737/1737 1736/1736/1736 
f 1734/1734/1734 1807/1807/1807 1736/1736/1736 
f 287/287/287 285/285/285 283/283/283 
f 1565/1565/1565 1569/1569/1569 1567/1567/1567 
f 1571/1571/1571 1569/1569/1569 1834/1834/1834 
f 2297/2297/2297 2299/2299/2299 2301/2301/2301 
f 2297/2297/2297 2378/2378/2378 2295/2295/2295 
f 2323/2323/2323 2325/2325/2325 2324/2324/2324 
f 2323/2323/2323 2321/2321/2321 2340/2340/2340 
f 2334/2334/2334 2332/2332/2332 2333/2333/2333 
f 2286/2286/2286 2377/2377/2377 2284/2284/2284 
f 2280/2280/2280 2282/2282/2282 2284/2284/2284 
f 2429/2429/2429 2431/2431/2431 2430/2430/2430 
f 2429/2429/2429 2427/2427/2427 2451/2451/2451 
f 2303/2303/2303 2305/2305/2305 2307/2307/2307 
f 2303/2303/2303 2382/2382/2382 2301/2301/2301 
f 1454/1454/1454 1443/1443/1443 1442/1442/1442 
f 1464/1464/1464 1439/1439/1439 1438/1438/1438 
f 1270/1270/1270 1275/1275/1275 1271/1271/1271 
f 1294/1294/1294 1296/1296/1296 1331/1331/1331 
f 1095/1095/1095 1017/1017/1017 1015/1015/1015 
f 1169/1169/1169 1264/1264/1264 1263/1263/1263 
f 209/209/209 217/217/217 210/210/210 
f 248/248/248 190/190/190 188/188/188 
f 269/269/269 266/266/266 265/265/265 
f 216/216/216 215/215/215 2469/2469/2469 

