mtllib model_0.mtl
o model_0
v 0.0007244700100272894 3.490628957748413 -9.833806037902832 
v 0.0007244700100272894 1.2954741716384888 -11.801851272583008 
v -1.028062343597412 3.490628957748413 -9.780813217163086 
v -1.2327232360839844 1.2954741716384888 -11.736066818237305 
v -2.044057846069336 3.490628957748413 -9.620007514953613 
v -2.4533796310424805 1.2954742908477783 -11.544196128845215 
v -3.0381252765655518 3.490628957748413 -9.353216171264648 
v -3.6466262340545654 1.2954742908477783 -11.224411964416504 
v -3.999300956726074 3.490628957748413 -8.98409366607666 
v -4.799671649932861 1.2954744100570679 -10.780367851257324 
v -4.91662073135376 3.490629196166992 -8.516294479370117 
v -5.899724006652832 1.2954744100570679 -10.219374656677246 
v -5.780947685241699 3.490629196166992 -7.955300807952881 
v -6.93582010269165 1.2954745292663574 -9.546913146972656 
v -6.579490661621094 3.4906294345855713 -7.308422565460205 
v -7.896995544433594 1.295474648475647 -8.770294189453125 
v -7.308595657348633 3.4906294345855713 -6.581140995025635 
v -8.77046012878418 1.295474886894226 -7.896825313568115 
v -7.955470561981201 3.4906296730041504 -5.780766010284424 
v -9.547075271606445 1.2954750061035156 -6.937471866607666 
v -8.516460418701172 3.4906296730041504 -4.916434288024902 
v -10.219532012939453 1.2954751253128052 -5.901370048522949 
v -8.984257698059082 3.4906299114227295 -3.9991095066070557 
v -10.780522346496582 1.2954753637313843 -4.799483776092529 
v -9.353377342224121 3.4906301498413086 -3.0397560596466064 
v -11.222736358642578 1.2954754829406738 -3.646432399749756 
v -9.62016773223877 3.4906301498413086 -2.043855667114258 
v -11.542519569396973 1.295475721359253 -2.4531795978546143 
v -9.780973434448242 3.4906303882598877 -1.0278546810150146 
v -11.73621654510498 1.295475959777832 -1.2343437671661377 
v -9.833965301513672 3.490630626678467 -0.0008896287181414664 
v -11.802000045776367 1.2954760789871216 -0.0008892710320651531 
v -9.780973434448242 3.490630626678467 1.0279027223587036 
v -11.73621654510498 1.2954763174057007 1.2343926429748535 
v -9.62016773223877 3.490630865097046 2.0439038276672363 
v -11.542519569396973 1.2954765558242798 2.45322847366333 
v -9.353377342224121 3.490631103515625 3.039803981781006 
v -11.222736358642578 1.2954766750335693 3.6464812755584717 
v -8.984257698059082 3.490631103515625 3.9991579055786133 
v -10.780522346496582 1.2954769134521484 4.799532890319824 
v -8.516460418701172 3.490631341934204 4.916482448577881 
v -10.219532012939453 1.295477032661438 5.901418685913086 
v -7.955470561981201 3.490631580352783 5.780814170837402 
v -9.547075271606445 1.295477271080017 6.937520503997803 
v -7.308595657348633 3.490631580352783 6.581188678741455 
v -8.77046012878418 1.2954773902893066 7.896873950958252 
v -6.579490661621094 3.4906318187713623 7.308470726013184 
v -7.896995544433594 1.2954775094985962 8.770342826843262 
v -5.780947685241699 3.4906318187713623 7.955348491668701 
v -6.93582010269165 1.2954776287078857 9.546961784362793 
v -4.91662073135376 3.4906318187713623 8.516342163085938 
v -5.899724006652832 1.2954777479171753 10.219423294067383 
v -3.999300956726074 3.4906320571899414 8.98414134979248 
v -4.799671649932861 1.2954778671264648 10.780416488647461 
v -3.0381252765655518 3.4906320571899414 9.353263854980469 
v -3.6466262340545654 1.2954779863357544 11.22446060180664 
v -2.044057846069336 3.4906320571899414 9.62005615234375 
v -2.4533796310424805 1.2954779863357544 11.542417526245117 
v -1.028062343597412 3.4906320571899414 9.780861854553223 
v -1.2327232360839844 1.2954779863357544 11.736115455627441 
v 0.0007244700100272894 3.4906320571899414 9.833854675292969 
v 0.0007244700100272894 1.295478105545044 11.801899909973145 
v 1.027683973312378 3.4906320571899414 9.780861854553223 
v 1.2341722249984741 1.2954779863357544 11.736115455627441 
v 2.045506715774536 3.4906320571899414 9.62005615234375 
v 2.4530014991760254 1.2954779863357544 11.542417526245117 
v 3.039574146270752 3.4906320571899414 9.353263854980469 
v 3.6462478637695312 1.2954779863357544 11.22446060180664 
v 4.000749588012695 3.4906320571899414 8.98414134979248 
v 4.799293041229248 1.2954778671264648 10.780416488647461 
v 4.9162421226501465 3.4906318187713623 8.516342163085938 
v 5.901173114776611 1.2954777479171753 10.219423294067383 
v 5.780569076538086 3.4906318187713623 7.955348491668701 
v 6.93726921081543 1.2954776287078857 9.546961784362793 
v 6.580939769744873 3.4906318187713623 7.308470726013184 
v 7.8966169357299805 1.2954775094985962 8.770342826843262 
v 7.3082170486450195 3.490631580352783 6.581188678741455 
v 8.770081520080566 1.2954773902893066 7.896873950958252 
v 7.956919193267822 3.490631580352783 5.780814170837402 
v 9.546696662902832 1.295477271080017 6.937520503997803 
v 8.516081809997559 3.490631341934204 4.916482448577881 
v 10.22098159790039 1.295477032661438 5.901418685913086 
v 8.983879089355469 3.490631103515625 3.9991579055786133 
v 10.780144691467285 1.2954769134521484 4.799532890319824 
v 9.352998733520508 3.490631103515625 3.039803981781006 
v 11.224185943603516 1.2954766750335693 3.6464812755584717 
v 9.619789123535156 3.490630865097046 2.0439038276672363 
v 11.543968200683594 1.2954765558242798 2.45322847366333 
v 9.780594825744629 3.490630626678467 1.0279027223587036 
v 11.735837936401367 1.2954763174057007 1.2343926429748535 
v 9.833586692810059 3.490630626678467 -0.0008896287181414664 
v 11.801621437072754 1.2954760789871216 -0.0008892710320651531 
v 9.780594825744629 3.4906303882598877 -1.0278546810150146 
v 11.735837936401367 1.295475959777832 -1.2343437671661377 
v 9.619789123535156 3.4906301498413086 -2.043855667114258 
v 11.543968200683594 1.295475721359253 -2.4531795978546143 
v 9.352998733520508 3.4906301498413086 -3.0397560596466064 
v 11.224185943603516 1.2954754829406738 -3.646432399749756 
v 8.983879089355469 3.4906299114227295 -3.9991095066070557 
v 10.780144691467285 1.2954753637313843 -4.799483776092529 
v 8.516081809997559 3.4906296730041504 -4.916434288024902 
v 10.22098159790039 1.2954751253128052 -5.901370048522949 
v 7.956919193267822 3.4906296730041504 -5.780766010284424 
v 9.546696662902832 1.2954750061035156 -6.937471866607666 
v 7.3082170486450195 3.4906294345855713 -6.581140995025635 
v 8.770081520080566 1.295474886894226 -7.896825313568115 
v 6.580939769744873 3.4906294345855713 -7.308422565460205 
v 7.8966169357299805 1.295474648475647 -8.770294189453125 
v 5.780569076538086 3.490629196166992 -7.955300807952881 
v 6.93726921081543 1.2954745292663574 -9.546913146972656 
v 4.9162421226501465 3.490629196166992 -8.516294479370117 
v 5.901173114776611 1.2954744100570679 -10.219374656677246 
v 4.000749588012695 3.490628957748413 -8.98409366607666 
v 4.799293041229248 1.2954744100570679 -10.780367851257324 
v 3.039574146270752 3.490628957748413 -9.353216171264648 
v 3.6462478637695312 1.2954742908477783 -11.224411964416504 
v 2.045506715774536 3.490628957748413 -9.620007514953613 
v 2.4530014991760254 1.2954742908477783 -11.544196128845215 
v 1.027683973312378 3.490628957748413 -9.780813217163086 
v 1.2341722249984741 1.2954741716384888 -11.736066818237305 
v 0.0007244700100272894 3.490628957748413 -9.833806037902832 
v 0.0007244700100272894 1.2954741716384888 -11.801851272583008 
v -24.17662811279297 5.879373550415039 17.565279006958008 
v -22.208593368530273 5.777970314025879 19.995641708374023 
v -22.248796463012695 6.395033359527588 20.032188415527344 
v -20.032243728637695 6.312067031860352 22.24875259399414 
v -24.220483779907227 6.497012615203857 17.596345901489258 
v -25.87969970703125 5.9715576171875 14.941219329833984 
v -25.927209854125977 6.589196681976318 14.968629837036133 
v -27.299535751342773 5.9715576171875 12.154525756835938 
v -27.348873138427734 6.58919620513916 12.176454544067383 
v -28.4215145111084 5.8793721199035645 9.234436988830566 
v -28.472679138183594 6.497011184692383 9.250883102416992 
v -29.23102378845215 5.777967929840088 6.213843822479248 
v -29.284015655517578 6.395030975341797 6.2248077392578125 
v -29.71891975402832 5.695577144622803 3.123811721801758 
v -29.773738861083984 6.312063694000244 3.129293918609619 
v -29.883378982543945 5.66158390045166 -0.000939482357352972 
v -29.938199996948242 6.27807092666626 -0.0009395828237757087 
v -29.71891975402832 5.661582946777344 -3.123863697052002 
v -29.773738861083984 6.278070449829102 -3.1293458938598633 
v -29.23102378845215 5.6615824699401855 -6.213895320892334 
v -29.284015655517578 6.278069972991943 -6.224859714508057 
v -28.4215145111084 5.661581993103027 -9.234488487243652 
v -28.472679138183594 6.278069496154785 -9.250934600830078 
v -27.299535751342773 5.695574760437012 -12.15457820892334 
v -27.35070037841797 6.312061309814453 -12.176506042480469 
v -25.87969970703125 5.7779645919799805 -14.941271781921387 
v -25.927209854125977 6.3950276374816895 -14.968681335449219 
v -24.17662811279297 5.879367828369141 -17.565332412719727 
v -24.220483779907227 6.497006893157959 -17.59639549255371 
v -22.208593368530273 5.97155237197876 -19.99569320678711 
v -22.248796463012695 6.58919095993042 -20.03223991394043 
v -19.995697021484375 5.879366874694824 -22.208602905273438 
v -20.032243728637695 6.497006416320801 -22.248804092407227 
v -17.565349578857422 5.777963161468506 -24.176647186279297 
v -17.596412658691406 6.395026206970215 -24.220502853393555 
v -14.941303253173828 5.695572376251221 -25.879730224609375 
v -14.96871280670166 6.312058925628662 -25.9272403717041 
v -12.154624938964844 5.661579132080078 -27.299571990966797 
v -12.176552772521973 6.278066158294678 -27.350736618041992 
v -9.234551429748535 5.661579132080078 -28.421558380126953 
v -9.250996589660645 6.278066158294678 -28.47272491455078 
v -6.212147235870361 5.661579132080078 -29.231069564819336 
v -6.22493839263916 6.278066158294678 -29.2840633392334 
v -3.123959541320801 5.66157865524292 -29.718969345092773 
v -3.129441738128662 6.278066158294678 -29.77379035949707 
v 0.0007747199852019548 5.6955718994140625 -29.88343048095703 
v 0.0007747199852019548 6.312058448791504 -29.938251495361328 
v 28.42123794555664 5.777965545654297 -9.234488487243652 
v 27.299257278442383 5.695574760437012 -12.15457820892334 
v 27.350421905517578 6.312061309814453 -12.176506042480469 
v 25.92693328857422 6.278068542480469 -14.968681335449219 
v 28.472402572631836 6.395028591156006 -9.250934600830078 
v 29.23074722290039 5.879369258880615 -6.213895320892334 
v 29.283737182617188 6.497008800506592 -6.224859714508057 
v 29.720470428466797 5.971554756164551 -3.123863697052002 
v 29.773462295532227 6.589193820953369 -3.1293458938598633 
v 29.883102416992188 6.027442455291748 -0.0009395419619977474 
v 29.937923431396484 6.643929481506348 -0.0009396424284204841 
v 29.720470428466797 5.971555709838867 3.123811721801758 
v 29.773462295532227 6.5891947746276855 3.129293918609619 
v 29.23074722290039 5.879371643066406 6.213843822479248 
v 29.283737182617188 6.497010707855225 6.2248077392578125 
v 28.42123794555664 5.777968406677246 9.234436988830566 
v 28.472402572631836 6.395031452178955 9.250883102416992 
v 27.299257278442383 5.695578575134277 12.154525756835938 
v 27.350421905517578 6.312065124511719 12.176454544067383 
v 25.87942123413086 5.661586284637451 14.941219329833984 
v 25.92693328857422 6.278073310852051 14.968629837036133 
v 24.176349639892578 5.661586761474609 17.565279006958008 
v 24.220205307006836 6.278073787689209 17.59817123413086 
v 22.208316802978516 5.661586761474609 19.995641708374023 
v 22.248516082763672 6.278074264526367 20.032188415527344 
v 19.995420455932617 5.661587238311768 22.20855140686035 
v 20.031967163085938 6.278074264526367 22.24875259399414 
v 17.5650691986084 5.69558048248291 24.176597595214844 
v 17.597963333129883 6.31206750869751 24.22045135498047 
v 14.941024780273438 5.777971267700195 25.879676818847656 
v 14.968435287475586 6.395034313201904 25.927188873291016 
v 12.154346466064453 5.879374980926514 27.299518585205078 
v 12.176274299621582 6.49701452255249 27.35068702697754 
v 9.234273910522461 5.971560001373291 28.4215087890625 
v 9.25071907043457 6.589199066162109 28.472673416137695 
v 6.213696479797363 5.971560001373291 29.231019973754883 
v 6.224660396575928 6.589199066162109 29.284011840820312 
v 3.1236815452575684 5.879375457763672 29.720746994018555 
v 3.1291637420654297 6.49701452255249 29.773738861083984 
v 0.0007747199852019548 5.7779717445373535 29.883377075195312 
v 0.0007747199852019548 6.3950347900390625 29.938199996948242 
v -3.123959541320801 5.695581436157227 29.720746994018555 
v -3.129441738128662 6.312067985534668 29.773738861083984 
v -6.212147235870361 5.661588668823242 29.231019973754883 
v -6.22493839263916 6.278075695037842 29.284011840820312 
v -9.234551429748535 5.661588191986084 28.4215087890625 
v -9.250996589660645 6.278075218200684 28.472673416137695 
v -12.154624938964844 5.661588191986084 27.299518585205078 
v -12.176552772521973 6.278075218200684 27.35068702697754 
v -14.941303253173828 5.661587715148926 25.879676818847656 
v -14.96871280670166 6.278075218200684 25.927188873291016 
v -17.565349578857422 5.661587715148926 24.176597595214844 
v -17.596412658691406 6.278074741363525 24.22045135498047 
v -19.995697021484375 5.695580005645752 22.20855140686035 
v 25.87942123413086 5.661581039428711 -14.941271781921387 
v 24.220205307006836 6.2780680656433105 -17.598222732543945 
v 24.176349639892578 5.661581039428711 -17.565332412719727 
v 22.248516082763672 6.278067588806152 -20.03223991394043 
v 22.208316802978516 5.661580562591553 -19.99569320678711 
v 20.031967163085938 6.3120598793029785 -22.248804092407227 
v 19.995420455932617 5.695572853088379 -22.208602905273438 
v 17.597963333129883 6.395026206970215 -24.220502853393555 
v 17.5650691986084 5.777963161468506 -24.176647186279297 
v 14.968435287475586 6.497005462646484 -25.9272403717041 
v 14.942852020263672 5.879366397857666 -25.879730224609375 
v 12.176274299621582 6.5891900062561035 -27.348909378051758 
v 12.154346466064453 5.971550941467285 -27.299571990966797 
v 9.25071907043457 6.589189529418945 -28.47272491455078 
v 9.234273910522461 5.971550941467285 -28.421558380126953 
v 6.224660396575928 6.497004985809326 -29.2840633392334 
v 6.213696479797363 5.879365921020508 -29.231069564819336 
v 3.1291637420654297 6.395025253295898 -29.77379035949707 
v 3.1236815452575684 5.7779622077941895 -29.720796585083008 
v 0.0007747199852019548 6.312058448791504 -29.938251495361328 
v 0.0007747199852019548 5.6955718994140625 -29.88343048095703 
v -12.682722091674805 0.150076761841774 9.214337348937988 
v -10.539264678955078 0.6075443625450134 7.657443523406982 
v -9.680418968200684 0.6075445413589478 8.717300415039062 
v -7.911564350128174 1.670552134513855 7.123859882354736 
v -7.123985290527344 1.6705522537231445 7.91144323348999 
v -8.717416763305664 0.6075446605682373 9.682135581970215 
v -6.257830619812012 1.670552372932434 8.613142013549805 
v -7.657565116882324 0.6075448393821716 10.53915786743164 
v -10.4899263381958 0.1339447945356369 11.650181770324707 
v -11.650280952453613 0.14201079308986664 10.48982048034668 
v -15.4584379196167 0.11723664402961731 13.917909622192383 
v -16.828935623168945 0.16044805943965912 12.22579288482666 
v -13.576287269592285 0.153533473610878 7.83834981918335 
v -11.281161308288574 0.6075441837310791 6.513528347015381 
v -8.613258361816406 1.6705518960952759 6.257700443267822 
v -8.496310234069824 1.7610085010528564 6.171815395355225 
v -7.803751468658447 1.761008620262146 7.027010917663574 
v -7.027136325836182 1.7610087394714355 7.803630352020264 
v -6.171946048736572 1.761008858680725 8.49619197845459 
v -5.322237491607666 1.670552372932434 9.219819068908691 
v -6.5136566162109375 0.6075449585914612 11.282885551452637 
v -9.21445083618164 0.13106417655944824 12.682628631591797 
v -13.917997360229492 0.08439599722623825 15.458356857299805 
v -17.362516403198242 0.6640089750289917 15.631956100463867 
v -18.901126861572266 0.7285380959510803 13.731521606445312 
v -20.23324966430664 0.7907626628875732 11.681245803833008 
v -18.01487159729004 0.20193098485469818 10.400279998779297 
v -21.342439651489258 0.7907623052597046 9.503056526184082 
v -19.001630783081055 0.2019306719303131 8.45964527130127 
v -14.3200101852417 0.1535332351922989 6.37647819519043 
v -23.818471908569336 1.8128632307052612 10.604942321777344 
v -22.57954216003418 1.8128635883331299 13.037131309509277 
v -21.093923568725586 1.731626033782959 15.32496166229248 
v -19.37623405456543 1.6469312906265259 17.446502685546875 
v -15.632033348083496 0.6150359511375427 17.362445831298828 
v -12.225890159606934 0.07229693979024887 16.8288631439209 
v -7.838471412658691 0.13106432557106018 13.576197624206543 
v -5.298482418060303 0.6075450778007507 11.900527000427246 
v -4.3299970626831055 1.6705524921417236 9.725992202758789 
v -5.250971794128418 1.7610089778900146 9.093731880187988 
v -6.091543674468994 1.8952531814575195 8.382896423339844 
v -6.9339423179626465 1.8952531814575195 7.70129919052124 
v -7.701421737670898 1.8952529430389404 6.933816432952881 
v -8.383015632629395 1.8952528238296509 6.091412544250488 
v -8.97324275970459 1.8952527046203613 5.181396961212158 
v -9.093846321105957 1.761008381843567 5.250836372375488 
v -9.219932556152344 1.6705517768859863 5.323929786682129 
v -11.900625228881836 0.6075440049171448 5.298347473144531 
v -14.908411026000977 0.15007604658603668 4.843339443206787 
v -19.781898498535156 0.1604471057653427 6.427643299102783 
v -22.219558715820312 0.7285370826721191 7.218881607055664 
v -24.79609489440918 1.7316248416900635 8.05763053894043 
v -27.34339141845703 2.6598122119903564 8.883588790893555 
v -26.26526641845703 2.749116897583008 11.694036483764648 
v -24.89842414855957 2.749117374420166 14.374744415283203 
v -23.259309768676758 2.659813404083252 16.900129318237305 
v -21.366195678710938 2.5630197525024414 19.239124298095703 
v -17.444744110107422 1.5806738138198853 19.376174926757812 
v -13.731611251831055 0.5965992212295532 18.901065826416016 
v -10.40038776397705 0.07229713350534439 18.014806747436523 
v -6.3766069412231445 0.13106444478034973 14.321751594543457 
v -4.024833679199219 0.6075451374053955 12.390254020690918 
v -3.2902464866638184 1.6705526113510132 10.126178741455078 
v -4.2715229988098145 1.7610090970993042 9.592596054077148 
v -5.181532859802246 1.895253300666809 8.974954605102539 
v -6.034896373748779 2.0364112854003906 8.30614948272705 
v -6.869986057281494 2.0364112854003906 7.630032539367676 
v -7.630155086517334 2.0364110469818115 6.86985969543457 
v -8.306266784667969 2.0364110469818115 6.034765243530273 
v -8.891013145446777 2.0364108085632324 5.133886814117432 
v -9.3807373046875 2.0364108085632324 4.176360607147217 
v -9.466622352600098 1.8952525854110718 4.2147345542907715 
v -9.592707633972168 1.7610081434249878 4.2713823318481445 
v -9.726102828979492 1.6705516576766968 4.329856872558594 
v -12.390349388122559 0.6075437664985657 4.026518821716309 
v -15.334178924560547 0.14200961589813232 3.25903582572937 
v -20.34654426574707 0.11723507940769196 4.324375152587891 
v -22.85181427001953 0.6640071868896484 4.8579583168029785 
v -25.50326919555664 1.646929383277893 5.420778751373291 
v -28.123661041259766 2.5630176067352295 5.9781174659729 
v -27.721649169921875 2.7479641437530518 9.00784683227539 
v -26.62890625 2.838421106338501 11.856670379638672 
v -25.243789672851562 2.838421583175659 14.573925018310547 
v -23.58091926574707 2.7479653358459473 17.1340274810791 
v -21.662221908569336 2.650019407272339 19.504087448120117 
v -19.504146575927734 2.571662425994873 21.660348892211914 
v -19.237356185913086 2.4858152866363525 21.366147994995117 
v -15.325042724609375 1.5547469854354858 21.0920467376709 
v -11.68134593963623 0.5965994596481323 20.233198165893555 
v -8.459763526916504 0.07229729741811752 19.001569747924805 
v -4.843477249145508 0.1310645490884781 14.908329010009766 
v -2.709155797958374 0.6075451970100403 12.74293041229248 
v -2.213949203491211 1.6705526113510132 10.413071632385254 
v -3.244563102722168 1.7610090970993042 9.98730182647705 
v -4.2148756980896 1.8952534198760986 9.466509819030762 
v -5.1340227127075195 2.0364115238189697 8.892724990844727 
v -5.071893215179443 2.2928009033203125 8.784912109375 
v -5.961802959442139 2.2928006649017334 8.20747184753418 
v -6.787755966186523 2.2928006649017334 7.538666248321533 
v -7.538788795471191 2.2928004264831543 6.787629127502441 
v -8.207592010498047 2.2928004264831543 5.961671352386475 
v -8.785028457641602 2.292800188064575 5.071756839752197 
v -9.26744270324707 2.292799949645996 4.125194549560547 
v -9.764476776123047 2.0364105701446533 3.1731505393981934 
v -9.855843544006348 1.8952523469924927 3.202388048171997 
v -9.987410545349121 1.7610080242156982 3.2444169521331787 
v -10.124460220336914 1.6705514192581177 3.290100574493408 
v -12.743024826049805 0.6075435280799866 2.7090065479278564 
v -15.590004920959473 0.13394315540790558 1.6381853818893433 
v -20.68642807006836 0.08439382910728455 2.173596143722534 
v -23.233726501464844 0.6150335073471069 2.4422149658203125 
v -25.92903709411621 1.5806710720062256 2.725452423095703 
v -28.593284606933594 2.485812187194824 3.005035400390625 
v -28.511056900024414 2.650017261505127 6.060347557067871 
v -28.048742294311523 2.896036148071289 9.113832473754883 
v -26.943206787109375 2.987645387649536 11.995548248291016 
v -25.541645050048828 2.9876458644866943 14.747522354125977 
v -23.86050033569336 2.8960375785827637 17.33503532409668 
v -21.916221618652344 2.7969391345977783 19.734333038330078 
v -19.732561111450195 2.7174298763275146 21.91617774963379 
v -17.335105895996094 2.6851656436920166 23.858638763427734 
v -17.132272720336914 2.5399742126464844 23.580883026123047 
v -14.74577808380127 2.6851658821105957 25.539791107177734 
v -16.90020179748535 2.4547030925750732 23.2592716217041 
v -13.03539752960205 1.554747223854065 22.57950210571289 
v -9.503169059753418 0.5965996384620667 21.342391967773438 
v -6.427772521972656 0.07229742407798767 19.78367042541504 
v -3.2591819763183594 0.13106460869312286 15.334097862243652 
v -1.3624134063720703 0.6075451970100403 12.956729888916016 
v -1.1120692491531372 1.6705526113510132 10.588496208190918 
v -2.182884693145752 1.7610092163085938 10.272366523742676 
v -3.2025349140167236 1.8952534198760986 9.855732917785645 
v -4.176501750946045 2.0364115238189697 9.380624771118164 
v -4.125336647033691 2.2928009033203125 9.267330169677734 
v -4.582169055938721 4.47297477722168 7.937026023864746 
v -5.388021469116211 4.47297477722168 7.414406776428223 
v -6.133572101593018 4.47297477722168 6.811384201049805 
v -6.811511516571045 4.47297477722168 6.13344144821167 
v -7.414530277252197 4.4729743003845215 5.387886047363281 
v -7.9371466636657715 4.4729743003845215 4.582029819488525 
v -8.373878479003906 4.4729743003845215 3.7286617755889893 
v -8.717416763305664 4.472973823547363 2.831437587738037 
v -9.647527694702148 2.292799949645996 3.1347765922546387 
v -10.042230606079102 2.036410331726074 2.135221481323242 
v -10.135424613952637 1.8952522277832031 2.155322313308716 
v -10.27247428894043 1.7610079050064087 2.182732343673706 
v -10.413178443908691 1.6705513000488281 2.2137973308563232 
v -12.95682144165039 0.6075433492660522 1.3622570037841797 
v -15.675889015197754 0.1310621201992035 -0.0009385813027620316 
v -20.801549911499023 0.0722941979765892 -0.0009385717567056417 
v -23.363466262817383 0.5965961813926697 -0.0009386571473442018 
v -26.071569442749023 1.5547435283660889 -0.0009388132602907717 
v -28.75043487548828 2.4546992778778076 -0.0009389598853886127 
v -28.98798942565918 2.571659564971924 3.0470640659332275 
v -28.84728240966797 2.7969367504119873 6.131613731384277 
v -29.32969856262207 2.7174270153045654 3.0817835330963135 
v -29.1469669342041 2.5399703979492188 -0.0009389737970195711 
v -28.593284606933594 2.4546988010406494 -3.0050859451293945 
v -25.92903709411621 1.5547431707382202 -2.7255027294158936 
v -23.233726501464844 0.5965957641601562 -2.4422647953033447 
v -20.68642807006836 0.07229384779930115 -2.1736457347869873 
v -15.590004920959473 0.131061851978302 -1.6382352113723755 
v -13.028088569641113 0.6075431108474731 -0.0009386589517816901 
v -10.588603019714355 1.670551061630249 1.1137385368347168 
v -10.444243431091309 1.7610076665878296 1.0972925424575806 
v -10.305366516113281 1.895251989364624 1.0826737880706787 
v -10.210345268249512 2.036410093307495 1.0735371112823486 
v -9.923454284667969 2.292799711227417 2.1096386909484863 
v -8.965932846069336 4.472973823547363 1.9049763679504395 
v -29.490503311157227 2.685161590576172 -0.0009389974293299019 
v -9.115775108337402 4.472973823547363 0.9584141969680786 
v -10.08791446685791 2.292799472808838 1.0607455968856812 
v -10.266992568969727 2.036410093307495 -0.0009388917242176831 
v -10.362013816833496 1.8952518701553345 -0.0009388687321916223 
v -10.500890731811523 1.76100754737854 -0.0009388468461111188 
v -10.647077560424805 1.6705509424209595 -0.0009388321195729077 
v -12.95682144165039 0.607542872428894 -1.3623069524765015 
v -15.334178924560547 0.1310615837574005 -3.2590858936309814 
v -20.34654426574707 0.07229349762201309 -4.324425220489502 
v -22.85181427001953 0.5965953469276428 -4.85800838470459 
v -25.50326919555664 1.554742693901062 -5.4208292961120605 
v -28.123661041259766 2.454698324203491 -5.97816801071167 
v -28.98798942565918 2.5399699211120605 -3.047114849090576 
v -29.32969856262207 2.6851611137390137 -3.081834077835083 
v -28.511056900024414 2.5399694442749023 -6.060398578643799 
v -28.845457077026367 2.6851606369018555 -6.131664752960205 
v -27.34339141845703 2.454697847366333 -8.885465621948242 
v -24.79609489440918 1.5547422170639038 -8.055852890014648 
v -22.219558715820312 0.5965949892997742 -7.218931674957275 
v -19.781898498535156 0.07229315489530563 -6.4276933670043945 
v -14.908411026000977 0.13106133043766022 -4.843389511108398 
v -12.743024826049805 0.6075426936149597 -2.7090566158294678 
v -10.588603019714355 1.6705507040023804 -1.1137888431549072 
v -10.444243431091309 1.761007308959961 -1.097342848777771 
v -10.305366516113281 1.895251750946045 -1.0827242136001587 
v -10.210345268249512 2.036409854888916 -1.073587417602539 
v -10.144561767578125 2.292799472808838 -0.000938933517318219 
v -9.165112495422363 4.472973346710205 -0.0009392887004651129 
v -9.115775108337402 4.472973346710205 -0.9584655165672302 
v -10.08791446685791 2.292799234390259 -1.0607961416244507 
v -10.042230606079102 2.036409616470337 -2.1352720260620117 
v -10.135424613952637 1.8952515125274658 -2.1553728580474854 
v -10.27247428894043 1.7610071897506714 -2.1827826499938965 
v -10.413178443908691 1.6705505847930908 -2.2138476371765137 
v -12.390349388122559 0.6075424551963806 -4.02656888961792 
v -14.3200101852417 0.1339418590068817 -6.376527786254883 
v -19.001630783081055 0.08439210057258606 -8.459695816040039 
v -21.342439651489258 0.6150315999984741 -9.503107070922852 
v -23.818471908569336 1.5806689262390137 -10.604992866516113 
v -26.26526641845703 2.485809803009033 -11.694087028503418 
v -27.721649169921875 2.539968967437744 -9.00789737701416 
v -28.04691505432129 2.6851601600646973 -9.113883972167969 
v -26.62890625 2.5716569423675537 -11.854893684387207 
v -26.94137954711914 2.7174243927001953 -11.995598793029785 
v -24.89842414855957 2.563014268875122 -14.374795913696289 
v -22.57954216003418 1.6469264030456543 -13.037182807922363 
v -20.23324966430664 0.6640045046806335 -11.681296348571777 
v -18.01487159729004 0.11723268032073975 -10.400330543518066 
v -13.576287269592285 0.14200779795646667 -7.838399887084961 
v -11.900625228881836 0.6075422763824463 -5.298397541046143 
v -10.124460220336914 1.6705503463745117 -3.2901508808135986 
v -9.987410545349121 1.7610069513320923 -3.244467258453369 
v -9.855843544006348 1.8952513933181763 -3.2024385929107666 
v -9.764476776123047 2.036409378051758 -3.173201084136963 
v -9.923454284667969 2.2927989959716797 -2.109689235687256 
v -8.965932846069336 4.472973346710205 -1.9050276279449463 
v -8.717416763305664 4.472973346710205 -2.831489086151123 
v -9.647527694702148 2.2927989959716797 -3.134826898574829 
v -9.3807373046875 2.036409378051758 -4.176410675048828 
v -9.466622352600098 1.8952511548995972 -4.214784622192383 
v -9.592707633972168 1.7610068321228027 -4.271432399749756 
v -9.726102828979492 1.6705502271652222 -4.329907417297363 
v -11.281161308288574 0.6075420379638672 -6.513578414916992 
v -12.682722091674805 0.15007376670837402 -9.214386940002441 
v -16.828935623168945 0.16044406592845917 -12.22584342956543 
v -18.901126861572266 0.7285336256027222 -13.731572151184082 
v -21.093923568725586 1.7316210269927979 -15.325011253356934 
v -23.259309768676758 2.6598079204559326 -16.900178909301758 
v -25.243789672851562 2.6500136852264404 -14.573975563049316 
v -25.53981590270996 2.79693341255188 -14.745745658874512 
v -23.58091926574707 2.747959852218628 -17.134078979492188 
v -23.86050033569336 2.8960318565368652 -17.335086822509766 
v -21.366195678710938 2.7491118907928467 -19.237346649169922 
v -19.37623405456543 1.8128587007522583 -17.44655418395996 
v -17.362516403198242 0.7907581925392151 -15.632004737854004 
v -15.4584379196167 0.20192702114582062 -13.917960166931152 
v -11.650280952453613 0.15353047847747803 -10.489870071411133 
v -10.539264678955078 0.6075418591499329 -7.6574931144714355 
v -9.219932556152344 1.6705501079559326 -5.323980331420898 
v -9.093846321105957 1.7610065937042236 -5.250886917114258 
v -8.97324275970459 1.8952510356903076 -5.181447505950928 
v -8.891013145446777 2.0364091396331787 -5.133936882019043 
v -9.26744270324707 2.2927987575531006 -4.125245094299316 
v -8.373878479003906 4.472972869873047 -3.728712797164917 
v -7.9371466636657715 4.472972869873047 -4.582080364227295 
v -8.785028457641602 2.2927985191345215 -5.071807384490967 
v -8.306266784667969 2.0364091396331787 -6.034815788269043 
v -8.383015632629395 1.895250916481018 -6.091463088989258 
v -8.496310234069824 1.761006474494934 -6.171865940093994 
v -8.613258361816406 1.6705498695373535 -6.257750988006592 
v -9.680418968200684 0.6075416803359985 -8.717350959777832 
v -10.4899263381958 0.1500733643770218 -11.650230407714844 
v -13.917997360229492 0.16044354438781738 -15.45840835571289 
v -15.632033348083496 0.7285330295562744 -17.36249542236328 
v -17.446571350097656 1.7316203117370605 -19.376224517822266 
v -19.237356185913086 2.6598072052001953 -21.366199493408203 
v -21.662221908569336 2.83841609954834 -19.504138946533203 
v -21.918048858642578 2.987640380859375 -19.73438262939453 
v -19.504146575927734 2.7479591369628906 -21.662227630615234 
v -19.73438835144043 2.896031141281128 -21.918054580688477 
v -16.90020179748535 2.5630128383636475 -23.259323120117188 
v -15.325042724609375 1.6469250917434692 -21.09392547607422 
v -13.731611251831055 0.664003312587738 -18.90111541748047 
v -12.225890159606934 0.11723162978887558 -16.82891273498535 
v -9.21445083618164 0.1420070081949234 -12.68267822265625 
v -8.717416763305664 0.607541561126709 -9.682186126708984 
v -7.911564350128174 1.670549750328064 -7.123909950256348 
v -7.803751468658447 1.7610063552856445 -7.0270609855651855 
v -7.701421737670898 1.8952507972717285 -6.93386697769165 
v -7.630155086517334 2.0364089012145996 -6.86991024017334 
v -8.207592010498047 2.2927985191345215 -5.963549613952637 
v -7.414530277252197 4.472972869873047 -5.387937545776367 
v -6.811511516571045 4.472972393035889 -6.133492469787598 
v -7.538788795471191 2.2927982807159424 -6.787679672241211 
v -6.869986057281494 2.0364086627960205 -7.630083084106445 
v -6.9339423179626465 1.8952505588531494 -7.70134973526001 
v -7.027136325836182 1.761006236076355 -7.803680419921875 
v -7.123985290527344 1.6705496311187744 -7.91149377822876 
v -7.657565116882324 0.6075413823127747 -10.53920841217041 
v -7.838471412658691 0.1339406818151474 -13.576247215270996 
v -10.40038776397705 0.0843905434012413 -18.014856338500977 
v -11.68134593963623 0.6150298118591309 -20.233245849609375 
v -13.03539752960205 1.5806670188903809 -22.579551696777344 
v -14.37483024597168 2.4858076572418213 -24.9002742767334 
v -17.132272720336914 2.650012254714966 -23.580934524536133 
v -17.335105895996094 2.7969319820404053 -23.85869026184082 
v -14.57400894165039 2.571654796600342 -25.243812561035156 
v -14.74577808380127 2.7174222469329834 -25.53984260559082 
v -11.694136619567871 2.454694986343384 -26.265296936035156 
v -10.605048179626465 1.5547397136688232 -23.81848907470703 
v -9.503169059753418 0.5965926647186279 -21.342443466186523 
v -8.459763526916504 0.07229110598564148 -19.003448486328125 
v -6.3766069412231445 0.13105978071689606 -14.321802139282227 
v -6.5136566162109375 0.6075412631034851 -11.282936096191406 
v -6.257830619812012 1.6705495119094849 -8.613192558288574 
v -6.171946048736572 1.7610061168670654 -8.49624252319336 
v -6.091543674468994 1.8952505588531494 -8.382946968078613 
v -6.034896373748779 2.0364086627960205 -8.306199073791504 
v -6.787755966186523 2.2927982807159424 -7.5387163162231445 
v -6.133572101593018 4.472972393035889 -6.811435699462891 
v -5.388021469116211 4.472972393035889 -7.41445779800415 
v -5.961802959442139 2.2927980422973633 -8.20752239227295 
v -5.1340227127075195 2.0364086627960205 -8.892775535583496 
v -5.181532859802246 1.8952504396438599 -8.975005149841309 
v -5.250971794128418 1.7610059976577759 -9.093782424926758 
v -5.322237491607666 1.6705493927001953 -9.219869613647461 
v -5.298482418060303 0.6075412034988403 -11.9005765914917 
v -4.843477249145508 0.1310596913099289 -14.908377647399902 
v -6.427772521972656 0.07229097932577133 -19.783721923828125 
v -7.219006061553955 0.5965925455093384 -22.219566345214844 
v -8.055923461914062 1.5547394752502441 -24.79611587524414 
v -8.883703231811523 2.4546947479248047 -27.343427658081055 
v -11.854942321777344 2.539966106414795 -26.62710952758789 
v -11.995646476745605 2.685157299041748 -26.94141387939453 
v -9.007962226867676 2.539965867996216 -27.7216854095459 
v -9.113946914672852 2.685157060623169 -28.046953201293945 
v -5.9782490730285645 2.4546945095062256 -28.123701095581055 
v -5.4209136962890625 1.5547394752502441 -25.5032958984375 
v -4.858095645904541 0.5965924263000488 -22.851825714111328 
v -4.324515342712402 0.07229088246822357 -20.346542358398438 
v -3.2591819763183594 0.13105961680412292 -15.334148406982422 
v -4.024833679199219 0.6075410842895508 -12.390303611755371 
v -4.3299970626831055 1.6705493927001953 -9.726042747497559 
v -4.2715229988098145 1.7610058784484863 -9.592646598815918 
v -4.2148756980896 1.8952503204345703 -9.466559410095215 
v -4.176501750946045 2.0364084243774414 -9.380675315856934 
v -5.071893215179443 2.2927980422973633 -8.784961700439453 
v -4.582169055938721 4.472972393035889 -7.937076568603516 
v -3.7288057804107666 4.472972393035889 -8.373810768127441 
v -4.125336647033691 2.292797803878784 -9.267379760742188 
v -3.173297643661499 2.0364084243774414 -9.764416694641113 
v -3.2025349140167236 1.8952503204345703 -9.855783462524414 
v -3.244563102722168 1.7610058784484863 -9.987351417541504 
v -3.2902464866638184 1.6705492734909058 -10.126229286193848 
v -2.709155797958374 0.607541024684906 -12.742980003356934 
v -1.6383402347564697 0.13105957210063934 -15.58997631072998 
v -2.173748016357422 0.0722908303141594 -20.686426162719727 
v -2.4423654079437256 0.596592366695404 -23.235567092895508 
v -2.7256016731262207 1.5547393560409546 -25.929067611694336 
v -3.005183219909668 2.4546945095062256 -28.59332847595215 
v -6.060478687286377 2.5399656295776367 -28.511098861694336 
v -6.131744861602783 2.685157060623169 -28.845500946044922 
v -3.0472116470336914 2.5399656295776367 -28.988033294677734 
v -3.0819308757781982 2.68515682220459 -29.329748153686523 
v 0.0007747199852019548 2.5716543197631836 -29.14883804321289 
v 0.0007747199852019548 2.717421531677246 -29.490550994873047 
v 0.0007747199852019548 2.485806941986084 -28.750478744506836 
v 0.0007747199852019548 1.580666422843933 -26.07159996032715 
v 0.0007747199852019548 0.6150293350219727 -23.363479614257812 
v 0.0007747199852019548 0.08439008891582489 -20.801549911499023 
v 0.0007747199852019548 0.13394033908843994 -15.675860404968262 
v -1.3624134063720703 0.607541024684906 -12.956778526306152 
v 0.0007747199852019548 0.6075409650802612 -13.028044700622559 
v -1.1120692491531372 1.6705491542816162 -10.588546752929688 
v -2.213949203491211 1.6705492734909058 -10.413122177124023 
v -1.097450613975525 1.7610057592391968 -10.44418716430664 
v 0.0007747199852019548 1.7610057592391968 -10.500834465026855 
v 0.0007747199852019548 1.8952502012252808 -10.361956596374512 
v 0.0007747199852019548 1.6705491542816162 -10.647021293640137 
v -2.182884693145752 1.7610058784484863 -10.272417068481445 
v -1.0828319787979126 1.8952502012252808 -10.305309295654297 
v 0.0007747199852019548 2.0364084243774414 -10.266934394836426 
v -1.0736953020095825 2.0364084243774414 -10.212114334106445 
v -1.0609040260314941 2.292797803878784 -10.087855339050293 
v -2.1097912788391113 2.292797803878784 -9.923395156860352 
v -0.9585735201835632 4.4729719161987305 -9.115711212158203 
v 0.0007747199852019548 4.4729719161987305 -9.16504955291748 
v 0.0007747199852019548 7.810068130493164 -8.176459312438965 
v 0.0007747199852019548 2.292797803878784 -10.144502639770508 
v -2.1536474227905273 1.8952502012252808 -10.135366439819336 
v -2.135374069213867 2.0364084243774414 -10.043999671936035 
v -3.1349234580993652 2.292797803878784 -9.647466659545898 
v -1.905130386352539 4.4729719161987305 -8.965868949890137 
v -0.8544157147407532 7.810068130493164 -8.130775451660156 
v 0.0007747199852019548 11.561420440673828 -6.652458190917969 
v -0.695438027381897 11.561420440673828 -6.61591100692749 
v 0.0007747199852019548 14.787893295288086 -4.620456695556641 
v -1.7004694938659668 7.810068130493164 -7.997379779815674 
v -2.8315868377685547 4.4729719161987305 -8.717350959777832 
v -2.5264225006103516 7.810068130493164 -7.776271343231201 
v -1.3825141191482544 11.561420440673828 -6.506270408630371 
v -0.483467698097229 14.787893295288086 -4.594873905181885 
v 0.0007747199852019548 16.848228454589844 -3.3559374809265137 
v -0.35007262229919434 16.848228454589844 -3.3376643657684326 
v 0.0007747199852019548 17.684228897094727 -2.6067283153533936 
v -0.9604008793830872 14.787893295288086 -4.519952774047852 
v -2.05497145652771 11.561420440673828 -6.327191352844238 
v -3.324965715408325 7.810068607330322 -7.469278335571289 
v -4.0869622230529785 7.810068607330322 -7.080054759979248 
v -4.805103302001953 7.810068607330322 -6.614083766937256 
v -5.470251083374023 7.810068607330322 -6.075017929077148 
v -6.075097560882568 7.810068607330322 -5.470168590545654 
v -6.61415958404541 7.810068607330322 -4.80501651763916 
v -7.0801286697387695 7.8100690841674805 -4.0886993408203125 
v -7.4693498611450195 7.8100690841674805 -3.324871301651001 
v -7.776341438293457 7.8100690841674805 -2.5263235569000244 
v -7.997448921203613 7.810069561004639 -1.7003660202026367 
v -8.130844116210938 7.810069561004639 -0.8543075919151306 
v -8.17652702331543 7.810069561004639 -0.0009398324182257056 
v -8.130844116210938 7.810069561004639 0.8542553186416626 
v -7.997448921203613 7.810070037841797 1.7003138065338135 
v -7.776341438293457 7.810070037841797 2.526271343231201 
v -7.4693498611450195 7.810070037841797 3.3248188495635986 
v -7.0801286697387695 7.810070514678955 4.088647365570068 
v -6.61415958404541 7.810070514678955 4.804964065551758 
v -6.075097560882568 7.810070514678955 5.470116138458252 
v -5.470251083374023 7.810070514678955 6.074965476989746 
v -4.805103302001953 7.810070514678955 6.6140313148498535 
v -4.0869622230529785 7.810070991516113 7.080002307891846 
v -3.7288057804107666 4.47297477722168 8.373759269714355 
v -3.1349234580993652 2.2928009033203125 9.647416114807129 
v -3.173297643661499 2.0364115238189697 9.764366149902344 
v -2.1536474227905273 1.8952535390853882 10.135315895080566 
v -1.097450613975525 1.7610092163085938 10.444136619567871 
v 0.0007747199852019548 1.6705526113510132 10.646970748901367 
v 0.0007747199852019548 0.6075452566146851 13.027996063232422 
v -1.6383402347564697 0.13394543528556824 15.589925765991211 
v -4.324515342712402 0.07229751348495483 20.346492767333984 
v -7.219006061553955 0.5965997576713562 22.21951675415039 
v -10.605048179626465 1.554747462272644 23.818437576293945 
v -14.37483024597168 2.4547033309936523 24.898395538330078 
v -14.57400894165039 2.5399744510650635 25.24193572998047 
v -11.995646476745605 2.685166120529175 26.941362380981445 
v -11.854942321777344 2.5399746894836426 26.627059936523438 
v -9.113946914672852 2.685166358947754 28.04690170288086 
v -11.694136619567871 2.4547035694122314 26.26524543762207 
v -8.055923461914062 1.5547475814819336 24.796066284179688 
v -4.858095645904541 0.5965998768806458 22.851776123046875 
v -2.173748016357422 0.0843968465924263 20.686378479003906 
v 0.0007747199852019548 0.1420116275548935 15.675811767578125 
v 1.3621355295181274 0.6075451970100403 12.956729888916016 
v 1.1136187314987183 1.6705526113510132 10.588496208190918 
v 0.0007747199852019548 1.7610092163085938 10.500783920288086 
v -1.0828319787979126 1.8952535390853882 10.305258750915527 
v -2.135374069213867 2.036411762237549 10.043949127197266 
v -2.1097912788391113 2.2928009033203125 9.923344612121582 
v -2.8315868377685547 4.47297477722168 8.717300415039062 
v -3.324965715408325 7.810070991516113 7.469225883483887 
v -3.3267934322357178 11.561422348022461 5.76066255569458 
v -3.9097115993499756 11.561422348022461 5.382403373718262 
v -4.450601577758789 11.561422348022461 4.943841457366943 
v -4.9439802169799805 11.561422348022461 4.450459957122803 
v -5.38253927230835 11.561422348022461 3.909566879272461 
v -5.760796546936035 11.561421394348145 3.326645851135254 
v -6.076924800872803 11.561421394348145 2.705350160598755 
v -6.327269077301025 11.561421394348145 2.054816961288452 
v -6.50634765625 11.561421394348145 1.3823559284210205 
v -6.615987300872803 11.561421394348145 0.6952760815620422 
v -6.652534008026123 11.561421394348145 -0.0009404435404576361 
v -6.615987300872803 11.561421394348145 -0.6953296661376953 
v -6.50634765625 11.561421394348145 -1.3824095726013184 
v -6.327269077301025 11.561421394348145 -2.05487060546875 
v -6.076924800872803 11.561420440673828 -2.7054035663604736 
v -5.760796546936035 11.561420440673828 -3.3266992568969727 
v -5.38253927230835 11.561420440673828 -3.909620761871338 
v -4.9439802169799805 11.561420440673828 -4.4505133628845215 
v -4.450601577758789 11.561420440673828 -4.943894863128662 
v -3.9097115993499756 11.561420440673828 -5.3824567794799805 
v -3.3267934322357178 11.561420440673828 -5.760716438293457 
v -2.705501079559326 11.561420440673828 -6.076846122741699 
v -1.4281973838806152 14.787317276000977 -4.393866539001465 
v -0.6972653269767761 16.848228454589844 -3.282844066619873 
v -0.27332478761672974 17.684228897094727 -2.5921096801757812 
v 0.0007747199852019548 18.441875457763672 -1.7058497667312622 
v -0.17830361425876617 18.441875457763672 -1.6948856115341187 
v 0.0007747199852019548 18.8077335357666 -0.6715753674507141 
v -0.541942298412323 17.684228897094727 -2.5500807762145996 
v -1.0371487140655518 16.847652435302734 -3.191476821899414 
v -1.8795479536056519 14.787894248962402 -4.2220964431762695 
v -2.310797691345215 14.787894248962402 -4.000988483428955 
v -2.7164649963378906 14.787894248962402 -3.73785138130188 
v -3.0910675525665283 14.787894248962402 -3.4345128536224365 
v -3.434605598449707 14.787894248962402 -3.0928001403808594 
v -3.7379424571990967 14.787894248962402 -2.7163681983947754 
v -4.001078128814697 14.787894248962402 -2.3106987476348877 
v -4.222184658050537 14.787317276000977 -1.8794466257095337 
v -4.393953800201416 14.787894248962402 -1.428093433380127 
v -4.5200395584106445 14.787894248962402 -0.9602944254875183 
v -4.5949602127075195 14.787894248962402 -0.4833587408065796 
v -4.620542526245117 14.787894248962402 -0.0009409692138433456 
v -4.5949602127075195 14.787894248962402 0.48330414295196533 
v -4.5200395584106445 14.787894248962402 0.9602398872375488 
v -4.393953800201416 14.787894248962402 1.4280389547348022 
v -4.222184658050537 14.787895202636719 1.8793917894363403 
v -4.001078128814697 14.787895202636719 2.3106441497802734 
v -3.7379424571990967 14.787895202636719 2.716313600540161 
v -3.434605598449707 14.787895202636719 3.092745780944824 
v -3.0910675525665283 14.787895202636719 3.4344582557678223 
v -2.7164649963378906 14.787895202636719 3.7377967834472656 
v -2.310797691345215 14.787895202636719 4.000933647155762 
v -2.705501079559326 11.561422348022461 6.076792240142822 
v -2.5264225006103516 7.810070991516113 7.776218891143799 
v -1.905130386352539 4.472975254058838 8.96581745147705 
v -1.0609040260314941 2.2928011417388916 10.087804794311523 
v -1.0736953020095825 2.036411762237549 10.212063789367676 
v 0.0007747199852019548 1.8952535390853882 10.361907005310059 
v 1.097172737121582 1.7610092163085938 10.444136619567871 
v 2.2136714458465576 1.6705526113510132 10.413071632385254 
v 2.7088778018951416 0.6075451970100403 12.74293041229248 
v 1.6380624771118164 0.15007780492305756 15.589925765991211 
v 0.0007747199852019548 0.11723776161670685 20.80150032043457 
v -2.4423654079437256 0.6150369048118591 23.233688354492188 
v -5.4209136962890625 1.5547477006912231 25.503244400024414 
v -8.883703231811523 2.4547035694122314 27.34337615966797 
v -9.007962226867676 2.5399749279022217 27.721637725830078 
v -6.131744861602783 2.685166358947754 28.84727668762207 
v -6.060478687286377 2.5399749279022217 28.51104736328125 
v -3.0819308757781982 2.7174313068389893 29.329696655273438 
v -5.9782490730285645 2.4547038078308105 28.12364959716797 
v -2.7256016731262207 1.5806748867034912 25.92901611328125 
v 0.0007747199852019548 0.664010226726532 23.36343002319336 
v 2.1734702587127686 0.16044943034648895 20.686378479003906 
v 3.258903980255127 0.1535346955060959 15.334097862243652 
v 4.026382923126221 0.6075451374053955 12.390254020690918 
v 3.289968967437744 1.6705526113510132 10.126178741455078 
v 2.1826066970825195 1.7610092163085938 10.272366523742676 
v 1.0825541019439697 1.8952535390853882 10.305258750915527 
v 0.0007747199852019548 2.036411762237549 10.266884803771973 
v 0.0007747199852019548 2.2928011417388916 10.144452095031738 
v -0.9585735201835632 4.472975254058838 9.115660667419434 
v -1.7004694938659668 7.810070991516113 7.9973273277282715 
v -2.05497145652771 11.561422348022461 6.327137470245361 
v -1.8795479536056519 14.787895202636719 4.222042083740234 
v -1.6767141819000244 16.848228454589844 2.9063565731048584 
v -1.9727416038513184 16.848228454589844 2.7144858837127686 
v -2.24501371383667 16.848228454589844 2.493377923965454 
v -2.493530750274658 16.848228454589844 2.2448596954345703 
v -2.7146377563476562 16.848228454589844 1.972585916519165 
v -2.9065072536468506 16.848228454589844 1.6783841848373413 
v -3.0654850006103516 16.848228454589844 1.3640817403793335 
v -3.191570997238159 16.848228454589844 1.0369877815246582 
v -3.2811098098754883 16.848228454589844 0.6971026062965393 
v -3.335930109024048 16.848228454589844 0.3499079644680023 
v -3.3560304641723633 16.848228454589844 -0.0009413048974238336 
v -3.335930109024048 16.848228454589844 -0.3499632477760315 
v -3.2811098098754883 16.848228454589844 -0.6971578598022461 
v -3.191570997238159 16.848228454589844 -1.0370430946350098 
v -3.0654850006103516 16.847652435302734 -1.3641369342803955 
v -2.9065072536468506 16.848228454589844 -1.6784393787384033 
v -2.7146377563476562 16.848228454589844 -1.9726412296295166 
v -2.493530750274658 16.848228454589844 -2.2449147701263428 
v -2.24501371383667 16.848228454589844 -2.4934329986572266 
v -1.9727416038513184 16.848228454589844 -2.71454119682312 
v -1.6767141819000244 16.848228454589844 -2.90641188621521 
v -1.3642407655715942 16.848228454589844 -3.0653903484344482 
v -0.8050777912139893 17.684228897094727 -2.4788143634796143 
v -0.3537273108959198 18.441875457763672 -1.667475700378418 
v -0.07049115002155304 18.8077335357666 -0.6679207682609558 
v -0.013843919150531292 18.90683364868164 -0.1361647993326187 
v 0.0007747199852019548 18.90683364868164 -0.1361647993326187 
v -0.02846255898475647 18.90683364868164 -0.13433745503425598 
v -0.13992969691753387 18.8077335357666 -0.6569567322731018 
v -0.5273236632347107 18.441875457763672 -1.6217920780181885 
v -0.04308120161294937 18.90683364868164 -0.1306827813386917 
v -0.20754089951515198 18.8077335357666 -0.6386832594871521 
v -0.05587250739336014 18.90683364868164 -0.1252007633447647 
v -0.27332478761672974 18.8077335357666 -0.6149278879165649 
v -0.0686638206243515 18.90683364868164 -0.11789140850305557 
v -0.693610668182373 18.441875457763672 -1.5578352212905884 
v -1.0609040260314941 17.684228897094727 -2.381965398788452 
v -1.303938865661621 17.684228897094727 -2.2577064037323 
v -0.8525883555412292 18.441875457763672 -1.4774322509765625 
v -1.5323551893234253 17.68423080444336 -2.109691858291626 
v -1.7443253993988037 17.68423080444336 -1.9379217624664307 
v -1.938022494316101 17.68423080444336 -1.7442238330841064 
v -2.107964038848877 17.68423080444336 -1.5322524309158325 
v -2.257805109024048 17.68423080444336 -1.3038347959518433 
v -2.382063627243042 17.68423080444336 -1.0607986450195312 
v -2.478912115097046 17.68423080444336 -0.8049710392951965 
v -2.550178050994873 17.68423080444336 -0.5418340563774109 
v -2.5922064781188965 17.68423080444336 -0.27321508526802063 
v -2.606825113296509 17.68423080444336 -0.0009414411033503711 
v -2.5922064781188965 17.68423080444336 0.27315953373908997 
v -2.550178050994873 17.68423080444336 0.5417785048484802 
v -2.478912115097046 17.68423080444336 0.8049154877662659 
v -2.382063627243042 17.68423080444336 1.0607430934906006 
v -2.257805109024048 17.68423080444336 1.3037793636322021 
v -2.107964038848877 17.68423080444336 1.5321967601776123 
v -1.938022494316101 17.68423080444336 1.7441684007644653 
v -1.7443253993988037 17.68423080444336 1.9378663301467896 
v -1.5323551893234253 17.68423080444336 2.1096363067626953 
v -1.303938865661621 17.68423080444336 2.257650852203369 
v -1.3642407655715942 16.848228454589844 3.065335273742676 
v -1.4281973838806152 14.787895202636719 4.3938117027282715 
v -1.3825141191482544 11.561422348022461 6.5062174797058105 
v -0.8544157147407532 7.810070991516113 8.130722999572754 
v 0.0007747199852019548 4.472975254058838 9.164998054504395 
v 1.0606261491775513 2.2928011417388916 10.087804794311523 
v 1.0734174251556396 2.036411762237549 10.212063789367676 
v 2.1551969051361084 1.8952535390853882 10.135315895080566 
v 3.2442853450775146 1.7610090970993042 9.98730182647705 
v 4.329719543457031 1.6705524921417236 9.725992202758789 
v 5.29820442199707 0.6075450778007507 11.900527000427246 
v 4.84502649307251 0.15353462100028992 14.908329010009766 
v 4.324237823486328 0.2019326090812683 20.346492767333984 
v 2.4420876502990723 0.7285396456718445 23.233688354492188 
v 0.0007747199852019548 1.6469327211380005 26.073375701904297 
v -3.005183219909668 2.485816478729248 28.593276977539062 
v -3.0472116470336914 2.5716636180877686 28.98798179626465 
v 0.0007747199852019548 2.796940565109253 29.492326736450195 
v 0.0007747199852019548 2.6500208377838135 29.14879035949707 
v 3.0834805965423584 2.8960394859313965 29.33152198791504 
v 0.0007747199852019548 2.563021421432495 28.75042724609375 
v 2.7253236770629883 1.7316277027130127 25.930843353271484 
v 4.857818126678467 0.7907645106315613 22.851776123046875 
v 6.427494525909424 0.20193251967430115 19.78367042541504 
v 6.376328945159912 0.15007759630680084 14.321751594543457 
v 6.513378620147705 0.6075449585914612 11.282885551452637 
v 5.323787212371826 1.670552372932434 9.219819068908691 
v 4.271245002746582 1.7610090970993042 9.592596054077148 
v 3.202256917953491 1.8952534198760986 9.855732917785645 
v 2.1350960731506348 2.036411762237549 10.043949127197266 
v 2.109513521194458 2.2928009033203125 9.923344612121582 
v 0.9582956433296204 4.472975254058838 9.115660667419434 
v 0.0007747199852019548 7.810070991516113 8.176406860351562 
v -0.695438027381897 11.561422348022461 6.6158576011657715 
v -0.9604008793830872 14.787895202636719 4.519898414611816 
v -1.0371487140655518 16.848228454589844 3.1914217472076416 
v -1.0609040260314941 17.68423080444336 2.3819098472595215 
v -0.8525883555412292 18.441875457763672 1.4773765802383423 
v -1.002429485321045 18.441875457763672 1.3787001371383667 
v -1.1413065195083618 18.441875457763672 1.2672322988510132 
v -1.2673922777175903 18.441875457763672 1.141145944595337 
v -1.3788594007492065 18.441875457763672 1.0022680759429932 
v -1.4757078886032104 18.441875457763672 0.8524262309074402 
v -1.557937741279602 18.441875457763672 0.6934476494789124 
v -1.621894359588623 18.441875457763672 0.5271596908569336 
v -1.6675776243209839 18.441875457763672 0.3535623848438263 
v -1.6949875354766846 18.441875457763672 0.17813776433467865 
v -1.7041242122650146 18.441875457763672 -0.0009415645617991686 
v -1.6949875354766846 18.441875457763672 -0.17819353938102722 
v -1.6675776243209839 18.441875457763672 -0.35544553399086 
v -1.621894359588623 18.441875457763672 -0.5272154808044434 
v -1.557937741279602 18.441875457763672 -0.6935034394264221 
v -1.4757078886032104 18.441875457763672 -0.85248202085495 
v -1.3788594007492065 18.441875457763672 -1.002323865890503 
v -1.2673922777175903 18.441875457763672 -1.1412017345428467 
v -1.1413065195083618 18.441875457763672 -1.2672882080078125 
v -1.002429485321045 18.441875457763672 -1.3787559270858765 
v -0.3354540169239044 18.8077335357666 -0.5820357799530029 
v -0.07962779700756073 18.90683364868164 -0.11058203876018524 
v -0.3957558870315552 18.8077335357666 -0.5436615943908691 
v -0.0924191102385521 18.90683364868164 -0.10144533962011337 
v -0.44874846935272217 18.8077335357666 -0.49980542063713074 
v -0.49991369247436523 18.8077335357666 -0.4504672586917877 
v -0.5437696576118469 18.8077335357666 -0.3956470489501953 
v -0.5821435451507568 18.807735443115234 -0.3353448510169983 
v -0.6132081747055054 18.807735443115234 -0.27321526408195496 
v -0.6387907862663269 18.807735443115234 -0.20743104815483093 
v -0.6570640802383423 18.807735443115234 -0.1398194581270218 
v -0.6680280566215515 18.807735443115234 -0.0703805461525917 
v -0.6716827154159546 18.807735443115234 -0.000941624166443944 
v -0.6680280566215515 18.807735443115234 0.07032463699579239 
v -0.6570640802383423 18.807735443115234 0.13976354897022247 
v -0.6387907862663269 18.807735443115234 0.20737513899803162 
v -0.6132081747055054 18.807735443115234 0.27315935492515564 
v -0.5821435451507568 18.807735443115234 0.335288941860199 
v -0.5437696576118469 18.807735443115234 0.395591139793396 
v -0.49991369247436523 18.807735443115234 0.4504113495349884 
v -0.44874846935272217 18.807735443115234 0.4997495114803314 
v -0.3957558870315552 18.807735443115234 0.5436056852340698 
v -0.3354540169239044 18.807735443115234 0.5819798707962036 
v -0.693610668182373 18.441875457763672 1.5577794313430786 
v -0.8050777912139893 17.68423080444336 2.4787588119506836 
v -0.6972653269767761 16.848228454589844 3.280961275100708 
v -0.483467698097229 14.787895202636719 4.594819068908691 
v 0.0007747199852019548 11.561422348022461 6.65240478515625 
v 0.8541378378868103 7.810070991516113 8.130722999572754 
v 1.9048525094985962 4.472975254058838 8.96581745147705 
v 3.134645462036133 2.2928009033203125 9.647416114807129 
v 3.1730196475982666 2.0364115238189697 9.764366149902344 
v 4.214597702026367 1.8952534198760986 9.466509819030762 
v 5.2506937980651855 1.7610089778900146 9.093731880187988 
v 6.257552623748779 1.670552372932434 8.613142013549805 
v 7.657287120819092 0.6075448393821716 10.53915786743164 
v 7.838193416595459 0.14201128482818604 13.576197624206543 
v 8.461313247680664 0.16044916212558746 19.001569747924805 
v 7.218728065490723 0.7907643914222717 22.21951675415039 
v 5.42063570022583 1.8128656148910522 25.503244400024414 
v 3.0049052238464355 2.6598153114318848 28.593276977539062 
v 3.046933650970459 2.74796724319458 28.989809036254883 
v 6.131466865539551 2.9876482486724854 28.849103927612305 
v 6.0602006912231445 2.838423728942871 28.51104736328125 
v 9.113669395446777 2.9876480102539062 28.050556182861328 
v 5.977971076965332 2.749119520187378 28.121822357177734 
v 8.057473182678223 1.8128654956817627 24.79789161682129 
v 9.502890586853027 0.7285393476486206 21.342391967773438 
v 10.40010929107666 0.11723730713129044 18.014806747436523 
v 9.21417236328125 0.13394495844841003 12.682628631591797 
v 8.71713924407959 0.6075446605682373 9.682135581970215 
v 7.123707294464111 1.6705522537231445 7.91144323348999 
v 6.173495769500732 1.761008858680725 8.49619197845459 
v 5.181255340576172 1.895253300666809 8.974954605102539 
v 4.1762237548828125 2.0364115238189697 9.380624771118164 
v 4.126885890960693 2.2928009033203125 9.267330169677734 
v 2.8331360816955566 4.47297477722168 8.717300415039062 
v 1.700191617012024 7.810070991516113 7.9973273277282715 
v 0.6951601505279541 11.561422348022461 6.6158576011657715 
v 0.0007747199852019548 14.787895202636719 4.620401859283447 
v -0.35007262229919434 16.848230361938477 3.337608814239502 
v -0.541942298412323 17.68423080444336 2.550025224685669 
v -0.5273236632347107 18.441875457763672 1.6217364072799683 
v -0.27332478761672974 18.807735443115234 0.6130446195602417 
v -0.05587250739336014 18.90683364868164 0.125144824385643 
v -0.0686638206243515 18.90683364868164 0.11783546209335327 
v -0.07962779700756073 18.90683364868164 0.11052609980106354 
v -0.0924191102385521 18.90683364868164 0.10138940066099167 
v -0.10155575722455978 18.90683364868164 0.0922527015209198 
v -0.11069241166114807 18.90683364868164 0.0812886655330658 
v -0.11800172179937363 18.90683364868164 0.06849727779626846 
v -0.12531104683876038 18.90683364868164 0.055705901235342026 
v -0.13079304993152618 18.90683364868164 0.04291452094912529 
v -0.13444769382476807 18.90683364868164 0.02829580008983612 
v -0.1362750232219696 18.90683364868164 0.013677079230546951 
v -0.1362750232219696 18.90683364868164 -0.000941640289966017 
v -0.1362750232219696 18.90683364868164 -0.013733020052313805 
v -0.13444769382476807 18.90683364868164 -0.028351739048957825 
v -0.13079304993152618 18.90683364868164 -0.042970459908246994 
v -0.12531104683876038 18.90683364868164 -0.05576184019446373 
v -0.11800172179937363 18.90683364868164 -0.06855321675539017 
v -0.11069241166114807 18.90683364868164 -0.0813446044921875 
v -0.10155575722455978 18.90683364868164 -0.0923086404800415 
v 14.908133506774902 0.14200828969478607 -4.843389511108398 
v 11.902174949645996 0.6075422763824463 -5.298397541046143 
v 12.390071868896484 0.6075424551963806 -4.02656888961792 
v 9.725824356079102 1.6705502271652222 -4.329907417297363 
v 9.21965503692627 1.6705501079559326 -5.323980331420898 
v 11.282710075378418 0.6075420379638672 -6.513578414916992 
v 8.612980842590332 1.6705498695373535 -6.257750988006592 
v 10.538987159729004 0.6075418591499329 -7.6574931144714355 
v 13.576009750366211 0.13106083869934082 -7.838399887084961 
v 14.32155990600586 0.1339418590068817 -6.376527786254883 
v 19.0031795501709 0.08439210057258606 -8.459695816040039 
v 19.783449172973633 0.11723332852125168 -6.4276933670043945 
v 15.333901405334473 0.15007473528385162 -3.2590858936309814 
v 12.74274730682373 0.6075426936149597 -2.7090566158294678 
v 10.126009941101074 1.6705503463745117 -3.2901508808135986 
v 9.987133026123047 1.7610069513320923 -3.244467258453369 
v 9.594257354736328 1.7610068321228027 -4.271432399749756 
v 9.093568801879883 1.7610065937042236 -5.250886917114258 
v 8.496031761169434 1.761006474494934 -6.171865940093994 
v 7.911286354064941 1.670549750328064 -7.123909950256348 
v 9.681968688964844 0.6075416803359985 -8.717350959777832 
v 12.682445526123047 0.1310606151819229 -9.214386940002441 
v 18.01459312438965 0.0722925066947937 -10.400330543518066 
v 21.342161178588867 0.6150315999984741 -9.503107070922852 
v 22.219280242919922 0.6640052199363708 -7.218931674957275 
v 22.85153579711914 0.7285351157188416 -4.85800838470459 
v 20.346267700195312 0.16044536232948303 -4.324425220489502 
v 23.23527717590332 0.790760338306427 -2.4422647953033447 
v 20.68614959716797 0.20192894339561462 -2.1736457347869873 
v 15.589727401733398 0.15353192389011383 -1.6382352113723755 
v 25.930585861206055 1.8128610849380493 -2.7255027294158936 
v 25.50299072265625 1.7316226959228516 -5.4208292961120605 
v 24.795814514160156 1.6469271183013916 -8.0576810836792 
v 23.818193435668945 1.5806689262390137 -10.604992866516113 
v 20.232973098754883 0.5965942740440369 -11.681296348571777 
v 16.828655242919922 0.07229220867156982 -12.22584342956543 
v 11.650003433227539 0.1310604065656662 -10.489870071411133 
v 8.71713924407959 0.607541561126709 -9.682186126708984 
v 7.123707294464111 1.6705496311187744 -7.91149377822876 
v 7.803473472595215 1.7610063552856445 -7.0270609855651855 
v 8.38273811340332 1.895250916481018 -6.091463088989258 
v 8.97479248046875 1.8952510356903076 -5.181447505950928 
v 9.466343879699707 1.8952511548995972 -4.214784622192383 
v 9.855565071105957 1.8952513933181763 -3.2024385929107666 
v 10.136974334716797 1.8952515125274658 -2.1553728580474854 
v 10.272196769714355 1.7610071897506714 -2.1827826499938965 
v 10.414728164672852 1.6705505847930908 -2.2138476371765137 
v 12.956544876098633 0.607542872428894 -1.3623069524765015 
v 15.67561149597168 0.15353219211101532 -0.0009385849698446691 
v 20.801271438598633 0.22785630822181702 -0.0009385970770381391 
v 23.363189697265625 0.8328201174736023 -0.0009386956808157265 
v 26.073118209838867 1.8664439916610718 -0.0009388640755787492 
v 28.75015640258789 2.8067305088043213 -0.0009390172199346125 
v 28.593006134033203 2.749114513397217 -3.0050859451293945 
v 28.123384475708008 2.6598098278045654 -5.97816801071167 
v 27.344942092895508 2.5630152225494385 -8.885465621948242 
v 26.266817092895508 2.485809803009033 -11.694087028503418 
v 22.579265594482422 1.5547415018081665 -13.035355567932129 
v 18.900848388671875 0.5965939164161682 -13.731572151184082 
v 15.458159446716309 0.07229193300008774 -13.917960166931152 
v 10.489648818969727 0.13394099473953247 -11.650230407714844 
v 7.657287120819092 0.6075413823127747 -10.53920841217041 
v 6.257552623748779 1.6705495119094849 -8.613192558288574 
v 7.026858806610107 1.761006236076355 -7.803680419921875 
v 7.701143741607666 1.8952507972717285 -6.93386697769165 
v 8.305989265441895 2.0364091396331787 -6.034815788269043 
v 8.892561912536621 2.0364091396331787 -5.133936882019043 
v 9.380459785461426 2.036409378051758 -4.176410675048828 
v 9.764199256896973 2.036409378051758 -3.173201084136963 
v 10.043780326843262 2.036409616470337 -2.1352720260620117 
v 10.211894989013672 2.036409854888916 -1.073587417602539 
v 10.305088996887207 1.895251750946045 -1.0827242136001587 
v 10.443964958190918 1.761007308959961 -1.097342848777771 
v 10.588324546813965 1.6705507040023804 -1.1137888431549072 
v 13.027809143066406 0.6075431108474731 -0.0009386589517816901 
v 15.589727401733398 0.1535324603319168 1.6381853818893433 
v 20.68614959716797 0.20192964375019073 2.173596143722534 
v 23.23527717590332 0.7907611727714539 2.4422149658203125 
v 25.930585861206055 1.8128619194030762 2.725452423095703 
v 28.593006134033203 2.749115467071533 3.005035400390625 
v 29.148515701293945 2.8971872329711914 -0.0009390320046804845 
v 28.989538192749023 2.83841872215271 -3.047114849090576 
v 28.512605667114258 2.7479615211486816 -6.060398578643799 
v 27.721372604370117 2.650014638900757 -9.00789737701416 
v 26.62862777709961 2.5716569423675537 -11.854893684387207 
v 25.243511199951172 2.5399680137634277 -14.573975563049316 
v 24.899972915649414 2.4546968936920166 -14.376623153686523 
v 21.093645095825195 1.5547410249710083 -15.325011253356934 
v 17.36223602294922 0.5965936183929443 -15.632004737854004 
v 13.917720794677734 0.08439096063375473 -15.45840835571289 
v 9.21417236328125 0.1420070081949234 -12.68267822265625 
v 6.513378620147705 0.6075412631034851 -11.282936096191406 
v 5.323787212371826 1.6705493927001953 -9.219869613647461 
v 6.173495769500732 1.7610061168670654 -8.49624252319336 
v 6.933664321899414 1.8952505588531494 -7.70134973526001 
v 7.629877090454102 2.0364089012145996 -6.86991024017334 
v 7.538510799407959 2.2927982807159424 -6.787679672241211 
v 8.207313537597656 2.2927985191345215 -5.963549613952637 
v 8.784749984741211 2.2927985191345215 -5.071807384490967 
v 9.267165184020996 2.2927987575531006 -4.125245094299316 
v 9.647249221801758 2.2927989959716797 -3.134826898574829 
v 9.923176765441895 2.2927989959716797 -2.109689235687256 
v 10.08946418762207 2.292799234390259 -1.0607961416244507 
v 10.266714096069336 2.036410093307495 -0.0009388917242176831 
v 10.361735343933105 1.8952518701553345 -0.0009388687321916223 
v 10.50061321258545 1.76100754737854 -0.0009388468461111188 
v 10.646799087524414 1.6705509424209595 -0.0009388321195729077 
v 12.956544876098633 0.6075433492660522 1.3622570037841797 
v 15.333901405334473 0.1500757932662964 3.25903582572937 
v 20.346267700195312 0.16044676303863525 4.324375152587891 
v 22.85153579711914 0.7285366654396057 4.8579583168029785 
v 25.50299072265625 1.7316243648529053 5.420778751373291 
v 28.123384475708008 2.6598117351531982 5.9781174659729 
v 28.989538192749023 2.8384196758270264 3.0470640659332275 
v 29.493881225585938 3.0464115142822266 -0.0009390562772750854 
v 29.331249237060547 2.987643003463745 -3.0836617946624756 
v 28.848833084106445 2.896033763885498 -6.131664752960205 
v 28.0484619140625 2.7969343662261963 -9.113883972167969 
v 26.941099166870117 2.7174243927001953 -11.995598793029785 
v 25.53953742980957 2.685159206390381 -14.745745658874512 
v 23.858394622802734 2.6851589679718018 -17.335086822509766 
v 23.58064079284668 2.5399675369262695 -17.132251739501953 
v 21.915943145751953 2.6851584911346436 -19.732555389404297 
v 23.2608585357666 2.4546964168548584 -16.900178909301758 
v 19.375953674316406 1.5547407865524292 -17.44655418395996 
v 15.633583068847656 0.6150302886962891 -17.36249542236328 
v 12.22561264038086 0.11723162978887558 -16.82891273498535 
v 7.838193416595459 0.15007305145263672 -13.576247215270996 
v 5.29820442199707 0.6075412034988403 -11.9005765914917 
v 4.329719543457031 1.6705493927001953 -9.726042747497559 
v 5.2506937980651855 1.7610059976577759 -9.093782424926758 
v 6.091265678405762 1.8952505588531494 -8.382946968078613 
v 6.869708061218262 2.0364086627960205 -7.630083084106445 
v 6.787477970123291 2.2927982807159424 -7.5387163162231445 
v 6.8112335205078125 4.472972393035889 -6.133492469787598 
v 7.416079998016357 4.472972869873047 -5.387937545776367 
v 7.936868667602539 4.472972869873047 -4.582080364227295 
v 8.373600959777832 4.472972869873047 -3.728712797164917 
v 8.71713924407959 4.472973346710205 -2.831489086151123 
v 8.965655326843262 4.472973346710205 -1.9050276279449463 
v 9.115496635437012 4.472973346710205 -0.9584655165672302 
v 9.164834976196289 4.472973346710205 -0.0009392887004651129 
v 10.144283294677734 2.292799472808838 -0.000938933517318219 
v 10.211894989013672 2.036410093307495 1.0735371112823486 
v 10.305088996887207 1.895251989364624 1.0826737880706787 
v 10.443964958190918 1.7610076665878296 1.0972925424575806 
v 10.588324546813965 1.670551061630249 1.1137385368347168 
v 12.74274730682373 0.6075435280799866 2.7090065479278564 
v 14.908133506774902 0.14200986921787262 4.843339443206787 
v 19.783449172973633 0.11723542213439941 6.427643299102783 
v 22.219280242919922 0.6640076041221619 7.218881607055664 
v 24.795814514160156 1.6469298601150513 8.05763053894043 
v 27.344942092895508 2.5630180835723877 8.885415077209473 
v 28.512605667114258 2.7479636669158936 6.060347557067871 
v 29.331249237060547 2.9876439571380615 3.083610773086548 
v 28.848833084106445 2.896035671234131 6.131613731384277 
v 27.721372604370117 2.650017738342285 9.00784683227539 
v 26.264989852905273 2.485813617706299 11.694036483764648 
v 23.818193435668945 1.5806723833084106 10.604942321777344 
v 21.342161178588867 0.6150346994400024 9.503056526184082 
v 19.0031795501709 0.08439485728740692 8.45964527130127 
v 14.32155990600586 0.13394393026828766 6.37647819519043 
v 12.390071868896484 0.6075437664985657 4.026518821716309 
v 10.414728164672852 1.6705513000488281 2.2137973308563232 
v 10.272196769714355 1.7610079050064087 2.182732343673706 
v 10.136974334716797 1.8952522277832031 2.155322313308716 
v 10.043780326843262 2.036410331726074 2.135221481323242 
v 10.08946418762207 2.292799472808838 1.0607455968856812 
v 9.115496635437012 4.472973823547363 0.9584141969680786 
v 28.0484619140625 2.7969372272491455 9.113832473754883 
v 8.965655326843262 4.472973823547363 1.9049763679504395 
v 9.923176765441895 2.292799711227417 2.1096386909484863 
v 9.764199256896973 2.0364105701446533 3.1731505393981934 
v 9.855565071105957 1.8952523469924927 3.202388048171997 
v 9.987133026123047 1.7610080242156982 3.2444169521331787 
v 10.126009941101074 1.6705514192581177 3.290100574493408 
v 11.902174949645996 0.6075440049171448 5.298347473144531 
v 13.576009750366211 0.13106338679790497 7.83834981918335 
v 18.01459312438965 0.0722958967089653 10.400279998779297 
v 20.232973098754883 0.5965980887413025 11.681245803833008 
v 22.579265594482422 1.5547456741333008 13.03530502319336 
v 24.899972915649414 2.4547016620635986 14.376572608947754 
v 26.62862777709961 2.5716609954833984 11.854842185974121 
v 26.941099166870117 2.71742844581604 11.995548248291016 
v 25.243511199951172 2.5399727821350098 14.573925018310547 
v 25.53953742980957 2.685163974761963 14.745695114135742 
v 23.2608585357666 2.4547019004821777 16.900129318237305 
v 21.093645095825195 1.5547460317611694 15.32496166229248 
v 18.900848388671875 0.5965983867645264 13.731521606445312 
v 16.828655242919922 0.07229619473218918 12.22579288482666 
v 12.682445526123047 0.13106361031532288 9.214337348937988 
v 11.282710075378418 0.6075441837310791 6.513528347015381 
v 9.725824356079102 1.6705516576766968 4.329856872558594 
v 9.594257354736328 1.7610081434249878 4.2713823318481445 
v 9.466343879699707 1.8952525854110718 4.2147345542907715 
v 9.380459785461426 2.0364108085632324 4.176360607147217 
v 9.647249221801758 2.292799949645996 3.1347765922546387 
v 8.71713924407959 4.472973823547363 2.831437587738037 
v 8.373600959777832 4.4729743003845215 3.7286617755889893 
v 9.267165184020996 2.292799949645996 4.125194549560547 
v 8.892561912536621 2.0364108085632324 5.133886814117432 
v 8.97479248046875 1.8952527046203613 5.181396961212158 
v 9.093568801879883 1.761008381843567 5.250836372375488 
v 9.21965503692627 1.6705517768859863 5.323929786682129 
v 10.538987159729004 0.6075443625450134 7.657443523406982 
v 11.650003433227539 0.1310638189315796 10.48982048034668 
v 15.458159446716309 0.07229647040367126 13.917909622192383 
v 17.36223602294922 0.5965986847877502 15.631956100463867 
v 19.375953674316406 1.554746389389038 17.44467544555664 
v 21.365917205810547 2.454702377319336 19.239124298095703 
v 23.58064079284668 2.539973258972168 17.1322021484375 
v 23.858394622802734 2.685164451599121 17.33503532409668 
v 21.661945343017578 2.539973497390747 19.504087448120117 
v 21.915943145751953 2.6851649284362793 19.732505798339844 
v 19.23890495300293 2.454702615737915 21.366147994995117 
v 17.4462947845459 1.5547467470169067 19.376174926757812 
v 15.633583068847656 0.5965989828109741 17.362445831298828 
v 13.917720794677734 0.07229671627283096 15.458356857299805 
v 10.489648818969727 0.1310640126466751 11.650181770324707 
v 9.681968688964844 0.6075445413589478 8.717300415039062 
v 8.612980842590332 1.6705518960952759 6.257700443267822 
v 8.496031761169434 1.7610085010528564 6.171815395355225 
v 8.38273811340332 1.8952528238296509 6.091412544250488 
v 8.305989265441895 2.0364110469818115 6.034765243530273 
v 8.784749984741211 2.292800188064575 5.071756839752197 
v 7.936868667602539 4.4729743003845215 4.582029819488525 
v 7.416079998016357 4.4729743003845215 5.387886047363281 
v 8.207313537597656 2.2928004264831543 5.961671352386475 
v 7.629877090454102 2.0364110469818115 6.86985969543457 
v 7.701143741607666 1.8952529430389404 6.933816432952881 
v 7.803473472595215 1.761008620262146 7.027010917663574 
v 7.911286354064941 1.670552134513855 7.123859882354736 
v 12.22561264038086 0.08439622074365616 16.8288631439209 
v 11.681068420410156 0.664009690284729 20.233198165893555 
v 13.733159065246582 0.6150361895561218 18.901065826416016 
v 15.324764251708984 1.5806740522384644 21.0920467376709 
v 16.89992332458496 2.4858155250549316 23.261098861694336 
v 19.503868103027344 2.5399739742279053 21.660350799560547 
v 19.734111785888672 2.6851651668548584 21.91617774963379 
v 17.133819580078125 2.5716629028320312 23.580883026123047 
v 17.334827423095703 2.717430353164673 23.858638763427734 
v 13.036947250366211 1.6469321250915527 22.57950210571289 
v 10.60477066040039 1.731627345085144 23.818437576293945 
v 8.885252952575684 2.749119520187378 27.34337615966797 
v 14.37637996673584 2.563020706176758 24.898395538330078 
v 11.693859100341797 2.6598150730133057 26.26524543762207 
v 14.573732376098633 2.6500203609466553 25.24376106262207 
v 14.745500564575195 2.7969400882720947 25.539791107177734 
v 11.856492042541504 2.747967004776001 26.628887176513672 
v 11.995368957519531 2.8960390090942383 26.943187713623047 
v 9.007683753967285 2.838423728942871 27.721637725830078 
v 3.289968967437744 1.6705492734909058 -10.126229286193848 
v 4.271245002746582 1.7610058784484863 -9.592646598815918 
v 5.181255340576172 1.8952504396438599 -8.975005149841309 
v 6.034618377685547 2.0364086627960205 -8.306199073791504 
v 5.963352680206299 2.2927980422973633 -8.20752239227295 
v 6.133294105529785 4.472972393035889 -6.811435699462891 
v 6.07664680480957 7.810068607330322 -5.470168590545654 
v 6.613882064819336 7.810068607330322 -4.80501651763916 
v 7.079850673675537 7.8100690841674805 -4.0886993408203125 
v 7.469072341918945 7.8100690841674805 -3.324871301651001 
v 7.776063919067383 7.8100690841674805 -2.5263235569000244 
v 7.997170925140381 7.810069561004639 -1.7003660202026367 
v 8.130565643310547 7.810069561004639 -0.8543075919151306 
v 8.176249504089355 7.810069561004639 -0.0009398324182257056 
v 8.130565643310547 7.810069561004639 0.8542553186416626 
v 7.997170925140381 7.810070037841797 1.7003138065338135 
v 7.776063919067383 7.810070037841797 2.526271343231201 
v 7.469072341918945 7.810070037841797 3.3248188495635986 
v 7.079850673675537 7.810070514678955 4.088647365570068 
v 6.613882064819336 7.810070514678955 4.804964065551758 
v 6.07664680480957 7.810070514678955 5.470116138458252 
v 6.8112335205078125 4.47297477722168 6.13344144821167 
v 7.538510799407959 2.2928004264831543 6.787629127502441 
v 6.869708061218262 2.0364112854003906 7.630032539367676 
v 6.933664321899414 1.8952531814575195 7.70129919052124 
v 7.026858806610107 1.7610087394714355 7.803630352020264 
v 6.091265678405762 1.8952531814575195 8.382896423339844 
v 5.133744716644287 2.0364115238189697 8.892724990844727 
v 5.071615219116211 2.2928009033203125 8.784912109375 
v 3.7285280227661133 4.47297477722168 8.373759269714355 
v 2.5261449813842773 7.810070991516113 7.776218891143799 
v 1.384063482284546 11.561422348022461 6.5062174797058105 
v 0.4831898510456085 14.787895202636719 4.594819068908691 
v 0.0007747199852019548 16.848230361938477 3.355882167816162 
v -0.27332478761672974 17.68423080444336 2.5920541286468506 
v -0.3537273108959198 18.441875457763672 1.6674197912216187 
v -0.20754089951515198 18.807735443115234 0.6386273503303528 
v -0.04308120161294937 18.90683364868164 0.13062684237957 
v -0.02846255898475647 18.90683364868164 0.13428151607513428 
v -0.13992969691753387 18.807735443115234 0.6569008231163025 
v -0.17830361425876617 18.441875457763672 1.6948299407958984 
v -0.013843919150531292 18.90683364868164 0.136108860373497 
v -0.07049115002155304 18.807735443115234 0.6678648591041565 
v 0.0007747199852019548 18.90683364868164 0.136108860373497 
v 0.0007747199852019548 18.807735443115234 0.6715194582939148 
v 0.01356603018939495 18.90683364868164 0.136108860373497 
v 0.0007747199852019548 18.441875457763672 1.7057939767837524 
v 0.0007747199852019548 17.68423080444336 2.606672763824463 
v 0.27304691076278687 17.68423080444336 2.5920541286468506 
v 0.351622074842453 16.848230361938477 3.337608814239502 
v 0.1780257374048233 18.441875457763672 1.6948299407958984 
v 0.07021325826644897 18.807735443115234 0.6678648591041565 
v 0.028184670954942703 18.90683364868164 0.13428151607513428 
v 0.13965179026126862 18.807735443115234 0.6569008231163025 
v 0.042803309857845306 18.90683364868164 0.13062684237957 
v 0.3552767336368561 18.441875457763672 1.6674197912216187 
v 0.5416643619537354 17.68423080444336 2.550025224685669 
v 0.6969874501228333 16.848228454589844 3.280961275100708 
v 0.9601230025291443 14.787895202636719 4.519898414611816 
v 2.056520938873291 11.561422348022461 6.327137470245361 
v 1.4279193878173828 14.787895202636719 4.3938117027282715 
v 1.0368708372116089 16.848228454589844 3.1914217472076416 
v 0.8047999143600464 17.68423080444336 2.4787588119506836 
v 0.5270457863807678 18.441875457763672 1.6217364072799683 
v 0.20726299285888672 18.807735443115234 0.6386273503303528 
v 0.05559461936354637 18.90683364868164 0.125144824385643 
v 0.27304691076278687 18.807735443115234 0.6130446195602417 
v 0.06838592886924744 18.90683364868164 0.11783546209335327 
v 0.6933327913284302 18.441875457763672 1.5577794313430786 
v 1.0606261491775513 17.68423080444336 2.3819098472595215 
v 1.3639628887176514 16.848228454589844 3.065335273742676 
v 1.8792699575424194 14.787895202636719 4.222042083740234 
v 2.7052230834960938 11.561422348022461 6.076792240142822 
v 3.324687957763672 7.810070991516113 7.469225883483887 
v 4.583718299865723 4.47297477722168 7.937026023864746 
v 4.088511943817139 7.810070991516113 7.080002307891846 
v 3.3265154361724854 11.561422348022461 5.76066255569458 
v 2.3105199337005615 14.787895202636719 4.000933647155762 
v 1.678263545036316 16.848228454589844 2.9063565731048584 
v 1.3036611080169678 17.68423080444336 2.257650852203369 
v 0.8523104786872864 18.441875457763672 1.4773765802383423 
v 0.33517611026763916 18.807735443115234 0.5819798707962036 
v 0.0811772421002388 18.90683364868164 0.11052609980106354 
v 0.3954779803752899 18.807735443115234 0.5436056852340698 
v 0.09214121848344803 18.90683364868164 0.10138940066099167 
v 1.0021514892578125 18.441875457763672 1.3787001371383667 
v 1.5320771932601929 17.68423080444336 2.1096363067626953 
v 1.9724637269973755 16.848228454589844 2.7144858837127686 
v 2.716187000274658 14.787895202636719 3.7377967834472656 
v 3.909433603286743 11.561422348022461 5.382403373718262 
v 4.804825305938721 7.810070514678955 6.6140313148498535 
v 5.3877434730529785 4.47297477722168 7.414406776428223 
v 5.963352680206299 2.2928006649017334 8.20747184753418 
v 6.034618377685547 2.0364112854003906 8.30614948272705 
v 6.787477970123291 2.2928006649017334 7.538666248321533 
v 6.133294105529785 4.47297477722168 6.811384201049805 
v 5.469973564147949 7.810070514678955 6.074965476989746 
v 4.452150821685791 11.561422348022461 4.943841457366943 
v 4.943702220916748 11.561422348022461 4.450459957122803 
v 5.382261276245117 11.561422348022461 3.909566879272461 
v 5.760519027709961 11.561421394348145 3.326645851135254 
v 6.07664680480957 11.561421394348145 2.705350160598755 
v 6.326991081237793 11.561421394348145 2.054816961288452 
v 6.507896423339844 11.561421394348145 1.3823559284210205 
v 6.61570930480957 11.561421394348145 0.6952760815620422 
v 6.652256011962891 11.561421394348145 -0.0009404435404576361 
v 6.61570930480957 11.561421394348145 -0.6953296661376953 
v 6.507896423339844 11.561421394348145 -1.3824095726013184 
v 6.326991081237793 11.561421394348145 -2.05487060546875 
v 6.07664680480957 11.561420440673828 -2.7054035663604736 
v 5.760519027709961 11.560844421386719 -3.3266992568969727 
v 5.382261276245117 11.561420440673828 -3.909620761871338 
v 4.943702220916748 11.561420440673828 -4.4505133628845215 
v 5.469973564147949 7.810068607330322 -6.075017929077148 
v 5.3877434730529785 4.472972393035889 -7.41445779800415 
v 5.071615219116211 2.2927980422973633 -8.784961700439453 
v 5.133744716644287 2.0364086627960205 -8.892775535583496 
v 4.214597702026367 1.8952503204345703 -9.466559410095215 
v 3.2442853450775146 1.7610058784484863 -9.987351417541504 
v 2.2136714458465576 1.6705492734909058 -10.413122177124023 
v 4.026382923126221 0.6075410842895508 -12.390303611755371 
v 6.376328945159912 0.15352986752986908 -14.321802139282227 
v 10.40010929107666 0.16044312715530396 -18.014856338500977 
v 13.733159065246582 0.664003312587738 -18.90111541748047 
v 17.4462947845459 1.580667495727539 -19.376224517822266 
v 21.365917205810547 2.4546961784362793 -19.239173889160156 
v 21.661945343017578 2.5399670600891113 -19.504138946533203 
v 19.734111785888672 2.7174229621887207 -21.916227340698242 
v 19.503868103027344 2.571655511856079 -21.662227630615234 
v 17.334827423095703 2.7969319820404053 -23.85869026184082 
v 19.23890495300293 2.4858081340789795 -21.366199493408203 
v 15.324764251708984 1.6469250917434692 -21.09392547607422 
v 11.681068420410156 0.728532612323761 -20.233245849609375 
v 8.461313247680664 0.20192620158195496 -19.003448486328125 
v 4.84502649307251 0.15352976322174072 -14.908377647399902 
v 2.7088778018951416 0.607541024684906 -12.742980003356934 
v 1.1136187314987183 1.6705491542816162 -10.588546752929688 
v 2.1826066970825195 1.7610058784484863 -10.272417068481445 
v 3.202256917953491 1.8952503204345703 -9.855783462524414 
v 4.1762237548828125 2.0364084243774414 -9.380675315856934 
v 4.126885890960693 2.292797803878784 -9.267379760742188 
v 4.583718299865723 4.472972393035889 -7.937076568603516 
v 4.804825305938721 7.810068607330322 -6.614083766937256 
v 4.452150821685791 11.561420440673828 -4.943894863128662 
v 3.4343276023864746 14.787894248962402 -3.0928001403808594 
v 3.7376646995544434 14.787317276000977 -2.7163681983947754 
v 4.002627372741699 14.786742210388184 -2.3106987476348877 
v 4.221906661987305 14.787317276000977 -1.8794466257095337 
v 4.395503520965576 14.787894248962402 -1.428093433380127 
v 4.519761562347412 14.787894248962402 -0.9602944254875183 
v 4.594682216644287 14.787894248962402 -0.4833587408065796 
v 4.620265007019043 14.787894248962402 -0.0009409692138433456 
v 4.594682216644287 14.787894248962402 0.48330414295196533 
v 4.519761562347412 14.787894248962402 0.9602398872375488 
v 4.395503520965576 14.787894248962402 1.4280389547348022 
v 4.221906661987305 14.787895202636719 1.8793917894363403 
v 4.002627372741699 14.787895202636719 2.3106441497802734 
v 3.7376646995544434 14.787318229675293 2.716313600540161 
v 3.4343276023864746 14.787318229675293 3.092745780944824 
v 3.0926172733306885 14.787895202636719 3.4344582557678223 
v 2.2447359561920166 16.848228454589844 2.493377923965454 
v 2.493252754211426 16.847652435302734 2.2448596954345703 
v 2.714359760284424 16.847652435302734 1.972585916519165 
v 2.906229257583618 16.848228454589844 1.6783841848373413 
v 3.065207004547119 16.848228454589844 1.3640817403793335 
v 3.1912930011749268 16.848228454589844 1.0369877815246582 
v 3.2826595306396484 16.848228454589844 0.6971026062965393 
v 3.33747935295105 16.848228454589844 0.3499079644680023 
v 3.35575270652771 16.848228454589844 -0.0009413048974238336 
v 3.33747935295105 16.848228454589844 -0.3499632477760315 
v 3.2826595306396484 16.848228454589844 -0.6971578598022461 
v 3.1912930011749268 16.848228454589844 -1.0370430946350098 
v 3.065207004547119 16.847652435302734 -1.3641369342803955 
v 2.906229257583618 16.847074508666992 -1.6784393787384033 
v 2.714359760284424 16.847652435302734 -1.9726412296295166 
v 2.493252754211426 16.848228454589844 -2.2449147701263428 
v 3.0926172733306885 14.787894248962402 -3.4345128536224365 
v 3.909433603286743 11.561420440673828 -5.3824567794799805 
v 4.088511943817139 7.810068607330322 -7.080054759979248 
v 3.7285280227661133 4.472972393035889 -8.373810768127441 
v 3.134645462036133 2.292797803878784 -9.647466659545898 
v 3.1730196475982666 2.0364084243774414 -9.764416694641113 
v 2.1551969051361084 1.8952502012252808 -10.135366439819336 
v 1.097172737121582 1.7610057592391968 -10.44418716430664 
v 0.0007747199852019548 1.6705491542816162 -10.647021293640137 
v 1.3621355295181274 0.607541024684906 -12.956778526306152 
v 0.0007747199852019548 0.6075409650802612 -13.028044700622559 
v 1.6380624771118164 0.1420065462589264 -15.58997631072998 
v 0.0007747199852019548 0.13394033908843994 -15.675860404968262 
v 2.1734702587127686 0.11723100394010544 -20.686426162719727 
v 0.0007747199852019548 0.08439008891582489 -20.801549911499023 
v 2.4420876502990723 0.6640025973320007 -23.235567092895508 
v 0.0007747199852019548 0.6150293350219727 -23.363479614257812 
v 2.7253236770629883 1.6469242572784424 -25.929067611694336 
v 0.0007747199852019548 1.580666422843933 -26.07159996032715 
v 3.0049052238464355 2.56301212310791 -28.59332847595215 
v 0.0007747199852019548 2.485806941986084 -28.750478744506836 
v 0.0007747199852019548 2.5716543197631836 -29.14883804321289 
v 3.046933650970459 2.6500115394592285 -28.988033294677734 
v 0.0007747199852019548 2.717421531677246 -29.490550994873047 
v 3.0834805965423584 2.796931028366089 -29.329748153686523 
v 6.0602006912231445 2.747957944869995 -28.511098861694336 
v 6.131466865539551 2.8960299491882324 -28.84915542602539 
v 9.007683753967285 2.8384146690368652 -27.7216854095459 
v 9.113669395446777 2.9876389503479004 -28.050607681274414 
v 11.856492042541504 2.8384149074554443 -26.628938674926758 
v 11.995368957519531 2.9876391887664795 -26.943239212036133 
v 14.573732376098633 2.7479584217071533 -25.243812561035156 
v 14.74732780456543 2.8960306644439697 -25.541669845581055 
v 17.133819580078125 2.650012254714966 -23.580934524536133 
v 16.89992332458496 2.5630128383636475 -23.261150360107422 
v 14.37637996673584 2.659806728363037 -24.89844512939453 
v 11.693859100341797 2.749110698699951 -26.265296936035156 
v 8.885252952575684 2.749110698699951 -27.343427658081055 
v 5.977971076965332 2.6598060131073 -28.12187385559082 
v 5.42063570022583 1.7316193580627441 -25.5032958984375 
v 4.857818126678467 0.7285321354866028 -22.851825714111328 
v 4.324237823486328 0.1604427546262741 -20.346542358398438 
v 3.258903980255127 0.15007276833057404 -15.334148406982422 
v 6.427494525909424 0.2019260674715042 -19.783721923828125 
v 8.057473182678223 1.8128573894500732 -24.797941207885742 
v 10.60477066040039 1.8128576278686523 -23.81848907470703 
v 13.036947250366211 1.7316198348999023 -22.579551696777344 
v 9.502890586853027 0.7907572984695435 -21.342443466186523 
v 7.218728065490723 0.7907571196556091 -22.219566345214844 
v -22.82623291015625 2.140120029449463 13.177837371826172 
v -24.668180465698242 4.693644046783447 14.243175506591797 
v -21.32234001159668 2.0583064556121826 15.491250038146973 
v -23.043684005737305 4.604916095733643 16.742977142333984 
v -19.586376190185547 1.9718834161758423 17.636547088623047 
v -21.167015075683594 4.507546424865723 19.058216094970703 
v -17.636615753173828 1.9050495624542236 19.586318969726562 
v -19.058277130126953 4.428613185882568 21.166967391967773 
v -15.493156433105469 1.8785467147827148 21.324119567871094 
v -16.741222381591797 4.39634895324707 23.04364585876465 
v -13.177929878234863 1.878546953201294 22.82619285583496 
v -14.241435050964355 4.39634895324707 24.666322708129883 
v -10.720170021057129 1.8785470724105835 24.07792091369629 
v -11.584497451782227 4.3963494300842285 26.020383834838867 
v -8.145462989807129 1.8785473108291626 25.066513061523438 
v -8.801473617553711 4.3963494300842285 27.087547302246094 
v -5.4793877601623535 1.8785474300384521 25.781002044677734 
v -5.92160177230835 4.3963494300842285 27.860511779785156 
v -2.7548389434814453 1.9050506353378296 26.21225357055664 
v -2.9777731895446777 4.428614616394043 28.326486587524414 
v 0.0007747199852019548 1.971884846687317 26.356613159179688 
v 0.0007747199852019548 4.507547855377197 28.4836368560791 
v 2.754560947418213 2.0583081245422363 26.21225357055664 
v 2.9774951934814453 4.604918003082275 28.32831382751465 
v 5.479110240936279 2.140122175216675 25.781002044677734 
v 5.923151016235352 4.69364595413208 27.862342834472656 
v 8.145184516906738 2.140122175216675 25.066513061523438 
v 8.803023338317871 4.69364595413208 27.091203689575195 
v 10.719892501831055 2.0583078861236572 24.07792091369629 
v 11.586047172546387 4.604917526245117 26.02220916748047 
v 13.177651405334473 1.9718842506408691 22.82619285583496 
v 14.241157531738281 4.507547378540039 24.668149948120117 
v 15.492878913879395 1.9050499200820923 21.324119567871094 
v 16.74094581604004 4.428613662719727 23.04364585876465 
v 17.636337280273438 1.8785463571548462 19.586318969726562 
v 19.057998657226562 4.396348476409912 21.166967391967773 
v 19.58792495727539 1.878546118736267 17.636547088623047 
v 21.166736602783203 4.396347999572754 19.058216094970703 
v 21.323888778686523 1.8785457611083984 15.49307632446289 
v 23.043405532836914 4.396347999572754 16.74114990234375 
v 22.825952529907227 1.8785454034805298 13.177837371826172 
v 24.666074752807617 4.396347522735596 14.241349220275879 
v 24.077674865722656 1.905048131942749 10.720065116882324 
v 26.02012825012207 4.428611755371094 11.584396362304688 
v 25.066259384155273 1.9718818664550781 8.145342826843262 
v 27.089115142822266 4.50754451751709 8.80135726928711 
v 25.780746459960938 2.058304786682129 5.479253768920898 
v 27.862075805664062 4.60491418838501 5.921469688415527 
v 26.211994171142578 2.140118360519409 2.7546896934509277 
v 28.32804298400879 4.6936421394348145 2.9776248931884766 
v 26.356353759765625 2.194852828979492 -0.0009389175684191287 
v 28.485193252563477 4.748376369476318 -0.0009393335785716772 
v 26.211994171142578 2.140117645263672 -2.7547402381896973 
v 28.32804298400879 4.693641185760498 -2.9776761531829834 
v 25.780746459960938 2.058303117752075 -5.479304313659668 
v 27.862075805664062 4.604912281036377 -5.921521186828613 
v 25.066259384155273 1.971879243850708 -8.145393371582031 
v 27.089115142822266 4.507541656494141 -8.801408767700195 
v 24.077674865722656 1.905044674873352 -10.720115661621094 
v 26.02012825012207 4.428607940673828 -11.584446907043457 
v 22.825952529907227 1.8785409927368164 -13.177886962890625 
v 24.666074752807617 4.396342754364014 -14.241399765014648 
v 21.323888778686523 1.8785406351089478 -15.493127822875977 
v 23.043405532836914 4.3963422775268555 -16.741201400756836 
v 19.58792495727539 1.878540277481079 -17.6365966796875 
v 21.166736602783203 4.396341800689697 -19.05826759338379 
v 17.636337280273438 1.9050432443618774 -19.58637046813965 
v 19.057998657226562 4.4286065101623535 -21.16701889038086 
v 15.492878913879395 1.971877098083496 -21.324169158935547 
v 16.74277114868164 4.50753927230835 -23.043697357177734 
v 13.177651405334473 2.058300256729126 -22.826242446899414 
v 14.242984771728516 4.604909420013428 -24.668203353881836 
v 10.719892501831055 2.1401140689849854 -24.077970504760742 
v 11.586047172546387 4.693637371063232 -26.022262573242188 
v 8.145184516906738 2.1401138305664062 -25.066560745239258 
v 8.803023338317871 4.693636894226074 -27.09125328063965 
v 5.479110240936279 2.0582997798919678 -25.781049728393555 
v 5.923151016235352 4.6049089431762695 -27.86239242553711 
v 2.754560947418213 1.9718762636184692 -26.212305068969727 
v 2.9774951934814453 4.507538318634033 -28.326536178588867 
v 0.0007747199852019548 1.905042052268982 -26.356664657592773 
v 0.0007747199852019548 4.428605079650879 -28.48185920715332 
v 3.0670344829559326 5.97443151473999 -29.18355941772461 
v 0.0007747199852019548 5.89319372177124 -29.3443660736084 
v 6.100402355194092 6.074106693267822 -28.70296859741211 
v 9.067986488342285 6.165139198303223 -27.9080753326416 
v 11.935067176818848 6.165139675140381 -26.80801773071289 
v 14.672407150268555 6.0741071701049805 -25.413755416870117 
v 17.24894142150879 5.974432468414307 -23.739913940429688 
v 19.635435104370117 5.893194675445557 -21.808414459228516 
v 21.808130264282227 5.859777927398682 -19.63570785522461 
v 23.741445541381836 5.85977840423584 -17.249202728271484 
v 25.413454055786133 5.859778881072998 -14.672653198242188 
v 26.80770492553711 5.8931965827941895 -11.935297012329102 
v 27.90958595275879 5.974434852600098 -9.068201065063477 
v 28.702646255493164 6.07411003112793 -6.100600242614746 
v 29.18323516845703 6.1651434898376465 -3.067216157913208 
v 29.344039916992188 6.219878673553467 -0.0009395733359269798 
v 29.18323516845703 6.165144443511963 3.067164182662964 
v 28.702646255493164 6.0741119384765625 6.10054874420166 
v 27.90958595275879 5.974437713623047 9.06814956665039 
v 26.80770492553711 5.893200397491455 11.9352445602417 
v 25.413454055786133 5.85978364944458 14.672599792480469 
v 23.741445541381836 5.85978364944458 17.249149322509766 
v 21.808130264282227 5.859784126281738 19.635656356811523 
v 19.635435104370117 5.8597846031188965 21.808364868164062 
v 17.24894142150879 5.893202304840088 23.73986053466797 
v 14.672407150268555 5.974440097808838 25.413705825805664 
v 11.935067176818848 6.074115753173828 26.807966232299805 
v 9.067986488342285 6.1651482582092285 27.908023834228516 
v 6.100402355194092 6.165148735046387 28.702917098999023 
v 3.0670344829559326 6.074115753173828 29.183509826660156 
v 0.0007747199852019548 5.974441051483154 29.34431266784668 
v -3.067312479019165 5.893203258514404 29.183509826660156 
v -6.100680351257324 5.859785556793213 28.704744338989258 
v -9.06826400756836 5.859785556793213 27.909852981567383 
v -11.935344696044922 5.859785556793213 26.807966232299805 
v -14.672684669494629 5.859785079956055 25.413705825805664 
v -17.24921989440918 5.859785079956055 23.741687774658203 
v -19.635713577270508 5.89320182800293 21.808364868164062 
v -21.806581497192383 5.9744391441345215 19.635656356811523 
v -23.739896774291992 6.074113845825195 17.249149322509766 
v -25.41373062133789 6.165146350860596 14.672599792480469 
v -26.807985305786133 6.1651458740234375 11.9352445602417 
v -26.022232055664062 4.693643569946289 11.586223602294922 
v -27.908035278320312 6.074112415313721 9.068148612976074 
v -27.089393615722656 4.604914665222168 8.80135726928711 
v -28.702922821044922 5.974437236785889 6.10054874420166 
v -27.860525131225586 4.507544040679932 5.921469688415527 
v -29.183513641357422 5.8931989669799805 3.067164182662964 
v -28.326494216918945 4.428610324859619 2.9776248931884766 
v -29.34614372253418 5.859781265258789 -0.000939514662604779 
v -28.4818172454834 4.396345138549805 -0.0009392762440256774 
v -29.185338973999023 5.859780788421631 -3.067216157913208 
v -28.326494216918945 4.3963446617126465 -2.9776761531829834 
v -28.704753875732422 5.8597798347473145 -6.100600242614746 
v -27.860525131225586 4.396344184875488 -5.921521186828613 
v -27.909862518310547 5.859779357910156 -9.068201065063477 
v -27.087566375732422 4.39634370803833 -8.801408767700195 
v -26.807985305786133 5.8931965827941895 -11.935297012329102 
v -26.020404815673828 4.428607940673828 -11.584446907043457 
v -25.41373062133789 5.974433898925781 -14.672653198242188 
v -24.668180465698242 4.507540702819824 -14.241399765014648 
v -23.739896774291992 6.074108123779297 -17.249202728271484 
v -23.043684005737305 4.604910373687744 -16.74302864074707 
v -21.806581497192383 6.165140628814697 -19.63570785522461 
v -21.168842315673828 4.693638324737549 -19.060094833374023 
v -19.635713577270508 6.074107646942139 -21.806589126586914 
v -19.060104370117188 4.604909896850586 -21.16701889038086 
v -17.24921989440918 5.974432468414307 -23.739913940429688 
v -16.741222381591797 4.50753927230835 -23.043697357177734 
v -14.672684669494629 5.893194198608398 -25.413755416870117 
v -14.241435050964355 4.428606033325195 -24.66637420654297 
v -11.935344696044922 5.859776496887207 -26.80801773071289 
v -11.584497451782227 4.396340847015381 -26.020431518554688 
v -9.06826400756836 5.859776496887207 -27.909902572631836 
v -8.801473617553711 4.396340847015381 -27.087600708007812 
v -6.100680351257324 5.859776496887207 -28.704795837402344 
v -5.92160177230835 4.396340370178223 -27.860565185546875 
v -3.067312479019165 5.859776496887207 -29.18538475036621 
v -2.9777731895446777 4.396340370178223 -28.326536178588867 
v 0.0007747199852019548 5.89319372177124 -29.3443660736084 
v 0.0007747199852019548 4.428605079650879 -28.48185920715332 
v -2.7548389434814453 1.878538966178894 -26.212305068969727 
v 0.0007747199852019548 1.905042052268982 -26.356664657592773 
v -24.077953338623047 2.140119791030884 10.720065116882324 
v -5.4793877601623535 1.878538966178894 -25.781049728393555 
v -8.145462989807129 1.8785390853881836 -25.066560745239258 
v -10.720170021057129 1.8785393238067627 -24.077970504760742 
v -13.177929878234863 1.9050426483154297 -22.826242446899414 
v -15.491329193115234 1.971877098083496 -21.324169158935547 
v -17.636615753173828 2.058300733566284 -19.58637046813965 
v -19.586376190185547 2.1401150226593018 -17.6365966796875 
v -21.32234001159668 2.0583014488220215 -15.491299629211426 
v -22.82623291015625 1.9718784093856812 -13.177886962890625 
v -24.077953338623047 1.905044674873352 -10.720115661621094 
v -25.066539764404297 1.8785418272018433 -8.145393371582031 
v -25.781023025512695 1.8785423040390015 -5.47930383682251 
v -26.2122745513916 1.8785427808761597 -2.7547402381896973 
v -26.35663414001465 1.8785431385040283 -0.0009388659964315593 
v -26.2122745513916 1.905046820640564 2.754689931869507 
v -25.781023025512695 1.97188138961792 5.479253768920898 
v -25.066539764404297 2.058305263519287 8.145342826843262 
v 1.7440475225448608 17.68423080444336 1.9378663301467896 
v 1.141028642654419 18.441875457763672 1.2672322988510132 
v 1.9377446174621582 17.68423080444336 1.7441684007644653 
v 2.109513521194458 17.68423080444336 1.5321967601776123 
v 2.2575271129608154 17.68423080444336 1.3037793636322021 
v 2.3817858695983887 17.68423080444336 1.0607430934906006 
v 2.4786341190338135 17.68423080444336 0.8049154877662659 
v 2.5499000549316406 17.68423080444336 0.5417785048484802 
v 2.591928720474243 17.68423080444336 0.27315953373908997 
v 2.6065473556518555 17.68423080444336 -0.0009414411033503711 
v 2.591928720474243 17.68423080444336 -0.27321508526802063 
v 2.5499000549316406 17.68423080444336 -0.5418340563774109 
v 2.4786341190338135 17.68423080444336 -0.8049710392951965 
v 2.3817858695983887 17.68423080444336 -1.0607986450195312 
v 2.2575271129608154 17.68365478515625 -1.3038347959518433 
v 2.109513521194458 17.68423080444336 -1.5322524309158325 
v 1.9377446174621582 17.68423080444336 -1.7442238330841064 
v 2.2447359561920166 16.848228454589844 -2.4934329986572266 
v 2.716187000274658 14.787894248962402 -3.73785138130188 
v 3.3265154361724854 11.561420440673828 -5.760716438293457 
v 3.324687957763672 7.810068607330322 -7.469278335571289 
v 2.8331360816955566 4.4729719161987305 -8.717350959777832 
v 2.109513521194458 2.292797803878784 -9.923395156860352 
v 2.1350960731506348 2.0364084243774414 -10.043999671936035 
v 1.0825541019439697 1.8952502012252808 -10.305309295654297 
v 0.0007747199852019548 1.7610057592391968 -10.500834465026855 
v 0.0007747199852019548 1.8952502012252808 -10.361956596374512 
v 1.0734174251556396 2.0364084243774414 -10.212114334106445 
v 1.0606261491775513 2.292797803878784 -10.087855339050293 
v 1.9048525094985962 4.4729719161987305 -8.965868949890137 
v 2.5261449813842773 7.810068130493164 -7.776271343231201 
v 2.7052230834960938 11.561420440673828 -6.076846122741699 
v 2.3105199337005615 14.787894248962402 -4.000988483428955 
v 1.9724637269973755 16.848228454589844 -2.71454119682312 
v 1.7440475225448608 17.68423080444336 -1.9379217624664307 
v 1.2671144008636475 18.441875457763672 -1.1412017345428467 
v 1.3785815238952637 18.441875457763672 -1.002323865890503 
v 1.4772573709487915 18.441299438476562 -0.85248202085495 
v 1.5576598644256592 18.441875457763672 -0.6935034394264221 
v 1.6216164827346802 18.441875457763672 -0.5272154808044434 
v 1.6672996282577515 18.441875457763672 -0.35544553399086 
v 1.696536898612976 18.441875457763672 -0.17819353938102722 
v 1.7056735754013062 18.441875457763672 -0.0009415645617991686 
v 1.696536898612976 18.441875457763672 0.17813776433467865 
v 1.6672996282577515 18.441875457763672 0.3535623848438263 
v 1.6216164827346802 18.441875457763672 0.5271596908569336 
v 1.5576598644256592 18.441875457763672 0.6934476494789124 
v 1.4772573709487915 18.441875457763672 0.8524262309074402 
v 1.3785815238952637 18.441875457763672 1.0022680759429932 
v 1.2671144008636475 18.441875457763672 1.141145944595337 
v 0.45029792189598083 18.807735443115234 0.4997495114803314 
v 0.10127787292003632 18.90683364868164 0.0922527015209198 
v 0.4996357858181 18.807735443115234 0.4504113495349884 
v 0.110414519906044 18.90683364868164 0.0812886655330658 
v 0.5434917211532593 18.807735443115234 0.395591139793396 
v 0.581865668296814 18.807735443115234 0.335288941860199 
v 0.6147575974464417 18.807735443115234 0.27315935492515564 
v 0.638512909412384 18.807735443115234 0.20737513899803162 
v 0.6567862033843994 18.807735443115234 0.13976354897022247 
v 0.6677501797676086 18.807735443115234 0.07032463699579239 
v 0.6714048385620117 18.807735443115234 -0.000941624166443944 
v 0.6677501797676086 18.807735443115234 -0.0703805461525917 
v 0.6567862033843994 18.807735443115234 -0.1398194581270218 
v 0.638512909412384 18.807735443115234 -0.20743104815483093 
v 0.6147575974464417 18.807735443115234 -0.27321526408195496 
v 0.581865668296814 18.807735443115234 -0.3353448510169983 
v 0.5434917211532593 18.8077335357666 -0.3956470489501953 
v 0.4996357858181 18.8077335357666 -0.4504672586917877 
v 1.141028642654419 18.441875457763672 -1.2672882080078125 
v 1.5320771932601929 17.68423080444336 -2.109691858291626 
v 1.678263545036316 16.848228454589844 -2.90641188621521 
v 1.8792699575424194 14.787317276000977 -4.2220964431762695 
v 2.056520938873291 11.561420440673828 -6.327191352844238 
v 1.700191617012024 7.810068130493164 -7.997379779815674 
v 0.9582956433296204 4.4729719161987305 -9.115711212158203 
v 0.0007747199852019548 2.292797803878784 -10.144502639770508 
v 0.0007747199852019548 2.0364084243774414 -10.266934394836426 
v 0.0007747199852019548 4.4729719161987305 -9.16504955291748 
v 0.8541378378868103 7.810068130493164 -8.130775451660156 
v 1.384063482284546 11.561420440673828 -6.506270408630371 
v 1.4279193878173828 14.787893295288086 -4.393866539001465 
v 1.3639628887176514 16.847652435302734 -3.0653903484344482 
v 1.3036611080169678 17.684228897094727 -2.2577064037323 
v 1.0021514892578125 18.441875457763672 -1.3787559270858765 
v 0.45029792189598083 18.8077335357666 -0.49980542063713074 
v 0.09214121848344803 18.90683364868164 -0.10144533962011337 
v 0.10127787292003632 18.90683364868164 -0.0923086404800415 
v 0.110414519906044 18.90683364868164 -0.0813446044921875 
v 0.1195511668920517 18.90683364868164 -0.06855321675539017 
v 0.1250331699848175 18.90683364868164 -0.05576184019446373 
v 0.13051514327526093 18.90683364868164 -0.042970459908246994 
v 0.1341698169708252 18.90683364868164 -0.028351739048957825 
v 0.13599713146686554 18.90683364868164 -0.013733020052313805 
v 0.13782447576522827 18.90683364868164 -0.000941640289966017 
v 0.13599713146686554 18.90683364868164 0.013677079230546951 
v 0.1341698169708252 18.90683364868164 0.02829580008983612 
v 0.13051514327526093 18.90683364868164 0.04291452094912529 
v 0.1250331699848175 18.90683364868164 0.055705901235342026 
v 0.1195511668920517 18.90683364868164 0.06849727779626846 
v 0.0007747199852019548 7.810068130493164 -8.176459312438965 
v -2.5337319374084473 17.68307876586914 -0.8232444524765015 
v -3.0380749702453613 17.009552001953125 -1.3531728982925415 
v -3.1623334884643555 17.010128021240234 -1.0279064178466797 
v -4.207566261291504 15.543235778808594 -1.873964548110962 
v -4.379335403442383 15.543810844421387 -1.4226115942001343 
v -3.253699779510498 17.010128021240234 -0.6916758418083191 
v -2.606825113296509 17.68307876586914 -0.5546254515647888 
v -2.6506810188293457 17.68307876586914 -0.27869710326194763 
v -1.7333613634109497 18.441875457763672 -0.1818482130765915 
v -1.7041242122650146 18.441875457763672 -0.3627548813819885 
v -1.6584409475326538 18.441875457763672 -0.5381795167922974 
v -2.435056209564209 17.68307876586914 -1.0845540761947632 
v -2.880924701690674 17.010128021240234 -1.663820743560791 
v -3.9882869720458984 15.543810844421387 -2.303389549255371 
v -5.276554584503174 13.034074783325195 -3.04711651802063 
v -5.5671000480651855 13.033499717712402 -2.478813648223877 
v -5.795516014099121 13.034074783325195 -1.8831007480621338 
v -4.503593444824219 15.543810844421387 -0.9566399455070496 
v -3.306692361831665 17.010128021240234 -0.34813591837882996 
v -2.665299654006958 17.68307876586914 -0.0009414409287273884 
v -1.7424980401992798 18.441875457763672 -0.0009415645617991686 
v -0.6863013505935669 18.831933975219727 -0.0009416280663572252 
v -0.6826466917991638 18.831933975219727 -0.07220789045095444 
v -0.6716827154159546 18.831933975219727 -0.14347414672374725 
v -0.6534094214439392 18.831933975219727 -0.21291306614875793 
v -1.5926569700241089 18.441299438476562 -0.7099494934082031 
v -2.307142972946167 17.68307876586914 -1.333072304725647 
v -2.690882444381714 17.010128021240234 -1.954367756843567 
v -3.7251510620117188 15.543810844421387 -2.7072317600250244 
v -3.421814441680908 15.543810844421387 -3.081836223602295 
v -4.529176235198975 13.034074783325195 -4.0777363777160645 
v -4.929361343383789 13.034074783325195 -3.582526922225952 
v -2.47160267829895 17.010128021240234 -2.2248141765594482 
v -2.1554746627807617 17.68307876586914 -1.566971778869629 
v -1.5104271173477173 18.441875457763672 -0.8707554340362549 
v -0.6278268098831177 18.831933975219727 -0.27869731187820435 
v -0.12348372489213943 18.95119857788086 -0.05576184764504433 
v -0.12896570563316345 18.95119857788086 -0.04297046735882759 
v -0.13262036442756653 18.95119857788086 -0.02835174649953842 
v -0.13444769382476807 18.95119857788086 -0.013733027502894402 
v -0.1362750232219696 18.95119857788086 -0.0009416475077159703 
v -0.6826466917991638 18.831933975219727 0.07215196639299393 
v -0.13444769382476807 18.95119857788086 0.013677071779966354 
v -0.6716827154159546 18.831933975219727 0.14341823756694794 
v -0.13262036442756653 18.95119857788086 0.028295792639255524 
v -1.7333613634109497 18.441875457763672 0.18179243803024292 
v -2.6506810188293457 17.68307876586914 0.27864158153533936 
v -3.324965715408325 17.010128021240234 -0.0009413312654942274 
v -4.580341815948486 15.543810844421387 -0.4815315008163452 
v -5.959975719451904 13.034075736999512 -1.267287254333496 
v -7.103884220123291 9.923409461975098 -2.3070430755615234 
v -6.822475910186768 9.922832489013672 -3.0379791259765625 
v -6.467973232269287 9.923409461975098 -3.7341957092285156 
v -6.042205333709717 9.923408508300781 -4.3902106285095215 
v -5.55065393447876 9.923408508300781 -4.996887683868408 
v -4.996973037719727 9.923408508300781 -5.550571441650391 
v -4.077825546264648 13.034074783325195 -4.529089450836182 
v -3.0819308757781982 15.543810844421387 -3.4217214584350586 
v -2.2249131202697754 17.010128021240234 -2.4715051651000977 
v -1.980051040649414 17.68307876586914 -1.7825978994369507 
v -1.409924030303955 18.441875457763672 -1.024251937866211 
v -0.59493488073349 18.831933975219727 -0.34265419840812683 
v -0.11800172179937363 18.95119857788086 -0.06855322420597076 
v -0.11069241166114807 18.95119857788086 -0.07951726764440536 
v -0.5565609335899353 18.831933975219727 -0.4047837555408478 
v -0.10155575722455978 18.95119857788086 -0.09048131108283997 
v -0.5108776688575745 18.831933975219727 -0.4596039652824402 
v -0.09059178084135056 18.95119857788086 -0.10144534707069397 
v -0.459712415933609 18.831933975219727 -0.5107694864273071 
v -0.07962779700756073 18.95119857788086 -0.11058204621076584 
v -1.294802188873291 18.441875457763672 -1.1667845249176025 
v -1.7826993465423584 17.68307876586914 -1.9799506664276123 
v -1.9544683694839478 17.010128021240234 -2.6907856464385986 
v -2.7073283195495605 15.543810844421387 -3.725059986114502 
v -3.580792188644409 13.034074783325195 -4.929276943206787 
v -4.390299320220947 9.923408508300781 -6.042126178741455 
v -5.1687421798706055 6.711338996887207 -7.114774227142334 
v -5.883227825164795 6.711338996887207 -6.5355072021484375 
v -6.535584449768066 6.711338996887207 -5.884974479675293 
v -7.114848613739014 6.711338996887207 -5.168657302856445 
v -7.615536689758301 6.711338996887207 -4.397519588470459 
v -8.033995628356934 6.711339473724365 -3.5770442485809326 
v -8.3629150390625 6.711339473724365 -2.7181942462921143 
v -7.3048906326293945 9.923409461975098 -1.5523518323898315 
v -8.602294921875 6.711339473724365 -1.828279733657837 
v -7.427321434020996 9.923409461975098 -0.7812143564224243 
v -8.744827270507812 6.711339950561523 -0.9200916290283203 
v -7.4693498611450195 9.923409461975098 -0.0009401767165400088 
v -8.794164657592773 6.711339950561523 -0.0009396533714607358 
v -7.427321434020996 9.923409461975098 0.781161367893219 
v -8.744827270507812 6.711339950561523 0.920039713382721 
v -7.3048906326293945 9.923409461975098 1.5522987842559814 
v -8.602294921875 6.711340427398682 1.8282277584075928 
v -7.103884220123291 9.923410415649414 2.306990146636963 
v -8.3629150390625 6.711340427398682 2.71814227104187 
v -6.822475910186768 9.923410415649414 3.037926197052002 
v -8.033995628356934 6.711340427398682 3.5769920349121094 
v -6.467973232269287 9.923410415649414 3.734143018722534 
v -7.615536689758301 6.71134090423584 4.397467613220215 
v -6.042205333709717 9.923410415649414 4.390158176422119 
v -7.114848613739014 6.71134090423584 5.168605327606201 
v -5.55065393447876 9.923410415649414 4.996834754943848 
v -6.535584449768066 6.71134090423584 5.884922504425049 
v -4.996973037719727 9.923410415649414 5.550518989562988 
v -5.883227825164795 6.71134090423584 6.535455226898193 
v -4.390299320220947 9.923410415649414 6.0420732498168945 
v -5.1687421798706055 6.71134090423584 7.11472225189209 
v -3.734287738800049 9.923410415649414 6.467843532562256 
v -4.397608757019043 6.711341381072998 7.615413188934326 
v -3.0380749702453613 9.923410415649414 6.822347640991211 
v -3.5771374702453613 6.711341381072998 8.03387451171875 
v -2.307142972946167 9.923410415649414 7.103757381439209 
v -2.7164649963378906 6.711341381072998 8.36279582977295 
v -1.5524557828903198 9.923410415649414 7.304765224456787 
v -1.8283824920654297 6.711341381072998 8.602176666259766 
v -0.7813225388526917 9.923410415649414 7.427196979522705 
v -0.9183722734451294 6.711341381072998 8.746537208557129 
v 0.0007747199852019548 9.923410415649414 7.4692254066467285 
v 0.0007747199852019548 6.711341381072998 8.794048309326172 
v 0.7810446619987488 9.923410415649414 7.427196979522705 
v 0.9199216961860657 6.711341381072998 8.746537208557129 
v 1.552177906036377 9.923410415649414 7.304765224456787 
v 1.8281046152114868 6.711341381072998 8.602176666259766 
v 2.308692693710327 9.923410415649414 7.103757381439209 
v 2.7180144786834717 6.711341381072998 8.36279582977295 
v 3.037797212600708 9.923410415649414 6.822347640991211 
v 3.576859474182129 6.711341381072998 8.03387451171875 
v 3.7340099811553955 9.923410415649414 6.467843532562256 
v 4.3973307609558105 6.711341381072998 7.615413188934326 
v 4.390021324157715 9.923410415649414 6.0420732498168945 
v 5.168464183807373 6.71134090423584 7.11472225189209 
v 4.996695041656494 9.923410415649414 5.550518989562988 
v 5.884777545928955 6.71134090423584 6.535455226898193 
v 5.550375938415527 9.922833442687988 4.996834754943848 
v 6.535306453704834 6.71134090423584 5.884922504425049 
v 6.041927814483643 9.922833442687988 4.390158176422119 
v 7.114570617675781 6.71134090423584 5.168605327606201 
v 6.467695713043213 9.923410415649414 3.734143018722534 
v 7.615258693695068 6.71134090423584 4.397467613220215 
v 6.822197914123535 9.923410415649414 3.037926197052002 
v 8.033717155456543 6.711340427398682 3.5769920349121094 
v 7.103606224060059 9.923410415649414 2.306990146636963 
v 8.36263656616211 6.711340427398682 2.71814227104187 
v 7.306440353393555 9.923409461975098 1.5522987842559814 
v 8.602017402648926 6.711340427398682 1.8282277584075928 
v 7.427043437957764 9.923409461975098 0.781161367893219 
v 8.746376037597656 6.711339950561523 0.920039713382721 
v 7.469072341918945 9.923409461975098 -0.0009401767165400088 
v 8.7938871383667 6.711339950561523 -0.0009396533714607358 
v 7.427043437957764 9.923409461975098 -0.7812143564224243 
v 8.746376037597656 6.711339950561523 -0.9200916290283203 
v 7.306440353393555 9.923409461975098 -1.5523518323898315 
v 8.602017402648926 6.711339473724365 -1.828279733657837 
v 7.103606224060059 9.923409461975098 -2.3070430755615234 
v 8.36263656616211 6.711339473724365 -2.7181942462921143 
v 6.822197914123535 9.922832489013672 -3.0379791259765625 
v 8.033717155456543 6.711339473724365 -3.5770442485809326 
v 6.467695713043213 9.922832489013672 -3.7341957092285156 
v 7.615258693695068 6.711338996887207 -4.397519588470459 
v 6.041927814483643 9.922832489013672 -4.3902106285095215 
v 7.114570617675781 6.711338996887207 -5.168657302856445 
v 5.550375938415527 9.923408508300781 -4.996887683868408 
v 6.535306453704834 6.711338996887207 -5.884974479675293 
v 4.996695041656494 9.923408508300781 -5.550571441650391 
v 5.884777545928955 6.711338996887207 -6.5355072021484375 
v 4.390021324157715 9.923408508300781 -6.042126178741455 
v 5.168464183807373 6.711338996887207 -7.114774227142334 
v 3.7340099811553955 9.923408508300781 -6.467895984649658 
v 4.3973307609558105 6.711338520050049 -7.61546516418457 
v 3.037797212600708 9.922831535339355 -6.8224005699157715 
v 3.576859474182129 6.711338520050049 -8.033926010131836 
v 2.308692693710327 9.923408508300781 -7.103810787200928 
v 2.7180144786834717 6.711338520050049 -8.362847328186035 
v 1.552177906036377 9.923408508300781 -7.304818153381348 
v 1.8281046152114868 6.711338520050049 -8.602229118347168 
v 0.7810446619987488 9.923408508300781 -7.427249908447266 
v 0.9199216961860657 6.711338520050049 -8.746588706970215 
v 0.0007747199852019548 9.923408508300781 -7.469278812408447 
v 0.0007747199852019548 6.711338520050049 -8.794099807739258 
v -1.1668891906738281 18.441875457763672 -1.2946983575820923 
v 0.0007747199852019548 13.034074783325195 -6.093292236328125 
v 0.6366855502128601 13.034074783325195 -6.060400009155273 
v 0.0007747199852019548 15.54380989074707 -4.605837821960449 
v 1.2671144008636475 13.034074783325195 -5.959896087646484 
v 1.8829246759414673 13.034074783325195 -5.795435905456543 
v 2.4786341190338135 13.033499717712402 -5.567018032073975 
v 3.046933650970459 13.034074783325195 -5.276471138000488 
v 3.5823416709899902 13.034074783325195 -4.929276943206787 
v 4.077548027038574 13.034074783325195 -4.529089450836182 
v 4.528898239135742 13.034074783325195 -4.0777363777160645 
v 4.929083824157715 13.033499717712402 -3.582526922225952 
v 5.278103828430176 13.032922744750977 -3.04711651802063 
v 5.566822052001953 13.033499717712402 -2.478813648223877 
v 5.795238018035889 13.034074783325195 -1.8831007480621338 
v 5.959697723388672 13.034075736999512 -1.267287254333496 
v 6.0602006912231445 13.034075736999512 -0.6368550062179565 
v 6.093092918395996 13.034075736999512 -0.0009406834724359214 
v 6.0602006912231445 13.034075736999512 0.6368009448051453 
v 5.959697723388672 13.034075736999512 1.2672332525253296 
v 5.795238018035889 13.034075736999512 1.8830468654632568 
v 5.566822052001953 13.034075736999512 2.478759765625 
v 5.278103828430176 13.034075736999512 3.047062397003174 
v 4.929083824157715 13.033500671386719 3.5824732780456543 
v 4.528898239135742 13.033500671386719 4.077682018280029 
v 4.077548027038574 13.034076690673828 4.5290350914001465 
v 3.5823416709899902 13.034076690673828 4.929222583770752 
v 3.046933650970459 13.034076690673828 5.276417255401611 
v 2.4786341190338135 13.034076690673828 5.566964626312256 
v 1.8829246759414673 13.034076690673828 5.795381546020508 
v 1.2671144008636475 13.034076690673828 5.959842681884766 
v 0.6366855502128601 13.034076690673828 6.0603461265563965 
v 0.0007747199852019548 13.034076690673828 6.09323787689209 
v -0.636963427066803 13.034076690673828 6.0603461265563965 
v -1.2673922777175903 13.034076690673828 5.959842681884766 
v -1.8832024335861206 13.034076690673828 5.795381546020508 
v -2.478912115097046 13.034076690673828 5.566964626312256 
v -3.0472116470336914 13.034076690673828 5.276417255401611 
v -3.580792188644409 13.034076690673828 4.929222583770752 
v -4.077825546264648 13.034076690673828 4.5290350914001465 
v -4.529176235198975 13.034075736999512 4.077682018280029 
v -4.929361343383789 13.034075736999512 3.5824732780456543 
v -5.276554584503174 13.034075736999512 3.047062397003174 
v -5.5671000480651855 13.034075736999512 2.478759765625 
v -5.795516014099121 13.034075736999512 1.8830468654632568 
v -5.959975719451904 13.034075736999512 1.2672332525253296 
v -6.060478687286377 13.034075736999512 0.6368009448051453 
v -6.0933709144592285 13.034075736999512 -0.0009406834724359214 
v -6.060478687286377 13.034075736999512 -0.6368550062179565 
v -4.605924129486084 15.543810844421387 -0.0009410923812538385 
v -4.580341815948486 15.543810844421387 0.48147666454315186 
v -4.503593444824219 15.543810844421387 0.9565850496292114 
v -4.379335403442383 15.543810844421387 1.422556757926941 
v -4.207566261291504 15.543811798095703 1.8739097118377686 
v -3.9882869720458984 15.543811798095703 2.3033344745635986 
v -3.7251510620117188 15.543811798095703 2.707176685333252 
v -3.421814441680908 15.543811798095703 3.0817813873291016 
v -3.0819308757781982 15.543811798095703 3.4216666221618652 
v -2.7073283195495605 15.543811798095703 3.7250049114227295 
v -2.3016610145568848 15.543811798095703 3.9881420135498047 
v -1.8722385168075562 15.543811798095703 4.207423210144043 
v -1.422715425491333 15.543811798095703 4.37919282913208 
v -0.9567462205886841 15.543811798095703 4.505279541015625 
v -0.48164039850234985 15.543811798095703 4.5802001953125 
v 0.0007747199852019548 15.543811798095703 4.605783462524414 
v 0.4813624918460846 15.543811798095703 4.5802001953125 
v 0.9582956433296204 15.543811798095703 4.505279541015625 
v 1.4224374294281006 15.543811798095703 4.37919282913208 
v 1.8737879991531372 15.543811798095703 4.207423210144043 
v 2.303210496902466 15.543811798095703 3.9881420135498047 
v 2.707050323486328 15.543811798095703 3.7250049114227295 
v 3.081653118133545 15.543811798095703 3.4216666221618652 
v 3.421536445617676 15.54323673248291 3.0817813873291016 
v 3.7248735427856445 15.54323673248291 2.707176685333252 
v 3.988008975982666 15.543811798095703 2.3033344745635986 
v 4.2072882652282715 15.543811798095703 1.8739097118377686 
v 4.37905740737915 15.543810844421387 1.422556757926941 
v 4.505143165588379 15.543810844421387 0.9565850496292114 
v 4.580063819885254 15.543810844421387 0.48147666454315186 
v 4.60564661026001 15.543810844421387 -0.0009410923812538385 
v 4.580063819885254 15.543810844421387 -0.4815315008163452 
v 4.505143165588379 15.543810844421387 -0.9566399455070496 
v 4.37905740737915 15.543810844421387 -1.4226115942001343 
v 4.2072882652282715 15.543235778808594 -1.873964548110962 
v 3.988008975982666 15.542658805847168 -2.303389549255371 
v 3.7248735427856445 15.543235778808594 -2.7072317600250244 
v 3.421536445617676 15.543810844421387 -3.081836223602295 
v 3.081653118133545 15.543810844421387 -3.4217214584350586 
v 2.707050323486328 15.543810844421387 -3.725059986114502 
v 2.303210496902466 15.543810844421387 -3.988197088241577 
v 1.8737879991531372 15.543234825134277 -4.207477569580078 
v 1.4224374294281006 15.54380989074707 -4.379247665405273 
v 0.9582956433296204 15.54380989074707 -4.505334377288818 
v 0.4813624918460846 15.54380989074707 -4.580255031585693 
v 0.0007747199852019548 17.010128021240234 -3.32669997215271 
v 0.3479674160480499 17.010128021240234 -3.308426856994629 
v 0.0007747199852019548 17.68307876586914 -2.665203094482422 
v 0.691505491733551 17.010128021240234 -3.2536065578460693 
v 1.0277341604232788 17.010128021240234 -3.1622395515441895 
v 1.3529988527297974 17.009552001953125 -3.037980318069458 
v 1.6636450290679932 17.010128021240234 -2.880829095840454 
v 1.9541904926300049 17.010128021240234 -2.6907856464385986 
v 2.224635362625122 17.010128021240234 -2.4715051651000977 
v 2.471324920654297 17.010128021240234 -2.2248141765594482 
v 2.6906044483184814 17.009552001953125 -1.954367756843567 
v 2.8806469440460205 17.008975982666016 -1.663820743560791 
v 3.037797212600708 17.009552001953125 -1.3531728982925415 
v 3.1638832092285156 17.010128021240234 -1.0279064178466797 
v 3.253422260284424 17.010128021240234 -0.6916758418083191 
v 3.308242082595825 17.010128021240234 -0.34813591837882996 
v 3.3265154361724854 17.010128021240234 -0.0009413312654942274 
v 3.308242082595825 17.010128021240234 0.3480806052684784 
v 3.253422260284424 17.010128021240234 0.6916205286979675 
v 3.1638832092285156 17.010128021240234 1.0278511047363281 
v 3.037797212600708 17.010128021240234 1.35311758518219 
v 2.8806469440460205 17.010128021240234 1.66376531124115 
v 2.6906044483184814 17.009552001953125 1.9543124437332153 
v 2.471324920654297 17.009552001953125 2.2247588634490967 
v 2.224635362625122 17.010128021240234 2.471449613571167 
v 1.9541904926300049 17.010128021240234 2.690730571746826 
v 1.6636450290679932 17.010128021240234 2.8807740211486816 
v 1.3529988527297974 17.010129928588867 3.0379250049591064 
v 1.0277341604232788 17.010129928588867 3.162184238433838 
v 0.691505491733551 17.010129928588867 3.2535510063171387 
v 0.3479674160480499 17.010129928588867 3.3083713054656982 
v 0.0007747199852019548 17.010129928588867 3.3266448974609375 
v -0.3482452929019928 17.010129928588867 3.3083713054656982 
v -0.6917833089828491 17.010129928588867 3.2535510063171387 
v -1.0280121564865112 17.010129928588867 3.162184238433838 
v -1.3532768487930298 17.010129928588867 3.0379250049591064 
v -1.6620956659317017 17.010128021240234 2.8807740211486816 
v -1.9544683694839478 17.010128021240234 2.690730571746826 
v -2.2249131202697754 17.010128021240234 2.471449613571167 
v -2.47160267829895 17.010128021240234 2.2247588634490967 
v -2.690882444381714 17.010128021240234 1.9543124437332153 
v -2.880924701690674 17.010128021240234 1.66376531124115 
v -3.0380749702453613 17.010128021240234 1.35311758518219 
v -3.1623334884643555 17.010128021240234 1.0278511047363281 
v -3.253699779510498 17.010128021240234 0.6916205286979675 
v -3.306692361831665 17.010128021240234 0.3480806052684784 
v -2.606825113296509 17.68307876586914 0.5545699000358582 
v -2.5337319374084473 17.68307876586914 0.823188841342926 
v -2.435056209564209 17.68307876586914 1.0844985246658325 
v -2.307142972946167 17.68307876586914 1.3330167531967163 
v -2.1554746627807617 17.68307876586914 1.5669162273406982 
v -1.980051040649414 17.68307876586914 1.78254234790802 
v -1.7826993465423584 17.68307876586914 1.979894995689392 
v -1.5670744180679321 17.68307876586914 2.1553196907043457 
v -1.3331761360168457 17.68307876586914 2.308816432952881 
v -1.0846593379974365 17.68307876586914 2.4349026679992676 
v -0.8233510851860046 17.68307876586914 2.5354063510894775 
v -0.5547335743904114 17.68307876586914 2.606672763824463 
v -0.27880677580833435 17.68307876586914 2.650528907775879 
v 0.0007747199852019548 17.68307876586914 2.665147542953491 
v 0.2785288691520691 17.68307876586914 2.650528907775879 
v 0.5544556975364685 17.68307876586914 2.606672763824463 
v 0.8230732083320618 17.68307876586914 2.5354063510894775 
v 1.0843814611434937 17.68307876586914 2.4349026679992676 
v 1.3328982591629028 17.68307876586914 2.308816432952881 
v 1.5667965412139893 17.68307876586914 2.1553196907043457 
v 1.782421350479126 17.68307876586914 1.979894995689392 
v 1.9797731637954712 17.68307876586914 1.78254234790802 
v 2.1551969051361084 17.68307876586914 1.5669162273406982 
v 2.308692693710327 17.68307876586914 1.3330167531967163 
v 2.4347782135009766 17.68307876586914 1.0844985246658325 
v 2.5352814197540283 17.68307876586914 0.823188841342926 
v 2.6065473556518555 17.68307876586914 0.5545699000358582 
v 2.6504032611846924 17.68307876586914 0.27864158153533936 
v 2.6650218963623047 17.68307876586914 -0.0009414409287273884 
v 2.6504032611846924 17.68307876586914 -0.27869710326194763 
v 2.6065473556518555 17.68307876586914 -0.5546254515647888 
v 2.5352814197540283 17.68307876586914 -0.8232444524765015 
v 2.4347782135009766 17.68307876586914 -1.0845540761947632 
v 2.308692693710327 17.6825008392334 -1.333072304725647 
v 2.1551969051361084 17.68307876586914 -1.566971778869629 
v 1.9797731637954712 17.68307876586914 -1.7825978994369507 
v 1.782421350479126 17.68307876586914 -1.9799506664276123 
v 1.5667965412139893 17.68307876586914 -2.1553754806518555 
v 1.3328982591629028 17.68307876586914 -2.3088719844818115 
v 1.0843814611434937 17.68307876586914 -2.4349582195281982 
v 0.8230732083320618 17.68307876586914 -2.5354621410369873 
v 0.5544556975364685 17.68307876586914 -2.6067283153533936 
v 0.2785288691520691 17.68307876586914 -2.6505844593048096 
v 0.0007747199852019548 18.441875457763672 -1.7423964738845825 
v 0.18168039619922638 18.441875457763672 -1.733259916305542 
v 0.0007747199852019548 18.831933975219727 -0.6880214810371399 
v 0.3625860810279846 18.441875457763672 -1.7058497667312622 
v 0.5380097031593323 18.441875457763672 -1.6583389043807983 
v 0.7097787857055664 18.441299438476562 -1.5925546884536743 
v 0.8724111318588257 18.441875457763672 -1.510324478149414 
v 1.0240795612335205 18.441875457763672 -1.4098206758499146 
v 1.1666113138198853 18.441875457763672 -1.2946983575820923 
v 1.296351671218872 18.441875457763672 -1.1667845249176025 
v 1.4096461534500122 18.441299438476562 -1.024251937866211 
v 1.510149359703064 18.441299438476562 -0.8707554340362549 
v 1.592379093170166 18.441299438476562 -0.7099494934082031 
v 1.658163070678711 18.441875457763672 -0.5381795167922974 
v 1.7056735754013062 18.441875457763672 -0.3627548813819885 
v 1.7330836057662964 18.441875457763672 -0.1818482130765915 
v 1.7440475225448608 18.441875457763672 -0.0009415645617991686 
v 1.7330836057662964 18.441875457763672 0.18179243803024292 
v 1.7056735754013062 18.441875457763672 0.36269909143447876 
v 1.658163070678711 18.441875457763672 0.5381237268447876 
v 1.592379093170166 18.441875457763672 0.7080663442611694 
v 1.510149359703064 18.441875457763672 0.8706995844841003 
v 1.4096461534500122 18.441299438476562 1.0241961479187012 
v 1.296351671218872 18.441299438476562 1.1667286157608032 
v 1.1666113138198853 18.441875457763672 1.294642448425293 
v 1.0240795612335205 18.441875457763672 1.4097648859024048 
v 0.8724111318588257 18.441875457763672 1.5102685689926147 
v 0.7097787857055664 18.441875457763672 1.592499017715454 
v 0.5380097031593323 18.441875457763672 1.6582831144332886 
v 0.3625860810279846 18.441875457763672 1.7057939767837524 
v 0.18168039619922638 18.441875457763672 1.7332041263580322 
v 0.0007747199852019548 18.441875457763672 1.7423408031463623 
v -0.18195827305316925 18.441875457763672 1.7332041263580322 
v -0.3628639578819275 18.441875457763672 1.7057939767837524 
v -0.5382876396179199 18.441875457763672 1.6582831144332886 
v -0.7082293033599854 18.441875457763672 1.592499017715454 
v -0.8708616495132446 18.441875457763672 1.5102685689926147 
v -1.0243574380874634 18.441875457763672 1.4097648859024048 
v -1.1668891906738281 18.441875457763672 1.294642448425293 
v -1.294802188873291 18.441875457763672 1.1667286157608032 
v -1.409924030303955 18.441875457763672 1.0241961479187012 
v -1.5104271173477173 18.441875457763672 0.8706995844841003 
v -1.5926569700241089 18.441875457763672 0.7080663442611694 
v -1.6584409475326538 18.441875457763672 0.5381237268447876 
v -1.7041242122650146 18.441875457763672 0.36269909143447876 
v -0.6534094214439392 18.831933975219727 0.21285715699195862 
v -0.12896570563316345 18.95119857788086 0.04291451349854469 
v -0.6278268098831177 18.831933975219727 0.27864137291908264 
v -0.59493488073349 18.831933975219727 0.3425982892513275 
v -0.5565609335899353 18.831933975219727 0.40472784638404846 
v -0.5108776688575745 18.831933975219727 0.45954805612564087 
v -0.459712415933609 18.831933975219727 0.5107135772705078 
v -0.40306517481803894 18.831933975219727 0.5563970804214478 
v -0.3427633047103882 18.831933975219727 0.5947712063789368 
v -0.27880677580833435 18.831933975219727 0.6276633143424988 
v -0.2130228728055954 18.831933975219727 0.6532461047172546 
v -0.14358435571193695 18.831933975219727 0.6715194582939148 
v -0.07231847941875458 18.831933975219727 0.6824835538864136 
v 0.0007747199852019548 18.831933975219727 0.6879655718803406 
v 0.07204058766365051 18.831933975219727 0.6824835538864136 
v 0.14330646395683289 18.831933975219727 0.6715194582939148 
v 0.21274499595165253 18.831933975219727 0.6532461047172546 
v 0.280356228351593 18.831933975219727 0.6276633143424988 
v 0.34431275725364685 18.831933975219727 0.5947712063789368 
v 0.4046146273612976 18.831933975219727 0.5563970804214478 
v 0.4594345688819885 18.831933975219727 0.5107135772705078 
v 0.5105997920036316 18.831933975219727 0.45954805612564087 
v 0.5562829971313477 18.831933975219727 0.40472784638404846 
v 0.5946569442749023 18.831933975219727 0.3425982892513275 
v 0.62754887342453 18.831933975219727 0.27864137291908264 
v 0.6531315445899963 18.831933975219727 0.21285715699195862 
v 0.6714048385620117 18.831933975219727 0.14341823756694794 
v 0.6841961145401001 18.831933975219727 0.07215196639299393 
v 0.6878507733345032 18.831933975219727 -0.0009416280663572252 
v 0.6841961145401001 18.831933975219727 -0.07220789045095444 
v 0.6714048385620117 18.831933975219727 -0.14347414672374725 
v 0.6531315445899963 18.831933975219727 -0.21291306614875793 
v 0.62754887342453 18.831933975219727 -0.27869731187820435 
v 0.5946569442749023 18.831357955932617 -0.34265419840812683 
v 0.5562829971313477 18.831933975219727 -0.4047837555408478 
v 0.5105997920036316 18.831933975219727 -0.4596039652824402 
v 0.4594345688819885 18.831933975219727 -0.5107694864273071 
v 0.4046146273612976 18.831933975219727 -0.5564529895782471 
v 0.34431275725364685 18.831933975219727 -0.5948271155357361 
v 0.280356228351593 18.831933975219727 -0.6277192234992981 
v 0.21274499595165253 18.831933975219727 -0.653302013874054 
v 0.14330646395683289 18.831933975219727 -0.6715754270553589 
v 0.07204058766365051 18.831933975219727 -0.6825394630432129 
v 0.01356603018939495 18.95119857788086 -0.1361648142337799 
v 0.0007747199852019548 18.95119857788086 -0.1361648142337799 
v 0.028184670954942703 18.95119857788086 -0.13251012563705444 
v 0.042803309857845306 18.95119857788086 -0.12885543704032898 
v 0.05559461936354637 18.95119857788086 -0.1252007633447647 
v 0.06838592886924744 18.95119857788086 -0.11789141595363617 
v 0.07934991270303726 18.95119857788086 -0.11058204621076584 
v 0.09031388908624649 18.95119857788086 -0.10144534707069397 
v 0.10127787292003632 18.95119857788086 -0.09048131108283997 
v 0.110414519906044 18.95119857788086 -0.07951726764440536 
v 0.11772384494543076 18.95119857788086 -0.06855322420597076 
v 0.1250331699848175 18.95119857788086 -0.05576184764504433 
v 0.12868782877922058 18.95119857788086 -0.04297046735882759 
v 0.1341698169708252 18.95119857788086 -0.02835174649953842 
v 0.13599713146686554 18.95119857788086 -0.013733027502894402 
v 0.13599713146686554 18.95119857788086 -0.0009416475077159703 
v 0.13599713146686554 18.95119857788086 0.013677071779966354 
v 0.1341698169708252 18.95119857788086 0.028295792639255524 
v 0.12868782877922058 18.95119857788086 0.04291451349854469 
v 0.1250331699848175 18.95119857788086 0.05570589378476143 
v 0.11772384494543076 18.95119857788086 0.06849727034568787 
v 0.110414519906044 18.95119857788086 0.07946131378412247 
v 0.10127787292003632 18.95119857788086 0.09042535722255707 
v 0.09031388908624649 18.95119857788086 0.10138939321041107 
v 0.07934991270303726 18.95119857788086 0.11052609235048294 
v 0.06838592886924744 18.95119857788086 0.11783545464277267 
v 0.05559461936354637 18.95119857788086 0.1251448094844818 
v 0.042803309857845306 18.95119857788086 0.12879948318004608 
v 0.028184670954942703 18.95119857788086 0.13245417177677155 
v 0.01356603018939495 18.95119857788086 0.136108860373497 
v 0.0007747199852019548 18.95119857788086 0.136108860373497 
v -0.013843919150531292 18.95119857788086 0.136108860373497 
v -0.02846255898475647 18.95119857788086 0.13245417177677155 
v -0.04125387221574783 18.95119857788086 0.12879948318004608 
v -0.05587250739336014 18.95119857788086 0.1251448094844818 
v -0.0686638206243515 18.95119857788086 0.11783545464277267 
v -0.07962779700756073 18.95119857788086 0.11052609235048294 
v -0.09059178084135056 18.95119857788086 0.10138939321041107 
v -0.10155575722455978 18.95119857788086 0.09042535722255707 
v -0.11069241166114807 18.95119857788086 0.07946131378412247 
v -0.11800172179937363 18.95119857788086 0.06849727034568787 
v -0.12348372489213943 18.95119857788086 0.05570589378476143 
v -1.5670744180679321 17.68307876586914 -2.1553754806518555 
v -1.0243574380874634 18.441875457763672 -1.4098206758499146 
v -0.40306517481803894 18.831933975219727 -0.5564529895782471 
v -0.0686638206243515 18.95119857788086 -0.11789141595363617 
v -0.3427633047103882 18.831933975219727 -0.5948271155357361 
v -0.05587250739336014 18.95119857788086 -0.1252007633447647 
v -0.8708616495132446 18.441875457763672 -1.510324478149414 
v -1.3331761360168457 17.68307876586914 -2.3088719844818115 
v -1.6620956659317017 17.010128021240234 -2.880829095840454 
v -2.3016610145568848 15.543810844421387 -3.988197088241577 
v -3.0472116470336914 13.034074783325195 -5.276471138000488 
v -3.734287738800049 9.923408508300781 -6.467895984649658 
v -4.397608757019043 6.711338520050049 -7.61546516418457 
v -3.5771374702453613 6.711338520050049 -8.033926010131836 
v -3.0380749702453613 9.923408508300781 -6.8224005699157715 
v -2.478912115097046 13.034074783325195 -5.567018032073975 
v -2.7164649963378906 6.711338520050049 -8.362847328186035 
v -2.307142972946167 9.922831535339355 -7.103810787200928 
v -1.8283824920654297 6.711338520050049 -8.602229118347168 
v -1.5524557828903198 9.923408508300781 -7.304818153381348 
v -0.9183722734451294 6.711338520050049 -8.746588706970215 
v -0.7813225388526917 9.923408508300781 -7.427249908447266 
v 0.0007747199852019548 6.711338520050049 -8.794099807739258 
v 0.0007747199852019548 9.923408508300781 -7.469278812408447 
v -0.636963427066803 13.034074783325195 -6.060400009155273 
v 0.0007747199852019548 13.034074783325195 -6.093292236328125 
v -1.8832024335861206 13.033499717712402 -5.795435905456543 
v -1.8722385168075562 15.54380989074707 -4.207477569580078 
v -1.3532768487930298 17.010128021240234 -3.037980318069458 
v -1.2673922777175903 13.034074783325195 -5.959896087646484 
v -0.9567462205886841 15.54380989074707 -4.505334377288818 
v -0.48164039850234985 15.54380989074707 -4.580255031585693 
v 0.0007747199852019548 15.54380989074707 -4.605837821960449 
v -0.3482452929019928 17.010128021240234 -3.308426856994629 
v 0.0007747199852019548 17.010128021240234 -3.32669997215271 
v -1.422715425491333 15.543234825134277 -4.379247665405273 
v -1.0280121564865112 17.009552001953125 -3.1622395515441895 
v -0.6917833089828491 17.010128021240234 -3.2536065578460693 
v -1.0846593379974365 17.68307876586914 -2.4349582195281982 
v -0.8233510851860046 17.68307876586914 -2.5354621410369873 
v -0.7082293033599854 18.441875457763672 -1.5925546884536743 
v -0.5547335743904114 17.68307876586914 -2.6067283153533936 
v -0.27880677580833435 17.68307876586914 -2.6505844593048096 
v 0.0007747199852019548 17.68307876586914 -2.665203094482422 
v -0.18195827305316925 18.441875457763672 -1.733259916305542 
v 0.0007747199852019548 18.441875457763672 -1.7423964738845825 
v -0.3628639578819275 18.441875457763672 -1.7058497667312622 
v -0.5382876396179199 18.441299438476562 -1.6583389043807983 
v -0.27880677580833435 18.831933975219727 -0.6277192234992981 
v -0.04125387221574783 18.95119857788086 -0.12885543704032898 
v -0.2130228728055954 18.831933975219727 -0.653302013874054 
v -0.02846255898475647 18.95119857788086 -0.13251012563705444 
v -0.14358435571193695 18.831933975219727 -0.6715754270553589 
v -0.07231847941875458 18.831933975219727 -0.6825394630432129 
v 0.0007747199852019548 18.831933975219727 -0.6880214810371399 
v 0.0007747199852019548 18.95119857788086 -0.1361648142337799 
v -0.013843919150531292 18.95119857788086 -0.1361648142337799 
v 27.90958595275879 5.974434852600098 -9.068201065063477 
v 29.000503540039062 6.8156232833862305 -6.164557456970215 
v 28.702646255493164 6.07411003112793 -6.100600242614746 
v 29.486572265625 6.906656265258789 -3.098280906677246 
v 28.198305130004883 6.7147955894470215 -9.161395072937012 
v 26.80770492553711 5.8931965827941895 -11.935297012329102 
v 27.085458755493164 6.632404327392578 -12.059556007385254 
v 25.413454055786133 5.859778881072998 -14.672653198242188 
v 25.67658805847168 6.598410606384277 -14.824321746826172 
v 23.741445541381836 5.85977840423584 -17.249202728271484 
v 23.986309051513672 6.598410129547119 -17.428281784057617 
v 21.808130264282227 5.859777927398682 -19.63570785522461 
v 22.034719467163086 6.598409652709961 -19.838542938232422 
v 19.635435104370117 5.893194675445557 -21.808414459228516 
v 19.84009552001953 6.6324028968811035 -22.033178329467773 
v 17.24894142150879 5.974432468414307 -23.739913940429688 
v 17.428020477294922 6.7147932052612305 -23.986604690551758 
v 14.672407150268555 6.0741071701049805 -25.413755416870117 
v 14.824075698852539 6.815619945526123 -25.676895141601562 
v 11.935067176818848 6.165139675140381 -26.80801773071289 
v 12.059326171875 6.906652450561523 -27.085773468017578 
v 9.067986488342285 6.165139198303223 -27.9080753326416 
v 9.163006782531738 6.906652450561523 -28.19862174987793 
v 6.100402355194092 6.074106693267822 -28.70296859741211 
v 6.164359092712402 6.815619468688965 -29.000825881958008 
v 3.0670344829559326 5.97443151473999 -29.18355941772461 
v 3.099926471710205 6.714792251586914 -29.48689842224121 
v 0.0007747199852019548 5.89319372177124 -29.3443660736084 
v 0.0007747199852019548 6.632401466369629 -29.6495304107666 
v 24.220205307006836 6.278073787689209 17.59817123413086 
v 24.136150360107422 6.458410263061523 17.536043167114258 
v 22.248516082763672 6.278074264526367 20.032188415527344 
v 22.171770095825195 6.458410739898682 19.962749481201172 
v 20.031967163085938 6.278074264526367 22.24875259399414 
v 19.962528228759766 6.45841121673584 22.170175552368164 
v 17.597963333129883 6.31206750869751 24.22045135498047 
v 17.53583335876465 6.492403984069824 24.136394500732422 
v 14.968435287475586 6.395034313201904 25.927188873291016 
v 14.917269706726074 6.575371265411377 25.835819244384766 
v 12.176274299621582 6.49701452255249 27.35068702697754 
v 12.134245872497559 6.676774978637695 27.253835678100586 
v 9.25071907043457 6.589199066162109 28.472673416137695 
v 9.21965503692627 6.768959999084473 28.37399673461914 
v 6.224660396575928 6.589199066162109 29.284011840820312 
v 6.202732563018799 6.768959999084473 29.181678771972656 
v 3.1291637420654297 6.49701452255249 29.773738861083984 
v 3.118199586868286 6.6767754554748535 29.669578552246094 
v 0.0007747199852019548 6.3950347900390625 29.938199996948242 
v 0.0007747199852019548 6.575371742248535 29.83403968811035 
v -3.129441738128662 6.312067985534668 29.773738861083984 
v -3.1184775829315186 6.492404937744141 29.669578552246094 
v -6.22493839263916 6.278075695037842 29.284011840820312 
v -6.203010559082031 6.458412170410156 29.181678771972656 
v -9.250996589660645 6.278075218200684 28.472673416137695 
v -9.219932556152344 6.458412170410156 28.37399673461914 
v -12.176552772521973 6.278075218200684 27.35068702697754 
v -12.134523391723633 6.458412170410156 27.253835678100586 
v -14.96871280670166 6.278075218200684 25.927188873291016 
v -14.917548179626465 6.458411693572998 25.837646484375 
v -17.596412658691406 6.278074741363525 24.22045135498047 
v -17.53611183166504 6.458411693572998 24.136394500732422 
v -20.032243728637695 6.312067031860352 22.24875259399414 
v -19.962804794311523 6.492403984069824 22.170175552368164 
v -22.248796463012695 6.395033359527588 20.032188415527344 
v -22.17021942138672 6.5753703117370605 19.962749481201172 
v -24.220483779907227 6.497012615203857 17.596345901489258 
v -24.13642692565918 6.676773548126221 17.536043167114258 
v -25.927209854125977 6.589196681976318 14.968629837036133 
v -25.835844039916992 6.768957614898682 14.917463302612305 
v -27.348873138427734 6.58919620513916 12.176454544067383 
v -27.25385093688965 6.768957138061523 12.134425163269043 
v -28.472679138183594 6.497011184692383 9.250883102416992 
v -28.374004364013672 6.676772117614746 9.219818115234375 
v -29.284015655517578 6.395030975341797 6.2248077392578125 
v -29.181686401367188 6.5753679275512695 6.202879428863525 
v -29.773738861083984 6.312063694000244 3.129293918609619 
v -29.66958236694336 6.492400646209717 3.1183297634124756 
v -29.938199996948242 6.27807092666626 -0.0009395828237757087 
v -29.834041595458984 6.458407402038574 -0.0009396121604368091 
v -29.773738861083984 6.278070449829102 -3.1293458938598633 
v -29.66958236694336 6.458406925201416 -3.1183815002441406 
v -29.284015655517578 6.278069972991943 -6.224859714508057 
v -29.181686401367188 6.458406448364258 -6.2029314041137695 
v -28.472679138183594 6.278069496154785 -9.250934600830078 
v -28.374004364013672 6.4584059715271 -9.219870567321777 
v -27.35070037841797 6.312061309814453 -12.176506042480469 
v -27.25385093688965 6.492398262023926 -12.134476661682129 
v -25.927209854125977 6.3950276374816895 -14.968681335449219 
v -25.835844039916992 6.575364589691162 -14.917516708374023 
v -24.220483779907227 6.497006893157959 -17.59639549255371 
v -24.13642692565918 6.676767826080322 -17.536094665527344 
v -22.248796463012695 6.58919095993042 -20.03223991394043 
v -22.17021942138672 6.768951892852783 -19.96280288696289 
v -20.032243728637695 6.497006416320801 -22.248804092407227 
v -19.962804794311523 6.676767349243164 -22.170228958129883 
v -17.596412658691406 6.395026206970215 -24.220502853393555 
v -17.53611183166504 6.5753631591796875 -24.136445999145508 
v -14.96871280670166 6.312058925628662 -25.9272403717041 
v -14.917548179626465 6.492395877838135 -25.83769989013672 
v -12.176552772521973 6.278066158294678 -27.350736618041992 
v -12.134523391723633 6.45840311050415 -27.253887176513672 
v -9.250996589660645 6.278066158294678 -28.47272491455078 
v -9.219932556152344 6.45840311050415 -28.374046325683594 
v -6.22493839263916 6.278066158294678 -29.2840633392334 
v -6.203010559082031 6.45840311050415 -29.181732177734375 
v -3.129441738128662 6.278066158294678 -29.77379035949707 
v -3.1184775829315186 6.458402633666992 -29.671459197998047 
v 0.0007747199852019548 6.312058448791504 -29.938251495361328 
v 0.0007747199852019548 6.492395401000977 -29.83409309387207 
v -3.098376989364624 6.598408222198486 -29.48689842224121 
v 0.0007747199852019548 6.632401466369629 -29.6495304107666 
v -6.164636611938477 6.598408222198486 -29.000825881958008 
v -9.161458015441895 6.598408222198486 -28.19862174987793 
v -12.059603691101074 6.5984086990356445 -27.085773468017578 
v -14.824353218078613 6.632401943206787 -25.676895141601562 
v -17.426471710205078 6.7147932052612305 -23.986604690551758 
v -19.838546752929688 6.815620422363281 -22.033178329467773 
v -22.033170700073242 6.906653881072998 -19.838542938232422 
v -23.986587524414062 6.815621376037598 -17.426454544067383 
v -25.67686653137207 6.714794635772705 -14.824321746826172 
v -27.085737228393555 6.632404327392578 -12.059556007385254 
v -28.19858169555664 6.598411560058594 -9.161395072937012 
v -29.00078010559082 6.598412036895752 -6.164557456970215 
v -29.48685073852539 6.59841251373291 -3.1001083850860596 
v -29.64948081970215 6.598412990570068 -0.0009396349778398871 
v -29.48685073852539 6.632406711578369 3.1000564098358154 
v -29.00078010559082 6.7147979736328125 6.164505481719971 
v -28.19858169555664 6.8156256675720215 9.16134262084961 
v -27.085737228393555 6.90665864944458 12.059504508972168 
v -25.67686653137207 6.906659126281738 14.824270248413086 
v -23.986587524414062 6.815627098083496 17.426401138305664 
v -22.033170700073242 6.7148003578186035 19.838489532470703 
v -19.838546752929688 6.632410049438477 22.033124923706055 
v -17.428298950195312 6.598416805267334 23.986553192138672 
v -14.824353218078613 6.598417282104492 25.676841735839844 
v -12.059603691101074 6.598417282104492 27.08572006225586 
v -9.161458015441895 6.59841775894165 28.198572158813477 
v -6.164636611938477 6.59841775894165 29.00077247619629 
v -3.098376989364624 6.632411003112793 29.486845016479492 
v 0.0007747199852019548 6.714801788330078 29.64948081970215 
v 3.099926471710205 6.815629005432129 29.486845016479492 
v 6.164359092712402 6.906661510467529 29.00077247619629 
v 9.163006782531738 6.906661510467529 28.198572158813477 
v 12.059326171875 6.815628528594971 27.08572006225586 
v 14.824075698852539 6.71480131149292 25.676841735839844 
v 17.428020477294922 6.632410049438477 23.986553192138672 
v 19.84009552001953 6.598416805267334 22.033124923706055 
v 22.034719467163086 6.598416328430176 19.838489532470703 
v 23.986309051513672 6.598415851593018 17.4282283782959 
v 25.67658805847168 6.598415374755859 14.824270248413086 
v 25.83739471435547 6.458410263061523 14.917463302612305 
v 27.085458755493164 6.632408142089844 12.059504508972168 
v 27.255401611328125 6.492402076721191 12.134425163269043 
v 28.198305130004883 6.714798450469971 9.16134262084961 
v 28.373727798461914 6.575368404388428 9.219818115234375 
v 29.000503540039062 6.815625190734863 6.164505481719971 
v 29.181407928466797 6.676771640777588 6.202879428863525 
v 29.486572265625 6.9066572189331055 3.098228931427002 
v 29.6693058013916 6.768955707550049 3.1183297634124756 
v 29.64920425415039 6.961390972137451 -0.0009396941168233752 
v 29.833763122558594 6.823690414428711 -0.0009396717068739235 
v 29.486572265625 6.906656265258789 -3.098280906677246 
v 29.6693058013916 6.768954753875732 -3.1183817386627197 
v 29.000503540039062 6.8156232833862305 -6.164557456970215 
v 29.181407928466797 6.676769733428955 -6.202931880950928 
v 28.198305130004883 6.7147955894470215 -9.161395072937012 
v 28.373727798461914 6.5753655433654785 -9.219870567321777 
v 27.085458755493164 6.632404327392578 -12.059556007385254 
v 27.255401611328125 6.492398262023926 -12.134476661682129 
v 25.67658805847168 6.598410606384277 -14.824321746826172 
v 25.83739471435547 6.458405017852783 -14.917516708374023 
v 23.986309051513672 6.598410129547119 -17.428281784057617 
v 24.136150360107422 6.458405017852783 -17.536094665527344 
v 22.034719467163086 6.598409652709961 -19.838542938232422 
v 22.171770095825195 6.458404541015625 -19.96280288696289 
v 19.84009552001953 6.6324028968811035 -22.033178329467773 
v 19.962528228759766 6.492396354675293 -22.170228958129883 
v 17.428020477294922 6.7147932052612305 -23.986604690551758 
v 17.53583335876465 6.5753631591796875 -24.136445999145508 
v 14.824075698852539 6.815619945526123 -25.676895141601562 
v 14.917269706726074 6.676766395568848 -25.835872650146484 
v 12.059326171875 6.906652450561523 -27.085773468017578 
v 12.134245872497559 6.768950939178467 -27.253889083862305 
v 9.163006782531738 6.906652450561523 -28.19862174987793 
v 9.21965503692627 6.768950462341309 -28.374046325683594 
v 6.164359092712402 6.815619468688965 -29.000825881958008 
v 6.202732563018799 6.6767659187316895 -29.181732177734375 
v 3.099926471710205 6.714792251586914 -29.48689842224121 
v 3.118199586868286 6.575362205505371 -29.669631958007812 
v 0.0007747199852019548 6.632401466369629 -29.6495304107666 
v 0.0007747199852019548 6.492395401000977 -29.83409309387207 
v 3.1291637420654297 6.395025253295898 -29.77379035949707 
v 0.0007747199852019548 6.312058448791504 -29.938251495361328 
v 25.92693328857422 6.278073310852051 14.968629837036133 
v 6.224660396575928 6.497004985809326 -29.2840633392334 
v 9.25071907043457 6.589189529418945 -28.47272491455078 
v 12.176274299621582 6.5891900062561035 -27.348909378051758 
v 14.968435287475586 6.497005462646484 -25.9272403717041 
v 17.597963333129883 6.395026206970215 -24.220502853393555 
v 20.031967163085938 6.3120598793029785 -22.248804092407227 
v 22.248516082763672 6.278067588806152 -20.03223991394043 
v 24.220205307006836 6.2780680656433105 -17.598222732543945 
v 25.92693328857422 6.278068542480469 -14.968681335449219 
v 27.350421905517578 6.312061309814453 -12.176506042480469 
v 28.472402572631836 6.395028591156006 -9.250934600830078 
v 29.283737182617188 6.497008800506592 -6.224859714508057 
v 29.773462295532227 6.589193820953369 -3.1293458938598633 
v 29.937923431396484 6.643929481506348 -0.0009396424284204841 
v 29.773462295532227 6.5891947746276855 3.129293918609619 
v 29.283737182617188 6.497010707855225 6.2248077392578125 
v 28.472402572631836 6.395031452178955 9.250883102416992 
v 27.350421905517578 6.312065124511719 12.176454544067383 
v 29.18323516845703 6.1651434898376465 -3.067216157913208 
v 29.64920425415039 6.961390972137451 -0.0009396941168233752 
v 29.344039916992188 6.219878673553467 -0.0009395733359269798 
v 29.486572265625 6.9066572189331055 3.098228931427002 
v 29.18323516845703 6.165144443511963 3.067164182662964 
v 29.000503540039062 6.815625190734863 6.164505481719971 
v 28.702646255493164 6.0741119384765625 6.10054874420166 
v 28.198305130004883 6.714798450469971 9.16134262084961 
v 27.90958595275879 5.974437713623047 9.06814956665039 
v 27.085458755493164 6.632408142089844 12.059504508972168 
v 26.80770492553711 5.893200397491455 11.9352445602417 
v 25.67658805847168 6.598415374755859 14.824270248413086 
v 25.413454055786133 5.85978364944458 14.672599792480469 
v 23.986309051513672 6.598415851593018 17.4282283782959 
v 23.741445541381836 5.85978364944458 17.249149322509766 
v 22.034719467163086 6.598416328430176 19.838489532470703 
v 21.808130264282227 5.859784126281738 19.635656356811523 
v 19.84009552001953 6.598416805267334 22.033124923706055 
v 19.635435104370117 5.8597846031188965 21.808364868164062 
v 17.428020477294922 6.632410049438477 23.986553192138672 
v 17.24894142150879 5.893202304840088 23.73986053466797 
v 14.824075698852539 6.71480131149292 25.676841735839844 
v 14.672407150268555 5.974440097808838 25.413705825805664 
v 12.059326171875 6.815628528594971 27.08572006225586 
v 11.935067176818848 6.074115753173828 26.807966232299805 
v 9.163006782531738 6.906661510467529 28.198572158813477 
v 9.067986488342285 6.1651482582092285 27.908023834228516 
v 6.164359092712402 6.906661510467529 29.00077247619629 
v 6.100402355194092 6.165148735046387 28.702917098999023 
v 3.099926471710205 6.815629005432129 29.486845016479492 
v 3.0670344829559326 6.074115753173828 29.183509826660156 
v 0.0007747199852019548 6.714801788330078 29.64948081970215 
v 0.0007747199852019548 5.974441051483154 29.34431266784668 
v -3.098376989364624 6.632411003112793 29.486845016479492 
v -3.067312479019165 5.893203258514404 29.183509826660156 
v -6.164636611938477 6.59841775894165 29.00077247619629 
v -6.100680351257324 5.859785556793213 28.704744338989258 
v -9.161458015441895 6.59841775894165 28.198572158813477 
v -9.06826400756836 5.859785556793213 27.909852981567383 
v -12.059603691101074 6.598417282104492 27.08572006225586 
v -11.935344696044922 5.859785556793213 26.807966232299805 
v -14.824353218078613 6.598417282104492 25.676841735839844 
v -14.672684669494629 5.859785079956055 25.413705825805664 
v -17.428298950195312 6.598416805267334 23.986553192138672 
v -17.24921989440918 5.859785079956055 23.741687774658203 
v -19.838546752929688 6.632410049438477 22.033124923706055 
v -19.635713577270508 5.89320182800293 21.808364868164062 
v -22.033170700073242 6.7148003578186035 19.838489532470703 
v -21.806581497192383 5.9744391441345215 19.635656356811523 
v -23.986587524414062 6.815627098083496 17.426401138305664 
v -23.739896774291992 6.074113845825195 17.249149322509766 
v -25.67686653137207 6.906659126281738 14.824270248413086 
v -25.41373062133789 6.165146350860596 14.672599792480469 
v -27.085737228393555 6.90665864944458 12.059504508972168 
v -26.807985305786133 6.1651458740234375 11.9352445602417 
v -28.19858169555664 6.8156256675720215 9.16134262084961 
v -27.908035278320312 6.074112415313721 9.068148612976074 
v -29.00078010559082 6.7147979736328125 6.164505481719971 
v -28.702922821044922 5.974437236785889 6.10054874420166 
v -29.48685073852539 6.632406711578369 3.1000564098358154 
v -29.183513641357422 5.8931989669799805 3.067164182662964 
v -29.64948081970215 6.598412990570068 -0.0009396349778398871 
v -29.34614372253418 5.859781265258789 -0.000939514662604779 
v -29.48685073852539 6.59841251373291 -3.1001083850860596 
v -29.185338973999023 5.859780788421631 -3.067216157913208 
v -29.00078010559082 6.598412036895752 -6.164557456970215 
v -28.704753875732422 5.8597798347473145 -6.100600242614746 
v -28.19858169555664 6.598411560058594 -9.161395072937012 
v -27.909862518310547 5.859779357910156 -9.068201065063477 
v -27.085737228393555 6.632404327392578 -12.059556007385254 
v -26.807985305786133 5.8931965827941895 -11.935297012329102 
v -25.67686653137207 6.714794635772705 -14.824321746826172 
v -25.41373062133789 5.974433898925781 -14.672653198242188 
v -23.986587524414062 6.815621376037598 -17.426454544067383 
v -23.739896774291992 6.074108123779297 -17.249202728271484 
v -22.033170700073242 6.906653881072998 -19.838542938232422 
v -21.806581497192383 6.165140628814697 -19.63570785522461 
v -19.838546752929688 6.815620422363281 -22.033178329467773 
v -19.635713577270508 6.074107646942139 -21.806589126586914 
v -17.426471710205078 6.7147932052612305 -23.986604690551758 
v -17.24921989440918 5.974432468414307 -23.739913940429688 
v -14.824353218078613 6.632401943206787 -25.676895141601562 
v -14.672684669494629 5.893194198608398 -25.413755416870117 
v -12.059603691101074 6.5984086990356445 -27.085773468017578 
v -11.935344696044922 5.859776496887207 -26.80801773071289 
v -9.161458015441895 6.598408222198486 -28.19862174987793 
v -9.06826400756836 5.859776496887207 -27.909902572631836 
v -6.164636611938477 6.598408222198486 -29.000825881958008 
v -6.100680351257324 5.859776496887207 -28.704795837402344 
v -3.098376989364624 6.598408222198486 -29.48689842224121 
v -3.067312479019165 5.859776496887207 -29.18538475036621 
v 0.0007747199852019548 6.632401466369629 -29.6495304107666 
v 0.0007747199852019548 5.89319372177124 -29.3443660736084 
v 0.0007747199852019548 18.8077335357666 -0.6715753674507141 
v 0.0007747199852019548 18.441875457763672 -1.7058497667312622 
v 0.07021325826644897 18.8077335357666 -0.6679207682609558 
v 0.1780257374048233 18.441875457763672 -1.6948856115341187 
v 0.13965179026126862 18.8077335357666 -0.6569567322731018 
v 0.01356603018939495 18.90683364868164 -0.1361647993326187 
v 0.028184670954942703 18.90683364868164 -0.13433745503425598 
v 0.0007747199852019548 17.684228897094727 -2.6067283153533936 
v 0.27304691076278687 17.684228897094727 -2.5921096801757812 
v 0.3552767336368561 18.441875457763672 -1.667475700378418 
v 0.20726299285888672 18.8077335357666 -0.6386832594871521 
v 0.042803309857845306 18.90683364868164 -0.1306827813386917 
v 0.27304691076278687 18.8077335357666 -0.6149278879165649 
v 0.05559461936354637 18.90683364868164 -0.1252007633447647 
v 0.0007747199852019548 16.848228454589844 -3.3559374809265137 
v 0.0007747199852019548 18.90683364868164 -0.1361647993326187 
v 0.5270457863807678 18.441875457763672 -1.6217920780181885 
v 0.5416643619537354 17.684228897094727 -2.5500807762145996 
v 0.351622074842453 16.848228454589844 -3.3376643657684326 
v 0.0007747199852019548 14.787893295288086 -4.620456695556641 
v 0.4831898510456085 14.787893295288086 -4.594873905181885 
v 0.0007747199852019548 11.561420440673828 -6.652458190917969 
v 0.6969874501228333 16.848228454589844 -3.282844066619873 
v 0.8047999143600464 17.684228897094727 -2.4788143634796143 
v 0.6933327913284302 18.441875457763672 -1.5578352212905884 
v 0.33517611026763916 18.8077335357666 -0.5820357799530029 
v 0.06838592886924744 18.90683364868164 -0.11789140850305557 
v 0.3954779803752899 18.8077335357666 -0.5436615943908691 
v 0.0811772421002388 18.90683364868164 -0.11058203876018524 
v 0.8523104786872864 18.441875457763672 -1.4774322509765625 
v 1.0606261491775513 17.684228897094727 -2.381965398788452 
v 1.0368708372116089 16.848228454589844 -3.191476821899414 
v 0.9601230025291443 14.787893295288086 -4.519952774047852 
v 0.6951601505279541 11.561420440673828 -6.61591100692749 
v 7.308267116546631 3.45721173286438 6.58113956451416 
v 8.77013111114502 1.2954747676849365 7.896824836730957 
v 9.546746253967285 1.2954745292663574 6.937471389770508 
v 9.674659729003906 0.7694444060325623 8.709990501403809 
v 8.709829330444336 0.7694445252418518 9.672999382019043 
v 7.89666748046875 1.295474886894226 8.770293235778809 
v 7.6518049240112305 0.7694447040557861 10.531848907470703 
v 6.937318801879883 1.2954750061035156 9.546913146972656 
v 5.7806196212768555 3.457211971282959 7.955299377441406 
v 4.916292190551758 3.457211971282959 8.516292572021484 
v 5.901223182678223 1.2954751253128052 10.21937370300293 
v 4.000800132751465 3.457211971282959 8.984091758728027 
v 6.580989837646484 3.45721173286438 7.308420658111572 
v 7.956969738006592 3.457211494445801 5.780764579772949 
v 6.509724140167236 0.7694448232650757 11.273749351501465 
v 4.799343109130859 1.2954751253128052 10.780366897583008 
v 5.294549942016602 0.7694448828697205 11.891389846801758 
v 3.0396244525909424 3.457212209701538 9.353214263916016 
v 3.6462981700897217 1.2954752445220947 11.224411010742188 
v 2.0455570220947266 3.457212209701538 9.62000560760498 
v 2.4530515670776367 1.2954753637313843 11.542367935180664 
v 1.0277341604232788 3.457212209701538 9.780811309814453 
v 1.2342225313186646 1.2954753637313843 11.736065864562988 
v 0.0007747199852019548 3.457212209701538 9.833805084228516 
v 4.022727966308594 0.76944500207901 12.38111686706543 
v 2.707050323486328 0.7694450616836548 12.733793258666992 
v 1.360308289527893 0.7694450616836548 12.945765495300293 
v 0.0007747199852019548 0.7694451212882996 13.0170316696167 
v 0.0007747199852019548 1.2954753637313843 11.801850318908691 
v -1.3605860471725464 0.7694450616836548 12.945765495300293 
v -1.2326730489730835 1.2954753637313843 11.736065864562988 
v -2.7073283195495605 0.7694450616836548 12.733793258666992 
v -2.45332932472229 1.2954753637313843 11.542367935180664 
v -2.0440075397491455 3.457212209701538 9.62000560760498 
v -3.0380749702453613 3.457212209701538 9.353214263916016 
v -3.646575927734375 1.2954752445220947 11.224411010742188 
v -3.999250650405884 3.457211971282959 8.984091758728027 
v -1.0280121564865112 3.457212209701538 9.780811309814453 
v -4.023005962371826 0.76944500207901 12.38111686706543 
v -4.799621105194092 1.2954751253128052 10.780366897583008 
v -5.294827938079834 0.7694448828697205 11.891389846801758 
v -4.91657018661499 3.457211971282959 8.516292572021484 
v -5.8996734619140625 1.2954751253128052 10.21937370300293 
v -5.78089714050293 3.457211971282959 7.955299377441406 
v -6.935770034790039 1.2954750061035156 9.546913146972656 
v -6.579441070556641 3.45721173286438 7.308420658111572 
v -7.896945476531982 1.295474886894226 8.770293235778809 
v -7.308545112609863 3.45721173286438 6.58113956451416 
v -6.508174419403076 0.7694448232650757 11.273749351501465 
v -7.652082920074463 0.7694447040557861 10.531848907470703 
v -8.71010684967041 0.7694445252418518 9.672999382019043 
v -9.673110008239746 0.7694444060325623 8.709990501403809 
v -8.77040958404541 1.2954747676849365 7.896824836730957 
v -10.531954765319824 0.7694442272186279 7.651961326599121 
v -9.54702377319336 1.2954745292663574 6.937471389770508 
v -11.27385139465332 0.7694440484046936 6.5080461502075195 
v -10.219482421875 1.2954744100570679 5.901369571685791 
v -8.516410827636719 3.457211494445801 4.916432857513428 
v -8.984206199645996 3.4572112560272217 3.99910831451416 
v -10.780472755432129 1.2954741716384888 4.799483299255371 
v -9.353327751159668 3.4572110176086426 3.039754629135132 
v -7.955420017242432 3.457211494445801 5.780764579772949 
v -11.891489028930664 0.7694438099861145 5.2946929931640625 
v -14.3200101852417 0.3033337891101837 6.374650478363037 
v -13.57446002960205 0.3033340275287628 7.836523056030273 
v -12.680895805358887 0.2998773157596588 9.212509155273438 
v -11.648453712463379 0.29123520851135254 10.487993240356445 
v -10.488100051879883 0.2831692099571228 11.648353576660156 
v -9.21262264251709 0.28028857707977295 12.680801391601562 
v -7.836643695831299 0.2802887260913849 13.574370384216309 
v -6.374779224395752 0.28028884530067444 14.319925308227539 
v -4.843477249145508 0.2802889347076416 14.908329010009766 
v -3.2591819763183594 0.28028902411460876 15.332271575927734 
v -1.6383402347564697 0.28316983580589294 15.588098526000977 
v 0.0007747199852019548 0.2912360429763794 15.67398452758789 
v 1.6380624771118164 0.2998783588409424 15.588098526000977 
v 3.258903980255127 0.3033352494239807 15.332271575927734 
v 4.843199253082275 0.30333518981933594 14.908329010009766 
v 6.376328945159912 0.29987815022468567 14.319925308227539 
v 7.838193416595459 0.29123568534851074 13.574370384216309 
v 9.21417236328125 0.28316935896873474 12.680801391601562 
v 10.487821578979492 0.2802883982658386 11.648353576660156 
v 11.648176193237305 0.2802882194519043 10.487993240356445 
v 10.53167724609375 0.7694442272186279 7.651961326599121 
v 10.221031188964844 1.2954744100570679 5.901369571685791 
v 8.516132354736328 3.457211494445801 4.916432857513428 
v 10.780194282531738 1.2954741716384888 4.799483299255371 
v 8.983928680419922 3.4572112560272217 3.99910831451416 
v 11.27357292175293 0.7694440484046936 6.5080461502075195 
v 12.680617332458496 0.2802880108356476 9.212509155273438 
v 16.828655242919922 0.21748751401901245 12.22579288482666 
v 15.458159446716309 0.21748778223991394 13.917909622192383 
v 13.917720794677734 0.21748803555965424 15.458356857299805 
v 12.22561264038086 0.22958754003047943 16.8288631439209 
v 10.40010929107666 0.2624286115169525 18.014806747436523 
v 8.461313247680664 0.30621662735939026 19.001569747924805 
v 6.427494525909424 0.34827613830566406 19.78367042541504 
v 4.324237823486328 0.3482762277126312 20.346492767333984 
v 2.1734702587127686 0.30621689558029175 20.686378479003906 
v 0.0007747199852019548 0.26242905855178833 20.80150032043457 
v -2.173748016357422 0.22958816587924957 20.686378479003906 
v -4.324515342712402 0.2174888402223587 20.346492767333984 
v -6.427772521972656 0.21748875081539154 19.78367042541504 
v -8.459763526916504 0.2174886167049408 19.001569747924805 
v -10.40038776397705 0.21748845279216766 18.014806747436523 
v -12.225890159606934 0.21748825907707214 16.8288631439209 
v -13.917997360229492 0.22958731651306152 15.458356857299805 
v -15.4584379196167 0.26242795586586 13.917909622192383 
v -16.828935623168945 0.3062155246734619 12.22579288482666 
v -18.01487159729004 0.3482746183872223 10.400279998779297 
v -19.001630783081055 0.348274290561676 8.45964527130127 
v -14.906583786010742 0.2998766005039215 4.843339443206787 
v -12.381213188171387 0.7694436311721802 4.02286434173584 
v -11.222685813903809 1.2954740524291992 3.6464319229125977 
v -9.6201171875 3.4572110176086426 2.043854236602783 
v -11.542468070983887 1.2954738140106201 2.453178882598877 
v -9.780922889709473 3.4572107791900635 1.0278533697128296 
v -12.732060432434082 0.7694433927536011 2.707179069519043 
v -15.332351684570312 0.29123401641845703 3.25903582572937 
v -19.781898498535156 0.3062145709991455 6.427643299102783 
v -22.219558715820312 0.8748806715011597 7.218881607055664 
v -21.342439651489258 0.9376820921897888 9.503056526184082 
v -20.23324966430664 0.9376824498176575 11.681245803833008 
v -18.901126861572266 0.8748817443847656 13.731521606445312 
v -17.362516403198242 0.8097764253616333 15.631956100463867 
v -15.632033348083496 0.7608034610748291 17.362445831298828 
v -13.731611251831055 0.7423667311668396 18.901065826416016 
v -11.68134593963623 0.7423669695854187 20.233198165893555 
v -9.503169059753418 0.742367148399353 21.342391967773438 
v -7.219006061553955 0.7423672676086426 22.21951675415039 
v -4.858095645904541 0.7423673868179321 22.851776123046875 
v -2.4423654079437256 0.7608044147491455 23.233688354492188 
v 0.0007747199852019548 0.8097776770591736 23.36343002319336 
v 2.4420876502990723 0.8748832941055298 23.233688354492188 
v 4.857818126678467 0.9376842379570007 22.851776123046875 
v 7.218728065490723 0.9376841187477112 22.21951675415039 
v 9.502890586853027 0.8748829960823059 21.342391967773438 
v 11.681068420410156 0.8097772002220154 20.233198165893555 
v 13.733159065246582 0.7608036994934082 18.901065826416016 
v 15.633583068847656 0.7423664927482605 17.362445831298828 
v 17.36223602294922 0.7423661947250366 15.631956100463867 
v 18.900848388671875 0.7423658967018127 13.731521606445312 
v 18.01459312438965 0.21748721599578857 10.400279998779297 
v 13.57418155670166 0.28028780221939087 7.836523056030273 
v 11.893038749694824 0.7694438099861145 5.2946929931640625 
v 11.224235534667969 1.2954740524291992 3.6464319229125977 
v 9.353050231933594 3.4572110176086426 3.039754629135132 
v 11.544017791748047 1.2954738140106201 2.453178882598877 
v 9.619839668273926 3.4572110176086426 2.043854236602783 
v 12.380935668945312 0.7694436311721802 4.02286434173584 
v 14.319732666015625 0.28316834568977356 6.374650478363037 
v 19.0031795501709 0.2295861691236496 8.45964527130127 
v 20.232973098754883 0.7423655390739441 11.681245803833008 
v 21.323888778686523 1.8785457611083984 15.49307632446289 
v 19.58792495727539 1.878546118736267 17.636547088623047 
v 17.636337280273438 1.8785463571548462 19.586318969726562 
v 15.492878913879395 1.9050499200820923 21.324119567871094 
v 13.177651405334473 1.9718842506408691 22.82619285583496 
v 10.719892501831055 2.0583078861236572 24.07792091369629 
v 8.145184516906738 2.140122175216675 25.066513061523438 
v 5.479110240936279 2.140122175216675 25.781002044677734 
v 2.754560947418213 2.0583081245422363 26.21225357055664 
v 0.0007747199852019548 1.971884846687317 26.356613159179688 
v -2.7548389434814453 1.9050506353378296 26.21225357055664 
v -5.4793877601623535 1.8785474300384521 25.781002044677734 
v -8.145462989807129 1.8785473108291626 25.066513061523438 
v -10.720170021057129 1.8785470724105835 24.07792091369629 
v -13.177929878234863 1.878546953201294 22.82619285583496 
v -15.493156433105469 1.8785467147827148 21.324119567871094 
v -17.636615753173828 1.9050495624542236 19.586318969726562 
v -19.586376190185547 1.9718834161758423 17.636547088623047 
v -21.32234001159668 2.0583064556121826 15.491250038146973 
v -22.82623291015625 2.140120029449463 13.177837371826172 
v -24.077953338623047 2.140119791030884 10.720065116882324 
v -25.066539764404297 2.058305263519287 8.145342826843262 
v -25.781023025512695 1.97188138961792 5.479253768920898 
v -22.85181427001953 0.8097746968269348 4.8579583168029785 
v -26.2122745513916 1.905046820640564 2.754689931869507 
v -20.34654426574707 0.26242637634277344 4.324375152587891 
v -15.588177680969238 0.2831675708293915 1.6381853818893433 
v -12.945858001708984 0.7694432139396667 1.3604296445846558 
v -11.736166000366211 1.295473575592041 1.2343430519104004 
v -9.833915710449219 3.4572105407714844 -0.0009391232160851359 
v -11.801949501037598 1.2954734563827515 -0.0009387710015289485 
v -9.780922889709473 3.4572103023529053 -1.0279041528701782 
v -13.01712417602539 0.7694429755210876 -0.0009386853198520839 
v -15.67406177520752 0.2802865207195282 -0.0009386056335642934 
v -20.68642807006836 0.22958515584468842 2.173595905303955 
v -23.233726501464844 0.7608010172843933 2.4422149658203125 
v -26.35663414001465 1.8785431385040283 -0.0009388659964315593 
v -23.363466262817383 0.7423636317253113 -0.0009386808960698545 
v -26.2122745513916 1.8785427808761597 -2.7547402381896973 
v -20.801549911499023 0.21748551726341248 -0.0009385953890159726 
v -15.588177680969238 0.2802862524986267 -1.6382352113723755 
v -12.945858001708984 0.7694427371025085 -1.360479712486267 
v -11.736166000366211 1.2954732179641724 -1.2343933582305908 
v -9.6201171875 3.4572103023529053 -2.043905258178711 
v -11.542468070983887 1.2954729795455933 -2.4532289505004883 
v -9.353327751159668 3.457210063934326 -3.0398056507110596 
v -12.732060432434082 0.7694425582885742 -2.7072293758392334 
v -15.332351684570312 0.2802859842777252 -3.2590858936309814 
v -20.68642807006836 0.21748515963554382 -2.1736457347869873 
v -23.233726501464844 0.7423632740974426 -2.4422647953033447 
v -25.781023025512695 1.8785423040390015 -5.47930383682251 
v -22.85181427001953 0.7423628568649292 -4.85800838470459 
v -25.066539764404297 1.8785418272018433 -8.145393371582031 
v -20.34654426574707 0.21748481690883636 -4.324425220489502 
v -14.906583786010742 0.28028571605682373 -4.843389511108398 
v -12.381213188171387 0.7694423198699951 -4.022913932800293 
v -11.222685813903809 1.2954728603363037 -3.646481990814209 
v -8.984206199645996 3.457209825515747 -3.9991588592529297 
v -10.780472755432129 1.2954726219177246 -4.799533367156982 
v -8.516410827636719 3.457209825515747 -4.9164838790893555 
v -11.891489028930664 0.769442081451416 -5.294742584228516 
v -14.3200101852417 0.2831662595272064 -6.374700546264648 
v -19.781898498535156 0.2174844741821289 -6.4276933670043945 
v -22.219558715820312 0.7423624992370605 -7.218931674957275 
v -24.077953338623047 1.905044674873352 -10.720115661621094 
v -21.342439651489258 0.7607990503311157 -9.503107070922852 
v -22.82623291015625 1.9718784093856812 -13.177886962890625 
v -19.001630783081055 0.22958342730998993 -8.459695816040039 
v -13.57446002960205 0.2912321984767914 -7.836572647094727 
v -11.27385139465332 0.7694419026374817 -6.508096218109131 
v -10.219482421875 1.295472502708435 -5.901419639587402 
v -7.955420017242432 3.457209587097168 -5.780815601348877 
v -9.54702377319336 1.295472264289856 -6.937520980834961 
v -7.308545112609863 3.457209587097168 -6.581190586090088 
v -10.531954765319824 0.7694417238235474 -7.652010917663574 
v -12.680895805358887 0.29987430572509766 -9.212559700012207 
v -18.01487159729004 0.2624239921569824 -10.400330543518066 
v -20.23324966430664 0.8097720146179199 -11.681296348571777 
v -21.32234001159668 2.0583014488220215 -15.491299629211426 
v -18.901126861572266 0.8748772740364075 -13.731572151184082 
v -19.586376190185547 2.1401150226593018 -17.6365966796875 
v -16.828935623168945 0.30621153116226196 -12.22584342956543 
v -11.648453712463379 0.30333104729652405 -10.488042831420898 
v -9.673110008239746 0.769441545009613 -8.710041046142578 
v -8.77040958404541 1.2954721450805664 -7.896874904632568 
v -6.579441070556641 3.457209348678589 -7.3084716796875 
v -7.896945476531982 1.2954720258712769 -8.770342826843262 
v -5.78089714050293 3.457209348678589 -7.955349922180176 
v -8.71010684967041 0.7694413661956787 -9.673048973083496 
v -10.488100051879883 0.2998739182949066 -11.648404121398926 
v -15.4584379196167 0.3482706546783447 -13.917960166931152 
v -17.362516403198242 0.9376779794692993 -15.632004737854004 
v -17.636615753173828 2.058300733566284 -19.58637046813965 
v -15.632033348083496 0.8748766779899597 -17.362497329711914 
v -15.491329193115234 1.971877098083496 -21.324169158935547 
v -13.917997360229492 0.30621102452278137 -15.45840835571289 
v -9.21262264251709 0.2912314236164093 -12.680850982666016 
v -7.652082920074463 0.7694412469863892 -10.531899452209473 
v -6.935770034790039 1.2954719066619873 -9.54696273803711 
v -4.91657018661499 3.4572091102600098 -8.516343116760254 
v -5.8996734619140625 1.2954717874526978 -10.219423294067383 
v -3.999250650405884 3.4572091102600098 -8.984142303466797 
v -6.508174419403076 0.7694411277770996 -11.273798942565918 
v -7.836643695831299 0.2831650972366333 -13.574419975280762 
v -12.225890159606934 0.26242294907569885 -16.82891273498535 
v -13.731611251831055 0.8097708225250244 -18.90111541748047 
v -13.177929878234863 1.9050426483154297 -22.826242446899414 
v -11.68134593963623 0.7607973217964172 -20.233247756958008 
v -10.720170021057129 1.8785393238067627 -24.077970504760742 
v -10.40038776397705 0.22958186268806458 -18.014856338500977 
v -6.374779224395752 0.28028416633605957 -14.319973945617676 
v -5.294827938079834 0.7694410085678101 -11.891440391540527 
v -4.799621105194092 1.2954716682434082 -10.780417442321777 
v -3.0380749702453613 3.4572091102600098 -9.353264808654785 
v -3.646575927734375 1.2954715490341187 -11.22446060180664 
v -2.0440075397491455 3.4572091102600098 -9.620057106018066 
v -4.023005962371826 0.7694409489631653 -12.3811674118042 
v -4.843477249145508 0.2802840769290924 -14.908377647399902 
v -8.459763526916504 0.21748241782188416 -19.003448486328125 
v -9.503169059753418 0.7423601746559143 -21.342443466186523 
v -8.145462989807129 1.8785390853881836 -25.066560745239258 
v -7.219006061553955 0.7423600554466248 -22.219566345214844 
v -5.4793877601623535 1.878538966178894 -25.781049728393555 
v -6.427772521972656 0.2174822986125946 -19.783721923828125 
v -3.2591819763183594 0.28028401732444763 -15.332322120666504 
v -2.7073283195495605 0.7694408893585205 -12.733843803405762 
v -2.45332932472229 1.2954715490341187 -11.544245719909668 
v -1.0280121564865112 3.4572091102600098 -9.780862808227539 
v -1.2326730489730835 1.2954715490341187 -11.736116409301758 
v 0.0007747199852019548 3.4572088718414307 -9.833855628967285 
v 0.0007747199852019548 1.2954715490341187 -11.801899909973145 
v 0.0007747199852019548 0.7694408297538757 -13.017081260681152 
v -1.3605860471725464 0.7694408893585205 -12.94581413269043 
v 0.0007747199852019548 0.28316473960876465 -15.674034118652344 
v -1.6383402347564697 0.28028395771980286 -15.588149070739746 
v -2.173748016357422 0.21748214960098267 -20.686426162719727 
v 0.0007747199852019548 0.22958141565322876 -20.801549911499023 
v 0.0007747199852019548 0.760796844959259 -23.363479614257812 
v -2.4423654079437256 0.7423598766326904 -23.235567092895508 
v 0.0007747199852019548 1.905042052268982 -26.356664657592773 
v -2.7548389434814453 1.878538966178894 -26.212305068969727 
v -4.858095645904541 0.7423599362373352 -22.851825714111328 
v -4.324515342712402 0.21748220920562744 -20.346542358398438 
v 6.485968589782715 3.9117989540100098 7.202435493469238 
v 7.204109191894531 3.9117987155914307 6.486117839813232 
v 6.535306453704834 6.71134090423584 5.884922504425049 
v 7.114570617675781 6.71134090423584 5.168605327606201 
v 5.884777545928955 6.71134090423584 6.535455226898193 
v 5.698389530181885 3.9117989540100098 7.842004299163818 
v 5.168464183807373 6.71134090423584 7.11472225189209 
v 4.846853733062744 3.9117989540100098 8.393860816955566 
v 4.3973307609558105 6.711341381072998 7.615413188934326 
v 3.9423255920410156 3.911799192428589 8.854350090026855 
v 3.576859474182129 6.711341381072998 8.03387451171875 
v 2.9957685470581055 3.911799192428589 9.21799087524414 
v 2.7180144786834717 6.711341381072998 8.36279582977295 
v 2.0144925117492676 3.911799192428589 9.481128692626953 
v 1.8281046152114868 6.711341381072998 8.602176666259766 
v 1.0131155252456665 3.911799192428589 9.640106201171875 
v 0.9199216961860657 6.711341381072998 8.746537208557129 
v 0.0007747199852019548 3.911799192428589 9.693099975585938 
v 0.0007747199852019548 6.711341381072998 8.794048309326172 
v -1.0133934020996094 3.911799192428589 9.640106201171875 
v -0.9183722734451294 6.711341381072998 8.746537208557129 
v -2.014770269393921 3.911799192428589 9.481128692626953 
v -1.8283824920654297 6.711341381072998 8.602176666259766 
v -2.996046543121338 3.911799192428589 9.21799087524414 
v -2.7164649963378906 6.711341381072998 8.36279582977295 
v -3.942603349685669 3.911799192428589 8.854350090026855 
v -3.5771374702453613 6.711341381072998 8.03387451171875 
v -4.847131729125977 3.9117989540100098 8.393860816955566 
v -4.397608757019043 6.711341381072998 7.615413188934326 
v -5.696840286254883 3.9117989540100098 7.842004299163818 
v -5.1687421798706055 6.71134090423584 7.11472225189209 
v -6.486246585845947 3.9117989540100098 7.202435493469238 
v -5.883227825164795 6.71134090423584 6.535455226898193 
v -7.2025604248046875 3.9117987155914307 6.486117839813232 
v -6.535584449768066 6.71134090423584 5.884922504425049 
v -7.84212589263916 3.9117987155914307 5.696706771850586 
v -7.114848613739014 6.71134090423584 5.168605327606201 
v -8.3939790725708 3.9117984771728516 4.846993923187256 
v -7.615536689758301 6.71134090423584 4.397467613220215 
v -8.854466438293457 3.9117982387542725 3.942460775375366 
v -8.033995628356934 6.711340427398682 3.5769920349121094 
v -9.21810531616211 3.9117982387542725 2.9958982467651367 
v -8.3629150390625 6.711340427398682 2.71814227104187 
v -9.481241226196289 3.9117980003356934 2.0146167278289795 
v -8.602294921875 6.711340427398682 1.8282277584075928 
v -9.640218734741211 3.9117977619171143 1.0132344961166382 
v -8.744827270507812 6.711339950561523 0.920039713382721 
v -9.69321060180664 3.9117977619171143 -0.0009391972562298179 
v -8.794164657592773 6.711339950561523 -0.0009396533714607358 
v -9.640218734741211 3.911797523498535 -1.013285517692566 
v -8.744827270507812 6.711339950561523 -0.9200916290283203 
v -9.481241226196289 3.911797285079956 -2.0146677494049072 
v -8.602294921875 6.711339473724365 -1.828279733657837 
v -9.21810531616211 3.911797285079956 -2.9959495067596436 
v -8.3629150390625 6.711339473724365 -2.7181942462921143 
v -8.854466438293457 3.911797046661377 -3.942511558532715 
v -8.033995628356934 6.711339473724365 -3.5770442485809326 
v -8.3939790725708 3.911796808242798 -4.847044944763184 
v -7.615536689758301 6.711338996887207 -4.397519588470459 
v -7.84212589263916 3.911796808242798 -5.696758270263672 
v -7.114848613739014 6.711338996887207 -5.168657302856445 
v -7.2025604248046875 3.9117965698242188 -6.486169338226318 
v -6.535584449768066 6.711338996887207 -5.884974479675293 
v -6.486246585845947 3.9117965698242188 -7.202486038208008 
v -5.883227825164795 6.711338996887207 -6.5355072021484375 
v -5.696840286254883 3.9117963314056396 -7.842054843902588 
v -5.1687421798706055 6.711338996887207 -7.114774227142334 
v -4.847131729125977 3.9117963314056396 -8.393912315368652 
v -4.397608757019043 6.711338520050049 -7.61546516418457 
v -3.942603349685669 3.9117963314056396 -8.854401588439941 
v -3.5771374702453613 6.711338520050049 -8.033926010131836 
v -2.996046543121338 3.9117960929870605 -9.218042373657227 
v -2.7164649963378906 6.711338520050049 -8.362847328186035 
v -2.014770269393921 3.9117960929870605 -9.481179237365723 
v -1.8283824920654297 6.711338520050049 -8.602229118347168 
v -1.0133934020996094 3.9117960929870605 -9.640157699584961 
v -0.9183722734451294 6.711338520050049 -8.746588706970215 
v 0.0007747199852019548 3.9117960929870605 -9.693150520324707 
v 0.0007747199852019548 6.711338520050049 -8.794099807739258 
v 0.0007747199852019548 3.4572088718414307 -9.833855628967285 
v -1.0280121564865112 3.4572091102600098 -9.780862808227539 
v -2.0440075397491455 3.4572091102600098 -9.620057106018066 
v -3.0380749702453613 3.4572091102600098 -9.353264808654785 
v -3.999250650405884 3.4572091102600098 -8.984142303466797 
v -4.91657018661499 3.4572091102600098 -8.516343116760254 
v -5.78089714050293 3.457209348678589 -7.955349922180176 
v -6.579441070556641 3.457209348678589 -7.3084716796875 
v -7.308545112609863 3.457209587097168 -6.581190586090088 
v -7.955420017242432 3.457209587097168 -5.780815601348877 
v -8.516410827636719 3.457209825515747 -4.9164838790893555 
v -8.984206199645996 3.457209825515747 -3.9991588592529297 
v -9.353327751159668 3.457210063934326 -3.0398056507110596 
v -9.6201171875 3.4572103023529053 -2.043905258178711 
v -9.780922889709473 3.4572103023529053 -1.0279041528701782 
v -9.833915710449219 3.4572105407714844 -0.0009391232160851359 
v -9.780922889709473 3.4572107791900635 1.0278533697128296 
v -9.6201171875 3.4572110176086426 2.043854236602783 
v -9.353327751159668 3.4572110176086426 3.039754629135132 
v -8.984206199645996 3.4572112560272217 3.99910831451416 
v -8.516410827636719 3.457211494445801 4.916432857513428 
v -7.955420017242432 3.457211494445801 5.780764579772949 
v -7.308545112609863 3.45721173286438 6.58113956451416 
v -6.579441070556641 3.45721173286438 7.308420658111572 
v -5.78089714050293 3.457211971282959 7.955299377441406 
v -4.91657018661499 3.457211971282959 8.516292572021484 
v -3.999250650405884 3.457211971282959 8.984091758728027 
v -3.0380749702453613 3.457212209701538 9.353214263916016 
v -2.0440075397491455 3.457212209701538 9.62000560760498 
v -1.0280121564865112 3.457212209701538 9.780811309814453 
v 0.0007747199852019548 3.457212209701538 9.833805084228516 
v 1.0277341604232788 3.457212209701538 9.780811309814453 
v 2.0455570220947266 3.457212209701538 9.62000560760498 
v 3.0396244525909424 3.457212209701538 9.353214263916016 
v 4.000800132751465 3.457211971282959 8.984091758728027 
v 4.916292190551758 3.457211971282959 8.516292572021484 
v 5.7806196212768555 3.457211971282959 7.955299377441406 
v 6.580989837646484 3.45721173286438 7.308420658111572 
v 7.308267116546631 3.45721173286438 6.58113956451416 
v 7.841847896575928 3.9117987155914307 5.696706771850586 
v 7.956969738006592 3.457211494445801 5.780764579772949 
v 8.393701553344727 3.9117984771728516 4.846993923187256 
v 8.516132354736328 3.457211494445801 4.916432857513428 
v 8.854188919067383 3.9117982387542725 3.942460775375366 
v 8.983928680419922 3.4572112560272217 3.99910831451416 
v 9.217826843261719 3.9117982387542725 2.9958982467651367 
v 8.36263656616211 6.711340427398682 2.71814227104187 
v 8.033717155456543 6.711340427398682 3.5769920349121094 
v 7.615258693695068 6.71134090423584 4.397467613220215 
v 9.353050231933594 3.4572110176086426 3.039754629135132 
v 9.480962753295898 3.9117980003356934 2.0146167278289795 
v 9.619839668273926 3.4572110176086426 2.043854236602783 
v 9.63994026184082 3.9117977619171143 1.0132344961166382 
v 9.780644416809082 3.4572107791900635 1.0278533697128296 
v 9.692933082580566 3.9117977619171143 -0.0009391972562298179 
v 9.833637237548828 3.4572105407714844 -0.0009391232160851359 
v 8.602017402648926 6.711340427398682 1.8282277584075928 
v 8.746376037597656 6.711339950561523 0.920039713382721 
v 8.7938871383667 6.711339950561523 -0.0009396533714607358 
v 8.746376037597656 6.711339950561523 -0.9200916290283203 
v 9.63994026184082 3.911797523498535 -1.013285517692566 
v 8.602017402648926 6.711339473724365 -1.828279733657837 
v 9.480962753295898 3.911797285079956 -2.0146677494049072 
v 8.36263656616211 6.711339473724365 -2.7181942462921143 
v 9.217826843261719 3.911797285079956 -2.9959495067596436 
v 8.033717155456543 6.711339473724365 -3.5770442485809326 
v 9.780644416809082 3.4572103023529053 -1.0279041528701782 
v 9.619839668273926 3.4572103023529053 -2.043905258178711 
v 9.353050231933594 3.457210063934326 -3.0398056507110596 
v 8.854188919067383 3.911797046661377 -3.942511558532715 
v 8.983928680419922 3.457209825515747 -3.9991588592529297 
v 8.393701553344727 3.911796808242798 -4.847044944763184 
v 8.516132354736328 3.457209825515747 -4.9164838790893555 
v 7.841847896575928 3.911796808242798 -5.696758270263672 
v 7.956969738006592 3.457209587097168 -5.780815601348877 
v 7.204109191894531 3.9117965698242188 -6.486169338226318 
v 6.535306453704834 6.711338996887207 -5.884974479675293 
v 7.114570617675781 6.711338996887207 -5.168657302856445 
v 7.615258693695068 6.711338996887207 -4.397519588470459 
v 7.308267116546631 3.457209587097168 -6.581190586090088 
v 6.485968589782715 3.9117965698242188 -7.202486038208008 
v 6.580989837646484 3.457209348678589 -7.3084716796875 
v 5.698389530181885 3.9117963314056396 -7.842054843902588 
v 5.7806196212768555 3.457209348678589 -7.955349922180176 
v 4.846853733062744 3.9117963314056396 -8.393912315368652 
v 4.916292190551758 3.4572091102600098 -8.516343116760254 
v 5.884777545928955 6.711338996887207 -6.5355072021484375 
v 5.168464183807373 6.711338996887207 -7.114774227142334 
v 4.3973307609558105 6.711338520050049 -7.61546516418457 
v 3.576859474182129 6.711338520050049 -8.033926010131836 
v 3.9423255920410156 3.9117963314056396 -8.854401588439941 
v 2.7180144786834717 6.711338520050049 -8.362847328186035 
v 2.9957685470581055 3.9117960929870605 -9.218042373657227 
v 1.8281046152114868 6.711338520050049 -8.602229118347168 
v 2.0144925117492676 3.9117960929870605 -9.481179237365723 
v 0.9199216961860657 6.711338520050049 -8.746588706970215 
v 4.000800132751465 3.4572091102600098 -8.984142303466797 
v 3.0396244525909424 3.4572091102600098 -9.353264808654785 
v 2.0455570220947266 3.4572091102600098 -9.620057106018066 
v 1.0131155252456665 3.9117960929870605 -9.640157699584961 
v 1.0277341604232788 3.4572091102600098 -9.780862808227539 
v 0.0007747199852019548 3.9117960929870605 -9.693150520324707 
v 0.0007747199852019548 3.4572088718414307 -9.833855628967285 
v 0.0007747199852019548 6.711338520050049 -8.794099807739258 
v 12.733610153198242 0.7694433927536011 2.707179069519043 
v 14.908133506774902 0.2912342846393585 4.843339443206787 
v 19.783449172973633 0.2624267339706421 6.427643299102783 
v 21.342161178588867 0.760802149772644 9.503056526184082 
v 22.825952529907227 1.8785454034805298 13.177837371826172 
v 24.077674865722656 1.905048131942749 10.720065116882324 
v 22.219280242919922 0.8097750544548035 7.218881607055664 
v 20.346267700195312 0.30621424317359924 4.324375152587891 
v 15.332073211669922 0.29987633228302 3.25903582572937 
v 25.066259384155273 1.9718818664550781 8.145342826843262 
v 22.85153579711914 0.8748802542686462 4.8579583168029785 
v 25.780746459960938 2.058304786682129 5.479253768920898 
v 23.23527717590332 0.9376809000968933 2.4422149658203125 
v 26.211994171142578 2.140118360519409 2.7546896934509277 
v 23.363189697265625 0.9797399044036865 -0.000938719604164362 
v 26.356353759765625 2.194852828979492 -0.0009389175684191287 
v 23.23527717590332 0.9376801252365112 -2.4422647953033447 
v 26.211994171142578 2.140117645263672 -2.7547402381896973 
v 22.85153579711914 0.8748787045478821 -4.85800838470459 
v 25.780746459960938 2.058303117752075 -5.479304313659668 
v 22.219280242919922 0.8097727298736572 -7.218931674957275 
v 25.066259384155273 1.971879243850708 -8.145393371582031 
v 21.342161178588867 0.7607990503311157 -9.503107070922852 
v 24.077674865722656 1.905044674873352 -10.720115661621094 
v 20.232973098754883 0.7423617243766785 -11.681296348571777 
v 22.825952529907227 1.8785409927368164 -13.177886962890625 
v 18.900848388671875 0.7423614263534546 -13.731572151184082 
v 21.323888778686523 1.8785406351089478 -15.493127822875977 
v 17.36223602294922 0.7423611283302307 -15.632004737854004 
v 19.58792495727539 1.878540277481079 -17.6365966796875 
v 15.633583068847656 0.7607977986335754 -17.362497329711914 
v 17.636337280273438 1.9050432443618774 -19.58637046813965 
v 13.733159065246582 0.8097708225250244 -18.90111541748047 
v 15.492878913879395 1.971877098083496 -21.324169158935547 
v 11.681068420410156 0.8748762011528015 -20.233247756958008 
v 13.177651405334473 2.058300256729126 -22.826242446899414 
v 9.502890586853027 0.9376770257949829 -21.342443466186523 
v 10.719892501831055 2.1401140689849854 -24.077970504760742 
v 7.218728065490723 0.9376769065856934 -22.219566345214844 
v 8.145184516906738 2.1401138305664062 -25.066560745239258 
v 4.857818126678467 0.8748757839202881 -22.851825714111328 
v 5.479110240936279 2.0582997798919678 -25.781049728393555 
v 2.4420876502990723 0.8097701072692871 -23.235567092895508 
v 2.754560947418213 1.9718762636184692 -26.212305068969727 
v 0.0007747199852019548 0.760796844959259 -23.363479614257812 
v 0.0007747199852019548 1.905042052268982 -26.356664657592773 
v 20.68614959716797 0.34827327728271484 2.173595905303955 
v 0.0007747199852019548 0.22958141565322876 -20.801549911499023 
v 2.1734702587127686 0.2624222934246063 -20.686426162719727 
v 0.0007747199852019548 0.28316473960876465 -15.674034118652344 
v 1.6380624771118164 0.2912309467792511 -15.588149070739746 
v 0.0007747199852019548 0.7694408297538757 -13.017081260681152 
v 1.360308289527893 0.7694408893585205 -12.94581413269043 
v 0.0007747199852019548 1.2954715490341187 -11.801899909973145 
v 3.258903980255127 0.29987332224845886 -15.332322120666504 
v 4.324237823486328 0.3062102198600769 -20.346542358398438 
v 6.427494525909424 0.3482697010040283 -19.783721923828125 
v 8.461313247680664 0.34826982021331787 -19.003448486328125 
v 10.40010929107666 0.30621060729026794 -18.014856338500977 
v 12.22561264038086 0.26242294907569885 -16.82891273498535 
v 13.917720794677734 0.229582279920578 -15.45840835571289 
v 15.458159446716309 0.217483252286911 -13.917960166931152 
v 16.828655242919922 0.2174835354089737 -12.22584342956543 
v 18.01459312438965 0.21748383343219757 -10.400330543518066 
v 19.0031795501709 0.22958342730998993 -8.459695816040039 
v 19.783449172973633 0.26242461800575256 -6.4276933670043945 
v 20.346267700195312 0.30621281266212463 -4.324425220489502 
v 20.68614959716797 0.34827256202697754 -2.1736457347869873 
v 20.801271438598633 0.37419992685317993 -0.0009386209421791136 
v 15.589727401733398 0.303333044052124 1.6381853818893433 
v 15.67561149597168 0.30333277583122253 -0.0009386094170622528 
v 15.589727401733398 0.30333250761032104 -1.6382352113723755 
v 15.332073211669922 0.29987528920173645 -3.2590858936309814 
v 14.908133506774902 0.291232705116272 -4.843389511108398 
v 14.319732666015625 0.2831662595272064 -6.374700546264648 
v 13.57418155670166 0.2802852392196655 -7.836572647094727 
v 12.680617332458496 0.2802850008010864 -9.212559700012207 
v 11.648176193237305 0.2802847921848297 -10.488042831420898 
v 10.487821578979492 0.2831653952598572 -11.648404121398926 
v 9.21417236328125 0.2912314236164093 -12.680850982666016 
v 7.838193416595459 0.29987359046936035 -13.574419975280762 
v 6.376328945159912 0.3033304214477539 -14.319973945617676 
v 4.843199253082275 0.30333033204078674 -14.908377647399902 
v 2.707050323486328 0.7694408893585205 -12.733843803405762 
v 1.2342225313186646 1.2954715490341187 -11.736116409301758 
v 1.0277341604232788 3.4572091102600098 -9.780862808227539 
v 0.0007747199852019548 3.4572088718414307 -9.833855628967285 
v 2.0455570220947266 3.4572091102600098 -9.620057106018066 
v 2.4530515670776367 1.2954715490341187 -11.544245719909668 
v 4.022727966308594 0.7694409489631653 -12.3811674118042 
v 5.294549942016602 0.7694410085678101 -11.891440391540527 
v 6.509724140167236 0.7694411277770996 -11.273798942565918 
v 7.6518049240112305 0.7694412469863892 -10.531899452209473 
v 8.709829330444336 0.7694413661956787 -9.673048973083496 
v 9.674659729003906 0.769441545009613 -8.710041046142578 
v 10.53167724609375 0.7694417238235474 -7.652010917663574 
v 11.27357292175293 0.7694419026374817 -6.508096218109131 
v 11.893038749694824 0.769442081451416 -5.294742584228516 
v 12.380935668945312 0.7694423198699951 -4.022913932800293 
v 12.733610153198242 0.7694425582885742 -2.7072293758392334 
v 12.94558048248291 0.7694427371025085 -1.360479712486267 
v 13.016846656799316 0.7694429755210876 -0.0009386853198520839 
v 12.94558048248291 0.7694432139396667 1.3604296445846558 
v 11.73588752746582 1.295473575592041 1.2343430519104004 
v 9.780644416809082 3.4572107791900635 1.0278533697128296 
v 11.801671981811523 1.2954734563827515 -0.0009387710015289485 
v 9.833637237548828 3.4572105407714844 -0.0009391232160851359 
v 11.73588752746582 1.2954732179641724 -1.2343933582305908 
v 11.544017791748047 1.2954729795455933 -2.4532289505004883 
v 11.224235534667969 1.2954728603363037 -3.646481990814209 
v 10.780194282531738 1.2954726219177246 -4.799533367156982 
v 10.221031188964844 1.295472502708435 -5.901419639587402 
v 9.546746253967285 1.295472264289856 -6.937520980834961 
v 8.77013111114502 1.2954721450805664 -7.896874904632568 
v 7.89666748046875 1.2954720258712769 -8.770342826843262 
v 6.937318801879883 1.2954719066619873 -9.54696273803711 
v 5.901223182678223 1.2954717874526978 -10.219423294067383 
v 4.799343109130859 1.2954716682434082 -10.780417442321777 
v 3.6462981700897217 1.2954715490341187 -11.22446060180664 
v 3.0396244525909424 3.4572091102600098 -9.353264808654785 
v 4.000800132751465 3.4572091102600098 -8.984142303466797 
v 4.916292190551758 3.4572091102600098 -8.516343116760254 
v 5.7806196212768555 3.457209348678589 -7.955349922180176 
v 6.580989837646484 3.457209348678589 -7.3084716796875 
v 7.308267116546631 3.457209587097168 -6.581190586090088 
v 7.956969738006592 3.457209587097168 -5.780815601348877 
v 8.516132354736328 3.457209825515747 -4.9164838790893555 
v 8.983928680419922 3.457209825515747 -3.9991588592529297 
v 9.353050231933594 3.457210063934326 -3.0398056507110596 
v 9.619839668273926 3.4572103023529053 -2.043905258178711 
v 9.780644416809082 3.4572103023529053 -1.0279041528701782 
v 0.0007747199852019548 18.90683364868164 -0.1361647993326187 
v 0.01356603018939495 18.90683364868164 -0.1361647993326187 
v -0.013843919150531292 18.90683364868164 -0.1361647993326187 
v 0.028184670954942703 18.90683364868164 -0.13433745503425598 
v 0.042803309857845306 18.90683364868164 -0.1306827813386917 
v 0.05559461936354637 18.90683364868164 -0.1252007633447647 
v 0.06838592886924744 18.90683364868164 -0.11789140850305557 
v 0.0811772421002388 18.90683364868164 -0.11058203876018524 
v 0.09214121848344803 18.90683364868164 -0.10144533962011337 
v 0.10127787292003632 18.90683364868164 -0.0923086404800415 
v 0.110414519906044 18.90683364868164 -0.0813446044921875 
v 0.1195511668920517 18.90683364868164 -0.06855321675539017 
v 0.1250331699848175 18.90683364868164 -0.05576184019446373 
v 0.13051514327526093 18.90683364868164 -0.042970459908246994 
v 0.1341698169708252 18.90683364868164 -0.028351739048957825 
v 0.13599713146686554 18.90683364868164 -0.013733020052313805 
v 0.13782447576522827 18.90683364868164 -0.000941640289966017 
v 0.13599713146686554 18.90683364868164 0.013677079230546951 
v 0.1341698169708252 18.90683364868164 0.02829580008983612 
v 0.13051514327526093 18.90683364868164 0.04291452094912529 
v 0.1250331699848175 18.90683364868164 0.055705901235342026 
v 0.1195511668920517 18.90683364868164 0.06849727779626846 
v 0.110414519906044 18.90683364868164 0.0812886655330658 
v 0.10127787292003632 18.90683364868164 0.0922527015209198 
v 0.09214121848344803 18.90683364868164 0.10138940066099167 
v 0.0811772421002388 18.90683364868164 0.11052609980106354 
v 0.06838592886924744 18.90683364868164 0.11783546209335327 
v 0.05559461936354637 18.90683364868164 0.125144824385643 
v 0.042803309857845306 18.90683364868164 0.13062684237957 
v 0.028184670954942703 18.90683364868164 0.13428151607513428 
v 0.01356603018939495 18.90683364868164 0.136108860373497 
v 0.0007747199852019548 18.90683364868164 0.136108860373497 
v -0.013843919150531292 18.90683364868164 0.136108860373497 
v -0.02846255898475647 18.90683364868164 0.13428151607513428 
v -0.04308120161294937 18.90683364868164 0.13062684237957 
v -0.05587250739336014 18.90683364868164 0.125144824385643 
v -0.0686638206243515 18.90683364868164 0.11783546209335327 
v -0.07962779700756073 18.90683364868164 0.11052609980106354 
v -0.0924191102385521 18.90683364868164 0.10138940066099167 
v -0.10155575722455978 18.90683364868164 0.0922527015209198 
v -0.11069241166114807 18.90683364868164 0.0812886655330658 
v -0.11800172179937363 18.90683364868164 0.06849727779626846 
v -0.12531104683876038 18.90683364868164 0.055705901235342026 
v -0.13079304993152618 18.90683364868164 0.04291452094912529 
v -0.13444769382476807 18.90683364868164 0.02829580008983612 
v -0.1362750232219696 18.90683364868164 0.013677079230546951 
v -0.1362750232219696 18.90683364868164 -0.000941640289966017 
v -0.1362750232219696 18.90683364868164 -0.013733020052313805 
v -0.13444769382476807 18.90683364868164 -0.028351739048957825 
v -0.13079304993152618 18.90683364868164 -0.042970459908246994 
v -0.12531104683876038 18.90683364868164 -0.05576184019446373 
v -0.11800172179937363 18.90683364868164 -0.06855321675539017 
v -0.11069241166114807 18.90683364868164 -0.0813446044921875 
v -0.10155575722455978 18.90683364868164 -0.0923086404800415 
v -0.0924191102385521 18.90683364868164 -0.10144533962011337 
v -0.07962779700756073 18.90683364868164 -0.11058203876018524 
v -0.0686638206243515 18.90683364868164 -0.11789140850305557 
v -0.05587250739336014 18.90683364868164 -0.1252007633447647 
v -0.04308120161294937 18.90683364868164 -0.1306827813386917 
v -0.02846255898475647 18.90683364868164 -0.13433745503425598 
v 0.0007747199852019548 2.88738751411438 -29.634910583496094 
v -3.098376989364624 2.8551228046417236 -29.472280502319336 
v 0.0007747199852019548 2.717421531677246 -29.490550994873047 
v -3.0819308757781982 2.68515682220459 -29.329748153686523 
v -6.160982131958008 2.8551230430603027 -28.986207962036133 
v -6.131744861602783 2.685157060623169 -28.845500946044922 
v -9.15780258178711 2.8551230430603027 -28.184003829956055 
v -9.113946914672852 2.685157060623169 -28.046953201293945 
v -12.054121017456055 2.855123281478882 -27.072980880737305 
v -11.995646476745605 2.685157299041748 -26.94141387939453 
v -14.817044258117676 2.8879642486572266 -25.664100646972656 
v -14.74577808380127 2.7174222469329834 -25.53984260559082 
v -17.41916275024414 2.9674742221832275 -23.97563934326172 
v -17.335105895996094 2.7969319820404053 -23.85869026184082 
v -19.83123779296875 3.0671496391296387 -22.02404022216797 
v -19.73438835144043 2.896031141281128 -21.918054580688477 
v -22.02403450012207 3.159334659576416 -19.831233978271484 
v -21.918048858642578 2.987640380859375 -19.73438262939453 
v -23.975622177124023 3.067150354385376 -17.419143676757812 
v -23.86050033569336 2.8960318565368652 -17.335086822509766 
v -25.66407585144043 2.967475652694702 -14.817011833190918 
v -25.53981590270996 2.79693341255188 -14.745745658874512 
v -27.07294464111328 2.8879666328430176 -12.054073333740234 
v -26.94137954711914 2.7174243927001953 -11.995598793029785 
v -28.183963775634766 2.855126142501831 -9.157739639282227 
v -28.04691505432129 2.6851601600646973 -9.113883972167969 
v -28.986162185668945 2.8551266193389893 -6.160902500152588 
v -28.845457077026367 2.6851606369018555 -6.131664752960205 
v -29.472232818603516 2.8551270961761475 -3.098280191421509 
v -29.32969856262207 2.6851611137390137 -3.081834077835083 
v -29.634862899780273 2.8551275730133057 -0.0009390251361764967 
v -29.490503311157227 2.685161590576172 -0.0009389974293299019 
v -29.472232818603516 2.887392997741699 3.0982296466827393 
v -29.32969856262207 2.7174270153045654 3.0817835330963135 
v -28.98798942565918 2.9674792289733887 6.16085147857666 
v -28.84728240966797 2.7969367504119873 6.131613731384277 
v -28.185791015625 3.0671546459198 9.157689094543457 
v -28.048742294311523 2.896036148071289 9.113832473754883 
v -27.07477569580078 3.1593399047851562 12.054022789001465 
v -26.943206787109375 2.987645387649536 11.995548248291016 
v -25.665903091430664 3.1593403816223145 14.818788528442383 
v -25.541645050048828 2.9876458644866943 14.747522354125977 
v -23.975622177124023 3.0671560764312744 17.41909408569336 
v -23.86050033569336 2.8960375785827637 17.33503532409668 
v -22.02403450012207 2.9674813747406006 19.829355239868164 
v -21.916221618652344 2.7969391345977783 19.734333038330078 
v -19.829410552978516 2.8873960971832275 22.02216148376465 
v -19.732561111450195 2.7174298763275146 21.91617774963379 
v -17.41916275024414 2.8551316261291504 23.9737606048584 
v -17.335105895996094 2.6851656436920166 23.858638763427734 
v -14.817044258117676 2.8551318645477295 25.664051055908203 
v -14.74577808380127 2.6851658821105957 25.539791107177734 
v -12.054121017456055 2.8551321029663086 27.07292938232422 
v -11.995646476745605 2.685166120529175 26.941362380981445 
v -9.15780258178711 2.8551323413848877 28.1839542388916 
v -9.113946914672852 2.685166358947754 28.04690170288086 
v -6.160982131958008 2.8551323413848877 28.986156463623047 
v -6.131744861602783 2.685166358947754 28.84727668762207 
v -3.098376989364624 2.887397289276123 29.47222900390625 
v -3.0819308757781982 2.7174313068389893 29.329696655273438 
v 0.0007747199852019548 2.9674830436706543 29.634859085083008 
v 0.0007747199852019548 2.796940565109253 29.492326736450195 
v 3.0980992317199707 3.0671579837799072 29.47405433654785 
v 3.0834805965423584 2.8960394859313965 29.33152198791504 
v 6.16253137588501 3.1593425273895264 28.989809036254883 
v 6.131466865539551 2.9876482486724854 28.849103927612305 
v 9.157525062561035 3.1593425273895264 28.185781478881836 
v 9.113669395446777 2.9876480102539062 28.050556182861328 
v 12.05384349822998 3.067157506942749 27.074756622314453 
v 11.995368957519531 2.8960390090942383 26.943187713623047 
v 14.818593978881836 2.967482328414917 25.664051055908203 
v 14.745500564575195 2.7969400882720947 25.539791107177734 
v 17.41888427734375 2.8873963356018066 23.975589752197266 
v 17.334827423095703 2.717430353164673 23.858638763427734 
v 19.829133987426758 2.855131149291992 22.02216148376465 
v 19.734111785888672 2.6851651668548584 21.91617774963379 
v 22.021928787231445 2.855130910873413 19.829355239868164 
v 21.915943145751953 2.6851649284362793 19.732505798339844 
v 23.975343704223633 2.855130434036255 17.41909408569336 
v 23.858394622802734 2.685164451599121 17.33503532409668 
v 25.663795471191406 2.855130195617676 14.816961288452148 
v 25.53953742980957 2.685163974761963 14.745695114135742 
v 27.072668075561523 2.887394428253174 12.054022789001465 
v 26.941099166870117 2.71742844581604 11.995548248291016 
v 28.185514450073242 2.967479705810547 9.157689094543457 
v 28.0484619140625 2.7969372272491455 9.113832473754883 
v 28.989538192749023 3.0671541690826416 6.16085147857666 
v 28.848833084106445 2.896035671234131 6.131613731384277 
v 29.47378158569336 3.1593384742736816 3.0982296466827393 
v 29.331249237060547 2.9876439571380615 3.083610773086548 
v 29.63641357421875 3.218682050704956 -0.0009390843333676457 
v 29.493881225585938 3.0464115142822266 -0.0009390562772750854 
v 29.47378158569336 3.159337282180786 -3.098280429840088 
v 29.331249237060547 2.987643003463745 -3.0836617946624756 
v 28.989538192749023 3.0671520233154297 -6.160902500152588 
v 28.848833084106445 2.896033763885498 -6.131664752960205 
v 28.185514450073242 2.9674766063690186 -9.157739639282227 
v 28.0484619140625 2.7969343662261963 -9.113883972167969 
v 27.072668075561523 2.887390375137329 -12.054073333740234 
v 26.941099166870117 2.7174243927001953 -11.995598793029785 
v 25.663795471191406 2.8551251888275146 -14.817011833190918 
v 25.53953742980957 2.685159206390381 -14.745745658874512 
v 23.975343704223633 2.8551249504089355 -17.419143676757812 
v 23.858394622802734 2.6851589679718018 -17.335086822509766 
v 22.021928787231445 2.8551244735717773 -19.829404830932617 
v 21.915943145751953 2.6851584911346436 -19.732555389404297 
v 19.829133987426758 2.8873889446258545 -22.022212982177734 
v 19.734111785888672 2.7174229621887207 -21.916227340698242 
v 17.41888427734375 2.9674742221832275 -23.97563934326172 
v 17.334827423095703 2.7969319820404053 -23.85869026184082 
v 14.818593978881836 3.0671489238739014 -25.665929794311523 
v 14.74732780456543 2.8960306644439697 -25.541669845581055 
v 12.05384349822998 3.1593334674835205 -27.07480812072754 
v 11.995368957519531 2.9876391887664795 -26.943239212036133 
v 9.157525062561035 3.1593332290649414 -28.185829162597656 
v 9.113669395446777 2.9876389503479004 -28.050607681274414 
v 6.16253137588501 3.067148447036743 -28.988033294677734 
v 6.131466865539551 2.8960299491882324 -28.84915542602539 
v 3.0980992317199707 2.967473268508911 -29.472280502319336 
v 3.0834805965423584 2.796931028366089 -29.329748153686523 
v 0.0007747199852019548 2.88738751411438 -29.634910583496094 
v 0.0007747199852019548 2.717421531677246 -29.490550994873047 
v -0.013843919150531292 18.95119857788086 -0.1361648142337799 
v -0.02846255898475647 18.95119857788086 -0.13251012563705444 
v 0.0007747199852019548 18.95119857788086 -0.1361648142337799 
v -0.04125387221574783 18.95119857788086 -0.12885543704032898 
v -0.05587250739336014 18.95119857788086 -0.1252007633447647 
v -0.0686638206243515 18.95119857788086 -0.11789141595363617 
v -0.07962779700756073 18.95119857788086 -0.11058204621076584 
v -0.09059178084135056 18.95119857788086 -0.10144534707069397 
v -0.10155575722455978 18.95119857788086 -0.09048131108283997 
v -0.11069241166114807 18.95119857788086 -0.07951726764440536 
v -0.11800172179937363 18.95119857788086 -0.06855322420597076 
v -0.12348372489213943 18.95119857788086 -0.05576184764504433 
v -0.12896570563316345 18.95119857788086 -0.04297046735882759 
v -0.13262036442756653 18.95119857788086 -0.02835174649953842 
v -0.13444769382476807 18.95119857788086 -0.013733027502894402 
v -0.1362750232219696 18.95119857788086 -0.0009416475077159703 
v -0.13444769382476807 18.95119857788086 0.013677071779966354 
v -0.13262036442756653 18.95119857788086 0.028295792639255524 
v -0.12896570563316345 18.95119857788086 0.04291451349854469 
v -0.12348372489213943 18.95119857788086 0.05570589378476143 
v -0.11800172179937363 18.95119857788086 0.06849727034568787 
v -0.11069241166114807 18.95119857788086 0.07946131378412247 
v -0.10155575722455978 18.95119857788086 0.09042535722255707 
v -0.09059178084135056 18.95119857788086 0.10138939321041107 
v -0.07962779700756073 18.95119857788086 0.11052609235048294 
v -0.0686638206243515 18.95119857788086 0.11783545464277267 
v -0.05587250739336014 18.95119857788086 0.1251448094844818 
v -0.04125387221574783 18.95119857788086 0.12879948318004608 
v -0.02846255898475647 18.95119857788086 0.13245417177677155 
v -0.013843919150531292 18.95119857788086 0.136108860373497 
v 0.0007747199852019548 18.95119857788086 0.136108860373497 
v 0.01356603018939495 18.95119857788086 0.136108860373497 
v 0.028184670954942703 18.95119857788086 0.13245417177677155 
v 0.042803309857845306 18.95119857788086 0.12879948318004608 
v 0.05559461936354637 18.95119857788086 0.1251448094844818 
v 0.06838592886924744 18.95119857788086 0.11783545464277267 
v 0.07934991270303726 18.95119857788086 0.11052609235048294 
v 0.09031388908624649 18.95119857788086 0.10138939321041107 
v 0.10127787292003632 18.95119857788086 0.09042535722255707 
v 0.110414519906044 18.95119857788086 0.07946131378412247 
v 0.11772384494543076 18.95119857788086 0.06849727034568787 
v 0.1250331699848175 18.95119857788086 0.05570589378476143 
v 0.12868782877922058 18.95119857788086 0.04291451349854469 
v 0.1341698169708252 18.95119857788086 0.028295792639255524 
v 0.13599713146686554 18.95119857788086 0.013677071779966354 
v 0.13599713146686554 18.95119857788086 -0.0009416475077159703 
v 0.13599713146686554 18.95119857788086 -0.013733027502894402 
v 0.1341698169708252 18.95119857788086 -0.02835174649953842 
v 0.12868782877922058 18.95119857788086 -0.04297046735882759 
v 0.1250331699848175 18.95119857788086 -0.05576184764504433 
v 0.11772384494543076 18.95119857788086 -0.06855322420597076 
v 0.110414519906044 18.95119857788086 -0.07951726764440536 
v 0.10127787292003632 18.95119857788086 -0.09048131108283997 
v 0.09031388908624649 18.95119857788086 -0.10144534707069397 
v 0.07934991270303726 18.95119857788086 -0.11058204621076584 
v 0.06838592886924744 18.95119857788086 -0.11789141595363617 
v 0.05559461936354637 18.95119857788086 -0.1252007633447647 
v 0.042803309857845306 18.95119857788086 -0.12885543704032898 
v 0.028184670954942703 18.95119857788086 -0.13251012563705444 
v 0.01356603018939495 18.95119857788086 -0.1361648142337799 
v 0.0007747199852019548 5.6955718994140625 -29.88343048095703 
v -3.123959541320801 5.66157865524292 -29.718969345092773 
v 0.0007747199852019548 2.88738751411438 -29.634910583496094 
v -3.098376989364624 2.8551228046417236 -29.472280502319336 
v -6.212147235870361 5.661579132080078 -29.231069564819336 
v -6.160982131958008 2.8551230430603027 -28.986207962036133 
v -9.234551429748535 5.661579132080078 -28.421558380126953 
v -9.15780258178711 2.8551230430603027 -28.184003829956055 
v -12.154624938964844 5.661579132080078 -27.299571990966797 
v -12.054121017456055 2.855123281478882 -27.072980880737305 
v -14.941303253173828 5.695572376251221 -25.879730224609375 
v -14.817044258117676 2.8879642486572266 -25.664100646972656 
v -17.565349578857422 5.777963161468506 -24.176647186279297 
v -17.41916275024414 2.9674742221832275 -23.97563934326172 
v -19.995697021484375 5.879366874694824 -22.208602905273438 
v -19.83123779296875 3.0671496391296387 -22.02404022216797 
v -22.208593368530273 5.97155237197876 -19.99569320678711 
v -22.02403450012207 3.159334659576416 -19.831233978271484 
v -24.17662811279297 5.879367828369141 -17.565332412719727 
v -23.975622177124023 3.067150354385376 -17.419143676757812 
v -25.87969970703125 5.7779645919799805 -14.941271781921387 
v -25.66407585144043 2.967475652694702 -14.817011833190918 
v -27.299535751342773 5.695574760437012 -12.15457820892334 
v -27.07294464111328 2.8879666328430176 -12.054073333740234 
v -28.4215145111084 5.661581993103027 -9.234488487243652 
v -28.183963775634766 2.855126142501831 -9.157739639282227 
v -29.23102378845215 5.6615824699401855 -6.213895320892334 
v -28.986162185668945 2.8551266193389893 -6.160902500152588 
v -29.71891975402832 5.661582946777344 -3.123863697052002 
v -29.472232818603516 2.8551270961761475 -3.098280191421509 
v -29.883378982543945 5.66158390045166 -0.000939482357352972 
v -29.634862899780273 2.8551275730133057 -0.0009390251361764967 
v -29.71891975402832 5.695577144622803 3.123811721801758 
v -29.472232818603516 2.887392997741699 3.0982296466827393 
v -29.23102378845215 5.777967929840088 6.213843822479248 
v -28.98798942565918 2.9674792289733887 6.16085147857666 
v -28.4215145111084 5.8793721199035645 9.234436988830566 
v -28.185791015625 3.0671546459198 9.157689094543457 
v -27.299535751342773 5.9715576171875 12.154525756835938 
v -27.07477569580078 3.1593399047851562 12.054022789001465 
v -25.87969970703125 5.9715576171875 14.941219329833984 
v -25.665903091430664 3.1593403816223145 14.818788528442383 
v -24.17662811279297 5.879373550415039 17.565279006958008 
v -23.975622177124023 3.0671560764312744 17.41909408569336 
v -22.208593368530273 5.777970314025879 19.995641708374023 
v -22.02403450012207 2.9674813747406006 19.829355239868164 
v -19.995697021484375 5.695580005645752 22.20855140686035 
v -19.829410552978516 2.8873960971832275 22.02216148376465 
v -17.565349578857422 5.661587715148926 24.176597595214844 
v -17.41916275024414 2.8551316261291504 23.9737606048584 
v -14.941303253173828 5.661587715148926 25.879676818847656 
v -14.817044258117676 2.8551318645477295 25.664051055908203 
v -12.154624938964844 5.661588191986084 27.299518585205078 
v -12.054121017456055 2.8551321029663086 27.07292938232422 
v -9.234551429748535 5.661588191986084 28.4215087890625 
v -9.15780258178711 2.8551323413848877 28.1839542388916 
v -6.212147235870361 5.661588668823242 29.231019973754883 
v -6.160982131958008 2.8551323413848877 28.986156463623047 
v -3.123959541320801 5.695581436157227 29.720746994018555 
v -3.098376989364624 2.887397289276123 29.47222900390625 
v 0.0007747199852019548 5.7779717445373535 29.883377075195312 
v 0.0007747199852019548 2.9674830436706543 29.634859085083008 
v 3.1236815452575684 5.879375457763672 29.720746994018555 
v 3.0980992317199707 3.0671579837799072 29.47405433654785 
v 6.213696479797363 5.971560001373291 29.231019973754883 
v 6.16253137588501 3.1593425273895264 28.989809036254883 
v 9.234273910522461 5.971560001373291 28.4215087890625 
v 9.157525062561035 3.1593425273895264 28.185781478881836 
v 12.154346466064453 5.879374980926514 27.299518585205078 
v 12.05384349822998 3.067157506942749 27.074756622314453 
v 14.941024780273438 5.777971267700195 25.879676818847656 
v 14.818593978881836 2.967482328414917 25.664051055908203 
v 17.5650691986084 5.69558048248291 24.176597595214844 
v 17.41888427734375 2.8873963356018066 23.975589752197266 
v 19.995420455932617 5.661587238311768 22.20855140686035 
v 19.829133987426758 2.855131149291992 22.02216148376465 
v 22.208316802978516 5.661586761474609 19.995641708374023 
v 22.021928787231445 2.855130910873413 19.829355239868164 
v 24.176349639892578 5.661586761474609 17.565279006958008 
v 23.975343704223633 2.855130434036255 17.41909408569336 
v 25.87942123413086 5.661586284637451 14.941219329833984 
v 25.663795471191406 2.855130195617676 14.816961288452148 
v 27.299257278442383 5.695578575134277 12.154525756835938 
v 27.072668075561523 2.887394428253174 12.054022789001465 
v 28.42123794555664 5.777968406677246 9.234436988830566 
v 28.185514450073242 2.967479705810547 9.157689094543457 
v 29.23074722290039 5.879371643066406 6.213843822479248 
v 28.989538192749023 3.0671541690826416 6.16085147857666 
v 29.720470428466797 5.971555709838867 3.123811721801758 
v 29.47378158569336 3.1593384742736816 3.0982296466827393 
v 29.883102416992188 6.027442455291748 -0.0009395419619977474 
v 29.63641357421875 3.218682050704956 -0.0009390843333676457 
v 29.720470428466797 5.971554756164551 -3.123863697052002 
v 29.47378158569336 3.159337282180786 -3.098280429840088 
v 29.23074722290039 5.879369258880615 -6.213895320892334 
v 28.989538192749023 3.0671520233154297 -6.160902500152588 
v 28.42123794555664 5.777965545654297 -9.234488487243652 
v 28.185514450073242 2.9674766063690186 -9.157739639282227 
v 27.299257278442383 5.695574760437012 -12.15457820892334 
v 27.072668075561523 2.887390375137329 -12.054073333740234 
v 25.87942123413086 5.661581039428711 -14.941271781921387 
v 25.663795471191406 2.8551251888275146 -14.817011833190918 
v 24.176349639892578 5.661581039428711 -17.565332412719727 
v 23.975343704223633 2.8551249504089355 -17.419143676757812 
v 22.208316802978516 5.661580562591553 -19.99569320678711 
v 22.021928787231445 2.8551244735717773 -19.829404830932617 
v 19.995420455932617 5.695572853088379 -22.208602905273438 
v 19.829133987426758 2.8873889446258545 -22.022212982177734 
v 17.5650691986084 5.777963161468506 -24.176647186279297 
v 17.41888427734375 2.9674742221832275 -23.97563934326172 
v 14.942852020263672 5.879366397857666 -25.879730224609375 
v 14.818593978881836 3.0671489238739014 -25.665929794311523 
v 12.154346466064453 5.971550941467285 -27.299571990966797 
v 12.05384349822998 3.1593334674835205 -27.07480812072754 
v 9.234273910522461 5.971550941467285 -28.421558380126953 
v 9.157525062561035 3.1593332290649414 -28.185829162597656 
v 6.213696479797363 5.879365921020508 -29.231069564819336 
v 6.16253137588501 3.067148447036743 -28.988033294677734 
v 3.1236815452575684 5.7779622077941895 -29.720796585083008 
v 3.0980992317199707 2.967473268508911 -29.472280502319336 
v 0.0007747199852019548 5.6955718994140625 -29.88343048095703 
v 0.0007747199852019548 2.88738751411438 -29.634910583496094 
vn -7.693033277231742e-16 0.006682641338557005 -0.00743924081325531 
vn -7.693033277231742e-16 0.006682641338557005 -0.00743924081325531 
vn -0.0007526153931394219 0.006682641338557005 -0.007401072420179844 
vn -0.0007526153931394219 0.006682641338557005 -0.007401072420179844 
vn -0.0015712770400568843 0.006682641338557005 -0.007271409034729004 
vn -0.0015712770400568843 0.006682641338557005 -0.007271409034729004 
vn -0.0022988514974713326 0.006682641338557005 -0.0070751383900642395 
vn -0.0022988514974713326 0.006682641338557005 -0.0070751383900642395 
vn -0.003002836601808667 0.006682641804218292 -0.0068062674254179 
vn -0.003002836601808667 0.006682641804218292 -0.0068062674254179 
vn -0.0037413621321320534 0.006682641804218292 -0.00642996933311224 
vn -0.0037413621321320534 0.006682641804218292 -0.00642996933311224 
vn -0.004372675437480211 0.006682641804218292 -0.006018472369760275 
vn -0.004372675437480211 0.006682641804218292 -0.006018472369760275 
vn -0.004959119483828545 0.006682641804218292 -0.005545217078179121 
vn -0.004959119483828545 0.006682641804218292 -0.005545217078179121 
vn -0.005545216146856546 0.006682641804218292 -0.004959120415151119 
vn -0.005545216146856546 0.006682641804218292 -0.004959120415151119 
vn -0.006018470972776413 0.006682641804218292 -0.004372676368802786 
vn -0.006018470972776413 0.006682641804218292 -0.004372676368802786 
vn -0.006429968401789665 0.0066826422698795795 -0.0037413632962852716 
vn -0.006429968401789665 0.0066826422698795795 -0.0037413632962852716 
vn -0.0068062664940953255 0.0066826422698795795 -0.0030028377659618855 
vn -0.0068062664940953255 0.0066826422698795795 -0.0030028377659618855 
vn -0.007075137458741665 0.0066826422698795795 -0.002298852661624551 
vn -0.007075137458741665 0.0066826422698795795 -0.002298852661624551 
vn -0.007271407637745142 0.0066826422698795795 -0.0015712782042101026 
vn -0.007271407637745142 0.0066826422698795795 -0.0015712782042101026 
vn -0.007401071023195982 0.006682642735540867 -0.0007526164990849793 
vn -0.007401071023195982 0.006682642735540867 -0.0007526164990849793 
vn -0.007439239416271448 0.006682642735540867 -1.0887413193216844e-9 
vn -0.007439239416271448 0.006682642735540867 -1.0887413193216844e-9 
vn -0.007401071023195982 0.006682642735540867 0.0007526143454015255 
vn -0.007401071023195982 0.006682642735540867 0.0007526143454015255 
vn -0.007271407637745142 0.006682642735540867 0.0015712759923189878 
vn -0.007271407637745142 0.006682642735540867 0.0015712759923189878 
vn -0.007075137458741665 0.006682643201202154 0.0022988503333181143 
vn -0.007075137458741665 0.006682643201202154 0.0022988503333181143 
vn -0.0068062664940953255 0.006682643201202154 0.0030028356704860926 
vn -0.0068062664940953255 0.006682643201202154 0.0030028356704860926 
vn -0.006429968401789665 0.006682643201202154 0.003741360967978835 
vn -0.006429968401789665 0.006682643201202154 0.003741360967978835 
vn -0.006018470972776413 0.006682643201202154 0.004372674506157637 
vn -0.006018470972776413 0.006682643201202154 0.004372674506157637 
vn -0.005545216146856546 0.0066826436668634415 0.004959118086844683 
vn -0.005545216146856546 0.0066826436668634415 0.004959118086844683 
vn -0.004959119483828545 0.0066826436668634415 0.005545215215533972 
vn -0.004959119483828545 0.0066826436668634415 0.005545215215533972 
vn -0.004372675437480211 0.0066826436668634415 0.006018470041453838 
vn -0.004372675437480211 0.0066826436668634415 0.006018470041453838 
vn -0.0037413621321320534 0.0066826436668634415 0.006429967470467091 
vn -0.0037413621321320534 0.0066826436668634415 0.006429967470467091 
vn -0.003002836601808667 0.0066826436668634415 0.0068062650971114635 
vn -0.003002836601808667 0.0066826436668634415 0.0068062650971114635 
vn -0.0022988514974713326 0.0066826436668634415 0.00707513652741909 
vn -0.0022988514974713326 0.0066826436668634415 0.00707513652741909 
vn -0.0015712770400568843 0.0066826436668634415 0.007271406706422567 
vn -0.0015712770400568843 0.0066826436668634415 0.007271406706422567 
vn -0.0007526153931394219 0.006682644132524729 0.007401070091873407 
vn -0.0007526153931394219 0.006682644132524729 0.007401070091873407 
vn 2.311213888119847e-15 0.006682644132524729 0.0074392384849488735 
vn 2.311213888119847e-15 0.006682644132524729 0.0074392384849488735 
vn 0.0007526153931394219 0.006682644132524729 0.007401070091873407 
vn 0.0007526153931394219 0.006682644132524729 0.007401070091873407 
vn 0.0015712770400568843 0.0066826436668634415 0.007271406706422567 
vn 0.0015712770400568843 0.0066826436668634415 0.007271406706422567 
vn 0.0022988514974713326 0.0066826436668634415 0.00707513652741909 
vn 0.0022988514974713326 0.0066826436668634415 0.00707513652741909 
vn 0.003002836601808667 0.0066826436668634415 0.0068062650971114635 
vn 0.003002836601808667 0.0066826436668634415 0.0068062650971114635 
vn 0.0037413621321320534 0.0066826436668634415 0.006429967470467091 
vn 0.0037413621321320534 0.0066826436668634415 0.006429967470467091 
vn 0.004372675437480211 0.0066826436668634415 0.006018470041453838 
vn 0.004372675437480211 0.0066826436668634415 0.006018470041453838 
vn 0.004959119483828545 0.0066826436668634415 0.005545215215533972 
vn 0.004959119483828545 0.0066826436668634415 0.005545215215533972 
vn 0.005545216146856546 0.0066826436668634415 0.004959118086844683 
vn 0.005545216146856546 0.0066826436668634415 0.004959118086844683 
vn 0.006018470972776413 0.006682643201202154 0.004372674506157637 
vn 0.006018470972776413 0.006682643201202154 0.004372674506157637 
vn 0.006429968401789665 0.006682643201202154 0.003741360967978835 
vn 0.006429968401789665 0.006682643201202154 0.003741360967978835 
vn 0.0068062664940953255 0.006682643201202154 0.0030028356704860926 
vn 0.0068062664940953255 0.006682643201202154 0.0030028356704860926 
vn 0.007075137458741665 0.006682643201202154 0.0022988503333181143 
vn 0.007075137458741665 0.006682643201202154 0.0022988503333181143 
vn 0.007271407637745142 0.006682642735540867 0.0015712759923189878 
vn 0.007271407637745142 0.006682642735540867 0.0015712759923189878 
vn 0.007401071023195982 0.006682642735540867 0.0007526143454015255 
vn 0.007401071023195982 0.006682642735540867 0.0007526143454015255 
vn 0.007439239416271448 0.006682642735540867 -1.0887428736339189e-9 
vn 0.007439239416271448 0.006682642735540867 -1.0887428736339189e-9 
vn 0.007401071023195982 0.006682642735540867 -0.0007526164990849793 
vn 0.007401071023195982 0.006682642735540867 -0.0007526164990849793 
vn 0.007271407637745142 0.0066826422698795795 -0.0015712782042101026 
vn 0.007271407637745142 0.0066826422698795795 -0.0015712782042101026 
vn 0.007075137458741665 0.0066826422698795795 -0.002298852661624551 
vn 0.007075137458741665 0.0066826422698795795 -0.002298852661624551 
vn 0.0068062664940953255 0.0066826422698795795 -0.0030028377659618855 
vn 0.0068062664940953255 0.0066826422698795795 -0.0030028377659618855 
vn 0.006429968401789665 0.0066826422698795795 -0.0037413632962852716 
vn 0.006429968401789665 0.0066826422698795795 -0.0037413632962852716 
vn 0.006018470972776413 0.006682641804218292 -0.004372676368802786 
vn 0.006018470972776413 0.006682641804218292 -0.004372676368802786 
vn 0.005545216146856546 0.006682641804218292 -0.004959120415151119 
vn 0.005545216146856546 0.006682641804218292 -0.004959120415151119 
vn 0.004959119483828545 0.006682641804218292 -0.005545217078179121 
vn 0.004959119483828545 0.006682641804218292 -0.005545217078179121 
vn 0.004372675437480211 0.006682641804218292 -0.006018472369760275 
vn 0.004372675437480211 0.006682641804218292 -0.006018472369760275 
vn 0.0037413621321320534 0.006682641804218292 -0.00642996933311224 
vn 0.0037413621321320534 0.006682641804218292 -0.00642996933311224 
vn 0.003002836601808667 0.006682641804218292 -0.0068062674254179 
vn 0.003002836601808667 0.006682641804218292 -0.0068062674254179 
vn 0.0022988514974713326 0.006682641338557005 -0.0070751383900642395 
vn 0.0022988514974713326 0.006682641338557005 -0.0070751383900642395 
vn 0.0015712770400568843 0.006682641338557005 -0.007271409034729004 
vn 0.0015712770400568843 0.006682641338557005 -0.007271409034729004 
vn 0.0007526153931394219 0.006682641338557005 -0.007401072420179844 
vn 0.0007526153931394219 0.006682641338557005 -0.007401072420179844 
vn -7.693033277231742e-16 0.006682641338557005 -0.00743924081325531 
vn -7.693033277231742e-16 0.006682641338557005 -0.00743924081325531 
vn -0.00807544868439436 -0.0008945270674303174 0.005829833447933197 
vn -0.007412590552121401 -0.0008945269510149956 0.006652317009866238 
vn -0.007412590552121401 -0.0008945269510149956 0.006652317009866238 
vn -0.006666351109743118 -0.0008945268345996737 0.007399972062557936 
vn -0.00807544868439436 -0.0008945270674303174 0.005829833447933197 
vn -0.008647468872368336 -0.0008945272420533001 0.004941771272569895 
vn -0.008647468872368336 -0.0008945272420533001 0.004941771272569895 
vn -0.009091652929782867 -0.000894527358468622 0.004067145753651857 
vn -0.009091652929782867 -0.000894527358468622 0.004067145753651857 
vn -0.009471271187067032 -0.0008945275330916047 0.003081371309235692 
vn -0.009471271187067032 -0.0008945275330916047 0.003081371309235692 
vn -0.009744349867105484 -0.0008945277077145875 0.0020609358325600624 
vn -0.009728450328111649 -0.0008945277077145875 0.0021347305737435818 
vn -0.009907819330692291 -0.0008945278823375702 0.0010173176415264606 
vn -0.009899823926389217 -0.0008945278823375702 0.0010923813097178936 
vn -0.009959839284420013 -0.000894527998752892 0.00003774430660996586 
vn -0.009959839284420013 -0.000894527998752892 0.00003774430660996586 
vn -0.009907819330692291 -0.0008945281733758748 -0.0010173172922804952 
vn -0.009907819330692291 -0.0008945281733758748 -0.0010173172922804952 
vn -0.009744349867105484 -0.0008945283479988575 -0.0020609355997294188 
vn -0.009744349867105484 -0.0008945283479988575 -0.0020609355997294188 
vn -0.009471271187067032 -0.0008945285226218402 -0.0030813710764050484 
vn -0.009471271187067032 -0.0008945285226218402 -0.0030813710764050484 
vn -0.009091652929782867 -0.000894528697244823 -0.00406714528799057 
vn -0.009091652929782867 -0.000894528697244823 -0.00406714528799057 
vn -0.008609766140580177 -0.0008945288718678057 -0.005007169675081968 
vn -0.008609766140580177 -0.0008945288718678057 -0.005007169675081968 
vn -0.008031031116843224 -0.0008945289882831275 -0.005890870466828346 
vn -0.008031031116843224 -0.0008945289882831275 -0.005890870466828346 
vn -0.007412590552121401 -0.0008945291046984494 -0.006652317009866238 
vn -0.007412590552121401 -0.0008945291046984494 -0.006652317009866238 
vn -0.006666351109743118 -0.0008945292211137712 -0.007399972062557936 
vn -0.006666351109743118 -0.0008945292211137712 -0.007399972062557936 
vn -0.005845123901963234 -0.000894529337529093 -0.008064387366175652 
vn -0.005906077567487955 -0.000894529337529093 -0.008019854314625263 
vn -0.005023474805057049 -0.0008945294539444149 -0.008600262925028801 
vn -0.005023474805057049 -0.0008945294539444149 -0.008600262925028801 
vn -0.004084364976733923 -0.0008945295121520758 -0.009083929471671581 
vn -0.004084364976733923 -0.0008945295121520758 -0.009083929471671581 
vn -0.0030993118416517973 -0.0008945295703597367 -0.00946541503071785 
vn -0.0030993118416517973 -0.0008945295703597367 -0.00946541503071785 
vn -0.002079395577311516 -0.0008945296285673976 -0.009740427136421204 
vn -0.002079395577311516 -0.0008945296285673976 -0.009740427136421204 
vn -0.0010360890300944448 -0.0008945296285673976 -0.00990587379783392 
vn -0.0010360890300944448 -0.0008945296285673976 -0.00990587379783392 
vn 0.000018872113287216052 -0.0008945296285673976 -0.009959892369806767 
vn 0.000018872113287216052 -0.0008945296285673976 -0.009959892369806767 
vn 0.009482880122959614 -0.0008945285226218402 -0.0030454564839601517 
vn 0.009107000194489956 -0.000894528697244823 -0.004032662138342857 
vn 0.009107000194489956 -0.000894528697244823 -0.004032662138342857 
vn 0.008628679439425468 -0.0008945288136601448 -0.004974506329745054 
vn 0.009482880122959614 -0.0008945285226218402 -0.0030454564839601517 
vn 0.009752091020345688 -0.0008945283479988575 -0.0020239935256540775 
vn 0.009752091020345688 -0.0008945283479988575 -0.0020239935256540775 
vn 0.009903892874717712 -0.0008945282315835357 -0.0010548566933721304 
vn 0.009911603294312954 -0.0008945281733758748 -0.0009797632228583097 
vn 0.009959910064935684 -0.0008945280569605529 1.4573740825252202e-10 
vn 0.009959910064935684 -0.0008945280569605529 1.4573740825252202e-10 
vn 0.009903892874717712 -0.0008945278823375702 0.0010548570426180959 
vn 0.009911603294312954 -0.0008945278823375702 0.0009797634556889534 
vn 0.009752091020345688 -0.0008945277077145875 0.002023993758484721 
vn 0.009752091020345688 -0.0008945277077145875 0.002023993758484721 
vn 0.009482880122959614 -0.0008945275330916047 0.003045456949621439 
vn 0.009482880122959614 -0.0008945275330916047 0.003045456949621439 
vn 0.009107000194489956 -0.000894527358468622 0.004032662604004145 
vn 0.009107000194489956 -0.000894527358468622 0.004032662604004145 
vn 0.008628679439425468 -0.0008945272420533001 0.0049745067954063416 
vn 0.008628679439425468 -0.0008945272420533001 0.0049745067954063416 
vn 0.00805329717695713 -0.0008945270674303174 0.005860394332557917 
vn 0.00805329717695713 -0.0008945270674303174 0.005860394332557917 
vn 0.007387327495962381 -0.0008945269510149956 0.006680360529571772 
vn 0.007387327495962381 -0.0008945269510149956 0.006680360529571772 
vn 0.006638260092586279 -0.0008945268345996737 0.007425182033330202 
vn 0.006638260092586279 -0.0008945268345996737 0.007425182033330202 
vn 0.005814521107822657 -0.0008945267181843519 0.00808648020029068 
vn 0.005814521107822657 -0.0008945267181843519 0.00808648020029068 
vn 0.004990847315639257 -0.0008945266017690301 0.008619238622486591 
vn 0.0049253772012889385 -0.0008945266017690301 0.008656817488372326 
vn 0.004049911163747311 -0.0008945265435613692 0.009099342860281467 
vn 0.004049911163747311 -0.0008945265435613692 0.009099342860281467 
vn 0.0030634193681180477 -0.0008945264853537083 0.009477092884480953 
vn 0.0030634193681180477 -0.0008945264853537083 0.009477092884480953 
vn 0.0021162929479032755 -0.0008945264271460474 0.009732477366924286 
vn 0.0021162929479032755 -0.0008945264271460474 0.009732477366924286 
vn 0.001073620980605483 -0.0008945264271460474 0.00990187656134367 
vn 0.001073620980605483 -0.0008945264271460474 0.00990187656134367 
vn 0.000018872113287216052 -0.0008945264271460474 0.009959892369806767 
vn 0.000018872113287216052 -0.0008945264271460474 0.009959892369806767 
vn -0.0010360890300944448 -0.0008945264271460474 0.009905874729156494 
vn -0.0010360890300944448 -0.0008945264271460474 0.009905874729156494 
vn -0.002079395577311516 -0.0008945264271460474 0.009740428067743778 
vn -0.002079395577311516 -0.0008945264271460474 0.009740428067743778 
vn -0.0030993118416517973 -0.0008945264853537083 0.009465415962040424 
vn -0.0030993118416517973 -0.0008945264853537083 0.009465415962040424 
vn -0.004084364976733923 -0.0008945265435613692 0.009083929471671581 
vn -0.004084364976733923 -0.0008945265435613692 0.009083929471671581 
vn -0.004958147648721933 -0.0008945266017690301 0.008638089522719383 
vn -0.004958147648721933 -0.0008945266017690301 0.008638089522719383 
vn -0.005845123901963234 -0.0008945267181843519 0.008064387366175652 
vn -0.005845123901963234 -0.0008945267181843519 0.008064387366175652 
vn -0.006666351109743118 -0.0008945268345996737 0.007399972062557936 
vn 0.008628679439425468 -0.0008945288136601448 -0.004974506329745054 
vn 0.00805329717695713 -0.0008945289882831275 -0.005860393866896629 
vn 0.00805329717695713 -0.0008945289882831275 -0.005860393866896629 
vn 0.007387327495962381 -0.0008945291046984494 -0.006680360063910484 
vn 0.007387327495962381 -0.0008945291046984494 -0.006680360063910484 
vn 0.006638260092586279 -0.0008945292211137712 -0.007425181567668915 
vn 0.006638260092586279 -0.0008945292211137712 -0.007425181567668915 
vn 0.005814521107822657 -0.000894529337529093 -0.00808648020029068 
vn 0.005814521107822657 -0.000894529337529093 -0.00808648020029068 
vn 0.0049253772012889385 -0.0008945294539444149 -0.008656816557049751 
vn 0.0049253772012889385 -0.0008945294539444149 -0.008656816557049751 
vn 0.004049911163747311 -0.0008945295121520758 -0.009099342860281467 
vn 0.004049911163747311 -0.0008945295121520758 -0.009099342860281467 
vn 0.0030634193681180477 -0.0008945295703597367 -0.009477092884480953 
vn 0.0030634193681180477 -0.0008945295703597367 -0.009477092884480953 
vn 0.0021162929479032755 -0.0008945296285673976 -0.009732477366924286 
vn 0.0021162929479032755 -0.0008945296285673976 -0.009732477366924286 
vn 0.001073620980605483 -0.0008945296285673976 -0.00990187656134367 
vn 0.001073620980605483 -0.0008945296285673976 -0.00990187656134367 
vn 0.000018872113287216052 -0.0008945296285673976 -0.009959892369806767 
vn 0.000018872113287216052 -0.0008945296285673976 -0.009959892369806767 
vn 0.0006187587860040367 -0.009965559467673302 -0.000552050827536732 
vn 0.002334706485271454 -0.00957454089075327 -0.0016962620429694653 
vn 0.0021446088794618845 -0.00957454089075327 -0.0019310129573568702 
vn 0.003472206648439169 -0.008846738375723362 -0.003111109137535095 
vn 0.0030969916842877865 -0.008846738375723362 -0.003484804183244705 
vn 0.001931014470756054 -0.00957454089075327 -0.0021446074824780226 
vn 0.002741578733548522 -0.008826283738017082 -0.0038184374570846558 
vn 0.001696263556368649 -0.00957454089075327 -0.0023347048554569483 
vn 0.0005627940408885479 -0.009957932867109776 -0.0007230761693790555 
vn 0.0006171390996314585 -0.009961841627955437 -0.0006171374698169529 
vn -0.0009245224064216018 -0.009940397925674915 0.0005777073674835265 
vn -0.00101175915915519 -0.009935540147125721 0.0005112665821798146 
vn 0.0006571978447027504 -0.00996908824890852 -0.0004305607872083783 
vn 0.002499224618077278 -0.00957454089075327 -0.0014429264701902866 
vn 0.0038073942996561527 -0.008826283738017082 -0.002756895264610648 
vn 0.004958801437169313 -0.007901282981038094 -0.00360277877189219 
vn 0.0045296926982700825 -0.007901282981038094 -0.004129359498620033 
vn 0.0041013797745108604 -0.007901282981038094 -0.004555042367428541 
vn 0.0036332577001303434 -0.007901282981038094 -0.004936513025313616 
vn 0.00229820073582232 -0.008846738375723362 -0.004056290257722139 
vn 0.0014964872971177101 -0.009561840444803238 -0.002516292966902256 
vn 0.0005011605098843575 -0.009957932867109776 -0.0007670816848985851 
vn -0.0007548191933892667 -0.009949545376002789 0.0006609080592170358 
vn -0.002212453167885542 -0.009599394164979458 0.0017195031978189945 
vn -0.0024502542801201344 -0.009587058797478676 0.0014437998179346323 
vn -0.002571316435933113 -0.00957454089075327 0.0013101528165861964 
vn -0.0010899397311732173 -0.009925254620611668 0.0005489631439559162 
vn -0.002571316435933113 -0.00957454089075327 0.0013101528165861964 
vn -0.0010899397311732173 -0.009925254620611668 0.0005489631439559162 
vn 0.000727676844689995 -0.00996908824890852 -0.0002962742291856557 
vn -0.00308090983889997 -0.009395264089107513 0.0014956612139940262 
vn -0.0030471899081021547 -0.009395264089107513 0.00156321469694376 
vn -0.002888514194637537 -0.009410139173269272 0.001762320869602263 
vn -0.002649890258908272 -0.009424833580851555 0.0020373014267534018 
vn -0.0019352876115590334 -0.00962351355701685 0.001908572274260223 
vn -0.0005866305436939001 -0.009949545376002789 0.0008138898410834372 
vn 0.00043610355351120234 -0.009957932867109776 -0.0008058472303673625 
vn 0.0011595881078392267 -0.009561840444803238 -0.0026882258243858814 
vn 0.0018927911296486855 -0.008846738375723362 -0.00426058191806078 
vn 0.0030647078529000282 -0.007901282981038094 -0.005308228544890881 
vn 0.004506027325987816 -0.006452018860727549 -0.0061698597855865955 
vn 0.005093485116958618 -0.006452018860727549 -0.005694546736776829 
vn 0.0056819305755198 -0.006452018860727549 -0.0051075550727546215 
vn 0.006203130353242159 -0.006452018860727549 -0.004460115451365709 
vn 0.006613387260586023 -0.006452018860727549 -0.003825514344498515 
vn 0.005327007733285427 -0.007901282981038094 -0.0030319499783217907 
vn 0.0040469300001859665 -0.008846738375723362 -0.0023146444000303745 
vn 0.0026363604702055454 -0.00957454089075327 -0.001173781813122332 
vn 0.0008155170944519341 -0.009965559467673302 -0.00015018557314760983 
vn -0.00101175915915519 -0.009935540147125721 0.0005112665821798146 
vn -0.002620205283164978 -0.009587058797478676 0.0011058150557801127 
vn -0.0031279183458536863 -0.009410139173269272 0.0012905094772577286 
vn -0.0024851381313055754 -0.00962351355701685 0.0011009417939931154 
vn -0.002420112956315279 -0.00962351355701685 0.0012373512145131826 
vn -0.002420112956315279 -0.00962351355701685 0.0012373512145131826 
vn -0.002347607398405671 -0.00962351355701685 0.0013699360424652696 
vn -0.0021738058421760798 -0.00963529758155346 0.0015606405213475227 
vn -0.002271553035825491 -0.009453682228922844 0.0023383600637316704 
vn -0.0016521656652912498 -0.00962351355701685 0.0021583179477602243 
vn -0.0005233971169218421 -0.009949545376002789 0.0008559250854887068 
vn 0.00036806758726015687 -0.009957932867109776 -0.0008391079609282315 
vn 0.0008758518961258233 -0.009561840444803238 -0.002793579362332821 
vn 0.0014694343553856015 -0.008846738375723362 -0.0044244746677577496 
vn 0.0025275032967329025 -0.007901282981038094 -0.005584035534411669 
vn 0.003809144254773855 -0.006452019326388836 -0.006622829474508762 
vn 0.005103806033730507 -0.0049873823300004005 -0.0070055099204182625 
vn 0.005807188339531422 -0.0049873823300004005 -0.006434483919292688 
vn 0.006447121035307646 -0.0049873823300004005 -0.005793155170977116 
vn 0.007016614079475403 -0.0049873823300004005 -0.005088530946522951 
vn 0.007509443908929825 -0.0049873823300004005 -0.004328310489654541 
vn 0.007920227013528347 -0.004987381864339113 -0.003520799335092306 
vn 0.006989810615777969 -0.006452018395066261 -0.003084479132667184 
vn 0.005599500145763159 -0.007901282981038094 -0.0024930567014962435 
vn 0.004252865444868803 -0.008846738375723362 -0.0019100673962384462 
vn 0.0027446120511740446 -0.00957454089075327 -0.0008917769882827997 
vn 0.0008694453281350434 -0.009961840696632862 -0.00007606499275425449 
vn -0.0010244310833513737 -0.009940397925674915 0.0003728640731424093 
vn -0.002690500346943736 -0.009599394164979458 0.0007828444940969348 
vn -0.003199286526069045 -0.009424833580851555 0.0009680274524725974 
vn -0.002547366311773658 -0.009635298512876034 0.0008197274873964489 
vn -0.002845954615622759 -0.009509214200079441 0.0012146580265834928 
vn -0.002811055863276124 -0.009495602920651436 0.0013897815952077508 
vn -0.0027766528073698282 -0.009495602920651436 0.0014573014341294765 
vn -0.002676606411114335 -0.009509214200079441 0.0015526205534115434 
vn -0.002467312151566148 -0.009509214200079441 0.0018674113089218736 
vn -0.0021452270448207855 -0.009522642940282822 0.0021719271317124367 
vn -0.001908599864691496 -0.009646899066865444 0.001815101713873446 
vn -0.0019253655336797237 -0.009453682228922844 0.0026307508815079927 
vn -0.0013371695531532168 -0.00962351355701685 0.002366424538195133 
vn -0.00038831570418551564 -0.009949545376002789 0.0009250747971236706 
vn 0.0002975173410959542 -0.009957932867109776 -0.0008666367502883077 
vn 0.0005827548447996378 -0.009561840444803238 -0.0028690763283520937 
vn 0.0009581976337358356 -0.008846738375723362 -0.004562573041766882 
vn 0.0018940935842692852 -0.007901282981038094 -0.0058294194750487804 
vn 0.0031362667214125395 -0.006452019326388836 -0.00696672685444355 
vn 0.004344661254435778 -0.004987382795661688 -0.007499995641410351 
vn 0.004523968789726496 -0.004211878404021263 -0.007860902696847916 
vn 0.005346310790628195 -0.004211878404021263 -0.007326461374759674 
vn 0.006050116382539272 -0.004211878404021263 -0.006756934802979231 
vn 0.006744333542883396 -0.004211878404021263 -0.006064160261303186 
vn 0.00731532322242856 -0.004211877938359976 -0.005361541640013456 
vn 0.007851473987102509 -0.004211877938359976 -0.004540312569588423 
vn 0.008295816369354725 -0.004211877938359976 -0.003665993921458721 
vn 0.008244474418461323 -0.004987381864339113 -0.0026748201344162226 
vn 0.007260325364768505 -0.006452018395066261 -0.0023788935504853725 
vn 0.005817642901092768 -0.007901282981038094 -0.0019299653358757496 
vn 0.004442040808498859 -0.008846738375723362 -0.0014154495438560843 
vn 0.0028227930888533592 -0.00957454089075327 -0.0006000016583129764 
vn 0.0009131556726060808 -0.009957932867109776 -0.0000756646113586612 
vn -0.0009853561641648412 -0.009949545376002789 0.0001887415419332683 
vn -0.002680355217307806 -0.00962351355701685 0.0004513059975579381 
vn -0.00325887743383646 -0.009439348243176937 0.0005276540177874267 
vn -0.0026011597365140915 -0.009646899066865444 0.0004138975345995277 
vn -0.0029509523883461952 -0.009509214200079441 0.0009309840970672667 
vn -0.005644521676003933 -0.007980946451425552 0.0021080486476421356 
vn -0.005492347292602062 -0.007954543456435204 0.002561124972999096 
vn -0.005322141107171774 -0.007954543456435204 0.0028982849325984716 
vn -0.005029463209211826 -0.007980946451425552 0.003317980794236064 
vn -0.004605059511959553 -0.008007196709513664 0.0038312177639454603 
vn -0.004086358472704887 -0.008007196709513664 0.004380236845463514 
vn -0.003563727717846632 -0.008007196709513664 0.00481504388153553 
vn -0.001860889489762485 -0.009522642940282822 0.002419991185888648 
vn -0.002995195798575878 -0.008007196709513664 0.005187832284718752 
vn -0.0015694766771048307 -0.009646899066865444 0.002115204930305481 
vn -0.0016081531066447496 -0.009453682228922844 0.002835793886333704 
vn -0.0011353782610967755 -0.00962351355701685 0.0024695959873497486 
vn -0.0003172414726577699 -0.009949545376002789 0.0009517932776361704 
vn 0.00022493471624329686 -0.009957932867109776 -0.0008882454712875187 
vn 0.00030165407224558294 -0.00957454089075327 -0.0028700451366603374 
vn 0.00050990009913221 -0.008846738375723362 -0.004634135868400335 
vn 0.0012374212965369225 -0.007901282981038094 -0.0060032084584236145 
vn 0.002360927639529109 -0.006452019326388836 -0.007266186643391848 
vn 0.0035380469635128975 -0.004987382795661688 -0.007912537083029747 
vn 0.003717702114954591 -0.004211878404021263 -0.008272772654891014 
vn 0.004686308559030294 -0.0034862677566707134 -0.00811692327260971 
vn 0.005509085487574339 -0.0034862677566707134 -0.007582605350762606 
vn 0.006271504797041416 -0.0034862675238400698 -0.006965211126953363 
vn 0.006965211592614651 -0.0034862675238400698 -0.006271504331380129 
vn 0.00758260628208518 -0.003486267291009426 -0.005509085021913052 
vn 0.008116924203932285 -0.003486267291009426 -0.004686308093369007 
vn 0.00856231153011322 -0.0034862670581787825 -0.003812186187133193 
vn 0.008913888595998287 -0.003486266825348139 -0.0028962972573935986 
vn 0.00861998088657856 -0.004211877938359976 -0.002820641500875354 
vn 0.00847864430397749 -0.004987381864339113 -0.0017996166134253144 
vn 0.007475776597857475 -0.006452018395066261 -0.0015761432005092502 
vn 0.005995473358780146 -0.007901282981038094 -0.001274375943467021 
vn 0.004558647517114878 -0.008846737444400787 -0.0009767073206603527 
vn 0.002870046766474843 -0.00957454089075327 -0.00030165252974256873 
vn 0.0009162852074950933 -0.009957932867109776 1.622356360364563e-9 
vn -0.0010025508236140013 -0.009949545376002789 0.00003796681630774401 
vn -0.00271808379329741 -0.00962351355701685 1.5678730536095031e-9 
vn -0.0032598229590803385 -0.009453683160245419 0.00003779303369810805 
vn -0.002633612370118499 -0.009646899066865444 0.00003778378595598042 
vn -0.0030191836412996054 -0.009522643871605396 0.00045143364695832133 
vn -0.005800685845315456 -0.008007196709513664 0.0014956067316234112 
vn -0.005942775402218103 -0.008007197640836239 0.0007537956698797643 
vn -0.003051812294870615 -0.009522643871605396 0.0000755094806663692 
vn -0.0026206152979284525 -0.009646899066865444 -0.0002640387392602861 
vn -0.0032423147931694984 -0.009453683160245419 -0.000339512771461159 
vn -0.002701294142752886 -0.00962351355701685 -0.00030164525378495455 
vn -0.0009968082886189222 -0.009949545376002789 -0.00011367649858584628 
vn 0.0009131556726060808 -0.009957932867109776 0.00007566785643575713 
vn 0.0029276630375534296 -0.009561840444803238 1.5578245360359233e-9 
vn 0.0046400027349591255 -0.008846737444400787 -0.00045343369129113853 
vn 0.006099669262766838 -0.007901282049715519 -0.0006031349184922874 
vn 0.007594911381602287 -0.006452017929404974 -0.0008299286710098386 
vn 0.008620176464319229 -0.004987381398677826 -0.0009047504863701761 
vn 0.008874146267771721 -0.0042118774726986885 -0.00187339645344764 
vn 0.009167802520096302 -0.003486266825348139 -0.00194867595564574 
vn -0.005989914759993553 -0.008007197640836239 0.0000755790970288217 
vn 0.009321272373199463 -0.003486266592517495 -0.0009797046659514308 
vn 0.009016708470880985 -0.0042118774726986885 -0.000979316420853138 
vn 0.008667527697980404 -0.004987381398677826 8.125491390842399e-10 
vn 0.007640121970325708 -0.006452017929404974 1.0511692627446223e-9 
vn 0.0061294157058000565 -0.007901282049715519 1.2872848342837528e-9 
vn 0.004662105347961187 -0.008846737444400787 1.4413193971662963e-9 
vn 0.0029120182152837515 -0.009561840444803238 0.0003022611781489104 
vn 0.0008882471011020243 -0.009957932867109776 0.00022493634605780244 
vn -0.0009853561641648412 -0.009949545376002789 -0.00018873829685617238 
vn -0.0026511317119002342 -0.00962351355701685 -0.0005995655083097517 
vn -0.0031812821980565786 -0.009453683160245419 -0.0007122610113583505 
vn -0.002573142061010003 -0.009646899066865444 -0.0005623876350000501 
vn -0.0030378142837435007 -0.009522643871605396 -0.00030156830325722694 
vn -0.005959902890026569 -0.008007197640836239 -0.0006036109407432377 
vn -0.002993164351209998 -0.009522643871605396 -0.0006001880392432213 
vn -0.005853126756846905 -0.008007197640836239 -0.001275026355870068 
vn -0.002491817343980074 -0.009646899066865444 -0.000853337871376425 
vn -0.0030775449704378843 -0.009453683160245419 -0.001075448002666235 
vn -0.002568216994404793 -0.00962351355701685 -0.0008900785469450057 
vn -0.0009456176194362342 -0.009949545376002789 -0.00033519486896693707 
vn 0.0008666383218951523 -0.009957932867109776 0.0002975189418066293 
vn 0.0028652509208768606 -0.009561840444803238 0.0006012903759256005 
vn 0.0046400027349591255 -0.008846737444400787 0.00045343657257035375 
vn 0.006099669262766838 -0.007901282049715519 0.0006031375378370285 
vn 0.007594911381602287 -0.006452017929404974 0.0008299307664856315 
vn 0.008620176464319229 -0.004987381398677826 0.0009047520579770207 
vn 0.009069735184311867 -0.0042118774726986885 6.862032608800916e-10 
vn 0.009372617118060589 -0.0034862663596868515 5.67985991573039e-10 
vn 0.009321272373199463 -0.0034862663596868515 0.000979705830104649 
vn 0.009016708470880985 -0.004211877007037401 0.000979317701421678 
vn 0.00847864430397749 -0.004987380933016539 0.00179961824323982 
vn 0.007475776597857475 -0.006452017929404974 0.001576145295985043 
vn 0.005995473358780146 -0.007901282049715519 0.0012743785046041012 
vn 0.004558647517114878 -0.008846737444400787 0.0009767102310433984 
vn 0.0027446120511740446 -0.00957454089075327 0.000891780131496489 
vn 0.0008666383218951523 -0.009957932867109776 0.0002975189418066293 
vn -0.0008842445677146316 -0.009949545376002789 -0.00047398253809660673 
vn -0.002420112956315279 -0.00962351355701685 -0.0012373480712994933 
vn -0.0029601638671010733 -0.009439349174499512 -0.0014615482650697231 
vn -0.0023442290257662535 -0.009646899066865444 -0.001200803555548191 
vn -0.0028962537180632353 -0.009522643871605396 -0.0009648686973378062 
vn -0.005694860592484474 -0.008007197640836239 -0.0018583179917186499 
vn -0.002721728989854455 -0.009522643871605396 -0.0013825510395690799 
vn -0.005415754392743111 -0.008007197640836239 -0.002560153603553772 
vn -0.0021738058421760798 -0.009635298512876034 -0.0015606373781338334 
vn -0.0027392434421926737 -0.009424833580851555 -0.0019154757028445601 
vn -0.0023019290529191494 -0.009599394164979458 -0.0015977337025105953 
vn -0.0008351239375770092 -0.00994039885699749 -0.0007007506210356951 
vn 0.000790995080024004 -0.009961840696632862 0.0003688486758619547 
vn 0.0026363604702055454 -0.00957454089075327 0.0011737848399206996 
vn 0.004442040808498859 -0.008846737444400787 0.00141545245423913 
vn 0.005817642901092768 -0.007901282049715519 0.0019299678970128298 
vn 0.007260325364768505 -0.006452017463743687 0.0023788956459611654 
vn 0.008244474418461323 -0.004987380933016539 0.002674821764230728 
vn 0.008874146267771721 -0.004211877007037401 0.00187339773401618 
vn 0.009167802520096302 -0.003486266126856208 0.0019486771197989583 
vn 0.008913888595998287 -0.003486265894025564 0.002896298421546817 
vn 0.00861998088657856 -0.004211877007037401 0.0028206428978592157 
vn 0.007920227013528347 -0.004987380933016539 0.0035208009649068117 
vn 0.006989810615777969 -0.006452017463743687 0.0030844812281429768 
vn 0.005599500145763159 -0.007901282049715519 0.0024930592626333237 
vn 0.004252865444868803 -0.008846737444400787 0.001910070306621492 
vn 0.002499224618077278 -0.00957454089075327 0.001442929613403976 
vn 0.0007085111574269831 -0.009965559467673302 0.00043085680226795375 
vn -0.0007880700286477804 -0.009935540147125721 -0.0008148567867465317 
vn -0.0021403064019978046 -0.00958705972880125 -0.0018728005234152079 
vn -0.0025784894824028015 -0.009410140104591846 -0.002191042760387063 
vn -0.001987594412639737 -0.009623514488339424 -0.0018540342571213841 
vn -0.0025122249498963356 -0.009509214200079441 -0.0018065349431708455 
vn -0.0050505525432527065 -0.008007197640836239 -0.0032212890218943357 
vn -0.0023238370195031166 -0.009509214200079441 -0.0020431894809007645 
vn -0.004719187039881945 -0.007980947382748127 -0.0037461654283106327 
vn -0.0020383649971336126 -0.009623514488339424 -0.001798066426999867 
vn -0.0025324260350316763 -0.009395265020430088 -0.0023056049831211567 
vn -0.0021446088794618845 -0.00957454089075327 -0.0019310129573568702 
vn -0.0008652681135572493 -0.009930492378771305 -0.000797897286247462 
vn 0.0005622317548841238 -0.009969087317585945 0.0005488080205395818 
vn 0.002334706485271454 -0.00957454089075327 0.0016962650697678328 
vn 0.0040469300001859665 -0.008846737444400787 0.0023146471939980984 
vn 0.005327007733285427 -0.007901282049715519 0.003031952539458871 
vn 0.006613387260586023 -0.006452017463743687 0.0038255166728049517 
vn 0.007509443908929825 -0.004987380467355251 0.00432831235229969 
vn 0.008295816369354725 -0.004211876541376114 0.003665995318442583 
vn 0.00856231153011322 -0.003486265894025564 0.0038121873512864113 
vn 0.008116924203932285 -0.0034862656611949205 0.004686309024691582 
vn 0.007851473987102509 -0.004211876541376114 0.004540313966572285 
vn 0.007016614079475403 -0.004987380467355251 0.0050885328091681 
vn 0.006203130353242159 -0.006452017463743687 0.0044601173140108585 
vn 0.004958801437169313 -0.007901282049715519 0.00360278133302927 
vn 0.0038073942996561527 -0.008826282806694508 0.002756898058578372 
vn 0.0021446088794618845 -0.00957454089075327 0.0019310161005705595 
vn 0.0005085399025119841 -0.009965559467673302 0.0006549913086928427 
vn -0.000889648450538516 -0.009935540147125721 -0.0007025467348285019 
vn -0.0020896929781883955 -0.00958705972880125 -0.0019291129428893328 
vn -0.0024779601953923702 -0.009410140104591846 -0.0023041244130581617 
vn -0.0020383649971336126 -0.009623514488339424 -0.001798066426999867 
vn -0.0023472136817872524 -0.009495602920651436 -0.0020794484298676252 
vn -0.004493433516472578 -0.007954544387757778 -0.004066236782819033 
vn -0.0022731951903551817 -0.009509214200079441 -0.0020993868820369244 
vn -0.004213536158204079 -0.007980947382748127 -0.004307040013372898 
vn -0.0017679716693237424 -0.009635298512876034 -0.00200880435295403 
vn -0.00218369672074914 -0.00942483451217413 -0.0025306062307208776 
vn -0.001850494765676558 -0.009599394164979458 -0.002104114508256316 
vn -0.0007842076011002064 -0.00994039885699749 -0.0007572988397441804 
vn 0.000436383270425722 -0.009961840696632862 0.0007558396318927407 
vn 0.001931014470756054 -0.00957454089075327 0.00214461050927639 
vn 0.003472206648439169 -0.008846737444400787 0.0031111121643334627 
vn 0.0045296926982700825 -0.007901282049715519 0.00412936182692647 
vn 0.0056819305755198 -0.006452016998082399 0.005107556935399771 
vn 0.006447121035307646 -0.004987380467355251 0.005793157033622265 
vn 0.00731532322242856 -0.004211876541376114 0.005361542571336031 
vn 0.00758260628208518 -0.003486265428364277 0.0055090864188969135 
vn 0.006965211592614651 -0.003486265428364277 0.0062715052627027035 
vn 0.006744333542883396 -0.004211876075714827 0.006064161658287048 
vn 0.005807188339531422 -0.004987380467355251 0.00643448531627655 
vn 0.005093485116958618 -0.006452016998082399 0.005694549065083265 
vn 0.0041013797745108604 -0.007901281118392944 0.004555044695734978 
vn 0.0030969916842877865 -0.008846737444400787 0.003484806977212429 
vn 0.001696263556368649 -0.00957454089075327 0.0023347081150859594 
vn 0.00043610355351120234 -0.009957932867109776 0.0008058504317887127 
vn -0.0005866305436939001 -0.009949545376002789 -0.000813886639662087 
vn -0.0014666164061054587 -0.009623514488339424 -0.0022884514182806015 
vn -0.0017586955800652504 -0.009439349174499512 -0.002793864579871297 
vn -0.0014455883065238595 -0.009646899066865444 -0.002201728755608201 
vn -0.002057356294244528 -0.009509214200079441 -0.002311304211616516 
vn -0.003684081370010972 -0.008007198572158813 -0.004723592195659876 
vn -0.0016763429157435894 -0.009522643871605396 -0.0025512990541756153 
vn -0.00312513648532331 -0.008007198572158813 -0.005110606551170349 
vn -0.0011159800924360752 -0.009646899066865444 -0.00238577532581985 
vn -0.0013386256759986281 -0.009453683160245419 -0.002972531830891967 
vn -0.0011353782610967755 -0.009623514488339424 -0.002469592960551381 
vn -0.0004571657336782664 -0.009949545376002789 -0.0008930542971938848 
vn 0.00036806758726015687 -0.009957932867109776 0.0008391112205572426 
vn 0.0014429279835894704 -0.00957454089075327 0.00249922601506114 
vn 0.002741578733548522 -0.008826282806694508 0.0038184404838830233 
vn 0.0035721659660339355 -0.007901281118392944 0.004980901721864939 
vn 0.004506027325987816 -0.006452016998082399 0.006169862113893032 
vn 0.005103806033730507 -0.004987380467355251 0.007005511783063412 
vn 0.006050116382539272 -0.004211876075714827 0.006756936199963093 
vn 0.006271504797041416 -0.0034862651955336332 0.006965212058275938 
vn 0.005509085487574339 -0.0034862651955336332 0.007582606747746468 
vn 0.005346310790628195 -0.004211876075714827 0.007326462771743536 
vn 0.004344661254435778 -0.004987380001693964 0.007499997038394213 
vn 0.003809144254773855 -0.006452016998082399 0.006622831802815199 
vn 0.0030647078529000282 -0.007901281118392944 0.005308231338858604 
vn 0.0023637511767446995 -0.008846737444400787 0.004018447361886501 
vn 0.0011595881078392267 -0.009561839513480663 0.002688228851184249 
vn 0.0002975173410959542 -0.009957932867109776 0.0008666399517096579 
vn -0.0003172414726577699 -0.009949545376002789 -0.0009517900180071592 
vn -0.0008542948053218424 -0.009623514488339424 -0.002580339554697275 
vn -0.0009858185658231378 -0.009453683160245419 -0.0031074148137122393 
vn -0.0008354448364116251 -0.009646899066865444 -0.0024978723376989365 
vn -0.001280633034184575 -0.009522643871605396 -0.002771142404526472 
vn -0.002457208000123501 -0.008007198572158813 -0.005463232286274433 
vn -0.0009289750596508384 -0.009522643871605396 -0.0029079641681164503 
vn -0.001822357065975666 -0.008007198572158813 -0.005706469528377056 
vn -0.0005439188098534942 -0.009646899066865444 -0.002577108098194003 
vn -0.0006938110454939306 -0.009453683160245419 -0.003185355570167303 
vn -0.0005626573693007231 -0.009623514488339424 -0.0026592083740979433 
vn -0.0002443500852677971 -0.009949545376002789 -0.0009730566525831819 
vn 0.00022493471624329686 -0.009957932867109776 0.0008882487309165299 
vn 0.0008758518961258233 -0.009561839513480663 0.0027935823891311884 
vn 0.0018927911296486855 -0.008846737444400787 0.004260584712028503 
vn 0.002458518138155341 -0.007901281118392944 0.0056147524155676365 
vn 0.0031362667214125395 -0.006452016998082399 0.006966729182749987 
vn 0.0035380469635128975 -0.004987380001693964 0.007912538014352322 
vn 0.004523968789726496 -0.004211876075714827 0.00786090362817049 
vn 0.004686308559030294 -0.0034862651955336332 0.00811692513525486 
vn 0.0038121866527944803 -0.0034862649627029896 0.008562312461435795 
vn 0.003717702114954591 -0.004211876075714827 0.008272774517536163 
vn 0.0026927762664854527 -0.004987380001693964 0.008238628506660461 
vn 0.002360927639529109 -0.006452016998082399 0.007266188506036997 
vn 0.0018940935842692852 -0.007901281118392944 0.005829421803355217 
vn 0.0014694343553856015 -0.008846737444400787 0.004424477927386761 
vn 0.0005827548447996378 -0.009561839513480663 0.002869079587981105 
vn 0.00007566623389720917 -0.009957932867109776 0.0009131573024205863 
vn -0.00009479403524892405 -0.009949545376002789 -0.000998779432848096 
vn -0.00026406862889416516 -0.009623514488339424 -0.0027052247896790504 
vn -0.00032071530586108565 -0.009453683160245419 -0.0032442265655845404 
vn -0.000245237082708627 -0.009646899066865444 -0.002622439991682768 
vn -0.0006371635827235878 -0.009522643871605396 -0.0029855105094611645 
vn -0.0012380785774439573 -0.008007198572158813 -0.00586105277761817 
vn -0.0002639746235217899 -0.009522643871605396 -0.0030413102358579636 
vn -0.0005660029128193855 -0.008007198572158813 -0.005963590461760759 
vn 0.00018866876780521125 -0.009522643871605396 -0.0030469088815152645 
vn 0.00011336293391650543 -0.008007198572158813 -0.005989317316561937 
vn 0.00020759378094226122 -0.009646899066865444 -0.002625688211992383 
vn 0.00018915539840236306 -0.009439349174499512 -0.0032958926167339087 
vn 0.00011331820132909343 -0.009623514488339424 -0.0027157191652804613 
vn 0.00013252149801701307 -0.009949545376002789 -0.0009944768389686942 
vn 0.00007566623389720917 -0.009957932867109776 0.0009131573024205863 
vn 0.00030165407224558294 -0.009574539959430695 0.0028700483962893486 
vn 8.965741043941915e-16 -0.009574539959430695 0.0028858575969934464 
vn 0.00050990009913221 -0.008846737444400787 0.004634138662368059 
vn 0.0009581976337358356 -0.008846737444400787 0.004562575835734606 
vn 0.0006406984757632017 -0.007901281118392944 0.006095839198678732 
vn -0.00003775687582674436 -0.007901281118392944 0.0061293006874620914 
vn -0.000018899312635767274 -0.006452016998082399 0.007640100084245205 
vn -0.000018922992239822634 -0.008846737444400787 0.00466206856071949 
vn 0.0012374212965369225 -0.007901281118392944 0.006003211252391338 
vn 0.0008111396455205977 -0.006452016998082399 0.007596942596137524 
vn 0.000018883369193645194 -0.004987380001693964 0.008667507208883762 
vn 0.0009235293255187571 -0.004987380001693964 0.008618186227977276 
vn 0.0009605554514564574 -0.004211875610053539 0.009018726646900177 
vn 0.0018549301894381642 -0.004211875610053539 0.008878025226294994 
vn 0.00097970524802804 -0.0034862649627029896 0.009321273304522038 
vn 2.9035484750577524e-15 -0.0034862649627029896 0.009372617118060589 
vn 0.000018873783119488508 -0.003321930533275008 0.009432095102965832 
vn -0.000018869795894715935 -0.004211875610053539 0.0090697156265378 
vn 0.0015576466685160995 -0.006452016998082399 0.0074796536937355995 
vn 0.001818084972910583 -0.004987380001693964 0.008474703878164291 
vn 0.002802702132612467 -0.004211876075714827 0.008625831454992294 
vn 0.0019486765377223492 -0.0034862649627029896 0.009167803451418877 
vn 0.0009984370553866029 -0.003321930533275008 0.009379120543599129 
vn 2.7641509923786913e-15 -0.004565190523862839 0.008897135965526104 
vn 0.0009049568907357752 -0.004565190523862839 0.00885099358856678 
vn 0.00003776988887693733 -0.005287245847284794 0.008487850427627563 
vn 0.0019672000780701637 -0.003321930533275008 0.009224689565598965 
vn 0.0028962979558855295 -0.0034862649627029896 0.008913888595998287 
vn 0.0029146834276616573 -0.003321930533275008 0.008970473892986774 
vn 0.0018744419794529676 -0.004565190523862839 0.008697441779077053 
vn 0.0008671944378875196 -0.005287245847284794 0.008443518541753292 
vn -0.000018887843907577917 -0.005972882267087698 0.008020243607461452 
vn 0.0008107906323857605 -0.005972882267087698 0.007979178801178932 
vn 0.000018886288671637885 -0.007155518978834152 0.006985570304095745 
vn 0.0017622774466872215 -0.005287245847284794 0.008302975445985794 
vn 0.002749366220086813 -0.004565190989524126 0.008461679331958294 
vn 0.003830638015642762 -0.003321930533275008 0.008619221858680248 
vn 0.004705155733972788 -0.003321930533275008 0.008174735121428967 
vn 0.005528777372092009 -0.003321930766105652 0.007641818840056658 
vn 0.006292592268437147 -0.003321930766105652 0.007026240695267916 
vn 0.006988339591771364 -0.0033219309989362955 0.006334658246487379 
vn 0.007652866654098034 -0.0033219309989362955 0.005513474810868502 
vn 0.008184132166206837 -0.003321931231766939 0.004688789136707783 
vn 0.008626868948340416 -0.003321931231766939 0.0038133838679641485 
vn 0.008976288139820099 -0.003321931464597583 0.002896728226915002 
vn 0.009228607639670372 -0.0033219316974282265 0.001948737888596952 
vn 0.009381099604070187 -0.0033219316974282265 0.0009796678787097335 
vn 0.009432113729417324 -0.00332193193025887 5.412124637338422e-10 
vn 0.009381099604070187 -0.0033219321630895138 -0.0009796667145565152 
vn 0.009228607639670372 -0.0033219321630895138 -0.0019487368408590555 
vn 0.008976288139820099 -0.0033219323959201574 -0.0028967270627617836 
vn 0.008626868948340416 -0.003321932628750801 -0.0038133827038109303 
vn 0.008184132166206837 -0.003321932628750801 -0.004688788205385208 
vn 0.007652866654098034 -0.0033219328615814447 -0.005513473879545927 
vn 0.006988339591771364 -0.0033219330944120884 -0.0063346573151648045 
vn 0.006292592268437147 -0.0033219330944120884 -0.007026239763945341 
vn 0.005528777372092009 -0.0033219330944120884 -0.007641817908734083 
vn 0.004705155733972788 -0.003321933327242732 -0.008174733258783817 
vn 0.0038121866527944803 -0.0034862677566707134 -0.008562310598790646 
vn 0.002802702132612467 -0.00421187886968255 -0.008625829592347145 
vn 0.0026927762664854527 -0.004987382795661688 -0.008238626644015312 
vn 0.0015576466685160995 -0.006452019326388836 -0.00747965183109045 
vn 0.0006406984757632017 -0.007901282981038094 -0.006095836870372295 
vn -0.000018922992239822634 -0.008846738375723362 -0.004662065766751766 
vn -2.9843085667159177e-16 -0.00957454089075327 -0.002885854570195079 
vn 0.00015081559831742197 -0.009957932867109776 -0.0009037866839207709 
vn -0.0001700591092230752 -0.009949545376002789 0.0009887530468404293 
vn -0.0008542948053218424 -0.00962351355701685 0.0025803425814956427 
vn -0.0013386256759986281 -0.009453682228922844 0.0029725348576903343 
vn -0.001316941692493856 -0.009646899066865444 0.0022810115478932858 
vn -0.0015481205191463232 -0.009522642940282822 0.002631081733852625 
vn -0.002457208000123501 -0.008007196709513664 0.005463235080242157 
vn -0.0012116986326873302 -0.009522642940282822 0.00280197337269783 
vn -0.001822357065975666 -0.008007196709513664 0.005706471856683493 
vn -0.0010470814304426312 -0.009646899066865444 0.0024168097879737616 
vn -0.0009858185658231378 -0.009453682228922844 0.0031074178405106068 
vn -0.0005626573693007231 -0.00962351355701685 0.0026592116337269545 
vn -0.00001898599657579325 -0.009949545376002789 0.0010030913399532437 
vn 0.00007606661529280245 -0.009961841627955437 -0.0008694437565281987 
vn -0.00030165407224558294 -0.00957454089075327 -0.0028700451366603374 
vn -0.00047226465540006757 -0.008846738375723362 -0.004638122860342264 
vn -0.00003775687582674436 -0.007901282981038094 -0.006129297893494368 
vn 0.0008111396455205977 -0.006452019326388836 -0.007596940733492374 
vn 0.001818084972910583 -0.004987382795661688 -0.008474702946841717 
vn 0.0018549301894381642 -0.00421187886968255 -0.00887802429497242 
vn 0.0028962979558855295 -0.003486267989501357 -0.008913887664675713 
vn 0.003830638015642762 -0.003321933327242732 -0.008619220927357674 
vn 0.004470357671380043 -0.004565193317830563 -0.007692523300647736 
vn 0.00522960489615798 -0.004565193317830563 -0.00719793327152729 
vn 0.0059346086345613 -0.004565193317830563 -0.006628682371228933 
vn 0.006628683302551508 -0.004565193317830563 -0.005934607703238726 
vn 0.007197933737188578 -0.004565192852169275 -0.005229603964835405 
vn 0.00769252423197031 -0.004565192852169275 -0.004470356740057468 
vn 0.008138147182762623 -0.004565192852169275 -0.0035957717336714268 
vn 0.00846167840063572 -0.004565192386507988 -0.002749365521594882 
vn 0.008697440847754478 -0.004565192386507988 -0.0018744411645457149 
vn 0.008850992657244205 -0.004565192386507988 -0.0009049561922438443 
vn 0.00889713503420353 -0.004565192386507988 7.437656601716469e-10 
vn 0.008850992657244205 -0.004565191920846701 0.0009049576474353671 
vn 0.008697440847754478 -0.004565191920846701 0.0018744426779448986 
vn 0.00846167840063572 -0.004565191920846701 0.002749366918578744 
vn 0.008138147182762623 -0.004565191455185413 0.0035957731306552887 
vn 0.00769252423197031 -0.004565191455185413 0.00447035813704133 
vn 0.007197933737188578 -0.004565191455185413 0.005229605361819267 
vn 0.006628683302551508 -0.004565190989524126 0.005934609100222588 
vn 0.0059346086345613 -0.004565190989524126 0.006628683768212795 
vn 0.00522960489615798 -0.004565190989524126 0.007197934668511152 
vn 0.004470357671380043 -0.004565190989524126 0.007692525163292885 
vn 0.0035957724321633577 -0.004565190989524126 0.008138148114085197 
vn 0.0026372799184173346 -0.005287245847284794 0.008067823946475983 
vn 0.0017056689830496907 -0.005972882267087698 0.007836795412003994 
vn 0.0006976286531426013 -0.007155518978834152 0.006950673647224903 
vn 1.5509062091151912e-15 -0.008656609803438187 0.005006306804716587 
vn 0.0005283145001158118 -0.008656609803438187 0.004978352226316929 
vn -0.000018934921172331087 -0.00965831521898508 0.002591639757156372 
vn 0.0014437645440921187 -0.007155518978834152 0.006834771018475294 
vn 0.0025071222335100174 -0.005972882267087698 0.007618334144353867 
vn 0.0034822318702936172 -0.005287245847284794 0.007740742061287165 
vn 0.004222141578793526 -0.005287246312946081 0.007363324519246817 
vn 0.004982968792319298 -0.005287246312946081 0.006871320772916079 
vn 0.005687016993761063 -0.005287246312946081 0.006301020737737417 
vn 0.0063262637704610825 -0.005287246312946081 0.005658923182636499 
vn 0.006849078461527824 -0.005287246312946081 0.0050134966149926186 
vn 0.007344462908804417 -0.0052872467786073685 0.004254866391420364 
vn 0.007756160106509924 -0.0052872467786073685 0.003447753144428134 
vn 0.00807947851717472 -0.0052872467786073685 0.002601354382932186 
vn 0.008295050822198391 -0.0052872467786073685 0.0017992077628150582 
vn 0.008439574390649796 -0.005287247244268656 0.0009047589846886694 
vn 0.008487933315336704 -0.005287247244268656 8.614036151044502e-10 
vn 0.008439574390649796 -0.005287247244268656 -0.000904757238458842 
vn 0.008295050822198391 -0.005287247709929943 -0.0017992060165852308 
vn 0.00807947851717472 -0.005287247709929943 -0.0026013527531176805 
vn 0.007756160106509924 -0.005287247709929943 -0.0034477515146136284 
vn 0.007344462908804417 -0.00528724817559123 -0.004254864528775215 
vn 0.006849078461527824 -0.00528724817559123 -0.005013494752347469 
vn 0.0063262637704610825 -0.00528724817559123 -0.00565892131999135 
vn 0.005687016993761063 -0.00528724817559123 -0.006301018875092268 
vn 0.004982968792319298 -0.005287248641252518 -0.006871319375932217 
vn 0.004222141578793526 -0.005287248641252518 -0.007363322656601667 
vn 0.0035957724321633577 -0.004565193317830563 -0.008138147182762623 
vn 0.0029146834276616573 -0.003321933327242732 -0.0089704729616642 
vn 0.0019486765377223492 -0.003486267989501357 -0.009167802520096302 
vn 0.0009605554514564574 -0.00421187886968255 -0.009018725715577602 
vn 0.0009235293255187571 -0.004987382795661688 -0.008618184365332127 
vn -0.000018899312635767274 -0.006452019326388836 -0.007640097755938768 
vn -0.0006406984757632017 -0.007901282981038094 -0.006095836870372295 
vn -0.0009952037362381816 -0.008846738375723362 -0.004554644227027893 
vn -0.0006000031717121601 -0.00957454089075327 -0.0028227914590388536 
vn 0.000018875953173846938 -0.009965559467673302 -0.0008290146361105144 
vn 0.0001893072185339406 -0.009940397925674915 0.00107361632399261 
vn -0.00018876633839681745 -0.00962351355701685 0.0027115228585898876 
vn -0.0006197781185619533 -0.009453682228922844 0.0032005873508751392 
vn -0.0008354448364116251 -0.009646899066865444 0.002497875364497304 
vn -0.0009289750596508384 -0.009522642940282822 0.0029079674277454615 
vn -0.0012380785774439573 -0.008007196709513664 0.005861055571585894 
vn -0.0005631237290799618 -0.009522642940282822 0.0030003602150827646 
vn -0.0004907181719318032 -0.008007196709513664 0.005970260128378868 
vn -0.0004697669646702707 -0.009646899066865444 0.002591653959825635 
vn -0.00018915539840236306 -0.009439348243176937 0.00329589587636292 
vn 0.00024526254856027663 -0.009599394164979458 0.002791323931887746 
vn 0.0002627912617754191 -0.009935540147125721 0.001102720620110631 
vn -0.00013227475574240088 -0.00996908824890852 -0.000774463580455631 
vn -0.0008917785598896444 -0.00957454089075327 -0.0027446106541901827 
vn -0.001433469238691032 -0.008846738375723362 -0.004436257760971785 
vn -0.0012374212965369225 -0.007901282981038094 -0.0060032084584236145 
vn -0.0007735448307357728 -0.006452019326388836 -0.007600860204547644 
vn 0.000018883369193645194 -0.004987382795661688 -0.008667505346238613 
vn -0.000018869795894715935 -0.00421187886968255 -0.009069714695215225 
vn 0.00097970524802804 -0.003486267989501357 -0.009321271441876888 
vn 0.0019672000780701637 -0.0033219335600733757 -0.00922468863427639 
vn 0.002749366220086813 -0.004565193317830563 -0.008461677469313145 
vn 0.0034822318702936172 -0.005287248641252518 -0.007740740664303303 
vn 0.004021032713353634 -0.005972885061055422 -0.006939448416233063 
vn 0.004717249423265457 -0.0059728845953941345 -0.006486308760941029 
vn 0.0053628613241016865 -0.0059728845953941345 -0.005963586736470461 
vn 0.005950941238552332 -0.0059728845953941345 -0.005376889370381832 
vn 0.006475182715803385 -0.0059728845953941345 -0.004732510540634394 
vn 0.00692996010184288 -0.005972884129732847 -0.004037362989038229 
vn 0.007341146469116211 -0.005972884129732847 -0.003229894209653139 
vn 0.007635855581611395 -0.005972884129732847 -0.002453235210850835 
vn 0.0078486492857337 -0.005972884129732847 -0.001650258549489081 
vn 0.007977246306836605 -0.00597288366407156 -0.0008295784937217832 
vn 0.008020265959203243 -0.00597288366407156 9.73108149615598e-10 
vn 0.007977246306836605 -0.00597288366407156 0.0008295804145745933 
vn 0.0078486492857337 -0.00597288366407156 0.0016502604121342301 
vn 0.007635855581611395 -0.005972883198410273 0.002453237073495984 
vn 0.007341146469116211 -0.005972883198410273 0.003229896305128932 
vn 0.00692996010184288 -0.005972883198410273 0.0040373653173446655 
vn 0.006475182715803385 -0.005972882732748985 0.004732512403279543 
vn 0.005950941238552332 -0.005972882732748985 0.005376891233026981 
vn 0.0053628613241016865 -0.005972882732748985 0.00596358859911561 
vn 0.004717249423265457 -0.005972882732748985 0.006486310623586178 
vn 0.004021032713353634 -0.005972882732748985 0.006939450278878212 
vn 0.003281679702922702 -0.005972882732748985 0.0073181455954909325 
vn 0.0021730319131165743 -0.0071555194444954395 0.006639012135565281 
vn 0.001050728838890791 -0.008656609803438187 0.004894800949841738 
vn 0.00028345815371721983 -0.00965831521898508 0.002576161175966263 
vn 0.0001331564853899181 -0.009953834116458893 0.0009505064808763564 
vn -0.00001908265403471887 -0.009953834116458893 0.0009595983428880572 
vn 0.0002082533173961565 -0.009953834116458893 0.0009369224426336586 
vn 0.0005079382099211216 -0.00965831521898508 0.0025414470583200455 
vn 0.0015614090953022242 -0.008656609803438187 0.004756585694849491 
vn 0.0002820335212163627 -0.009953834116458893 0.0009174149599857628 
vn 0.0008008815930224955 -0.00965831521898508 0.0024648618418723345 
vn 0.000354030606104061 -0.009953834116458893 0.0008921072585508227 
vn 0.0010828935774043202 -0.00965831521898508 0.002354632830247283 
vn 0.0004908688133582473 -0.009953834116458893 0.000824766990263015 
vn 0.0020546517334878445 -0.008656609803438187 0.0045652505941689014 
vn 0.002807901706546545 -0.0071555194444954395 0.006396423559635878 
vn 0.003481887513771653 -0.0071555194444954395 0.0060559893026947975 
vn 0.0025249486789107323 -0.008656609803438187 0.004322931636124849 
vn 0.004115191753953695 -0.0071555194444954395 0.0056447978131473064 
vn 0.004700414836406708 -0.0071555194444954395 0.005167654249817133 
vn 0.00518034165725112 -0.0071555194444954395 0.004686427302658558 
vn 0.005655901972204447 -0.0071555194444954395 0.0040999166667461395 
vn 0.006065379362553358 -0.007155519910156727 0.0034655032213777304 
vn 0.006373437587171793 -0.007155519910156727 0.002859690459445119 
vn 0.006644861772656441 -0.007155519910156727 0.002155076013877988 
vn 0.006838648114353418 -0.007155519910156727 0.0014252819819375873 
vn 0.006944785825908184 -0.007155520375818014 0.0007539818761870265 
vn 0.006985594518482685 -0.007155520375818014 1.1657845799817323e-9 
vn 0.006944785825908184 -0.007155520375818014 -0.00075397954788059 
vn 0.006838648114353418 -0.007155520375818014 -0.0014252796536311507 
vn 0.006644861772656441 -0.0071555208414793015 -0.0021550736855715513 
vn 0.006373437587171793 -0.0071555208414793015 -0.0028596881311386824 
vn 0.006065379362553358 -0.0071555208414793015 -0.003465500893071294 
vn 0.005655901972204447 -0.0071555208414793015 -0.004099914338439703 
vn 0.00518034165725112 -0.007155521307140589 -0.004686424974352121 
vn 0.004700414836406708 -0.007155521307140589 -0.005167651921510696 
vn 0.004115191753953695 -0.007155521307140589 -0.00564479548484087 
vn 0.003481887513771653 -0.007155521307140589 -0.006055986974388361 
vn 0.003281679702922702 -0.005972885061055422 -0.007318143267184496 
vn 0.0026372799184173346 -0.005287248641252518 -0.008067822083830833 
vn 0.0018744419794529676 -0.00456519378349185 -0.008697440847754478 
vn 0.0009984370553866029 -0.0033219335600733757 -0.009379119612276554 
vn -9.6923693165352e-16 -0.003486267989501357 -0.009372616186738014 
vn -0.0009230198920704424 -0.00421187886968255 -0.00902264378964901 
vn -0.000885968969669193 -0.004987382795661688 -0.008622126653790474 
vn -0.001594632281921804 -0.006452019326388836 -0.007471853867173195 
vn -0.0018940935842692852 -0.007901282981038094 -0.0058294194750487804 
vn -0.0019273150246590376 -0.008846738375723362 -0.0042450763285160065 
vn -0.0011737833265215158 -0.00957454089075327 -0.0026363590732216835 
vn -0.0002786059631034732 -0.00996908824890852 -0.0007346218917518854 
vn 0.00031994428718462586 -0.00993049144744873 0.0011326830135658383 
vn 0.0005269599496386945 -0.009587058797478676 0.0027947488706558943 
vn 0.00026413469458930194 -0.00942483264952898 0.003332079155370593 
vn -0.00009443853195989504 -0.009646899066865444 0.002632191637530923 
vn -0.00011324745719321072 -0.009522642940282822 0.00305064651183784 
vn 0.0002644433407112956 -0.008007196709513664 0.005984553135931492 
vn 0.00024560600286349654 -0.009509213268756866 0.003084563883021474 
vn 0.0008472917834296823 -0.007980945520102978 0.0059654503129422665 
vn 0.00026465009432286024 -0.00963529758155346 0.002662892220541835 
vn 0.0006206556572578847 -0.009410139173269272 0.0033262711949646473 
vn 0.0007469144184142351 -0.009574539959430695 0.0027875241357833147 
vn 0.00031891203252598643 -0.009925254620611668 0.0011779754422605038 
vn -0.00041461558430455625 -0.009965559467673302 -0.0007181336404755712 
vn -0.0014429279835894704 -0.00957454089075327 -0.0024992229882627726 
vn -0.0023310526739805937 -0.008846738375723362 -0.004037500359117985 
vn -0.0025275032967329025 -0.007901282981038094 -0.005584035534411669 
vn -0.0023968471214175224 -0.006452019326388836 -0.007254417520016432 
vn -0.0017811412690207362 -0.004987382795661688 -0.008482543751597404 
vn -0.0018918558489531279 -0.00421187886968255 -0.008870229125022888 
vn -0.00097970524802804 -0.003486267989501357 -0.009321271441876888 
vn 0.000018873783119488508 -0.0033219335600733757 -0.009432094171643257 
vn 0.0009049568907357752 -0.00456519378349185 -0.00885099172592163 
vn 0.0017622774466872215 -0.005287248641252518 -0.008302973583340645 
vn 0.0025071222335100174 -0.005972885061055422 -0.007618332281708717 
vn 0.002807901706546545 -0.007155521307140589 -0.006396421231329441 
vn 0.0025249486789107323 -0.008656611666083336 -0.0043229288421571255 
vn 0.0029670479707419872 -0.008656611666083336 -0.004032332915812731 
vn 0.003376011736690998 -0.008656611666083336 -0.0036967049818485975 
vn 0.0036967063788324594 -0.008656611666083336 -0.003376010339707136 
vn 0.004032334312796593 -0.008656611666083336 -0.0029670465737581253 
vn 0.004322930239140987 -0.008656611666083336 -0.0025249472819268703 
vn 0.0045652491971850395 -0.008656610734760761 -0.0020546503365039825 
vn 0.004756584297865629 -0.008656610734760761 -0.0015614076983183622 
vn 0.004894799552857876 -0.008656610734760761 -0.001050727441906929 
vn 0.004978350829333067 -0.008656610734760761 -0.0005283131031319499 
vn 0.005006305407732725 -0.008656610734760761 1.4103437306900446e-9 
vn 0.004978350829333067 -0.008656610734760761 0.0005283158970996737 
vn 0.004894799552857876 -0.008656610734760761 0.0010507302358746529 
vn 0.004756584297865629 -0.008656610734760761 0.001561410492286086 
vn 0.0045652491971850395 -0.008656610734760761 0.0020546531304717064 
vn 0.004322930239140987 -0.008656610734760761 0.002524950075894594 
vn 0.004032334312796593 -0.008656610734760761 0.002967049367725849 
vn 0.0036967063788324594 -0.008656610734760761 0.0033760133665055037 
vn 0.003376011736690998 -0.008656609803438187 0.0036967077758163214 
vn 0.0029670479707419872 -0.008656609803438187 0.004032335709780455 
vn 0.0012849061749875546 -0.00965831521898508 0.002250771038234234 
vn 0.0005548449116759002 -0.009953834116458893 0.0007831600960344076 
vn 0.0015386453596875072 -0.00965831521898508 0.002085551153868437 
vn 0.0006153129506856203 -0.009953834116458893 0.0007366019417531788 
vn 0.0017153467051684856 -0.00965831521898508 0.0019428172381594777 
vn 0.0019302315777167678 -0.00965831521898508 0.001729496638290584 
vn 0.0021187702659517527 -0.00965831521898508 0.001492569805122912 
vn 0.002241321839392185 -0.00965831521898508 0.0013013174757361412 
vn 0.002377798780798912 -0.00965831521898508 0.0010310302022844553 
vn 0.0024589430540800095 -0.00965831521898508 0.0008188700303435326 
vn 0.0025376668199896812 -0.00965831521898508 0.0005264939391054213 
vn 0.002574020065367222 -0.00965831521898508 0.00030227351817302406 
vn 0.0025917075108736753 -0.00965831521898508 1.5735424074847515e-9 
vn 0.002574020065367222 -0.00965831521898508 -0.00030227037495933473 
vn 0.0025376668199896812 -0.00965831521898508 -0.000526490795891732 
vn 0.0024589430540800095 -0.00965831521898508 -0.0008188668289221823 
vn 0.002377798780798912 -0.00965831521898508 -0.001031027059070766 
vn 0.002241321839392185 -0.00965831521898508 -0.0013013143325224519 
vn 0.0021187702659517527 -0.00965831521898508 -0.0014925666619092226 
vn 0.0019302315777167678 -0.00965831521898508 -0.0017294934950768948 
vn 0.0017153467051684856 -0.00965831521898508 -0.0019428140949457884 
vn 0.0015386453596875072 -0.00965831521898508 -0.0020855481270700693 
vn 0.0012849061749875546 -0.00965831521898508 -0.0022507677786052227 
vn 0.0020546517334878445 -0.008656611666083336 -0.004565247800201178 
vn 0.0021730319131165743 -0.007155521307140589 -0.006639009807258844 
vn 0.0016317712143063545 -0.005972885061055422 -0.00785251334309578 
vn 0.0008671944378875196 -0.005287248641252518 -0.008443516679108143 
vn -9.200666690654079e-16 -0.00456519378349185 -0.008897134102880955 
vn -0.0009608936379663646 -0.0033219335600733757 -0.009383040480315685 
vn -0.0019486765377223492 -0.003486267989501357 -0.009167802520096302 
vn -0.0028385703917592764 -0.00421187886968255 -0.00861409306526184 
vn -0.0026568532921373844 -0.004987382795661688 -0.00825028121471405 
vn -0.0031017614528536797 -0.006452019326388836 -0.006982157938182354 
vn -0.0030647078529000282 -0.007901282981038094 -0.005308228544890881 
vn -0.0027721701189875603 -0.008826283738017082 -0.003796286415308714 
vn -0.001696263556368649 -0.00957454089075327 -0.0023347048554569483 
vn -0.0005005983402952552 -0.009961841627955437 -0.0007149268640205264 
vn 0.0002627912617754191 -0.009935540147125721 0.001102720620110631 
vn 0.0007469144184142351 -0.009574539959430695 0.0027875241357833147 
vn 0.0008407296263612807 -0.009395264089107513 0.003319967770949006 
vn 0.0005626573693007231 -0.00962351355701685 0.0026592116337269545 
vn 0.0006198947667144239 -0.009509213268756866 0.0030315984040498734 
vn 0.0013485070085152984 -0.007954542525112629 0.005908195860683918 
vn 0.0008238096488639712 -0.009495601989328861 0.0030257017351686954 
vn 0.0017862560926005244 -0.007954542525112629 0.005790901370346546 
vn 0.0007095727487467229 -0.00962351355701685 0.002623832318931818 
vn 0.0009137122542597353 -0.009395264089107513 0.0033006274607032537 
vn 0.0008932321798056364 -0.009587058797478676 0.0027000820264220238 
vn 0.0004083874518983066 -0.009940397925674915 0.0010107960551977158 
vn -0.0005627940408885479 -0.009957932867109776 -0.0007230761693790555 
vn -0.001931014470756054 -0.00957454089075327 -0.0021446074824780226 
vn -0.0031251786276698112 -0.008846738375723362 -0.0034595488104969263 
vn -0.0035721659660339355 -0.007901282981038094 -0.004980898927897215 
vn -0.0038418632466346025 -0.006452019326388836 -0.006603903137147427 
vn -0.0035035365726798773 -0.004987382795661688 -0.007927877828478813 
vn -0.0036832464393228292 -0.004211878404021263 -0.008288170211017132 
vn -0.0028962979558855295 -0.003486267989501357 -0.008913887664675713 
vn -0.0019302669679746032 -0.0033219335600733757 -0.00923248752951622 
vn -0.0009049568907357752 -0.00456519378349185 -0.00885099172592163 
vn 0.00003776988887693733 -0.005287248641252518 -0.008487848564982414 
vn 0.0008107906323857605 -0.005972885061055422 -0.007979176938533783 
vn 0.0014437645440921187 -0.007155521307140589 -0.006834768690168858 
vn 0.0015614090953022242 -0.008656611666083336 -0.004756582900881767 
vn 0.0010828935774043202 -0.00965831521898508 -0.0023546298034489155 
vn 0.0004237894027028233 -0.009953834116458893 -0.0008611560915596783 
vn 0.0004908688133582473 -0.009953834116458893 -0.0008247637306340039 
vn 0.0005548449116759002 -0.009953834116458893 -0.0007831568364053965 
vn 0.0006153129506856203 -0.009953834116458893 -0.0007365986821241677 
vn 0.0007242208812385798 -0.009953834116458893 -0.0006298350053839386 
vn 0.0007719721761532128 -0.009953834116458893 -0.0005703044589608908 
vn 0.0008148427587002516 -0.009953834116458893 -0.0005071683553978801 
vn 0.0008848903235048056 -0.009953834116458893 -0.0003716959909070283 
vn 0.000911624520085752 -0.009953834116458893 -0.00030021631391718984 
vn 0.0009325950522907078 -0.009953834116458893 -0.00022683857241645455 
vn 0.000956752453930676 -0.009953834116458893 -0.0000762535710236989 
vn 0.0009597864700481296 -0.009953834116458893 1.621688561215251e-9 
vn 0.000956752453930676 -0.009953834116458893 0.00007625681610079482 
vn 0.0009325950522907078 -0.009953834116458893 0.00022684181749355048 
vn 0.000911624520085752 -0.009953834116458893 0.000300219573546201 
vn 0.0008848903235048056 -0.009953834116458893 0.00037169925053603947 
vn 0.0008148427587002516 -0.009953834116458893 0.0005071715568192303 
vn 0.0007719721761532128 -0.009953834116458893 0.0005703077185899019 
vn 0.0007242208812385798 -0.009953834116458893 0.0006298382650129497 
vn -0.000790995080024004 -0.009961840696632862 0.0003688486758619547 
vn -0.0026363604702055454 -0.00957454089075327 0.0011737848399206996 
vn -0.0027446120511740446 -0.00957454089075327 0.000891780131496489 
vn -0.0042682308703660965 -0.008846737444400787 0.0018754837801679969 
vn -0.004028006922453642 -0.008846737444400787 0.0023474227637052536 
vn -0.002499224618077278 -0.00957454089075327 0.001442929613403976 
vn -0.0037851205561310053 -0.008826282806694508 0.0027874005027115345 
vn -0.0023595986422151327 -0.009561840444803238 0.0017330640694126487 
vn -0.0007670833147130907 -0.009957932867109776 0.000501162139698863 
vn -0.0008058488601818681 -0.009957932867109776 0.0004361051833257079 
vn 0.0009576246957294643 -0.009949545376002789 -0.00029917119536548853 
vn 0.001079567358829081 -0.009940397925674915 -0.00015172167331911623 
vn -0.0007874707807786763 -0.009965559467673302 0.00025983620434999466 
vn -0.0028227930888533592 -0.00957454089075327 0.0006000047433190048 
vn -0.004430404398590326 -0.008846737444400787 0.0014514651848003268 
vn -0.005817642901092768 -0.007901282049715519 0.0019299678970128298 
vn -0.005599500145763159 -0.007901282049715519 0.0024930592626333237 
vn -0.005327007733285427 -0.007901282049715519 0.003031952539458871 
vn -0.004958801437169313 -0.007901282049715519 0.00360278133302927 
vn -0.003446836955845356 -0.008846737444400787 0.003139195963740349 
vn -0.0021680633071810007 -0.009561839513480663 0.0019674142822623253 
vn -0.0007230777991935611 -0.009957932867109776 0.0005627956707030535 
vn 0.0008656749851070344 -0.009949545376002789 -0.0005071041523478925 
vn 0.0025424817577004433 -0.00962351355701685 -0.0009611261775717139 
vn 0.0027199566829949617 -0.009599394164979458 -0.0006734007620252669 
vn 0.0028188324067741632 -0.009587058797478676 -0.00037746899761259556 
vn 0.0011310683330520988 -0.009935540147125721 -0.00007571449532406405 
vn 0.002926684683188796 -0.009561840444803238 -0.00007568980072392151 
vn 0.0012203799560666084 -0.009925254620611668 1.6170323968722755e-9 
vn -0.0007774353143759072 -0.00996908824890852 0.00011352377623552456 
vn 0.003421434434130788 -0.009395264089107513 -0.00015095600974746048 
vn 0.003353273030370474 -0.009410139173269272 -0.0004525940748862922 
vn 0.0032575211953371763 -0.009424833580851555 -0.0007490412681363523 
vn 0.0030382899567484856 -0.009453683160245419 -0.0011818063212558627 
vn 0.0023847816046327353 -0.009623514488339424 -0.0013041445054113865 
vn 0.0008248439407907426 -0.009949545376002789 -0.0005711217527277768 
vn -0.0006741329561918974 -0.009957932867109776 0.0006205847603268921 
vn -0.001931014470756054 -0.00957454089075327 0.00214461050927639 
vn -0.0031251786276698112 -0.008846737444400787 0.00345955160446465 
vn -0.0045296926982700825 -0.007901282049715519 0.00412936182692647 
vn -0.006180988624691963 -0.006452017463743687 0.00449075223878026 
vn -0.0066322325728833675 -0.006452017463743687 0.00379275088198483 
vn -0.006974464748054743 -0.006452017463743687 0.003119024680927396 
vn -0.007272005546838045 -0.006452017463743687 0.0023429470602422953 
vn -0.0074678873643279076 -0.006452017929404974 0.0016131114680320024 
vn -0.005995473358780146 -0.007901282049715519 0.0012743785046041012 
vn -0.004566425923258066 -0.008846737444400787 0.0009396722307428718 
vn -0.002870046766474843 -0.00957454089075327 0.0003016556438524276 
vn -0.0007411297410726547 -0.009972425177693367 -0.00003820146594080143 
vn 0.0012637354666367173 -0.009919826872646809 1.6161481042331616e-9 
vn 0.0029276630375534296 -0.009561840444803238 1.5578245360359233e-9 
vn 0.0034247629810124636 -0.009395264089107513 1.5306859113550786e-9 
vn 0.0027601069305092096 -0.00961154606193304 1.5659226137998417e-9 
vn 0.002759068040177226 -0.00961154606193304 -0.00007571933383587748 
vn 0.002701294142752886 -0.00962351355701685 -0.00030164525378495455 
vn 0.0026236630510538816 -0.009635298512876034 -0.0005267038359306753 
vn 0.0024793201591819525 -0.009646899066865444 -0.0008889944292604923 
vn 0.002845065901055932 -0.009453683160245419 -0.0015916875563561916 
vn 0.0021810736507177353 -0.009623514488339424 -0.0016220029210671782 
vn 0.0007292689406313002 -0.009949545376002789 -0.0006889949436299503 
vn -0.0006205831305123866 -0.009957932867109776 0.0006741345277987421 
vn -0.001696263556368649 -0.00957454089075327 0.0023347081150859594 
vn -0.0027721701189875603 -0.008826282806694508 0.0037962892092764378 
vn -0.0041013797745108604 -0.007901281118392944 0.004555044695734978 
vn -0.005656592082232237 -0.006452016998082399 0.005135605111718178 
vn -0.00699437502771616 -0.004987380467355251 0.00511905737221241 
vn -0.007490513380616903 -0.004987380467355251 0.004360991530120373 
vn -0.007904810830950737 -0.004987380933016539 0.0035552778281271458 
vn -0.008232741616666317 -0.004987380933016539 0.0027107198256999254 
vn -0.00847072247415781 -0.004987380933016539 0.0018365448340773582 
vn -0.00861615315079689 -0.004987381398677826 0.0009423038573004305 
vn -0.007598924450576305 -0.006452017929404974 0.0007923457305878401 
vn -0.006099669262766838 -0.007901282049715519 0.0006031375378370285 
vn -0.004636168945580721 -0.008846737444400787 0.0004910878487862647 
vn -0.0028858559671789408 -0.00957454089075327 1.559894324820732e-9 
vn -0.0007774353143759072 -0.00996908824890852 -0.00011352052388247102 
vn 0.0012203799560666084 -0.009925254620611668 1.6170323968722755e-9 
vn 0.002926684683188796 -0.009561840444803238 0.00007569292210973799 
vn 0.003421434434130788 -0.009395264089107513 0.00015095906564965844 
vn 0.002759068040177226 -0.00961154606193304 0.00007572246977360919 
vn 0.0031358450651168823 -0.009495602920651436 1.5470330572142643e-9 
vn 0.0031349293421953917 -0.009495602920651436 -0.00007577221549581736 
vn 0.003071234794333577 -0.009509214200079441 -0.0003773104108404368 
vn 0.003019721247255802 -0.009509214200079441 -0.0006753737106919289 
vn 0.0028449934907257557 -0.009522643871605396 -0.0011069185566157103 
vn 0.0026500264648348093 -0.009522643871605396 -0.0015154589200392365 
vn 0.002290397183969617 -0.009646899066865444 -0.0013005456421524286 
vn 0.00264186505228281 -0.009453683160245419 -0.0019100831123068929 
vn 0.001987594412639737 -0.009623514488339424 -0.0018540342571213841 
vn 0.0006170091219246387 -0.009949545376002789 -0.000791104685049504 
vn -0.0005610035150311887 -0.009961840696632862 0.0006685795378871262 
vn -0.0014429279835894704 -0.00957454089075327 0.00249922601506114 
vn -0.0023310526739805937 -0.008846737444400787 0.004037503153085709 
vn -0.0036332577001303434 -0.007901281118392944 0.00493651581928134 
vn -0.0051215956918895245 -0.006452016998082399 0.0056692794896662235 
vn -0.0064218174666166306 -0.004987380467355251 0.005821193568408489 
vn -0.006719042081385851 -0.004211876075714827 0.006092173047363758 
vn -0.0073375697247684 -0.004211876541376114 0.005331056658178568 
vn -0.007870298810303211 -0.004211876541376114 0.004507604520767927 
vn -0.008280490525066853 -0.004211876541376114 0.003700482891872525 
vn -0.008631642907857895 -0.004211877007037401 0.00278475065715611 
vn -0.00886627472937107 -0.004211877007037401 0.0019103072118014097 
vn -0.00902070477604866 -0.004211877007037401 0.0009417904075235128 
vn -0.008667444810271263 -0.004987381398677826 -0.00003776583616854623 
vn -0.0076400283724069595 -0.006452017929404974 0.00003779956023208797 
vn -0.0061294157058000565 -0.007901282049715519 1.28728605552908e-9 
vn -0.004661952145397663 -0.008846737444400787 -0.00003784423097386025 
vn -0.002870046766474843 -0.00957454089075327 -0.00030165252974256873 
vn -0.0007874707807786763 -0.009965559467673302 -0.00025983297382481396 
vn 0.0011310683330520988 -0.009935540147125721 0.00007571773312520236 
vn 0.0028188324067741632 -0.009587058797478676 0.00037747211172245443 
vn 0.003353273030370474 -0.009410139173269272 0.00045259715989232063 
vn 0.002701294142752886 -0.00962351355701685 0.0003016483969986439 
vn 0.0031349293421953917 -0.009495602920651436 0.00007577530777780339 
vn 0.006060134619474411 -0.007954543456435204 1.2959622264219206e-9 
vn 0.00600827019661665 -0.007980947382748127 -0.00045296267489902675 
vn 0.005945418495684862 -0.007980947382748127 -0.0009780011605471373 
vn 0.005761103704571724 -0.008007197640836239 -0.0016414851415902376 
vn 0.005538008641451597 -0.008007197640836239 -0.0022836909629404545 
vn 0.005206623114645481 -0.008007197640836239 -0.0029624078888446093 
vn 0.004837428219616413 -0.008007197640836239 -0.0035332804545760155 
vn 0.0024873572401702404 -0.009522643871605396 -0.0017698329174891114 
vn 0.004405926913022995 -0.008007197640836239 -0.004058643244206905 
vn 0.0021264059469103813 -0.009646899066865444 -0.001554263406433165 
vn 0.0024032003711909056 -0.009453683160245419 -0.002202837960794568 
vn 0.00171152432449162 -0.009623514488339424 -0.002111553680151701 
vn 0.0004779020673595369 -0.00994039885699749 -0.0009798428509384394 
vn -0.00047820128384046257 -0.009965559467673302 0.0006774584762752056 
vn -0.0011737833265215158 -0.009574539959430695 0.002636362100020051 
vn -0.0019273150246590376 -0.008846737444400787 0.00424507912248373 
vn -0.0030647078529000282 -0.007901281118392944 0.005308231338858604 
vn -0.004475447349250317 -0.006452016998082399 0.006192079745233059 
vn -0.005779096391052008 -0.004987380467355251 0.006459727883338928 
vn -0.0060781799256801605 -0.004211876075714827 0.006731703411787748 
vn -0.006965211592614651 -0.003486265428364277 0.0062715052627027035 
vn -0.00758260628208518 -0.003486265428364277 0.0055090864188969135 
vn -0.008116924203932285 -0.0034862656611949205 0.004686309024691582 
vn -0.00856231153011322 -0.003486265894025564 0.0038121873512864113 
vn -0.008913888595998287 -0.003486265894025564 0.002896298421546817 
vn -0.009167802520096302 -0.003486266126856208 0.0019486771197989583 
vn -0.009321272373199463 -0.0034862663596868515 0.000979705830104649 
vn -0.009372617118060589 -0.0034862663596868515 5.679879344633321e-10 
vn -0.009069656021893024 -0.0042118774726986885 -0.000037738824175903574 
vn -0.00861615315079689 -0.004987381398677826 -0.000942302227485925 
vn -0.007598924450576305 -0.006452017929404974 -0.0007923436351120472 
vn -0.006099669262766838 -0.007901282049715519 -0.0006031349184922874 
vn -0.004636168945580721 -0.008846737444400787 -0.0004910849966108799 
vn -0.0028227930888533592 -0.00957454089075327 -0.0006000016583129764 
vn -0.000790995080024004 -0.009961841627955437 -0.000368845445336774 
vn 0.001079567358829081 -0.009940397925674915 0.00015172491839621216 
vn 0.0027199566829949617 -0.009599394164979458 0.0006734039052389562 
vn 0.0032575211953371763 -0.009424833580851555 0.0007490442949347198 
vn 0.0026236630510538816 -0.009635298512876034 0.0005267069791443646 
vn 0.003071234794333577 -0.009509214200079441 0.0003773135249502957 
vn 0.00600827019661665 -0.007980946451425552 0.0004529652651399374 
vn 0.005945418495684862 -0.007980946451425552 0.0009780037216842175 
vn 0.003019721247255802 -0.009509214200079441 0.0006753767956979573 
vn 0.0024793201591819525 -0.009646899066865444 0.0008889975724741817 
vn 0.003081593196839094 -0.009439348243176937 0.0011842658277601004 
vn 0.0025424817577004433 -0.00962351355701685 0.0009611293207854033 
vn 0.0009576246957294643 -0.009949545376002789 0.0002991744549944997 
vn -0.0008058488601818681 -0.009957932867109776 -0.0004361019528005272 
vn -0.0027446120511740446 -0.00957454089075327 -0.0008917769882827997 
vn -0.004566425923258066 -0.008846737444400787 -0.000939669378567487 
vn -0.005995473358780146 -0.007901282981038094 -0.001274375943467021 
vn -0.0074678873643279076 -0.006452018395066261 -0.0016131093725562096 
vn -0.00847072247415781 -0.004987381864339113 -0.0018365432042628527 
vn -0.00902070477604866 -0.0042118774726986885 -0.0009417890687473118 
vn -0.009321272373199463 -0.003486266592517495 -0.0009797046659514308 
vn 0.005761103704571724 -0.008007196709513664 0.0016414877027273178 
vn -0.009167802520096302 -0.003486266825348139 -0.00194867595564574 
vn -0.00886627472937107 -0.0042118774726986885 -0.0019103058148175478 
vn -0.008232741616666317 -0.004987381864339113 -0.00271071819588542 
vn -0.007272005546838045 -0.006452018395066261 -0.0023429449647665024 
vn -0.005817642901092768 -0.007901282981038094 -0.0019299653358757496 
vn -0.004430404398590326 -0.008846738375723362 -0.0014514622744172812 
vn -0.0026363604702055454 -0.00957454089075327 -0.001173781813122332 
vn -0.0007670833147130907 -0.009957932867109776 -0.0005011588800698519 
vn 0.0008656749851070344 -0.009949545376002789 0.0005071074119769037 
vn 0.0023847816046327353 -0.00962351355701685 0.0013041476486250758 
vn 0.002845065901055932 -0.009453682228922844 0.001591690699569881 
vn 0.002290397183969617 -0.009646899066865444 0.0013005489017814398 
vn 0.0028449934907257557 -0.009522643871605396 0.0011069216998293996 
vn 0.005538008641451597 -0.008007196709513664 0.0022836937569081783 
vn 0.0026500264648348093 -0.009522643871605396 0.0015154620632529259 
vn 0.005206623114645481 -0.008007196709513664 0.0029624104499816895 
vn 0.0021264059469103813 -0.009646899066865444 0.0015542665496468544 
vn 0.00264186505228281 -0.009453682228922844 0.0019100861391052604 
vn 0.0021810736507177353 -0.00962351355701685 0.0016220060642808676 
vn 0.0008248439407907426 -0.009949545376002789 0.000571124954149127 
vn -0.0007230777991935611 -0.009957932867109776 -0.0005627924110740423 
vn -0.0025259151589125395 -0.009561840444803238 -0.0014801888028159738 
vn -0.0042682308703660965 -0.008846738375723362 -0.0018754808697849512 
vn -0.005599500145763159 -0.007901282981038094 -0.0024930567014962435 
vn -0.006974464748054743 -0.006452018395066261 -0.003119022585451603 
vn -0.007904810830950737 -0.004987381864339113 -0.00355527619831264 
vn -0.008631642907857895 -0.004211877938359976 -0.002784749260172248 
vn -0.008913888595998287 -0.003486266825348139 -0.0028962972573935986 
vn -0.00856231153011322 -0.0034862670581787825 -0.003812186187133193 
vn -0.008280490525066853 -0.004211877938359976 -0.0037004814948886633 
vn -0.007490513380616903 -0.0049873823300004005 -0.004360990133136511 
vn -0.0066322325728833675 -0.006452018860727549 -0.003792748786509037 
vn -0.005327007733285427 -0.007901282981038094 -0.0030319499783217907 
vn -0.004028006922453642 -0.008846738375723362 -0.0023474199697375298 
vn -0.0023595986422151327 -0.009561840444803238 -0.0017330610426142812 
vn -0.0006741329561918974 -0.009957932867109776 -0.000620581500697881 
vn 0.0007292689406313002 -0.009949545376002789 0.0006889981450513005 
vn 0.0020383649971336126 -0.00962351355701685 0.0017980695702135563 
vn 0.0024032003711909056 -0.009453682228922844 0.0022028409875929356 
vn 0.0019344404572620988 -0.009646899066865444 0.0017875367775559425 
vn 0.0024873572401702404 -0.009522642940282822 0.0017698360607028008 
vn 0.004837428219616413 -0.008007196709513664 0.0035332830157130957 
vn 0.0022500120103359222 -0.009522642940282822 0.0020631803199648857 
vn 0.0044567822478711605 -0.008007196709513664 0.004002735950052738 
vn 0.0017170258797705173 -0.009646899066865444 0.0019972906447947025 
vn 0.002132275840267539 -0.009453682228922844 0.002466025296598673 
vn 0.001769560156390071 -0.00962351355701685 0.0020631635561585426 
vn 0.0006750723696313798 -0.009949545376002789 0.0007421786431223154 
vn -0.0006205831305123866 -0.009957932867109776 -0.0006741313263773918 
vn -0.0021680633071810007 -0.009561840444803238 -0.001967411022633314 
vn -0.0037851205561310053 -0.008826283738017082 -0.002787397475913167 
vn -0.004958801437169313 -0.007901282981038094 -0.00360277877189219 
vn -0.006180988624691963 -0.006452018860727549 -0.0044907499104738235 
vn -0.00699437502771616 -0.0049873823300004005 -0.005119055975228548 
vn -0.007870298810303211 -0.004211877938359976 -0.004507603123784065 
vn -0.008116924203932285 -0.003486267291009426 -0.004686308093369007 
vn -0.00758260628208518 -0.003486267291009426 -0.005509085021913052 
vn -0.0073375697247684 -0.004211877938359976 -0.005331055261194706 
vn -0.0064218174666166306 -0.0049873823300004005 -0.005821192171424627 
vn -0.005656592082232237 -0.006452018860727549 -0.0051356032490730286 
vn -0.0045296926982700825 -0.007901282981038094 -0.004129359498620033 
vn -0.003446836955845356 -0.008846738375723362 -0.003139193169772625 
vn 0.0004906328395009041 -0.009949545376002789 0.0008751181303523481 
vn 0.0011889624875038862 -0.009599394164979458 0.0025373236276209354 
vn 0.0014666164061054587 -0.00962351355701685 0.002288454445078969 
vn 0.001822294550947845 -0.009439348243176937 0.002752807457000017 
vn 0.0014138566330075264 -0.009646899066865444 0.002222241833806038 
vn 0.001978290034458041 -0.009522642940282822 0.0023250023368746042 
vn 0.003974539693444967 -0.008007196709513664 0.004481945652514696 
vn 0.0016763429157435894 -0.009522642940282822 0.002551302080973983 
vn 0.003378966823220253 -0.008007196709513664 0.004946452099829912 
vn 0.0014259138843044639 -0.009424833580851555 0.0030231254640966654 
vn 0.0011315752053633332 -0.009410139173269272 0.003188860369846225 
vn 0.0007095727487467229 -0.00962351355701685 0.002623832318931818 
vn 0.001067635021172464 -0.00963529758155346 0.002453811001032591 
vn 0.0008542948053218424 -0.00962351355701685 0.0025803425814956427 
vn 0.0013352701207622886 -0.009509213268756866 0.0027913993690162897 
vn 0.0027967351488769054 -0.008007196709513664 0.005297459661960602 
vn 0.0009849320631474257 -0.009509213268756866 0.0029333881102502346 
vn 0.0022314114030450583 -0.007980946451425552 0.005596901755779982 
vn 0.0008238096488639712 -0.009495601989328861 0.0030257017351686954 
vn -0.001433469238691032 -0.008846737444400787 0.0044362605549395084 
vn -0.0025275032967329025 -0.007901281118392944 0.005584037862718105 
vn -0.0038418632466346025 -0.006452016998082399 0.006603905465453863 
vn -0.005073233041912317 -0.004987380467355251 0.00702768424525857 
vn -0.005315778777003288 -0.004211876075714827 0.007348645944148302 
vn -0.006271504797041416 -0.0034862651955336332 0.006965212058275938 
vn -0.007013634312897921 -0.0033219309989362955 0.00630663987249136 
vn -0.007630740292370319 -0.0033219309989362955 0.005544058047235012 
vn -0.008165302686393261 -0.003321931231766939 0.004721504636108875 
vn -0.008611539378762245 -0.003321931231766939 0.0038478781934827566 
vn -0.008964622393250465 -0.003321931464597583 0.0029326281510293484 
vn -0.009220734238624573 -0.0033219316974282265 0.0019856553990393877 
vn -0.009377103298902512 -0.0033219316974282265 0.0010172033216804266 
vn -0.00943203829228878 -0.00332193193025887 0.00003774803190026432 
vn -0.009377103298902512 -0.0033219321630895138 -0.0010172022739425302 
vn -0.009220734238624573 -0.0033219323959201574 -0.0019856542348861694 
vn -0.008964622393250465 -0.0033219323959201574 -0.00293262698687613 
vn -0.008611539378762245 -0.003321932628750801 -0.0038478770293295383 
vn -0.008165302686393261 -0.003321932628750801 -0.004721503704786301 
vn -0.007630740292370319 -0.0033219328615814447 -0.0055440571159124374 
vn -0.007013634312897921 -0.0033219330944120884 -0.006306638941168785 
vn -0.006965211592614651 -0.0034862675238400698 -0.006271504331380129 
vn -0.006719042081385851 -0.004211878404021263 -0.006092171650379896 
vn -0.005779096391052008 -0.0049873823300004005 -0.006459726486355066 
vn -0.0051215956918895245 -0.006452018860727549 -0.005669277627021074 
vn -0.0041013797745108604 -0.007901282981038094 -0.004555042367428541 
vn -0.004475447349250317 -0.006452018860727549 -0.006192077416926622 
vn -0.004311940632760525 -0.004987382795661688 -0.007518854923546314 
vn -0.004556639119982719 -0.004211878404021263 -0.007842009887099266 
vn -0.0038121866527944803 -0.0034862677566707134 -0.008562310598790646 
vn -0.002878759987652302 -0.003321933327242732 -0.008982065133750439 
vn -0.0018744419794529676 -0.00456519378349185 -0.008697440847754478 
vn -0.0008671944378875196 -0.005287248641252518 -0.008443516679108143 
vn -0.000018887843907577917 -0.005972885061055422 -0.008020241744816303 
vn 0.0006976286531426013 -0.007155521307140589 -0.006950671318918467 
vn 0.001050728838890791 -0.008656611666083336 -0.004894798155874014 
vn 0.0008008815930224955 -0.00965831521898508 -0.0024648585822433233 
vn 0.0002820335212163627 -0.009953834116458893 -0.0009174117003567517 
vn 0.0002082533173961565 -0.009953834116458893 -0.0009369191830046475 
vn 0.0005079382099211216 -0.00965831521898508 -0.002541444031521678 
vn 0.0005283145001158118 -0.008656611666083336 -0.004978349432349205 
vn 0.0001331564853899181 -0.009953834116458893 -0.0009505032212473452 
vn 0.00028345815371721983 -0.00965831521898508 -0.0025761579163372517 
vn -0.00001908265403471887 -0.009953834116458893 -0.0009595950832590461 
vn -0.000018934921172331087 -0.00965831521898508 -0.0025916367303580046 
vn -0.00009526245412416756 -0.009953834116458893 -0.0009550455142743886 
vn -5.17709819614499e-16 -0.008656611666083336 -0.005006304010748863 
vn 0.000018886286852648482 -0.007155521307140589 -0.0069855679757893085 
vn -0.0007352020475082099 -0.007155521307140589 -0.0069467974826693535 
vn -0.0008483637357130647 -0.005972885061055422 -0.007975269109010696 
vn -0.0005283145001158118 -0.008656611666083336 -0.004978349432349205 
vn -0.0002457862428855151 -0.00965831521898508 -0.002580024767667055 
vn -0.00017083996499422938 -0.009953834116458893 -0.0009444578900001943 
vn -0.0005450184107758105 -0.00965831521898508 -0.0025337510742247105 
vn -0.000318283709930256 -0.009953834116458893 -0.0009054737165570259 
vn -0.001050728838890791 -0.008656611666083336 -0.004894798155874014 
vn -0.0014807003317400813 -0.007155521307140589 -0.0068268622271716595 
vn -0.0016687385505065322 -0.005972885061055422 -0.007844740524888039 
vn -0.0017622774466872215 -0.005287248641252518 -0.008302973583340645 
vn -0.002749366220086813 -0.004565193317830563 -0.008461677469313145 
vn -0.0026372799184173346 -0.005287248641252518 -0.008067822083830833 
vn -0.0024712118320167065 -0.005972885061055422 -0.007630055770277977 
vn -0.0021371017210185528 -0.007155521307140589 -0.006650662515312433 
vn -0.0015614090953022242 -0.008656611666083336 -0.004756582900881767 
vn -0.0007647807360626757 -0.00965831521898508 -0.002476297551766038 
vn -0.00038921769009903073 -0.009953834116458893 -0.0008773236186243594 
vn -0.001048373174853623 -0.00965831521898508 -0.002370201051235199 
vn -0.0004576909414026886 -0.009953834116458893 -0.0008436268544755876 
vn -0.0020546517334878445 -0.008656611666083336 -0.004565247800201178 
vn -0.0028424474876374006 -0.007155521307140589 -0.006381145212799311 
vn -0.0032471749000251293 -0.005972885061055422 -0.00733351893723011 
vn -0.0034822318702936172 -0.005287248641252518 -0.007740740664303303 
vn -0.0035957724321633577 -0.004565193317830563 -0.008138147182762623 
vn -0.003865101607516408 -0.003321933327242732 -0.008603821508586407 
vn -0.004686308559030294 -0.0034862677566707134 -0.00811692327260971 
vn -0.0047378335148096085 -0.003321933327242732 -0.008155837655067444 
vn -0.004470357671380043 -0.004565193317830563 -0.007692523300647736 
vn -0.004222141578793526 -0.005287248641252518 -0.007363322656601667 
vn -0.003988303244113922 -0.005972885061055422 -0.006958310026675463 
vn -0.003514582524076104 -0.007155521307140589 -0.006037071347236633 
vn -0.0025249486789107323 -0.008656611666083336 -0.0043229288421571255 
vn -0.0013176561333239079 -0.00965831521898508 -0.002231753198429942 
vn -0.0005855418858118355 -0.009953834116458893 -0.0007604790152981877 
vn -0.001508008106611669 -0.00965831521898508 -0.00210780743509531 
vn -0.0006441111909225583 -0.009953834116458893 -0.0007115536136552691 
vn -0.0029670479707419872 -0.008656611666083336 -0.004032332915812731 
vn -0.004084608983248472 -0.007155521307140589 -0.005666964687407017 
vn -0.00468664662912488 -0.0059728845953941345 -0.006508455611765385 
vn -0.004982968792319298 -0.005287248641252518 -0.006871319375932217 
vn -0.00522960489615798 -0.004565193317830563 -0.00719793327152729 
vn -0.0055593159049749374 -0.0033219330944120884 -0.007619630545377731 
vn -0.005509085487574339 -0.0034862677566707134 -0.007582605350762606 
vn -0.005315778777003288 -0.004211878404021263 -0.00734864454716444 
vn -0.005073233041912317 -0.0049873823300004005 -0.0070276823826134205 
vn -0.0060781799256801605 -0.004211878404021263 -0.006731702014803886 
vn -0.006271504797041416 -0.0034862675238400698 -0.006965211126953363 
vn -0.006320660933852196 -0.0033219330944120884 -0.007000999990850687 
vn -0.0059346086345613 -0.004565193317830563 -0.006628682371228933 
vn -0.006628683302551508 -0.004565193317830563 -0.005934607703238726 
vn -0.007197933737188578 -0.004565192852169275 -0.005229603964835405 
vn -0.00769252423197031 -0.004565192852169275 -0.004470356740057468 
vn -0.008138147182762623 -0.004565192852169275 -0.0035957717336714268 
vn -0.00846167840063572 -0.004565192386507988 -0.002749365521594882 
vn -0.008697440847754478 -0.004565192386507988 -0.0018744411645457149 
vn -0.008850992657244205 -0.004565192386507988 -0.0009049561922438443 
vn -0.00889713503420353 -0.004565192386507988 7.437674920396375e-10 
vn -0.008850992657244205 -0.004565191920846701 0.0009049576474353671 
vn -0.008697440847754478 -0.004565191920846701 0.0018744426779448986 
vn -0.00846167840063572 -0.004565191920846701 0.002749366918578744 
vn -0.008138147182762623 -0.004565191455185413 0.0035957731306552887 
vn -0.00769252423197031 -0.004565191455185413 0.00447035813704133 
vn -0.007197933737188578 -0.004565191455185413 0.005229605361819267 
vn -0.006628683302551508 -0.004565190989524126 0.005934609100222588 
vn -0.006320660933852196 -0.003321930766105652 0.007001001387834549 
vn -0.005509085487574339 -0.0034862651955336332 0.007582606747746468 
vn -0.004556639119982719 -0.004211876075714827 0.007842011749744415 
vn -0.004311940632760525 -0.004987380001693964 0.0075188567861914635 
vn -0.0031017614528536797 -0.006452016998082399 0.0069821602664887905 
vn -0.0018940935842692852 -0.007901281118392944 0.005829421803355217 
vn -0.0009952037362381816 -0.008846737444400787 0.004554647020995617 
vn -0.0008917785598896444 -0.009574539959430695 0.00274461368098855 
vn -0.0003482067259028554 -0.009969087317585945 0.0007043062942102551 
vn 0.00040742458077147603 -0.009935540147125721 -0.0010578518267720938 
vn 0.0014552123611792922 -0.009599394164979458 -0.0023945739958435297 
vn 0.002066782210022211 -0.009439349174499512 -0.002574315993115306 
vn 0.0019344404572620988 -0.009646899066865444 -0.0017875336343422532 
vn 0.0022500120103359222 -0.009522643871605396 -0.0020631770603358746 
vn 0.003917676862329245 -0.008007198572158813 -0.0045317308977246284 
vn 0.001920177135616541 -0.009522643871605396 -0.0023732197005301714 
vn 0.003316290909424424 -0.008007198572158813 -0.004988686181604862 
vn 0.0016590243903920054 -0.009646899066865444 -0.0020457208156585693 
vn 0.0017577259568497539 -0.00942483451217413 -0.002843043999746442 
vn 0.0011751727433875203 -0.00958705972880125 -0.0025898378808051348 
vn 0.0003915293491445482 -0.009925254620611668 -0.0011558668920770288 
vn -0.00020640391448978335 -0.009969087317585945 0.0007580849924124777 
vn -0.0006000031717121601 -0.009574539959430695 0.002822794718667865 
vn -0.00047226465540006757 -0.008846737444400787 0.004638125654309988 
vn -0.0012374212965369225 -0.007901281118392944 0.006003211252391338 
vn -0.0023249501828104258 -0.006452016998082399 0.007277780678123236 
vn -0.0035035365726798773 -0.004987380001693964 0.007927879691123962 
vn -0.0036832464393228292 -0.004211876075714827 0.008288172073662281 
vn -0.004686308559030294 -0.0034862651955336332 0.00811692513525486 
vn -0.0055593159049749374 -0.003321930766105652 0.007619631942361593 
vn -0.0059346086345613 -0.004565190989524126 0.006628683768212795 
vn -0.0063262637704610825 -0.005287246312946081 0.005658923182636499 
vn -0.006849078461527824 -0.005287246312946081 0.0050134966149926186 
vn -0.007344462908804417 -0.0052872467786073685 0.004254866391420364 
vn -0.007756160106509924 -0.0052872467786073685 0.003447753144428134 
vn -0.00807947851717472 -0.0052872467786073685 0.002601354382932186 
vn -0.008295050822198391 -0.0052872467786073685 0.0017992077628150582 
vn -0.008439574390649796 -0.005287247244268656 0.0009047589846886694 
vn -0.008487933315336704 -0.005287247244268656 8.614053914612896e-10 
vn -0.008439574390649796 -0.005287247244268656 -0.000904757238458842 
vn -0.008295050822198391 -0.005287247709929943 -0.0017992060165852308 
vn -0.00807947851717472 -0.005287247709929943 -0.0026013527531176805 
vn -0.007756160106509924 -0.005287247709929943 -0.0034477515146136284 
vn -0.007344462908804417 -0.00528724817559123 -0.004254864528775215 
vn -0.006849078461527824 -0.00528724817559123 -0.005013494752347469 
vn -0.0063262637704610825 -0.00528724817559123 -0.00565892131999135 
vn -0.005687016993761063 -0.00528724817559123 -0.006301018875092268 
vn -0.005390890408307314 -0.0059728845953941345 -0.005938261281698942 
vn -0.005976200569421053 -0.0059728845953941345 -0.005348800681531429 
vn -0.006497400812804699 -0.0059728845953941345 -0.004701959900557995 
vn -0.006948899477720261 -0.005972884129732847 -0.004004678223282099 
vn -0.0073258522897958755 -0.005972884129732847 -0.0032644355669617653 
vn -0.007624215912073851 -0.005972884129732847 -0.0024891728535294533 
vn -0.00784078985452652 -0.005972884129732847 -0.00168720749206841 
vn -0.00797325000166893 -0.00597288366407156 -0.0008671422256156802 
vn -0.00802017655223608 -0.00597288366407156 0.00003777655365411192 
vn -0.00797325000166893 -0.00597288366407156 0.0008671441464684904 
vn -0.00784078985452652 -0.005972883198410273 0.0016872093547135592 
vn -0.007624215912073851 -0.005972883198410273 0.0024891747161746025 
vn -0.0073258522897958755 -0.005972883198410273 0.0032644374296069145 
vn -0.006948899477720261 -0.005972883198410273 0.004004680085927248 
vn -0.006497400812804699 -0.005972882732748985 0.004701961763203144 
vn -0.005976200569421053 -0.005972882732748985 0.0053488025441765785 
vn -0.005687016993761063 -0.005287246312946081 0.006301020737737417 
vn -0.00522960489615798 -0.004565190989524126 0.007197934668511152 
vn -0.0047378335148096085 -0.003321930533275008 0.008155838586390018 
vn -0.0038121866527944803 -0.0034862649627029896 0.008562312461435795 
vn -0.002766785677522421 -0.004211876075714827 0.00863741897046566 
vn -0.0026568532921373844 -0.004987380001693964 0.0082502830773592 
vn -0.001594632281921804 -0.006452016998082399 0.007471855729818344 
vn -0.0006406984757632017 -0.007901281118392944 0.006095839198678732 
vn -0.000018922992239822634 -0.008846737444400787 0.00466206856071949 
vn -0.00030165407224558294 -0.009574539959430695 0.0028700483962893486 
vn 8.965741043941915e-16 -0.009574539959430695 0.0028858575969934464 
vn 2.703748490574836e-16 -0.009961840696632862 0.0008727681706659496 
vn 0.00007566623389720917 -0.009957932867109776 0.0009131573024205863 
vn 0.0002637376601342112 -0.00994039885699749 -0.0010577923385426402 
vn 0.00013252149801701307 -0.009949545376002789 -0.0009944768389686942 
vn 0.0005443419795483351 -0.009599395096302032 -0.0027486940380185843 
vn 0.00011331820132909343 -0.009623514488339424 -0.0027157191652804613 
vn 0.0006381968269124627 -0.00942483451217413 -0.0032810368575155735 
vn 0.00018915539840236306 -0.009439349174499512 -0.0032958926167339087 
vn 0.0005637796712107956 -0.009635298512876034 -0.002615945180878043 
vn 0.00020759378094226122 -0.009646899066865444 -0.002625688211992383 
vn 0.00018866876780521125 -0.009522643871605396 -0.0030469088815152645 
vn 0.0006198947667144239 -0.009509214200079441 -0.003031595377251506 
vn 0.00011336293391650543 -0.008007198572158813 -0.005989317316561937 
vn 0.000866121263243258 -0.008007198572158813 -0.005927445366978645 
vn 0.0009129288955591619 -0.009509214200079441 -0.0029565857257694006 
vn 0.0015138013986870646 -0.007980948314070702 -0.005832056514918804 
vn 0.001111985999159515 -0.009495602920651436 -0.0029320644680410624 
vn 0.0020015358459204435 -0.007954544387757778 -0.005720059387385845 
vn 0.001111985999159515 -0.009495602920651436 -0.0029320644680410624 
vn 0.0023539671674370766 -0.007954544387757778 -0.00558426883071661 
vn 0.0012666331604123116 -0.009509214200079441 -0.0028232038021087646 
vn 0.0027807869482785463 -0.007980947382748127 -0.005345250479876995 
vn 0.0016014338470995426 -0.009509214200079441 -0.002647687681019306 
vn 0.0013380046002566814 -0.009635298512876034 -0.0023174905218183994 
vn 0.0010662893764674664 -0.009623514488339424 -0.002500199945643544 
vn 0.0009963763877749443 -0.009623514488339424 -0.00252887443639338 
vn 0.0009963763877749443 -0.009623514488339424 -0.00252887443639338 
vn 0.0008542948053218424 -0.009623514488339424 -0.002580339554697275 
vn 0.0009878850542008877 -0.009410140104591846 -0.0032362565398216248 
vn 0.0008210380328819156 -0.00958705972880125 -0.0027229003608226776 
vn 0.00040742458077147603 -0.009935540147125721 -0.0010578518267720938 
vn -0.00013158451474737376 -0.009965559467673302 0.0008187260827980936 
vn 0.00046263186959549785 -0.009925254620611668 -0.0011292897397652268 
vn 0.0012008505873382092 -0.009395265020430088 -0.0032073277980089188 
vn 0.0012712626485154033 -0.009395265020430088 -0.0031800761353224516 
vn 0.0014118846738711 -0.009410140104591846 -0.003075037617236376 
vn 0.0010341982124373317 -0.00957454089075327 -0.0026941769756376743 
vn 0.0010341982124373317 -0.00957454089075327 -0.0026941769756376743 
vn 0.005209982395172119 0.008033295162022114 -0.0028848331421613693 
vn 0.0071350084617733955 0.005724822171032429 -0.004039562772959471 
vn 0.0049354927614331245 0.008059239014983177 -0.0032694917172193527 
vn 0.006733747199177742 0.005724822171032429 -0.004677933640778065 
vn 0.0045348890125751495 0.008085030131042004 -0.003750610165297985 
vn 0.0061965989880263805 0.00576059240847826 -0.005330828949809074 
vn 0.004028376657515764 0.00811066571623087 -0.004241377115249634 
vn 0.005569650325924158 0.00576059240847826 -0.0059828562662005424 
vn 0.0034504467621445656 0.00811066571623087 -0.0047235069796442986 
vn 0.004813750274479389 0.00576059240847826 -0.006606313865631819 
vn 0.002946483204141259 0.00811066571623087 -0.00505325011909008 
vn 0.004119652323424816 0.00576059240847826 -0.0070600309409201145 
vn 0.002411286346614361 0.00811066571623087 -0.005329427774995565 
vn 0.0033143595792353153 0.00576059240847826 -0.007471987511962652 
vn 0.00177893100772053 0.00811066571623087 -0.005572477821260691 
vn 0.002540270099416375 0.005760591942816973 -0.007769337855279446 
vn 0.0011965349549427629 0.00811066571623087 -0.005725854076445103 
vn 0.0016662756679579616 0.005760591942816973 -0.008002443239092827 
vn 0.0004514407482929528 0.00811066571623087 -0.005832092836499214 
vn 0.0007718766573816538 0.005760591942816973 -0.008137553930282593 
vn -0.0002446792204864323 0.008085029199719429 -0.005879832431674004 
vn -0.00013197472435422242 0.005760591942816973 -0.008173014037311077 
vn -0.0008628528448753059 0.008059239014983177 -0.005856974981725216 
vn -0.0009969399543479085 0.0057248217053711414 -0.008138337172567844 
vn -0.0013251896016299725 0.00803329423069954 -0.005806036293506622 
vn -0.0018139802850782871 0.0057248217053711414 -0.00799599289894104 
vn -0.0017613639356568456 0.00803329423069954 -0.0056889173574745655 
vn -0.002469034865498543 0.0057248217053711414 -0.007818586193025112 
vn -0.002169562503695488 0.008059239014983177 -0.005508326925337315 
vn -0.0031768428161740303 0.0057248217053711414 -0.007558709010481834 
vn -0.0027668653056025505 0.008085029199719429 -0.00519391568377614 
vn -0.003955724183470011 0.00576059240847826 -0.00715316878631711 
vn -0.0033276823814958334 0.00811066571623087 -0.004810782615095377 
vn -0.0047218636609613895 0.00576059240847826 -0.006672299467027187 
vn -0.0038615844678133726 0.00811066571623087 -0.0043937754817306995 
vn -0.005430180579423904 0.00576059240847826 -0.0061097233556210995 
vn -0.00434369221329689 0.008110666647553444 -0.0039178356528282166 
vn -0.0060720001347362995 0.00576059240847826 -0.00547232897952199 
vn -0.004723505582660437 0.008110666647553444 -0.0034504481591284275 
vn -0.006595192011445761 0.00576059240847826 -0.004828976932913065 
vn -0.005090766120702028 0.008110666647553444 -0.002881179563701153 
vn -0.007088367827236652 0.005760592874139547 -0.004070701077580452 
vn -0.005389745347201824 0.008110666647553444 -0.0022732666693627834 
vn -0.007494742050766945 0.005760592874139547 -0.0032625768799334764 
vn -0.005663588643074036 0.008085030131042004 -0.001598765724338591 
vn -0.00783128198236227 0.005760592874139547 -0.0023423461243510246 
vn -0.005839446559548378 0.008059239946305752 -0.0009744326234795153 
vn -0.008053800091147423 0.005724822636693716 -0.0015371132176369429 
vn -0.005940957460552454 0.008033295162022114 -0.0004137563519179821 
vn -0.008167878724634647 0.005724822636693716 -0.0007156493957154453 
vn -0.005955228582024574 0.008033295162022114 -0.00003764547727769241 
vn -0.008199084550142288 0.005724823102355003 -0.00003771449701162055 
vn -0.005940957460552454 0.008033295162022114 0.000413753732573241 
vn -0.008167878724634647 0.005724823102355003 0.000715647533070296 
vn -0.005839446559548378 0.008059239946305752 0.0009744300041347742 
vn -0.008053800091147423 0.005724823102355003 0.0015371113549917936 
vn -0.005663588643074036 0.008085030131042004 0.001598763046786189 
vn -0.00783128198236227 0.005760593805462122 0.0023423442617058754 
vn -0.005389745347201824 0.008110667578876019 0.0022732641082257032 
vn -0.007494742050766945 0.005760593805462122 0.0032625750172883272 
vn -0.005090766120702028 0.008110667578876019 0.0028811770025640726 
vn -0.007088367827236652 0.005760594271123409 0.004070699214935303 
vn -0.004723505582660437 0.008110667578876019 0.0034504453651607037 
vn -0.006595192011445761 0.005760594271123409 0.004828975070267916 
vn -0.00434369221329689 0.008110667578876019 0.00391783332452178 
vn -0.0060720001347362995 0.005760594271123409 0.005472327116876841 
vn -0.0038046943955123425 0.008110667578876019 0.004443126730620861 
vn -0.005373579449951649 0.005760594271123409 0.006159561686217785 
vn -0.003283170750364661 0.008085031062364578 0.004883959423750639 
vn -0.0046601020731031895 0.005760594736784697 0.006715578492730856 
vn -0.0027845308650285006 0.008059240877628326 0.00522446446120739 
vn -0.003924177493900061 0.005724824033677578 0.0071991123259067535 
vn -0.00232674740254879 0.008033296093344688 0.005482007283717394 
vn -0.0032462431117892265 0.005724824033677578 0.007529162801802158 
vn -0.00197580736130476 0.008033296093344688 0.005618036724627018 
vn -0.0026124613359570503 0.005724824033677578 0.007771836128085852 
vn -0.0014533208450302482 0.008059240877628326 0.005739033222198486 
vn -0.0018874609377235174 0.005724824033677578 0.00797896459698677 
vn -0.0008442873368039727 0.008085031062364578 0.005824040621519089 
vn -0.0010342099703848362 0.005760594736784697 0.00810838770121336 
vn -0.0001506133849034086 0.008110667578876019 0.005847597029060125 
vn -0.00013197472435422242 0.005760594736784697 0.008173012174665928 
vn -0.0010910716373473406 0.004448179621249437 0.008889502845704556 
vn -0.00011314752191537991 0.004448179621249437 0.008955495432019234 
vn -0.0019656934309750795 0.0044090040028095245 0.008757667616009712 
vn -0.0028381412848830223 0.0044090040028095245 0.00851502362638712 
vn -0.00361271807923913 0.0044090040028095245 0.008216382935643196 
vn -0.004356389865279198 0.0044090040028095245 0.007847455330193043 
vn -0.0051353550516068935 0.00444817915558815 0.007337699178606272 
vn -0.0059064216911792755 0.00444817915558815 0.006732598878443241 
vn -0.0066574434749782085 0.00444817915558815 0.005991005338728428 
vn -0.0072279502637684345 0.00444817915558815 0.0052887084893882275 
vn -0.007762584835290909 0.004448178689926863 0.0044672125950455666 
vn -0.008204248733818531 0.004448178689926863 0.0035922136157751083 
vn -0.008547654375433922 0.004448178689926863 0.0026741924230009317 
vn -0.008800788782536983 0.00440900307148695 0.0017626123735681176 
vn -0.008933603763580322 0.004409002605825663 0.0008668438531458378 
vn -0.008975481614470482 0.004409002605825663 -0.000037748341128462926 
vn -0.008933603763580322 0.004409002605825663 -0.0008668453083373606 
vn -0.008800788782536983 0.004409002605825663 -0.0017626137705519795 
vn -0.008547654375433922 0.004448177758604288 -0.0026741938199847937 
vn -0.008204248733818531 0.004448177758604288 -0.0035922150127589703 
vn -0.007762584835290909 0.004448177292943001 -0.0044672139920294285 
vn -0.0072279502637684345 0.004448177292943001 -0.005288710352033377 
vn -0.0066574434749782085 0.004448177292943001 -0.00599100673571229 
vn -0.005962916649878025 0.0044481768272817135 -0.006682615261524916 
vn -0.00519697368144989 0.0044481768272817135 -0.007294188253581524 
vn -0.0043687885627150536 0.0044481768272817135 -0.007818401791155338 
vn -0.003543481230735779 0.004409001208841801 -0.008246480487287045 
vn -0.002694502705708146 0.004409001208841801 -0.00856156274676323 
vn -0.0019656934309750795 0.004409001208841801 -0.008757668547332287 
vn -0.0010732363443821669 0.004409001208841801 -0.008911165408790112 
vn -0.00011314752191537991 0.0044481768272817135 -0.008955496363341808 
vn 0.0008661316242069006 0.0044481768272817135 -0.00891423225402832 
vn 0.001835037488490343 0.0044481768272817135 -0.008766205050051212 
vn 0.002781965769827366 0.0044481768272817135 -0.008513188920915127 
vn 0.0036267326213419437 0.0044481768272817135 -0.008189049549400806 
vn 0.004499863833189011 0.0044481768272817135 -0.007743703667074442 
vn 0.005258223973214626 0.0044481768272817135 -0.0072501590475440025 
vn 0.006074634380638599 0.0044481768272817135 -0.006581226829439402 
vn 0.006757413037121296 0.004448177292943001 -0.005878017283976078 
vn 0.007336074020713568 0.004409001674503088 -0.005171336233615875 
vn 0.007819818332791328 0.004409002140164375 -0.004405808635056019 
vn 0.008162317797541618 0.004409002140164375 -0.0037332652136683464 
vn 0.007444639224559069 0.005724822171032429 -0.0034356603864580393 
vn 0.008496951311826706 0.004409002140164375 -0.002891801530495286 
vn 0.0077287741005420685 0.005724822636693716 -0.002737236674875021 
vn 0.008725625462830067 0.004448177758604288 -0.00201920117251575 
vn 0.00795759353786707 0.005760593339800835 -0.001868761726655066 
vn 0.00889401976019144 0.004448177758604288 -0.0010536267654970288 
vn 0.00811535120010376 0.005760593339800835 -0.0009780781110748649 
vn 0.008956210687756538 0.004448178224265575 -7.247016320377497e-10 
vn 0.008174078539013863 0.005760593339800835 -9.385215937740554e-10 
vn 0.00891050510108471 0.004448178224265575 0.0009036632254719734 
vn 0.008132017217576504 0.005760593339800835 0.0008281670743599534 
vn 0.00875839963555336 0.004448178224265575 0.0018719370709732175 
vn 0.007990720681846142 0.005760593805462122 0.001721609733067453 
vn 0.00850139744579792 0.004448178689926863 0.002817791188135743 
vn 0.0077751753851771355 0.005760593805462122 0.0025223419070243835 
vn 0.008142577484250069 0.004448178689926863 0.003729898249730468 
vn 0.007417500484734774 0.005760593805462122 0.003434565616771579 
vn 0.007686236407607794 0.004448178689926863 0.004597333259880543 
vn 0.006992595735937357 0.005760594271123409 0.004233102314174175 
vn 0.007157966494560242 0.004409003537148237 0.005415183026343584 
vn 0.006511530373245478 0.005724823568016291 0.004982606507837772 
vn 0.006677714176476002 0.004409003537148237 0.0059974011965096 
vn 0.006077163387089968 0.005724823568016291 0.005504042375832796 
vn 0.006095042917877436 0.004409003537148237 0.006588713265955448 
vn 0.005601161625236273 0.005724824033677578 0.005987769458442926 
vn 0.005379600916057825 0.00444817915558815 0.007160557899624109 
vn 0.004934829194098711 0.005760594271123409 0.006516364868730307 
vn 0.004564924631267786 0.00444817915558815 0.007705527823418379 
vn 0.00418461486697197 0.005760594736784697 0.007021719589829445 
vn 0.003695575287565589 0.004448179621249437 0.008158212527632713 
vn 0.0033831573091447353 0.005760594736784697 0.00744108809158206 
vn 0.002781965769827366 0.004448179621249437 0.008513187989592552 
vn 0.002540270099416375 0.005760594736784697 0.007769335992634296 
vn 0.001835037488490343 0.004448179621249437 0.008766204118728638 
vn 0.0016662756679579616 0.005760594736784697 0.008002441376447678 
vn 0.000941180158406496 0.004448179621249437 0.008906619623303413 
vn 0.0008469230961054564 0.005760594736784697 0.008130083791911602 
vn -0.00011314752191537991 0.004448179621249437 0.008955495432019234 
vn -0.00013197472435422242 0.005760594736784697 0.008173012174665928 
vn 0.0006014552782289684 0.008110667578876019 0.005818532779812813 
vn -0.0001506133849034086 0.008110667578876019 0.005847597029060125 
vn 0.005381809081882238 0.008033295162022114 -0.002549961907789111 
vn 0.0011965349549427629 0.008110667578876019 0.005725851748138666 
vn 0.00177893100772053 0.008110667578876019 0.005572475027292967 
vn 0.002411286346614361 0.008110667578876019 0.005329424981027842 
vn 0.0030112997628748417 0.008110667578876019 0.005014892667531967 
vn 0.003618501126766205 0.008085031062364578 0.004640982951968908 
vn 0.004119125194847584 0.008059240877628326 0.004252229351550341 
vn 0.004424846265465021 0.008033296093344688 0.003985836636275053 
vn 0.00462523614987731 0.008059240877628326 0.0036953806411474943 
vn 0.00497645465657115 0.008085031062364578 0.0031412059906870127 
vn 0.005297939293086529 0.008110667578876019 0.002479701768606901 
vn 0.005549110937863588 0.008110667578876019 0.0018505281768739223 
vn 0.005725852679461241 0.008110666647553444 0.001196533557958901 
vn 0.005818533711135387 0.008110666647553444 0.0006014539394527674 
vn 0.005849537439644337 0.008110666647553444 -1.3213979910275953e-9 
vn 0.005801118444651365 0.008110666647553444 -0.0007510723080486059 
vn 0.005711829289793968 0.008085030131042004 -0.0014167901827022433 
vn 0.00554871279746294 0.008059239946305752 -0.0020640846341848373 
vn -0.004672403447329998 -0.007155521307140589 -0.005192992277443409 
vn -0.003376011736690998 -0.008656611666083336 -0.0036967049818485975 
vn -0.005205607041716576 -0.007155521307140589 -0.004658345598727465 
vn -0.0056336503475904465 -0.0071555208414793015 -0.004130436573177576 
vn -0.006046552211046219 -0.0071555208414793015 -0.0034982466604560614 
vn -0.006388807203620672 -0.0071555208414793015 -0.002825183793902397 
vn -0.0066331117413938046 -0.0071555208414793015 -0.002190972212702036 
vn -0.006830841302871704 -0.007155520375818014 -0.0014622366288676858 
vn -0.006948760710656643 -0.007155520375818014 -0.0007164168055169284 
vn -0.006985492538660765 -0.007155520375818014 0.00003777360325329937 
vn -0.006948760710656643 -0.007155520375818014 0.000716419133823365 
vn -0.006830841302871704 -0.007155519910156727 0.0014622389571741223 
vn -0.0066331117413938046 -0.007155519910156727 0.0021909745410084724 
vn -0.006388807203620672 -0.007155519910156727 0.0028251861222088337 
vn -0.006046552211046219 -0.007155519910156727 0.003498248988762498 
vn -0.00567798875272274 -0.0071555194444954395 0.004069273825734854 
vn -0.005205607041716576 -0.0071555194444954395 0.004658347927033901 
vn -0.005390890408307314 -0.005972882732748985 0.005938263144344091 
vn -0.004982968792319298 -0.005287246312946081 0.006871320772916079 
vn -0.004470357671380043 -0.004565190989524126 0.007692525163292885 
vn -0.003865101607516408 -0.003321930533275008 0.008603822439908981 
vn -0.0028962979558855295 -0.0034862649627029896 0.008913888595998287 
vn -0.0018918558489531279 -0.004211875610053539 0.008870230056345463 
vn -0.0017811412690207362 -0.004987380001693964 0.008482545614242554 
vn -0.0007735448307357728 -0.006452016998082399 0.007600862067192793 
vn -0.00003775687582674436 -0.007901281118392944 0.0061293006874620914 
vn -0.000018899312635767274 -0.006452016998082399 0.007640100084245205 
vn -0.000885968969669193 -0.004987380001693964 0.008622128516435623 
vn -0.0009230198920704424 -0.004211875610053539 0.009022645652294159 
vn -0.0019486765377223492 -0.0034862649627029896 0.009167803451418877 
vn -0.002878759987652302 -0.003321930533275008 0.008982066065073013 
vn -0.0035957724321633577 -0.004565190989524126 0.008138148114085197 
vn -0.004222141578793526 -0.005287246312946081 0.007363324519246817 
vn -0.00468664662912488 -0.005972882732748985 0.006508457474410534 
vn -0.004672403447329998 -0.0071555194444954395 0.0051929946057498455 
vn -0.0036967063788324594 -0.008656610734760761 0.0033760133665055037 
vn -0.004076686687767506 -0.008656610734760761 0.0029058095533400774 
vn -0.004322930239140987 -0.008656610734760761 0.002524950075894594 
vn -0.0045652491971850395 -0.008656610734760761 0.0020546531304717064 
vn -0.004756584297865629 -0.008656610734760761 0.001561410492286086 
vn -0.004894799552857876 -0.008656610734760761 0.0010507302358746529 
vn -0.004978350829333067 -0.008656610734760761 0.0005283158970996737 
vn -0.005006305407732725 -0.008656610734760761 1.4103447298907668e-9 
vn -0.004978350829333067 -0.008656610734760761 -0.0005283131031319499 
vn -0.004894799552857876 -0.008656610734760761 -0.001050727441906929 
vn -0.004756584297865629 -0.008656610734760761 -0.0015614076983183622 
vn -0.0045652491971850395 -0.008656610734760761 -0.0020546503365039825 
vn -0.004322930239140987 -0.008656611666083336 -0.0025249472819268703 
vn -0.004032334312796593 -0.008656611666083336 -0.0029670465737581253 
vn -0.0037472734693437815 -0.008656611666083336 -0.0033197931479662657 
vn -0.0017435512272641063 -0.00965831521898508 -0.001917542889714241 
vn -0.000698608229868114 -0.009953834116458893 -0.0006581295165233314 
vn -0.001904754899442196 -0.00965831521898508 -0.0017575124511495233 
vn -0.0007940352079458535 -0.009953834116458893 -0.0005391626618802547 
vn -0.0020967351738363504 -0.00965831521898508 -0.0015233657322824001 
vn -0.002260096836835146 -0.00965831521898508 -0.00126842618919909 
vn -0.0023624799214303493 -0.00965831521898508 -0.0010656602680683136 
vn -0.0024706455878913403 -0.00965831521898508 -0.0007828505476936698 
vn -0.0025297030806541443 -0.00965831521898508 -0.0005635138368234038 
vn -0.0025781618896871805 -0.00965831521898508 -0.000264627713477239 
vn -0.0025914309080690145 -0.00965831521898508 -0.00003786725937970914 
vn -0.0025781618896871805 -0.00965831521898508 0.00026463085669092834 
vn -0.0025297030806541443 -0.00965831521898508 0.0005635169800370932 
vn -0.0024706455878913403 -0.00965831521898508 0.0007828536909073591 
vn -0.0023624799214303493 -0.00965831521898508 0.001065663411282003 
vn -0.002260096836835146 -0.00965831521898508 0.0012684294488281012 
vn -0.0020967351738363504 -0.00965831521898508 0.0015233688754960895 
vn -0.0019552961457520723 -0.00965831521898508 0.0017011082964017987 
vn -0.003376011736690998 -0.008656609803438187 0.0036967077758163214 
vn -0.004084608983248472 -0.0071555194444954395 0.005666967015713453 
vn -0.003988303244113922 -0.005972882732748985 0.006958312354981899 
vn -0.0034822318702936172 -0.005287245847284794 0.007740742061287165 
vn -0.002749366220086813 -0.004565190989524126 0.008461679331958294 
vn -0.0019302669679746032 -0.003321930533275008 0.009232488460838795 
vn -0.00097970524802804 -0.0034862649627029896 0.009321273304522038 
vn -0.000018869795894715935 -0.004211875610053539 0.0090697156265378 
vn 0.000018883369193645194 -0.004987380001693964 0.008667507208883762 
vn 2.9035484750577524e-15 -0.0034862649627029896 0.009372617118060589 
vn -0.0009608936379663646 -0.003321930533275008 0.00938304141163826 
vn -0.0018744419794529676 -0.004565190523862839 0.008697441779077053 
vn -0.0026372799184173346 -0.005287245847284794 0.008067823946475983 
vn -0.0032471749000251293 -0.005972882732748985 0.007333520799875259 
vn -0.003514582524076104 -0.0071555194444954395 0.00603707367554307 
vn -0.0029670479707419872 -0.008656609803438187 0.004032335709780455 
vn -0.0017435512272641063 -0.00965831521898508 0.0019175460329279304 
vn -0.0006441111909225583 -0.009953834116458893 0.0007115568732842803 
vn -0.000698608229868114 -0.009953834116458893 0.0006581327761523426 
vn -0.0007940352079458535 -0.009953834116458893 0.0005391659215092659 
vn -0.0008343618246726692 -0.009953834116458893 0.0004743753233924508 
vn -0.000869413313921541 -0.009953834116458893 0.00040658554644323885 
vn -0.0009228393901139498 -0.009953834116458893 0.0002637392026372254 
vn -0.000940876139793545 -0.009953834116458893 0.00018958574219141155 
vn -0.0009529643575660884 -0.009953834116458893 0.0001142336695920676 
vn -0.0009590276167728007 -0.009953834116458893 0.0000381593854399398 
vn -0.0009529643575660884 -0.009953834116458893 -0.00011423043179092929 
vn -0.000940876139793545 -0.009953834116458893 -0.00018958249711431563 
vn -0.0009228393901139498 -0.009953834116458893 -0.0002637359721120447 
vn -0.000869413313921541 -0.009953834116458893 -0.0004065822868142277 
vn -0.0008343618246726692 -0.009953834116458893 -0.00047437206376343966 
vn 0.000018873783119488508 -0.003321930533275008 0.009432095102965832 
vn -0.006437116302549839 0.00736579904332757 -0.002075701719149947 
vn -0.006726667284965515 0.0067795803770422935 -0.0029646647162735462 
vn -0.006994706578552723 0.0067795803770422935 -0.0022608351428061724 
vn -0.007409832440316677 0.005831803660839796 -0.0033293310552835464 
vn -0.007733951322734356 0.005831803660839796 -0.002485168632119894 
vn -0.007189322728663683 0.0067795803770422935 -0.0015332740731537342 
vn -0.006612556520849466 0.007365799508988857 -0.0014209497021511197 
vn -0.006729537155479193 0.007365799508988857 -0.0006769988685846329 
vn -0.004978617653250694 0.008656610734760761 -0.0005257974262349308 
vn -0.0048958598636090755 0.008656610734760761 -0.0010457774624228477 
vn -0.004758948460221291 0.008656610734760761 -0.0015541899483650923 
vn -0.006166449282318354 0.00736579904332757 -0.002778472611680627 
vn -0.006350402254611254 0.006779579911381006 -0.0037026589270681143 
vn -0.007031950168311596 0.005831803660839796 -0.004067154135555029 
vn -0.007714558392763138 0.004565191455185413 -0.004432224668562412 
vn -0.008124866522848606 0.004565191455185413 -0.003625682555139065 
vn -0.008451126515865326 0.004565191920846701 -0.002781633986160159 
vn -0.007946954108774662 0.005831804126501083 -0.0016840395983308554 
vn -0.007308474276214838 0.0067795803770422935 -0.0007896185270510614 
vn -0.006763504818081856 0.007365799508988857 -1.200042065718776e-9 
vn -0.005006305407732725 0.008656610734760761 -1.41034262046702e-9 
vn -0.002802076982334256 0.009599394164979458 -1.5639423089908178e-9 
vn -0.002785930410027504 0.009599394164979458 -0.0003003799938596785 
vn -0.002737676724791527 0.009599394164979458 -0.0005972966318950057 
vn -0.0026578721590340137 0.009599394164979458 -0.0008873296319507062 
vn -0.004569397307932377 0.008656610734760761 -0.0020454113837331533 
vn -0.005857367068529129 0.00736579904332757 -0.003381753573194146 
vn -0.005938218906521797 0.006779579911381006 -0.004332996439188719 
vn -0.0065808421932160854 0.005831803660839796 -0.004762624390423298 
vn -0.006061204709112644 0.005831803195178509 -0.005408499389886856 
vn -0.006609335541725159 0.004565190989524126 -0.005956149194389582 
vn -0.007180154789239168 0.004565191455185413 -0.00525398924946785 
vn -0.005463702138513327 0.006779579911381006 -0.0049178507179021835 
vn -0.005489451345056295 0.00736579904332757 -0.003951067104935646 
vn -0.004329302813857794 0.008656610734760761 -0.002514007966965437 
vn -0.0025474363937973976 0.009599394164979458 -0.0011671364773064852 
vn -0.0009999225148931146 0.009940397925674915 -0.000434329267591238 
vn -0.0010272311046719551 0.009940397925674915 -0.00036507961340248585 
vn -0.0010673748329281807 0.009940397925674915 -0.00022180465748533607 
vn -0.0010800228919833899 0.009940397925674915 -0.0001484473468735814 
vn -0.0010901768691837788 0.009940397925674915 -1.619499423455295e-9 
vn -0.002785930410027504 0.009599394164979458 0.0003003768506459892 
vn -0.0010800228919833899 0.009940397925674915 0.0001484441163484007 
vn -0.002737676724791527 0.009599394164979458 0.0005972935468889773 
vn -0.0010673748329281807 0.009940397925674915 0.00022180142696015537 
vn -0.004978617653250694 0.008656610734760761 0.000525794574059546 
vn -0.006729537155479193 0.007365799508988857 0.0006769964820705354 
vn -0.007350909058004618 0.006779580842703581 0.000037672249163733795 
vn -0.008077201433479786 0.005831804126501083 -0.0008653741679154336 
vn -0.008705836720764637 0.004565191920846701 -0.0018350578611716628 
vn -0.008751260116696358 0.003932545427232981 -0.002819668035954237 
vn -0.008401450701057911 0.003932545427232981 -0.003735064063221216 
vn -0.007956202141940594 0.003932545427232981 -0.004608029965311289 
vn -0.007420570123940706 0.003932545427232981 -0.005428648553788662 
vn -0.006851166021078825 0.003932544961571693 -0.006131608039140701 
vn -0.006159654352813959 0.003932544961571693 -0.006825961638242006 
vn -0.00597014557570219 0.004565190989524126 -0.00659669516608119 
vn -0.005422547459602356 0.005831803195178509 -0.006048640236258507 
vn -0.004931834060698748 0.006779579911381006 -0.0054510836489498615 
vn -0.005016167648136616 0.007365798577666283 -0.004536856897175312 
vn -0.004041321109980345 0.008656610734760761 -0.0029547966551035643 
vn -0.0024452602956444025 0.009599394164979458 -0.0013683352153748274 
vn -0.0009314683265984058 0.009940397925674915 -0.0005664399941451848 
vn -0.0008906416478566825 0.009940397925674915 -0.0006286851712502539 
vn -0.0022844865452498198 0.009599394164979458 -0.0016225785948336124 
vn -0.0007967404089868069 0.009940397925674915 -0.0007441052584908903 
vn -0.002097384538501501 0.009599394164979458 -0.0018581222975626588 
vn -0.0007441036286763847 0.009940397925674915 -0.0007967420388013124 
vn -0.0018861111020669341 0.009599394164979458 -0.0020722514018416405 
vn -0.0006286835414357483 0.009940397925674915 -0.0008906432776711881 
vn -0.0037086380179971457 0.008656610734760761 -0.0033629017416387796 
vn -0.00453685550019145 0.007365798577666283 -0.005016169045120478 
vn -0.004348197486251593 0.006779579911381006 -0.005927097052335739 
vn -0.004777879919856787 0.005831803195178509 -0.006569774355739355 
vn -0.005208220332860947 0.004565190989524126 -0.007213423494249582 
vn -0.005398168694227934 0.003932544961571693 -0.007442772854119539 
vn -0.005536277778446674 0.0034452795516699553 -0.00758153572678566 
vn -0.0062965708784759045 0.0034452795516699553 -0.00696299085393548 
vn -0.00698822969570756 0.003445279784500599 -0.006268547847867012 
vn -0.007603715173900127 0.003445279784500599 -0.0055057755671441555 
vn -0.008136317133903503 0.0034452800173312426 -0.004682989325374365 
vn -0.008580231107771397 0.003445280250161886 -0.003809156594797969 
vn -0.008930617943406105 0.003445280250161886 -0.002893803408369422 
vn -0.008985995315015316 0.003932545892894268 -0.0019460137700662017 
vn -0.009183659218251705 0.00344528048299253 -0.0019469066755846143 
vn -0.0091420728713274 0.003932545892894268 -0.0009785654256120324 
vn -0.009336595423519611 0.0034452807158231735 -0.0009787881281226873 
vn -0.009194295853376389 0.003932545892894268 -6.406924435431449e-10 
vn -0.009387760423123837 0.0034452807158231735 -5.613066678122891e-10 
vn -0.0091420728713274 0.003932546358555555 0.0009785641450434923 
vn -0.009336595423519611 0.003445280948653817 0.000978787080384791 
vn -0.008985995315015316 0.003932546358555555 0.0019460124894976616 
vn -0.009183659218251705 0.003445281181484461 0.0019469056278467178 
vn -0.008751260116696358 0.003932546358555555 0.0028196668718010187 
vn -0.008930617943406105 0.003445281181484461 0.0028938022442162037 
vn -0.008401450701057911 0.003932546824216843 0.0037350626662373543 
vn -0.008580231107771397 0.0034452814143151045 0.0038091556634753942 
vn -0.007956202141940594 0.003932546824216843 0.004608028568327427 
vn -0.008136317133903503 0.003445281647145748 0.00468298839405179 
vn -0.007420570123940706 0.003932546824216843 0.0054286471568048 
vn -0.007603715173900127 0.003445281647145748 0.005505774635821581 
vn -0.006851166021078825 0.00393254728987813 0.006131606642156839 
vn -0.00698822969570756 0.003445281879976392 0.00626854645088315 
vn -0.006159654352813959 0.00393254728987813 0.006825960241258144 
vn -0.0062965708784759045 0.003445281879976392 0.006962989456951618 
vn -0.005398168694227934 0.00393254728987813 0.007442771922796965 
vn -0.005536277778446674 0.0034452821128070354 0.007581534329801798 
vn -0.004575359635055065 0.00393254728987813 0.007975032553076744 
vn -0.004715637769550085 0.0034452821128070354 0.008117437362670898 
vn -0.0037694890052080154 0.00393254728987813 0.008386061526834965 
vn -0.0038435952737927437 0.0034452821128070354 0.008564858697354794 
vn -0.0028555351309478283 0.00393254728987813 0.008739621378481388 
vn -0.0029296569991856813 0.003445282345637679 0.008918920531868935 
vn -0.001909142592921853 0.003932547755539417 0.008993900381028652 
vn -0.001983784604817629 0.003445282345637679 0.009175763465464115 
vn -0.0009410623461008072 0.003932547755539417 0.009146008640527725 
vn -0.0010162882972508669 0.003445282345637679 0.009332587011158466 
vn 0.00003770842158701271 0.003932547755539417 0.00919421762228012 
vn 0.000037714118661824614 0.003445282345637679 0.009387684054672718 
vn 0.0009410623461008072 0.003932547755539417 0.009146008640527725 
vn 0.0010162882972508669 0.003445282345637679 0.009332587011158466 
vn 0.001909142592921853 0.003932547755539417 0.008993900381028652 
vn 0.001983784604817629 0.003445282345637679 0.009175763465464115 
vn 0.0028555351309478283 0.00393254728987813 0.008739621378481388 
vn 0.0029296569991856813 0.003445282345637679 0.008918920531868935 
vn 0.0037694890052080154 0.00393254728987813 0.008386061526834965 
vn 0.0038435952737927437 0.0034452821128070354 0.008564858697354794 
vn 0.004575359635055065 0.00393254728987813 0.007975032553076744 
vn 0.004715637769550085 0.0034452821128070354 0.008117437362670898 
vn 0.005398168694227934 0.00393254728987813 0.007442771922796965 
vn 0.005536277778446674 0.0034452821128070354 0.007581534329801798 
vn 0.006159654352813959 0.00393254728987813 0.006825960241258144 
vn 0.0062965708784759045 0.003445281879976392 0.006962989456951618 
vn 0.006851166021078825 0.00393254728987813 0.006131606642156839 
vn 0.00698822969570756 0.003445281879976392 0.00626854645088315 
vn 0.007420570123940706 0.003932546824216843 0.0054286471568048 
vn 0.007603715173900127 0.003445281647145748 0.005505774635821581 
vn 0.007956202141940594 0.003932546824216843 0.004608028568327427 
vn 0.008136317133903503 0.003445281647145748 0.00468298839405179 
vn 0.008401450701057911 0.003932546824216843 0.0037350626662373543 
vn 0.008580231107771397 0.0034452814143151045 0.0038091556634753942 
vn 0.008751260116696358 0.003932546358555555 0.0028196668718010187 
vn 0.008930617943406105 0.003445281181484461 0.0028938022442162037 
vn 0.008985995315015316 0.003932546358555555 0.0019460124894976616 
vn 0.009183659218251705 0.003445281181484461 0.0019469056278467178 
vn 0.0091420728713274 0.003932546358555555 0.0009785641450434923 
vn 0.009336595423519611 0.003445280948653817 0.000978787080384791 
vn 0.009194295853376389 0.003932545892894268 -6.406943309222868e-10 
vn 0.009387760423123837 0.0034452807158231735 -5.613086107025822e-10 
vn 0.0091420728713274 0.003932545892894268 -0.0009785654256120324 
vn 0.009336595423519611 0.0034452807158231735 -0.0009787881281226873 
vn 0.008985995315015316 0.003932545892894268 -0.0019460137700662017 
vn 0.009183659218251705 0.00344528048299253 -0.0019469066755846143 
vn 0.008751260116696358 0.003932545427232981 -0.002819668035954237 
vn 0.008930617943406105 0.003445280250161886 -0.002893803408369422 
vn 0.008401450701057911 0.003932545427232981 -0.003735064063221216 
vn 0.008580231107771397 0.003445280250161886 -0.003809156594797969 
vn 0.007956202141940594 0.003932545427232981 -0.004608029965311289 
vn 0.008136317133903503 0.0034452800173312426 -0.004682989325374365 
vn 0.007420570123940706 0.003932545427232981 -0.005428648553788662 
vn 0.007603715173900127 0.003445279784500599 -0.0055057755671441555 
vn 0.006851166021078825 0.003932544961571693 -0.006131608039140701 
vn 0.00698822969570756 0.003445279784500599 -0.006268547847867012 
vn 0.006159654352813959 0.003932544961571693 -0.006825961638242006 
vn 0.0062965708784759045 0.0034452795516699553 -0.00696299085393548 
vn 0.005398168694227934 0.003932544961571693 -0.007442772854119539 
vn 0.005536277778446674 0.0034452795516699553 -0.00758153572678566 
vn 0.004575359635055065 0.003932544961571693 -0.007975034415721893 
vn 0.004715637769550085 0.0034452795516699553 -0.008117438293993473 
vn 0.0037694890052080154 0.003932544495910406 -0.00838606245815754 
vn 0.0038435952737927437 0.0034452793188393116 -0.008564859628677368 
vn 0.0028555351309478283 0.003932544495910406 -0.008739623241126537 
vn 0.0029296569991856813 0.0034452793188393116 -0.00891892146319151 
vn 0.001909142592921853 0.003932544495910406 -0.008993901312351227 
vn 0.001983784604817629 0.0034452793188393116 -0.00917576439678669 
vn 0.0009410623461008072 0.003932544495910406 -0.0091460095718503 
vn 0.0010162882972508669 0.0034452793188393116 -0.009332587942481041 
vn 0.00003770842158701271 0.003932544495910406 -0.00919421948492527 
vn 0.000037714118661824614 0.0034452793188393116 -0.009387684985995293 
vn -0.0033349322620779276 0.008656609803438187 -0.003733809106051922 
vn 0.000018860428099287674 0.004565190523862839 -0.008897116407752037 
vn 0.0009225007379427552 0.004565190523862839 -0.008849182166159153 
vn 0.000018848208128474653 0.0058318027295172215 -0.008123406209051609 
vn 0.0018165982328355312 0.004565190523862839 -0.008709707297384739 
vn 0.002763712080195546 0.004565190989524126 -0.008457005023956299 
vn 0.0036084502935409546 0.004565190989524126 -0.00813253503292799 
vn 0.004415860865265131 0.004565190989524126 -0.007723937276750803 
vn 0.005238756071776152 0.004565190989524126 -0.0071912771090865135 
vn 0.00594212394207716 0.004565190989524126 -0.0066219475120306015 
vn 0.006634527817368507 0.004565190989524126 -0.005928074475377798 
vn 0.007202365435659885 0.004565191455185413 -0.0052235000766813755 
vn 0.0076956981793046 0.004565191455185413 -0.004464892204850912 
vn 0.008140165358781815 0.004565191455185413 -0.0035912031307816505 
vn 0.008462843485176563 0.004565191920846701 -0.002745778998360038 
vn 0.008697978220880032 0.004565191920846701 -0.0018719512736424804 
vn 0.00885111652314663 0.004565191920846701 -0.0009037405834533274 
vn 0.00889713503420353 0.004565192386507988 -7.437656601716469e-10 
vn 0.00885111652314663 0.004565192386507988 0.0009037391282618046 
vn 0.008697978220880032 0.004565192386507988 0.0018719497602432966 
vn 0.008462843485176563 0.004565192386507988 0.002745777601376176 
vn 0.008140165358781815 0.004565192852169275 0.0035912017337977886 
vn 0.0076956981793046 0.004565192852169275 0.004464890342205763 
vn 0.007202365435659885 0.004565192852169275 0.005223498679697514 
vn 0.006634527817368507 0.004565193317830563 0.005928072612732649 
vn 0.00594212394207716 0.004565193317830563 0.00662194611504674 
vn 0.005238756071776152 0.004565193317830563 0.007191275712102652 
vn 0.004481195006519556 0.004565193317830563 0.007686214987188578 
vn 0.0036084502935409546 0.004565193317830563 0.00813253317028284 
vn 0.002763712080195546 0.004565193317830563 0.00845700316131115 
vn 0.0018165982328355312 0.00456519378349185 0.008709706366062164 
vn 0.0009225007379427552 0.00456519378349185 0.008849181234836578 
vn 0.000018860428099287674 0.00456519378349185 0.008897114545106888 
vn -0.0009600099292583764 0.00456519378349185 0.008845190517604351 
vn -0.0018535080598667264 0.00456519378349185 0.008701926097273827 
vn -0.0027278324123471975 0.004565193317830563 0.008468644693493843 
vn -0.0036428971216082573 0.004565193317830563 0.008117161691188812 
vn -0.004448567517101765 0.004565193317830563 0.0077051445841789246 
vn -0.005208220332860947 0.004565193317830563 0.00721342209726572 
vn -0.00597014557570219 0.004565193317830563 0.006596693769097328 
vn -0.006609335541725159 0.004565193317830563 0.00595614779740572 
vn -0.007180154789239168 0.004565192852169275 0.005253987852483988 
vn -0.007714558392763138 0.004565192852169275 0.00443222327157855 
vn -0.008124866522848606 0.004565192852169275 0.003625680925324559 
vn -0.008451126515865326 0.004565192386507988 0.0027816323563456535 
vn -0.008705836720764637 0.004565192386507988 0.001835056347772479 
vn -0.008847205899655819 0.004565192386507988 0.0009412566432729363 
vn -0.008897054940462112 0.004565192386507988 -0.00003772151467273943 
vn -0.008847205899655819 0.004565191920846701 -0.0009412581566721201 
vn -0.008123339153826237 0.005831804126501083 -0.00003769726390601136 
vn -0.008077201433479786 0.005831804592162371 0.0008653723052702844 
vn -0.007946954108774662 0.005831804592162371 0.0016840377356857061 
vn -0.007733951322734356 0.005831804592162371 0.002485166769474745 
vn -0.007409832440316677 0.005831804592162371 0.003329329192638397 
vn -0.007031950168311596 0.005831805057823658 0.00406715227290988 
vn -0.0065808421932160854 0.005831805057823658 0.004762622527778149 
vn -0.006061204709112644 0.005831805057823658 0.005408497527241707 
vn -0.005422547459602356 0.005831805057823658 0.0060486383736133575 
vn -0.004777879919856787 0.005831805523484945 0.006569772493094206 
vn -0.0040834578685462475 0.005831805523484945 0.00702249351888895 
vn -0.003277672454714775 0.005831805523484945 0.007432826329022646 
vn -0.002503105439245701 0.005831805523484945 0.007728163152933121 
vn -0.001702472916804254 0.005831805523484945 0.007943023927509785 
vn -0.0008841117960400879 0.005831805523484945 0.008075171150267124 
vn 0.000018848208128474653 0.005831805523484945 0.00812340434640646 
vn 0.0008466299623250961 0.005831805523484945 0.008079187013208866 
vn 0.0016655954532325268 0.005831805523484945 0.007950838655233383 
vn 0.0025389406364411116 0.005831805523484945 0.007716464810073376 
vn 0.0033121288288384676 0.005831805523484945 0.007417536806315184 
vn 0.004050826653838158 0.005831805523484945 0.007041367702186108 
vn 0.004747341386973858 0.005831805523484945 0.0065918732434511185 
vn 0.005450557451695204 0.005831805057823658 0.006023410242050886 
vn 0.006036041304469109 0.005831805057823658 0.0054365661926567554 
vn 0.006558670196682215 0.005831805057823658 0.004793109372258186 
vn 0.007050747983157635 0.005831805057823658 0.004034477286040783 
vn 0.007425202522426844 0.005831804592162371 0.0032949086744338274 
vn 0.007722335401922464 0.005831804592162371 0.0025210289750248194 
vn 0.007939053699374199 0.005831804592162371 0.0017208970384672284 
vn 0.008081130683422089 0.005831804592162371 0.0008278811001218855 
vn 0.00812342669814825 0.005831804126501083 -9.501234243813883e-10 
vn 0.008081130683422089 0.005831804126501083 -0.0008278830209746957 
vn 0.007939053699374199 0.005831804126501083 -0.0017208989011123776 
vn 0.007722335401922464 0.005831803660839796 -0.0025210310705006123 
vn 0.007425202522426844 0.005831803660839796 -0.0032949105370789766 
vn 0.007050747983157635 0.005831803660839796 -0.004034479148685932 
vn 0.006558670196682215 0.005831803660839796 -0.004793111234903336 
vn 0.006036041304469109 0.005831803195178509 -0.005436568055301905 
vn 0.005450557451695204 0.005831803195178509 -0.006023412104696035 
vn 0.004747341386973858 0.005831803195178509 -0.006591875106096268 
vn 0.004050826653838158 0.005831803195178509 -0.007041369564831257 
vn 0.0033121288288384676 0.005831803195178509 -0.007417538668960333 
vn 0.0025389406364411116 0.005831803195178509 -0.007716466672718525 
vn 0.0016655954532325268 0.005831803195178509 -0.007950840517878532 
vn 0.0008466299623250961 0.0058318027295172215 -0.008079188875854015 
vn 0.000018836737581295893 0.006779579445719719 -0.0073509830981493 
vn 0.0007708871271461248 0.006779579445719719 -0.007310474291443825 
vn -6.994245389427929e-16 0.007365798577666283 -0.00676350574940443 
vn 0.0015148456441238523 0.006779579445719719 -0.0071932291612029076 
vn 0.0022429029922932386 0.006779579445719719 -0.007000477984547615 
vn 0.0030162862967699766 0.006779579445719719 -0.006703679449856281 
vn 0.0036863728892058134 0.006779579445719719 -0.006359871011227369 
vn 0.004317764192819595 0.006779579911381006 -0.005949303507804871 
vn 0.004903832916170359 0.006779579911381006 -0.005476287100464106 
vn 0.005488833878189325 0.006779579911381006 -0.004889785312116146 
vn 0.005960347130894661 0.006779579911381006 -0.00430250633507967 
vn 0.006369295064359903 0.006779579911381006 -0.003670064965263009 
vn 0.006711385678499937 0.0067795803770422935 -0.002999099437147379 
vn 0.006983028259128332 0.0067795803770422935 -0.002296652877703309 
vn 0.007197086233645678 0.0067795803770422935 -0.0014964091824367642 
vn 0.007312424946576357 0.0067795803770422935 -0.0007521527586504817 
vn 0.00735100544989109 0.006779580842703581 -1.1045360182038166e-9 
vn 0.007312424946576357 0.006779580842703581 0.0007521506049670279 
vn 0.007197086233645678 0.006779580842703581 0.0014964070869609714 
vn 0.006983028259128332 0.006779581308364868 0.0022966505493968725 
vn 0.006711385678499937 0.006779581308364868 0.0029990971088409424 
vn 0.006369295064359903 0.006779581308364868 0.003670062869787216 
vn 0.005960347130894661 0.006779581308364868 0.004302504006773233 
vn 0.005488833878189325 0.006779581308364868 0.0048897829838097095 
vn 0.004903832916170359 0.0067795817740261555 0.005476284772157669 
vn 0.004317764192819595 0.0067795817740261555 0.005949301179498434 
vn 0.0036863728892058134 0.0067795817740261555 0.006359868682920933 
vn 0.0030162862967699766 0.0067795817740261555 0.006703677121549845 
vn 0.0022429029922932386 0.0067795817740261555 0.0070004756562411785 
vn 0.0015148456441238523 0.0067795817740261555 0.007193226832896471 
vn 0.0007708871271461248 0.0067795817740261555 0.0073104724287986755 
vn 0.000018836737581295893 0.0067795817740261555 0.007350980769842863 
vn -0.000733411405235529 0.0067795817740261555 0.007314326707273722 
vn -0.0015516903949901462 0.0067795817740261555 0.00718536926433444 
vn -0.002278750529512763 0.0067795817740261555 0.006988889072090387 
vn -0.0029818906914442778 0.0067795817740261555 0.006719047669321299 
vn -0.003653730731457472 0.0067795817740261555 0.006378677673637867 
vn -0.004348197486251593 0.0067795817740261555 0.005927094724029303 
vn -0.004931834060698748 0.0067795817740261555 0.005451081320643425 
vn -0.005463702138513327 0.006779581308364868 0.004917848389595747 
vn -0.005938218906521797 0.006779581308364868 0.004332994110882282 
vn -0.006350402254611254 0.006779581308364868 0.0037026565987616777 
vn -0.006726667284965515 0.006779581308364868 0.0029646623879671097 
vn -0.006994706578552723 0.006779581308364868 0.0022608330473303795 
vn -0.007189322728663683 0.006779580842703581 0.0015332718612626195 
vn -0.007308474276214838 0.006779580842703581 0.0007896163733676076 
vn -0.006612556520849466 0.007365799974650145 0.0014209472574293613 
vn -0.006437116302549839 0.007365799974650145 0.0020756993908435106 
vn -0.006166449282318354 0.007365799974650145 0.0027784702833741903 
vn -0.005857367068529129 0.007365799974650145 0.0033817512448877096 
vn -0.005489451345056295 0.007365799974650145 0.0039510647766292095 
vn -0.005016167648136616 0.007365800440311432 0.004536854103207588 
vn -0.00453685550019145 0.007365800440311432 0.005016166716814041 
vn -0.003951065707951784 0.007365800440311432 0.0054894499480724335 
vn -0.003381752409040928 0.007365800440311432 0.005857365671545267 
vn -0.0027784714475274086 0.007365800440311432 0.006166447885334492 
vn -0.002075700554996729 0.007365800440311432 0.006437114905565977 
vn -0.0014209485379979014 0.007365800440311432 0.006612555589526892 
vn -0.0006769977044314146 0.007365800440311432 0.006729536224156618 
vn 2.095270037997415e-15 0.007365800440311432 0.006763503421097994 
vn 0.0006769977044314146 0.007365800440311432 0.006729536224156618 
vn 0.0014209485379979014 0.007365800440311432 0.006612555589526892 
vn 0.002075700554996729 0.007365800440311432 0.006437114905565977 
vn 0.0027784714475274086 0.007365800440311432 0.006166447885334492 
vn 0.003381752409040928 0.007365800440311432 0.005857365671545267 
vn 0.003951065707951784 0.007365800440311432 0.0054894499480724335 
vn 0.00453685550019145 0.007365800440311432 0.005016166716814041 
vn 0.005016167648136616 0.007365800440311432 0.004536854103207588 
vn 0.005489451345056295 0.007365799974650145 0.0039510647766292095 
vn 0.005857367068529129 0.007365799974650145 0.0033817512448877096 
vn 0.006166449282318354 0.007365799974650145 0.0027784702833741903 
vn 0.006437116302549839 0.007365799974650145 0.0020756993908435106 
vn 0.006612556520849466 0.007365799974650145 0.0014209472574293613 
vn 0.006729537155479193 0.007365799508988857 0.0006769964820705354 
vn 0.006763504818081856 0.007365799508988857 -1.2000433979864056e-9 
vn 0.006729537155479193 0.007365799508988857 -0.0006769988685846329 
vn 0.006612556520849466 0.007365799508988857 -0.0014209497021511197 
vn 0.006437116302549839 0.00736579904332757 -0.002075701719149947 
vn 0.006166449282318354 0.00736579904332757 -0.002778472611680627 
vn 0.005857367068529129 0.00736579904332757 -0.003381753573194146 
vn 0.005489451345056295 0.00736579904332757 -0.003951067104935646 
vn 0.005016167648136616 0.007365798577666283 -0.004536856897175312 
vn 0.00453685550019145 0.007365798577666283 -0.005016169045120478 
vn 0.003951065707951784 0.007365798577666283 -0.00548945227637887 
vn 0.003381752409040928 0.007365798577666283 -0.005857367999851704 
vn 0.0027784714475274086 0.007365798577666283 -0.006166450213640928 
vn 0.002075700554996729 0.007365798577666283 -0.006437117233872414 
vn 0.0014209485379979014 0.007365798577666283 -0.006612557917833328 
vn 0.0006769977044314146 0.007365798577666283 -0.006729538552463055 
vn 0.00003762589403777383 0.008656609803438187 -0.0050061652436852455 
vn 0.0004883633810095489 0.008656609803438187 -0.004982430022209883 
vn -0.000037618461647070944 0.009599394164979458 -0.0028018259909003973 
vn 0.0010089506395161152 0.008656609803438187 -0.004903582856059074 
vn 0.0015183779178187251 0.008656609803438187 -0.004770496394485235 
vn 0.002011009957641363 0.008656609803438187 -0.004584642127156258 
vn 0.0024813979398459196 0.008656609803438187 -0.004348076414316893 
vn 0.0029243382159620523 0.008656609803438187 -0.00406341627240181 
vn 0.0033349322620779276 0.008656609803438187 -0.003733809106051922 
vn 0.0037086380179971457 0.008656610734760761 -0.0033629017416387796 
vn 0.004041321109980345 0.008656610734760761 -0.0029547966551035643 
vn 0.004329302813857794 0.008656610734760761 -0.002514007966965437 
vn 0.004569397307932377 0.008656610734760761 -0.0020454113837331533 
vn 0.004758948460221291 0.008656610734760761 -0.0015541899483650923 
vn 0.0048958598636090755 0.008656610734760761 -0.0010457774624228477 
vn 0.004978617653250694 0.008656610734760761 -0.0005257974262349308 
vn 0.005006305407732725 0.008656610734760761 -1.4103437306900446e-9 
vn 0.004978617653250694 0.008656610734760761 0.000525794574059546 
vn 0.0048958598636090755 0.008656610734760761 0.001045774668455124 
vn 0.004758948460221291 0.008656610734760761 0.0015541871543973684 
vn 0.004569397307932377 0.008656610734760761 0.0020454085897654295 
vn 0.004329302813857794 0.008656611666083336 0.002514005172997713 
vn 0.004041321109980345 0.008656611666083336 0.0029547938611358404 
vn 0.0037086380179971457 0.008656611666083336 0.003362898947671056 
vn 0.0033349322620779276 0.008656611666083336 0.003733806312084198 
vn 0.0029243382159620523 0.008656611666083336 0.0040634130127727985 
vn 0.0024813979398459196 0.008656611666083336 0.004348073620349169 
vn 0.002011009957641363 0.008656611666083336 0.004584639333188534 
vn 0.0015183779178187251 0.008656611666083336 0.004770493600517511 
vn 0.0010089506395161152 0.008656611666083336 0.0049035800620913506 
vn 0.0004883633810095489 0.008656611666083336 0.004982427228242159 
vn 0.00003762589403777383 0.008656611666083336 0.005006162449717522 
vn -0.0004883633810095489 0.008656611666083336 0.004982427228242159 
vn -0.0010089506395161152 0.008656611666083336 0.0049035800620913506 
vn -0.0015183779178187251 0.008656611666083336 0.004770493600517511 
vn -0.002011009957641363 0.008656611666083336 0.004584639333188534 
vn -0.0024813979398459196 0.008656611666083336 0.004348073620349169 
vn -0.0029243382159620523 0.008656611666083336 0.0040634130127727985 
vn -0.0033349322620779276 0.008656611666083336 0.003733806312084198 
vn -0.0037086380179971457 0.008656611666083336 0.003362898947671056 
vn -0.004041321109980345 0.008656611666083336 0.0029547938611358404 
vn -0.004329302813857794 0.008656611666083336 0.002514005172997713 
vn -0.004569397307932377 0.008656610734760761 0.0020454085897654295 
vn -0.004758948460221291 0.008656610734760761 0.0015541871543973684 
vn -0.0048958598636090755 0.008656610734760761 0.001045774668455124 
vn -0.0026578721590340137 0.009599394164979458 0.0008873265469446778 
vn -0.0010272311046719551 0.00994039885699749 0.00036507638287730515 
vn -0.0025474363937973976 0.009599394164979458 0.0011671333340927958 
vn -0.0024452602956444025 0.009599394164979458 0.0013683321885764599 
vn -0.0022844865452498198 0.009599394164979458 0.0016225754516199231 
vn -0.002097384538501501 0.009599394164979458 0.0018581191543489695 
vn -0.0018861111020669341 0.009599394164979458 0.002072248375043273 
vn -0.0016531005967408419 0.009599394164979458 0.0022624956909567118 
vn -0.001401038491167128 0.009599394164979458 0.00242666807025671 
vn -0.001132829813286662 0.009599394164979458 0.0025628742296248674 
vn -0.0008515656227245927 0.009599395096302032 0.002669543493539095 
vn -0.000560487387701869 0.009599395096302032 0.0027454469818621874 
vn -0.0002629496739245951 0.009599395096302032 0.0027897104155272245 
vn 0.000037618461647070944 0.009599395096302032 0.00280182296410203 
vn 0.0002629496739245951 0.009599395096302032 0.0027897104155272245 
vn 0.000560487387701869 0.009599395096302032 0.0027454469818621874 
vn 0.0008515656227245927 0.009599395096302032 0.002669543493539095 
vn 0.001132829813286662 0.009599394164979458 0.0025628742296248674 
vn 0.001401038491167128 0.009599394164979458 0.00242666807025671 
vn 0.0016531005967408419 0.009599394164979458 0.0022624956909567118 
vn 0.0018861111020669341 0.009599394164979458 0.002072248375043273 
vn 0.002097384538501501 0.009599394164979458 0.0018581191543489695 
vn 0.0022844865452498198 0.009599394164979458 0.0016225754516199231 
vn 0.0024452602956444025 0.009599394164979458 0.0013683321885764599 
vn 0.0025474363937973976 0.009599394164979458 0.0011671333340927958 
vn 0.0026578721590340137 0.009599394164979458 0.0008873265469446778 
vn 0.002737676724791527 0.009599394164979458 0.0005972935468889773 
vn 0.002785930410027504 0.009599394164979458 0.0003003768506459892 
vn 0.002802076982334256 0.009599394164979458 -1.56394286410233e-9 
vn 0.002785930410027504 0.009599394164979458 -0.0003003799938596785 
vn 0.002737676724791527 0.009599394164979458 -0.0005972966318950057 
vn 0.0026578721590340137 0.009599394164979458 -0.0008873296319507062 
vn 0.0025474363937973976 0.009599394164979458 -0.0011671364773064852 
vn 0.0024452602956444025 0.009599394164979458 -0.0013683352153748274 
vn 0.0022844865452498198 0.009599394164979458 -0.0016225785948336124 
vn 0.002097384538501501 0.009599394164979458 -0.0018581222975626588 
vn 0.0018861111020669341 0.009599394164979458 -0.0020722514018416405 
vn 0.0016531005967408419 0.009599394164979458 -0.0022624987177550793 
vn 0.001401038491167128 0.009599394164979458 -0.002426671329885721 
vn 0.001132829813286662 0.009599394164979458 -0.002562877256423235 
vn 0.0008515656227245927 0.009599394164979458 -0.002669546753168106 
vn 0.000560487387701869 0.009599394164979458 -0.0027454502414911985 
vn 0.0002629496739245951 0.009599394164979458 -0.002789713442325592 
vn 0.00014844573161099106 0.009940397925674915 -0.0010800245217978954 
vn -1.1273688243621557e-16 0.009940397925674915 -0.0010901784989982843 
vn 0.00022180304222274572 0.009940397925674915 -0.0010673764627426863 
vn 0.00036507801269181073 0.009940397925674915 -0.0010272327344864607 
vn 0.00043432763777673244 0.009940397925674915 -0.0009999241447076201 
vn 0.0005664384225383401 0.009940397925674915 -0.0009314699564129114 
vn 0.0006286835414357483 0.009940397925674915 -0.0008906432776711881 
vn 0.0007441036286763847 0.009940397925674915 -0.0007967420388013124 
vn 0.0007967404089868069 0.009940397925674915 -0.0007441052584908903 
vn 0.0008906416478566825 0.009940397925674915 -0.0006286851712502539 
vn 0.0009314683265984058 0.009940397925674915 -0.0005664399941451848 
vn 0.0009999225148931146 0.009940397925674915 -0.000434329267591238 
vn 0.0010272311046719551 0.009940397925674915 -0.00036507961340248585 
vn 0.0010673748329281807 0.009940397925674915 -0.00022180465748533607 
vn 0.0010800228919833899 0.009940397925674915 -0.0001484473468735814 
vn 0.0010901768691837788 0.009940397925674915 -1.6194996454999e-9 
vn 0.0010800228919833899 0.009940397925674915 0.0001484441163484007 
vn 0.0010673748329281807 0.009940397925674915 0.00022180142696015537 
vn 0.0010272311046719551 0.00994039885699749 0.00036507638287730515 
vn 0.0009999225148931146 0.00994039885699749 0.0004343260370660573 
vn 0.0009314683265984058 0.00994039885699749 0.0005664367927238345 
vn 0.0008906416478566825 0.00994039885699749 0.0006286819698289037 
vn 0.0007967404089868069 0.00994039885699749 0.0007441019988618791 
vn 0.0007441036286763847 0.00994039885699749 0.0007967387791723013 
vn 0.0006286835414357483 0.00994039885699749 0.000890640018042177 
vn 0.0005664384225383401 0.00994039885699749 0.0009314666967839003 
vn 0.00043432763777673244 0.00994039885699749 0.000999920885078609 
vn 0.00036507801269181073 0.00994039885699749 0.0010272294748574495 
vn 0.00022180304222274572 0.00994039885699749 0.0010673732031136751 
vn 0.00014844573161099106 0.00994039885699749 0.0010800212621688843 
vn 3.3772651503973167e-16 0.00994039885699749 0.0010901752393692732 
vn -0.00014844573161099106 0.00994039885699749 0.0010800212621688843 
vn -0.00022180304222274572 0.00994039885699749 0.0010673732031136751 
vn -0.00036507801269181073 0.00994039885699749 0.0010272294748574495 
vn -0.00043432763777673244 0.00994039885699749 0.000999920885078609 
vn -0.0005664384225383401 0.00994039885699749 0.0009314666967839003 
vn -0.0006286835414357483 0.00994039885699749 0.000890640018042177 
vn -0.0007441036286763847 0.00994039885699749 0.0007967387791723013 
vn -0.0007967404089868069 0.00994039885699749 0.0007441019988618791 
vn -0.0008906416478566825 0.00994039885699749 0.0006286819698289037 
vn -0.0009314683265984058 0.00994039885699749 0.0005664367927238345 
vn -0.0009999225148931146 0.00994039885699749 0.0004343260370660573 
vn -0.003951065707951784 0.007365798577666283 -0.00548945227637887 
vn -0.0029243382159620523 0.008656609803438187 -0.00406341627240181 
vn -0.0016531005967408419 0.009599394164979458 -0.0022624987177550793 
vn -0.0005664384225383401 0.009940397925674915 -0.0009314699564129114 
vn -0.001401038491167128 0.009599394164979458 -0.002426671329885721 
vn -0.00043432763777673244 0.009940397925674915 -0.0009999241447076201 
vn -0.0024813979398459196 0.008656609803438187 -0.004348076414316893 
vn -0.003381752409040928 0.007365798577666283 -0.005857367999851704 
vn -0.003653730731457472 0.006779579445719719 -0.0063786800019443035 
vn -0.0040834578685462475 0.005831803195178509 -0.007022495847195387 
vn -0.004448567517101765 0.004565190989524126 -0.007705146446824074 
vn -0.004575359635055065 0.003932544961571693 -0.007975034415721893 
vn -0.004715637769550085 0.0034452795516699553 -0.008117438293993473 
vn -0.0038435952737927437 0.0034452793188393116 -0.008564859628677368 
vn -0.0037694890052080154 0.003932544495910406 -0.00838606245815754 
vn -0.0036428971216082573 0.004565190989524126 -0.008117162622511387 
vn -0.0029296569991856813 0.0034452793188393116 -0.00891892146319151 
vn -0.0028555351309478283 0.003932544495910406 -0.008739623241126537 
vn -0.001983784604817629 0.0034452793188393116 -0.00917576439678669 
vn -0.001909142592921853 0.003932544495910406 -0.008993901312351227 
vn -0.0010162882972508669 0.0034452793188393116 -0.009332587942481041 
vn -0.0009410623461008072 0.003932544495910406 -0.0091460095718503 
vn 0.000037714118661824614 0.0034452793188393116 -0.009387684985995293 
vn -0.00003770842158701271 0.003932544495910406 -0.00919421948492527 
vn -0.0009600099292583764 0.004565190523862839 -0.008845191448926926 
vn 0.000018860428099287674 0.004565190523862839 -0.008897116407752037 
vn -0.0027278324123471975 0.004565190989524126 -0.008468645624816418 
vn -0.003277672454714775 0.005831803195178509 -0.007432828191667795 
vn -0.0029818906914442778 0.006779579445719719 -0.006719049531966448 
vn -0.0018535080598667264 0.004565190523862839 -0.008701927028596401 
vn -0.001702472916804254 0.005831803195178509 -0.007943025790154934 
vn -0.0008841117960400879 0.0058318027295172215 -0.008075173012912273 
vn 0.000018848208128474653 0.0058318027295172215 -0.008123406209051609 
vn -0.000733411405235529 0.006779579445719719 -0.007314329035580158 
vn 0.000018836737581295893 0.006779579445719719 -0.0073509830981493 
vn -0.002503105439245701 0.005831803195178509 -0.00772816501557827 
vn -0.002278750529512763 0.006779579445719719 -0.006988891400396824 
vn -0.0015516903949901462 0.006779579445719719 -0.007185371592640877 
vn -0.0027784714475274086 0.007365798577666283 -0.006166450213640928 
vn -0.002075700554996729 0.007365798577666283 -0.006437117233872414 
vn -0.002011009957641363 0.008656609803438187 -0.004584642127156258 
vn -0.0014209485379979014 0.007365798577666283 -0.006612557917833328 
vn -0.0006769977044314146 0.007365798577666283 -0.006729538552463055 
vn -6.994245389427929e-16 0.007365798577666283 -0.00676350574940443 
vn -0.0004883633810095489 0.008656609803438187 -0.004982430022209883 
vn 0.00003762589403777383 0.008656609803438187 -0.0050061652436852455 
vn -0.0010089506395161152 0.008656609803438187 -0.004903582856059074 
vn -0.0015183779178187251 0.008656609803438187 -0.004770496394485235 
vn -0.001132829813286662 0.009599394164979458 -0.002562877256423235 
vn -0.00036507801269181073 0.009940397925674915 -0.0010272327344864607 
vn -0.0008515656227245927 0.009599394164979458 -0.002669546753168106 
vn -0.00022180304222274572 0.009940397925674915 -0.0010673764627426863 
vn -0.000560487387701869 0.009599394164979458 -0.0027454502414911985 
vn -0.0002629496739245951 0.009599394164979458 -0.002789713442325592 
vn 0.000037618461647070944 0.009599394164979458 -0.0028018259909003973 
vn -1.1273688243621557e-16 0.009940397925674915 -0.0010901784989982843 
vn -0.00014844573161099106 0.009940397925674915 -0.0010800245217978954 
vn -0.008547654375433922 0.004448178689926863 0.0026741924230009317 
vn -0.009068330749869347 0.0038116914220154285 0.001798995304852724 
vn -0.008800788782536983 0.00440900307148695 0.0017626123735681176 
vn -0.009200766682624817 0.003811691189184785 0.0009038269054144621 
vn -0.008826876990497112 0.003811691654846072 0.0027490458451211452 
vn -0.008204248733818531 0.004448178689926863 0.0035922136157751083 
vn -0.0084861870855093 0.003811691654846072 0.003668190911412239 
vn -0.007762584835290909 0.004448178689926863 0.0044672125950455666 
vn -0.00801273062825203 0.003811691887676716 0.004611633252352476 
vn -0.0072279502637684345 0.00444817915558815 0.0052887084893882275 
vn -0.0074794054962694645 0.003811691887676716 0.005434105172753334 
vn -0.0066574434749782085 0.00444817915558815 0.005991005338728428 
vn -0.006861994042992592 0.0038116921205073595 0.006195485591888428 
vn -0.0059064216911792755 0.00444817915558815 0.006732598878443241 
vn -0.0061110337264835835 0.0038116921205073595 0.006937310099601746 
vn -0.0051353550516068935 0.00444817915558815 0.007337699178606272 
vn -0.005342153366655111 0.003811692353338003 0.007545356173068285 
vn -0.004356389865279198 0.0044090040028095245 0.007847455330193043 
vn -0.004513215273618698 0.003811692353338003 0.008068573661148548 
vn -0.00361271807923913 0.0044090040028095245 0.008216382935643196 
vn -0.0037027841899544 0.003811692586168647 0.008471149951219559 
vn -0.0028381412848830223 0.0044090040028095245 0.00851502362638712 
vn -0.002928529866039753 0.003811692586168647 0.008768963627517223 
vn -0.0019656934309750795 0.0044090040028095245 0.008757667616009712 
vn -0.0020572179928421974 0.003811692586168647 0.009013259783387184 
vn -0.0010910716373473406 0.004448179621249437 0.008889502845704556 
vn -0.001091321581043303 0.003811692586168647 0.009180414490401745 
vn -0.00011314752191537991 0.004448179621249437 0.008955495432019234 
vn -0.00011315636220388114 0.003811692586168647 0.009244360029697418 
vn 0.007021033205091953 0.0049873823300004005 0.005082431249320507 
vn 0.006075493060052395 0.006584557238966227 0.004442070610821247 
vn 0.006452991161495447 0.0049873823300004005 0.005786615423858166 
vn 0.005600616801530123 0.006584557704627514 0.005027593579143286 
vn 0.00581463985145092 0.0049873823300004005 0.006427750922739506 
vn 0.005069545470178127 0.006584557704627514 0.005562671460211277 
vn 0.005142631009221077 0.005025206599384546 0.0069498661905527115 
vn 0.004547927528619766 0.006584557704627514 0.005996661726385355 
vn 0.0044528404250741005 0.005025206599384546 0.007410769816488028 
vn 0.00392518937587738 0.006584557704627514 0.006421564146876335 
vn 0.003653810592368245 0.005025207065045834 0.007835621945559978 
vn 0.0032262762542814016 0.0066173798404634 0.006767675280570984 
vn 0.0027433058712631464 0.005025207065045834 0.008198875933885574 
vn 0.002388373948633671 0.0066173798404634 0.0071067544631659985 
vn 0.0017236658604815602 0.005025207065045834 0.008472087793052197 
vn 0.0014418641803786159 0.0066173798404634 0.007357398513704538 
vn 0.0007535182521678507 0.005025207065045834 0.008612751960754395 
vn 0.000545960501767695 0.0066173798404634 0.007477446924895048 
vn -0.00015088744112290442 0.005025207065045834 0.008644334971904755 
vn -0.00016968112322501838 0.006584557704627514 0.007524281274527311 
vn -0.0010159495286643505 0.004987382795661688 0.008607778698205948 
vn -0.0009215790778398514 0.006584557704627514 0.00746955769136548 
vn -0.0018340389942750335 0.004987382795661688 0.008471263572573662 
vn -0.0015905945328995585 0.006584557704627514 0.0073561957105994225 
vn -0.002707091858610511 0.004987382795661688 0.008233933709561825 
vn -0.002318548271432519 0.006584557704627514 0.007160163018852472 
vn -0.003550648922100663 0.004987382795661688 0.007906889542937279 
vn -0.0030921529978513718 0.006584557704627514 0.006861646194010973 
vn -0.0043555195443332195 0.004987382795661688 0.00749369477853179 
vn -0.0037630978040397167 0.006584557704627514 0.006517875473946333 
vn -0.005051834043115377 0.0049873823300004005 0.007043080870062113 
vn -0.004396284464746714 0.006584557704627514 0.006108705420047045 
vn -0.005701890215277672 0.0049873823300004005 0.006527975667268038 
vn -0.004928609821945429 0.006584557704627514 0.005687917582690716 
vn -0.0063230302184820175 0.005025206599384546 0.005896320100873709 
vn -0.005472918041050434 0.006584557704627514 0.005166311282664537 
vn -0.0069047254510223866 0.005025206599384546 0.005203083157539368 
vn -0.005929840728640556 0.006617379374802113 0.004587731324136257 
vn -0.007449346128851175 0.005025206133723259 0.004387999419122934 
vn -0.006438853219151497 0.006617379374802113 0.0038407633546739817 
vn -0.007928582839667797 0.005025206133723259 0.00344744510948658 
vn -0.006884466856718063 0.006617378909140825 0.002968908054754138 
vn -0.00826787855476141 0.005025206133723259 0.0025277433451265097 
vn -0.007191724143922329 0.006617378909140825 0.002118821023032069 
vn -0.008486808277666569 0.005025205668061972 0.0016496675089001656 
vn -0.007397230714559555 0.006584556773304939 0.0013872943818569183 
vn -0.008627844043076038 0.004987381398677826 0.0008284506038762629 
vn -0.007498909253627062 0.006584556773304939 0.0006402958533726633 
vn -0.008667527697980404 0.004987381398677826 -8.125473627274005e-10 
vn -0.00752610107883811 0.006584556773304939 -0.000037711026379838586 
vn -0.00862030778080225 0.004987381398677826 -0.0009035035036504269 
vn -0.007484570611268282 0.006584556773304939 -0.0007904529920779169 
vn -0.0084791649132967 0.004987380933016539 -0.0017971621127799153 
vn -0.007367942947894335 0.006584556307643652 -0.0015352637274190784 
vn -0.008245635777711868 0.004987380933016539 -0.002671239199116826 
vn -0.007177387364208698 0.006584556307643652 -0.0022646700963377953 
vn -0.00795256532728672 0.004987380933016539 -0.003447136143222451 
vn -0.006914815865457058 0.006584556307643652 -0.0029713534750044346 
vn -0.007561658043414354 0.005025204736739397 -0.004191496409475803 
vn -0.006619091145694256 0.006584556307643652 -0.0035820743069052696 
vn -0.007082104217261076 0.005025204736739397 -0.004958943463861942 
vn -0.006195614114403725 0.006617377977818251 -0.0042219278402626514 
vn -0.006424971856176853 0.005025204736739397 -0.005785071291029453 
vn -0.005528150591999292 0.006650073453783989 -0.005021561402827501 
vn -0.005672058556228876 0.005025204736739397 -0.006524957716464996 
vn -0.00483682518824935 0.006617377512156963 -0.005728475749492645 
vn -0.004958942532539368 0.00502520427107811 -0.007082104682922363 
vn -0.004272978752851486 0.006584555841982365 -0.006195585709065199 
vn -0.0042573232203722 0.00502520427107811 -0.007524793967604637 
vn -0.0036317191552370787 0.006584555841982365 -0.006591983139514923 
vn -0.003481706138700247 0.004987380001693964 -0.007937490940093994 
vn -0.003023238154128194 0.006584555376321077 -0.006892289966344833 
vn -0.002707091858610511 0.004987380001693964 -0.008233935572206974 
vn -0.002318548271432519 0.006584555376321077 -0.007160165347158909 
vn -0.0018340389942750335 0.004987380001693964 -0.008471265435218811 
vn -0.0015905945328995585 0.006584555376321077 -0.007356197573244572 
vn -0.0009410030324943364 0.004987380001693964 -0.008616295643150806 
vn -0.0008466813596896827 0.006584555376321077 -0.007478420156985521 
vn -0.00011314016592223197 0.004987380001693964 -0.008666790090501308 
vn -0.00009427280747331679 0.006584555376321077 -0.007525606080889702 
vn -0.0006584466900676489 0.007954542525112629 -0.0060242596082389355 
vn -0.00011311548587400466 0.007980945520102978 -0.006024260073900223 
vn -0.0012538261944428086 0.007954542525112629 -0.005929011385887861 
vn -0.0019085030071437359 0.007954542525112629 -0.005751770921051502 
vn -0.0024015789385885 0.007954542525112629 -0.005563961807638407 
vn -0.0028590047731995583 0.007980946451425552 -0.0053038280457258224 
vn -0.0033748717978596687 0.007980946451425552 -0.004991466645151377 
vn -0.003856930648908019 0.007980946451425552 -0.004629102535545826 
vn -0.0044374000281095505 0.008007196709513664 -0.004024212248623371 
vn -0.005012488458305597 0.007980946451425552 -0.0033435700461268425 
vn -0.0053216153755784035 0.007980946451425552 -0.0028257581871002913 
vn -0.005548462737351656 0.007980946451425552 -0.002349267015233636 
vn -0.0057807546108961105 0.007954543456435204 -0.0018188230460509658 
vn -0.0059328810311853886 0.007954543456435204 -0.001235379371792078 
vn -0.006026276852935553 0.007954543456435204 -0.0006397064425982535 
vn -0.006060017738491297 0.007954543456435204 -0.000037701007386203855 
vn -0.006040328182280064 0.007954543456435204 0.000489564030431211 
vn -0.005933053325861692 0.007980947382748127 0.0010504104429855943 
vn -0.005798333324491978 0.007980947382748127 0.0016382362227886915 
vn -0.005525337066501379 0.008007197640836239 0.0023141815327107906 
vn -0.005114042200148106 0.008007197640836239 0.0031195119954645634 
vn -0.004747501574456692 0.007980947382748127 0.0037102168425917625 
vn -0.00430035125464201 0.007980947382748127 0.0042203618213534355 
vn -0.003914566244930029 0.007980947382748127 0.004580463748425245 
vn -0.0035161536652594805 0.007954544387757778 0.004935776349157095 
vn -0.003008275292813778 0.007954544387757778 0.005260751117020845 
vn -0.002470617648214102 0.007954544387757778 0.005533648654818535 
vn -0.001836793846450746 0.007954544387757778 0.005775067489594221 
vn -0.0013274956727400422 0.007954544387757778 0.005912949796766043 
vn -0.0008081344421952963 0.007954544387757778 0.006006008945405483 
vn -0.00026386723038740456 0.007980948314070702 0.006019539199769497 
vn 0.00041445362148806453 0.007980948314070702 0.006011048331856728 
vn 0.001106182811781764 0.008007198572158813 0.005887370556592941 
vn 0.0019797722343355417 0.008007198572158813 0.005653784144669771 
vn 0.002657883567735553 0.007980947382748127 0.005407414399087429 
vn 0.0031851129606366158 0.007980947382748127 0.005114638712257147 
vn 0.0036804350093007088 0.007980947382748127 0.004770626313984394 
vn 0.004073664546012878 0.007954544387757778 0.0044867005199193954 
vn 0.004499351140111685 0.007954544387757778 0.004059687722474337 
vn 0.0048804981634020805 0.007954544387757778 0.0035924874246120453 
vn 0.005213332362473011 0.007954544387757778 0.003089724574238062 
vn 0.006489409599453211 0.006584557238966227 0.0038119766395539045 
vn 0.0054563600569963455 0.007980947382748127 0.002555898390710354 
vn 0.00683821365237236 0.006584557238966227 0.00314363487996161 
vn 0.005659078247845173 0.007980947382748127 0.0020686518400907516 
vn 0.007093559484928846 0.006584557238966227 0.0025149602442979813 
vn 0.005837521515786648 0.007980947382748127 0.001492590643465519 
vn 0.007280187215656042 0.006617378909140825 0.0017914181808009744 
vn 0.005933023057878017 0.008007197640836239 0.0008270600228570402 
vn 0.007442863658070564 0.006617378909140825 0.0009022660669870675 
vn 0.005990391597151756 0.008007197640836239 -1.3045405866662918e-9 
vn 0.007468367926776409 0.006650073919445276 -1.0834366737100254e-9 
vn 0.005933023057878017 0.008007197640836239 -0.0008270626422017813 
vn 0.007442863658070564 0.006617378443479538 -0.0009022682788781822 
vn 0.005837521515786648 0.007980946451425552 -0.0014925932046025991 
vn 0.007280187215656042 0.006617378443479538 -0.0017914202762767673 
vn 0.005659078247845173 0.007980946451425552 -0.002068654401227832 
vn 0.007093559484928846 0.006584556307643652 -0.002514962339773774 
vn 0.0054563600569963455 0.007980946451425552 -0.002555900951847434 
vn 0.00683821365237236 0.006584556307643652 -0.0031436369754374027 
vn 0.005213332362473011 0.007954543456435204 -0.0030897273682057858 
vn 0.006489409599453211 0.006584556307643652 -0.003811978967860341 
vn 0.0048804981634020805 0.007954543456435204 -0.0035924899857491255 
vn 0.006075493060052395 0.006584555841982365 -0.004442072473466396 
vn 0.0045495121739804745 0.007954543456435204 -0.004003396723419428 
vn 0.005600616801530123 0.006584555841982365 -0.005027595441788435 
vn 0.004138887394219637 0.007980946451425552 -0.004378825426101685 
vn 0.00512503320351243 0.006584555841982365 -0.005511593073606491 
vn 0.0037398559506982565 0.007980946451425552 -0.004724191036075354 
vn 0.0046077910810709 0.006584555841982365 -0.00595078943297267 
vn 0.0032488785218447447 0.007980946451425552 -0.0050743757747113705 
vn 0.003953442443162203 0.006617377512156963 -0.006370291113853455 
vn 0.002538293367251754 0.008007196709513664 -0.0054260361939668655 
vn 0.0031580785289406776 0.006617377512156963 -0.006799769122153521 
vn 0.0017648407956585288 0.008007196709513664 -0.005724521353840828 
vn 0.0022450110409408808 0.006617377512156963 -0.00715333828702569 
vn 0.0010132614988833666 0.007980945520102978 -0.005939512513577938 
vn 0.0013678279938176274 0.006617377512156963 -0.007371523883193731 
vn 0.00041445362148806453 0.007980945520102978 -0.0060110511258244514 
vn 0.0005839193472638726 0.006584555376321077 -0.00750351045280695 
vn -0.00011311548587400466 0.007980945520102978 -0.006024260073900223 
vn -0.00009427280747331679 0.006584555376321077 -0.007525606080889702 
vn 0.0007535182521678507 0.00502520427107811 -0.008612753823399544 
vn -0.00011314016592223197 0.004987380001693964 -0.008666790090501308 
vn 0.007474672980606556 0.0049873823300004005 0.004388084635138512 
vn 0.0016496683238074183 0.00502520427107811 -0.008486809208989143 
vn 0.00259979791007936 0.00502520427107811 -0.008245506323873997 
vn 0.0035852938890457153 0.00502520427107811 -0.007867210544645786 
vn 0.0044528404250741005 0.00502520427107811 -0.007410771679133177 
vn 0.005203083623200655 0.00502520427107811 -0.006904726382344961 
vn 0.005870356690138578 0.004987380467355251 -0.0063769081607460976 
vn 0.006452991161495447 0.004987380467355251 -0.005786616820842028 
vn 0.007021033205091953 0.004987380467355251 -0.005082432646304369 
vn 0.007474672980606556 0.004987380467355251 -0.004388086032122374 
vn 0.007891366258263588 0.004987380933016539 -0.0035850207787007093 
vn 0.008174625225365162 0.005025205202400684 -0.0028147499542683363 
vn 0.008424065075814724 0.005025205202400684 -0.0019448496168479323 
vn 0.008581208996474743 0.005025205668061972 -0.0010536408517509699 
vn 0.008645652793347836 0.005025205668061972 -8.187115430047243e-10 
vn 0.008581208996474743 0.005025205668061972 0.0010536392219364643 
vn 0.008424065075814724 0.005025206133723259 0.001944847870618105 
vn 0.008174625225365162 0.005025206133723259 0.0028147483244538307 
vn 0.007891366258263588 0.004987381864339113 0.0035850191488862038 
vn -0.008933603763580322 0.004409002605825663 0.0008668438531458378 
vn -0.009245053865015507 0.003811691189184785 -6.210026382014178e-10 
vn -0.008975481614470482 0.004409002605825663 -0.000037748341128462926 
vn -0.009200766682624817 0.0038116909563541412 -0.0009038281859830022 
vn -0.008933603763580322 0.004409002605825663 -0.0008668453083373606 
vn -0.009068330749869347 0.0038116907235234976 -0.0017989964690059423 
vn -0.008800788782536983 0.004409002605825663 -0.0017626137705519795 
vn -0.008826876990497112 0.0038116907235234976 -0.0027490470092743635 
vn -0.008547654375433922 0.004448177758604288 -0.0026741938199847937 
vn -0.0084861870855093 0.003811690490692854 -0.0036681920755654573 
vn -0.008204248733818531 0.004448177758604288 -0.0035922150127589703 
vn -0.00801273062825203 0.0038116902578622103 -0.004611634183675051 
vn -0.007762584835290909 0.004448177292943001 -0.0044672139920294285 
vn -0.0074794054962694645 0.0038116902578622103 -0.005434106569737196 
vn -0.0072279502637684345 0.004448177292943001 -0.005288710352033377 
vn -0.006861994042992592 0.0038116900250315666 -0.00619548698887229 
vn -0.0066574434749782085 0.004448177292943001 -0.00599100673571229 
vn -0.006167437881231308 0.0038116900250315666 -0.006887214723974466 
vn -0.005962916649878025 0.0044481768272817135 -0.006682615261524916 
vn -0.005342153366655111 0.003811689792200923 -0.007545357570052147 
vn -0.00519697368144989 0.0044481768272817135 -0.007294188253581524 
vn -0.004513215273618698 0.003811689792200923 -0.008068575523793697 
vn -0.0043687885627150536 0.0044481768272817135 -0.007818401791155338 
vn -0.0036335373297333717 0.003811689792200923 -0.008501083590090275 
vn -0.003543481230735779 0.004409001208841801 -0.008246480487287045 
vn -0.0027850372716784477 0.0038116895593702793 -0.008815587498247623 
vn -0.002694502705708146 0.004409001208841801 -0.00856156274676323 
vn -0.001983602298423648 0.0038116895593702793 -0.009029747918248177 
vn -0.0019656934309750795 0.004409001208841801 -0.008757668547332287 
vn -0.001091321581043303 0.0038116895593702793 -0.009180416353046894 
vn -0.0010732363443821669 0.004409001208841801 -0.008911165408790112 
vn -0.00011315636220388114 0.0038116895593702793 -0.009244361892342567 
vn -0.00011314752191537991 0.0044481768272817135 -0.008955496363341808 
vn 0.0008662811014801264 0.0038116895593702793 -0.009204378351569176 
vn 0.0008661316242069006 0.0044481768272817135 -0.00891423225402832 
vn 0.001909854356199503 0.0038116895593702793 -0.009045633487403393 
vn 0.001835037488490343 0.0044481768272817135 -0.008766205050051212 
vn 0.002856878563761711 0.0038116895593702793 -0.008792568929493427 
vn 0.002781965769827366 0.0044481768272817135 -0.008513188920915127 
vn 0.0037717847153544426 0.003811689792200923 -0.008440655656158924 
vn 0.0036267326213419437 0.0044481768272817135 -0.008189049549400806 
vn 0.004644286818802357 0.003811689792200923 -0.007993848994374275 
vn 0.004499863833189011 0.0044481768272817135 -0.007743703667074442 
vn 0.005464576650410891 0.003811689792200923 -0.0074571724981069565 
vn 0.005258223973214626 0.0044481768272817135 -0.0072501590475440025 
vn 0.006223431322723627 0.0038116900250315666 -0.006836659740656614 
vn 0.006074634380638599 0.0044481768272817135 -0.006581226829439402 
vn 0.006962186191231012 0.0038116900250315666 -0.006082679145038128 
vn 0.006757413037121296 0.004448177292943001 -0.005878017283976078 
vn 0.007567089982330799 0.0038116902578622103 -0.00531132472679019 
vn 0.007336074020713568 0.004409001674503088 -0.005171336233615875 
vn 0.008050093427300453 0.0038116902578622103 -0.004546097945421934 
vn 0.007819818332791328 0.004409002140164375 -0.004405808635056019 
vn 0.008425195701420307 0.003811690490692854 -0.0038061917293816805 
vn 0.008162317797541618 0.004409002140164375 -0.0037332652136683464 
vn 0.008756942115724087 0.0038116907235234976 -0.002964283339679241 
vn 0.008496951311826706 0.004409002140164375 -0.002891801530495286 
vn 0.009021579287946224 0.0038116907235234976 -0.002020427491515875 
vn 0.008725625462830067 0.004448177758604288 -0.00201920117251575 
vn 0.009184791706502438 0.0038116909563541412 -0.0010538572678342462 
vn 0.00889401976019144 0.004448177758604288 -0.0010536267654970288 
vn 0.009245053865015507 0.003811691189184785 -6.210045255805596e-10 
vn 0.008956210687756538 0.004448178224265575 -7.247016320377497e-10 
vn 0.009193085134029388 0.003811691189184785 0.0009788740426301956 
vn 0.00891050510108471 0.004448178224265575 0.0009036632254719734 
vn 0.009037765674293041 0.0038116914220154285 0.0019467438105493784 
vn 0.00875839963555336 0.004448178224265575 0.0018719370709732175 
vn 0.008780838921666145 0.003811691654846072 0.0028927274979650974 
vn 0.00850139744579792 0.004448178689926863 0.002817791188135743 
vn 0.008425195701420307 0.003811691654846072 0.0038061905652284622 
vn 0.008142577484250069 0.004448178689926863 0.003729898249730468 
vn 0.007936405017971992 0.003811691887676716 0.004741780459880829 
vn 0.007686236407607794 0.004448178689926863 0.004597333259880543 
vn 0.007389728911221027 0.0038116921205073595 0.005555440206080675 
vn 0.007157966494560242 0.004409003537148237 0.005415183026343584 
vn 0.006861994042992592 0.0038116921205073595 0.006195485591888428 
vn 0.006677714176476002 0.004409003537148237 0.0059974011965096 
vn 0.00627901079133153 0.0038116921205073595 0.006785648409277201 
vn 0.006095042917877436 0.004409003537148237 0.006588713265955448 
vn 0.005525244399905205 0.003811692353338003 0.00741233304142952 
vn 0.005379600916057825 0.00444817915558815 0.007160557899624109 
vn 0.004709361121058464 0.003811692353338003 0.007955684326589108 
vn 0.004564924631267786 0.00444817915558815 0.007705527823418379 
vn 0.0037717847153544426 0.003811692586168647 0.008440653793513775 
vn 0.003695575287565589 0.004448179621249437 0.008158212527632713 
vn 0.002856878563761711 0.003811692586168647 0.008792567998170853 
vn 0.002781965769827366 0.004448179621249437 0.008513187989592552 
vn 0.001909854356199503 0.003811692586168647 0.009045631624758244 
vn 0.001835037488490343 0.004448179621249437 0.008766204118728638 
vn 0.0009413589723408222 0.003811692586168647 0.009197002276778221 
vn 0.000941180158406496 0.004448179621249437 0.008906619623303413 
vn -0.00011315636220388114 0.003811692586168647 0.009244360029697418 
vn -0.00011314752191537991 0.004448179621249437 0.008955495432019234 
vn -0.000018934921172331087 -0.00965831521898508 0.002591639757156372 
vn 1.5509062091151912e-15 -0.008656609803438187 0.005006306804716587 
vn -0.0002457862428855151 -0.00965831521898508 0.0025800280272960663 
vn -0.0005283145001158118 -0.008656609803438187 0.004978352226316929 
vn -0.0005450184107758105 -0.00965831521898508 0.002533754101023078 
vn -0.00009526245412416756 -0.009953834116458893 0.0009550487739033997 
vn -0.00017083996499422938 -0.009953834116458893 0.0009444611496292055 
vn 0.000018886288671637885 -0.007155518978834152 0.006985570304095745 
vn -0.0007352020475082099 -0.007155518978834152 0.00694679981097579 
vn -0.001050728838890791 -0.008656609803438187 0.004894800949841738 
vn -0.0008368114940822124 -0.00965831521898508 0.0024528964422643185 
vn -0.000318283709930256 -0.009953834116458893 0.0009054769179783762 
vn -0.001048373174853623 -0.00965831521898508 0.00237020431086421 
vn -0.00038921769009903073 -0.009953834116458893 0.0008773268782533705 
vn -0.000018887843907577917 -0.005972882267087698 0.008020243607461452 
vn -0.00001908265403471887 -0.009953834116458893 0.0009595983428880572 
vn -0.0015614090953022242 -0.008656609803438187 0.004756585694849491 
vn -0.0014807003317400813 -0.007155518978834152 0.006826864555478096 
vn -0.0008483637357130647 -0.005972882267087698 0.007975270971655846 
vn -0.00003776988887693733 -0.005287245847284794 0.008487850427627563 
vn -0.0008671944378875196 -0.005287245847284794 0.008443518541753292 
vn 2.7641509923786913e-15 -0.004565190523862839 0.008897135965526104 
vn -0.0016687385505065322 -0.005972882267087698 0.007844742387533188 
vn -0.0021371017210185528 -0.0071555194444954395 0.00665066484361887 
vn -0.0020546517334878445 -0.008656609803438187 0.0045652505941689014 
vn -0.0013176561333239079 -0.00965831521898508 0.0022317562252283096 
vn -0.0004576909414026886 -0.009953834116458893 0.0008436301141045988 
vn -0.001508008106611669 -0.00965831521898508 0.0021078106947243214 
vn -0.0005855418858118355 -0.009953834116458893 0.000760482216719538 
vn -0.0025249486789107323 -0.008656609803438187 0.004322931636124849 
vn -0.0028424474876374006 -0.0071555194444954395 0.006381147541105747 
vn -0.0024712118320167065 -0.005972882267087698 0.007630057632923126 
vn -0.0017622774466872215 -0.005287245847284794 0.008302975445985794 
vn -0.0009049568907357752 -0.004565190523862839 0.00885099358856678 
vn 0.006452991161495447 0.0049873823300004005 0.005786615423858166 
vn 0.00430595688521862 0.008161474950611591 0.003853448899462819 
vn 0.004683693405240774 0.008161474019289017 0.003384279552847147 
vn 0.0021504724863916636 0.00957454089075327 0.0019244808936491609 
vn 0.0019384578336030245 0.00957454089075327 0.002137881936505437 
vn 0.0038814335130155087 0.008161474950611591 0.0042807478457689285 
vn 0.001705380855128169 0.00957454089075327 0.002328053582459688 
vn 0.0034147363621741533 0.008161474950611591 0.004661534447222948 
vn 0.005112933926284313 0.0049873823300004005 0.006998850964009762 
vn 0.0043555195443332195 0.004987382795661688 0.00749369477853179 
vn 0.002910936251282692 0.008161474950611591 0.004991671070456505 
vn 0.003550648922100663 0.004987382795661688 0.007906889542937279 
vn 0.00581463985145092 0.0049873823300004005 0.006427750922739506 
vn 0.007021033205091953 0.0049873823300004005 0.005082431249320507 
vn 0.0014651225646957755 0.00958705972880125 0.0024375617504119873 
vn 0.0023755067959427834 0.008161474950611591 0.005267569795250893 
vn 0.0012000331189483404 0.00958705972880125 0.002578412415459752 
vn 0.002707091858610511 0.004987382795661688 0.008233933709561825 
vn 0.0018142665503546596 0.008161474950611591 0.005486233625560999 
vn 0.0018340389942750335 0.004987382795661688 0.008471263572573662 
vn 0.0012333132326602936 0.008161474950611591 0.00564528675749898 
vn 0.0009410030324943364 0.004987382795661688 0.008616293780505657 
vn 0.0006389592308551073 0.008161474950611591 0.005743000190705061 
vn 0.000037714340578531846 0.004987382795661688 0.008667444810271263 
vn 0.0008502312703058124 0.00958705972880125 0.00271392660215497 
vn 0.0005594372632913291 0.00958705972880125 0.00278842612169683 
vn 0.0002624106127768755 0.00958705972880125 0.002831860212609172 
vn -0.00003753953569685109 0.00958705972880125 0.002843744121491909 
vn -0.00003766259033000097 0.008161474950611591 0.005778313614428043 
vn -0.00028169338474981487 0.00957454089075327 0.0028720733243972063 
vn -0.0006389592308551073 0.008161474950611591 0.005743000190705061 
vn -0.0005791353760287166 0.00957454089075327 0.0028271465562283993 
vn -0.0012333132326602936 0.008161474950611591 0.00564528675749898 
vn -0.0018340389942750335 0.004987382795661688 0.008471263572573662 
vn -0.002707091858610511 0.004987382795661688 0.008233933709561825 
vn -0.0018142665503546596 0.008161474950611591 0.005486233625560999 
vn -0.003550648922100663 0.004987382795661688 0.007906889542937279 
vn -0.0009410030324943364 0.004987382795661688 0.008616293780505657 
vn -0.0008702847408130765 0.00957454089075327 0.0027515015099197626 
vn -0.0023755067959427834 0.008161474950611591 0.005267569795250893 
vn -0.0011519780382514 0.00957454089075327 0.002645959844812751 
vn -0.0043555195443332195 0.004987382795661688 0.00749369477853179 
vn -0.002910936251282692 0.008161474950611591 0.004991671070456505 
vn -0.005112933926284313 0.0049873823300004005 0.006998850964009762 
vn -0.0034147363621741533 0.008161474950611591 0.004661534447222948 
vn -0.00581463985145092 0.0049873823300004005 0.006427750922739506 
vn -0.0038814335130155087 0.008161474950611591 0.0042807478457689285 
vn -0.006452991161495447 0.0049873823300004005 0.005786615423858166 
vn -0.0014211544767022133 0.00957454089075327 0.002511668251827359 
vn -0.0016748891212046146 0.00957454089075327 0.002350085647776723 
vn -0.0019104252569377422 0.00957454089075327 0.0021629685070365667 
vn -0.002101736608892679 0.00958705972880125 0.0019159845542162657 
vn -0.00430595688521862 0.008161474950611591 0.003853448899462819 
vn -0.002291980665177107 0.00958705972880125 0.001683780923485756 
vn -0.004683693405240774 0.008161474019289017 0.003384279552847147 
vn -0.0024566901847720146 0.009587058797478676 0.0014328183606266975 
vn -0.005010539200156927 0.008161474019289017 0.0028783383313566446 
vn -0.007512576412409544 0.0049873823300004005 0.004322871100157499 
vn -0.00792226567864418 0.004987381864339113 0.0035162100102752447 
vn -0.005282942671328783 0.008161474019289017 0.00234112236648798 
vn -0.008245635777711868 0.004987381864339113 0.0026712375693023205 
vn -0.007021033205091953 0.0049873823300004005 0.005082431249320507 
vn -0.0025940295308828354 0.009587058797478676 0.0011658930452540517 
vn -0.0007167519070208073 0.00996908824890852 0.00032180530251935124 
vn -0.0006441777222789824 0.00996908824890852 0.0004498072084970772 
vn -0.0006244702963158488 0.009965559467673302 0.0005455816863104701 
vn -0.0005766147514805198 0.009961841627955437 0.0006551600527018309 
vn -0.000579500338062644 0.009957932867109776 0.0007097574416548014 
vn -0.0005428618169389665 0.009953834116458893 0.0007915102760307491 
vn -0.0004798932350240648 0.009953834116458893 0.0008311978308483958 
vn -0.00041403851355426013 0.009953834116458893 0.0008658864535391331 
vn -0.0002752698492258787 0.009953834116458893 0.0009194637532345951 
vn -0.0001832806010497734 0.009957932867109776 0.0008977660909295082 
vn -0.00011044598068110645 0.009957932867109776 0.0009096029098145664 
vn -0.00011085689766332507 0.009961841627955437 0.0008656958816573024 
vn 0.000037203313695499673 0.009965559467673302 0.0008283945498988032 
vn 0.00012836231326218694 0.00996908824890852 0.0007751216180622578 
vn 0.0002706407103687525 0.00996908824890852 0.0007375935092568398 
vn 0.0003929466474801302 0.009965559467673302 0.0007302156300283968 
vn 0.0005189759540371597 0.009961841627955437 0.0007017001626081765 
vn 0.000579500338062644 0.009957932867109776 0.0007097574416548014 
vn 0.0006310801254585385 0.009953834116458893 0.0007231359486468136 
vn 0.0007352390675805509 0.009953834116458893 0.0006169372354634106 
vn 0.0023391209542751312 0.00957454089075327 0.0016901693306863308 
vn 0.005010539200156927 0.008161474019289017 0.0028783383313566446 
vn 0.007512576412409544 0.0049873823300004005 0.004322871100157499 
vn 0.005282942671328783 0.008161474019289017 0.00234112236648798 
vn 0.00792226567864418 0.004987381864339113 0.0035162100102752447 
vn 0.002502353396266699 0.00957454089075327 0.0014374932507053018 
vn 0.0007808362715877593 0.009953834116458893 0.0005581065779551864 
vn -0.0008116619428619742 0.009949545376002789 -0.0005897085648030043 
vn -0.0007658941322006285 0.009949545376002789 -0.0006480414303950965 
vn -0.0006620820495299995 0.009949545376002789 -0.0007537899073213339 
vn -0.00048007600707933307 0.009949545376002789 -0.0008809536229819059 
vn -0.00036507801269181073 0.009940397925674915 -0.0010272327344864607 
vn -0.0002933972282335162 0.009935540147125721 -0.0010949749266728759 
vn -0.00031363999005407095 0.00993049144744873 -0.0011344448430463672 
vn -0.00031363999005407095 0.00993049144744873 -0.0011344448430463672 
vn -0.0002933972282335162 0.009935540147125721 -0.0010949749266728759 
vn -0.00014844573161099106 0.009940397925674915 -0.0010800245217978954 
vn 0.00001853932008089032 0.009949545376002789 -0.0010030996054410934 
vn 0.0001660951238591224 0.009949545376002789 -0.00098942662589252 
vn 0.0003100272733718157 0.009949545376002789 -0.0009541674517095089 
vn 0.0003796482051257044 0.009949545376002789 -0.0009286655113101006 
vn 0.0005123006412759423 0.009949545376002789 -0.0008626125054433942 
vn 0.0006337762461043894 0.009949545376002789 -0.0007777400314807892 
vn 0.0007414250285364687 0.009949545376002789 -0.0006758997915312648 
vn 0.0009314683265984058 0.009940397925674915 -0.0005664399941451848 
vn 0.0010166947031393647 0.009935540147125721 -0.0005013800109736621 
vn 0.0010627455776557326 0.009930492378771305 -0.0005058707320131361 
vn 0.0010285216849297285 0.009930492378771305 -0.000572255696170032 
vn -0.0008159050485119224 0.009965559467673302 0.0001480633218307048 
vn -0.0027024690061807632 0.009587058797478676 0.0008859783411026001 
vn -0.005497943609952927 0.008161474019289017 0.0017784686060622334 
vn -0.0084791649132967 0.004987381864339113 0.0017971604829654098 
vn -0.00565320672467351 0.008161474019289017 0.0011964909499511123 
vn -0.00862030778080225 0.004987381398677826 0.0009035018738359213 
vn -0.0027808004524558783 0.009587058797478676 0.0005961930728517473 
vn -0.0008696223958395422 0.009961840696632862 0.00007401414768537506 
vn 0.0010166947031393647 0.009935540147125721 -0.0005013800109736621 
vn 0.002728766528889537 0.009548956528306007 -0.0011710075195878744 
vn 0.002712915651500225 0.009535891003906727 -0.0013064728118479252 
vn 0.0026795011945068836 0.009535891003906727 -0.0013737016124650836 
vn 0.002558958251029253 0.009548956528306007 -0.0015063730534166098 
vn 0.0022942661307752132 0.00957454089075327 -0.0017505750292912126 
vn 0.0019976908806711435 0.009587058797478676 -0.002024237532168627 
vn 0.0016531005967408419 0.009599394164979458 -0.0022624987177550793 
vn 0.001401038491167128 0.009599394164979458 -0.002426671329885721 
vn 0.001132829813286662 0.009599394164979458 -0.002562877256423235 
vn 0.0008515656227245927 0.009599394164979458 -0.002669546753168106 
vn 0.000560487387701869 0.009599394164979458 -0.0027454502414911985 
vn 0.0001875668967841193 0.009587058797478676 -0.002837803214788437 
vn -0.0002067273890133947 0.009574539959430695 -0.0028784433379769325 
vn -0.0005238634184934199 0.009548956528306007 -0.0029228408820927143 
vn -0.0007430134573951364 0.009535891003906727 -0.002917999168857932 
vn -0.0008155301911756396 0.009535891003906727 -0.0028985682874917984 
vn -0.0009604213992133737 0.009548956528306007 -0.002809808123856783 
vn -0.0012205623788759112 0.00957454089075327 -0.0026150334160774946 
vn -0.0015917239943519235 0.009587058797478676 -0.0023568456526845694 
vn -0.001829795422963798 0.009599394164979458 -0.002122142817825079 
vn -0.002097384538501501 0.009599394164979458 -0.0018581222975626588 
vn -0.0022844865452498198 0.009599394164979458 -0.0016225785948336124 
vn -0.0008896728395484388 0.009949545376002789 -0.0004637166275642812 
vn 0.0008217373979277909 0.009953834116458893 0.0004959194338880479 
vn 0.0026383965741842985 0.00957454089075327 0.0011691978434100747 
vn 0.005497943609952927 0.008161474019289017 0.0017784686060622334 
vn 0.008245635777711868 0.004987381864339113 0.0026712375693023205 
vn 0.00565320672467351 0.008161474019289017 0.0011964909499511123 
vn 0.0084791649132967 0.004987381864339113 0.0017971604829654098 
vn 0.0027024690061807632 0.009587058797478676 0.0008859783411026001 
vn 0.0008113302756100893 0.009957932867109776 0.0004258173576090485 
vn -0.0009482739842496812 0.009949545376002789 -0.000327607907820493 
vn -0.0024452602956444025 0.009599394164979458 -0.0013683352153748274 
vn -0.004723505582660437 0.008110666647553444 -0.0034504481591284275 
vn -0.00434369221329689 0.008110666647553444 -0.0039178356528282166 
vn -0.0038615844678133726 0.00811066571623087 -0.0043937754817306995 
vn -0.0033276823814958334 0.00811066571623087 -0.004810782615095377 
vn -0.0027668653056025505 0.008085029199719429 -0.00519391568377614 
vn -0.002169562503695488 0.008059239014983177 -0.005508326925337315 
vn -0.0017613639356568456 0.00803329423069954 -0.0056889173574745655 
vn -0.0013251896016299725 0.00803329423069954 -0.005806036293506622 
vn -0.0008628528448753059 0.008059239014983177 -0.005856974981725216 
vn -0.0002446792204864323 0.008085029199719429 -0.005879832431674004 
vn 0.0004514407482929528 0.00811066571623087 -0.005832092836499214 
vn 0.0011965349549427629 0.00811066571623087 -0.005725854076445103 
vn 0.00177893100772053 0.00811066571623087 -0.005572477821260691 
vn 0.002411286346614361 0.00811066571623087 -0.005329427774995565 
vn 0.002946483204141259 0.00811066571623087 -0.00505325011909008 
vn 0.0034504467621445656 0.00811066571623087 -0.0047235069796442986 
vn 0.004028376657515764 0.00811066571623087 -0.004241377115249634 
vn 0.0045348890125751495 0.008085030131042004 -0.003750610165297985 
vn 0.0049354927614331245 0.008059239014983177 -0.0032694917172193527 
vn 0.005209982395172119 0.008033295162022114 -0.0028848331421613693 
vn 0.005381809081882238 0.008033295162022114 -0.002549961907789111 
vn 0.00554871279746294 0.008059239946305752 -0.0020640846341848373 
vn 0.005711829289793968 0.008085030131042004 -0.0014167901827022433 
vn 0.002767992904409766 0.00957454089075327 -0.0008163219899870455 
vn 0.005801118444651365 0.008110666647553444 -0.0007510723080486059 
vn 0.0010272311046719551 0.009940397925674915 -0.00036507961340248585 
vn -0.0009133139974437654 0.009957932867109776 0.00007372871186817065 
vn -0.0028738495893776417 0.00957454089075327 0.0002629662922117859 
vn -0.005747044458985329 0.008161474019289017 0.00060151272919029 
vn -0.008667527697980404 0.004987381398677826 -8.125473627274005e-10 
vn -0.0057784379459917545 0.008161474019289017 -1.329674259586966e-9 
vn -0.00862030778080225 0.004987381398677826 -0.0009035035036504269 
vn -0.0028856107965111732 0.00957454089075327 -0.000037619513022946194 
vn -0.0009162852074950933 0.009957932867109776 -1.622356138319958e-9 
vn 0.0009787012822926044 0.009949545376002789 -0.0002206670615123585 
vn 0.0028083897195756435 0.009587058797478676 -0.0004486076068133116 
vn 0.005849537439644337 0.008110666647553444 -1.3213979910275953e-9 
vn 0.002802076982334256 0.009599394164979458 -1.56394286410233e-9 
vn 0.005818533711135387 0.008110666647553444 0.0006014539394527674 
vn 0.0010032693389803171 0.009949545376002789 -1.6209898978658543e-9 
vn -0.0009532967233099043 0.009953834116458893 -0.00011142603034386411 
vn -0.0028660178650170565 0.00957454089075327 -0.0003377965767867863 
vn -0.005747044458985329 0.008161474019289017 -0.000601515406742692 
vn -0.0084791649132967 0.004987380933016539 -0.0017971621127799153 
vn -0.00565320672467351 0.008161474019289017 -0.0011964936275035143 
vn -0.008245635777711868 0.004987380933016539 -0.002671239199116826 
vn -0.0028152840677648783 0.00957454089075327 -0.0006343033164739609 
vn -0.0009417955297976732 0.009953834116458893 -0.0001849642430897802 
vn 0.001000529620796442 0.009949545376002789 0.00007409235695376992 
vn 0.002785930410027504 0.009599394164979458 0.0003003768506459892 
vn 0.005725852679461241 0.008110666647553444 0.001196533557958901 
vn 0.002737676724791527 0.009599394164979458 0.0005972935468889773 
vn 0.005549110937863588 0.008110667578876019 0.0018505281768739223 
vn 0.0009787012822926044 0.009949545376002789 0.0002206638309871778 
vn -0.0009246303234249353 0.009953834116458893 -0.00025739005650393665 
vn -0.0027339609805494547 0.00957454089075327 -0.0009239179780706763 
vn -0.005497943609952927 0.008161474019289017 -0.0017784712836146355 
vn -0.00792226567864418 0.004987380933016539 -0.0035162116400897503 
vn -0.005282942671328783 0.008161473087966442 -0.00234112492762506 
vn -0.007512576412409544 0.004987380467355251 -0.004322872497141361 
vn -0.0025940295308828354 0.009587058797478676 -0.0011658960720524192 
vn -0.0008429635781794786 0.009957932867109776 -0.0003591548593249172 
vn 0.0009355208021588624 0.009949545376002789 0.0003624210658017546 
vn 0.0026578721590340137 0.009599394164979458 0.0008873265469446778 
vn 0.005297939293086529 0.008110667578876019 0.002479701768606901 
vn 0.0025288842152804136 0.009587058797478676 0.0013011690462008119 
vn 0.00497645465657115 0.008085031062364578 0.0031412059906870127 
vn 0.0008719303295947611 0.009949545376002789 0.0004962714156135917 
vn -0.0007952896994538605 0.009961840696632862 -0.0003594952286221087 
vn -0.0024566901847720146 0.009587058797478676 -0.0014328215038403869 
vn -0.005010539200156927 0.008161473087966442 -0.002878340892493725 
vn -0.007021033205091953 0.004987380467355251 -0.005082432646304369 
vn -0.004683693405240774 0.008161473087966442 -0.003384282113984227 
vn -0.006452991161495447 0.004987380467355251 -0.005786616820842028 
vn -0.002291980665177107 0.009587058797478676 -0.0016837840666994452 
vn -0.0007118524517863989 0.009965559467673302 -0.00042531368671916425 
vn 0.0008456624927930534 0.00994039885699749 0.0006879958673380315 
vn 0.0023823860101401806 0.00957454089075327 0.0016286178724840283 
vn 0.00462523614987731 0.008059240877628326 0.0036953806411474943 
vn 0.002253067446872592 0.009548957459628582 0.0019341933075338602 
vn 0.004424846265465021 0.008033296093344688 0.003985836636275053 
vn 0.000801576126832515 0.009935540147125721 0.0008015745552256703 
vn -0.0006244702963158488 0.009965559467673302 -0.0005455848877318203 
vn -0.002101736608892679 0.009587058797478676 -0.001915987697429955 
vn -0.00430595688521862 0.008161473087966442 -0.0038534514605998993 
vn -0.00581463985145092 0.004987380467355251 -0.006427752785384655 
vn -0.0038814335130155087 0.008161473087966442 -0.004280750639736652 
vn -0.005112933926284313 0.004987380467355251 -0.006998852826654911 
vn -0.0018880771240219474 0.009587058797478676 -0.002126845298334956 
vn -0.0005170171498320997 0.009965559467673302 -0.0006483206525444984 
vn 0.0008518357644788921 0.009930492378771305 0.0008122221333906054 
vn 0.002257673069834709 0.009535891935229301 0.001992406789213419 
vn 0.004119125194847584 0.008059240877628326 0.004252229351550341 
vn 0.0021522101014852524 0.009548957459628582 0.002045826753601432 
vn 0.003618501126766205 0.008085031062364578 0.004640982951968908 
vn 0.0008993452065624297 0.009935540147125721 0.000690090237185359 
vn -0.000457597867352888 0.009961840696632862 -0.0007431877311319113 
vn -0.0016533826710656285 0.009587058797478676 -0.002314007841050625 
vn -0.0034147363621741533 0.008161473087966442 -0.004661537241190672 
vn -0.0043555195443332195 0.004987380001693964 -0.007493696641176939 
vn -0.002910936251282692 0.008161473087966442 -0.004991673864424229 
vn -0.003550648922100663 0.004987380001693964 -0.007906891405582428 
vn -0.0014211544767022133 0.00957454089075327 -0.0025116712786257267 
vn -0.00039280467899516225 0.009957932867109776 -0.0008278199238702655 
vn 0.0007441036286763847 0.00994039885699749 0.0007967387791723013 
vn 0.0018820678815245628 0.00957454089075327 0.0021876876708120108 
vn 0.0030112997628748417 0.008110667578876019 0.005014892667531967 
vn 0.0015289559960365295 0.00958705972880125 0.0023980378173291683 
vn 0.002411286346614361 0.008110667578876019 0.005329424981027842 
vn 0.0005746076349169016 0.009949545376002789 0.0008224188932217658 
vn -0.00034569372655823827 0.009953834116458893 -0.0008953707292675972 
vn -0.0011519780382514 0.009574539959430695 -0.0026459628716111183 
vn -0.0023755067959427834 0.008161473087966442 -0.0052675725892186165 
vn -0.002707091858610511 0.004987380001693964 -0.008233935572206974 
vn -0.0018142665503546596 0.008161473087966442 -0.005486236419528723 
vn -0.0018340389942750335 0.004987380001693964 -0.008471265435218811 
vn -0.0008702847408130765 0.009574539959430695 -0.00275150453671813 
vn -0.0002752698492258787 0.009953834116458893 -0.0009194669546559453 
vn 0.0004471956053748727 0.009949545376002789 0.0008980883285403252 
vn 0.0012012295192107558 0.009599394164979458 0.002531536156311631 
vn 0.00177893100772053 0.008110667578876019 0.005572475027292967 
vn 0.0008515656227245927 0.009599395096302032 0.002669543493539095 
vn 0.0011965349549427629 0.008110667578876019 0.005725851748138666 
vn 0.0003100272733718157 0.009949545376002789 0.0009541641920804977 
vn -0.00020319050236139446 0.009953834116458893 -0.000938033452257514 
vn -0.0005791353760287166 0.009574539959430695 -0.0028271495830267668 
vn -0.0012333132326602936 0.008161473087966442 -0.005645289551466703 
vn -0.0009410030324943364 0.004987380001693964 -0.008616295643150806 
vn -0.0006389592308551073 0.008161473087966442 -0.005743002984672785 
vn 0.000037714340578531846 0.004987380001693964 -0.008667445741593838 
vn -0.00003766259033000097 0.008161473087966442 -0.005778316408395767 
vn 0.000018809376342687756 0.009574539959430695 -0.0028857961297035217 
vn -0.00028169338474981487 0.009574539959430695 -0.002872076351195574 
vn -0.00003689508594106883 0.009957932867109776 -0.0009155437001027167 
vn -0.00012988914386369288 0.009953834116458893 -0.0009509584051556885 
vn 0.00009257001511286944 0.009949545376002789 0.000998987932689488 
vn -0.00012942096509505063 0.009949545376002789 0.0009948851075023413 
vn -0.00011259244638495147 0.00958705972880125 0.0028417622670531273 
vn 0.0002629496739245951 0.009599395096302032 0.0027897104155272245 
vn -0.0001506133849034086 0.008110667578876019 0.005847597029060125 
vn 0.0006014552782289684 0.008110667578876019 0.005818532779812813 
vn 0.000560487387701869 0.009599395096302032 0.0027454469818621874 
vn 0.0002387130807619542 0.009949545376002789 0.0009744549170136452 
vn 0.006361362989991903 0.003031936241313815 0.0070950984954833984 
vn 0.007057172246277332 0.003031936241313815 0.006403412204235792 
vn 0.00698822969570756 0.003445281879976392 0.00626854645088315 
vn 0.007603715173900127 0.003445281647145748 0.005505774635821581 
vn 0.0062965708784759045 0.003445281879976392 0.006962989456951618 
vn 0.005598121788352728 0.003031936241313815 0.007711575832217932 
vn 0.005536277778446674 0.0034452821128070354 0.007581534329801798 
vn 0.004775539040565491 0.0030319364741444588 0.008246307261288166 
vn 0.004715637769550085 0.0034452821128070354 0.008117437362670898 
vn 0.0039023342542350292 0.0030319364741444588 0.008693627081811428 
vn 0.0038435952737927437 0.0034452821128070354 0.008564858697354794 
vn 0.002915974473580718 0.0030319364741444588 0.009072180837392807 
vn 0.0029296569991856813 0.003445282345637679 0.008918920531868935 
vn 0.0019677088130265474 0.0030319367069751024 0.009323920123279095 
vn 0.001983784604817629 0.003445282345637679 0.009175763465464115 
vn 0.000998585019260645 0.0030319367069751024 0.00947682373225689 
vn 0.0010162882972508669 0.003445282345637679 0.009332587011158466 
vn 0.000018875869500334375 0.0030319367069751024 0.00952927116304636 
vn 0.000037714118661824614 0.003445282345637679 0.009387684054672718 
vn -0.0009610333945602179 0.0030319367069751024 0.009480705484747887 
vn -0.0010162882972508669 0.003445282345637679 0.009332587011158466 
vn -0.0020046315621584654 0.0030319367069751024 0.009316051378846169 
vn -0.001983784604817629 0.003445282345637679 0.009175763465464115 
vn -0.0029518925584852695 0.0030319364741444588 0.009060557000339031 
vn -0.0029296569991856813 0.003445282345637679 0.008918920531868935 
vn -0.0038678625132888556 0.0030319364741444588 0.008709018118679523 
vn -0.0038435952737927437 0.0034452821128070354 0.008564858697354794 
vn -0.004742832388728857 0.0030319364741444588 0.008265161886811256 
vn -0.004715637769550085 0.0034452821128070354 0.008117437362670898 
vn -0.0056286281906068325 0.003031936241313815 0.007689337246119976 
vn -0.005536277778446674 0.0034452821128070354 0.007581534329801798 
vn -0.006389421410858631 0.003031936241313815 0.007069841492921114 
vn -0.0062965708784759045 0.003445281879976392 0.006962989456951618 
vn -0.007082484196871519 0.003031936241313815 0.006375404074788094 
vn -0.00698822969570756 0.003445281879976392 0.00626854645088315 
vn -0.007700471673160791 0.0030319360084831715 0.005613385699689388 
vn -0.007603715173900127 0.003445281647145748 0.005505774635821581 
vn -0.008236832916736603 0.003031935775652528 0.004791863728314638 
vn -0.008136317133903503 0.003445281647145748 0.00468298839405179 
vn -0.008716663345694542 0.003031935775652528 0.003850603476166725 
vn -0.008580231107771397 0.0034452814143151045 0.0038091556634753942 
vn -0.009066387079656124 0.003031935542821884 0.0029339389875531197 
vn -0.008930617943406105 0.003445281181484461 0.0028938022442162037 
vn -0.009320004843175411 0.0030319353099912405 0.001986173680052161 
vn -0.009183659218251705 0.003445281181484461 0.0019469056278467178 
vn -0.009474827907979488 0.0030319353099912405 0.0010173545451834798 
vn -0.009336595423519611 0.003445280948653817 0.000978787080384791 
vn -0.009529215283691883 0.003031935077160597 -0.000037752157368231565 
vn -0.009387760423123837 0.0034452807158231735 -5.613066678122891e-10 
vn -0.009474827907979488 0.003031934844329953 -0.0010173554765060544 
vn -0.009336595423519611 0.0034452807158231735 -0.0009787881281226873 
vn -0.009320004843175411 0.003031934844329953 -0.001986174611374736 
vn -0.009183659218251705 0.00344528048299253 -0.0019469066755846143 
vn -0.009066387079656124 0.0030319346114993095 -0.0029339399188756943 
vn -0.008930617943406105 0.003445280250161886 -0.002893803408369422 
vn -0.008716663345694542 0.003031934378668666 -0.0038506044074892998 
vn -0.008580231107771397 0.003445280250161886 -0.003809156594797969 
vn -0.008236832916736603 0.003031934378668666 -0.004791864659637213 
vn -0.008136317133903503 0.0034452800173312426 -0.004682989325374365 
vn -0.007700471673160791 0.0030319341458380222 -0.005613386631011963 
vn -0.007603715173900127 0.003445279784500599 -0.0055057755671441555 
vn -0.007082484196871519 0.0030319341458380222 -0.006375405006110668 
vn -0.00698822969570756 0.003445279784500599 -0.006268547847867012 
vn -0.006389421410858631 0.0030319339130073786 -0.007069842889904976 
vn -0.0062965708784759045 0.0034452795516699553 -0.00696299085393548 
vn -0.0056286281906068325 0.0030319339130073786 -0.007689338177442551 
vn -0.005536277778446674 0.0034452795516699553 -0.00758153572678566 
vn -0.004742832388728857 0.003031933680176735 -0.008265162818133831 
vn -0.004715637769550085 0.0034452795516699553 -0.008117438293993473 
vn -0.0038678625132888556 0.003031933680176735 -0.008709019050002098 
vn -0.0038435952737927437 0.0034452793188393116 -0.008564859628677368 
vn -0.0029518925584852695 0.003031933680176735 -0.009060557931661606 
vn -0.0029296569991856813 0.0034452793188393116 -0.00891892146319151 
vn -0.0020046315621584654 0.003031933680176735 -0.009316052310168743 
vn -0.001983784604817629 0.0034452793188393116 -0.00917576439678669 
vn -0.0009610333945602179 0.0030319334473460913 -0.009480706416070461 
vn -0.0010162882972508669 0.0034452793188393116 -0.009332587942481041 
vn 0.000018875869500334375 0.0030319334473460913 -0.009529272094368935 
vn 0.000037714118661824614 0.0034452793188393116 -0.009387684985995293 
vn -0.000037714340578531846 0.004987380001693964 -0.008667445741593838 
vn -0.0009410030324943364 0.004987380001693964 -0.008616295643150806 
vn -0.0018340389942750335 0.004987380001693964 -0.008471265435218811 
vn -0.002707091858610511 0.004987380001693964 -0.008233935572206974 
vn -0.003550648922100663 0.004987380001693964 -0.007906891405582428 
vn -0.0043555195443332195 0.004987380001693964 -0.007493696641176939 
vn -0.005112933926284313 0.004987380467355251 -0.006998852826654911 
vn -0.00581463985145092 0.004987380467355251 -0.006427752785384655 
vn -0.006452991161495447 0.004987380467355251 -0.005786616820842028 
vn -0.007021033205091953 0.004987380467355251 -0.005082432646304369 
vn -0.007512576412409544 0.004987380467355251 -0.004322872497141361 
vn -0.00792226567864418 0.004987380933016539 -0.0035162116400897503 
vn -0.008245635777711868 0.004987380933016539 -0.002671239199116826 
vn -0.0084791649132967 0.004987380933016539 -0.0017971621127799153 
vn -0.00862030778080225 0.004987381398677826 -0.0009035035036504269 
vn -0.008667527697980404 0.004987381398677826 -8.125473627274005e-10 
vn -0.00862030778080225 0.004987381398677826 0.0009035018738359213 
vn -0.0084791649132967 0.004987381864339113 0.0017971604829654098 
vn -0.008245635777711868 0.004987381864339113 0.0026712375693023205 
vn -0.00792226567864418 0.004987381864339113 0.0035162100102752447 
vn -0.007512576412409544 0.0049873823300004005 0.004322871100157499 
vn -0.007021033205091953 0.0049873823300004005 0.005082431249320507 
vn -0.006452991161495447 0.0049873823300004005 0.005786615423858166 
vn -0.00581463985145092 0.0049873823300004005 0.006427750922739506 
vn -0.005112933926284313 0.0049873823300004005 0.006998850964009762 
vn -0.0043555195443332195 0.004987382795661688 0.00749369477853179 
vn -0.003550648922100663 0.004987382795661688 0.007906889542937279 
vn -0.002707091858610511 0.004987382795661688 0.008233933709561825 
vn -0.0018340389942750335 0.004987382795661688 0.008471263572573662 
vn -0.0009410030324943364 0.004987382795661688 0.008616293780505657 
vn 0.000037714340578531846 0.004987382795661688 0.008667444810271263 
vn 0.0009410030324943364 0.004987382795661688 0.008616293780505657 
vn 0.0018340389942750335 0.004987382795661688 0.008471263572573662 
vn 0.002707091858610511 0.004987382795661688 0.008233933709561825 
vn 0.003550648922100663 0.004987382795661688 0.007906889542937279 
vn 0.0043555195443332195 0.004987382795661688 0.00749369477853179 
vn 0.005112933926284313 0.0049873823300004005 0.006998850964009762 
vn 0.00581463985145092 0.0049873823300004005 0.006427750922739506 
vn 0.006452991161495447 0.0049873823300004005 0.005786615423858166 
vn 0.007722649723291397 0.0030319360084831715 0.005582834593951702 
vn 0.007021033205091953 0.0049873823300004005 0.005082431249320507 
vn 0.008255751803517342 0.003031935775652528 0.004759194795042276 
vn 0.007512576412409544 0.0049873823300004005 0.004322871100157499 
vn 0.008701340295374393 0.003031935775652528 0.0038851057179272175 
vn 0.00792226567864418 0.004987381864339113 0.0035162100102752447 
vn 0.009054692462086678 0.003031935542821884 0.0029698337893933058 
vn 0.008930617943406105 0.003445281181484461 0.0028938022442162037 
vn 0.008580231107771397 0.0034452814143151045 0.0038091556634753942 
vn 0.008136317133903503 0.003445281647145748 0.00468298839405179 
vn 0.008245635777711868 0.004987381864339113 0.0026712375693023205 
vn 0.009327800013124943 0.0030319353099912405 0.0019492354476824403 
vn 0.0084791649132967 0.004987381864339113 0.0017971604829654098 
vn 0.00947878323495388 0.0030319353099912405 0.0009798106038942933 
vn 0.00862030778080225 0.004987381398677826 0.0009035018738359213 
vn 0.009529289789497852 0.003031935077160597 -4.939659237201965e-10 
vn 0.008667527697980404 0.004987381398677826 -8.125491390842399e-10 
vn 0.009183659218251705 0.003445281181484461 0.0019469056278467178 
vn 0.009336595423519611 0.003445280948653817 0.000978787080384791 
vn 0.009387760423123837 0.0034452807158231735 -5.613086107025822e-10 
vn 0.009336595423519611 0.0034452807158231735 -0.0009787881281226873 
vn 0.00947878323495388 0.003031934844329953 -0.0009798116516321898 
vn 0.009183659218251705 0.00344528048299253 -0.0019469066755846143 
vn 0.009327800013124943 0.003031934844329953 -0.0019492364954203367 
vn 0.008930617943406105 0.003445280250161886 -0.002893803408369422 
vn 0.009054692462086678 0.0030319346114993095 -0.0029698347207158804 
vn 0.008580231107771397 0.003445280250161886 -0.003809156594797969 
vn 0.00862030778080225 0.004987381398677826 -0.0009035035036504269 
vn 0.0084791649132967 0.004987380933016539 -0.0017971621127799153 
vn 0.008245635777711868 0.004987380933016539 -0.002671239199116826 
vn 0.008701340295374393 0.003031934378668666 -0.003885106649249792 
vn 0.00792226567864418 0.004987380933016539 -0.0035162116400897503 
vn 0.008255751803517342 0.003031934378668666 -0.004759195726364851 
vn 0.007512576412409544 0.004987380467355251 -0.004322872497141361 
vn 0.007722649723291397 0.0030319341458380222 -0.005582835525274277 
vn 0.007021033205091953 0.004987380467355251 -0.005082432646304369 
vn 0.007057172246277332 0.0030319341458380222 -0.006403413135558367 
vn 0.00698822969570756 0.003445279784500599 -0.006268547847867012 
vn 0.007603715173900127 0.003445279784500599 -0.0055057755671441555 
vn 0.008136317133903503 0.0034452800173312426 -0.004682989325374365 
vn 0.006452991161495447 0.004987380467355251 -0.005786616820842028 
vn 0.006361362989991903 0.0030319339130073786 -0.007095099426805973 
vn 0.00581463985145092 0.004987380467355251 -0.006427752785384655 
vn 0.005598121788352728 0.0030319339130073786 -0.007711576763540506 
vn 0.005112933926284313 0.004987380467355251 -0.006998852826654911 
vn 0.004775539040565491 0.003031933680176735 -0.00824630819261074 
vn 0.0043555195443332195 0.004987380001693964 -0.007493696641176939 
vn 0.0062965708784759045 0.0034452795516699553 -0.00696299085393548 
vn 0.005536277778446674 0.0034452795516699553 -0.00758153572678566 
vn 0.004715637769550085 0.0034452795516699553 -0.008117438293993473 
vn 0.0038435952737927437 0.0034452793188393116 -0.008564859628677368 
vn 0.0039023342542350292 0.003031933680176735 -0.008693628013134003 
vn 0.0029296569991856813 0.0034452793188393116 -0.00891892146319151 
vn 0.002915974473580718 0.003031933680176735 -0.009072181768715382 
vn 0.001983784604817629 0.0034452793188393116 -0.00917576439678669 
vn 0.0019677088130265474 0.003031933680176735 -0.00932392105460167 
vn 0.0010162882972508669 0.0034452793188393116 -0.009332587942481041 
vn 0.003550648922100663 0.004987380001693964 -0.007906891405582428 
vn 0.002707091858610511 0.004987380001693964 -0.008233935572206974 
vn 0.0018340389942750335 0.004987380001693964 -0.008471265435218811 
vn 0.000998585019260645 0.0030319334473460913 -0.009476824663579464 
vn 0.0009410030324943364 0.004987380001693964 -0.008616295643150806 
vn 0.000018875869500334375 0.0030319334473460913 -0.009529272094368935 
vn 0.000037714340578531846 0.004987380001693964 -0.008667445741593838 
vn 0.000037714118661824614 0.0034452793188393116 -0.009387684985995293 
vn 0.0027808004524558783 0.009587058797478676 0.0005961930728517473 
vn 0.0007952896994538605 0.009961841627955437 0.00035949196899309754 
vn -0.0010800228919833899 0.009940397925674915 -0.0001484473468735814 
vn -0.002651944989338517 0.009587058797478676 -0.0010273705702275038 
vn -0.005090766120702028 0.008110666647553444 -0.002881179563701153 
vn -0.005389745347201824 0.008110666647553444 -0.0022732666693627834 
vn -0.002797792199999094 0.00957454089075327 -0.0007074775639921427 
vn -0.0011311727575957775 0.009935540147125721 -0.00007414259016513824 
vn 0.0007993480539880693 0.009965559467673302 0.00022060440096538514 
vn -0.005663588643074036 0.008085030131042004 -0.001598765724338591 
vn -0.002945621032267809 0.009548956528306007 -0.0003751531767193228 
vn -0.005839446559548378 0.008059239946305752 -0.0009744326234795153 
vn -0.0030073660891503096 0.009535891003906727 -0.0001500929647590965 
vn -0.005940957460552454 0.008033295162022114 -0.0004137563519179821 
vn -0.003052514512091875 0.009522643871605396 0.000037607242120429873 
vn -0.005955228582024574 0.008033295162022114 0.00003764286157093011 
vn -0.0030073660891503096 0.009535891003906727 0.00015008985064923763 
vn -0.005940957460552454 0.008033295162022114 0.000413753732573241 
vn -0.002945621032267809 0.009548956528306007 0.0003751500917132944 
vn -0.005839446559548378 0.008059239946305752 0.0009744300041347742 
vn -0.002797792199999094 0.00957454089075327 0.0007074744207784534 
vn -0.005663588643074036 0.008085030131042004 0.001598763046786189 
vn -0.002651944989338517 0.009587058797478676 0.0010273674270138144 
vn -0.005389745347201824 0.008110667578876019 0.0022732641082257032 
vn -0.0024452602956444025 0.009599394164979458 0.0013683321885764599 
vn -0.005090766120702028 0.008110667578876019 0.0028811770025640726 
vn -0.0022844865452498198 0.009599394164979458 0.0016225754516199231 
vn -0.004723505582660437 0.008110667578876019 0.0034504453651607037 
vn -0.0020467417780309916 0.009599394164979458 0.0019137599738314748 
vn -0.00434369221329689 0.008110667578876019 0.00391783332452178 
vn -0.0018312771571800113 0.00958705972880125 0.0021759404335170984 
vn -0.0038046943955123425 0.008110667578876019 0.004443126730620861 
vn -0.001486146473325789 0.00957454089075327 0.0024737673811614513 
vn -0.003283170750364661 0.008085031062364578 0.004883959423750639 
vn -0.0012397572863847017 0.009548957459628582 0.002698224736377597 
vn -0.0027845308650285006 0.008059240877628326 0.00522446446120739 
vn -0.001100081717595458 0.009535891935229301 0.0028029608074575663 
vn -0.00232674740254879 0.008033296093344688 0.005482007283717394 
vn -0.001029859995469451 0.009535891935229301 0.0028295156080275774 
vn -0.00197580736130476 0.008033296093344688 0.005618036724627018 
vn -0.0008889331948012114 0.009548957459628582 0.0028332334477454424 
vn -0.0014533208450302482 0.008059240877628326 0.005739033222198486 
vn -0.0005052394699305296 0.00957454089075327 0.0028412831015884876 
vn -0.0008442873368039727 0.008085031062364578 0.005824040621519089 
vn -0.00011259244638495147 0.00958705972880125 0.0028417622670531273 
vn -0.0001506133849034086 0.008110667578876019 0.005847597029060125 
vn -0.0012198123149573803 0.009925254620611668 0.000037215297197690234 
vn -0.00012942096509505063 0.009949545376002789 0.0009948851075023413 
vn -0.000294126191874966 0.00994039885699749 0.0010497485054656863 
vn -0.00003689508594106883 0.009957932867109776 -0.0009155437001027167 
vn 0.00003704126356751658 0.009961840696632862 -0.0008719817269593477 
vn 0.000018809376342687756 0.009574539959430695 -0.0028857961297035217 
vn 0.0002624106127768755 0.009587058797478676 -0.0028318632394075394 
vn -0.00003766259033000097 0.008161473087966442 -0.005778316408395767 
vn 0.00011131040810141712 0.009965559467673302 -0.0008217280264943838 
vn -0.00043380988063290715 0.009935540147125721 0.0010473079746589065 
vn -0.00045472863712348044 0.009930492378771305 0.0010856103617697954 
vn -0.00038495936314575374 0.009930492378771305 0.0011122653959318995 
vn -0.00043380988063290715 0.009935540147125721 0.0010473079746589065 
vn -0.0005015522474423051 0.00994039885699749 0.000967950327321887 
vn -0.0006046048365533352 0.009949545376002789 0.0008006246061995625 
vn -0.0007159432279877365 0.009949545376002789 0.0007028317777439952 
vn -0.0008116619428619742 0.009949545376002789 0.0005897053051739931 
vn -0.0008896728395484388 0.009949545376002789 0.00046371339703910053 
vn -0.0009482739842496812 0.009949545376002789 0.00032760464819148183 
vn -0.0010800228919833899 0.009940397925674915 0.0001484441163484007 
vn -0.0011311727575957775 0.009935540147125721 0.00007413935236399993 
vn -0.0012198123149573803 0.009925254620611668 -0.00003721853136084974 
vn -0.0012198123149573803 0.009925254620611668 0.000037215297197690234 
vn 0.0007719011045992374 0.00996908824890852 0.00014649629883933812 
vn 0.0007856799638830125 0.00996908824890852 -1.6241737954558744e-9 
vn 0.0007719011045992374 0.00996908824890852 -0.00014649954391643405 
vn 0.0007993480539880693 0.009965559467673302 -0.00022060764604248106 
vn 0.0007952896994538605 0.009961840696632862 -0.0003594952286221087 
vn 0.0008113302756100893 0.009957932867109776 -0.0004258205881342292 
vn 0.0008217373979277909 0.009953834116458893 -0.0004959226935170591 
vn 0.0007808362715877593 0.009953834116458893 -0.0005581098375841975 
vn 0.0006858493434265256 0.009957932867109776 -0.000607611087616533 
vn 0.000634733063634485 0.009957932867109776 -0.0006608287803828716 
vn 0.0005766147514805198 0.009961840696632862 -0.000655163312330842 
vn 0.0004568209405988455 0.009965559467673302 -0.0006920557352714241 
vn 0.0003385210002306849 0.009969087317585945 -0.0007090125582180917 
vn 0.00020038198272231966 0.009969087317585945 -0.0007596989744342864 
vn 0.0005594372632913291 0.009587058797478676 -0.002788429381325841 
vn 0.0006389592308551073 0.008161473087966442 -0.005743002984672785 
vn 0.0009410030324943364 0.004987380001693964 -0.008616295643150806 
vn 0.000037714340578531846 0.004987380001693964 -0.008667445741593838 
vn 0.0018340389942750335 0.004987380001693964 -0.008471265435218811 
vn 0.0012333132326602936 0.008161473087966442 -0.005645289551466703 
vn 0.0008502312703058124 0.009587058797478676 -0.0027139298617839813 
vn 0.0011315528536215425 0.009587058797478676 -0.0026091942563652992 
vn 0.0014002679381519556 0.009587058797478676 -0.002475390210747719 
vn 0.0016533826710656285 0.009587058797478676 -0.002314007841050625 
vn 0.0019384578336030245 0.00957454089075327 -0.0021378849633038044 
vn 0.0021504724863916636 0.00957454089075327 -0.0019244840368628502 
vn 0.0023391209542751312 0.00957454089075327 -0.0016901724739000201 
vn 0.002502353396266699 0.00957454089075327 -0.0014374962775036693 
vn 0.0026383965741842985 0.00957454089075327 -0.0011692008702084422 
vn 0.0027024690061807632 0.009587058797478676 -0.0008859814843162894 
vn 0.0027808004524558783 0.009587058797478676 -0.0005961962160654366 
vn 0.0028281512204557657 0.009587058797478676 -0.00029976872610859573 
vn 0.002843993715941906 0.009587058797478676 -1.561933249405456e-9 
vn 0.0028281512204557657 0.009587058797478676 0.00029976561199873686 
vn 0.005747044458985329 0.008161474019289017 0.00060151272919029 
vn 0.00862030778080225 0.004987381398677826 0.0009035018738359213 
vn 0.0057784379459917545 0.008161474019289017 -1.329675480832293e-9 
vn 0.008667527697980404 0.004987381398677826 -8.125491390842399e-10 
vn 0.005747044458985329 0.008161474019289017 -0.000601515406742692 
vn 0.00565320672467351 0.008161474019289017 -0.0011964936275035143 
vn 0.005497943609952927 0.008161474019289017 -0.0017784712836146355 
vn 0.005282942671328783 0.008161473087966442 -0.00234112492762506 
vn 0.005010539200156927 0.008161473087966442 -0.002878340892493725 
vn 0.004683693405240774 0.008161473087966442 -0.003384282113984227 
vn 0.00430595688521862 0.008161473087966442 -0.0038534514605998993 
vn 0.0038814335130155087 0.008161473087966442 -0.004280750639736652 
vn 0.0034147363621741533 0.008161473087966442 -0.004661537241190672 
vn 0.002910936251282692 0.008161473087966442 -0.004991673864424229 
vn 0.0023755067959427834 0.008161473087966442 -0.0052675725892186165 
vn 0.0018142665503546596 0.008161473087966442 -0.005486236419528723 
vn 0.002707091858610511 0.004987380001693964 -0.008233935572206974 
vn 0.003550648922100663 0.004987380001693964 -0.007906891405582428 
vn 0.0043555195443332195 0.004987380001693964 -0.007493696641176939 
vn 0.005112933926284313 0.004987380467355251 -0.006998852826654911 
vn 0.00581463985145092 0.004987380467355251 -0.006427752785384655 
vn 0.006452991161495447 0.004987380467355251 -0.005786616820842028 
vn 0.007021033205091953 0.004987380467355251 -0.005082432646304369 
vn 0.007512576412409544 0.004987380467355251 -0.004322872497141361 
vn 0.00792226567864418 0.004987380933016539 -0.0035162116400897503 
vn 0.008245635777711868 0.004987380933016539 -0.002671239199116826 
vn 0.0084791649132967 0.004987380933016539 -0.0017971621127799153 
vn 0.00862030778080225 0.004987381398677826 -0.0009035035036504269 
vn -0.00001908265403471887 -0.009953834116458893 0.0009595983428880572 
vn -0.00009526245412416756 -0.009953834116458893 0.0009550487739033997 
vn 0.0001331564853899181 -0.009953834116458893 0.0009505064808763564 
vn -0.00017083996499422938 -0.009953834116458893 0.0009444611496292055 
vn -0.000318283709930256 -0.009953834116458893 0.0009054769179783762 
vn -0.00038921769009903073 -0.009953834116458893 0.0008773268782533705 
vn -0.0004576909414026886 -0.009953834116458893 0.0008436301141045988 
vn -0.0005855418858118355 -0.009953834116458893 0.000760482216719538 
vn -0.0006441111909225583 -0.009953834116458893 0.0007115568732842803 
vn -0.000698608229868114 -0.009953834116458893 0.0006581327761523426 
vn -0.0007940352079458535 -0.009953834116458893 0.0005391659215092659 
vn -0.0008343618246726692 -0.009953834116458893 0.0004743753233924508 
vn -0.000869413313921541 -0.009953834116458893 0.00040658554644323885 
vn -0.0009228393901139498 -0.009953834116458893 0.0002637392026372254 
vn -0.000940876139793545 -0.009953834116458893 0.00018958574219141155 
vn -0.0009529643575660884 -0.009953834116458893 0.0001142336695920676 
vn -0.0009590276167728007 -0.009953834116458893 0.0000381593854399398 
vn -0.0009529643575660884 -0.009953834116458893 -0.00011423043179092929 
vn -0.000940876139793545 -0.009953834116458893 -0.00018958249711431563 
vn -0.0009228393901139498 -0.009953834116458893 -0.0002637359721120447 
vn -0.000869413313921541 -0.009953834116458893 -0.0004065822868142277 
vn -0.0008343618246726692 -0.009953834116458893 -0.00047437206376343966 
vn -0.0007940352079458535 -0.009953834116458893 -0.0005391626618802547 
vn -0.000698608229868114 -0.009953834116458893 -0.0006581295165233314 
vn -0.0006441111909225583 -0.009953834116458893 -0.0007115536136552691 
vn -0.0005855418858118355 -0.009953834116458893 -0.0007604790152981877 
vn -0.0004576909414026886 -0.009953834116458893 -0.0008436268544755876 
vn -0.00038921769009903073 -0.009953834116458893 -0.0008773236186243594 
vn -0.000318283709930256 -0.009953834116458893 -0.0009054737165570259 
vn -0.00017083996499422938 -0.009953834116458893 -0.0009444578900001943 
vn -0.00009526245412416756 -0.009953834116458893 -0.0009550455142743886 
vn -0.00001908265403471887 -0.009953834116458893 -0.0009595950832590461 
vn 0.0001331564853899181 -0.009953834116458893 -0.0009505032212473452 
vn 0.0002082533173961565 -0.009953834116458893 -0.0009369191830046475 
vn 0.0002820335212163627 -0.009953834116458893 -0.0009174117003567517 
vn 0.0004237894027028233 -0.009953834116458893 -0.0008611560915596783 
vn 0.0004908688133582473 -0.009953834116458893 -0.0008247637306340039 
vn 0.0005548449116759002 -0.009953834116458893 -0.0007831568364053965 
vn 0.0006153129506856203 -0.009953834116458893 -0.0007365986821241677 
vn 0.0007242208812385798 -0.009953834116458893 -0.0006298350053839386 
vn 0.0007719721761532128 -0.009953834116458893 -0.0005703044589608908 
vn 0.0008148427587002516 -0.009953834116458893 -0.0005071683553978801 
vn 0.0008848903235048056 -0.009953834116458893 -0.0003716959909070283 
vn 0.000911624520085752 -0.009953834116458893 -0.00030021631391718984 
vn 0.0009325950522907078 -0.009953834116458893 -0.00022683857241645455 
vn 0.000956752453930676 -0.009953834116458893 -0.0000762535710236989 
vn 0.0009597864700481296 -0.009953834116458893 1.621688561215251e-9 
vn 0.000956752453930676 -0.009953834116458893 0.00007625681610079482 
vn 0.0009325950522907078 -0.009953834116458893 0.00022684181749355048 
vn 0.000911624520085752 -0.009953834116458893 0.000300219573546201 
vn 0.0008848903235048056 -0.009953834116458893 0.00037169925053603947 
vn 0.0008148427587002516 -0.009953834116458893 0.0005071715568192303 
vn 0.0007719721761532128 -0.009953834116458893 0.0005703077185899019 
vn 0.0007242208812385798 -0.009953834116458893 0.0006298382650129497 
vn 0.0006153129506856203 -0.009953834116458893 0.0007366019417531788 
vn 0.0005548449116759002 -0.009953834116458893 0.0007831600960344076 
vn 0.0004908688133582473 -0.009953834116458893 0.000824766990263015 
vn 0.000354030606104061 -0.009953834116458893 0.0008921072585508227 
vn 0.0002820335212163627 -0.009953834116458893 0.0009174149599857628 
vn 0.0002082533173961565 -0.009953834116458893 0.0009369224426336586 
vn 0.0001322887110291049 -0.006452019326388836 -0.007638975512236357 
vn -0.0007735448307357728 -0.006452019326388836 -0.007600860204547644 
vn 0.00011336293391650543 -0.008007198572158813 -0.005989317316561937 
vn -0.0005660029128193855 -0.008007198572158813 -0.005963590461760759 
vn -0.001594632281921804 -0.006452019326388836 -0.007471853867173195 
vn -0.0012380785774439573 -0.008007198572158813 -0.00586105277761817 
vn -0.0023249501828104258 -0.006452019326388836 -0.007277778349816799 
vn -0.001822357065975666 -0.008007198572158813 -0.005706469528377056 
vn -0.003170695388689637 -0.006452019326388836 -0.006951125338673592 
vn -0.002457208000123501 -0.008007198572158813 -0.005463232286274433 
vn -0.003907018341124058 -0.006452018860727549 -0.006565566174685955 
vn -0.00312513648532331 -0.008007198572158813 -0.005110606551170349 
vn -0.00467062508687377 -0.006418575067073107 -0.006081706844270229 
vn -0.003684081370010972 -0.008007198572158813 -0.004723592195659876 
vn -0.005300793796777725 -0.0064185746014118195 -0.005541072692722082 
vn -0.004213536158204079 -0.007980947382748127 -0.004307040013372898 
vn -0.005720458459109068 -0.0064185746014118195 -0.005106687545776367 
vn -0.004493433516472578 -0.007954544387757778 -0.004066236782819033 
vn -0.006104633212089539 -0.0064185746014118195 -0.004640620201826096 
vn -0.004719187039881945 -0.007980947382748127 -0.0037461654283106327 
vn -0.006531334947794676 -0.0064185746014118195 -0.00401790626347065 
vn -0.0050505525432527065 -0.008007197640836239 -0.0032212890218943357 
vn -0.006943261716514826 -0.006452018395066261 -0.003187879454344511 
vn -0.005415754392743111 -0.008007197640836239 -0.002560153603553772 
vn -0.0072484673000872135 -0.006452018395066261 -0.0024147839285433292 
vn -0.005694860592484474 -0.008007197640836239 -0.0018583179917186499 
vn -0.0074678873643279076 -0.006452018395066261 -0.0016131093725562096 
vn -0.005853126756846905 -0.008007197640836239 -0.001275026355870068 
vn -0.007598924450576305 -0.006452017929404974 -0.0007923436351120472 
vn -0.005959902890026569 -0.008007197640836239 -0.0006036109407432377 
vn -0.0076400283724069595 -0.006452017929404974 0.00003779956023208797 
vn -0.005989914759993553 -0.008007197640836239 0.0000755790970288217 
vn -0.007581757381558418 -0.006452017929404974 0.0009425601456314325 
vn -0.005942775402218103 -0.008007197640836239 0.0007537956698797643 
vn -0.007455042097717524 -0.006418573670089245 0.0017956231022253633 
vn -0.005800685845315456 -0.008007196709513664 0.0014956067316234112 
vn -0.0072171990759670734 -0.0064185732044279575 0.002591129159554839 
vn -0.005644521676003933 -0.007980946451425552 0.0021080486476421356 
vn -0.006959506310522556 -0.0064185732044279575 0.003219811711460352 
vn -0.005492347292602062 -0.007954543456435204 0.002561124972999096 
vn -0.006684503983706236 -0.0064185732044279575 0.0037575685419142246 
vn -0.005322141107171774 -0.007954543456435204 0.0028982849325984716 
vn -0.006325651425868273 -0.0064185732044279575 0.004334519151598215 
vn -0.005029463209211826 -0.007980946451425552 0.003317980794236064 
vn -0.0058199260383844376 -0.0064185732044279575 0.00499303312972188 
vn -0.004605059511959553 -0.008007196709513664 0.0038312177639454603 
vn -0.005177440587431192 -0.006452016998082399 0.005618325900286436 
vn -0.004086358472704887 -0.008007196709513664 0.004380236845463514 
vn -0.004536496475338936 -0.006452016998082399 0.0061474936082959175 
vn -0.003563727717846632 -0.008007196709513664 0.00481504388153553 
vn -0.0038418632466346025 -0.006452016998082399 0.006603905465453863 
vn -0.002995195798575878 -0.008007196709513664 0.005187832284718752 
vn -0.0031017614528536797 -0.006452016998082399 0.0069821602664887905 
vn -0.002457208000123501 -0.008007196709513664 0.005463235080242157 
vn -0.0023249501828104258 -0.006452016998082399 0.007277780678123236 
vn -0.001822357065975666 -0.008007196709513664 0.005706471856683493 
vn -0.0015206231037154794 -0.006452016998082399 0.007487268187105656 
vn -0.0012380785774439573 -0.008007196709513664 0.005861055571585894 
vn -0.0006982993218116462 -0.006452016998082399 0.007608144078403711 
vn -0.0004907181719318032 -0.008007196709513664 0.005970260128378868 
vn 0.0001887778635136783 -0.00641857273876667 0.007665917742997408 
vn 0.0002644433407112956 -0.008007196709513664 0.005984553135931492 
vn 0.0010165026178583503 -0.00641857273876667 0.007600569166243076 
vn 0.0008472917834296823 -0.007980945520102978 0.0059654503129422665 
vn 0.0016853015404194593 -0.00641857273876667 0.007480754051357508 
vn 0.0013485070085152984 -0.007954542525112629 0.005908195860683918 
vn 0.00226884288713336 -0.00641857273876667 0.007324908394366503 
vn 0.0017862560926005244 -0.007954542525112629 0.005790901370346546 
vn 0.00290832482278347 -0.00641857273876667 0.007095320615917444 
vn 0.0022314114030450583 -0.007980946451425552 0.005596901755779982 
vn 0.003658415051177144 -0.00641857273876667 0.006739282514899969 
vn 0.0027967351488769054 -0.008007196709513664 0.005297459661960602 
vn 0.004383054096251726 -0.006452016998082399 0.006257820408791304 
vn 0.003378966823220253 -0.008007196709513664 0.004946452099829912 
vn 0.005093485116958618 -0.006452016998082399 0.005694549065083265 
vn 0.003974539693444967 -0.008007196709513664 0.004481945652514696 
vn 0.0056819305755198 -0.006452016998082399 0.005107556935399771 
vn 0.0044567822478711605 -0.008007196709513664 0.004002735950052738 
vn 0.00615869602188468 -0.006452017463743687 0.00452127680182457 
vn 0.004837428219616413 -0.008007196709513664 0.0035332830157130957 
vn 0.006650915835052729 -0.006452017463743687 0.003759892424568534 
vn 0.005206623114645481 -0.008007196709513664 0.0029624104499816895 
vn 0.007019987795501947 -0.006452017463743687 0.003015168709680438 
vn 0.005538008641451597 -0.008007196709513664 0.0022836937569081783 
vn 0.007357622962445021 -0.006418573670089245 0.002160394098609686 
vn 0.005761103704571724 -0.008007196709513664 0.0016414877027273178 
vn 0.007534388918429613 -0.006418573670089245 0.0014264993369579315 
vn 0.005945418495684862 -0.007980946451425552 0.0009780037216842175 
vn 0.007638139184564352 -0.006418573670089245 0.0006787803722545505 
vn 0.00600827019661665 -0.007980946451425552 0.0004529652651399374 
vn 0.007668240461498499 -0.006418573670089245 1.045720510184367e-9 
vn 0.006060134619474411 -0.007954543456435204 1.2959622264219206e-9 
vn 0.007638139184564352 -0.006418574135750532 -0.0006787782767787576 
vn 0.00600827019661665 -0.007980947382748127 -0.00045296267489902675 
vn 0.007534388918429613 -0.006418574135750532 -0.0014264972414821386 
vn 0.005945418495684862 -0.007980947382748127 -0.0009780011605471373 
vn 0.007357622962445021 -0.006418574135750532 -0.002160392003133893 
vn 0.005761103704571724 -0.008007197640836239 -0.0016414851415902376 
vn 0.007019987795501947 -0.006452018395066261 -0.003015166614204645 
vn 0.005538008641451597 -0.008007197640836239 -0.0022836909629404545 
vn 0.006650915835052729 -0.006452018860727549 -0.003759890329092741 
vn 0.005206623114645481 -0.008007197640836239 -0.0029624078888446093 
vn 0.006203130353242159 -0.006452018860727549 -0.004460115451365709 
vn 0.004837428219616413 -0.008007197640836239 -0.0035332804545760155 
vn 0.005631115287542343 -0.006452018860727549 -0.0051635256968438625 
vn 0.004405926913022995 -0.008007197640836239 -0.004058643244206905 
vn 0.005036890506744385 -0.006452018860727549 -0.005744665861129761 
vn 0.003917676862329245 -0.008007198572158813 -0.0045317308977246284 
vn 0.004365613684058189 -0.006418575067073107 -0.006304229609668255 
vn 0.003316290909424424 -0.008007198572158813 -0.004988686181604862 
vn 0.003658415051177144 -0.006418575067073107 -0.0067392801865935326 
vn 0.0027807869482785463 -0.007980947382748127 -0.005345250479876995 
vn 0.0030475046951323748 -0.006418575067073107 -0.007036662194877863 
vn 0.0023539671674370766 -0.007954544387757778 -0.00558426883071661 
vn 0.0024842338170856237 -0.006418575067073107 -0.007254686672240496 
vn 0.0020015358459204435 -0.007954544387757778 -0.005720059387385845 
vn 0.001758890924975276 -0.006418575067073107 -0.007463792804628611 
vn 0.0015138013986870646 -0.007980948314070702 -0.005832056514918804 
vn 0.0010165026178583503 -0.006418575067073107 -0.00760056683793664 
vn 0.000866121263243258 -0.008007198572158813 -0.005927445366978645 
vn 0.0001322887110291049 -0.006452019326388836 -0.007638975512236357 
vn 0.00011336293391650543 -0.008007198572158813 -0.005989317316561937 
vn -0.00014844573161099106 0.009940397925674915 -0.0010800245217978954 
vn -0.00022180304222274572 0.009940397925674915 -0.0010673764627426863 
vn -1.1273688243621557e-16 0.009940397925674915 -0.0010901784989982843 
vn -0.00036507801269181073 0.009940397925674915 -0.0010272327344864607 
vn -0.00043432763777673244 0.009940397925674915 -0.0009999241447076201 
vn -0.0005664384225383401 0.009940397925674915 -0.0009314699564129114 
vn -0.0006286835414357483 0.009940397925674915 -0.0008906432776711881 
vn -0.0007441036286763847 0.009940397925674915 -0.0007967420388013124 
vn -0.0007967404089868069 0.009940397925674915 -0.0007441052584908903 
vn -0.0008906416478566825 0.009940397925674915 -0.0006286851712502539 
vn -0.0009314683265984058 0.009940397925674915 -0.0005664399941451848 
vn -0.0009999225148931146 0.009940397925674915 -0.000434329267591238 
vn -0.0010272311046719551 0.009940397925674915 -0.00036507961340248585 
vn -0.0010673748329281807 0.009940397925674915 -0.00022180465748533607 
vn -0.0010800228919833899 0.009940397925674915 -0.0001484473468735814 
vn -0.0010901768691837788 0.009940397925674915 -1.619499423455295e-9 
vn -0.0010800228919833899 0.009940397925674915 0.0001484441163484007 
vn -0.0010673748329281807 0.009940397925674915 0.00022180142696015537 
vn -0.0010272311046719551 0.00994039885699749 0.00036507638287730515 
vn -0.0009999225148931146 0.00994039885699749 0.0004343260370660573 
vn -0.0009314683265984058 0.00994039885699749 0.0005664367927238345 
vn -0.0008906416478566825 0.00994039885699749 0.0006286819698289037 
vn -0.0007967404089868069 0.00994039885699749 0.0007441019988618791 
vn -0.0007441036286763847 0.00994039885699749 0.0007967387791723013 
vn -0.0006286835414357483 0.00994039885699749 0.000890640018042177 
vn -0.0005664384225383401 0.00994039885699749 0.0009314666967839003 
vn -0.00043432763777673244 0.00994039885699749 0.000999920885078609 
vn -0.00036507801269181073 0.00994039885699749 0.0010272294748574495 
vn -0.00022180304222274572 0.00994039885699749 0.0010673732031136751 
vn -0.00014844573161099106 0.00994039885699749 0.0010800212621688843 
vn 3.3772651503973167e-16 0.00994039885699749 0.0010901752393692732 
vn 0.00014844573161099106 0.00994039885699749 0.0010800212621688843 
vn 0.00022180304222274572 0.00994039885699749 0.0010673732031136751 
vn 0.00036507801269181073 0.00994039885699749 0.0010272294748574495 
vn 0.00043432763777673244 0.00994039885699749 0.000999920885078609 
vn 0.0005664384225383401 0.00994039885699749 0.0009314666967839003 
vn 0.0006286835414357483 0.00994039885699749 0.000890640018042177 
vn 0.0007441036286763847 0.00994039885699749 0.0007967387791723013 
vn 0.0007967404089868069 0.00994039885699749 0.0007441019988618791 
vn 0.0008906416478566825 0.00994039885699749 0.0006286819698289037 
vn 0.0009314683265984058 0.00994039885699749 0.0005664367927238345 
vn 0.0009999225148931146 0.00994039885699749 0.0004343260370660573 
vn 0.0010272311046719551 0.00994039885699749 0.00036507638287730515 
vn 0.0010673748329281807 0.009940397925674915 0.00022180142696015537 
vn 0.0010800228919833899 0.009940397925674915 0.0001484441163484007 
vn 0.0010901768691837788 0.009940397925674915 -1.6194996454999e-9 
vn 0.0010800228919833899 0.009940397925674915 -0.0001484473468735814 
vn 0.0010673748329281807 0.009940397925674915 -0.00022180465748533607 
vn 0.0010272311046719551 0.009940397925674915 -0.00036507961340248585 
vn 0.0009999225148931146 0.009940397925674915 -0.000434329267591238 
vn 0.0009314683265984058 0.009940397925674915 -0.0005664399941451848 
vn 0.0008906416478566825 0.009940397925674915 -0.0006286851712502539 
vn 0.0007967404089868069 0.009940397925674915 -0.0007441052584908903 
vn 0.0007441036286763847 0.009940397925674915 -0.0007967420388013124 
vn 0.0006286835414357483 0.009940397925674915 -0.0008906432776711881 
vn 0.0005664384225383401 0.009940397925674915 -0.0009314699564129114 
vn 0.00043432763777673244 0.009940397925674915 -0.0009999241447076201 
vn 0.00036507801269181073 0.009940397925674915 -0.0010272327344864607 
vn 0.00022180304222274572 0.009940397925674915 -0.0010673764627426863 
vn 0.00014844573161099106 0.009940397925674915 -0.0010800245217978954 
vn 0.000018872113287216052 -0.0008945296285673976 -0.009959892369806767 
vn -0.0010360890300944448 -0.0008945296285673976 -0.00990587379783392 
vn 0.000018872113287216052 -0.0008945296285673976 -0.009959892369806767 
vn -0.0010360890300944448 -0.0008945296285673976 -0.00990587379783392 
vn -0.002079395577311516 -0.0008945296285673976 -0.009740427136421204 
vn -0.002079395577311516 -0.0008945296285673976 -0.009740427136421204 
vn -0.0030993118416517973 -0.0008945295703597367 -0.00946541503071785 
vn -0.0030993118416517973 -0.0008945295703597367 -0.00946541503071785 
vn -0.004084364976733923 -0.0008945295121520758 -0.009083929471671581 
vn -0.004084364976733923 -0.0008945295121520758 -0.009083929471671581 
vn -0.005023474805057049 -0.0008945294539444149 -0.008600262925028801 
vn -0.004958147648721933 -0.0008945294539444149 -0.008638089522719383 
vn -0.005845123901963234 -0.000894529337529093 -0.008064387366175652 
vn -0.005845123901963234 -0.000894529337529093 -0.008064387366175652 
vn -0.006666351109743118 -0.0008945292211137712 -0.007399972062557936 
vn -0.006666351109743118 -0.0008945292211137712 -0.007399972062557936 
vn -0.007412590552121401 -0.0008945291046984494 -0.006652317009866238 
vn -0.007412590552121401 -0.0008945291046984494 -0.006652317009866238 
vn -0.008031031116843224 -0.0008945289882831275 -0.005890870466828346 
vn -0.008031031116843224 -0.0008945289882831275 -0.005890870466828346 
vn -0.008609766140580177 -0.0008945288718678057 -0.005007169675081968 
vn -0.008609766140580177 -0.0008945288718678057 -0.005007169675081968 
vn -0.009091652929782867 -0.000894528697244823 -0.00406714528799057 
vn -0.009091652929782867 -0.000894528697244823 -0.00406714528799057 
vn -0.009471271187067032 -0.0008945285226218402 -0.0030813710764050484 
vn -0.009471271187067032 -0.0008945285226218402 -0.0030813710764050484 
vn -0.009744349867105484 -0.0008945283479988575 -0.0020609355997294188 
vn -0.009744349867105484 -0.0008945283479988575 -0.0020609355997294188 
vn -0.009907819330692291 -0.0008945281733758748 -0.0010173172922804952 
vn -0.009907819330692291 -0.0008945281733758748 -0.0010173172922804952 
vn -0.009959839284420013 -0.000894527998752892 0.00003774430660996586 
vn -0.009959839284420013 -0.000894527998752892 0.00003774430660996586 
vn -0.009899823926389217 -0.0008945278823375702 0.0010923813097178936 
vn -0.009907819330692291 -0.0008945278823375702 0.0010173176415264606 
vn -0.009744349867105484 -0.0008945277077145875 0.0020609358325600624 
vn -0.009744349867105484 -0.0008945277077145875 0.0020609358325600624 
vn -0.009471271187067032 -0.0008945275330916047 0.003081371309235692 
vn -0.009471271187067032 -0.0008945275330916047 0.003081371309235692 
vn -0.009091652929782867 -0.000894527358468622 0.004067145753651857 
vn -0.009091652929782867 -0.000894527358468622 0.004067145753651857 
vn -0.008647468872368336 -0.0008945272420533001 0.004941771272569895 
vn -0.008647468872368336 -0.0008945272420533001 0.004941771272569895 
vn -0.00807544868439436 -0.0008945270674303174 0.005829833447933197 
vn -0.00807544868439436 -0.0008945270674303174 0.005829833447933197 
vn -0.007412590552121401 -0.0008945269510149956 0.006652317009866238 
vn -0.007412590552121401 -0.0008945269510149956 0.006652317009866238 
vn -0.006666351109743118 -0.0008945268345996737 0.007399972062557936 
vn -0.006666351109743118 -0.0008945268345996737 0.007399972062557936 
vn -0.005845123901963234 -0.0008945267181843519 0.008064387366175652 
vn -0.005845123901963234 -0.0008945267181843519 0.008064387366175652 
vn -0.004958147648721933 -0.0008945266017690301 0.008638089522719383 
vn -0.004958147648721933 -0.0008945266017690301 0.008638089522719383 
vn -0.004084364976733923 -0.0008945265435613692 0.009083929471671581 
vn -0.004084364976733923 -0.0008945265435613692 0.009083929471671581 
vn -0.0030993118416517973 -0.0008945264853537083 0.009465415962040424 
vn -0.0030993118416517973 -0.0008945264853537083 0.009465415962040424 
vn -0.002079395577311516 -0.0008945264271460474 0.009740428067743778 
vn -0.002079395577311516 -0.0008945264271460474 0.009740428067743778 
vn -0.0010360890300944448 -0.0008945264271460474 0.009905874729156494 
vn -0.0010360890300944448 -0.0008945264271460474 0.009905874729156494 
vn 0.000018872113287216052 -0.0008945264271460474 0.009959892369806767 
vn 0.000018872113287216052 -0.0008945264271460474 0.009959892369806767 
vn 0.001073620980605483 -0.0008945264271460474 0.00990187656134367 
vn 0.001073620980605483 -0.0008945264271460474 0.00990187656134367 
vn 0.0021162929479032755 -0.0008945264271460474 0.009732477366924286 
vn 0.0020424681715667248 -0.0008945264271460474 0.009748238138854504 
vn 0.0030634193681180477 -0.0008945264853537083 0.009477092884480953 
vn 0.0030634193681180477 -0.0008945264853537083 0.009477092884480953 
vn 0.004049911163747311 -0.0008945265435613692 0.009099342860281467 
vn 0.004049911163747311 -0.0008945265435613692 0.009099342860281467 
vn 0.0049253772012889385 -0.0008945266017690301 0.008656817488372326 
vn 0.004990847315639257 -0.0008945266017690301 0.008619238622486591 
vn 0.005814521107822657 -0.0008945267181843519 0.00808648020029068 
vn 0.005875642877072096 -0.0008945267181843519 0.00804217904806137 
vn 0.006638260092586279 -0.0008945268345996737 0.007425182033330202 
vn 0.006638260092586279 -0.0008945268345996737 0.007425182033330202 
vn 0.007387327495962381 -0.0008945269510149956 0.006680360529571772 
vn 0.007387327495962381 -0.0008945269510149956 0.006680360529571772 
vn 0.00805329717695713 -0.0008945270674303174 0.005860394332557917 
vn 0.00805329717695713 -0.0008945270674303174 0.005860394332557917 
vn 0.008628679439425468 -0.0008945272420533001 0.0049745067954063416 
vn 0.008628679439425468 -0.0008945272420533001 0.0049745067954063416 
vn 0.009107000194489956 -0.000894527358468622 0.004032662604004145 
vn 0.009107000194489956 -0.000894527358468622 0.004032662604004145 
vn 0.009482880122959614 -0.0008945275330916047 0.003045456949621439 
vn 0.009482880122959614 -0.0008945275330916047 0.003045456949621439 
vn 0.009752091020345688 -0.0008945277077145875 0.002023993758484721 
vn 0.009752091020345688 -0.0008945277077145875 0.002023993758484721 
vn 0.009903892874717712 -0.0008945278823375702 0.0010548570426180959 
vn 0.009903892874717712 -0.0008945278823375702 0.0010548570426180959 
vn 0.009959910064935684 -0.0008945280569605529 1.4573740825252202e-10 
vn 0.009959910064935684 -0.0008945280569605529 1.4573740825252202e-10 
vn 0.009903892874717712 -0.0008945282315835357 -0.0010548566933721304 
vn 0.009903892874717712 -0.0008945282315835357 -0.0010548566933721304 
vn 0.009752091020345688 -0.0008945283479988575 -0.0020239935256540775 
vn 0.009752091020345688 -0.0008945283479988575 -0.0020239935256540775 
vn 0.009482880122959614 -0.0008945285226218402 -0.0030454564839601517 
vn 0.009482880122959614 -0.0008945285226218402 -0.0030454564839601517 
vn 0.009107000194489956 -0.000894528697244823 -0.004032662138342857 
vn 0.009107000194489956 -0.000894528697244823 -0.004032662138342857 
vn 0.008628679439425468 -0.0008945288136601448 -0.004974506329745054 
vn 0.008628679439425468 -0.0008945288136601448 -0.004974506329745054 
vn 0.00805329717695713 -0.0008945289882831275 -0.005860393866896629 
vn 0.00805329717695713 -0.0008945289882831275 -0.005860393866896629 
vn 0.007387327495962381 -0.0008945291046984494 -0.006680360063910484 
vn 0.007387327495962381 -0.0008945291046984494 -0.006680360063910484 
vn 0.006638260092586279 -0.0008945292211137712 -0.007425181567668915 
vn 0.006638260092586279 -0.0008945292211137712 -0.007425181567668915 
vn 0.005814521107822657 -0.000894529337529093 -0.00808648020029068 
vn 0.005814521107822657 -0.000894529337529093 -0.00808648020029068 
vn 0.0049253772012889385 -0.0008945294539444149 -0.008656816557049751 
vn 0.004990847315639257 -0.0008945294539444149 -0.008619237691164017 
vn 0.004049911163747311 -0.0008945295121520758 -0.009099342860281467 
vn 0.004049911163747311 -0.0008945295121520758 -0.009099342860281467 
vn 0.0030634193681180477 -0.0008945295703597367 -0.009477092884480953 
vn 0.0030634193681180477 -0.0008945295703597367 -0.009477092884480953 
vn 0.0021162929479032755 -0.0008945296285673976 -0.009732477366924286 
vn 0.0021162929479032755 -0.0008945296285673976 -0.009732477366924286 
vn 0.001073620980605483 -0.0008945296285673976 -0.00990187656134367 
vn 0.001073620980605483 -0.0008945296285673976 -0.00990187656134367 
vn 0.000018872113287216052 -0.0008945296285673976 -0.009959892369806767 
vn 0.000018872113287216052 -0.0008945296285673976 -0.009959892369806767 
vt 0.6791340112686157 0.9759790897369385 
vt 0.7210379838943481 0.9759790897369385 
vt 0.6791340112686157 0.9598144888877869 
vt 0.7210379838943481 0.9598144888877869 
vt 0.6791340112686157 0.9437678456306458 
vt 0.7210379838943481 0.9437678456306458 
vt 0.6791340112686157 0.9276031851768494 
vt 0.7210379838943481 0.9276031851768494 
vt 0.6791340112686157 0.9115565419197083 
vt 0.7210379838943481 0.9115565419197083 
vt 0.6791340112686157 0.8953919410705566 
vt 0.7210379838943481 0.8953919410705566 
vt 0.6791340112686157 0.8793452978134155 
vt 0.7210379838943481 0.8793452978134155 
vt 0.6791340112686157 0.8631806373596191 
vt 0.7210379838943481 0.8631806373596191 
vt 0.6791340112686157 0.847133994102478 
vt 0.7210379838943481 0.847133994102478 
vt 0.6791340112686157 0.8309693932533264 
vt 0.7210379838943481 0.8309693932533264 
vt 0.6791340112686157 0.8149227499961853 
vt 0.7210379838943481 0.8149227499961853 
vt 0.6791340112686157 0.7987580895423889 
vt 0.7210379838943481 0.7987580895423889 
vt 0.6791340112686157 0.7827114462852478 
vt 0.7210379838943481 0.7827114462852478 
vt 0.6791340112686157 0.7665468454360962 
vt 0.7210379838943481 0.7665468454360962 
vt 0.6791340112686157 0.7505002021789551 
vt 0.7210379838943481 0.7505002021789551 
vt 0.6791340112686157 0.7343355417251587 
vt 0.7210379838943481 0.7343355417251587 
vt 0.6791340112686157 0.7182889580726624 
vt 0.7210379838943481 0.7182889580726624 
vt 0.6791340112686157 0.702124297618866 
vt 0.7210379838943481 0.702124297618866 
vt 0.6791340112686157 0.6860776543617249 
vt 0.7210379838943481 0.6860776543617249 
vt 0.6791340112686157 0.6699130535125732 
vt 0.7210379838943481 0.6699130535125732 
vt 0.6791340112686157 0.6538664102554321 
vt 0.7210379838943481 0.6538664102554321 
vt 0.6791340112686157 0.6377017498016357 
vt 0.7210379838943481 0.6377017498016357 
vt 0.6791340112686157 0.6216551065444946 
vt 0.7210379838943481 0.6216551065444946 
vt 0.6791340112686157 0.605490505695343 
vt 0.7210379838943481 0.605490505695343 
vt 0.6791340112686157 0.5894438624382019 
vt 0.7210379838943481 0.5894438624382019 
vt 0.6791340112686157 0.5732792019844055 
vt 0.7210379838943481 0.5732792019844055 
vt 0.6791340112686157 0.5572325587272644 
vt 0.7210379838943481 0.5572325587272644 
vt 0.6791340112686157 0.5410679578781128 
vt 0.7210379838943481 0.5410679578781128 
vt 0.6791340112686157 0.5250213146209717 
vt 0.7210379838943481 0.5250213146209717 
vt 0.6791340112686157 0.5088566541671753 
vt 0.7210379838943481 0.5088566541671753 
vt 0.6791340112686157 0.49281004071235657 
vt 0.7210379838943481 0.49281004071235657 
vt 0.6791340112686157 0.47664541006088257 
vt 0.7210379838943481 0.47664541006088257 
vt 0.6791340112686157 0.46048077940940857 
vt 0.7210379838943481 0.46048077940940857 
vt 0.6791340112686157 0.44443413615226746 
vt 0.7210379838943481 0.44443413615226746 
vt 0.6791340112686157 0.42826950550079346 
vt 0.7210379838943481 0.42826950550079346 
vt 0.6791340112686157 0.41222286224365234 
vt 0.7210379838943481 0.41222286224365234 
vt 0.6791340112686157 0.39605823159217834 
vt 0.7210379838943481 0.39605823159217834 
vt 0.6791340112686157 0.38001158833503723 
vt 0.7210379838943481 0.38001158833503723 
vt 0.6791340112686157 0.36384695768356323 
vt 0.7210379838943481 0.36384695768356323 
vt 0.6791340112686157 0.3478003442287445 
vt 0.7210379838943481 0.3478003442287445 
vt 0.6791340112686157 0.3316357135772705 
vt 0.7210379838943481 0.3316357135772705 
vt 0.6791340112686157 0.3155890703201294 
vt 0.7210379838943481 0.3155890703201294 
vt 0.6791340112686157 0.2994244396686554 
vt 0.7210379838943481 0.2994244396686554 
vt 0.6791340112686157 0.2833777964115143 
vt 0.7210379838943481 0.2833777964115143 
vt 0.6791340112686157 0.2672131657600403 
vt 0.7210379838943481 0.2672131657600403 
vt 0.6791340112686157 0.25116652250289917 
vt 0.7210379838943481 0.25116652250289917 
vt 0.6791340112686157 0.23500189185142517 
vt 0.7210379838943481 0.23500189185142517 
vt 0.6791340112686157 0.21895524859428406 
vt 0.7210379838943481 0.21895524859428406 
vt 0.6791340112686157 0.20279061794281006 
vt 0.7210379838943481 0.20279061794281006 
vt 0.6791340112686157 0.18674397468566895 
vt 0.7210379838943481 0.18674397468566895 
vt 0.6791340112686157 0.17057934403419495 
vt 0.7210379838943481 0.17057934403419495 
vt 0.6791340112686157 0.15453271567821503 
vt 0.7210379838943481 0.15453271567821503 
vt 0.6791340112686157 0.13836808502674103 
vt 0.7210379838943481 0.13836808502674103 
vt 0.6791340112686157 0.12232144176959991 
vt 0.7210379838943481 0.12232144176959991 
vt 0.6791340112686157 0.10615681111812592 
vt 0.7210379838943481 0.10615681111812592 
vt 0.6791340112686157 0.0901101678609848 
vt 0.7210379838943481 0.0901101678609848 
vt 0.6791340112686157 0.0739455372095108 
vt 0.7210379838943481 0.0739455372095108 
vt 0.6791340112686157 0.05789890140295029 
vt 0.7210379838943481 0.05789890140295029 
vt 0.6791340112686157 0.04173427075147629 
vt 0.7210379838943481 0.04173427075147629 
vt 0.6791340112686157 0.025687629356980324 
vt 0.7210379838943481 0.025687629356980324 
vt 0.6791340112686157 0.0095229996368289 
vt 0.7210379838943481 0.0095229996368289 
vt 0.4345996379852295 0.5002497434616089 
vt 0.423762708902359 0.5002497434616089 
vt 0.423762708902359 0.4933100938796997 
vt 0.4128116965293884 0.4933100938796997 
vt 0.4345996379852295 0.4933100938796997 
vt 0.4455506503582001 0.5002497434616089 
vt 0.4455506503582001 0.4933100938796997 
vt 0.45638757944107056 0.5002497434616089 
vt 0.45638757944107056 0.4933100938796997 
vt 0.46722450852394104 0.5002497434616089 
vt 0.46722450852394104 0.4933100938796997 
vt 0.4781755208969116 0.5002497434616089 
vt 0.4781755208969116 0.4933100938796997 
vt 0.4890124499797821 0.5002497434616089 
vt 0.4890124499797821 0.4933100938796997 
vt 0.4999634623527527 0.5002497434616089 
vt 0.4999634623527527 0.4933100938796997 
vt 0.5108004212379456 0.5002497434616089 
vt 0.5108004212379456 0.4933100938796997 
vt 0.5217514038085938 0.5002497434616089 
vt 0.5217514038085938 0.4933100938796997 
vt 0.5325883626937866 0.5002497434616089 
vt 0.5325883626937866 0.4933100938796997 
vt 0.5434252619743347 0.5002497434616089 
vt 0.5434252619743347 0.4933100938796997 
vt 0.5543763041496277 0.5002497434616089 
vt 0.5543763041496277 0.4933100938796997 
vt 0.5652132034301758 0.5002497434616089 
vt 0.5652132034301758 0.4933100938796997 
vt 0.5761642456054688 0.5002497434616089 
vt 0.5761642456054688 0.4933100938796997 
vt 0.5870011448860168 0.5002497434616089 
vt 0.5870011448860168 0.4933100938796997 
vt 0.5979521870613098 0.5002497434616089 
vt 0.5979521870613098 0.4933100938796997 
vt 0.6087890863418579 0.5002497434616089 
vt 0.6087890863418579 0.4933100938796997 
vt 0.6196260452270508 0.5002497434616089 
vt 0.6196260452270508 0.4933100938796997 
vt 0.630577027797699 0.5002497434616089 
vt 0.630577027797699 0.4933100938796997 
vt 0.6414139866828918 0.5002497434616089 
vt 0.6414139866828918 0.4933100938796997 
vt 0.65236496925354 0.5002497434616089 
vt 0.65236496925354 0.4933100938796997 
vt 0.6632019281387329 0.5002497434616089 
vt 0.6632019281387329 0.4933100938796997 
vt 0.14074759185314178 0.5002497434616089 
vt 0.1299106478691101 0.5002497434616089 
vt 0.1299106478691101 0.4933100938796997 
vt 0.11895964294672012 0.4933100938796997 
vt 0.14074759185314178 0.4933100938796997 
vt 0.15158452093601227 0.5002497434616089 
vt 0.15158452093601227 0.4933100938796997 
vt 0.16253553330898285 0.5002497434616089 
vt 0.16253553330898285 0.4933100938796997 
vt 0.17337246239185333 0.5002497434616089 
vt 0.17337246239185333 0.4933100938796997 
vt 0.1843234747648239 0.5002497434616089 
vt 0.1843234747648239 0.4933100938796997 
vt 0.1951604038476944 0.5002497434616089 
vt 0.1951604038476944 0.4933100938796997 
vt 0.20611141622066498 0.5002497434616089 
vt 0.20611141622066498 0.4933100938796997 
vt 0.21694834530353546 0.5002497434616089 
vt 0.21694834530353546 0.4933100938796997 
vt 0.22778528928756714 0.5002497434616089 
vt 0.22778528928756714 0.4933100938796997 
vt 0.23873628675937653 0.5002497434616089 
vt 0.23873628675937653 0.4933100938796997 
vt 0.2495732307434082 0.5002497434616089 
vt 0.2495732307434082 0.4933100938796997 
vt 0.2605242431163788 0.5002497434616089 
vt 0.2605242431163788 0.4933100938796997 
vt 0.27136117219924927 0.5002497434616089 
vt 0.27136117219924927 0.4933100938796997 
vt 0.28219810128211975 0.5002497434616089 
vt 0.28219810128211975 0.4933100938796997 
vt 0.29314911365509033 0.5002497434616089 
vt 0.29314911365509033 0.4933100938796997 
vt 0.3039860427379608 0.5002497434616089 
vt 0.3039860427379608 0.4933100938796997 
vt 0.3149370551109314 0.5002497434616089 
vt 0.3149370551109314 0.4933100938796997 
vt 0.3257739841938019 0.5002497434616089 
vt 0.3257739841938019 0.4933100938796997 
vt 0.33672499656677246 0.5002497434616089 
vt 0.33672499656677246 0.4933100938796997 
vt 0.34756192564964294 0.5002497434616089 
vt 0.34756192564964294 0.4933100938796997 
vt 0.3583988547325134 0.5002497434616089 
vt 0.3583988547325134 0.4933100938796997 
vt 0.369349867105484 0.5002497434616089 
vt 0.369349867105484 0.4933100938796997 
vt 0.3801868259906769 0.5002497434616089 
vt 0.3801868259906769 0.4933100938796997 
vt 0.3911378085613251 0.5002497434616089 
vt 0.3911378085613251 0.4933100938796997 
vt 0.40197476744651794 0.5002497434616089 
vt 0.40197476744651794 0.4933100938796997 
vt 0.4128116965293884 0.5002497434616089 
vt 0.11895964294672012 0.5002497434616089 
vt 0.10812270641326904 0.4933100938796997 
vt 0.10812270641326904 0.5002497434616089 
vt 0.09717170149087906 0.4933100938796997 
vt 0.09717170149087906 0.5002497434616089 
vt 0.08633476495742798 0.4933100938796997 
vt 0.08633476495742798 0.5002497434616089 
vt 0.0754978284239769 0.4933100938796997 
vt 0.0754978284239769 0.5002497434616089 
vt 0.06454682350158691 0.4933100938796997 
vt 0.06454682350158691 0.5002497434616089 
vt 0.053709886968135834 0.4933100938796997 
vt 0.053709886968135834 0.5002497434616089 
vt 0.04275887832045555 0.4933100938796997 
vt 0.04275887832045555 0.5002497434616089 
vt 0.03192194178700447 0.4933100938796997 
vt 0.03192194178700447 0.5002497434616089 
vt 0.020970935001969337 0.4933100938796997 
vt 0.020970935001969337 0.5002497434616089 
vt 0.010134000331163406 0.4933100938796997 
vt 0.010134000331163406 0.5002497434616089 
vt 0.4345996379852295 0.6943204402923584 
vt 0.4345996379852295 0.7245916128158569 
vt 0.423762708902359 0.7245916128158569 
vt 0.423762708902359 0.7537859678268433 
vt 0.4128116965293884 0.7537859678268433 
vt 0.4128116965293884 0.7245916128158569 
vt 0.40197476744651794 0.7537859678268433 
vt 0.40197476744651794 0.7245916128158569 
vt 0.4128116965293884 0.6943204402923584 
vt 0.423762708902359 0.6943204402923584 
vt 0.423762708902359 0.6367692351341248 
vt 0.4345996379852295 0.6367692351341248 
vt 0.4455506503582001 0.6943204402923584 
vt 0.4455506503582001 0.7245916128158569 
vt 0.4345996379852295 0.7537859678268433 
vt 0.4345996379852295 0.7557003498077393 
vt 0.423762708902359 0.7557003498077393 
vt 0.4128116965293884 0.7557003498077393 
vt 0.40197476744651794 0.7557003498077393 
vt 0.3911378085613251 0.7537859678268433 
vt 0.3911378085613251 0.7245916128158569 
vt 0.40197476744651794 0.6943204402923584 
vt 0.4128116965293884 0.6367692351341248 
vt 0.423762708902359 0.6073355674743652 
vt 0.4345996379852295 0.6073355674743652 
vt 0.4455506503582001 0.6073355674743652 
vt 0.4455506503582001 0.6367692351341248 
vt 0.45638757944107056 0.6073355674743652 
vt 0.45638757944107056 0.6367692351341248 
vt 0.45638757944107056 0.6943204402923584 
vt 0.45638757944107056 0.5765858292579651 
vt 0.4455506503582001 0.5765858292579651 
vt 0.4345996379852295 0.5765858292579651 
vt 0.423762708902359 0.5765858292579651 
vt 0.4128116965293884 0.6073355674743652 
vt 0.40197476744651794 0.6367692351341248 
vt 0.3911378085613251 0.6943204402923584 
vt 0.3801868259906769 0.7245916128158569 
vt 0.3801868259906769 0.7537859678268433 
vt 0.3911378085613251 0.7557003498077393 
vt 0.40197476744651794 0.7579736709594727 
vt 0.4128116965293884 0.7579736709594727 
vt 0.423762708902359 0.7579736709594727 
vt 0.4345996379852295 0.7579736709594727 
vt 0.4455506503582001 0.7579736709594727 
vt 0.4455506503582001 0.7557003498077393 
vt 0.4455506503582001 0.7537859678268433 
vt 0.45638757944107056 0.7245916128158569 
vt 0.46722450852394104 0.6943204402923584 
vt 0.46722450852394104 0.6367692351341248 
vt 0.46722450852394104 0.6073355674743652 
vt 0.46722450852394104 0.5765858292579651 
vt 0.46722450852394104 0.5432037115097046 
vt 0.45638757944107056 0.5432037115097046 
vt 0.4455506503582001 0.5432037115097046 
vt 0.4345996379852295 0.5432037115097046 
vt 0.423762708902359 0.5432037115097046 
vt 0.4128116965293884 0.5765858292579651 
vt 0.40197476744651794 0.6073355674743652 
vt 0.3911378085613251 0.6367692351341248 
vt 0.3801868259906769 0.6943204402923584 
vt 0.369349867105484 0.7245916128158569 
vt 0.369349867105484 0.7537859678268433 
vt 0.3801868259906769 0.7557003498077393 
vt 0.3911378085613251 0.7579736709594727 
vt 0.40197476744651794 0.7598880529403687 
vt 0.4128116965293884 0.7598880529403687 
vt 0.423762708902359 0.7598880529403687 
vt 0.4345996379852295 0.7598880529403687 
vt 0.4455506503582001 0.7598880529403687 
vt 0.45638757944107056 0.7598880529403687 
vt 0.45638757944107056 0.7579736709594727 
vt 0.45638757944107056 0.7557003498077393 
vt 0.45638757944107056 0.7537859678268433 
vt 0.46722450852394104 0.7245916128158569 
vt 0.4781755208969116 0.6943204402923584 
vt 0.4781755208969116 0.6367692351341248 
vt 0.4781755208969116 0.6073355674743652 
vt 0.4781755208969116 0.5765858292579651 
vt 0.4781755208969116 0.5432037115097046 
vt 0.46722450852394104 0.5386570692062378 
vt 0.45638757944107056 0.5386570692062378 
vt 0.4455506503582001 0.5386570692062378 
vt 0.4345996379852295 0.5386570692062378 
vt 0.423762708902359 0.5386570692062378 
vt 0.4128116965293884 0.5386570692062378 
vt 0.4128116965293884 0.5432037115097046 
vt 0.40197476744651794 0.5765858292579651 
vt 0.3911378085613251 0.6073355674743652 
vt 0.3801868259906769 0.6367692351341248 
vt 0.369349867105484 0.6943204402923584 
vt 0.3583988547325134 0.7245916128158569 
vt 0.3583988547325134 0.7537859678268433 
vt 0.369349867105484 0.7557003498077393 
vt 0.3801868259906769 0.7579736709594727 
vt 0.3911378085613251 0.7598880529403687 
vt 0.3911378085613251 0.7629989385604858 
vt 0.40197476744651794 0.7629989385604858 
vt 0.4128116965293884 0.7629989385604858 
vt 0.423762708902359 0.7629989385604858 
vt 0.4345996379852295 0.7629989385604858 
vt 0.4455506503582001 0.7629989385604858 
vt 0.45638757944107056 0.7629989385604858 
vt 0.46722450852394104 0.7598880529403687 
vt 0.46722450852394104 0.7579736709594727 
vt 0.46722450852394104 0.7557003498077393 
vt 0.46722450852394104 0.7537859678268433 
vt 0.4781755208969116 0.7245916128158569 
vt 0.4890124499797821 0.6943204402923584 
vt 0.4890124499797821 0.6367692351341248 
vt 0.4890124499797821 0.6073355674743652 
vt 0.4890124499797821 0.5765858292579651 
vt 0.4890124499797821 0.5432037115097046 
vt 0.4781755208969116 0.5386570692062378 
vt 0.46722450852394104 0.5344693660736084 
vt 0.45638757944107056 0.5344693660736084 
vt 0.4455506503582001 0.5344693660736084 
vt 0.4345996379852295 0.5344693660736084 
vt 0.423762708902359 0.5344693660736084 
vt 0.4128116965293884 0.5344693660736084 
vt 0.40197476744651794 0.5344693660736084 
vt 0.40197476744651794 0.5386570692062378 
vt 0.3911378085613251 0.5344693660736084 
vt 0.40197476744651794 0.5432037115097046 
vt 0.3911378085613251 0.5765858292579651 
vt 0.3801868259906769 0.6073355674743652 
vt 0.369349867105484 0.6367692351341248 
vt 0.3583988547325134 0.6943204402923584 
vt 0.34756192564964294 0.7245916128158569 
vt 0.34756192564964294 0.7537859678268433 
vt 0.3583988547325134 0.7557003498077393 
vt 0.369349867105484 0.7579736709594727 
vt 0.3801868259906769 0.7598880529403687 
vt 0.3801868259906769 0.7629989385604858 
vt 0.3911378085613251 0.7899199724197388 
vt 0.40197476744651794 0.7899199724197388 
vt 0.4128116965293884 0.7899199724197388 
vt 0.423762708902359 0.7899199724197388 
vt 0.4345996379852295 0.7899199724197388 
vt 0.4455506503582001 0.7899199724197388 
vt 0.45638757944107056 0.7899199724197388 
vt 0.46722450852394104 0.7899199724197388 
vt 0.46722450852394104 0.7629989385604858 
vt 0.4781755208969116 0.7598880529403687 
vt 0.4781755208969116 0.7579736709594727 
vt 0.4781755208969116 0.7557003498077393 
vt 0.4781755208969116 0.7537859678268433 
vt 0.4890124499797821 0.7245916128158569 
vt 0.4999634623527527 0.6943204402923584 
vt 0.4999634623527527 0.6367692351341248 
vt 0.4999634623527527 0.6073355674743652 
vt 0.4999634623527527 0.5765858292579651 
vt 0.4999634623527527 0.5432037115097046 
vt 0.4890124499797821 0.5386570692062378 
vt 0.4781755208969116 0.5344693660736084 
vt 0.4890124499797821 0.5344693660736084 
vt 0.4999634623527527 0.5386570692062378 
vt 0.5108004212379456 0.5432037115097046 
vt 0.5108004212379456 0.5765858292579651 
vt 0.5108004212379456 0.6073355674743652 
vt 0.5108004212379456 0.6367692351341248 
vt 0.5108004212379456 0.6943204402923584 
vt 0.4999634623527527 0.7245916128158569 
vt 0.4890124499797821 0.7537859678268433 
vt 0.4890124499797821 0.7557003498077393 
vt 0.4890124499797821 0.7579736709594727 
vt 0.4890124499797821 0.7598880529403687 
vt 0.4781755208969116 0.7629989385604858 
vt 0.4781755208969116 0.7899199724197388 
vt 0.4999634623527527 0.5344693660736084 
vt 0.4890124499797821 0.7899199724197388 
vt 0.4890124499797821 0.7629989385604858 
vt 0.4999634623527527 0.7598880529403687 
vt 0.4999634623527527 0.7579736709594727 
vt 0.4999634623527527 0.7557003498077393 
vt 0.4999634623527527 0.7537859678268433 
vt 0.5108004212379456 0.7245916128158569 
vt 0.5217514038085938 0.6943204402923584 
vt 0.5217514038085938 0.6367692351341248 
vt 0.5217514038085938 0.6073355674743652 
vt 0.5217514038085938 0.5765858292579651 
vt 0.5217514038085938 0.5432037115097046 
vt 0.5108004212379456 0.5386570692062378 
vt 0.5108004212379456 0.5344693660736084 
vt 0.5217514038085938 0.5386570692062378 
vt 0.5217514038085938 0.5344693660736084 
vt 0.5325883626937866 0.5432037115097046 
vt 0.5325883626937866 0.5765858292579651 
vt 0.5325883626937866 0.6073355674743652 
vt 0.5325883626937866 0.6367692351341248 
vt 0.5325883626937866 0.6943204402923584 
vt 0.5217514038085938 0.7245916128158569 
vt 0.5108004212379456 0.7537859678268433 
vt 0.5108004212379456 0.7557003498077393 
vt 0.5108004212379456 0.7579736709594727 
vt 0.5108004212379456 0.7598880529403687 
vt 0.4999634623527527 0.7629989385604858 
vt 0.4999634623527527 0.7899199724197388 
vt 0.5108004212379456 0.7899199724197388 
vt 0.5108004212379456 0.7629989385604858 
vt 0.5217514038085938 0.7598880529403687 
vt 0.5217514038085938 0.7579736709594727 
vt 0.5217514038085938 0.7557003498077393 
vt 0.5217514038085938 0.7537859678268433 
vt 0.5325883626937866 0.7245916128158569 
vt 0.5434252619743347 0.6943204402923584 
vt 0.5434252619743347 0.6367692351341248 
vt 0.5434252619743347 0.6073355674743652 
vt 0.5434252619743347 0.5765858292579651 
vt 0.5434252619743347 0.5432037115097046 
vt 0.5325883626937866 0.5386570692062378 
vt 0.5325883626937866 0.5344693660736084 
vt 0.5434252619743347 0.5386570692062378 
vt 0.5434252619743347 0.5344693660736084 
vt 0.5543763041496277 0.5432037115097046 
vt 0.5543763041496277 0.5765858292579651 
vt 0.5543763041496277 0.6073355674743652 
vt 0.5543763041496277 0.6367692351341248 
vt 0.5543763041496277 0.6943204402923584 
vt 0.5434252619743347 0.7245916128158569 
vt 0.5325883626937866 0.7537859678268433 
vt 0.5325883626937866 0.7557003498077393 
vt 0.5325883626937866 0.7579736709594727 
vt 0.5325883626937866 0.7598880529403687 
vt 0.5217514038085938 0.7629989385604858 
vt 0.5217514038085938 0.7899199724197388 
vt 0.5325883626937866 0.7899199724197388 
vt 0.5325883626937866 0.7629989385604858 
vt 0.5434252619743347 0.7598880529403687 
vt 0.5434252619743347 0.7579736709594727 
vt 0.5434252619743347 0.7557003498077393 
vt 0.5434252619743347 0.7537859678268433 
vt 0.5543763041496277 0.7245916128158569 
vt 0.5652132034301758 0.6943204402923584 
vt 0.5652132034301758 0.6367692351341248 
vt 0.5652132034301758 0.6073355674743652 
vt 0.5652132034301758 0.5765858292579651 
vt 0.5652132034301758 0.5432037115097046 
vt 0.5543763041496277 0.5386570692062378 
vt 0.5543763041496277 0.5344693660736084 
vt 0.5652132034301758 0.5386570692062378 
vt 0.5652132034301758 0.5344693660736084 
vt 0.5761642456054688 0.5432037115097046 
vt 0.5761642456054688 0.5765858292579651 
vt 0.5761642456054688 0.6073355674743652 
vt 0.5761642456054688 0.6367692351341248 
vt 0.5761642456054688 0.6943204402923584 
vt 0.5652132034301758 0.7245916128158569 
vt 0.5543763041496277 0.7537859678268433 
vt 0.5543763041496277 0.7557003498077393 
vt 0.5543763041496277 0.7579736709594727 
vt 0.5543763041496277 0.7598880529403687 
vt 0.5434252619743347 0.7629989385604858 
vt 0.5434252619743347 0.7899199724197388 
vt 0.5543763041496277 0.7899199724197388 
vt 0.5543763041496277 0.7629989385604858 
vt 0.5652132034301758 0.7598880529403687 
vt 0.5652132034301758 0.7579736709594727 
vt 0.5652132034301758 0.7557003498077393 
vt 0.5652132034301758 0.7537859678268433 
vt 0.5761642456054688 0.7245916128158569 
vt 0.5870011448860168 0.6943204402923584 
vt 0.5870011448860168 0.6367692351341248 
vt 0.5870011448860168 0.6073355674743652 
vt 0.5870011448860168 0.5765858292579651 
vt 0.5870011448860168 0.5432037115097046 
vt 0.5761642456054688 0.5386570692062378 
vt 0.5761642456054688 0.5344693660736084 
vt 0.5870011448860168 0.5386570692062378 
vt 0.5870011448860168 0.5344693660736084 
vt 0.5979521870613098 0.5432037115097046 
vt 0.5979521870613098 0.5765858292579651 
vt 0.5979521870613098 0.6073355674743652 
vt 0.5979521870613098 0.6367692351341248 
vt 0.5979521870613098 0.6943204402923584 
vt 0.5870011448860168 0.7245916128158569 
vt 0.5761642456054688 0.7537859678268433 
vt 0.5761642456054688 0.7557003498077393 
vt 0.5761642456054688 0.7579736709594727 
vt 0.5761642456054688 0.7598880529403687 
vt 0.5652132034301758 0.7629989385604858 
vt 0.5652132034301758 0.7899199724197388 
vt 0.5761642456054688 0.7899199724197388 
vt 0.5761642456054688 0.7629989385604858 
vt 0.5870011448860168 0.7598880529403687 
vt 0.5870011448860168 0.7579736709594727 
vt 0.5870011448860168 0.7557003498077393 
vt 0.5870011448860168 0.7537859678268433 
vt 0.5979521870613098 0.7245916128158569 
vt 0.6087890863418579 0.6943204402923584 
vt 0.6087890863418579 0.6367692351341248 
vt 0.6087890863418579 0.6073355674743652 
vt 0.6087890863418579 0.5765858292579651 
vt 0.6087890863418579 0.5432037115097046 
vt 0.5979521870613098 0.5386570692062378 
vt 0.5979521870613098 0.5344693660736084 
vt 0.6087890863418579 0.5386570692062378 
vt 0.6087890863418579 0.5344693660736084 
vt 0.6196260452270508 0.5432037115097046 
vt 0.6196260452270508 0.5765858292579651 
vt 0.6196260452270508 0.6073355674743652 
vt 0.6196260452270508 0.6367692351341248 
vt 0.6196260452270508 0.6943204402923584 
vt 0.6087890863418579 0.7245916128158569 
vt 0.5979521870613098 0.7537859678268433 
vt 0.5979521870613098 0.7557003498077393 
vt 0.5979521870613098 0.7579736709594727 
vt 0.5979521870613098 0.7598880529403687 
vt 0.5870011448860168 0.7629989385604858 
vt 0.5870011448860168 0.7899199724197388 
vt 0.5979521870613098 0.7899199724197388 
vt 0.5979521870613098 0.7629989385604858 
vt 0.6087890863418579 0.7598880529403687 
vt 0.6087890863418579 0.7579736709594727 
vt 0.6087890863418579 0.7557003498077393 
vt 0.6087890863418579 0.7537859678268433 
vt 0.6196260452270508 0.7245916128158569 
vt 0.630577027797699 0.6943204402923584 
vt 0.630577027797699 0.6367692351341248 
vt 0.630577027797699 0.6073355674743652 
vt 0.630577027797699 0.5765858292579651 
vt 0.630577027797699 0.5432037115097046 
vt 0.6196260452270508 0.5386570692062378 
vt 0.6196260452270508 0.5344693660736084 
vt 0.630577027797699 0.5386570692062378 
vt 0.630577027797699 0.5344693660736084 
vt 0.6414139866828918 0.5432037115097046 
vt 0.6414139866828918 0.5765858292579651 
vt 0.6414139866828918 0.6073355674743652 
vt 0.6414139866828918 0.6367692351341248 
vt 0.6414139866828918 0.6943204402923584 
vt 0.630577027797699 0.7245916128158569 
vt 0.6196260452270508 0.7537859678268433 
vt 0.6196260452270508 0.7557003498077393 
vt 0.6196260452270508 0.7579736709594727 
vt 0.6196260452270508 0.7598880529403687 
vt 0.6087890863418579 0.7629989385604858 
vt 0.6087890863418579 0.7899199724197388 
vt 0.6196260452270508 0.7899199724197388 
vt 0.6196260452270508 0.7629989385604858 
vt 0.630577027797699 0.7598880529403687 
vt 0.630577027797699 0.7579736709594727 
vt 0.630577027797699 0.7557003498077393 
vt 0.630577027797699 0.7537859678268433 
vt 0.6414139866828918 0.7245916128158569 
vt 0.65236496925354 0.6943204402923584 
vt 0.65236496925354 0.6367692351341248 
vt 0.65236496925354 0.6073355674743652 
vt 0.65236496925354 0.5765858292579651 
vt 0.65236496925354 0.5432037115097046 
vt 0.6414139866828918 0.5386570692062378 
vt 0.6414139866828918 0.5344693660736084 
vt 0.65236496925354 0.5386570692062378 
vt 0.65236496925354 0.5344693660736084 
vt 0.6632019281387329 0.5386570692062378 
vt 0.6632019281387329 0.5344693660736084 
vt 0.6632019281387329 0.5432037115097046 
vt 0.6632019281387329 0.5765858292579651 
vt 0.6632019281387329 0.6073355674743652 
vt 0.6632019281387329 0.6367692351341248 
vt 0.6632019281387329 0.6943204402923584 
vt 0.65236496925354 0.7245916128158569 
vt 0.6632019281387329 0.7245916128158569 
vt 0.65236496925354 0.7537859678268433 
vt 0.6414139866828918 0.7537859678268433 
vt 0.65236496925354 0.7557003498077393 
vt 0.6632019281387329 0.7557003498077393 
vt 0.6632019281387329 0.7579736709594727 
vt 0.6632019281387329 0.7537859678268433 
vt 0.6414139866828918 0.7557003498077393 
vt 0.65236496925354 0.7579736709594727 
vt 0.6632019281387329 0.7598880529403687 
vt 0.65236496925354 0.7598880529403687 
vt 0.65236496925354 0.7629989385604858 
vt 0.6414139866828918 0.7629989385604858 
vt 0.65236496925354 0.7899199724197388 
vt 0.6632019281387329 0.7899199724197388 
vt 0.6632019281387329 0.8289255499839783 
vt 0.6632019281387329 0.7629989385604858 
vt 0.6414139866828918 0.7579736709594727 
vt 0.6414139866828918 0.7598880529403687 
vt 0.630577027797699 0.7629989385604858 
vt 0.6414139866828918 0.7899199724197388 
vt 0.65236496925354 0.8289255499839783 
vt 0.6632019281387329 0.8743921518325806 
vt 0.65236496925354 0.8743921518325806 
vt 0.6632019281387329 0.9172264933586121 
vt 0.6414139866828918 0.8289255499839783 
vt 0.630577027797699 0.7899199724197388 
vt 0.630577027797699 0.8289255499839783 
vt 0.6414139866828918 0.8743921518325806 
vt 0.65236496925354 0.9172264933586121 
vt 0.6632019281387329 0.9443868398666382 
vt 0.65236496925354 0.9443868398666382 
vt 0.6632019281387329 0.9570696353912354 
vt 0.6414139866828918 0.9172264933586121 
vt 0.630577027797699 0.8743921518325806 
vt 0.6196260452270508 0.8289255499839783 
vt 0.6087890863418579 0.8289255499839783 
vt 0.5979521870613098 0.8289255499839783 
vt 0.5870011448860168 0.8289255499839783 
vt 0.5761642456054688 0.8289255499839783 
vt 0.5652132034301758 0.8289255499839783 
vt 0.5543763041496277 0.8289255499839783 
vt 0.5434252619743347 0.8289255499839783 
vt 0.5325883626937866 0.8289255499839783 
vt 0.5217514038085938 0.8289255499839783 
vt 0.5108004212379456 0.8289255499839783 
vt 0.4999634623527527 0.8289255499839783 
vt 0.4890124499797821 0.8289255499839783 
vt 0.4781755208969116 0.8289255499839783 
vt 0.46722450852394104 0.8289255499839783 
vt 0.45638757944107056 0.8289255499839783 
vt 0.4455506503582001 0.8289255499839783 
vt 0.4345996379852295 0.8289255499839783 
vt 0.423762708902359 0.8289255499839783 
vt 0.4128116965293884 0.8289255499839783 
vt 0.40197476744651794 0.8289255499839783 
vt 0.3911378085613251 0.8289255499839783 
vt 0.3801868259906769 0.7899199724197388 
vt 0.369349867105484 0.7629989385604858 
vt 0.369349867105484 0.7598880529403687 
vt 0.3583988547325134 0.7579736709594727 
vt 0.34756192564964294 0.7557003498077393 
vt 0.33672499656677246 0.7537859678268433 
vt 0.33672499656677246 0.7245916128158569 
vt 0.34756192564964294 0.6943204402923584 
vt 0.3583988547325134 0.6367692351341248 
vt 0.369349867105484 0.6073355674743652 
vt 0.3801868259906769 0.5765858292579651 
vt 0.3911378085613251 0.5432037115097046 
vt 0.3911378085613251 0.5386570692062378 
vt 0.3801868259906769 0.5344693660736084 
vt 0.3801868259906769 0.5386570692062378 
vt 0.369349867105484 0.5344693660736084 
vt 0.3801868259906769 0.5432037115097046 
vt 0.369349867105484 0.5765858292579651 
vt 0.3583988547325134 0.6073355674743652 
vt 0.34756192564964294 0.6367692351341248 
vt 0.33672499656677246 0.6943204402923584 
vt 0.3257739841938019 0.7245916128158569 
vt 0.3257739841938019 0.7537859678268433 
vt 0.33672499656677246 0.7557003498077393 
vt 0.34756192564964294 0.7579736709594727 
vt 0.3583988547325134 0.7598880529403687 
vt 0.3583988547325134 0.7629989385604858 
vt 0.369349867105484 0.7899199724197388 
vt 0.3801868259906769 0.8289255499839783 
vt 0.3911378085613251 0.8743921518325806 
vt 0.40197476744651794 0.8743921518325806 
vt 0.4128116965293884 0.8743921518325806 
vt 0.423762708902359 0.8743921518325806 
vt 0.4345996379852295 0.8743921518325806 
vt 0.4455506503582001 0.8743921518325806 
vt 0.45638757944107056 0.8743921518325806 
vt 0.46722450852394104 0.8743921518325806 
vt 0.4781755208969116 0.8743921518325806 
vt 0.4890124499797821 0.8743921518325806 
vt 0.4999634623527527 0.8743921518325806 
vt 0.5108004212379456 0.8743921518325806 
vt 0.5217514038085938 0.8743921518325806 
vt 0.5325883626937866 0.8743921518325806 
vt 0.5434252619743347 0.8743921518325806 
vt 0.5543763041496277 0.8743921518325806 
vt 0.5652132034301758 0.8743921518325806 
vt 0.5761642456054688 0.8743921518325806 
vt 0.5870011448860168 0.8743921518325806 
vt 0.5979521870613098 0.8743921518325806 
vt 0.6087890863418579 0.8743921518325806 
vt 0.6196260452270508 0.8743921518325806 
vt 0.630577027797699 0.9172264933586121 
vt 0.6414139866828918 0.9443868398666382 
vt 0.65236496925354 0.9570696353912354 
vt 0.6632019281387329 0.9702309966087341 
vt 0.65236496925354 0.9702309966087341 
vt 0.6632019281387329 0.9825548529624939 
vt 0.6414139866828918 0.9570696353912354 
vt 0.630577027797699 0.9443868398666382 
vt 0.6196260452270508 0.9172264933586121 
vt 0.6087890863418579 0.9172264933586121 
vt 0.5979521870613098 0.9172264933586121 
vt 0.5870011448860168 0.9172264933586121 
vt 0.5761642456054688 0.9172264933586121 
vt 0.5652132034301758 0.9172264933586121 
vt 0.5543763041496277 0.9172264933586121 
vt 0.5434252619743347 0.9172264933586121 
vt 0.5325883626937866 0.9172264933586121 
vt 0.5217514038085938 0.9172264933586121 
vt 0.5108004212379456 0.9172264933586121 
vt 0.4999634623527527 0.9172264933586121 
vt 0.4890124499797821 0.9172264933586121 
vt 0.4781755208969116 0.9172264933586121 
vt 0.46722450852394104 0.9172264933586121 
vt 0.45638757944107056 0.9172264933586121 
vt 0.4455506503582001 0.9172264933586121 
vt 0.4345996379852295 0.9172264933586121 
vt 0.423762708902359 0.9172264933586121 
vt 0.4128116965293884 0.9172264933586121 
vt 0.40197476744651794 0.9172264933586121 
vt 0.3911378085613251 0.9172264933586121 
vt 0.3801868259906769 0.8743921518325806 
vt 0.369349867105484 0.8289255499839783 
vt 0.3583988547325134 0.7899199724197388 
vt 0.34756192564964294 0.7629989385604858 
vt 0.34756192564964294 0.7598880529403687 
vt 0.33672499656677246 0.7579736709594727 
vt 0.3257739841938019 0.7557003498077393 
vt 0.3149370551109314 0.7537859678268433 
vt 0.3149370551109314 0.7245916128158569 
vt 0.3257739841938019 0.6943204402923584 
vt 0.33672499656677246 0.6367692351341248 
vt 0.34756192564964294 0.6073355674743652 
vt 0.3583988547325134 0.5765858292579651 
vt 0.369349867105484 0.5432037115097046 
vt 0.369349867105484 0.5386570692062378 
vt 0.3583988547325134 0.5344693660736084 
vt 0.3583988547325134 0.5386570692062378 
vt 0.34756192564964294 0.5344693660736084 
vt 0.3583988547325134 0.5432037115097046 
vt 0.34756192564964294 0.5765858292579651 
vt 0.33672499656677246 0.6073355674743652 
vt 0.3257739841938019 0.6367692351341248 
vt 0.3149370551109314 0.6943204402923584 
vt 0.3039860427379608 0.7245916128158569 
vt 0.3039860427379608 0.7537859678268433 
vt 0.3149370551109314 0.7557003498077393 
vt 0.3257739841938019 0.7579736709594727 
vt 0.33672499656677246 0.7598880529403687 
vt 0.33672499656677246 0.7629989385604858 
vt 0.34756192564964294 0.7899199724197388 
vt 0.3583988547325134 0.8289255499839783 
vt 0.369349867105484 0.8743921518325806 
vt 0.3801868259906769 0.9172264933586121 
vt 0.3911378085613251 0.9443868398666382 
vt 0.40197476744651794 0.9443868398666382 
vt 0.4128116965293884 0.9443868398666382 
vt 0.423762708902359 0.9443868398666382 
vt 0.4345996379852295 0.9443868398666382 
vt 0.4455506503582001 0.9443868398666382 
vt 0.45638757944107056 0.9443868398666382 
vt 0.46722450852394104 0.9443868398666382 
vt 0.4781755208969116 0.9443868398666382 
vt 0.4890124499797821 0.9443868398666382 
vt 0.4999634623527527 0.9443868398666382 
vt 0.5108004212379456 0.9443868398666382 
vt 0.5217514038085938 0.9443868398666382 
vt 0.5325883626937866 0.9443868398666382 
vt 0.5434252619743347 0.9443868398666382 
vt 0.5543763041496277 0.9443868398666382 
vt 0.5652132034301758 0.9443868398666382 
vt 0.5761642456054688 0.9443868398666382 
vt 0.5870011448860168 0.9443868398666382 
vt 0.5979521870613098 0.9443868398666382 
vt 0.6087890863418579 0.9443868398666382 
vt 0.6196260452270508 0.9443868398666382 
vt 0.630577027797699 0.9570696353912354 
vt 0.6414139866828918 0.9702309966087341 
vt 0.65236496925354 0.9825548529624939 
vt 0.65236496925354 0.9886569380760193 
vt 0.6632019281387329 0.9886569380760193 
vt 0.6414139866828918 0.9886569380760193 
vt 0.6414139866828918 0.9825548529624939 
vt 0.630577027797699 0.9702309966087341 
vt 0.630577027797699 0.9886569380760193 
vt 0.630577027797699 0.9825548529624939 
vt 0.6196260452270508 0.9886569380760193 
vt 0.6196260452270508 0.9825548529624939 
vt 0.6087890863418579 0.9886569380760193 
vt 0.6196260452270508 0.9702309966087341 
vt 0.6196260452270508 0.9570696353912354 
vt 0.6087890863418579 0.9570696353912354 
vt 0.6087890863418579 0.9702309966087341 
vt 0.5979521870613098 0.9570696353912354 
vt 0.5870011448860168 0.9570696353912354 
vt 0.5761642456054688 0.9570696353912354 
vt 0.5652132034301758 0.9570696353912354 
vt 0.5543763041496277 0.9570696353912354 
vt 0.5434252619743347 0.9570696353912354 
vt 0.5325883626937866 0.9570696353912354 
vt 0.5217514038085938 0.9570696353912354 
vt 0.5108004212379456 0.9570696353912354 
vt 0.4999634623527527 0.9570696353912354 
vt 0.4890124499797821 0.9570696353912354 
vt 0.4781755208969116 0.9570696353912354 
vt 0.46722450852394104 0.9570696353912354 
vt 0.45638757944107056 0.9570696353912354 
vt 0.4455506503582001 0.9570696353912354 
vt 0.4345996379852295 0.9570696353912354 
vt 0.423762708902359 0.9570696353912354 
vt 0.4128116965293884 0.9570696353912354 
vt 0.40197476744651794 0.9570696353912354 
vt 0.3911378085613251 0.9570696353912354 
vt 0.3801868259906769 0.9443868398666382 
vt 0.369349867105484 0.9172264933586121 
vt 0.3583988547325134 0.8743921518325806 
vt 0.34756192564964294 0.8289255499839783 
vt 0.33672499656677246 0.7899199724197388 
vt 0.3257739841938019 0.7629989385604858 
vt 0.3257739841938019 0.7598880529403687 
vt 0.3149370551109314 0.7579736709594727 
vt 0.3039860427379608 0.7557003498077393 
vt 0.29314911365509033 0.7537859678268433 
vt 0.29314911365509033 0.7245916128158569 
vt 0.3039860427379608 0.6943204402923584 
vt 0.3149370551109314 0.6367692351341248 
vt 0.3257739841938019 0.6073355674743652 
vt 0.33672499656677246 0.5765858292579651 
vt 0.34756192564964294 0.5432037115097046 
vt 0.34756192564964294 0.5386570692062378 
vt 0.33672499656677246 0.5344693660736084 
vt 0.33672499656677246 0.5386570692062378 
vt 0.3257739841938019 0.5344693660736084 
vt 0.33672499656677246 0.5432037115097046 
vt 0.3257739841938019 0.5765858292579651 
vt 0.3149370551109314 0.6073355674743652 
vt 0.3039860427379608 0.6367692351341248 
vt 0.29314911365509033 0.6943204402923584 
vt 0.28219810128211975 0.7245916128158569 
vt 0.28219810128211975 0.7537859678268433 
vt 0.29314911365509033 0.7557003498077393 
vt 0.3039860427379608 0.7579736709594727 
vt 0.3149370551109314 0.7598880529403687 
vt 0.3149370551109314 0.7629989385604858 
vt 0.3257739841938019 0.7899199724197388 
vt 0.33672499656677246 0.8289255499839783 
vt 0.34756192564964294 0.8743921518325806 
vt 0.3583988547325134 0.9172264933586121 
vt 0.369349867105484 0.9443868398666382 
vt 0.3801868259906769 0.9570696353912354 
vt 0.3911378085613251 0.9702309966087341 
vt 0.40197476744651794 0.9702309966087341 
vt 0.4128116965293884 0.9702309966087341 
vt 0.423762708902359 0.9702309966087341 
vt 0.4345996379852295 0.9702309966087341 
vt 0.4455506503582001 0.9702309966087341 
vt 0.45638757944107056 0.9702309966087341 
vt 0.46722450852394104 0.9702309966087341 
vt 0.4781755208969116 0.9702309966087341 
vt 0.4890124499797821 0.9702309966087341 
vt 0.4999634623527527 0.9702309966087341 
vt 0.5108004212379456 0.9702309966087341 
vt 0.5217514038085938 0.9702309966087341 
vt 0.5325883626937866 0.9702309966087341 
vt 0.5434252619743347 0.9702309966087341 
vt 0.5543763041496277 0.9702309966087341 
vt 0.5652132034301758 0.9702309966087341 
vt 0.5761642456054688 0.9702309966087341 
vt 0.5870011448860168 0.9702309966087341 
vt 0.5979521870613098 0.9702309966087341 
vt 0.6087890863418579 0.9825548529624939 
vt 0.5979521870613098 0.9886569380760193 
vt 0.5979521870613098 0.9825548529624939 
vt 0.5870011448860168 0.9886569380760193 
vt 0.5870011448860168 0.9825548529624939 
vt 0.5761642456054688 0.9825548529624939 
vt 0.5652132034301758 0.9825548529624939 
vt 0.5543763041496277 0.9825548529624939 
vt 0.5434252619743347 0.9825548529624939 
vt 0.5325883626937866 0.9825548529624939 
vt 0.5217514038085938 0.9825548529624939 
vt 0.5108004212379456 0.9825548529624939 
vt 0.4999634623527527 0.9825548529624939 
vt 0.4890124499797821 0.9825548529624939 
vt 0.4781755208969116 0.9825548529624939 
vt 0.46722450852394104 0.9825548529624939 
vt 0.45638757944107056 0.9825548529624939 
vt 0.4455506503582001 0.9825548529624939 
vt 0.4345996379852295 0.9825548529624939 
vt 0.423762708902359 0.9825548529624939 
vt 0.4128116965293884 0.9825548529624939 
vt 0.40197476744651794 0.9825548529624939 
vt 0.3911378085613251 0.9825548529624939 
vt 0.3801868259906769 0.9702309966087341 
vt 0.369349867105484 0.9570696353912354 
vt 0.3583988547325134 0.9443868398666382 
vt 0.34756192564964294 0.9172264933586121 
vt 0.33672499656677246 0.8743921518325806 
vt 0.3257739841938019 0.8289255499839783 
vt 0.3149370551109314 0.7899199724197388 
vt 0.3039860427379608 0.7629989385604858 
vt 0.3039860427379608 0.7598880529403687 
vt 0.29314911365509033 0.7579736709594727 
vt 0.28219810128211975 0.7557003498077393 
vt 0.27136117219924927 0.7537859678268433 
vt 0.27136117219924927 0.7245916128158569 
vt 0.28219810128211975 0.6943204402923584 
vt 0.29314911365509033 0.6367692351341248 
vt 0.3039860427379608 0.6073355674743652 
vt 0.3149370551109314 0.5765858292579651 
vt 0.3257739841938019 0.5432037115097046 
vt 0.3257739841938019 0.5386570692062378 
vt 0.3149370551109314 0.5344693660736084 
vt 0.3149370551109314 0.5386570692062378 
vt 0.3039860427379608 0.5344693660736084 
vt 0.3149370551109314 0.5432037115097046 
vt 0.3039860427379608 0.5765858292579651 
vt 0.29314911365509033 0.6073355674743652 
vt 0.28219810128211975 0.6367692351341248 
vt 0.27136117219924927 0.6943204402923584 
vt 0.2605242431163788 0.7245916128158569 
vt 0.2605242431163788 0.7537859678268433 
vt 0.27136117219924927 0.7557003498077393 
vt 0.28219810128211975 0.7579736709594727 
vt 0.29314911365509033 0.7598880529403687 
vt 0.29314911365509033 0.7629989385604858 
vt 0.3039860427379608 0.7899199724197388 
vt 0.3149370551109314 0.8289255499839783 
vt 0.3257739841938019 0.8743921518325806 
vt 0.33672499656677246 0.9172264933586121 
vt 0.34756192564964294 0.9443868398666382 
vt 0.3583988547325134 0.9570696353912354 
vt 0.369349867105484 0.9702309966087341 
vt 0.3801868259906769 0.9825548529624939 
vt 0.3801868259906769 0.9886569380760193 
vt 0.3911378085613251 0.9886569380760193 
vt 0.40197476744651794 0.9886569380760193 
vt 0.4128116965293884 0.9886569380760193 
vt 0.423762708902359 0.9886569380760193 
vt 0.4345996379852295 0.9886569380760193 
vt 0.4455506503582001 0.9886569380760193 
vt 0.45638757944107056 0.9886569380760193 
vt 0.46722450852394104 0.9886569380760193 
vt 0.4781755208969116 0.9886569380760193 
vt 0.4890124499797821 0.9886569380760193 
vt 0.4999634623527527 0.9886569380760193 
vt 0.5108004212379456 0.9886569380760193 
vt 0.5217514038085938 0.9886569380760193 
vt 0.5325883626937866 0.9886569380760193 
vt 0.5434252619743347 0.9886569380760193 
vt 0.5543763041496277 0.9886569380760193 
vt 0.5652132034301758 0.9886569380760193 
vt 0.5761642456054688 0.9886569380760193 
vt 0.14074759185314178 0.6943204402923584 
vt 0.1299106478691101 0.7245916128158569 
vt 0.14074759185314178 0.7245916128158569 
vt 0.1299106478691101 0.7537859678268433 
vt 0.11895964294672012 0.7537859678268433 
vt 0.11895964294672012 0.7245916128158569 
vt 0.10812270641326904 0.7537859678268433 
vt 0.10812270641326904 0.7245916128158569 
vt 0.11895964294672012 0.6943204402923584 
vt 0.1299106478691101 0.6943204402923584 
vt 0.1299106478691101 0.6367692351341248 
vt 0.14074759185314178 0.6367692351341248 
vt 0.15158452093601227 0.6943204402923584 
vt 0.15158452093601227 0.7245916128158569 
vt 0.14074759185314178 0.7537859678268433 
vt 0.14074759185314178 0.7557003498077393 
vt 0.1299106478691101 0.7557003498077393 
vt 0.11895964294672012 0.7557003498077393 
vt 0.10812270641326904 0.7557003498077393 
vt 0.09717170149087906 0.7537859678268433 
vt 0.09717170149087906 0.7245916128158569 
vt 0.10812270641326904 0.6943204402923584 
vt 0.11895964294672012 0.6367692351341248 
vt 0.1299106478691101 0.6073355674743652 
vt 0.14074759185314178 0.6073355674743652 
vt 0.15158452093601227 0.6073355674743652 
vt 0.15158452093601227 0.6367692351341248 
vt 0.16253553330898285 0.6073355674743652 
vt 0.16253553330898285 0.6367692351341248 
vt 0.16253553330898285 0.6943204402923584 
vt 0.16253553330898285 0.5765858292579651 
vt 0.15158452093601227 0.5765858292579651 
vt 0.14074759185314178 0.5765858292579651 
vt 0.1299106478691101 0.5765858292579651 
vt 0.11895964294672012 0.6073355674743652 
vt 0.10812270641326904 0.6367692351341248 
vt 0.09717170149087906 0.6943204402923584 
vt 0.08633476495742798 0.7245916128158569 
vt 0.08633476495742798 0.7537859678268433 
vt 0.09717170149087906 0.7557003498077393 
vt 0.10812270641326904 0.7579736709594727 
vt 0.11895964294672012 0.7579736709594727 
vt 0.1299106478691101 0.7579736709594727 
vt 0.14074759185314178 0.7579736709594727 
vt 0.15158452093601227 0.7579736709594727 
vt 0.15158452093601227 0.7557003498077393 
vt 0.15158452093601227 0.7537859678268433 
vt 0.16253553330898285 0.7245916128158569 
vt 0.17337246239185333 0.6943204402923584 
vt 0.17337246239185333 0.6367692351341248 
vt 0.17337246239185333 0.6073355674743652 
vt 0.17337246239185333 0.5765858292579651 
vt 0.17337246239185333 0.5432037115097046 
vt 0.16253553330898285 0.5432037115097046 
vt 0.15158452093601227 0.5432037115097046 
vt 0.14074759185314178 0.5432037115097046 
vt 0.1299106478691101 0.5432037115097046 
vt 0.11895964294672012 0.5765858292579651 
vt 0.10812270641326904 0.6073355674743652 
vt 0.09717170149087906 0.6367692351341248 
vt 0.08633476495742798 0.6943204402923584 
vt 0.0754978284239769 0.7245916128158569 
vt 0.0754978284239769 0.7537859678268433 
vt 0.08633476495742798 0.7557003498077393 
vt 0.09717170149087906 0.7579736709594727 
vt 0.10812270641326904 0.7598880529403687 
vt 0.11895964294672012 0.7598880529403687 
vt 0.1299106478691101 0.7598880529403687 
vt 0.14074759185314178 0.7598880529403687 
vt 0.15158452093601227 0.7598880529403687 
vt 0.16253553330898285 0.7598880529403687 
vt 0.16253553330898285 0.7579736709594727 
vt 0.16253553330898285 0.7557003498077393 
vt 0.16253553330898285 0.7537859678268433 
vt 0.17337246239185333 0.7245916128158569 
vt 0.1843234747648239 0.6943204402923584 
vt 0.1843234747648239 0.6367692351341248 
vt 0.1843234747648239 0.6073355674743652 
vt 0.1843234747648239 0.5765858292579651 
vt 0.1843234747648239 0.5432037115097046 
vt 0.17337246239185333 0.5386570692062378 
vt 0.16253553330898285 0.5386570692062378 
vt 0.15158452093601227 0.5386570692062378 
vt 0.14074759185314178 0.5386570692062378 
vt 0.1299106478691101 0.5386570692062378 
vt 0.11895964294672012 0.5386570692062378 
vt 0.11895964294672012 0.5432037115097046 
vt 0.10812270641326904 0.5765858292579651 
vt 0.09717170149087906 0.6073355674743652 
vt 0.08633476495742798 0.6367692351341248 
vt 0.0754978284239769 0.6943204402923584 
vt 0.06454682350158691 0.7245916128158569 
vt 0.06454682350158691 0.7537859678268433 
vt 0.0754978284239769 0.7557003498077393 
vt 0.08633476495742798 0.7579736709594727 
vt 0.09717170149087906 0.7598880529403687 
vt 0.09717170149087906 0.7629989385604858 
vt 0.10812270641326904 0.7629989385604858 
vt 0.11895964294672012 0.7629989385604858 
vt 0.1299106478691101 0.7629989385604858 
vt 0.14074759185314178 0.7629989385604858 
vt 0.15158452093601227 0.7629989385604858 
vt 0.16253553330898285 0.7629989385604858 
vt 0.17337246239185333 0.7598880529403687 
vt 0.17337246239185333 0.7579736709594727 
vt 0.17337246239185333 0.7557003498077393 
vt 0.17337246239185333 0.7537859678268433 
vt 0.1843234747648239 0.7245916128158569 
vt 0.1951604038476944 0.6943204402923584 
vt 0.1951604038476944 0.6367692351341248 
vt 0.1951604038476944 0.6073355674743652 
vt 0.1951604038476944 0.5765858292579651 
vt 0.1951604038476944 0.5432037115097046 
vt 0.1843234747648239 0.5386570692062378 
vt 0.17337246239185333 0.5344693660736084 
vt 0.16253553330898285 0.5344693660736084 
vt 0.15158452093601227 0.5344693660736084 
vt 0.14074759185314178 0.5344693660736084 
vt 0.1299106478691101 0.5344693660736084 
vt 0.11895964294672012 0.5344693660736084 
vt 0.10812270641326904 0.5344693660736084 
vt 0.10812270641326904 0.5386570692062378 
vt 0.09717170149087906 0.5344693660736084 
vt 0.10812270641326904 0.5432037115097046 
vt 0.09717170149087906 0.5765858292579651 
vt 0.08633476495742798 0.6073355674743652 
vt 0.0754978284239769 0.6367692351341248 
vt 0.06454682350158691 0.6943204402923584 
vt 0.053709886968135834 0.7245916128158569 
vt 0.053709886968135834 0.7537859678268433 
vt 0.06454682350158691 0.7557003498077393 
vt 0.0754978284239769 0.7579736709594727 
vt 0.08633476495742798 0.7598880529403687 
vt 0.08633476495742798 0.7629989385604858 
vt 0.09717170149087906 0.7899199724197388 
vt 0.10812270641326904 0.7899199724197388 
vt 0.11895964294672012 0.7899199724197388 
vt 0.1299106478691101 0.7899199724197388 
vt 0.14074759185314178 0.7899199724197388 
vt 0.15158452093601227 0.7899199724197388 
vt 0.16253553330898285 0.7899199724197388 
vt 0.17337246239185333 0.7899199724197388 
vt 0.17337246239185333 0.7629989385604858 
vt 0.1843234747648239 0.7598880529403687 
vt 0.1843234747648239 0.7579736709594727 
vt 0.1843234747648239 0.7557003498077393 
vt 0.1843234747648239 0.7537859678268433 
vt 0.1951604038476944 0.7245916128158569 
vt 0.20611141622066498 0.6943204402923584 
vt 0.20611141622066498 0.6367692351341248 
vt 0.20611141622066498 0.6073355674743652 
vt 0.20611141622066498 0.5765858292579651 
vt 0.20611141622066498 0.5432037115097046 
vt 0.1951604038476944 0.5386570692062378 
vt 0.1843234747648239 0.5344693660736084 
vt 0.1951604038476944 0.5344693660736084 
vt 0.20611141622066498 0.5386570692062378 
vt 0.21694834530353546 0.5432037115097046 
vt 0.21694834530353546 0.5765858292579651 
vt 0.21694834530353546 0.6073355674743652 
vt 0.21694834530353546 0.6367692351341248 
vt 0.21694834530353546 0.6943204402923584 
vt 0.20611141622066498 0.7245916128158569 
vt 0.1951604038476944 0.7537859678268433 
vt 0.1951604038476944 0.7557003498077393 
vt 0.1951604038476944 0.7579736709594727 
vt 0.1951604038476944 0.7598880529403687 
vt 0.1843234747648239 0.7629989385604858 
vt 0.1843234747648239 0.7899199724197388 
vt 0.20611141622066498 0.5344693660736084 
vt 0.1951604038476944 0.7899199724197388 
vt 0.1951604038476944 0.7629989385604858 
vt 0.20611141622066498 0.7598880529403687 
vt 0.20611141622066498 0.7579736709594727 
vt 0.20611141622066498 0.7557003498077393 
vt 0.20611141622066498 0.7537859678268433 
vt 0.21694834530353546 0.7245916128158569 
vt 0.22778528928756714 0.6943204402923584 
vt 0.22778528928756714 0.6367692351341248 
vt 0.22778528928756714 0.6073355674743652 
vt 0.22778528928756714 0.5765858292579651 
vt 0.22778528928756714 0.5432037115097046 
vt 0.21694834530353546 0.5386570692062378 
vt 0.21694834530353546 0.5344693660736084 
vt 0.22778528928756714 0.5386570692062378 
vt 0.22778528928756714 0.5344693660736084 
vt 0.23873628675937653 0.5432037115097046 
vt 0.23873628675937653 0.5765858292579651 
vt 0.23873628675937653 0.6073355674743652 
vt 0.23873628675937653 0.6367692351341248 
vt 0.23873628675937653 0.6943204402923584 
vt 0.22778528928756714 0.7245916128158569 
vt 0.21694834530353546 0.7537859678268433 
vt 0.21694834530353546 0.7557003498077393 
vt 0.21694834530353546 0.7579736709594727 
vt 0.21694834530353546 0.7598880529403687 
vt 0.20611141622066498 0.7629989385604858 
vt 0.20611141622066498 0.7899199724197388 
vt 0.21694834530353546 0.7899199724197388 
vt 0.21694834530353546 0.7629989385604858 
vt 0.22778528928756714 0.7598880529403687 
vt 0.22778528928756714 0.7579736709594727 
vt 0.22778528928756714 0.7557003498077393 
vt 0.22778528928756714 0.7537859678268433 
vt 0.23873628675937653 0.7245916128158569 
vt 0.2495732307434082 0.6943204402923584 
vt 0.2495732307434082 0.6367692351341248 
vt 0.2495732307434082 0.6073355674743652 
vt 0.2495732307434082 0.5765858292579651 
vt 0.2495732307434082 0.5432037115097046 
vt 0.23873628675937653 0.5386570692062378 
vt 0.23873628675937653 0.5344693660736084 
vt 0.2495732307434082 0.5386570692062378 
vt 0.2495732307434082 0.5344693660736084 
vt 0.2605242431163788 0.5432037115097046 
vt 0.2605242431163788 0.5765858292579651 
vt 0.2605242431163788 0.6073355674743652 
vt 0.2605242431163788 0.6367692351341248 
vt 0.2605242431163788 0.6943204402923584 
vt 0.2495732307434082 0.7245916128158569 
vt 0.23873628675937653 0.7537859678268433 
vt 0.23873628675937653 0.7557003498077393 
vt 0.23873628675937653 0.7579736709594727 
vt 0.23873628675937653 0.7598880529403687 
vt 0.22778528928756714 0.7629989385604858 
vt 0.22778528928756714 0.7899199724197388 
vt 0.23873628675937653 0.7899199724197388 
vt 0.23873628675937653 0.7629989385604858 
vt 0.2495732307434082 0.7598880529403687 
vt 0.2495732307434082 0.7579736709594727 
vt 0.2495732307434082 0.7557003498077393 
vt 0.2495732307434082 0.7537859678268433 
vt 0.27136117219924927 0.6367692351341248 
vt 0.28219810128211975 0.6073355674743652 
vt 0.27136117219924927 0.6073355674743652 
vt 0.27136117219924927 0.5765858292579651 
vt 0.27136117219924927 0.5432037115097046 
vt 0.2605242431163788 0.5386570692062378 
vt 0.2605242431163788 0.5344693660736084 
vt 0.27136117219924927 0.5386570692062378 
vt 0.27136117219924927 0.5344693660736084 
vt 0.28219810128211975 0.5765858292579651 
vt 0.29314911365509033 0.5765858292579651 
vt 0.3039860427379608 0.5432037115097046 
vt 0.28219810128211975 0.5432037115097046 
vt 0.29314911365509033 0.5432037115097046 
vt 0.28219810128211975 0.5386570692062378 
vt 0.28219810128211975 0.5344693660736084 
vt 0.29314911365509033 0.5386570692062378 
vt 0.29314911365509033 0.5344693660736084 
vt 0.3039860427379608 0.5386570692062378 
vt 0.04275887832045555 0.7537859678268433 
vt 0.053709886968135834 0.7557003498077393 
vt 0.06454682350158691 0.7579736709594727 
vt 0.0754978284239769 0.7598880529403687 
vt 0.0754978284239769 0.7629989385604858 
vt 0.08633476495742798 0.7899199724197388 
vt 0.09717170149087906 0.8289255499839783 
vt 0.10812270641326904 0.8289255499839783 
vt 0.11895964294672012 0.8289255499839783 
vt 0.1299106478691101 0.8289255499839783 
vt 0.14074759185314178 0.8289255499839783 
vt 0.15158452093601227 0.8289255499839783 
vt 0.16253553330898285 0.8289255499839783 
vt 0.17337246239185333 0.8289255499839783 
vt 0.1843234747648239 0.8289255499839783 
vt 0.1951604038476944 0.8289255499839783 
vt 0.20611141622066498 0.8289255499839783 
vt 0.21694834530353546 0.8289255499839783 
vt 0.22778528928756714 0.8289255499839783 
vt 0.23873628675937653 0.8289255499839783 
vt 0.2495732307434082 0.8289255499839783 
vt 0.2495732307434082 0.7899199724197388 
vt 0.2495732307434082 0.7629989385604858 
vt 0.2605242431163788 0.7598880529403687 
vt 0.2605242431163788 0.7579736709594727 
vt 0.2605242431163788 0.7557003498077393 
vt 0.27136117219924927 0.7579736709594727 
vt 0.28219810128211975 0.7598880529403687 
vt 0.28219810128211975 0.7629989385604858 
vt 0.29314911365509033 0.7899199724197388 
vt 0.3039860427379608 0.8289255499839783 
vt 0.3149370551109314 0.8743921518325806 
vt 0.3257739841938019 0.9172264933586121 
vt 0.33672499656677246 0.9443868398666382 
vt 0.34756192564964294 0.9570696353912354 
vt 0.3583988547325134 0.9702309966087341 
vt 0.369349867105484 0.9825548529624939 
vt 0.369349867105484 0.9886569380760193 
vt 0.3583988547325134 0.9886569380760193 
vt 0.3583988547325134 0.9825548529624939 
vt 0.34756192564964294 0.9702309966087341 
vt 0.34756192564964294 0.9886569380760193 
vt 0.34756192564964294 0.9825548529624939 
vt 0.33672499656677246 0.9886569380760193 
vt 0.33672499656677246 0.9825548529624939 
vt 0.3257739841938019 0.9886569380760193 
vt 0.33672499656677246 0.9702309966087341 
vt 0.33672499656677246 0.9570696353912354 
vt 0.3257739841938019 0.9570696353912354 
vt 0.3257739841938019 0.9443868398666382 
vt 0.3257739841938019 0.9702309966087341 
vt 0.3257739841938019 0.9825548529624939 
vt 0.3149370551109314 0.9886569380760193 
vt 0.3149370551109314 0.9825548529624939 
vt 0.3039860427379608 0.9886569380760193 
vt 0.3149370551109314 0.9702309966087341 
vt 0.3149370551109314 0.9570696353912354 
vt 0.3149370551109314 0.9443868398666382 
vt 0.3149370551109314 0.9172264933586121 
vt 0.3039860427379608 0.8743921518325806 
vt 0.3039860427379608 0.9172264933586121 
vt 0.3039860427379608 0.9443868398666382 
vt 0.3039860427379608 0.9570696353912354 
vt 0.3039860427379608 0.9702309966087341 
vt 0.3039860427379608 0.9825548529624939 
vt 0.29314911365509033 0.9886569380760193 
vt 0.29314911365509033 0.9825548529624939 
vt 0.28219810128211975 0.9886569380760193 
vt 0.29314911365509033 0.9702309966087341 
vt 0.29314911365509033 0.9570696353912354 
vt 0.29314911365509033 0.9443868398666382 
vt 0.29314911365509033 0.9172264933586121 
vt 0.29314911365509033 0.8743921518325806 
vt 0.29314911365509033 0.8289255499839783 
vt 0.28219810128211975 0.7899199724197388 
vt 0.28219810128211975 0.8289255499839783 
vt 0.28219810128211975 0.8743921518325806 
vt 0.28219810128211975 0.9172264933586121 
vt 0.28219810128211975 0.9443868398666382 
vt 0.28219810128211975 0.9570696353912354 
vt 0.28219810128211975 0.9702309966087341 
vt 0.28219810128211975 0.9825548529624939 
vt 0.27136117219924927 0.9886569380760193 
vt 0.27136117219924927 0.9825548529624939 
vt 0.2605242431163788 0.9886569380760193 
vt 0.27136117219924927 0.9702309966087341 
vt 0.27136117219924927 0.9570696353912354 
vt 0.27136117219924927 0.9443868398666382 
vt 0.27136117219924927 0.9172264933586121 
vt 0.27136117219924927 0.8743921518325806 
vt 0.27136117219924927 0.8289255499839783 
vt 0.27136117219924927 0.7899199724197388 
vt 0.27136117219924927 0.7629989385604858 
vt 0.27136117219924927 0.7598880529403687 
vt 0.2605242431163788 0.7629989385604858 
vt 0.2605242431163788 0.7899199724197388 
vt 0.2605242431163788 0.8289255499839783 
vt 0.2605242431163788 0.8743921518325806 
vt 0.2495732307434082 0.8743921518325806 
vt 0.23873628675937653 0.8743921518325806 
vt 0.22778528928756714 0.8743921518325806 
vt 0.21694834530353546 0.8743921518325806 
vt 0.20611141622066498 0.8743921518325806 
vt 0.1951604038476944 0.8743921518325806 
vt 0.1843234747648239 0.8743921518325806 
vt 0.17337246239185333 0.8743921518325806 
vt 0.16253553330898285 0.8743921518325806 
vt 0.15158452093601227 0.8743921518325806 
vt 0.14074759185314178 0.8743921518325806 
vt 0.1299106478691101 0.8743921518325806 
vt 0.11895964294672012 0.8743921518325806 
vt 0.10812270641326904 0.8743921518325806 
vt 0.09717170149087906 0.8743921518325806 
vt 0.08633476495742798 0.8289255499839783 
vt 0.0754978284239769 0.7899199724197388 
vt 0.06454682350158691 0.7629989385604858 
vt 0.06454682350158691 0.7598880529403687 
vt 0.053709886968135834 0.7579736709594727 
vt 0.04275887832045555 0.7557003498077393 
vt 0.03192194178700447 0.7537859678268433 
vt 0.04275887832045555 0.7245916128158569 
vt 0.053709886968135834 0.6943204402923584 
vt 0.06454682350158691 0.6367692351341248 
vt 0.0754978284239769 0.6073355674743652 
vt 0.08633476495742798 0.5765858292579651 
vt 0.09717170149087906 0.5432037115097046 
vt 0.09717170149087906 0.5386570692062378 
vt 0.08633476495742798 0.5344693660736084 
vt 0.08633476495742798 0.5386570692062378 
vt 0.0754978284239769 0.5344693660736084 
vt 0.08633476495742798 0.5432037115097046 
vt 0.0754978284239769 0.5765858292579651 
vt 0.06454682350158691 0.6073355674743652 
vt 0.053709886968135834 0.6367692351341248 
vt 0.04275887832045555 0.6943204402923584 
vt 0.03192194178700447 0.7245916128158569 
vt 0.020970935001969337 0.7537859678268433 
vt 0.03192194178700447 0.7557003498077393 
vt 0.04275887832045555 0.7579736709594727 
vt 0.053709886968135834 0.7598880529403687 
vt 0.053709886968135834 0.7629989385604858 
vt 0.06454682350158691 0.7899199724197388 
vt 0.0754978284239769 0.8289255499839783 
vt 0.08633476495742798 0.8743921518325806 
vt 0.09717170149087906 0.9172264933586121 
vt 0.10812270641326904 0.9172264933586121 
vt 0.11895964294672012 0.9172264933586121 
vt 0.1299106478691101 0.9172264933586121 
vt 0.14074759185314178 0.9172264933586121 
vt 0.15158452093601227 0.9172264933586121 
vt 0.16253553330898285 0.9172264933586121 
vt 0.17337246239185333 0.9172264933586121 
vt 0.1843234747648239 0.9172264933586121 
vt 0.1951604038476944 0.9172264933586121 
vt 0.20611141622066498 0.9172264933586121 
vt 0.21694834530353546 0.9172264933586121 
vt 0.22778528928756714 0.9172264933586121 
vt 0.23873628675937653 0.9172264933586121 
vt 0.2495732307434082 0.9172264933586121 
vt 0.2605242431163788 0.9172264933586121 
vt 0.2605242431163788 0.9443868398666382 
vt 0.2495732307434082 0.9443868398666382 
vt 0.23873628675937653 0.9443868398666382 
vt 0.22778528928756714 0.9443868398666382 
vt 0.21694834530353546 0.9443868398666382 
vt 0.20611141622066498 0.9443868398666382 
vt 0.1951604038476944 0.9443868398666382 
vt 0.1843234747648239 0.9443868398666382 
vt 0.17337246239185333 0.9443868398666382 
vt 0.16253553330898285 0.9443868398666382 
vt 0.15158452093601227 0.9443868398666382 
vt 0.14074759185314178 0.9443868398666382 
vt 0.1299106478691101 0.9443868398666382 
vt 0.11895964294672012 0.9443868398666382 
vt 0.10812270641326904 0.9443868398666382 
vt 0.09717170149087906 0.9443868398666382 
vt 0.08633476495742798 0.9172264933586121 
vt 0.0754978284239769 0.8743921518325806 
vt 0.06454682350158691 0.8289255499839783 
vt 0.053709886968135834 0.7899199724197388 
vt 0.04275887832045555 0.7629989385604858 
vt 0.04275887832045555 0.7598880529403687 
vt 0.03192194178700447 0.7579736709594727 
vt 0.020970935001969337 0.7557003498077393 
vt 0.010134000331163406 0.7537859678268433 
vt 0.020970935001969337 0.7245916128158569 
vt 0.010134000331163406 0.7245916128158569 
vt 0.020970935001969337 0.6943204402923584 
vt 0.010134000331163406 0.6943204402923584 
vt 0.020970935001969337 0.6367692351341248 
vt 0.010134000331163406 0.6367692351341248 
vt 0.020970935001969337 0.6073355674743652 
vt 0.010134000331163406 0.6073355674743652 
vt 0.020970935001969337 0.5765858292579651 
vt 0.010134000331163406 0.5765858292579651 
vt 0.020970935001969337 0.5432037115097046 
vt 0.010134000331163406 0.5432037115097046 
vt 0.010134000331163406 0.5386570692062378 
vt 0.020970935001969337 0.5386570692062378 
vt 0.010134000331163406 0.5344693660736084 
vt 0.020970935001969337 0.5344693660736084 
vt 0.03192194178700447 0.5386570692062378 
vt 0.03192194178700447 0.5344693660736084 
vt 0.04275887832045555 0.5386570692062378 
vt 0.04275887832045555 0.5344693660736084 
vt 0.053709886968135834 0.5386570692062378 
vt 0.053709886968135834 0.5344693660736084 
vt 0.06454682350158691 0.5386570692062378 
vt 0.06454682350158691 0.5344693660736084 
vt 0.0754978284239769 0.5386570692062378 
vt 0.0754978284239769 0.5432037115097046 
vt 0.06454682350158691 0.5432037115097046 
vt 0.053709886968135834 0.5432037115097046 
vt 0.04275887832045555 0.5432037115097046 
vt 0.03192194178700447 0.5432037115097046 
vt 0.03192194178700447 0.5765858292579651 
vt 0.03192194178700447 0.6073355674743652 
vt 0.03192194178700447 0.6367692351341248 
vt 0.03192194178700447 0.6943204402923584 
vt 0.04275887832045555 0.6367692351341248 
vt 0.04275887832045555 0.5765858292579651 
vt 0.053709886968135834 0.5765858292579651 
vt 0.06454682350158691 0.5765858292579651 
vt 0.053709886968135834 0.6073355674743652 
vt 0.04275887832045555 0.6073355674743652 
vt 0.4455506503582001 0.4236743748188019 
vt 0.4455506503582001 0.4602869749069214 
vt 0.4345996379852295 0.4236743748188019 
vt 0.4345996379852295 0.4602869749069214 
vt 0.423762708902359 0.4236743748188019 
vt 0.423762708902359 0.4602869749069214 
vt 0.4128116965293884 0.4236743748188019 
vt 0.4128116965293884 0.4602869749069214 
vt 0.40197476744651794 0.4236743748188019 
vt 0.40197476744651794 0.4602869749069214 
vt 0.3911378085613251 0.4236743748188019 
vt 0.3911378085613251 0.4602869749069214 
vt 0.3801868259906769 0.4236743748188019 
vt 0.3801868259906769 0.4602869749069214 
vt 0.369349867105484 0.4236743748188019 
vt 0.369349867105484 0.4602869749069214 
vt 0.3583988547325134 0.4236743748188019 
vt 0.3583988547325134 0.4602869749069214 
vt 0.34756192564964294 0.4236743748188019 
vt 0.34756192564964294 0.4602869749069214 
vt 0.33672499656677246 0.4236743748188019 
vt 0.33672499656677246 0.4602869749069214 
vt 0.3257739841938019 0.4236743748188019 
vt 0.3257739841938019 0.4602869749069214 
vt 0.3149370551109314 0.4236743748188019 
vt 0.3149370551109314 0.4602869749069214 
vt 0.3039860427379608 0.4236743748188019 
vt 0.3039860427379608 0.4602869749069214 
vt 0.29314911365509033 0.4236743748188019 
vt 0.29314911365509033 0.4602869749069214 
vt 0.28219810128211975 0.4236743748188019 
vt 0.28219810128211975 0.4602869749069214 
vt 0.27136117219924927 0.4236743748188019 
vt 0.27136117219924927 0.4602869749069214 
vt 0.2605242431163788 0.4236743748188019 
vt 0.2605242431163788 0.4602869749069214 
vt 0.2495732307434082 0.4236743748188019 
vt 0.2495732307434082 0.4602869749069214 
vt 0.23873628675937653 0.4236743748188019 
vt 0.23873628675937653 0.4602869749069214 
vt 0.22778528928756714 0.4236743748188019 
vt 0.22778528928756714 0.4602869749069214 
vt 0.21694834530353546 0.4236743748188019 
vt 0.21694834530353546 0.4602869749069214 
vt 0.20611141622066498 0.4236743748188019 
vt 0.20611141622066498 0.4602869749069214 
vt 0.1951604038476944 0.4236743748188019 
vt 0.1951604038476944 0.4602869749069214 
vt 0.1843234747648239 0.4236743748188019 
vt 0.1843234747648239 0.4602869749069214 
vt 0.17337246239185333 0.4236743748188019 
vt 0.17337246239185333 0.4602869749069214 
vt 0.16253553330898285 0.4236743748188019 
vt 0.16253553330898285 0.4602869749069214 
vt 0.15158452093601227 0.4236743748188019 
vt 0.15158452093601227 0.4602869749069214 
vt 0.14074759185314178 0.4236743748188019 
vt 0.14074759185314178 0.4602869749069214 
vt 0.1299106478691101 0.4236743748188019 
vt 0.1299106478691101 0.4602869749069214 
vt 0.11895964294672012 0.4236743748188019 
vt 0.11895964294672012 0.4602869749069214 
vt 0.10812270641326904 0.4236743748188019 
vt 0.10812270641326904 0.4602869749069214 
vt 0.09717170149087906 0.4236743748188019 
vt 0.09717170149087906 0.4602869749069214 
vt 0.08633476495742798 0.4236743748188019 
vt 0.08633476495742798 0.4602869749069214 
vt 0.0754978284239769 0.4236743748188019 
vt 0.0754978284239769 0.4602869749069214 
vt 0.06454682350158691 0.4236743748188019 
vt 0.06454682350158691 0.4602869749069214 
vt 0.053709886968135834 0.4236743748188019 
vt 0.053709886968135834 0.4602869749069214 
vt 0.04275887832045555 0.4236743748188019 
vt 0.04275887832045555 0.4602869749069214 
vt 0.03192194178700447 0.4236743748188019 
vt 0.03192194178700447 0.4602869749069214 
vt 0.020970935001969337 0.4236743748188019 
vt 0.020970935001969337 0.4602869749069214 
vt 0.010134000331163406 0.4236743748188019 
vt 0.010134000331163406 0.4602869749069214 
vt 0.020970935001969337 0.47943082451820374 
vt 0.010134000331163406 0.47943082451820374 
vt 0.03192194178700447 0.47943082451820374 
vt 0.04275887832045555 0.47943082451820374 
vt 0.053709886968135834 0.47943082451820374 
vt 0.06454682350158691 0.47943082451820374 
vt 0.0754978284239769 0.47943082451820374 
vt 0.08633476495742798 0.47943082451820374 
vt 0.09717170149087906 0.47943082451820374 
vt 0.10812270641326904 0.47943082451820374 
vt 0.11895964294672012 0.47943082451820374 
vt 0.1299106478691101 0.47943082451820374 
vt 0.14074759185314178 0.47943082451820374 
vt 0.15158452093601227 0.47943082451820374 
vt 0.16253553330898285 0.47943082451820374 
vt 0.17337246239185333 0.47943082451820374 
vt 0.1843234747648239 0.47943082451820374 
vt 0.1951604038476944 0.47943082451820374 
vt 0.20611141622066498 0.47943082451820374 
vt 0.21694834530353546 0.47943082451820374 
vt 0.22778528928756714 0.47943082451820374 
vt 0.23873628675937653 0.47943082451820374 
vt 0.2495732307434082 0.47943082451820374 
vt 0.2605242431163788 0.47943082451820374 
vt 0.27136117219924927 0.47943082451820374 
vt 0.28219810128211975 0.47943082451820374 
vt 0.29314911365509033 0.47943082451820374 
vt 0.3039860427379608 0.47943082451820374 
vt 0.3149370551109314 0.47943082451820374 
vt 0.3257739841938019 0.47943082451820374 
vt 0.33672499656677246 0.47943082451820374 
vt 0.34756192564964294 0.47943082451820374 
vt 0.3583988547325134 0.47943082451820374 
vt 0.369349867105484 0.47943082451820374 
vt 0.3801868259906769 0.47943082451820374 
vt 0.3911378085613251 0.47943082451820374 
vt 0.40197476744651794 0.47943082451820374 
vt 0.4128116965293884 0.47943082451820374 
vt 0.423762708902359 0.47943082451820374 
vt 0.4345996379852295 0.47943082451820374 
vt 0.4455506503582001 0.47943082451820374 
vt 0.45638757944107056 0.47943082451820374 
vt 0.45638757944107056 0.4602869749069214 
vt 0.46722450852394104 0.47943082451820374 
vt 0.46722450852394104 0.4602869749069214 
vt 0.4781755208969116 0.47943082451820374 
vt 0.4781755208969116 0.4602869749069214 
vt 0.4890124499797821 0.47943082451820374 
vt 0.4890124499797821 0.4602869749069214 
vt 0.4999634623527527 0.47943082451820374 
vt 0.4999634623527527 0.4602869749069214 
vt 0.5108004212379456 0.47943082451820374 
vt 0.5108004212379456 0.4602869749069214 
vt 0.5217514038085938 0.47943082451820374 
vt 0.5217514038085938 0.4602869749069214 
vt 0.5325883626937866 0.47943082451820374 
vt 0.5325883626937866 0.4602869749069214 
vt 0.5434252619743347 0.47943082451820374 
vt 0.5434252619743347 0.4602869749069214 
vt 0.5543763041496277 0.47943082451820374 
vt 0.5543763041496277 0.4602869749069214 
vt 0.5652132034301758 0.47943082451820374 
vt 0.5652132034301758 0.4602869749069214 
vt 0.5761642456054688 0.47943082451820374 
vt 0.5761642456054688 0.4602869749069214 
vt 0.5870011448860168 0.47943082451820374 
vt 0.5870011448860168 0.4602869749069214 
vt 0.5979521870613098 0.47943082451820374 
vt 0.5979521870613098 0.4602869749069214 
vt 0.6087890863418579 0.47943082451820374 
vt 0.6087890863418579 0.4602869749069214 
vt 0.6196260452270508 0.47943082451820374 
vt 0.6196260452270508 0.4602869749069214 
vt 0.630577027797699 0.47943082451820374 
vt 0.630577027797699 0.4602869749069214 
vt 0.6414139866828918 0.47943082451820374 
vt 0.6414139866828918 0.4602869749069214 
vt 0.65236496925354 0.47943082451820374 
vt 0.65236496925354 0.4602869749069214 
vt 0.6632019281387329 0.47943082451820374 
vt 0.6632019281387329 0.4602869749069214 
vt 0.65236496925354 0.4236743748188019 
vt 0.6632019281387329 0.4236743748188019 
vt 0.45638757944107056 0.4236743748188019 
vt 0.6414139866828918 0.4236743748188019 
vt 0.630577027797699 0.4236743748188019 
vt 0.6196260452270508 0.4236743748188019 
vt 0.6087890863418579 0.4236743748188019 
vt 0.5979521870613098 0.4236743748188019 
vt 0.5870011448860168 0.4236743748188019 
vt 0.5761642456054688 0.4236743748188019 
vt 0.5652132034301758 0.4236743748188019 
vt 0.5543763041496277 0.4236743748188019 
vt 0.5434252619743347 0.4236743748188019 
vt 0.5325883626937866 0.4236743748188019 
vt 0.5217514038085938 0.4236743748188019 
vt 0.5108004212379456 0.4236743748188019 
vt 0.4999634623527527 0.4236743748188019 
vt 0.4890124499797821 0.4236743748188019 
vt 0.4781755208969116 0.4236743748188019 
vt 0.46722450852394104 0.4236743748188019 
vt 0.2605242431163788 0.9570696353912354 
vt 0.2605242431163788 0.9702309966087341 
vt 0.2495732307434082 0.9570696353912354 
vt 0.23873628675937653 0.9570696353912354 
vt 0.22778528928756714 0.9570696353912354 
vt 0.21694834530353546 0.9570696353912354 
vt 0.20611141622066498 0.9570696353912354 
vt 0.1951604038476944 0.9570696353912354 
vt 0.1843234747648239 0.9570696353912354 
vt 0.17337246239185333 0.9570696353912354 
vt 0.16253553330898285 0.9570696353912354 
vt 0.15158452093601227 0.9570696353912354 
vt 0.14074759185314178 0.9570696353912354 
vt 0.1299106478691101 0.9570696353912354 
vt 0.11895964294672012 0.9570696353912354 
vt 0.10812270641326904 0.9570696353912354 
vt 0.09717170149087906 0.9570696353912354 
vt 0.08633476495742798 0.9443868398666382 
vt 0.0754978284239769 0.9172264933586121 
vt 0.06454682350158691 0.8743921518325806 
vt 0.053709886968135834 0.8289255499839783 
vt 0.04275887832045555 0.7899199724197388 
vt 0.03192194178700447 0.7629989385604858 
vt 0.03192194178700447 0.7598880529403687 
vt 0.020970935001969337 0.7579736709594727 
vt 0.010134000331163406 0.7557003498077393 
vt 0.010134000331163406 0.7579736709594727 
vt 0.020970935001969337 0.7598880529403687 
vt 0.020970935001969337 0.7629989385604858 
vt 0.03192194178700447 0.7899199724197388 
vt 0.04275887832045555 0.8289255499839783 
vt 0.053709886968135834 0.8743921518325806 
vt 0.06454682350158691 0.9172264933586121 
vt 0.0754978284239769 0.9443868398666382 
vt 0.08633476495742798 0.9570696353912354 
vt 0.09717170149087906 0.9702309966087341 
vt 0.10812270641326904 0.9702309966087341 
vt 0.11895964294672012 0.9702309966087341 
vt 0.1299106478691101 0.9702309966087341 
vt 0.14074759185314178 0.9702309966087341 
vt 0.15158452093601227 0.9702309966087341 
vt 0.16253553330898285 0.9702309966087341 
vt 0.17337246239185333 0.9702309966087341 
vt 0.1843234747648239 0.9702309966087341 
vt 0.1951604038476944 0.9702309966087341 
vt 0.20611141622066498 0.9702309966087341 
vt 0.21694834530353546 0.9702309966087341 
vt 0.22778528928756714 0.9702309966087341 
vt 0.23873628675937653 0.9702309966087341 
vt 0.2495732307434082 0.9702309966087341 
vt 0.2605242431163788 0.9825548529624939 
vt 0.2495732307434082 0.9886569380760193 
vt 0.2495732307434082 0.9825548529624939 
vt 0.23873628675937653 0.9886569380760193 
vt 0.23873628675937653 0.9825548529624939 
vt 0.22778528928756714 0.9825548529624939 
vt 0.21694834530353546 0.9825548529624939 
vt 0.20611141622066498 0.9825548529624939 
vt 0.1951604038476944 0.9825548529624939 
vt 0.1843234747648239 0.9825548529624939 
vt 0.17337246239185333 0.9825548529624939 
vt 0.16253553330898285 0.9825548529624939 
vt 0.15158452093601227 0.9825548529624939 
vt 0.14074759185314178 0.9825548529624939 
vt 0.1299106478691101 0.9825548529624939 
vt 0.11895964294672012 0.9825548529624939 
vt 0.10812270641326904 0.9825548529624939 
vt 0.09717170149087906 0.9825548529624939 
vt 0.08633476495742798 0.9702309966087341 
vt 0.0754978284239769 0.9570696353912354 
vt 0.06454682350158691 0.9443868398666382 
vt 0.053709886968135834 0.9172264933586121 
vt 0.04275887832045555 0.8743921518325806 
vt 0.03192194178700447 0.8289255499839783 
vt 0.020970935001969337 0.7899199724197388 
vt 0.010134000331163406 0.7629989385604858 
vt 0.010134000331163406 0.7598880529403687 
vt 0.010134000331163406 0.7899199724197388 
vt 0.020970935001969337 0.8289255499839783 
vt 0.03192194178700447 0.8743921518325806 
vt 0.04275887832045555 0.9172264933586121 
vt 0.053709886968135834 0.9443868398666382 
vt 0.06454682350158691 0.9570696353912354 
vt 0.0754978284239769 0.9702309966087341 
vt 0.08633476495742798 0.9825548529624939 
vt 0.08633476495742798 0.9886569380760193 
vt 0.09717170149087906 0.9886569380760193 
vt 0.10812270641326904 0.9886569380760193 
vt 0.11895964294672012 0.9886569380760193 
vt 0.1299106478691101 0.9886569380760193 
vt 0.14074759185314178 0.9886569380760193 
vt 0.15158452093601227 0.9886569380760193 
vt 0.16253553330898285 0.9886569380760193 
vt 0.17337246239185333 0.9886569380760193 
vt 0.1843234747648239 0.9886569380760193 
vt 0.1951604038476944 0.9886569380760193 
vt 0.20611141622066498 0.9886569380760193 
vt 0.21694834530353546 0.9886569380760193 
vt 0.22778528928756714 0.9886569380760193 
vt 0.010134000331163406 0.8289255499839783 
vt 0.5325883626937866 0.041036877781152725 
vt 0.5434252619743347 0.0515659898519516 
vt 0.5325883626937866 0.0515659898519516 
vt 0.5434252619743347 0.07346175611019135 
vt 0.5325883626937866 0.07346175611019135 
vt 0.5217514038085938 0.0515659898519516 
vt 0.5217514038085938 0.041036877781152725 
vt 0.5108004212379456 0.041036877781152725 
vt 0.5108004212379456 0.027636190876364708 
vt 0.5217514038085938 0.027636190876364708 
vt 0.5325883626937866 0.027636190876364708 
vt 0.5434252619743347 0.041036877781152725 
vt 0.5543763041496277 0.0515659898519516 
vt 0.5543763041496277 0.07346175611019135 
vt 0.5543763041496277 0.10624558478593826 
vt 0.5434252619743347 0.10624558478593826 
vt 0.5325883626937866 0.10624558478593826 
vt 0.5217514038085938 0.07346175611019135 
vt 0.5108004212379456 0.0515659898519516 
vt 0.4999634623527527 0.041036877781152725 
vt 0.4999634623527527 0.027636190876364708 
vt 0.4999634623527527 0.01495339721441269 
vt 0.5108004212379456 0.01495339721441269 
vt 0.5217514038085938 0.01495339721441269 
vt 0.5325883626937866 0.01495339721441269 
vt 0.5434252619743347 0.027636190876364708 
vt 0.5543763041496277 0.041036877781152725 
vt 0.5652132034301758 0.0515659898519516 
vt 0.5652132034301758 0.07346175611019135 
vt 0.5761642456054688 0.07346175611019135 
vt 0.5761642456054688 0.10624558478593826 
vt 0.5652132034301758 0.10624558478593826 
vt 0.5761642456054688 0.0515659898519516 
vt 0.5652132034301758 0.041036877781152725 
vt 0.5543763041496277 0.027636190876364708 
vt 0.5434252619743347 0.01495339721441269 
vt 0.5434252619743347 0.00861200038343668 
vt 0.5325883626937866 0.00861200038343668 
vt 0.5217514038085938 0.00861200038343668 
vt 0.5108004212379456 0.00861200038343668 
vt 0.4999634623527527 0.00861200038343668 
vt 0.4890124499797821 0.01495339721441269 
vt 0.4890124499797821 0.00861200038343668 
vt 0.4781755208969116 0.01495339721441269 
vt 0.4781755208969116 0.00861200038343668 
vt 0.4890124499797821 0.027636190876364708 
vt 0.4890124499797821 0.041036877781152725 
vt 0.4999634623527527 0.0515659898519516 
vt 0.5108004212379456 0.07346175611019135 
vt 0.5217514038085938 0.10624558478593826 
vt 0.5325883626937866 0.14441362023353577 
vt 0.5434252619743347 0.14441362023353577 
vt 0.5543763041496277 0.14441362023353577 
vt 0.5652132034301758 0.14441362023353577 
vt 0.5761642456054688 0.14441362023353577 
vt 0.5870011448860168 0.14441362023353577 
vt 0.5870011448860168 0.10624558478593826 
vt 0.5870011448860168 0.07346175611019135 
vt 0.5870011448860168 0.0515659898519516 
vt 0.5761642456054688 0.041036877781152725 
vt 0.5652132034301758 0.027636190876364708 
vt 0.5543763041496277 0.01495339721441269 
vt 0.5543763041496277 0.00861200038343668 
vt 0.5652132034301758 0.00861200038343668 
vt 0.5652132034301758 0.01495339721441269 
vt 0.5761642456054688 0.00861200038343668 
vt 0.5761642456054688 0.01495339721441269 
vt 0.5870011448860168 0.00861200038343668 
vt 0.5870011448860168 0.01495339721441269 
vt 0.5979521870613098 0.00861200038343668 
vt 0.5761642456054688 0.027636190876364708 
vt 0.5870011448860168 0.041036877781152725 
vt 0.5979521870613098 0.0515659898519516 
vt 0.5979521870613098 0.07346175611019135 
vt 0.5979521870613098 0.10624558478593826 
vt 0.5979521870613098 0.14441362023353577 
vt 0.5979521870613098 0.18341918289661407 
vt 0.5870011448860168 0.18341918289661407 
vt 0.5761642456054688 0.18341918289661407 
vt 0.5652132034301758 0.18341918289661407 
vt 0.5543763041496277 0.18341918289661407 
vt 0.5434252619743347 0.18341918289661407 
vt 0.5325883626937866 0.18341918289661407 
vt 0.5217514038085938 0.14441362023353577 
vt 0.5217514038085938 0.18341918289661407 
vt 0.5108004212379456 0.14441362023353577 
vt 0.5108004212379456 0.18341918289661407 
vt 0.4999634623527527 0.14441362023353577 
vt 0.4999634623527527 0.18341918289661407 
vt 0.4890124499797821 0.14441362023353577 
vt 0.4890124499797821 0.18341918289661407 
vt 0.4781755208969116 0.14441362023353577 
vt 0.4781755208969116 0.18341918289661407 
vt 0.46722450852394104 0.14441362023353577 
vt 0.46722450852394104 0.18341918289661407 
vt 0.45638757944107056 0.14441362023353577 
vt 0.45638757944107056 0.18341918289661407 
vt 0.4455506503582001 0.14441362023353577 
vt 0.4455506503582001 0.18341918289661407 
vt 0.4345996379852295 0.14441362023353577 
vt 0.4345996379852295 0.18341918289661407 
vt 0.423762708902359 0.14441362023353577 
vt 0.423762708902359 0.18341918289661407 
vt 0.4128116965293884 0.14441362023353577 
vt 0.4128116965293884 0.18341918289661407 
vt 0.40197476744651794 0.14441362023353577 
vt 0.40197476744651794 0.18341918289661407 
vt 0.3911378085613251 0.14441362023353577 
vt 0.3911378085613251 0.18341918289661407 
vt 0.3801868259906769 0.14441362023353577 
vt 0.3801868259906769 0.18341918289661407 
vt 0.369349867105484 0.14441362023353577 
vt 0.369349867105484 0.18341918289661407 
vt 0.3583988547325134 0.14441362023353577 
vt 0.3583988547325134 0.18341918289661407 
vt 0.34756192564964294 0.14441362023353577 
vt 0.34756192564964294 0.18341918289661407 
vt 0.33672499656677246 0.14441362023353577 
vt 0.33672499656677246 0.18341918289661407 
vt 0.3257739841938019 0.14441362023353577 
vt 0.3257739841938019 0.18341918289661407 
vt 0.3149370551109314 0.14441362023353577 
vt 0.3149370551109314 0.18341918289661407 
vt 0.3039860427379608 0.14441362023353577 
vt 0.3039860427379608 0.18341918289661407 
vt 0.29314911365509033 0.14441362023353577 
vt 0.29314911365509033 0.18341918289661407 
vt 0.28219810128211975 0.14441362023353577 
vt 0.28219810128211975 0.18341918289661407 
vt 0.27136117219924927 0.14441362023353577 
vt 0.27136117219924927 0.18341918289661407 
vt 0.2605242431163788 0.14441362023353577 
vt 0.2605242431163788 0.18341918289661407 
vt 0.2495732307434082 0.14441362023353577 
vt 0.2495732307434082 0.18341918289661407 
vt 0.23873628675937653 0.14441362023353577 
vt 0.23873628675937653 0.18341918289661407 
vt 0.22778528928756714 0.14441362023353577 
vt 0.22778528928756714 0.18341918289661407 
vt 0.21694834530353546 0.14441362023353577 
vt 0.21694834530353546 0.18341918289661407 
vt 0.20611141622066498 0.14441362023353577 
vt 0.20611141622066498 0.18341918289661407 
vt 0.1951604038476944 0.14441362023353577 
vt 0.1951604038476944 0.18341918289661407 
vt 0.1843234747648239 0.14441362023353577 
vt 0.1843234747648239 0.18341918289661407 
vt 0.17337246239185333 0.14441362023353577 
vt 0.17337246239185333 0.18341918289661407 
vt 0.16253553330898285 0.14441362023353577 
vt 0.16253553330898285 0.18341918289661407 
vt 0.15158452093601227 0.14441362023353577 
vt 0.15158452093601227 0.18341918289661407 
vt 0.14074759185314178 0.14441362023353577 
vt 0.14074759185314178 0.18341918289661407 
vt 0.1299106478691101 0.14441362023353577 
vt 0.1299106478691101 0.18341918289661407 
vt 0.11895964294672012 0.14441362023353577 
vt 0.11895964294672012 0.18341918289661407 
vt 0.10812270641326904 0.14441362023353577 
vt 0.10812270641326904 0.18341918289661407 
vt 0.09717170149087906 0.14441362023353577 
vt 0.09717170149087906 0.18341918289661407 
vt 0.08633476495742798 0.14441362023353577 
vt 0.08633476495742798 0.18341918289661407 
vt 0.0754978284239769 0.14441362023353577 
vt 0.0754978284239769 0.18341918289661407 
vt 0.06454682350158691 0.14441362023353577 
vt 0.06454682350158691 0.18341918289661407 
vt 0.053709886968135834 0.14441362023353577 
vt 0.053709886968135834 0.18341918289661407 
vt 0.04275887832045555 0.14441362023353577 
vt 0.04275887832045555 0.18341918289661407 
vt 0.03192194178700447 0.14441362023353577 
vt 0.03192194178700447 0.18341918289661407 
vt 0.020970935001969337 0.14441362023353577 
vt 0.020970935001969337 0.18341918289661407 
vt 0.010134000331163406 0.14441362023353577 
vt 0.010134000331163406 0.18341918289661407 
vt 0.5870011448860168 0.027636190876364708 
vt 0.010134000331163406 0.10624558478593826 
vt 0.020970935001969337 0.10624558478593826 
vt 0.010134000331163406 0.07346175611019135 
vt 0.03192194178700447 0.10624558478593826 
vt 0.04275887832045555 0.10624558478593826 
vt 0.053709886968135834 0.10624558478593826 
vt 0.06454682350158691 0.10624558478593826 
vt 0.0754978284239769 0.10624558478593826 
vt 0.08633476495742798 0.10624558478593826 
vt 0.09717170149087906 0.10624558478593826 
vt 0.10812270641326904 0.10624558478593826 
vt 0.11895964294672012 0.10624558478593826 
vt 0.1299106478691101 0.10624558478593826 
vt 0.14074759185314178 0.10624558478593826 
vt 0.15158452093601227 0.10624558478593826 
vt 0.16253553330898285 0.10624558478593826 
vt 0.17337246239185333 0.10624558478593826 
vt 0.1843234747648239 0.10624558478593826 
vt 0.1951604038476944 0.10624558478593826 
vt 0.20611141622066498 0.10624558478593826 
vt 0.21694834530353546 0.10624558478593826 
vt 0.22778528928756714 0.10624558478593826 
vt 0.23873628675937653 0.10624558478593826 
vt 0.2495732307434082 0.10624558478593826 
vt 0.2605242431163788 0.10624558478593826 
vt 0.27136117219924927 0.10624558478593826 
vt 0.28219810128211975 0.10624558478593826 
vt 0.29314911365509033 0.10624558478593826 
vt 0.3039860427379608 0.10624558478593826 
vt 0.3149370551109314 0.10624558478593826 
vt 0.3257739841938019 0.10624558478593826 
vt 0.33672499656677246 0.10624558478593826 
vt 0.34756192564964294 0.10624558478593826 
vt 0.3583988547325134 0.10624558478593826 
vt 0.369349867105484 0.10624558478593826 
vt 0.3801868259906769 0.10624558478593826 
vt 0.3911378085613251 0.10624558478593826 
vt 0.40197476744651794 0.10624558478593826 
vt 0.4128116965293884 0.10624558478593826 
vt 0.423762708902359 0.10624558478593826 
vt 0.4345996379852295 0.10624558478593826 
vt 0.4455506503582001 0.10624558478593826 
vt 0.45638757944107056 0.10624558478593826 
vt 0.46722450852394104 0.10624558478593826 
vt 0.4781755208969116 0.10624558478593826 
vt 0.4890124499797821 0.10624558478593826 
vt 0.4999634623527527 0.10624558478593826 
vt 0.5108004212379456 0.10624558478593826 
vt 0.4999634623527527 0.07346175611019135 
vt 0.4890124499797821 0.07346175611019135 
vt 0.4781755208969116 0.07346175611019135 
vt 0.46722450852394104 0.07346175611019135 
vt 0.45638757944107056 0.07346175611019135 
vt 0.4455506503582001 0.07346175611019135 
vt 0.4345996379852295 0.07346175611019135 
vt 0.423762708902359 0.07346175611019135 
vt 0.4128116965293884 0.07346175611019135 
vt 0.40197476744651794 0.07346175611019135 
vt 0.3911378085613251 0.07346175611019135 
vt 0.3801868259906769 0.07346175611019135 
vt 0.369349867105484 0.07346175611019135 
vt 0.3583988547325134 0.07346175611019135 
vt 0.34756192564964294 0.07346175611019135 
vt 0.33672499656677246 0.07346175611019135 
vt 0.3257739841938019 0.07346175611019135 
vt 0.3149370551109314 0.07346175611019135 
vt 0.3039860427379608 0.07346175611019135 
vt 0.29314911365509033 0.07346175611019135 
vt 0.28219810128211975 0.07346175611019135 
vt 0.27136117219924927 0.07346175611019135 
vt 0.2605242431163788 0.07346175611019135 
vt 0.2495732307434082 0.07346175611019135 
vt 0.23873628675937653 0.07346175611019135 
vt 0.22778528928756714 0.07346175611019135 
vt 0.21694834530353546 0.07346175611019135 
vt 0.20611141622066498 0.07346175611019135 
vt 0.1951604038476944 0.07346175611019135 
vt 0.1843234747648239 0.07346175611019135 
vt 0.17337246239185333 0.07346175611019135 
vt 0.16253553330898285 0.07346175611019135 
vt 0.15158452093601227 0.07346175611019135 
vt 0.14074759185314178 0.07346175611019135 
vt 0.1299106478691101 0.07346175611019135 
vt 0.11895964294672012 0.07346175611019135 
vt 0.10812270641326904 0.07346175611019135 
vt 0.09717170149087906 0.07346175611019135 
vt 0.08633476495742798 0.07346175611019135 
vt 0.0754978284239769 0.07346175611019135 
vt 0.06454682350158691 0.07346175611019135 
vt 0.053709886968135834 0.07346175611019135 
vt 0.04275887832045555 0.07346175611019135 
vt 0.03192194178700447 0.07346175611019135 
vt 0.020970935001969337 0.07346175611019135 
vt 0.010134000331163406 0.0515659898519516 
vt 0.020970935001969337 0.0515659898519516 
vt 0.010134000331163406 0.041036877781152725 
vt 0.03192194178700447 0.0515659898519516 
vt 0.04275887832045555 0.0515659898519516 
vt 0.053709886968135834 0.0515659898519516 
vt 0.06454682350158691 0.0515659898519516 
vt 0.0754978284239769 0.0515659898519516 
vt 0.08633476495742798 0.0515659898519516 
vt 0.09717170149087906 0.0515659898519516 
vt 0.10812270641326904 0.0515659898519516 
vt 0.11895964294672012 0.0515659898519516 
vt 0.1299106478691101 0.0515659898519516 
vt 0.14074759185314178 0.0515659898519516 
vt 0.15158452093601227 0.0515659898519516 
vt 0.16253553330898285 0.0515659898519516 
vt 0.17337246239185333 0.0515659898519516 
vt 0.1843234747648239 0.0515659898519516 
vt 0.1951604038476944 0.0515659898519516 
vt 0.20611141622066498 0.0515659898519516 
vt 0.21694834530353546 0.0515659898519516 
vt 0.22778528928756714 0.0515659898519516 
vt 0.23873628675937653 0.0515659898519516 
vt 0.2495732307434082 0.0515659898519516 
vt 0.2605242431163788 0.0515659898519516 
vt 0.27136117219924927 0.0515659898519516 
vt 0.28219810128211975 0.0515659898519516 
vt 0.29314911365509033 0.0515659898519516 
vt 0.3039860427379608 0.0515659898519516 
vt 0.3149370551109314 0.0515659898519516 
vt 0.3257739841938019 0.0515659898519516 
vt 0.33672499656677246 0.0515659898519516 
vt 0.34756192564964294 0.0515659898519516 
vt 0.3583988547325134 0.0515659898519516 
vt 0.369349867105484 0.0515659898519516 
vt 0.3801868259906769 0.0515659898519516 
vt 0.3911378085613251 0.0515659898519516 
vt 0.40197476744651794 0.0515659898519516 
vt 0.4128116965293884 0.0515659898519516 
vt 0.423762708902359 0.0515659898519516 
vt 0.4345996379852295 0.0515659898519516 
vt 0.4455506503582001 0.0515659898519516 
vt 0.45638757944107056 0.0515659898519516 
vt 0.46722450852394104 0.0515659898519516 
vt 0.4781755208969116 0.0515659898519516 
vt 0.4890124499797821 0.0515659898519516 
vt 0.4781755208969116 0.041036877781152725 
vt 0.46722450852394104 0.041036877781152725 
vt 0.45638757944107056 0.041036877781152725 
vt 0.4455506503582001 0.041036877781152725 
vt 0.4345996379852295 0.041036877781152725 
vt 0.423762708902359 0.041036877781152725 
vt 0.4128116965293884 0.041036877781152725 
vt 0.40197476744651794 0.041036877781152725 
vt 0.3911378085613251 0.041036877781152725 
vt 0.3801868259906769 0.041036877781152725 
vt 0.369349867105484 0.041036877781152725 
vt 0.3583988547325134 0.041036877781152725 
vt 0.34756192564964294 0.041036877781152725 
vt 0.33672499656677246 0.041036877781152725 
vt 0.3257739841938019 0.041036877781152725 
vt 0.3149370551109314 0.041036877781152725 
vt 0.3039860427379608 0.041036877781152725 
vt 0.29314911365509033 0.041036877781152725 
vt 0.28219810128211975 0.041036877781152725 
vt 0.27136117219924927 0.041036877781152725 
vt 0.2605242431163788 0.041036877781152725 
vt 0.2495732307434082 0.041036877781152725 
vt 0.23873628675937653 0.041036877781152725 
vt 0.22778528928756714 0.041036877781152725 
vt 0.21694834530353546 0.041036877781152725 
vt 0.20611141622066498 0.041036877781152725 
vt 0.1951604038476944 0.041036877781152725 
vt 0.1843234747648239 0.041036877781152725 
vt 0.17337246239185333 0.041036877781152725 
vt 0.16253553330898285 0.041036877781152725 
vt 0.15158452093601227 0.041036877781152725 
vt 0.14074759185314178 0.041036877781152725 
vt 0.1299106478691101 0.041036877781152725 
vt 0.11895964294672012 0.041036877781152725 
vt 0.10812270641326904 0.041036877781152725 
vt 0.09717170149087906 0.041036877781152725 
vt 0.08633476495742798 0.041036877781152725 
vt 0.0754978284239769 0.041036877781152725 
vt 0.06454682350158691 0.041036877781152725 
vt 0.053709886968135834 0.041036877781152725 
vt 0.04275887832045555 0.041036877781152725 
vt 0.03192194178700447 0.041036877781152725 
vt 0.020970935001969337 0.041036877781152725 
vt 0.010134000331163406 0.027636190876364708 
vt 0.020970935001969337 0.027636190876364708 
vt 0.010134000331163406 0.01495339721441269 
vt 0.03192194178700447 0.027636190876364708 
vt 0.04275887832045555 0.027636190876364708 
vt 0.053709886968135834 0.027636190876364708 
vt 0.06454682350158691 0.027636190876364708 
vt 0.0754978284239769 0.027636190876364708 
vt 0.08633476495742798 0.027636190876364708 
vt 0.09717170149087906 0.027636190876364708 
vt 0.10812270641326904 0.027636190876364708 
vt 0.11895964294672012 0.027636190876364708 
vt 0.1299106478691101 0.027636190876364708 
vt 0.14074759185314178 0.027636190876364708 
vt 0.15158452093601227 0.027636190876364708 
vt 0.16253553330898285 0.027636190876364708 
vt 0.17337246239185333 0.027636190876364708 
vt 0.1843234747648239 0.027636190876364708 
vt 0.1951604038476944 0.027636190876364708 
vt 0.20611141622066498 0.027636190876364708 
vt 0.21694834530353546 0.027636190876364708 
vt 0.22778528928756714 0.027636190876364708 
vt 0.23873628675937653 0.027636190876364708 
vt 0.2495732307434082 0.027636190876364708 
vt 0.2605242431163788 0.027636190876364708 
vt 0.27136117219924927 0.027636190876364708 
vt 0.28219810128211975 0.027636190876364708 
vt 0.29314911365509033 0.027636190876364708 
vt 0.3039860427379608 0.027636190876364708 
vt 0.3149370551109314 0.027636190876364708 
vt 0.3257739841938019 0.027636190876364708 
vt 0.33672499656677246 0.027636190876364708 
vt 0.34756192564964294 0.027636190876364708 
vt 0.3583988547325134 0.027636190876364708 
vt 0.369349867105484 0.027636190876364708 
vt 0.3801868259906769 0.027636190876364708 
vt 0.3911378085613251 0.027636190876364708 
vt 0.40197476744651794 0.027636190876364708 
vt 0.4128116965293884 0.027636190876364708 
vt 0.423762708902359 0.027636190876364708 
vt 0.4345996379852295 0.027636190876364708 
vt 0.4455506503582001 0.027636190876364708 
vt 0.45638757944107056 0.027636190876364708 
vt 0.46722450852394104 0.027636190876364708 
vt 0.4781755208969116 0.027636190876364708 
vt 0.46722450852394104 0.01495339721441269 
vt 0.46722450852394104 0.00861200038343668 
vt 0.45638757944107056 0.01495339721441269 
vt 0.4455506503582001 0.01495339721441269 
vt 0.4345996379852295 0.01495339721441269 
vt 0.423762708902359 0.01495339721441269 
vt 0.4128116965293884 0.01495339721441269 
vt 0.40197476744651794 0.01495339721441269 
vt 0.3911378085613251 0.01495339721441269 
vt 0.3801868259906769 0.01495339721441269 
vt 0.369349867105484 0.01495339721441269 
vt 0.3583988547325134 0.01495339721441269 
vt 0.34756192564964294 0.01495339721441269 
vt 0.33672499656677246 0.01495339721441269 
vt 0.3257739841938019 0.01495339721441269 
vt 0.3149370551109314 0.01495339721441269 
vt 0.3039860427379608 0.01495339721441269 
vt 0.29314911365509033 0.01495339721441269 
vt 0.28219810128211975 0.01495339721441269 
vt 0.27136117219924927 0.01495339721441269 
vt 0.2605242431163788 0.01495339721441269 
vt 0.2495732307434082 0.01495339721441269 
vt 0.23873628675937653 0.01495339721441269 
vt 0.22778528928756714 0.01495339721441269 
vt 0.21694834530353546 0.01495339721441269 
vt 0.20611141622066498 0.01495339721441269 
vt 0.1951604038476944 0.01495339721441269 
vt 0.1843234747648239 0.01495339721441269 
vt 0.17337246239185333 0.01495339721441269 
vt 0.16253553330898285 0.01495339721441269 
vt 0.15158452093601227 0.01495339721441269 
vt 0.14074759185314178 0.01495339721441269 
vt 0.1299106478691101 0.01495339721441269 
vt 0.11895964294672012 0.01495339721441269 
vt 0.10812270641326904 0.01495339721441269 
vt 0.09717170149087906 0.01495339721441269 
vt 0.08633476495742798 0.01495339721441269 
vt 0.0754978284239769 0.01495339721441269 
vt 0.06454682350158691 0.01495339721441269 
vt 0.053709886968135834 0.01495339721441269 
vt 0.04275887832045555 0.01495339721441269 
vt 0.03192194178700447 0.01495339721441269 
vt 0.020970935001969337 0.01495339721441269 
vt 0.020970935001969337 0.00861200038343668 
vt 0.010134000331163406 0.00861200038343668 
vt 0.03192194178700447 0.00861200038343668 
vt 0.04275887832045555 0.00861200038343668 
vt 0.053709886968135834 0.00861200038343668 
vt 0.06454682350158691 0.00861200038343668 
vt 0.0754978284239769 0.00861200038343668 
vt 0.08633476495742798 0.00861200038343668 
vt 0.09717170149087906 0.00861200038343668 
vt 0.10812270641326904 0.00861200038343668 
vt 0.11895964294672012 0.00861200038343668 
vt 0.1299106478691101 0.00861200038343668 
vt 0.14074759185314178 0.00861200038343668 
vt 0.15158452093601227 0.00861200038343668 
vt 0.16253553330898285 0.00861200038343668 
vt 0.17337246239185333 0.00861200038343668 
vt 0.1843234747648239 0.00861200038343668 
vt 0.1951604038476944 0.00861200038343668 
vt 0.20611141622066498 0.00861200038343668 
vt 0.21694834530353546 0.00861200038343668 
vt 0.22778528928756714 0.00861200038343668 
vt 0.23873628675937653 0.00861200038343668 
vt 0.2495732307434082 0.00861200038343668 
vt 0.2605242431163788 0.00861200038343668 
vt 0.27136117219924927 0.00861200038343668 
vt 0.28219810128211975 0.00861200038343668 
vt 0.29314911365509033 0.00861200038343668 
vt 0.3039860427379608 0.00861200038343668 
vt 0.3149370551109314 0.00861200038343668 
vt 0.3257739841938019 0.00861200038343668 
vt 0.33672499656677246 0.00861200038343668 
vt 0.34756192564964294 0.00861200038343668 
vt 0.3583988547325134 0.00861200038343668 
vt 0.369349867105484 0.00861200038343668 
vt 0.3801868259906769 0.00861200038343668 
vt 0.3911378085613251 0.00861200038343668 
vt 0.40197476744651794 0.00861200038343668 
vt 0.4128116965293884 0.00861200038343668 
vt 0.423762708902359 0.00861200038343668 
vt 0.4345996379852295 0.00861200038343668 
vt 0.4455506503582001 0.00861200038343668 
vt 0.45638757944107056 0.00861200038343668 
vt 0.5979521870613098 0.041036877781152725 
vt 0.5979521870613098 0.027636190876364708 
vt 0.5979521870613098 0.01495339721441269 
vt 0.6087890863418579 0.00861200038343668 
vt 0.6087890863418579 0.01495339721441269 
vt 0.6196260452270508 0.00861200038343668 
vt 0.6087890863418579 0.027636190876364708 
vt 0.6087890863418579 0.041036877781152725 
vt 0.6087890863418579 0.0515659898519516 
vt 0.6087890863418579 0.07346175611019135 
vt 0.6087890863418579 0.10624558478593826 
vt 0.6087890863418579 0.14441362023353577 
vt 0.6087890863418579 0.18341918289661407 
vt 0.6196260452270508 0.18341918289661407 
vt 0.6196260452270508 0.14441362023353577 
vt 0.6196260452270508 0.10624558478593826 
vt 0.630577027797699 0.18341918289661407 
vt 0.630577027797699 0.14441362023353577 
vt 0.6414139866828918 0.18341918289661407 
vt 0.6414139866828918 0.14441362023353577 
vt 0.65236496925354 0.18341918289661407 
vt 0.65236496925354 0.14441362023353577 
vt 0.6632019281387329 0.18341918289661407 
vt 0.6632019281387329 0.14441362023353577 
vt 0.65236496925354 0.10624558478593826 
vt 0.6632019281387329 0.10624558478593826 
vt 0.630577027797699 0.10624558478593826 
vt 0.6196260452270508 0.07346175611019135 
vt 0.6196260452270508 0.0515659898519516 
vt 0.6414139866828918 0.10624558478593826 
vt 0.6414139866828918 0.07346175611019135 
vt 0.65236496925354 0.07346175611019135 
vt 0.6632019281387329 0.07346175611019135 
vt 0.65236496925354 0.0515659898519516 
vt 0.6632019281387329 0.0515659898519516 
vt 0.630577027797699 0.07346175611019135 
vt 0.630577027797699 0.0515659898519516 
vt 0.6414139866828918 0.0515659898519516 
vt 0.6196260452270508 0.041036877781152725 
vt 0.630577027797699 0.041036877781152725 
vt 0.6196260452270508 0.027636190876364708 
vt 0.6414139866828918 0.041036877781152725 
vt 0.65236496925354 0.041036877781152725 
vt 0.6632019281387329 0.041036877781152725 
vt 0.65236496925354 0.027636190876364708 
vt 0.6632019281387329 0.027636190876364708 
vt 0.6414139866828918 0.027636190876364708 
vt 0.630577027797699 0.027636190876364708 
vt 0.6196260452270508 0.01495339721441269 
vt 0.630577027797699 0.00861200038343668 
vt 0.630577027797699 0.01495339721441269 
vt 0.6414139866828918 0.00861200038343668 
vt 0.6414139866828918 0.01495339721441269 
vt 0.65236496925354 0.01495339721441269 
vt 0.6632019281387329 0.01495339721441269 
vt 0.6632019281387329 0.00861200038343668 
vt 0.65236496925354 0.00861200038343668 
vt 0.14074759185314178 0.47943082451820374 
vt 0.15158452093601227 0.4884044826030731 
vt 0.15158452093601227 0.47943082451820374 
vt 0.16253553330898285 0.4884044826030731 
vt 0.14074759185314178 0.4884044826030731 
vt 0.1299106478691101 0.47943082451820374 
vt 0.1299106478691101 0.4884044826030731 
vt 0.11895964294672012 0.47943082451820374 
vt 0.11895964294672012 0.4884044826030731 
vt 0.10812270641326904 0.47943082451820374 
vt 0.10812270641326904 0.4884044826030731 
vt 0.09717170149087906 0.47943082451820374 
vt 0.09717170149087906 0.4884044826030731 
vt 0.08633476495742798 0.47943082451820374 
vt 0.08633476495742798 0.4884044826030731 
vt 0.0754978284239769 0.47943082451820374 
vt 0.0754978284239769 0.4884044826030731 
vt 0.06454682350158691 0.47943082451820374 
vt 0.06454682350158691 0.4884044826030731 
vt 0.053709886968135834 0.47943082451820374 
vt 0.053709886968135834 0.4884044826030731 
vt 0.04275887832045555 0.47943082451820374 
vt 0.04275887832045555 0.4884044826030731 
vt 0.03192194178700447 0.47943082451820374 
vt 0.03192194178700447 0.4884044826030731 
vt 0.020970935001969337 0.47943082451820374 
vt 0.020970935001969337 0.4884044826030731 
vt 0.010134000331163406 0.47943082451820374 
vt 0.010134000331163406 0.4884044826030731 
vt 0.23873628675937653 0.4933100938796997 
vt 0.23873628675937653 0.4909171164035797 
vt 0.2495732307434082 0.4933100938796997 
vt 0.2495732307434082 0.4909171164035797 
vt 0.2605242431163788 0.4933100938796997 
vt 0.2605242431163788 0.4909171164035797 
vt 0.27136117219924927 0.4933100938796997 
vt 0.27136117219924927 0.4909171164035797 
vt 0.28219810128211975 0.4933100938796997 
vt 0.28219810128211975 0.4909171164035797 
vt 0.29314911365509033 0.4933100938796997 
vt 0.29314911365509033 0.4909171164035797 
vt 0.3039860427379608 0.4933100938796997 
vt 0.3039860427379608 0.4909171164035797 
vt 0.3149370551109314 0.4933100938796997 
vt 0.3149370551109314 0.4909171164035797 
vt 0.3257739841938019 0.4933100938796997 
vt 0.3257739841938019 0.4909171164035797 
vt 0.33672499656677246 0.4933100938796997 
vt 0.33672499656677246 0.4909171164035797 
vt 0.34756192564964294 0.4933100938796997 
vt 0.34756192564964294 0.4909171164035797 
vt 0.3583988547325134 0.4933100938796997 
vt 0.3583988547325134 0.4909171164035797 
vt 0.369349867105484 0.4933100938796997 
vt 0.369349867105484 0.4909171164035797 
vt 0.3801868259906769 0.4933100938796997 
vt 0.3801868259906769 0.4909171164035797 
vt 0.3911378085613251 0.4933100938796997 
vt 0.3911378085613251 0.4909171164035797 
vt 0.40197476744651794 0.4933100938796997 
vt 0.40197476744651794 0.4909171164035797 
vt 0.4128116965293884 0.4933100938796997 
vt 0.4128116965293884 0.4909171164035797 
vt 0.423762708902359 0.4933100938796997 
vt 0.423762708902359 0.4909171164035797 
vt 0.4345996379852295 0.4933100938796997 
vt 0.4345996379852295 0.4909171164035797 
vt 0.4455506503582001 0.4933100938796997 
vt 0.4455506503582001 0.4909171164035797 
vt 0.45638757944107056 0.4933100938796997 
vt 0.45638757944107056 0.4909171164035797 
vt 0.46722450852394104 0.4933100938796997 
vt 0.46722450852394104 0.4909171164035797 
vt 0.4781755208969116 0.4933100938796997 
vt 0.4781755208969116 0.4909171164035797 
vt 0.4890124499797821 0.4933100938796997 
vt 0.4890124499797821 0.4909171164035797 
vt 0.4999634623527527 0.4933100938796997 
vt 0.4999634623527527 0.4909171164035797 
vt 0.5108004212379456 0.4933100938796997 
vt 0.5108004212379456 0.4909171164035797 
vt 0.5217514038085938 0.4933100938796997 
vt 0.5217514038085938 0.4909171164035797 
vt 0.5325883626937866 0.4933100938796997 
vt 0.5325883626937866 0.4909171164035797 
vt 0.5434252619743347 0.4933100938796997 
vt 0.5434252619743347 0.4909171164035797 
vt 0.5543763041496277 0.4933100938796997 
vt 0.5543763041496277 0.4909171164035797 
vt 0.5652132034301758 0.4933100938796997 
vt 0.5652132034301758 0.4909171164035797 
vt 0.5761642456054688 0.4933100938796997 
vt 0.5761642456054688 0.4909171164035797 
vt 0.5870011448860168 0.4933100938796997 
vt 0.5870011448860168 0.4909171164035797 
vt 0.5979521870613098 0.4933100938796997 
vt 0.5979521870613098 0.4909171164035797 
vt 0.6087890863418579 0.4933100938796997 
vt 0.6087890863418579 0.4909171164035797 
vt 0.6196260452270508 0.4933100938796997 
vt 0.6196260452270508 0.4909171164035797 
vt 0.630577027797699 0.4933100938796997 
vt 0.630577027797699 0.4909171164035797 
vt 0.6414139866828918 0.4933100938796997 
vt 0.6414139866828918 0.4909171164035797 
vt 0.65236496925354 0.4933100938796997 
vt 0.65236496925354 0.4909171164035797 
vt 0.6632019281387329 0.4933100938796997 
vt 0.6632019281387329 0.4909171164035797 
vt 0.65236496925354 0.4884044826030731 
vt 0.6632019281387329 0.4884044826030731 
vt 0.6414139866828918 0.4884044826030731 
vt 0.630577027797699 0.4884044826030731 
vt 0.6196260452270508 0.4884044826030731 
vt 0.6087890863418579 0.4884044826030731 
vt 0.5979521870613098 0.4884044826030731 
vt 0.5870011448860168 0.4884044826030731 
vt 0.5761642456054688 0.4884044826030731 
vt 0.5652132034301758 0.4884044826030731 
vt 0.5543763041496277 0.4884044826030731 
vt 0.5434252619743347 0.4884044826030731 
vt 0.5325883626937866 0.4884044826030731 
vt 0.5217514038085938 0.4884044826030731 
vt 0.5108004212379456 0.4884044826030731 
vt 0.4999634623527527 0.4884044826030731 
vt 0.4890124499797821 0.4884044826030731 
vt 0.4781755208969116 0.4884044826030731 
vt 0.46722450852394104 0.4884044826030731 
vt 0.45638757944107056 0.4884044826030731 
vt 0.4455506503582001 0.4884044826030731 
vt 0.4345996379852295 0.4884044826030731 
vt 0.423762708902359 0.4884044826030731 
vt 0.4128116965293884 0.4884044826030731 
vt 0.40197476744651794 0.4884044826030731 
vt 0.3911378085613251 0.4884044826030731 
vt 0.3801868259906769 0.4884044826030731 
vt 0.369349867105484 0.4884044826030731 
vt 0.3583988547325134 0.4884044826030731 
vt 0.34756192564964294 0.4884044826030731 
vt 0.33672499656677246 0.4884044826030731 
vt 0.3257739841938019 0.4884044826030731 
vt 0.3149370551109314 0.4884044826030731 
vt 0.3039860427379608 0.4884044826030731 
vt 0.29314911365509033 0.4884044826030731 
vt 0.28219810128211975 0.4884044826030731 
vt 0.27136117219924927 0.4884044826030731 
vt 0.2605242431163788 0.4884044826030731 
vt 0.2495732307434082 0.4884044826030731 
vt 0.23873628675937653 0.4884044826030731 
vt 0.22778528928756714 0.4884044826030731 
vt 0.22778528928756714 0.4909171164035797 
vt 0.21694834530353546 0.4884044826030731 
vt 0.21694834530353546 0.4909171164035797 
vt 0.20611141622066498 0.4884044826030731 
vt 0.20611141622066498 0.4909171164035797 
vt 0.1951604038476944 0.4884044826030731 
vt 0.1951604038476944 0.4909171164035797 
vt 0.1843234747648239 0.4884044826030731 
vt 0.1843234747648239 0.4909171164035797 
vt 0.17337246239185333 0.4884044826030731 
vt 0.17337246239185333 0.4909171164035797 
vt 0.16253553330898285 0.4884044826030731 
vt 0.16253553330898285 0.4909171164035797 
vt 0.15158452093601227 0.4884044826030731 
vt 0.15158452093601227 0.4909171164035797 
vt 0.14074759185314178 0.4884044826030731 
vt 0.14074759185314178 0.4909171164035797 
vt 0.1299106478691101 0.4884044826030731 
vt 0.1299106478691101 0.4909171164035797 
vt 0.11895964294672012 0.4884044826030731 
vt 0.11895964294672012 0.4909171164035797 
vt 0.10812270641326904 0.4884044826030731 
vt 0.10812270641326904 0.4909171164035797 
vt 0.09717170149087906 0.4884044826030731 
vt 0.09717170149087906 0.4909171164035797 
vt 0.08633476495742798 0.4884044826030731 
vt 0.08633476495742798 0.4909171164035797 
vt 0.0754978284239769 0.4884044826030731 
vt 0.0754978284239769 0.4909171164035797 
vt 0.06454682350158691 0.4884044826030731 
vt 0.06454682350158691 0.4909171164035797 
vt 0.053709886968135834 0.4884044826030731 
vt 0.053709886968135834 0.4909171164035797 
vt 0.04275887832045555 0.4884044826030731 
vt 0.04275887832045555 0.4909171164035797 
vt 0.03192194178700447 0.4884044826030731 
vt 0.03192194178700447 0.4909171164035797 
vt 0.020970935001969337 0.4884044826030731 
vt 0.020970935001969337 0.4909171164035797 
vt 0.010134000331163406 0.4884044826030731 
vt 0.010134000331163406 0.4909171164035797 
vt 0.020970935001969337 0.4933100938796997 
vt 0.010134000331163406 0.4933100938796997 
vt 0.22778528928756714 0.4933100938796997 
vt 0.03192194178700447 0.4933100938796997 
vt 0.04275887832045555 0.4933100938796997 
vt 0.053709886968135834 0.4933100938796997 
vt 0.06454682350158691 0.4933100938796997 
vt 0.0754978284239769 0.4933100938796997 
vt 0.08633476495742798 0.4933100938796997 
vt 0.09717170149087906 0.4933100938796997 
vt 0.10812270641326904 0.4933100938796997 
vt 0.11895964294672012 0.4933100938796997 
vt 0.1299106478691101 0.4933100938796997 
vt 0.14074759185314178 0.4933100938796997 
vt 0.15158452093601227 0.4933100938796997 
vt 0.16253553330898285 0.4933100938796997 
vt 0.17337246239185333 0.4933100938796997 
vt 0.1843234747648239 0.4933100938796997 
vt 0.1951604038476944 0.4933100938796997 
vt 0.20611141622066498 0.4933100938796997 
vt 0.21694834530353546 0.4933100938796997 
vt 0.16253553330898285 0.47943082451820374 
vt 0.17337246239185333 0.4884044826030731 
vt 0.17337246239185333 0.47943082451820374 
vt 0.1843234747648239 0.4884044826030731 
vt 0.1843234747648239 0.47943082451820374 
vt 0.1951604038476944 0.4884044826030731 
vt 0.1951604038476944 0.47943082451820374 
vt 0.20611141622066498 0.4884044826030731 
vt 0.20611141622066498 0.47943082451820374 
vt 0.21694834530353546 0.4884044826030731 
vt 0.21694834530353546 0.47943082451820374 
vt 0.22778528928756714 0.4884044826030731 
vt 0.22778528928756714 0.47943082451820374 
vt 0.23873628675937653 0.4884044826030731 
vt 0.23873628675937653 0.47943082451820374 
vt 0.2495732307434082 0.4884044826030731 
vt 0.2495732307434082 0.47943082451820374 
vt 0.2605242431163788 0.4884044826030731 
vt 0.2605242431163788 0.47943082451820374 
vt 0.27136117219924927 0.4884044826030731 
vt 0.27136117219924927 0.47943082451820374 
vt 0.28219810128211975 0.4884044826030731 
vt 0.28219810128211975 0.47943082451820374 
vt 0.29314911365509033 0.4884044826030731 
vt 0.29314911365509033 0.47943082451820374 
vt 0.3039860427379608 0.4884044826030731 
vt 0.3039860427379608 0.47943082451820374 
vt 0.3149370551109314 0.4884044826030731 
vt 0.3149370551109314 0.47943082451820374 
vt 0.3257739841938019 0.4884044826030731 
vt 0.3257739841938019 0.47943082451820374 
vt 0.33672499656677246 0.4884044826030731 
vt 0.33672499656677246 0.47943082451820374 
vt 0.34756192564964294 0.4884044826030731 
vt 0.34756192564964294 0.47943082451820374 
vt 0.3583988547325134 0.4884044826030731 
vt 0.3583988547325134 0.47943082451820374 
vt 0.369349867105484 0.4884044826030731 
vt 0.369349867105484 0.47943082451820374 
vt 0.3801868259906769 0.4884044826030731 
vt 0.3801868259906769 0.47943082451820374 
vt 0.3911378085613251 0.4884044826030731 
vt 0.3911378085613251 0.47943082451820374 
vt 0.40197476744651794 0.4884044826030731 
vt 0.40197476744651794 0.47943082451820374 
vt 0.4128116965293884 0.4884044826030731 
vt 0.4128116965293884 0.47943082451820374 
vt 0.423762708902359 0.4884044826030731 
vt 0.423762708902359 0.47943082451820374 
vt 0.4345996379852295 0.4884044826030731 
vt 0.4345996379852295 0.47943082451820374 
vt 0.4455506503582001 0.4884044826030731 
vt 0.4455506503582001 0.47943082451820374 
vt 0.45638757944107056 0.4884044826030731 
vt 0.45638757944107056 0.47943082451820374 
vt 0.46722450852394104 0.4884044826030731 
vt 0.46722450852394104 0.47943082451820374 
vt 0.4781755208969116 0.4884044826030731 
vt 0.4781755208969116 0.47943082451820374 
vt 0.4890124499797821 0.4884044826030731 
vt 0.4890124499797821 0.47943082451820374 
vt 0.4999634623527527 0.4884044826030731 
vt 0.4999634623527527 0.47943082451820374 
vt 0.5108004212379456 0.4884044826030731 
vt 0.5108004212379456 0.47943082451820374 
vt 0.5217514038085938 0.4884044826030731 
vt 0.5217514038085938 0.47943082451820374 
vt 0.5325883626937866 0.4884044826030731 
vt 0.5325883626937866 0.47943082451820374 
vt 0.5434252619743347 0.4884044826030731 
vt 0.5434252619743347 0.47943082451820374 
vt 0.5543763041496277 0.4884044826030731 
vt 0.5543763041496277 0.47943082451820374 
vt 0.5652132034301758 0.4884044826030731 
vt 0.5652132034301758 0.47943082451820374 
vt 0.5761642456054688 0.4884044826030731 
vt 0.5761642456054688 0.47943082451820374 
vt 0.5870011448860168 0.4884044826030731 
vt 0.5870011448860168 0.47943082451820374 
vt 0.5979521870613098 0.4884044826030731 
vt 0.5979521870613098 0.47943082451820374 
vt 0.6087890863418579 0.4884044826030731 
vt 0.6087890863418579 0.47943082451820374 
vt 0.6196260452270508 0.4884044826030731 
vt 0.6196260452270508 0.47943082451820374 
vt 0.630577027797699 0.4884044826030731 
vt 0.630577027797699 0.47943082451820374 
vt 0.6414139866828918 0.4884044826030731 
vt 0.6414139866828918 0.47943082451820374 
vt 0.65236496925354 0.4884044826030731 
vt 0.65236496925354 0.47943082451820374 
vt 0.6632019281387329 0.4884044826030731 
vt 0.6632019281387329 0.47943082451820374 
vt 0.010134000331163406 0.9825548529624939 
vt 0.010134000331163406 0.9702309966087341 
vt 0.020970935001969337 0.9825548529624939 
vt 0.020970935001969337 0.9702309966087341 
vt 0.03192194178700447 0.9825548529624939 
vt 0.020970935001969337 0.9886569380760193 
vt 0.03192194178700447 0.9886569380760193 
vt 0.010134000331163406 0.9570696353912354 
vt 0.020970935001969337 0.9570696353912354 
vt 0.03192194178700447 0.9702309966087341 
vt 0.04275887832045555 0.9825548529624939 
vt 0.04275887832045555 0.9886569380760193 
vt 0.053709886968135834 0.9825548529624939 
vt 0.053709886968135834 0.9886569380760193 
vt 0.010134000331163406 0.9443868398666382 
vt 0.010134000331163406 0.9886569380760193 
vt 0.04275887832045555 0.9702309966087341 
vt 0.03192194178700447 0.9570696353912354 
vt 0.020970935001969337 0.9443868398666382 
vt 0.010134000331163406 0.9172264933586121 
vt 0.020970935001969337 0.9172264933586121 
vt 0.010134000331163406 0.8743921518325806 
vt 0.03192194178700447 0.9443868398666382 
vt 0.04275887832045555 0.9570696353912354 
vt 0.053709886968135834 0.9702309966087341 
vt 0.06454682350158691 0.9825548529624939 
vt 0.06454682350158691 0.9886569380760193 
vt 0.0754978284239769 0.9825548529624939 
vt 0.0754978284239769 0.9886569380760193 
vt 0.06454682350158691 0.9702309966087341 
vt 0.053709886968135834 0.9570696353912354 
vt 0.04275887832045555 0.9443868398666382 
vt 0.03192194178700447 0.9172264933586121 
vt 0.020970935001969337 0.8743921518325806 
vt 0.2495732307434082 0.22182652354240417 
vt 0.2495732307434082 0.2546103298664093 
vt 0.23873628675937653 0.2546103298664093 
vt 0.2495732307434082 0.26944682002067566 
vt 0.2605242431163788 0.26944682002067566 
vt 0.2605242431163788 0.2546103298664093 
vt 0.27136117219924927 0.26944682002067566 
vt 0.27136117219924927 0.2546103298664093 
vt 0.27136117219924927 0.22182652354240417 
vt 0.28219810128211975 0.22182652354240417 
vt 0.28219810128211975 0.2546103298664093 
vt 0.29314911365509033 0.22182652354240417 
vt 0.2605242431163788 0.22182652354240417 
vt 0.23873628675937653 0.22182652354240417 
vt 0.28219810128211975 0.26944682002067566 
vt 0.29314911365509033 0.2546103298664093 
vt 0.29314911365509033 0.26944682002067566 
vt 0.3039860427379608 0.22182652354240417 
vt 0.3039860427379608 0.2546103298664093 
vt 0.3149370551109314 0.22182652354240417 
vt 0.3149370551109314 0.2546103298664093 
vt 0.3257739841938019 0.22182652354240417 
vt 0.3257739841938019 0.2546103298664093 
vt 0.33672499656677246 0.22182652354240417 
vt 0.3039860427379608 0.26944682002067566 
vt 0.3149370551109314 0.26944682002067566 
vt 0.3257739841938019 0.26944682002067566 
vt 0.33672499656677246 0.26944682002067566 
vt 0.33672499656677246 0.2546103298664093 
vt 0.34756192564964294 0.26944682002067566 
vt 0.34756192564964294 0.2546103298664093 
vt 0.3583988547325134 0.26944682002067566 
vt 0.3583988547325134 0.2546103298664093 
vt 0.3583988547325134 0.22182652354240417 
vt 0.369349867105484 0.22182652354240417 
vt 0.369349867105484 0.2546103298664093 
vt 0.3801868259906769 0.22182652354240417 
vt 0.34756192564964294 0.22182652354240417 
vt 0.369349867105484 0.26944682002067566 
vt 0.3801868259906769 0.2546103298664093 
vt 0.3801868259906769 0.26944682002067566 
vt 0.3911378085613251 0.22182652354240417 
vt 0.3911378085613251 0.2546103298664093 
vt 0.40197476744651794 0.22182652354240417 
vt 0.40197476744651794 0.2546103298664093 
vt 0.4128116965293884 0.22182652354240417 
vt 0.4128116965293884 0.2546103298664093 
vt 0.423762708902359 0.22182652354240417 
vt 0.3911378085613251 0.26944682002067566 
vt 0.40197476744651794 0.26944682002067566 
vt 0.4128116965293884 0.26944682002067566 
vt 0.423762708902359 0.26944682002067566 
vt 0.423762708902359 0.2546103298664093 
vt 0.4345996379852295 0.26944682002067566 
vt 0.4345996379852295 0.2546103298664093 
vt 0.4455506503582001 0.26944682002067566 
vt 0.4455506503582001 0.2546103298664093 
vt 0.4455506503582001 0.22182652354240417 
vt 0.45638757944107056 0.22182652354240417 
vt 0.45638757944107056 0.2546103298664093 
vt 0.46722450852394104 0.22182652354240417 
vt 0.4345996379852295 0.22182652354240417 
vt 0.45638757944107056 0.26944682002067566 
vt 0.45638757944107056 0.2998376786708832 
vt 0.4455506503582001 0.2998376786708832 
vt 0.4345996379852295 0.2998376786708832 
vt 0.423762708902359 0.2998376786708832 
vt 0.4128116965293884 0.2998376786708832 
vt 0.40197476744651794 0.2998376786708832 
vt 0.3911378085613251 0.2998376786708832 
vt 0.3801868259906769 0.2998376786708832 
vt 0.369349867105484 0.2998376786708832 
vt 0.3583988547325134 0.2998376786708832 
vt 0.34756192564964294 0.2998376786708832 
vt 0.33672499656677246 0.2998376786708832 
vt 0.3257739841938019 0.2998376786708832 
vt 0.3149370551109314 0.2998376786708832 
vt 0.3039860427379608 0.2998376786708832 
vt 0.29314911365509033 0.2998376786708832 
vt 0.28219810128211975 0.2998376786708832 
vt 0.27136117219924927 0.2998376786708832 
vt 0.2605242431163788 0.2998376786708832 
vt 0.2495732307434082 0.2998376786708832 
vt 0.23873628675937653 0.26944682002067566 
vt 0.22778528928756714 0.2546103298664093 
vt 0.22778528928756714 0.22182652354240417 
vt 0.21694834530353546 0.2546103298664093 
vt 0.21694834530353546 0.22182652354240417 
vt 0.22778528928756714 0.26944682002067566 
vt 0.23873628675937653 0.2998376786708832 
vt 0.23873628675937653 0.35738882422447205 
vt 0.2495732307434082 0.35738882422447205 
vt 0.2605242431163788 0.35738882422447205 
vt 0.27136117219924927 0.35738882422447205 
vt 0.28219810128211975 0.35738882422447205 
vt 0.29314911365509033 0.35738882422447205 
vt 0.3039860427379608 0.35738882422447205 
vt 0.3149370551109314 0.35738882422447205 
vt 0.3257739841938019 0.35738882422447205 
vt 0.33672499656677246 0.35738882422447205 
vt 0.34756192564964294 0.35738882422447205 
vt 0.3583988547325134 0.35738882422447205 
vt 0.369349867105484 0.35738882422447205 
vt 0.3801868259906769 0.35738882422447205 
vt 0.3911378085613251 0.35738882422447205 
vt 0.40197476744651794 0.35738882422447205 
vt 0.4128116965293884 0.35738882422447205 
vt 0.423762708902359 0.35738882422447205 
vt 0.4345996379852295 0.35738882422447205 
vt 0.4455506503582001 0.35738882422447205 
vt 0.45638757944107056 0.35738882422447205 
vt 0.46722450852394104 0.2998376786708832 
vt 0.46722450852394104 0.26944682002067566 
vt 0.46722450852394104 0.2546103298664093 
vt 0.4781755208969116 0.22182652354240417 
vt 0.4781755208969116 0.2546103298664093 
vt 0.4890124499797821 0.22182652354240417 
vt 0.4781755208969116 0.26944682002067566 
vt 0.4781755208969116 0.2998376786708832 
vt 0.46722450852394104 0.35738882422447205 
vt 0.46722450852394104 0.38682249188423157 
vt 0.45638757944107056 0.38682249188423157 
vt 0.4455506503582001 0.38682249188423157 
vt 0.4345996379852295 0.38682249188423157 
vt 0.423762708902359 0.38682249188423157 
vt 0.4128116965293884 0.38682249188423157 
vt 0.40197476744651794 0.38682249188423157 
vt 0.3911378085613251 0.38682249188423157 
vt 0.3801868259906769 0.38682249188423157 
vt 0.369349867105484 0.38682249188423157 
vt 0.3583988547325134 0.38682249188423157 
vt 0.34756192564964294 0.38682249188423157 
vt 0.33672499656677246 0.38682249188423157 
vt 0.3257739841938019 0.38682249188423157 
vt 0.3149370551109314 0.38682249188423157 
vt 0.3039860427379608 0.38682249188423157 
vt 0.29314911365509033 0.38682249188423157 
vt 0.28219810128211975 0.38682249188423157 
vt 0.27136117219924927 0.38682249188423157 
vt 0.2605242431163788 0.38682249188423157 
vt 0.2495732307434082 0.38682249188423157 
vt 0.23873628675937653 0.38682249188423157 
vt 0.22778528928756714 0.35738882422447205 
vt 0.22778528928756714 0.2998376786708832 
vt 0.21694834530353546 0.26944682002067566 
vt 0.20611141622066498 0.2546103298664093 
vt 0.20611141622066498 0.22182652354240417 
vt 0.1951604038476944 0.2546103298664093 
vt 0.1951604038476944 0.22182652354240417 
vt 0.20611141622066498 0.26944682002067566 
vt 0.21694834530353546 0.2998376786708832 
vt 0.21694834530353546 0.35738882422447205 
vt 0.22778528928756714 0.38682249188423157 
vt 0.23873628675937653 0.4236743748188019 
vt 0.2495732307434082 0.4236743748188019 
vt 0.2605242431163788 0.4236743748188019 
vt 0.27136117219924927 0.4236743748188019 
vt 0.28219810128211975 0.4236743748188019 
vt 0.29314911365509033 0.4236743748188019 
vt 0.3039860427379608 0.4236743748188019 
vt 0.3149370551109314 0.4236743748188019 
vt 0.3257739841938019 0.4236743748188019 
vt 0.33672499656677246 0.4236743748188019 
vt 0.34756192564964294 0.4236743748188019 
vt 0.3583988547325134 0.4236743748188019 
vt 0.369349867105484 0.4236743748188019 
vt 0.3801868259906769 0.4236743748188019 
vt 0.3911378085613251 0.4236743748188019 
vt 0.40197476744651794 0.4236743748188019 
vt 0.4128116965293884 0.4236743748188019 
vt 0.423762708902359 0.4236743748188019 
vt 0.4345996379852295 0.4236743748188019 
vt 0.4455506503582001 0.4236743748188019 
vt 0.45638757944107056 0.4236743748188019 
vt 0.46722450852394104 0.4236743748188019 
vt 0.4781755208969116 0.4236743748188019 
vt 0.4781755208969116 0.38682249188423157 
vt 0.4890124499797821 0.4236743748188019 
vt 0.4781755208969116 0.35738882422447205 
vt 0.4890124499797821 0.2998376786708832 
vt 0.4890124499797821 0.26944682002067566 
vt 0.4890124499797821 0.2546103298664093 
vt 0.4999634623527527 0.22182652354240417 
vt 0.4999634623527527 0.2546103298664093 
vt 0.5108004212379456 0.22182652354240417 
vt 0.4999634623527527 0.26944682002067566 
vt 0.4999634623527527 0.2998376786708832 
vt 0.4890124499797821 0.35738882422447205 
vt 0.4890124499797821 0.38682249188423157 
vt 0.4999634623527527 0.4236743748188019 
vt 0.4999634623527527 0.38682249188423157 
vt 0.5108004212379456 0.4236743748188019 
vt 0.4999634623527527 0.35738882422447205 
vt 0.5108004212379456 0.2998376786708832 
vt 0.5108004212379456 0.26944682002067566 
vt 0.5108004212379456 0.2546103298664093 
vt 0.5217514038085938 0.22182652354240417 
vt 0.5217514038085938 0.2546103298664093 
vt 0.5325883626937866 0.22182652354240417 
vt 0.5217514038085938 0.26944682002067566 
vt 0.5217514038085938 0.2998376786708832 
vt 0.5108004212379456 0.35738882422447205 
vt 0.5108004212379456 0.38682249188423157 
vt 0.5217514038085938 0.4236743748188019 
vt 0.5217514038085938 0.38682249188423157 
vt 0.5325883626937866 0.4236743748188019 
vt 0.5217514038085938 0.35738882422447205 
vt 0.5325883626937866 0.2998376786708832 
vt 0.5325883626937866 0.26944682002067566 
vt 0.5325883626937866 0.2546103298664093 
vt 0.5434252619743347 0.22182652354240417 
vt 0.5434252619743347 0.2546103298664093 
vt 0.5543763041496277 0.22182652354240417 
vt 0.5434252619743347 0.26944682002067566 
vt 0.5434252619743347 0.2998376786708832 
vt 0.5325883626937866 0.35738882422447205 
vt 0.5325883626937866 0.38682249188423157 
vt 0.5434252619743347 0.4236743748188019 
vt 0.5434252619743347 0.38682249188423157 
vt 0.5543763041496277 0.4236743748188019 
vt 0.5434252619743347 0.35738882422447205 
vt 0.5543763041496277 0.2998376786708832 
vt 0.5543763041496277 0.26944682002067566 
vt 0.5543763041496277 0.2546103298664093 
vt 0.5652132034301758 0.22182652354240417 
vt 0.5652132034301758 0.2546103298664093 
vt 0.5761642456054688 0.22182652354240417 
vt 0.5652132034301758 0.26944682002067566 
vt 0.5652132034301758 0.2998376786708832 
vt 0.5543763041496277 0.35738882422447205 
vt 0.5543763041496277 0.38682249188423157 
vt 0.5652132034301758 0.4236743748188019 
vt 0.5652132034301758 0.38682249188423157 
vt 0.5761642456054688 0.4236743748188019 
vt 0.5652132034301758 0.35738882422447205 
vt 0.5761642456054688 0.2998376786708832 
vt 0.5761642456054688 0.26944682002067566 
vt 0.5761642456054688 0.2546103298664093 
vt 0.5870011448860168 0.22182652354240417 
vt 0.5870011448860168 0.2546103298664093 
vt 0.5979521870613098 0.22182652354240417 
vt 0.5870011448860168 0.26944682002067566 
vt 0.5870011448860168 0.2998376786708832 
vt 0.5761642456054688 0.35738882422447205 
vt 0.5761642456054688 0.38682249188423157 
vt 0.5870011448860168 0.4236743748188019 
vt 0.5870011448860168 0.38682249188423157 
vt 0.5979521870613098 0.4236743748188019 
vt 0.5870011448860168 0.35738882422447205 
vt 0.5979521870613098 0.2998376786708832 
vt 0.5979521870613098 0.26944682002067566 
vt 0.5979521870613098 0.2546103298664093 
vt 0.6087890863418579 0.22182652354240417 
vt 0.6087890863418579 0.2546103298664093 
vt 0.6196260452270508 0.22182652354240417 
vt 0.6087890863418579 0.26944682002067566 
vt 0.6087890863418579 0.2998376786708832 
vt 0.5979521870613098 0.35738882422447205 
vt 0.5979521870613098 0.38682249188423157 
vt 0.6087890863418579 0.4236743748188019 
vt 0.6087890863418579 0.38682249188423157 
vt 0.6196260452270508 0.4236743748188019 
vt 0.6087890863418579 0.35738882422447205 
vt 0.6196260452270508 0.2998376786708832 
vt 0.6196260452270508 0.26944682002067566 
vt 0.6196260452270508 0.2546103298664093 
vt 0.630577027797699 0.22182652354240417 
vt 0.630577027797699 0.2546103298664093 
vt 0.6414139866828918 0.22182652354240417 
vt 0.630577027797699 0.26944682002067566 
vt 0.630577027797699 0.2998376786708832 
vt 0.6196260452270508 0.35738882422447205 
vt 0.6196260452270508 0.38682249188423157 
vt 0.630577027797699 0.4236743748188019 
vt 0.630577027797699 0.38682249188423157 
vt 0.6414139866828918 0.4236743748188019 
vt 0.630577027797699 0.35738882422447205 
vt 0.6414139866828918 0.2998376786708832 
vt 0.6414139866828918 0.26944682002067566 
vt 0.6414139866828918 0.2546103298664093 
vt 0.65236496925354 0.22182652354240417 
vt 0.65236496925354 0.2546103298664093 
vt 0.6632019281387329 0.22182652354240417 
vt 0.6632019281387329 0.2546103298664093 
vt 0.6632019281387329 0.26944682002067566 
vt 0.65236496925354 0.26944682002067566 
vt 0.6632019281387329 0.2998376786708832 
vt 0.65236496925354 0.2998376786708832 
vt 0.65236496925354 0.35738882422447205 
vt 0.6632019281387329 0.35738882422447205 
vt 0.6632019281387329 0.38682249188423157 
vt 0.65236496925354 0.38682249188423157 
vt 0.6632019281387329 0.4236743748188019 
vt 0.65236496925354 0.4236743748188019 
vt 0.6414139866828918 0.38682249188423157 
vt 0.6414139866828918 0.35738882422447205 
vt 0.2605242431163788 0.2164423167705536 
vt 0.2495732307434082 0.2164423167705536 
vt 0.2495732307434082 0.18341918289661407 
vt 0.23873628675937653 0.18341918289661407 
vt 0.2605242431163788 0.18341918289661407 
vt 0.27136117219924927 0.2164423167705536 
vt 0.27136117219924927 0.18341918289661407 
vt 0.28219810128211975 0.2164423167705536 
vt 0.28219810128211975 0.18341918289661407 
vt 0.29314911365509033 0.2164423167705536 
vt 0.29314911365509033 0.18341918289661407 
vt 0.3039860427379608 0.2164423167705536 
vt 0.3039860427379608 0.18341918289661407 
vt 0.3149370551109314 0.2164423167705536 
vt 0.3149370551109314 0.18341918289661407 
vt 0.3257739841938019 0.2164423167705536 
vt 0.3257739841938019 0.18341918289661407 
vt 0.33672499656677246 0.2164423167705536 
vt 0.33672499656677246 0.18341918289661407 
vt 0.34756192564964294 0.2164423167705536 
vt 0.34756192564964294 0.18341918289661407 
vt 0.3583988547325134 0.2164423167705536 
vt 0.3583988547325134 0.18341918289661407 
vt 0.369349867105484 0.2164423167705536 
vt 0.369349867105484 0.18341918289661407 
vt 0.3801868259906769 0.2164423167705536 
vt 0.3801868259906769 0.18341918289661407 
vt 0.3911378085613251 0.2164423167705536 
vt 0.3911378085613251 0.18341918289661407 
vt 0.40197476744651794 0.2164423167705536 
vt 0.40197476744651794 0.18341918289661407 
vt 0.4128116965293884 0.2164423167705536 
vt 0.4128116965293884 0.18341918289661407 
vt 0.423762708902359 0.2164423167705536 
vt 0.423762708902359 0.18341918289661407 
vt 0.4345996379852295 0.2164423167705536 
vt 0.4345996379852295 0.18341918289661407 
vt 0.4455506503582001 0.2164423167705536 
vt 0.4455506503582001 0.18341918289661407 
vt 0.45638757944107056 0.2164423167705536 
vt 0.45638757944107056 0.18341918289661407 
vt 0.46722450852394104 0.2164423167705536 
vt 0.46722450852394104 0.18341918289661407 
vt 0.4781755208969116 0.2164423167705536 
vt 0.4781755208969116 0.18341918289661407 
vt 0.4890124499797821 0.2164423167705536 
vt 0.4890124499797821 0.18341918289661407 
vt 0.4999634623527527 0.2164423167705536 
vt 0.4999634623527527 0.18341918289661407 
vt 0.5108004212379456 0.2164423167705536 
vt 0.5108004212379456 0.18341918289661407 
vt 0.5217514038085938 0.2164423167705536 
vt 0.5217514038085938 0.18341918289661407 
vt 0.5325883626937866 0.2164423167705536 
vt 0.5325883626937866 0.18341918289661407 
vt 0.5434252619743347 0.2164423167705536 
vt 0.5434252619743347 0.18341918289661407 
vt 0.5543763041496277 0.2164423167705536 
vt 0.5543763041496277 0.18341918289661407 
vt 0.5652132034301758 0.2164423167705536 
vt 0.5652132034301758 0.18341918289661407 
vt 0.5761642456054688 0.2164423167705536 
vt 0.5761642456054688 0.18341918289661407 
vt 0.5870011448860168 0.2164423167705536 
vt 0.5870011448860168 0.18341918289661407 
vt 0.5979521870613098 0.2164423167705536 
vt 0.5979521870613098 0.18341918289661407 
vt 0.6087890863418579 0.2164423167705536 
vt 0.6087890863418579 0.18341918289661407 
vt 0.6196260452270508 0.2164423167705536 
vt 0.6196260452270508 0.18341918289661407 
vt 0.630577027797699 0.2164423167705536 
vt 0.630577027797699 0.18341918289661407 
vt 0.6414139866828918 0.2164423167705536 
vt 0.6414139866828918 0.18341918289661407 
vt 0.65236496925354 0.2164423167705536 
vt 0.65236496925354 0.18341918289661407 
vt 0.6632019281387329 0.2164423167705536 
vt 0.6632019281387329 0.18341918289661407 
vt 0.6632019281387329 0.22182652354240417 
vt 0.65236496925354 0.22182652354240417 
vt 0.6414139866828918 0.22182652354240417 
vt 0.630577027797699 0.22182652354240417 
vt 0.6196260452270508 0.22182652354240417 
vt 0.6087890863418579 0.22182652354240417 
vt 0.5979521870613098 0.22182652354240417 
vt 0.5870011448860168 0.22182652354240417 
vt 0.5761642456054688 0.22182652354240417 
vt 0.5652132034301758 0.22182652354240417 
vt 0.5543763041496277 0.22182652354240417 
vt 0.5434252619743347 0.22182652354240417 
vt 0.5325883626937866 0.22182652354240417 
vt 0.5217514038085938 0.22182652354240417 
vt 0.5108004212379456 0.22182652354240417 
vt 0.4999634623527527 0.22182652354240417 
vt 0.4890124499797821 0.22182652354240417 
vt 0.4781755208969116 0.22182652354240417 
vt 0.46722450852394104 0.22182652354240417 
vt 0.45638757944107056 0.22182652354240417 
vt 0.4455506503582001 0.22182652354240417 
vt 0.4345996379852295 0.22182652354240417 
vt 0.423762708902359 0.22182652354240417 
vt 0.4128116965293884 0.22182652354240417 
vt 0.40197476744651794 0.22182652354240417 
vt 0.3911378085613251 0.22182652354240417 
vt 0.3801868259906769 0.22182652354240417 
vt 0.369349867105484 0.22182652354240417 
vt 0.3583988547325134 0.22182652354240417 
vt 0.34756192564964294 0.22182652354240417 
vt 0.33672499656677246 0.22182652354240417 
vt 0.3257739841938019 0.22182652354240417 
vt 0.3149370551109314 0.22182652354240417 
vt 0.3039860427379608 0.22182652354240417 
vt 0.29314911365509033 0.22182652354240417 
vt 0.28219810128211975 0.22182652354240417 
vt 0.27136117219924927 0.22182652354240417 
vt 0.2605242431163788 0.22182652354240417 
vt 0.2495732307434082 0.22182652354240417 
vt 0.23873628675937653 0.2164423167705536 
vt 0.23873628675937653 0.22182652354240417 
vt 0.22778528928756714 0.2164423167705536 
vt 0.22778528928756714 0.22182652354240417 
vt 0.21694834530353546 0.2164423167705536 
vt 0.21694834530353546 0.22182652354240417 
vt 0.20611141622066498 0.2164423167705536 
vt 0.20611141622066498 0.18341918289661407 
vt 0.21694834530353546 0.18341918289661407 
vt 0.22778528928756714 0.18341918289661407 
vt 0.20611141622066498 0.22182652354240417 
vt 0.1951604038476944 0.2164423167705536 
vt 0.1951604038476944 0.22182652354240417 
vt 0.1843234747648239 0.2164423167705536 
vt 0.1843234747648239 0.22182652354240417 
vt 0.17337246239185333 0.2164423167705536 
vt 0.17337246239185333 0.22182652354240417 
vt 0.1951604038476944 0.18341918289661407 
vt 0.1843234747648239 0.18341918289661407 
vt 0.17337246239185333 0.18341918289661407 
vt 0.16253553330898285 0.18341918289661407 
vt 0.16253553330898285 0.2164423167705536 
vt 0.15158452093601227 0.18341918289661407 
vt 0.15158452093601227 0.2164423167705536 
vt 0.14074759185314178 0.18341918289661407 
vt 0.14074759185314178 0.2164423167705536 
vt 0.1299106478691101 0.18341918289661407 
vt 0.16253553330898285 0.22182652354240417 
vt 0.15158452093601227 0.22182652354240417 
vt 0.14074759185314178 0.22182652354240417 
vt 0.1299106478691101 0.2164423167705536 
vt 0.1299106478691101 0.22182652354240417 
vt 0.11895964294672012 0.2164423167705536 
vt 0.11895964294672012 0.22182652354240417 
vt 0.10812270641326904 0.2164423167705536 
vt 0.10812270641326904 0.22182652354240417 
vt 0.09717170149087906 0.2164423167705536 
vt 0.09717170149087906 0.18341918289661407 
vt 0.10812270641326904 0.18341918289661407 
vt 0.11895964294672012 0.18341918289661407 
vt 0.09717170149087906 0.22182652354240417 
vt 0.08633476495742798 0.2164423167705536 
vt 0.08633476495742798 0.22182652354240417 
vt 0.0754978284239769 0.2164423167705536 
vt 0.0754978284239769 0.22182652354240417 
vt 0.06454682350158691 0.2164423167705536 
vt 0.06454682350158691 0.22182652354240417 
vt 0.08633476495742798 0.18341918289661407 
vt 0.0754978284239769 0.18341918289661407 
vt 0.06454682350158691 0.18341918289661407 
vt 0.053709886968135834 0.18341918289661407 
vt 0.053709886968135834 0.2164423167705536 
vt 0.04275887832045555 0.18341918289661407 
vt 0.04275887832045555 0.2164423167705536 
vt 0.03192194178700447 0.18341918289661407 
vt 0.03192194178700447 0.2164423167705536 
vt 0.020970935001969337 0.18341918289661407 
vt 0.053709886968135834 0.22182652354240417 
vt 0.04275887832045555 0.22182652354240417 
vt 0.03192194178700447 0.22182652354240417 
vt 0.020970935001969337 0.2164423167705536 
vt 0.020970935001969337 0.22182652354240417 
vt 0.010134000331163406 0.2164423167705536 
vt 0.010134000331163406 0.22182652354240417 
vt 0.010134000331163406 0.18341918289661407 
vt 0.1951604038476944 0.26944682002067566 
vt 0.20611141622066498 0.2998376786708832 
vt 0.20611141622066498 0.35738882422447205 
vt 0.21694834530353546 0.38682249188423157 
vt 0.22778528928756714 0.4236743748188019 
vt 0.21694834530353546 0.4236743748188019 
vt 0.20611141622066498 0.38682249188423157 
vt 0.1951604038476944 0.35738882422447205 
vt 0.1951604038476944 0.2998376786708832 
vt 0.20611141622066498 0.4236743748188019 
vt 0.1951604038476944 0.38682249188423157 
vt 0.1951604038476944 0.4236743748188019 
vt 0.1843234747648239 0.38682249188423157 
vt 0.1843234747648239 0.4236743748188019 
vt 0.17337246239185333 0.38682249188423157 
vt 0.17337246239185333 0.4236743748188019 
vt 0.16253553330898285 0.38682249188423157 
vt 0.16253553330898285 0.4236743748188019 
vt 0.15158452093601227 0.38682249188423157 
vt 0.15158452093601227 0.4236743748188019 
vt 0.14074759185314178 0.38682249188423157 
vt 0.14074759185314178 0.4236743748188019 
vt 0.1299106478691101 0.38682249188423157 
vt 0.1299106478691101 0.4236743748188019 
vt 0.11895964294672012 0.38682249188423157 
vt 0.11895964294672012 0.4236743748188019 
vt 0.10812270641326904 0.38682249188423157 
vt 0.10812270641326904 0.4236743748188019 
vt 0.09717170149087906 0.38682249188423157 
vt 0.09717170149087906 0.4236743748188019 
vt 0.08633476495742798 0.38682249188423157 
vt 0.08633476495742798 0.4236743748188019 
vt 0.0754978284239769 0.38682249188423157 
vt 0.0754978284239769 0.4236743748188019 
vt 0.06454682350158691 0.38682249188423157 
vt 0.06454682350158691 0.4236743748188019 
vt 0.053709886968135834 0.38682249188423157 
vt 0.053709886968135834 0.4236743748188019 
vt 0.04275887832045555 0.38682249188423157 
vt 0.04275887832045555 0.4236743748188019 
vt 0.03192194178700447 0.38682249188423157 
vt 0.03192194178700447 0.4236743748188019 
vt 0.020970935001969337 0.38682249188423157 
vt 0.020970935001969337 0.4236743748188019 
vt 0.010134000331163406 0.38682249188423157 
vt 0.010134000331163406 0.4236743748188019 
vt 0.1843234747648239 0.35738882422447205 
vt 0.010134000331163406 0.35738882422447205 
vt 0.020970935001969337 0.35738882422447205 
vt 0.010134000331163406 0.2998376786708832 
vt 0.020970935001969337 0.2998376786708832 
vt 0.010134000331163406 0.26944682002067566 
vt 0.020970935001969337 0.26944682002067566 
vt 0.010134000331163406 0.2546103298664093 
vt 0.03192194178700447 0.2998376786708832 
vt 0.03192194178700447 0.35738882422447205 
vt 0.04275887832045555 0.35738882422447205 
vt 0.053709886968135834 0.35738882422447205 
vt 0.06454682350158691 0.35738882422447205 
vt 0.0754978284239769 0.35738882422447205 
vt 0.08633476495742798 0.35738882422447205 
vt 0.09717170149087906 0.35738882422447205 
vt 0.10812270641326904 0.35738882422447205 
vt 0.11895964294672012 0.35738882422447205 
vt 0.1299106478691101 0.35738882422447205 
vt 0.14074759185314178 0.35738882422447205 
vt 0.15158452093601227 0.35738882422447205 
vt 0.16253553330898285 0.35738882422447205 
vt 0.17337246239185333 0.35738882422447205 
vt 0.1843234747648239 0.2998376786708832 
vt 0.17337246239185333 0.2998376786708832 
vt 0.16253553330898285 0.2998376786708832 
vt 0.15158452093601227 0.2998376786708832 
vt 0.14074759185314178 0.2998376786708832 
vt 0.1299106478691101 0.2998376786708832 
vt 0.11895964294672012 0.2998376786708832 
vt 0.10812270641326904 0.2998376786708832 
vt 0.09717170149087906 0.2998376786708832 
vt 0.08633476495742798 0.2998376786708832 
vt 0.0754978284239769 0.2998376786708832 
vt 0.06454682350158691 0.2998376786708832 
vt 0.053709886968135834 0.2998376786708832 
vt 0.04275887832045555 0.2998376786708832 
vt 0.03192194178700447 0.26944682002067566 
vt 0.020970935001969337 0.2546103298664093 
vt 0.020970935001969337 0.22182652354240417 
vt 0.010134000331163406 0.22182652354240417 
vt 0.03192194178700447 0.22182652354240417 
vt 0.03192194178700447 0.2546103298664093 
vt 0.04275887832045555 0.26944682002067566 
vt 0.053709886968135834 0.26944682002067566 
vt 0.06454682350158691 0.26944682002067566 
vt 0.0754978284239769 0.26944682002067566 
vt 0.08633476495742798 0.26944682002067566 
vt 0.09717170149087906 0.26944682002067566 
vt 0.10812270641326904 0.26944682002067566 
vt 0.11895964294672012 0.26944682002067566 
vt 0.1299106478691101 0.26944682002067566 
vt 0.14074759185314178 0.26944682002067566 
vt 0.15158452093601227 0.26944682002067566 
vt 0.16253553330898285 0.26944682002067566 
vt 0.17337246239185333 0.26944682002067566 
vt 0.1843234747648239 0.26944682002067566 
vt 0.1843234747648239 0.2546103298664093 
vt 0.1843234747648239 0.22182652354240417 
vt 0.17337246239185333 0.2546103298664093 
vt 0.17337246239185333 0.22182652354240417 
vt 0.16253553330898285 0.2546103298664093 
vt 0.15158452093601227 0.2546103298664093 
vt 0.14074759185314178 0.2546103298664093 
vt 0.1299106478691101 0.2546103298664093 
vt 0.11895964294672012 0.2546103298664093 
vt 0.10812270641326904 0.2546103298664093 
vt 0.09717170149087906 0.2546103298664093 
vt 0.08633476495742798 0.2546103298664093 
vt 0.0754978284239769 0.2546103298664093 
vt 0.06454682350158691 0.2546103298664093 
vt 0.053709886968135834 0.2546103298664093 
vt 0.04275887832045555 0.2546103298664093 
vt 0.04275887832045555 0.22182652354240417 
vt 0.053709886968135834 0.22182652354240417 
vt 0.06454682350158691 0.22182652354240417 
vt 0.0754978284239769 0.22182652354240417 
vt 0.08633476495742798 0.22182652354240417 
vt 0.09717170149087906 0.22182652354240417 
vt 0.10812270641326904 0.22182652354240417 
vt 0.11895964294672012 0.22182652354240417 
vt 0.1299106478691101 0.22182652354240417 
vt 0.14074759185314178 0.22182652354240417 
vt 0.15158452093601227 0.22182652354240417 
vt 0.16253553330898285 0.22182652354240417 
vt 0.8004317283630371 0.025362860411405563 
vt 0.8052228093147278 0.025362860411405563 
vt 0.7957547307014465 0.025841455906629562 
vt 0.8100138902664185 0.025841455906629562 
vt 0.814690887928009 0.02691829763352871 
vt 0.8192538022994995 0.028354084119200706 
vt 0.8235885500907898 0.030268469825387 
vt 0.8278092741966248 0.032661449164152145 
vt 0.8315736651420593 0.03553302586078644 
vt 0.8352240324020386 0.03876354917883873 
vt 0.8384180665016174 0.04223337024450302 
vt 0.8411558270454407 0.04618178680539131 
vt 0.8435513377189636 0.0502498522400856 
vt 0.845490574836731 0.05467686429619789 
vt 0.8469735383987427 0.05922352522611618 
vt 0.848000168800354 0.06388983875513077 
vt 0.8484565019607544 0.06867580115795135 
vt 0.8484565019607544 0.07346175611019135 
vt 0.848000168800354 0.07812806963920593 
vt 0.8469735383987427 0.08291403204202652 
vt 0.845490574836731 0.08746068924665451 
vt 0.8435513377189636 0.0917680561542511 
vt 0.8411558270454407 0.09595576673746109 
vt 0.8384180665016174 0.09978453814983368 
vt 0.8352240324020386 0.10337400436401367 
vt 0.8315736651420593 0.10660453140735626 
vt 0.8278092741966248 0.10935645550489426 
vt 0.8235885500907898 0.11174944043159485 
vt 0.8192538022994995 0.11366382241249084 
vt 0.814690887928009 0.11521925777196884 
vt 0.8100138902664185 0.11617644876241684 
vt 0.8052228093147278 0.11665504425764084 
vt 0.8004317283630371 0.11665504425764084 
vt 0.7957547307014465 0.11617644876241684 
vt 0.791077733039856 0.11521925777196884 
vt 0.7865148186683655 0.11366382241249084 
vt 0.7820659875869751 0.11174944043159485 
vt 0.7779593467712402 0.10935645550489426 
vt 0.7740808725357056 0.10660453140735626 
vt 0.7705445885658264 0.10337400436401367 
vt 0.7673505544662476 0.09978453814983368 
vt 0.764498770236969 0.09595576673746109 
vt 0.7621031999588013 0.0917680561542511 
vt 0.7601639628410339 0.08746068924665451 
vt 0.7586809992790222 0.08291403204202652 
vt 0.757768452167511 0.07812806963920593 
vt 0.7571980953216553 0.07346175611019135 
vt 0.7571980953216553 0.06867580115795135 
vt 0.757768452167511 0.06388983875513077 
vt 0.7586809992790222 0.05922352522611618 
vt 0.7601639628410339 0.05467686429619789 
vt 0.7621031999588013 0.0502498522400856 
vt 0.764498770236969 0.04618178680539131 
vt 0.7673505544662476 0.04223337024450302 
vt 0.7705445885658264 0.03876354917883873 
vt 0.7740808725357056 0.03553302586078644 
vt 0.7779593467712402 0.032661449164152145 
vt 0.7820659875869751 0.030268469825387 
vt 0.7865148186683655 0.028354084119200706 
vt 0.791077733039856 0.02691829763352871 
vt 0.6632019281387329 0.5319567322731018 
vt 0.65236496925354 0.5319567322731018 
vt 0.6632019281387329 0.5344693660736084 
vt 0.65236496925354 0.5344693660736084 
vt 0.6414139866828918 0.5319567322731018 
vt 0.6414139866828918 0.5344693660736084 
vt 0.630577027797699 0.5319567322731018 
vt 0.630577027797699 0.5344693660736084 
vt 0.6196260452270508 0.5319567322731018 
vt 0.6196260452270508 0.5344693660736084 
vt 0.6087890863418579 0.5319567322731018 
vt 0.6087890863418579 0.5344693660736084 
vt 0.5979521870613098 0.5319567322731018 
vt 0.5979521870613098 0.5344693660736084 
vt 0.5870011448860168 0.5319567322731018 
vt 0.5870011448860168 0.5344693660736084 
vt 0.5761642456054688 0.5319567322731018 
vt 0.5761642456054688 0.5344693660736084 
vt 0.5652132034301758 0.5319567322731018 
vt 0.5652132034301758 0.5344693660736084 
vt 0.5543763041496277 0.5319567322731018 
vt 0.5543763041496277 0.5344693660736084 
vt 0.5434252619743347 0.5319567322731018 
vt 0.5434252619743347 0.5344693660736084 
vt 0.5325883626937866 0.5319567322731018 
vt 0.5325883626937866 0.5344693660736084 
vt 0.5217514038085938 0.5319567322731018 
vt 0.5217514038085938 0.5344693660736084 
vt 0.5108004212379456 0.5319567322731018 
vt 0.5108004212379456 0.5344693660736084 
vt 0.4999634623527527 0.5319567322731018 
vt 0.4999634623527527 0.5344693660736084 
vt 0.4890124499797821 0.5319567322731018 
vt 0.4890124499797821 0.5344693660736084 
vt 0.4781755208969116 0.5319567322731018 
vt 0.4781755208969116 0.5344693660736084 
vt 0.46722450852394104 0.5319567322731018 
vt 0.46722450852394104 0.5344693660736084 
vt 0.45638757944107056 0.5319567322731018 
vt 0.45638757944107056 0.5344693660736084 
vt 0.4455506503582001 0.5319567322731018 
vt 0.4455506503582001 0.5344693660736084 
vt 0.4345996379852295 0.5319567322731018 
vt 0.4345996379852295 0.5344693660736084 
vt 0.423762708902359 0.5319567322731018 
vt 0.423762708902359 0.5344693660736084 
vt 0.4128116965293884 0.5319567322731018 
vt 0.4128116965293884 0.5344693660736084 
vt 0.40197476744651794 0.5319567322731018 
vt 0.40197476744651794 0.5344693660736084 
vt 0.3911378085613251 0.5319567322731018 
vt 0.3911378085613251 0.5344693660736084 
vt 0.3801868259906769 0.5319567322731018 
vt 0.3801868259906769 0.5344693660736084 
vt 0.369349867105484 0.5319567322731018 
vt 0.369349867105484 0.5344693660736084 
vt 0.3583988547325134 0.5319567322731018 
vt 0.3583988547325134 0.5344693660736084 
vt 0.34756192564964294 0.5319567322731018 
vt 0.34756192564964294 0.5344693660736084 
vt 0.33672499656677246 0.5319567322731018 
vt 0.33672499656677246 0.5344693660736084 
vt 0.3257739841938019 0.5319567322731018 
vt 0.3257739841938019 0.5344693660736084 
vt 0.3149370551109314 0.5319567322731018 
vt 0.3149370551109314 0.5344693660736084 
vt 0.3039860427379608 0.5319567322731018 
vt 0.3039860427379608 0.5344693660736084 
vt 0.29314911365509033 0.5319567322731018 
vt 0.29314911365509033 0.5344693660736084 
vt 0.28219810128211975 0.5319567322731018 
vt 0.28219810128211975 0.5344693660736084 
vt 0.27136117219924927 0.5319567322731018 
vt 0.27136117219924927 0.5344693660736084 
vt 0.2605242431163788 0.5319567322731018 
vt 0.2605242431163788 0.5344693660736084 
vt 0.2495732307434082 0.5319567322731018 
vt 0.2495732307434082 0.5344693660736084 
vt 0.23873628675937653 0.5319567322731018 
vt 0.23873628675937653 0.5344693660736084 
vt 0.22778528928756714 0.5319567322731018 
vt 0.22778528928756714 0.5344693660736084 
vt 0.21694834530353546 0.5319567322731018 
vt 0.21694834530353546 0.5344693660736084 
vt 0.20611141622066498 0.5319567322731018 
vt 0.20611141622066498 0.5344693660736084 
vt 0.1951604038476944 0.5319567322731018 
vt 0.1951604038476944 0.5344693660736084 
vt 0.1843234747648239 0.5319567322731018 
vt 0.1843234747648239 0.5344693660736084 
vt 0.17337246239185333 0.5319567322731018 
vt 0.17337246239185333 0.5344693660736084 
vt 0.16253553330898285 0.5319567322731018 
vt 0.16253553330898285 0.5344693660736084 
vt 0.15158452093601227 0.5319567322731018 
vt 0.15158452093601227 0.5344693660736084 
vt 0.14074759185314178 0.5319567322731018 
vt 0.14074759185314178 0.5344693660736084 
vt 0.1299106478691101 0.5319567322731018 
vt 0.1299106478691101 0.5344693660736084 
vt 0.11895964294672012 0.5319567322731018 
vt 0.11895964294672012 0.5344693660736084 
vt 0.10812270641326904 0.5319567322731018 
vt 0.10812270641326904 0.5344693660736084 
vt 0.09717170149087906 0.5319567322731018 
vt 0.09717170149087906 0.5344693660736084 
vt 0.08633476495742798 0.5319567322731018 
vt 0.08633476495742798 0.5344693660736084 
vt 0.0754978284239769 0.5319567322731018 
vt 0.0754978284239769 0.5344693660736084 
vt 0.06454682350158691 0.5319567322731018 
vt 0.06454682350158691 0.5344693660736084 
vt 0.053709886968135834 0.5319567322731018 
vt 0.053709886968135834 0.5344693660736084 
vt 0.04275887832045555 0.5319567322731018 
vt 0.04275887832045555 0.5344693660736084 
vt 0.03192194178700447 0.5319567322731018 
vt 0.03192194178700447 0.5344693660736084 
vt 0.020970935001969337 0.5319567322731018 
vt 0.020970935001969337 0.5344693660736084 
vt 0.010134000331163406 0.5319567322731018 
vt 0.010134000331163406 0.5344693660736084 
vt 0.910740315914154 0.11497996002435684 
vt 0.9060633182525635 0.11605679988861084 
vt 0.9151892066001892 0.11354417353868484 
vt 0.9012722969055176 0.11653539538383484 
vt 0.8964812159538269 0.11653539538383484 
vt 0.8916901350021362 0.11605679988861084 
vt 0.8870131373405457 0.11497996002435684 
vt 0.8824502229690552 0.11354417353868484 
vt 0.8781154751777649 0.11162979155778885 
vt 0.87400883436203 0.10923680663108826 
vt 0.8701303601264954 0.10636523365974426 
vt 0.8665940761566162 0.10313470661640167 
vt 0.8632859587669373 0.09966488927602768 
vt 0.860548198223114 0.09571646898984909 
vt 0.8581526875495911 0.0916484072804451 
vt 0.8562134504318237 0.08722139149904251 
vt 0.854730486869812 0.08267473429441452 
vt 0.8537038564682007 0.07800842076539993 
vt 0.8532475233078003 0.07322245836257935 
vt 0.8532475233078003 0.06843650341033936 
vt 0.8537038564682007 0.06377018988132477 
vt 0.854730486869812 0.05898422747850418 
vt 0.8562134504318237 0.05443756654858589 
vt 0.8581526875495911 0.0501302033662796 
vt 0.860548198223114 0.04594248905777931 
vt 0.8632859587669373 0.04211372137069702 
vt 0.8665940761566162 0.03852425143122673 
vt 0.8701303601264954 0.03529372811317444 
vt 0.87400883436203 0.032541800290346146 
vt 0.8781154751777649 0.030148819088935852 
vt 0.8824502229690552 0.028234435245394707 
vt 0.8870131373405457 0.02667899988591671 
vt 0.8916901350021362 0.025721807032823563 
vt 0.8964812159538269 0.025243211537599564 
vt 0.9012722969055176 0.025243211537599564 
vt 0.9060633182525635 0.025721807032823563 
vt 0.910740315914154 0.02667899988591671 
vt 0.9151892066001892 0.028234435245394707 
vt 0.9196380376815796 0.030148819088935852 
vt 0.9237446784973145 0.032541800290346146 
vt 0.9276231527328491 0.03529372811317444 
vt 0.9311593770980835 0.03852425143122673 
vt 0.9343534708023071 0.04211372137069702 
vt 0.9372052550315857 0.04594248905777931 
vt 0.9396008253097534 0.0501302033662796 
vt 0.9415400624275208 0.05443756654858589 
vt 0.9430229663848877 0.05898422747850418 
vt 0.9440496563911438 0.06365054100751877 
vt 0.9445059299468994 0.06843650341033936 
vt 0.9445059299468994 0.07322245836257935 
vt 0.9440496563911438 0.07800842076539993 
vt 0.9430229663848877 0.08267473429441452 
vt 0.9415400624275208 0.08722139149904251 
vt 0.9396008253097534 0.0916484072804451 
vt 0.9372052550315857 0.09571646898984909 
vt 0.9343534708023071 0.09966488927602768 
vt 0.9311593770980835 0.10313470661640167 
vt 0.9276231527328491 0.10636523365974426 
vt 0.9237446784973145 0.10923680663108826 
vt 0.9196380376815796 0.11162979155778885 
vt 0.6632019281387329 0.5002497434616089 
vt 0.65236496925354 0.5002497434616089 
vt 0.6632019281387329 0.5319567322731018 
vt 0.65236496925354 0.5319567322731018 
vt 0.6414139866828918 0.5002497434616089 
vt 0.6414139866828918 0.5319567322731018 
vt 0.630577027797699 0.5002497434616089 
vt 0.630577027797699 0.5319567322731018 
vt 0.6196260452270508 0.5002497434616089 
vt 0.6196260452270508 0.5319567322731018 
vt 0.6087890863418579 0.5002497434616089 
vt 0.6087890863418579 0.5319567322731018 
vt 0.5979521870613098 0.5002497434616089 
vt 0.5979521870613098 0.5319567322731018 
vt 0.5870011448860168 0.5002497434616089 
vt 0.5870011448860168 0.5319567322731018 
vt 0.5761642456054688 0.5002497434616089 
vt 0.5761642456054688 0.5319567322731018 
vt 0.5652132034301758 0.5002497434616089 
vt 0.5652132034301758 0.5319567322731018 
vt 0.5543763041496277 0.5002497434616089 
vt 0.5543763041496277 0.5319567322731018 
vt 0.5434252619743347 0.5002497434616089 
vt 0.5434252619743347 0.5319567322731018 
vt 0.5325883626937866 0.5002497434616089 
vt 0.5325883626937866 0.5319567322731018 
vt 0.5217514038085938 0.5002497434616089 
vt 0.5217514038085938 0.5319567322731018 
vt 0.5108004212379456 0.5002497434616089 
vt 0.5108004212379456 0.5319567322731018 
vt 0.4999634623527527 0.5002497434616089 
vt 0.4999634623527527 0.5319567322731018 
vt 0.4890124499797821 0.5002497434616089 
vt 0.4890124499797821 0.5319567322731018 
vt 0.4781755208969116 0.5002497434616089 
vt 0.4781755208969116 0.5319567322731018 
vt 0.46722450852394104 0.5002497434616089 
vt 0.46722450852394104 0.5319567322731018 
vt 0.45638757944107056 0.5002497434616089 
vt 0.45638757944107056 0.5319567322731018 
vt 0.4455506503582001 0.5002497434616089 
vt 0.4455506503582001 0.5319567322731018 
vt 0.4345996379852295 0.5002497434616089 
vt 0.4345996379852295 0.5319567322731018 
vt 0.423762708902359 0.5002497434616089 
vt 0.423762708902359 0.5319567322731018 
vt 0.4128116965293884 0.5002497434616089 
vt 0.4128116965293884 0.5319567322731018 
vt 0.40197476744651794 0.5002497434616089 
vt 0.40197476744651794 0.5319567322731018 
vt 0.3911378085613251 0.5002497434616089 
vt 0.3911378085613251 0.5319567322731018 
vt 0.3801868259906769 0.5002497434616089 
vt 0.3801868259906769 0.5319567322731018 
vt 0.369349867105484 0.5002497434616089 
vt 0.369349867105484 0.5319567322731018 
vt 0.3583988547325134 0.5002497434616089 
vt 0.3583988547325134 0.5319567322731018 
vt 0.34756192564964294 0.5002497434616089 
vt 0.34756192564964294 0.5319567322731018 
vt 0.33672499656677246 0.5002497434616089 
vt 0.33672499656677246 0.5319567322731018 
vt 0.3257739841938019 0.5002497434616089 
vt 0.3257739841938019 0.5319567322731018 
vt 0.3149370551109314 0.5002497434616089 
vt 0.3149370551109314 0.5319567322731018 
vt 0.3039860427379608 0.5002497434616089 
vt 0.3039860427379608 0.5319567322731018 
vt 0.29314911365509033 0.5002497434616089 
vt 0.29314911365509033 0.5319567322731018 
vt 0.28219810128211975 0.5002497434616089 
vt 0.28219810128211975 0.5319567322731018 
vt 0.27136117219924927 0.5002497434616089 
vt 0.27136117219924927 0.5319567322731018 
vt 0.2605242431163788 0.5002497434616089 
vt 0.2605242431163788 0.5319567322731018 
vt 0.2495732307434082 0.5002497434616089 
vt 0.2495732307434082 0.5319567322731018 
vt 0.23873628675937653 0.5002497434616089 
vt 0.23873628675937653 0.5319567322731018 
vt 0.22778528928756714 0.5002497434616089 
vt 0.22778528928756714 0.5319567322731018 
vt 0.21694834530353546 0.5002497434616089 
vt 0.21694834530353546 0.5319567322731018 
vt 0.20611141622066498 0.5002497434616089 
vt 0.20611141622066498 0.5319567322731018 
vt 0.1951604038476944 0.5002497434616089 
vt 0.1951604038476944 0.5319567322731018 
vt 0.1843234747648239 0.5002497434616089 
vt 0.1843234747648239 0.5319567322731018 
vt 0.17337246239185333 0.5002497434616089 
vt 0.17337246239185333 0.5319567322731018 
vt 0.16253553330898285 0.5002497434616089 
vt 0.16253553330898285 0.5319567322731018 
vt 0.15158452093601227 0.5002497434616089 
vt 0.15158452093601227 0.5319567322731018 
vt 0.14074759185314178 0.5002497434616089 
vt 0.14074759185314178 0.5319567322731018 
vt 0.1299106478691101 0.5002497434616089 
vt 0.1299106478691101 0.5319567322731018 
vt 0.11895964294672012 0.5002497434616089 
vt 0.11895964294672012 0.5319567322731018 
vt 0.10812270641326904 0.5002497434616089 
vt 0.10812270641326904 0.5319567322731018 
vt 0.09717170149087906 0.5002497434616089 
vt 0.09717170149087906 0.5319567322731018 
vt 0.08633476495742798 0.5002497434616089 
vt 0.08633476495742798 0.5319567322731018 
vt 0.0754978284239769 0.5002497434616089 
vt 0.0754978284239769 0.5319567322731018 
vt 0.06454682350158691 0.5002497434616089 
vt 0.06454682350158691 0.5319567322731018 
vt 0.053709886968135834 0.5002497434616089 
vt 0.053709886968135834 0.5319567322731018 
vt 0.04275887832045555 0.5002497434616089 
vt 0.04275887832045555 0.5319567322731018 
vt 0.03192194178700447 0.5002497434616089 
vt 0.03192194178700447 0.5319567322731018 
vt 0.020970935001969337 0.5002497434616089 
vt 0.020970935001969337 0.5319567322731018 
vt 0.010134000331163406 0.5002497434616089 
vt 0.010134000331163406 0.5319567322731018 
s on 
f 1/1/1 2/2/2 3/3/3 
f 2/2/2 4/4/4 3/3/3 
f 3/3/3 4/4/4 5/5/5 
f 4/4/4 6/6/6 5/5/5 
f 5/5/5 6/6/6 7/7/7 
f 6/6/6 8/8/8 7/7/7 
f 7/7/7 8/8/8 9/9/9 
f 8/8/8 10/10/10 9/9/9 
f 9/9/9 10/10/10 11/11/11 
f 10/10/10 12/12/12 11/11/11 
f 11/11/11 12/12/12 13/13/13 
f 12/12/12 14/14/14 13/13/13 
f 13/13/13 14/14/14 15/15/15 
f 14/14/14 16/16/16 15/15/15 
f 15/15/15 16/16/16 17/17/17 
f 16/16/16 18/18/18 17/17/17 
f 17/17/17 18/18/18 19/19/19 
f 18/18/18 20/20/20 19/19/19 
f 19/19/19 20/20/20 21/21/21 
f 20/20/20 22/22/22 21/21/21 
f 21/21/21 22/22/22 23/23/23 
f 22/22/22 24/24/24 23/23/23 
f 23/23/23 24/24/24 25/25/25 
f 24/24/24 26/26/26 25/25/25 
f 25/25/25 26/26/26 27/27/27 
f 26/26/26 28/28/28 27/27/27 
f 27/27/27 28/28/28 29/29/29 
f 28/28/28 30/30/30 29/29/29 
f 29/29/29 30/30/30 31/31/31 
f 30/30/30 32/32/32 31/31/31 
f 31/31/31 32/32/32 33/33/33 
f 32/32/32 34/34/34 33/33/33 
f 33/33/33 34/34/34 35/35/35 
f 34/34/34 36/36/36 35/35/35 
f 35/35/35 36/36/36 37/37/37 
f 36/36/36 38/38/38 37/37/37 
f 37/37/37 38/38/38 39/39/39 
f 38/38/38 40/40/40 39/39/39 
f 39/39/39 40/40/40 41/41/41 
f 40/40/40 42/42/42 41/41/41 
f 41/41/41 42/42/42 43/43/43 
f 42/42/42 44/44/44 43/43/43 
f 43/43/43 44/44/44 45/45/45 
f 44/44/44 46/46/46 45/45/45 
f 45/45/45 46/46/46 47/47/47 
f 46/46/46 48/48/48 47/47/47 
f 47/47/47 48/48/48 49/49/49 
f 48/48/48 50/50/50 49/49/49 
f 49/49/49 50/50/50 51/51/51 
f 50/50/50 52/52/52 51/51/51 
f 51/51/51 52/52/52 53/53/53 
f 52/52/52 54/54/54 53/53/53 
f 53/53/53 54/54/54 55/55/55 
f 54/54/54 56/56/56 55/55/55 
f 55/55/55 56/56/56 57/57/57 
f 56/56/56 58/58/58 57/57/57 
f 57/57/57 58/58/58 59/59/59 
f 58/58/58 60/60/60 59/59/59 
f 59/59/59 60/60/60 61/61/61 
f 60/60/60 62/62/62 61/61/61 
f 61/61/61 62/62/62 63/63/63 
f 62/62/62 64/64/64 63/63/63 
f 63/63/63 64/64/64 65/65/65 
f 64/64/64 66/66/66 65/65/65 
f 65/65/65 66/66/66 67/67/67 
f 66/66/66 68/68/68 67/67/67 
f 67/67/67 68/68/68 69/69/69 
f 68/68/68 70/70/70 69/69/69 
f 69/69/69 70/70/70 71/71/71 
f 70/70/70 72/72/72 71/71/71 
f 71/71/71 72/72/72 73/73/73 
f 72/72/72 74/74/74 73/73/73 
f 73/73/73 74/74/74 75/75/75 
f 74/74/74 76/76/76 75/75/75 
f 75/75/75 76/76/76 77/77/77 
f 76/76/76 78/78/78 77/77/77 
f 77/77/77 78/78/78 79/79/79 
f 78/78/78 80/80/80 79/79/79 
f 79/79/79 80/80/80 81/81/81 
f 80/80/80 82/82/82 81/81/81 
f 81/81/81 82/82/82 83/83/83 
f 82/82/82 84/84/84 83/83/83 
f 83/83/83 84/84/84 85/85/85 
f 84/84/84 86/86/86 85/85/85 
f 85/85/85 86/86/86 87/87/87 
f 86/86/86 88/88/88 87/87/87 
f 87/87/87 88/88/88 89/89/89 
f 88/88/88 90/90/90 89/89/89 
f 89/89/89 90/90/90 91/91/91 
f 90/90/90 92/92/92 91/91/91 
f 91/91/91 92/92/92 93/93/93 
f 92/92/92 94/94/94 93/93/93 
f 93/93/93 94/94/94 95/95/95 
f 94/94/94 96/96/96 95/95/95 
f 95/95/95 96/96/96 97/97/97 
f 96/96/96 98/98/98 97/97/97 
f 97/97/97 98/98/98 99/99/99 
f 98/98/98 100/100/100 99/99/99 
f 99/99/99 100/100/100 101/101/101 
f 100/100/100 102/102/102 101/101/101 
f 101/101/101 102/102/102 103/103/103 
f 102/102/102 104/104/104 103/103/103 
f 103/103/103 104/104/104 105/105/105 
f 104/104/104 106/106/106 105/105/105 
f 105/105/105 106/106/106 107/107/107 
f 106/106/106 108/108/108 107/107/107 
f 107/107/107 108/108/108 109/109/109 
f 108/108/108 110/110/110 109/109/109 
f 109/109/109 110/110/110 111/111/111 
f 110/110/110 112/112/112 111/111/111 
f 111/111/111 112/112/112 113/113/113 
f 112/112/112 114/114/114 113/113/113 
f 113/113/113 114/114/114 115/115/115 
f 114/114/114 116/116/116 115/115/115 
f 115/115/115 116/116/116 117/117/117 
f 116/116/116 118/118/118 117/117/117 
f 117/117/117 118/118/118 119/119/119 
f 118/118/118 120/120/120 119/119/119 
f 119/119/119 120/120/120 121/121/121 
f 120/120/120 122/122/122 121/121/121 
f 121/121/121 122/122/122 122/122/122 
f 122/122/122 123/123/123 122/122/122 
f 122/122/122 123/123/123 123/123/123 
f 123/123/123 124/124/124 123/123/123 
f 123/123/123 124/124/124 125/125/125 
f 124/124/124 126/126/126 125/125/125 
f 125/125/125 126/126/126 126/126/126 
f 126/126/126 125/125/125 126/126/126 
f 126/126/126 125/125/125 125/125/125 
f 125/125/125 127/127/127 125/125/125 
f 125/125/125 127/127/127 123/123/123 
f 127/127/127 127/127/127 123/123/123 
f 123/123/123 127/127/127 128/128/128 
f 127/127/127 129/129/129 128/128/128 
f 128/128/128 129/129/129 130/130/130 
f 129/129/129 131/131/131 130/130/130 
f 130/130/130 131/131/131 132/132/132 
f 131/131/131 133/133/133 132/132/132 
f 132/132/132 133/133/133 134/134/134 
f 133/133/133 135/135/135 134/134/134 
f 134/134/134 135/135/135 136/136/136 
f 135/135/135 137/137/137 136/136/136 
f 136/136/136 137/137/137 138/138/138 
f 137/137/137 139/139/139 138/138/138 
f 138/138/138 139/139/139 140/140/140 
f 139/139/139 141/141/141 140/140/140 
f 140/140/140 141/141/141 142/142/142 
f 141/141/141 143/143/143 142/142/142 
f 142/142/142 143/143/143 144/144/144 
f 143/143/143 145/145/145 144/144/144 
f 144/144/144 145/145/145 146/146/146 
f 145/145/145 147/147/147 146/146/146 
f 146/146/146 147/147/147 148/148/148 
f 147/147/147 149/149/149 148/148/148 
f 148/148/148 149/149/149 150/150/150 
f 149/149/149 151/151/151 150/150/150 
f 150/150/150 151/151/151 152/152/152 
f 151/151/151 153/153/153 152/152/152 
f 152/152/152 153/153/153 154/154/154 
f 153/153/153 155/155/155 154/154/154 
f 154/154/154 155/155/155 156/156/156 
f 155/155/155 157/157/157 156/156/156 
f 156/156/156 157/157/157 158/158/158 
f 157/157/157 159/159/159 158/158/158 
f 158/158/158 159/159/159 160/160/160 
f 159/159/159 161/161/161 160/160/160 
f 160/160/160 161/161/161 162/162/162 
f 161/161/161 163/163/163 162/162/162 
f 162/162/162 163/163/163 164/164/164 
f 163/163/163 165/165/165 164/164/164 
f 164/164/164 165/165/165 166/166/166 
f 165/165/165 167/167/167 166/166/166 
f 166/166/166 167/167/167 168/168/168 
f 167/167/167 169/169/169 168/168/168 
f 168/168/168 169/169/169 169/169/169 
f 169/169/169 170/170/170 169/169/169 
f 169/169/169 170/170/170 170/170/170 
f 170/170/170 171/171/171 170/170/170 
f 170/170/170 171/171/171 172/172/172 
f 171/171/171 173/173/173 172/172/172 
f 172/172/172 173/173/173 173/173/173 
f 173/173/173 172/172/172 173/173/173 
f 173/173/173 172/172/172 172/172/172 
f 172/172/172 174/174/174 172/172/172 
f 172/172/172 174/174/174 170/170/170 
f 174/174/174 174/174/174 170/170/170 
f 170/170/170 174/174/174 175/175/175 
f 174/174/174 176/176/176 175/175/175 
f 175/175/175 176/176/176 177/177/177 
f 176/176/176 178/178/178 177/177/177 
f 177/177/177 178/178/178 179/179/179 
f 178/178/178 180/180/180 179/179/179 
f 179/179/179 180/180/180 181/181/181 
f 180/180/180 182/182/182 181/181/181 
f 181/181/181 182/182/182 183/183/183 
f 182/182/182 184/184/184 183/183/183 
f 183/183/183 184/184/184 185/185/185 
f 184/184/184 186/186/186 185/185/185 
f 185/185/185 186/186/186 187/187/187 
f 186/186/186 188/188/188 187/187/187 
f 187/187/187 188/188/188 189/189/189 
f 188/188/188 190/190/190 189/189/189 
f 189/189/189 190/190/190 191/191/191 
f 190/190/190 192/192/192 191/191/191 
f 191/191/191 192/192/192 193/193/193 
f 192/192/192 194/194/194 193/193/193 
f 193/193/193 194/194/194 195/195/195 
f 194/194/194 196/196/196 195/195/195 
f 195/195/195 196/196/196 197/197/197 
f 196/196/196 198/198/198 197/197/197 
f 197/197/197 198/198/198 199/199/199 
f 198/198/198 200/200/200 199/199/199 
f 199/199/199 200/200/200 201/201/201 
f 200/200/200 202/202/202 201/201/201 
f 201/201/201 202/202/202 203/203/203 
f 202/202/202 204/204/204 203/203/203 
f 203/203/203 204/204/204 205/205/205 
f 204/204/204 206/206/206 205/205/205 
f 205/205/205 206/206/206 207/207/207 
f 206/206/206 208/208/208 207/207/207 
f 207/207/207 208/208/208 209/209/209 
f 208/208/208 210/210/210 209/209/209 
f 209/209/209 210/210/210 211/211/211 
f 210/210/210 212/212/212 211/211/211 
f 211/211/211 212/212/212 213/213/213 
f 212/212/212 214/214/214 213/213/213 
f 213/213/213 214/214/214 215/215/215 
f 214/214/214 216/216/216 215/215/215 
f 215/215/215 216/216/216 217/217/217 
f 216/216/216 218/218/218 217/217/217 
f 217/217/217 218/218/218 219/219/219 
f 218/218/218 220/220/220 219/219/219 
f 219/219/219 220/220/220 221/221/221 
f 220/220/220 222/222/222 221/221/221 
f 221/221/221 222/222/222 223/223/223 
f 222/222/222 126/126/126 223/223/223 
f 223/223/223 126/126/126 124/124/124 
f 126/126/126 124/124/124 124/124/124 
f 124/124/124 124/124/124 171/171/171 
f 124/124/124 171/171/171 171/171/171 
f 171/171/171 171/171/171 173/173/173 
f 171/171/171 224/224/224 173/173/173 
f 173/173/173 224/224/224 225/225/225 
f 224/224/224 226/226/226 225/225/225 
f 225/225/225 226/226/226 227/227/227 
f 226/226/226 228/228/228 227/227/227 
f 227/227/227 228/228/228 229/229/229 
f 228/228/228 230/230/230 229/229/229 
f 229/229/229 230/230/230 231/231/231 
f 230/230/230 232/232/232 231/231/231 
f 231/231/231 232/232/232 233/233/233 
f 232/232/232 234/234/234 233/233/233 
f 233/233/233 234/234/234 235/235/235 
f 234/234/234 236/236/236 235/235/235 
f 235/235/235 236/236/236 237/237/237 
f 236/236/236 238/238/238 237/237/237 
f 237/237/237 238/238/238 239/239/239 
f 238/238/238 240/240/240 239/239/239 
f 239/239/239 240/240/240 241/241/241 
f 240/240/240 242/242/242 241/241/241 
f 241/241/241 242/242/242 243/243/243 
f 242/242/242 244/244/244 243/243/243 
f 243/243/243 244/244/244 244/244/244 
f 244/244/244 245/245/245 244/244/244 
f 244/244/244 245/245/245 245/245/245 
f 245/245/245 246/246/246 245/245/245 
f 245/245/245 246/246/246 247/247/247 
f 246/246/246 248/248/248 247/247/247 
f 247/247/247 248/248/248 247/247/247 
f 248/248/248 249/249/249 247/247/247 
f 247/247/247 249/249/249 250/250/250 
f 249/249/249 251/251/251 250/250/250 
f 250/250/250 251/251/251 250/250/250 
f 251/251/251 252/252/252 250/250/250 
f 250/250/250 252/252/252 250/250/250 
f 252/252/252 253/253/253 250/250/250 
f 250/250/250 253/253/253 254/254/254 
f 253/253/253 255/255/255 254/254/254 
f 254/254/254 255/255/255 254/254/254 
f 255/255/255 256/256/256 254/254/254 
f 254/254/254 256/256/256 245/245/245 
f 256/256/256 257/257/257 245/245/245 
f 245/245/245 257/257/257 246/246/246 
f 257/257/257 258/258/258 246/246/246 
f 246/246/246 258/258/258 246/246/246 
f 258/258/258 259/259/259 246/246/246 
f 246/246/246 259/259/259 248/248/248 
f 259/259/259 260/260/260 248/248/248 
f 248/248/248 260/260/260 248/248/248 
f 260/260/260 261/261/261 248/248/248 
f 248/248/248 261/261/261 249/249/249 
f 261/261/261 262/262/262 249/249/249 
f 249/249/249 262/262/262 251/251/251 
f 262/262/262 263/263/263 251/251/251 
f 251/251/251 263/263/263 251/251/251 
f 263/263/263 264/264/264 251/251/251 
f 251/251/251 264/264/264 252/252/252 
f 264/264/264 265/265/265 252/252/252 
f 252/252/252 265/265/265 252/252/252 
f 265/265/265 266/266/266 252/252/252 
f 252/252/252 266/266/266 253/253/253 
f 266/266/266 267/267/267 253/253/253 
f 253/253/253 267/267/267 255/255/255 
f 267/267/267 268/268/268 255/255/255 
f 255/255/255 268/268/268 255/255/255 
f 268/268/268 269/269/269 255/255/255 
f 255/255/255 269/269/269 256/256/256 
f 269/269/269 270/270/270 256/256/256 
f 256/256/256 270/270/270 271/271/271 
f 270/270/270 272/272/272 271/271/271 
f 271/271/271 272/272/272 271/271/271 
f 272/272/272 273/273/273 271/271/271 
f 271/271/271 273/273/273 257/257/257 
f 273/273/273 274/274/274 257/257/257 
f 257/257/257 274/274/274 258/258/258 
f 274/274/274 258/258/258 258/258/258 
f 258/258/258 258/258/258 245/245/245 
f 258/258/258 245/245/245 245/245/245 
f 245/245/245 245/245/245 254/254/254 
f 245/245/245 247/247/247 254/254/254 
f 254/254/254 247/247/247 250/250/250 
f 247/247/247 250/250/250 250/250/250 
f 250/250/250 250/250/250 256/256/256 
f 250/250/250 256/256/256 256/256/256 
f 256/256/256 256/256/256 257/257/257 
f 256/256/256 271/271/271 257/257/257 
f 257/257/257 271/271/271 271/271/271 
f 271/271/271 272/272/272 271/271/271 
f 271/271/271 272/272/272 272/272/272 
f 272/272/272 270/270/270 272/272/272 
f 272/272/272 270/270/270 275/275/275 
f 270/270/270 270/270/270 275/275/275 
f 275/275/275 270/270/270 276/276/276 
f 270/270/270 269/269/269 276/276/276 
f 276/276/276 269/269/269 277/277/277 
f 269/269/269 268/268/268 277/277/277 
f 277/277/277 268/268/268 278/278/278 
f 268/268/268 268/268/268 278/278/278 
f 278/278/278 268/268/268 279/279/279 
f 268/268/268 267/267/267 279/279/279 
f 279/279/279 267/267/267 280/280/280 
f 267/267/267 266/266/266 280/280/280 
f 280/280/280 266/266/266 281/281/281 
f 266/266/266 265/265/265 281/281/281 
f 281/281/281 265/265/265 282/282/282 
f 265/265/265 265/265/265 282/282/282 
f 282/282/282 265/265/265 283/283/283 
f 265/265/265 264/264/264 283/283/283 
f 283/283/283 264/264/264 284/284/284 
f 264/264/264 263/263/263 284/284/284 
f 284/284/284 263/263/263 285/285/285 
f 263/263/263 263/263/263 285/285/285 
f 285/285/285 263/263/263 286/286/286 
f 263/263/263 262/262/262 286/286/286 
f 286/286/286 262/262/262 287/287/287 
f 262/262/262 261/261/261 287/287/287 
f 287/287/287 261/261/261 288/288/288 
f 261/261/261 260/260/260 288/288/288 
f 288/288/288 260/260/260 289/289/289 
f 260/260/260 260/260/260 289/289/289 
f 289/289/289 260/260/260 290/290/290 
f 260/260/260 259/259/259 290/290/290 
f 290/290/290 259/259/259 291/291/291 
f 259/259/259 258/258/258 291/291/291 
f 291/291/291 258/258/258 292/292/292 
f 258/258/258 274/274/274 292/292/292 
f 292/292/292 274/274/274 293/293/293 
f 274/274/274 274/274/274 293/293/293 
f 293/293/293 274/274/274 294/294/294 
f 274/274/274 273/273/273 294/294/294 
f 294/294/294 273/273/273 295/295/295 
f 273/273/273 272/272/272 295/295/295 
f 295/295/295 272/272/272 296/296/296 
f 272/272/272 275/275/275 296/296/296 
f 296/296/296 275/275/275 297/297/297 
f 275/275/275 275/275/275 297/297/297 
f 297/297/297 275/275/275 298/298/298 
f 275/275/275 276/276/276 298/298/298 
f 298/298/298 276/276/276 299/299/299 
f 276/276/276 277/277/277 299/299/299 
f 299/299/299 277/277/277 300/300/300 
f 277/277/277 278/278/278 300/300/300 
f 300/300/300 278/278/278 301/301/301 
f 278/278/278 278/278/278 301/301/301 
f 301/301/301 278/278/278 302/302/302 
f 278/278/278 279/279/279 302/302/302 
f 302/302/302 279/279/279 303/303/303 
f 279/279/279 280/280/280 303/303/303 
f 303/303/303 280/280/280 304/304/304 
f 280/280/280 281/281/281 304/304/304 
f 304/304/304 281/281/281 305/305/305 
f 281/281/281 282/282/282 305/305/305 
f 305/305/305 282/282/282 306/306/306 
f 282/282/282 282/282/282 306/306/306 
f 306/306/306 282/282/282 307/307/307 
f 282/282/282 283/283/283 307/307/307 
f 307/307/307 283/283/283 308/308/308 
f 283/283/283 284/284/284 308/308/308 
f 308/308/308 284/284/284 309/309/309 
f 284/284/284 285/285/285 309/309/309 
f 309/309/309 285/285/285 310/310/310 
f 285/285/285 285/285/285 310/310/310 
f 310/310/310 285/285/285 311/311/311 
f 285/285/285 286/286/286 311/311/311 
f 311/311/311 286/286/286 312/312/312 
f 286/286/286 287/287/287 312/312/312 
f 312/312/312 287/287/287 313/313/313 
f 287/287/287 288/288/288 313/313/313 
f 313/313/313 288/288/288 314/314/314 
f 288/288/288 289/289/289 314/314/314 
f 314/314/314 289/289/289 315/315/315 
f 289/289/289 289/289/289 315/315/315 
f 315/315/315 289/289/289 316/316/316 
f 289/289/289 290/290/290 316/316/316 
f 316/316/316 290/290/290 317/317/317 
f 290/290/290 291/291/291 317/317/317 
f 317/317/317 291/291/291 318/318/318 
f 291/291/291 292/292/292 318/318/318 
f 318/318/318 292/292/292 319/319/319 
f 292/292/292 293/293/293 319/319/319 
f 319/319/319 293/293/293 320/320/320 
f 293/293/293 293/293/293 320/320/320 
f 320/320/320 293/293/293 321/321/321 
f 293/293/293 294/294/294 321/321/321 
f 321/321/321 294/294/294 322/322/322 
f 294/294/294 295/295/295 322/322/322 
f 322/322/322 295/295/295 323/323/323 
f 295/295/295 296/296/296 323/323/323 
f 323/323/323 296/296/296 324/324/324 
f 296/296/296 297/297/297 324/324/324 
f 324/324/324 297/297/297 325/325/325 
f 297/297/297 297/297/297 325/325/325 
f 325/325/325 297/297/297 326/326/326 
f 297/297/297 298/298/298 326/326/326 
f 326/326/326 298/298/298 327/327/327 
f 298/298/298 299/299/299 327/327/327 
f 327/327/327 299/299/299 328/328/328 
f 299/299/299 300/300/300 328/328/328 
f 328/328/328 300/300/300 329/329/329 
f 300/300/300 301/301/301 329/329/329 
f 329/329/329 301/301/301 330/330/330 
f 301/301/301 301/301/301 330/330/330 
f 330/330/330 301/301/301 331/331/331 
f 301/301/301 302/302/302 331/331/331 
f 331/331/331 302/302/302 332/332/332 
f 302/302/302 303/303/303 332/332/332 
f 332/332/332 303/303/303 333/333/333 
f 303/303/303 304/304/304 333/333/333 
f 333/333/333 304/304/304 334/334/334 
f 304/304/304 305/305/305 334/334/334 
f 334/334/334 305/305/305 335/335/335 
f 305/305/305 306/306/306 335/335/335 
f 335/335/335 306/306/306 336/336/336 
f 306/306/306 306/306/306 336/336/336 
f 336/336/336 306/306/306 337/337/337 
f 306/306/306 307/307/307 337/337/337 
f 337/337/337 307/307/307 338/338/338 
f 307/307/307 308/308/308 338/338/338 
f 338/338/338 308/308/308 339/339/339 
f 308/308/308 309/309/309 339/339/339 
f 339/339/339 309/309/309 340/340/340 
f 309/309/309 310/310/310 340/340/340 
f 340/340/340 310/310/310 341/341/341 
f 310/310/310 310/310/310 341/341/341 
f 341/341/341 310/310/310 342/342/342 
f 310/310/310 311/311/311 342/342/342 
f 342/342/342 311/311/311 343/343/343 
f 311/311/311 312/312/312 343/343/343 
f 343/343/343 312/312/312 344/344/344 
f 312/312/312 313/313/313 344/344/344 
f 344/344/344 313/313/313 345/345/345 
f 313/313/313 314/314/314 345/345/345 
f 345/345/345 314/314/314 346/346/346 
f 314/314/314 315/315/315 346/346/346 
f 346/346/346 315/315/315 347/347/347 
f 315/315/315 315/315/315 347/347/347 
f 347/347/347 315/315/315 348/348/348 
f 315/315/315 316/316/316 348/348/348 
f 348/348/348 316/316/316 349/349/349 
f 316/316/316 317/317/317 349/349/349 
f 349/349/349 317/317/317 350/350/350 
f 317/317/317 318/318/318 350/350/350 
f 350/350/350 318/318/318 351/351/351 
f 318/318/318 319/319/319 351/351/351 
f 351/351/351 319/319/319 352/352/352 
f 319/319/319 320/320/320 352/352/352 
f 352/352/352 320/320/320 353/353/353 
f 320/320/320 320/320/320 353/353/353 
f 353/353/353 320/320/320 354/354/354 
f 320/320/320 321/321/321 354/354/354 
f 354/354/354 321/321/321 355/355/355 
f 321/321/321 322/322/322 355/355/355 
f 355/355/355 322/322/322 356/356/356 
f 322/322/322 323/323/323 356/356/356 
f 356/356/356 323/323/323 357/357/357 
f 323/323/323 324/324/324 357/357/357 
f 357/357/357 324/324/324 358/358/358 
f 324/324/324 325/325/325 358/358/358 
f 358/358/358 325/325/325 359/359/359 
f 325/325/325 325/325/325 359/359/359 
f 359/359/359 325/325/325 360/360/360 
f 325/325/325 326/326/326 360/360/360 
f 360/360/360 326/326/326 361/361/361 
f 326/326/326 327/327/327 361/361/361 
f 361/361/361 327/327/327 362/362/362 
f 327/327/327 328/328/328 362/362/362 
f 362/362/362 328/328/328 363/363/363 
f 328/328/328 329/329/329 363/363/363 
f 363/363/363 329/329/329 364/364/364 
f 329/329/329 330/330/330 364/364/364 
f 364/364/364 330/330/330 365/365/365 
f 330/330/330 366/366/366 365/365/365 
f 365/365/365 366/366/366 367/367/367 
f 366/366/366 367/367/367 367/367/367 
f 367/367/367 367/367/367 330/330/330 
f 367/367/367 330/330/330 330/330/330 
f 330/330/330 330/330/330 366/366/366 
f 330/330/330 331/331/331 366/366/366 
f 366/366/366 331/331/331 368/368/368 
f 331/331/331 332/332/332 368/368/368 
f 368/368/368 332/332/332 369/369/369 
f 332/332/332 333/333/333 369/369/369 
f 369/369/369 333/333/333 370/370/370 
f 333/333/333 334/334/334 370/370/370 
f 370/370/370 334/334/334 371/371/371 
f 334/334/334 335/335/335 371/371/371 
f 371/371/371 335/335/335 372/372/372 
f 335/335/335 336/336/336 372/372/372 
f 372/372/372 336/336/336 373/373/373 
f 336/336/336 336/336/336 373/373/373 
f 373/373/373 336/336/336 374/374/374 
f 336/336/336 337/337/337 374/374/374 
f 374/374/374 337/337/337 375/375/375 
f 337/337/337 338/338/338 375/375/375 
f 375/375/375 338/338/338 376/376/376 
f 338/338/338 339/339/339 376/376/376 
f 376/376/376 339/339/339 377/377/377 
f 339/339/339 340/340/340 377/377/377 
f 377/377/377 340/340/340 378/378/378 
f 340/340/340 341/341/341 378/378/378 
f 378/378/378 341/341/341 379/379/379 
f 341/341/341 341/341/341 379/379/379 
f 379/379/379 341/341/341 380/380/380 
f 341/341/341 342/342/342 380/380/380 
f 380/380/380 342/342/342 381/381/381 
f 342/342/342 343/343/343 381/381/381 
f 381/381/381 343/343/343 382/382/382 
f 343/343/343 344/344/344 382/382/382 
f 382/382/382 344/344/344 383/383/383 
f 344/344/344 345/345/345 383/383/383 
f 383/383/383 345/345/345 384/384/384 
f 345/345/345 346/346/346 384/384/384 
f 384/384/384 346/346/346 385/385/385 
f 346/346/346 347/347/347 385/385/385 
f 385/385/385 347/347/347 386/386/386 
f 347/347/347 347/347/347 386/386/386 
f 386/386/386 347/347/347 387/387/387 
f 347/347/347 348/348/348 387/387/387 
f 387/387/387 348/348/348 388/388/388 
f 348/348/348 349/349/349 388/388/388 
f 388/388/388 349/349/349 389/389/389 
f 349/349/349 350/350/350 389/389/389 
f 389/389/389 350/350/350 390/390/390 
f 350/350/350 351/351/351 390/390/390 
f 390/390/390 351/351/351 391/391/391 
f 351/351/351 352/352/352 391/391/391 
f 391/391/391 352/352/352 392/392/392 
f 352/352/352 353/353/353 392/392/392 
f 392/392/392 353/353/353 393/393/393 
f 353/353/353 353/353/353 393/393/393 
f 393/393/393 353/353/353 394/394/394 
f 353/353/353 354/354/354 394/394/394 
f 394/394/394 354/354/354 395/395/395 
f 354/354/354 355/355/355 395/395/395 
f 395/395/395 355/355/355 396/396/396 
f 355/355/355 356/356/356 396/396/396 
f 396/396/396 356/356/356 397/397/397 
f 356/356/356 357/357/357 397/397/397 
f 397/397/397 357/357/357 398/398/398 
f 357/357/357 358/358/358 398/398/398 
f 398/398/398 358/358/358 399/399/399 
f 358/358/358 359/359/359 399/399/399 
f 399/399/399 359/359/359 359/359/359 
f 359/359/359 399/399/399 359/359/359 
f 359/359/359 399/399/399 399/399/399 
f 399/399/399 400/400/400 399/399/399 
f 399/399/399 400/400/400 398/398/398 
f 400/400/400 401/401/401 398/398/398 
f 398/398/398 401/401/401 397/397/397 
f 401/401/401 402/402/402 397/397/397 
f 397/397/397 402/402/402 396/396/396 
f 402/402/402 403/403/403 396/396/396 
f 396/396/396 403/403/403 395/395/395 
f 403/403/403 404/404/404 395/395/395 
f 395/395/395 404/404/404 394/394/394 
f 404/404/404 405/405/405 394/394/394 
f 394/394/394 405/405/405 393/393/393 
f 405/405/405 406/406/406 393/393/393 
f 393/393/393 406/406/406 393/393/393 
f 406/406/406 407/407/407 393/393/393 
f 393/393/393 407/407/407 392/392/392 
f 407/407/407 408/408/408 392/392/392 
f 392/392/392 408/408/408 391/391/391 
f 408/408/408 409/409/409 391/391/391 
f 391/391/391 409/409/409 390/390/390 
f 409/409/409 410/410/410 390/390/390 
f 390/390/390 410/410/410 389/389/389 
f 410/410/410 411/411/411 389/389/389 
f 389/389/389 411/411/411 388/388/388 
f 411/411/411 412/412/412 388/388/388 
f 388/388/388 412/412/412 387/387/387 
f 412/412/412 413/413/413 387/387/387 
f 387/387/387 413/413/413 386/386/386 
f 413/413/413 386/386/386 386/386/386 
f 386/386/386 386/386/386 400/400/400 
f 386/386/386 400/400/400 400/400/400 
f 400/400/400 400/400/400 401/401/401 
f 400/400/400 414/414/414 401/401/401 
f 401/401/401 414/414/414 414/414/414 
f 414/414/414 413/413/413 414/414/414 
f 414/414/414 413/413/413 413/413/413 
f 413/413/413 412/412/412 413/413/413 
f 413/413/413 412/412/412 415/415/415 
f 412/412/412 412/412/412 415/415/415 
f 415/415/415 412/412/412 416/416/416 
f 412/412/412 411/411/411 416/416/416 
f 416/416/416 411/411/411 417/417/417 
f 411/411/411 410/410/410 417/417/417 
f 417/417/417 410/410/410 418/418/418 
f 410/410/410 409/409/409 418/418/418 
f 418/418/418 409/409/409 419/419/419 
f 409/409/409 408/408/408 419/419/419 
f 419/419/419 408/408/408 420/420/420 
f 408/408/408 407/407/407 420/420/420 
f 420/420/420 407/407/407 421/421/421 
f 407/407/407 406/406/406 421/421/421 
f 421/421/421 406/406/406 422/422/422 
f 406/406/406 406/406/406 422/422/422 
f 422/422/422 406/406/406 423/423/423 
f 406/406/406 405/405/405 423/423/423 
f 423/423/423 405/405/405 424/424/424 
f 405/405/405 404/404/404 424/424/424 
f 424/424/424 404/404/404 425/425/425 
f 404/404/404 403/403/403 425/425/425 
f 425/425/425 403/403/403 426/426/426 
f 403/403/403 402/402/402 426/426/426 
f 426/426/426 402/402/402 427/427/427 
f 402/402/402 401/401/401 427/427/427 
f 427/427/427 401/401/401 427/427/427 
f 401/401/401 414/414/414 427/427/427 
f 427/427/427 414/414/414 427/427/427 
f 414/414/414 428/428/428 427/427/427 
f 427/427/427 428/428/428 429/429/429 
f 428/428/428 430/430/430 429/429/429 
f 429/429/429 430/430/430 430/430/430 
f 430/430/430 427/427/427 430/430/430 
f 430/430/430 427/427/427 427/427/427 
f 427/427/427 429/429/429 427/427/427 
f 427/427/427 429/429/429 426/426/426 
f 429/429/429 431/431/431 426/426/426 
f 426/426/426 431/431/431 425/425/425 
f 431/431/431 432/432/432 425/425/425 
f 425/425/425 432/432/432 424/424/424 
f 432/432/432 433/433/433 424/424/424 
f 424/424/424 433/433/433 423/423/423 
f 433/433/433 434/434/434 423/423/423 
f 423/423/423 434/434/434 422/422/422 
f 434/434/434 435/435/435 422/422/422 
f 422/422/422 435/435/435 422/422/422 
f 435/435/435 436/436/436 422/422/422 
f 422/422/422 436/436/436 421/421/421 
f 436/436/436 437/437/437 421/421/421 
f 421/421/421 437/437/437 420/420/420 
f 437/437/437 438/438/438 420/420/420 
f 420/420/420 438/438/438 419/419/419 
f 438/438/438 439/439/439 419/419/419 
f 419/419/419 439/439/439 418/418/418 
f 439/439/439 440/440/440 418/418/418 
f 418/418/418 440/440/440 417/417/417 
f 440/440/440 441/441/441 417/417/417 
f 417/417/417 441/441/441 416/416/416 
f 441/441/441 442/442/442 416/416/416 
f 416/416/416 442/442/442 415/415/415 
f 442/442/442 415/415/415 415/415/415 
f 415/415/415 415/415/415 442/442/442 
f 415/415/415 442/442/442 442/442/442 
f 442/442/442 442/442/442 443/443/443 
f 442/442/442 441/441/441 443/443/443 
f 443/443/443 441/441/441 444/444/444 
f 441/441/441 440/440/440 444/444/444 
f 444/444/444 440/440/440 445/445/445 
f 440/440/440 439/439/439 445/445/445 
f 445/445/445 439/439/439 446/446/446 
f 439/439/439 438/438/438 446/446/446 
f 446/446/446 438/438/438 447/447/447 
f 438/438/438 437/437/437 447/447/447 
f 447/447/447 437/437/437 448/448/448 
f 437/437/437 436/436/436 448/448/448 
f 448/448/448 436/436/436 449/449/449 
f 436/436/436 435/435/435 449/449/449 
f 449/449/449 435/435/435 450/450/450 
f 435/435/435 435/435/435 450/450/450 
f 450/450/450 435/435/435 451/451/451 
f 435/435/435 434/434/434 451/451/451 
f 451/451/451 434/434/434 452/452/452 
f 434/434/434 433/433/433 452/452/452 
f 452/452/452 433/433/433 453/453/453 
f 433/433/433 432/432/432 453/453/453 
f 453/453/453 432/432/432 454/454/454 
f 432/432/432 431/431/431 454/454/454 
f 454/454/454 431/431/431 455/455/455 
f 431/431/431 429/429/429 455/455/455 
f 455/455/455 429/429/429 455/455/455 
f 429/429/429 430/430/430 455/455/455 
f 455/455/455 430/430/430 455/455/455 
f 430/430/430 456/456/456 455/455/455 
f 455/455/455 456/456/456 457/457/457 
f 456/456/456 458/458/458 457/457/457 
f 457/457/457 458/458/458 458/458/458 
f 458/458/458 455/455/455 458/458/458 
f 458/458/458 455/455/455 455/455/455 
f 455/455/455 457/457/457 455/455/455 
f 455/455/455 457/457/457 454/454/454 
f 457/457/457 459/459/459 454/454/454 
f 454/454/454 459/459/459 453/453/453 
f 459/459/459 460/460/460 453/453/453 
f 453/453/453 460/460/460 452/452/452 
f 460/460/460 461/461/461 452/452/452 
f 452/452/452 461/461/461 451/451/451 
f 461/461/461 462/462/462 451/451/451 
f 451/451/451 462/462/462 450/450/450 
f 462/462/462 463/463/463 450/450/450 
f 450/450/450 463/463/463 450/450/450 
f 463/463/463 464/464/464 450/450/450 
f 450/450/450 464/464/464 449/449/449 
f 464/464/464 465/465/465 449/449/449 
f 449/449/449 465/465/465 448/448/448 
f 465/465/465 466/466/466 448/448/448 
f 448/448/448 466/466/466 447/447/447 
f 466/466/466 467/467/467 447/447/447 
f 447/447/447 467/467/467 446/446/446 
f 467/467/467 468/468/468 446/446/446 
f 446/446/446 468/468/468 445/445/445 
f 468/468/468 469/469/469 445/445/445 
f 445/445/445 469/469/469 444/444/444 
f 469/469/469 470/470/470 444/444/444 
f 444/444/444 470/470/470 443/443/443 
f 470/470/470 443/443/443 443/443/443 
f 443/443/443 443/443/443 470/470/470 
f 443/443/443 470/470/470 470/470/470 
f 470/470/470 470/470/470 471/471/471 
f 470/470/470 469/469/469 471/471/471 
f 471/471/471 469/469/469 472/472/472 
f 469/469/469 468/468/468 472/472/472 
f 472/472/472 468/468/468 473/473/473 
f 468/468/468 467/467/467 473/473/473 
f 473/473/473 467/467/467 474/474/474 
f 467/467/467 466/466/466 474/474/474 
f 474/474/474 466/466/466 475/475/475 
f 466/466/466 465/465/465 475/475/475 
f 475/475/475 465/465/465 476/476/476 
f 465/465/465 464/464/464 476/476/476 
f 476/476/476 464/464/464 477/477/477 
f 464/464/464 463/463/463 477/477/477 
f 477/477/477 463/463/463 478/478/478 
f 463/463/463 463/463/463 478/478/478 
f 478/478/478 463/463/463 479/479/479 
f 463/463/463 462/462/462 479/479/479 
f 479/479/479 462/462/462 480/480/480 
f 462/462/462 461/461/461 480/480/480 
f 480/480/480 461/461/461 481/481/481 
f 461/461/461 460/460/460 481/481/481 
f 481/481/481 460/460/460 482/482/482 
f 460/460/460 459/459/459 482/482/482 
f 482/482/482 459/459/459 483/483/483 
f 459/459/459 457/457/457 483/483/483 
f 483/483/483 457/457/457 483/483/483 
f 457/457/457 458/458/458 483/483/483 
f 483/483/483 458/458/458 483/483/483 
f 458/458/458 484/484/484 483/483/483 
f 483/483/483 484/484/484 485/485/485 
f 484/484/484 486/486/486 485/485/485 
f 485/485/485 486/486/486 486/486/486 
f 486/486/486 483/483/483 486/486/486 
f 486/486/486 483/483/483 483/483/483 
f 483/483/483 485/485/485 483/483/483 
f 483/483/483 485/485/485 482/482/482 
f 485/485/485 487/487/487 482/482/482 
f 482/482/482 487/487/487 481/481/481 
f 487/487/487 488/488/488 481/481/481 
f 481/481/481 488/488/488 480/480/480 
f 488/488/488 489/489/489 480/480/480 
f 480/480/480 489/489/489 479/479/479 
f 489/489/489 490/490/490 479/479/479 
f 479/479/479 490/490/490 478/478/478 
f 490/490/490 491/491/491 478/478/478 
f 478/478/478 491/491/491 478/478/478 
f 491/491/491 492/492/492 478/478/478 
f 478/478/478 492/492/492 477/477/477 
f 492/492/492 493/493/493 477/477/477 
f 477/477/477 493/493/493 476/476/476 
f 493/493/493 494/494/494 476/476/476 
f 476/476/476 494/494/494 475/475/475 
f 494/494/494 495/495/495 475/475/475 
f 475/475/475 495/495/495 474/474/474 
f 495/495/495 496/496/496 474/474/474 
f 474/474/474 496/496/496 473/473/473 
f 496/496/496 497/497/497 473/473/473 
f 473/473/473 497/497/497 472/472/472 
f 497/497/497 498/498/498 472/472/472 
f 472/472/472 498/498/498 471/471/471 
f 498/498/498 471/471/471 471/471/471 
f 471/471/471 471/471/471 498/498/498 
f 471/471/471 498/498/498 498/498/498 
f 498/498/498 498/498/498 499/499/499 
f 498/498/498 497/497/497 499/499/499 
f 499/499/499 497/497/497 500/500/500 
f 497/497/497 496/496/496 500/500/500 
f 500/500/500 496/496/496 501/501/501 
f 496/496/496 495/495/495 501/501/501 
f 501/501/501 495/495/495 502/502/502 
f 495/495/495 494/494/494 502/502/502 
f 502/502/502 494/494/494 503/503/503 
f 494/494/494 493/493/493 503/503/503 
f 503/503/503 493/493/493 504/504/504 
f 493/493/493 492/492/492 504/504/504 
f 504/504/504 492/492/492 505/505/505 
f 492/492/492 491/491/491 505/505/505 
f 505/505/505 491/491/491 506/506/506 
f 491/491/491 491/491/491 506/506/506 
f 506/506/506 491/491/491 507/507/507 
f 491/491/491 490/490/490 507/507/507 
f 507/507/507 490/490/490 508/508/508 
f 490/490/490 489/489/489 508/508/508 
f 508/508/508 489/489/489 509/509/509 
f 489/489/489 488/488/488 509/509/509 
f 509/509/509 488/488/488 510/510/510 
f 488/488/488 487/487/487 510/510/510 
f 510/510/510 487/487/487 511/511/511 
f 487/487/487 485/485/485 511/511/511 
f 511/511/511 485/485/485 511/511/511 
f 485/485/485 486/486/486 511/511/511 
f 511/511/511 486/486/486 511/511/511 
f 486/486/486 512/512/512 511/511/511 
f 511/511/511 512/512/512 513/513/513 
f 512/512/512 514/514/514 513/513/513 
f 513/513/513 514/514/514 514/514/514 
f 514/514/514 511/511/511 514/514/514 
f 514/514/514 511/511/511 511/511/511 
f 511/511/511 513/513/513 511/511/511 
f 511/511/511 513/513/513 510/510/510 
f 513/513/513 515/515/515 510/510/510 
f 510/510/510 515/515/515 509/509/509 
f 515/515/515 516/516/516 509/509/509 
f 509/509/509 516/516/516 508/508/508 
f 516/516/516 517/517/517 508/508/508 
f 508/508/508 517/517/517 507/507/507 
f 517/517/517 518/518/518 507/507/507 
f 507/507/507 518/518/518 506/506/506 
f 518/518/518 519/519/519 506/506/506 
f 506/506/506 519/519/519 506/506/506 
f 519/519/519 520/520/520 506/506/506 
f 506/506/506 520/520/520 505/505/505 
f 520/520/520 521/521/521 505/505/505 
f 505/505/505 521/521/521 504/504/504 
f 521/521/521 522/522/522 504/504/504 
f 504/504/504 522/522/522 503/503/503 
f 522/522/522 523/523/523 503/503/503 
f 503/503/503 523/523/523 502/502/502 
f 523/523/523 524/524/524 502/502/502 
f 502/502/502 524/524/524 501/501/501 
f 524/524/524 525/525/525 501/501/501 
f 501/501/501 525/525/525 500/500/500 
f 525/525/525 526/526/526 500/500/500 
f 500/500/500 526/526/526 499/499/499 
f 526/526/526 499/499/499 499/499/499 
f 499/499/499 499/499/499 526/526/526 
f 499/499/499 526/526/526 526/526/526 
f 526/526/526 526/526/526 527/527/527 
f 526/526/526 525/525/525 527/527/527 
f 527/527/527 525/525/525 528/528/528 
f 525/525/525 524/524/524 528/528/528 
f 528/528/528 524/524/524 529/529/529 
f 524/524/524 523/523/523 529/529/529 
f 529/529/529 523/523/523 530/530/530 
f 523/523/523 522/522/522 530/530/530 
f 530/530/530 522/522/522 531/531/531 
f 522/522/522 521/521/521 531/531/531 
f 531/531/531 521/521/521 532/532/532 
f 521/521/521 520/520/520 532/532/532 
f 532/532/532 520/520/520 533/533/533 
f 520/520/520 519/519/519 533/533/533 
f 533/533/533 519/519/519 534/534/534 
f 519/519/519 519/519/519 534/534/534 
f 534/534/534 519/519/519 535/535/535 
f 519/519/519 518/518/518 535/535/535 
f 535/535/535 518/518/518 536/536/536 
f 518/518/518 517/517/517 536/536/536 
f 536/536/536 517/517/517 537/537/537 
f 517/517/517 516/516/516 537/537/537 
f 537/537/537 516/516/516 538/538/538 
f 516/516/516 515/515/515 538/538/538 
f 538/538/538 515/515/515 539/539/539 
f 515/515/515 513/513/513 539/539/539 
f 539/539/539 513/513/513 539/539/539 
f 513/513/513 514/514/514 539/539/539 
f 539/539/539 514/514/514 539/539/539 
f 514/514/514 540/540/540 539/539/539 
f 539/539/539 540/540/540 541/541/541 
f 540/540/540 542/542/542 541/541/541 
f 541/541/541 542/542/542 542/542/542 
f 542/542/542 539/539/539 542/542/542 
f 542/542/542 539/539/539 539/539/539 
f 539/539/539 541/541/541 539/539/539 
f 539/539/539 541/541/541 538/538/538 
f 541/541/541 543/543/543 538/538/538 
f 538/538/538 543/543/543 537/537/537 
f 543/543/543 544/544/544 537/537/537 
f 537/537/537 544/544/544 536/536/536 
f 544/544/544 545/545/545 536/536/536 
f 536/536/536 545/545/545 535/535/535 
f 545/545/545 546/546/546 535/535/535 
f 535/535/535 546/546/546 534/534/534 
f 546/546/546 547/547/547 534/534/534 
f 534/534/534 547/547/547 534/534/534 
f 547/547/547 548/548/548 534/534/534 
f 534/534/534 548/548/548 533/533/533 
f 548/548/548 549/549/549 533/533/533 
f 533/533/533 549/549/549 532/532/532 
f 549/549/549 550/550/550 532/532/532 
f 532/532/532 550/550/550 531/531/531 
f 550/550/550 551/551/551 531/531/531 
f 531/531/531 551/551/551 530/530/530 
f 551/551/551 552/552/552 530/530/530 
f 530/530/530 552/552/552 529/529/529 
f 552/552/552 553/553/553 529/529/529 
f 529/529/529 553/553/553 528/528/528 
f 553/553/553 554/554/554 528/528/528 
f 528/528/528 554/554/554 527/527/527 
f 554/554/554 527/527/527 527/527/527 
f 527/527/527 527/527/527 554/554/554 
f 527/527/527 554/554/554 554/554/554 
f 554/554/554 554/554/554 555/555/555 
f 554/554/554 553/553/553 555/555/555 
f 555/555/555 553/553/553 556/556/556 
f 553/553/553 552/552/552 556/556/556 
f 556/556/556 552/552/552 557/557/557 
f 552/552/552 551/551/551 557/557/557 
f 557/557/557 551/551/551 558/558/558 
f 551/551/551 550/550/550 558/558/558 
f 558/558/558 550/550/550 559/559/559 
f 550/550/550 549/549/549 559/559/559 
f 559/559/559 549/549/549 560/560/560 
f 549/549/549 548/548/548 560/560/560 
f 560/560/560 548/548/548 561/561/561 
f 548/548/548 547/547/547 561/561/561 
f 561/561/561 547/547/547 562/562/562 
f 547/547/547 547/547/547 562/562/562 
f 562/562/562 547/547/547 563/563/563 
f 547/547/547 546/546/546 563/563/563 
f 563/563/563 546/546/546 564/564/564 
f 546/546/546 545/545/545 564/564/564 
f 564/564/564 545/545/545 565/565/565 
f 545/545/545 544/544/544 565/565/565 
f 565/565/565 544/544/544 566/566/566 
f 544/544/544 543/543/543 566/566/566 
f 566/566/566 543/543/543 567/567/567 
f 543/543/543 541/541/541 567/567/567 
f 567/567/567 541/541/541 567/567/567 
f 541/541/541 542/542/542 567/567/567 
f 567/567/567 542/542/542 567/567/567 
f 542/542/542 568/568/568 567/567/567 
f 567/567/567 568/568/568 569/569/569 
f 568/568/568 570/570/570 569/569/569 
f 569/569/569 570/570/570 570/570/570 
f 570/570/570 567/567/567 570/570/570 
f 570/570/570 567/567/567 567/567/567 
f 567/567/567 569/569/569 567/567/567 
f 567/567/567 569/569/569 566/566/566 
f 569/569/569 571/571/571 566/566/566 
f 566/566/566 571/571/571 565/565/565 
f 571/571/571 572/572/572 565/565/565 
f 565/565/565 572/572/572 564/564/564 
f 572/572/572 573/573/573 564/564/564 
f 564/564/564 573/573/573 563/563/563 
f 573/573/573 574/574/574 563/563/563 
f 563/563/563 574/574/574 562/562/562 
f 574/574/574 575/575/575 562/562/562 
f 562/562/562 575/575/575 562/562/562 
f 575/575/575 576/576/576 562/562/562 
f 562/562/562 576/576/576 561/561/561 
f 576/576/576 577/577/577 561/561/561 
f 561/561/561 577/577/577 560/560/560 
f 577/577/577 578/578/578 560/560/560 
f 560/560/560 578/578/578 559/559/559 
f 578/578/578 579/579/579 559/559/559 
f 559/559/559 579/579/579 558/558/558 
f 579/579/579 580/580/580 558/558/558 
f 558/558/558 580/580/580 557/557/557 
f 580/580/580 581/581/581 557/557/557 
f 557/557/557 581/581/581 556/556/556 
f 581/581/581 582/582/582 556/556/556 
f 556/556/556 582/582/582 555/555/555 
f 582/582/582 555/555/555 555/555/555 
f 555/555/555 555/555/555 582/582/582 
f 555/555/555 582/582/582 582/582/582 
f 582/582/582 582/582/582 583/583/583 
f 582/582/582 581/581/581 583/583/583 
f 583/583/583 581/581/581 584/584/584 
f 581/581/581 580/580/580 584/584/584 
f 584/584/584 580/580/580 585/585/585 
f 580/580/580 579/579/579 585/585/585 
f 585/585/585 579/579/579 586/586/586 
f 579/579/579 578/578/578 586/586/586 
f 586/586/586 578/578/578 587/587/587 
f 578/578/578 577/577/577 587/587/587 
f 587/587/587 577/577/577 588/588/588 
f 577/577/577 576/576/576 588/588/588 
f 588/588/588 576/576/576 589/589/589 
f 576/576/576 575/575/575 589/589/589 
f 589/589/589 575/575/575 590/590/590 
f 575/575/575 575/575/575 590/590/590 
f 590/590/590 575/575/575 591/591/591 
f 575/575/575 574/574/574 591/591/591 
f 591/591/591 574/574/574 592/592/592 
f 574/574/574 573/573/573 592/592/592 
f 592/592/592 573/573/573 593/593/593 
f 573/573/573 572/572/572 593/593/593 
f 593/593/593 572/572/572 594/594/594 
f 572/572/572 571/571/571 594/594/594 
f 594/594/594 571/571/571 595/595/595 
f 571/571/571 569/569/569 595/595/595 
f 595/595/595 569/569/569 595/595/595 
f 569/569/569 570/570/570 595/595/595 
f 595/595/595 570/570/570 595/595/595 
f 570/570/570 596/596/596 595/595/595 
f 595/595/595 596/596/596 597/597/597 
f 596/596/596 598/598/598 597/597/597 
f 597/597/597 598/598/598 599/599/599 
f 598/598/598 600/600/600 599/599/599 
f 599/599/599 600/600/600 600/600/600 
f 600/600/600 595/595/595 600/600/600 
f 600/600/600 595/595/595 595/595/595 
f 595/595/595 597/597/597 595/595/595 
f 595/595/595 597/597/597 594/594/594 
f 597/597/597 601/601/601 594/594/594 
f 594/594/594 601/601/601 593/593/593 
f 601/601/601 602/602/602 593/593/593 
f 593/593/593 602/602/602 592/592/592 
f 602/602/602 603/603/603 592/592/592 
f 592/592/592 603/603/603 591/591/591 
f 603/603/603 604/604/604 591/591/591 
f 591/591/591 604/604/604 591/591/591 
f 604/604/604 605/605/605 591/591/591 
f 591/591/591 605/605/605 590/590/590 
f 605/605/605 606/606/606 590/590/590 
f 590/590/590 606/606/606 589/589/589 
f 606/606/606 589/589/589 589/589/589 
f 589/589/589 589/589/589 597/597/597 
f 589/589/589 597/597/597 597/597/597 
f 597/597/597 597/597/597 601/601/601 
f 597/597/597 599/599/599 601/601/601 
f 601/601/601 599/599/599 599/599/599 
f 599/599/599 605/605/605 599/599/599 
f 599/599/599 605/605/605 605/605/605 
f 605/605/605 607/607/607 605/605/605 
f 605/605/605 607/607/607 606/606/606 
f 607/607/607 608/608/608 606/606/606 
f 606/606/606 608/608/608 609/609/609 
f 608/608/608 608/608/608 609/609/609 
f 609/609/609 608/608/608 610/610/610 
f 608/608/608 611/611/611 610/610/610 
f 610/610/610 611/611/611 612/612/612 
f 611/611/611 612/612/612 612/612/612 
f 612/612/612 612/612/612 607/607/607 
f 612/612/612 607/607/607 607/607/607 
f 607/607/607 607/607/607 608/608/608 
f 607/607/607 613/613/613 608/608/608 
f 608/608/608 613/613/613 611/611/611 
f 613/613/613 611/611/611 611/611/611 
f 611/611/611 611/611/611 606/606/606 
f 611/611/611 606/606/606 606/606/606 
f 606/606/606 606/606/606 589/589/589 
f 606/606/606 609/609/609 589/589/589 
f 589/589/589 609/609/609 588/588/588 
f 609/609/609 614/614/614 588/588/588 
f 588/588/588 614/614/614 587/587/587 
f 614/614/614 587/587/587 587/587/587 
f 587/587/587 587/587/587 609/609/609 
f 587/587/587 609/609/609 609/609/609 
f 609/609/609 609/609/609 614/614/614 
f 609/609/609 610/610/610 614/614/614 
f 614/614/614 610/610/610 615/615/615 
f 610/610/610 612/612/612 615/615/615 
f 615/615/615 612/612/612 615/615/615 
f 612/612/612 616/616/616 615/615/615 
f 615/615/615 616/616/616 617/617/617 
f 616/616/616 618/618/618 617/617/617 
f 617/617/617 618/618/618 619/619/619 
f 618/618/618 618/618/618 619/619/619 
f 619/619/619 618/618/618 620/620/620 
f 618/618/618 621/621/621 620/620/620 
f 620/620/620 621/621/621 622/622/622 
f 621/621/621 622/622/622 622/622/622 
f 622/622/622 622/622/622 616/616/616 
f 622/622/622 616/616/616 616/616/616 
f 616/616/616 616/616/616 618/618/618 
f 616/616/616 623/623/623 618/618/618 
f 618/618/618 623/623/623 621/621/621 
f 623/623/623 621/621/621 621/621/621 
f 621/621/621 621/621/621 615/615/615 
f 621/621/621 615/615/615 615/615/615 
f 615/615/615 615/615/615 624/624/624 
f 615/615/615 617/617/617 624/624/624 
f 624/624/624 617/617/617 625/625/625 
f 617/617/617 619/619/619 625/625/625 
f 625/625/625 619/619/619 625/625/625 
f 619/619/619 626/626/626 625/625/625 
f 625/625/625 626/626/626 585/585/585 
f 626/626/626 584/584/584 585/585/585 
f 585/585/585 584/584/584 584/584/584 
f 584/584/584 615/615/615 584/584/584 
f 584/584/584 615/615/615 615/615/615 
f 615/615/615 624/624/624 615/615/615 
f 615/615/615 624/624/624 614/614/614 
f 624/624/624 624/624/624 614/614/614 
f 614/614/614 624/624/624 587/587/587 
f 624/624/624 624/624/624 587/587/587 
f 587/587/587 624/624/624 586/586/586 
f 624/624/624 625/625/625 586/586/586 
f 586/586/586 625/625/625 585/585/585 
f 625/625/625 585/585/585 585/585/585 
f 585/585/585 585/585/585 626/626/626 
f 585/585/585 626/626/626 626/626/626 
f 626/626/626 626/626/626 627/627/627 
f 626/626/626 619/619/619 627/627/627 
f 627/627/627 619/619/619 627/627/627 
f 619/619/619 620/620/620 627/627/627 
f 627/627/627 620/620/620 628/628/628 
f 620/620/620 622/622/622 628/628/628 
f 628/628/628 622/622/622 628/628/628 
f 622/622/622 629/629/629 628/628/628 
f 628/628/628 629/629/629 630/630/630 
f 629/629/629 631/631/631 630/630/630 
f 630/630/630 631/631/631 631/631/631 
f 631/631/631 630/630/630 631/631/631 
f 631/631/631 630/630/630 630/630/630 
f 630/630/630 632/632/632 630/630/630 
f 630/630/630 632/632/632 628/628/628 
f 632/632/632 632/632/632 628/628/628 
f 628/628/628 632/632/632 627/627/627 
f 632/632/632 633/633/633 627/627/627 
f 627/627/627 633/633/633 626/626/626 
f 633/633/633 633/633/633 626/626/626 
f 626/626/626 633/633/633 584/584/584 
f 633/633/633 633/633/633 584/584/584 
f 584/584/584 633/633/633 583/583/583 
f 633/633/633 633/633/633 583/583/583 
f 583/583/583 633/633/633 634/634/634 
f 633/633/633 632/632/632 634/634/634 
f 634/634/634 632/632/632 635/635/635 
f 632/632/632 630/630/630 635/635/635 
f 635/635/635 630/630/630 636/636/636 
f 630/630/630 631/631/631 636/636/636 
f 636/636/636 631/631/631 636/636/636 
f 631/631/631 637/637/637 636/636/636 
f 636/636/636 637/637/637 638/638/638 
f 637/637/637 639/639/639 638/638/638 
f 638/638/638 639/639/639 639/639/639 
f 639/639/639 638/638/638 639/639/639 
f 639/639/639 638/638/638 638/638/638 
f 638/638/638 640/640/640 638/638/638 
f 638/638/638 640/640/640 636/636/636 
f 640/640/640 640/640/640 636/636/636 
f 636/636/636 640/640/640 635/635/635 
f 640/640/640 641/641/641 635/635/635 
f 635/635/635 641/641/641 634/634/634 
f 641/641/641 642/642/642 634/634/634 
f 634/634/634 642/642/642 583/583/583 
f 642/642/642 642/642/642 583/583/583 
f 583/583/583 642/642/642 582/582/582 
f 642/642/642 643/643/643 582/582/582 
f 582/582/582 643/643/643 555/555/555 
f 643/643/643 644/644/644 555/555/555 
f 555/555/555 644/644/644 554/554/554 
f 644/644/644 645/645/645 554/554/554 
f 554/554/554 645/645/645 527/527/527 
f 645/645/645 646/646/646 527/527/527 
f 527/527/527 646/646/646 526/526/526 
f 646/646/646 647/647/647 526/526/526 
f 526/526/526 647/647/647 499/499/499 
f 647/647/647 648/648/648 499/499/499 
f 499/499/499 648/648/648 498/498/498 
f 648/648/648 649/649/649 498/498/498 
f 498/498/498 649/649/649 471/471/471 
f 649/649/649 650/650/650 471/471/471 
f 471/471/471 650/650/650 470/470/470 
f 650/650/650 651/651/651 470/470/470 
f 470/470/470 651/651/651 443/443/443 
f 651/651/651 652/652/652 443/443/443 
f 443/443/443 652/652/652 442/442/442 
f 652/652/652 653/653/653 442/442/442 
f 442/442/442 653/653/653 415/415/415 
f 653/653/653 654/654/654 415/415/415 
f 415/415/415 654/654/654 413/413/413 
f 654/654/654 655/655/655 413/413/413 
f 413/413/413 655/655/655 386/386/386 
f 655/655/655 656/656/656 386/386/386 
f 386/386/386 656/656/656 385/385/385 
f 656/656/656 657/657/657 385/385/385 
f 385/385/385 657/657/657 384/384/384 
f 657/657/657 658/658/658 384/384/384 
f 384/384/384 658/658/658 383/383/383 
f 658/658/658 659/659/659 383/383/383 
f 383/383/383 659/659/659 382/382/382 
f 659/659/659 660/660/660 382/382/382 
f 382/382/382 660/660/660 381/381/381 
f 660/660/660 661/661/661 381/381/381 
f 381/381/381 661/661/661 380/380/380 
f 661/661/661 662/662/662 380/380/380 
f 380/380/380 662/662/662 379/379/379 
f 662/662/662 663/663/663 379/379/379 
f 379/379/379 663/663/663 379/379/379 
f 663/663/663 664/664/664 379/379/379 
f 379/379/379 664/664/664 378/378/378 
f 664/664/664 665/665/665 378/378/378 
f 378/378/378 665/665/665 377/377/377 
f 665/665/665 666/666/666 377/377/377 
f 377/377/377 666/666/666 376/376/376 
f 666/666/666 667/667/667 376/376/376 
f 376/376/376 667/667/667 375/375/375 
f 667/667/667 668/668/668 375/375/375 
f 375/375/375 668/668/668 374/374/374 
f 668/668/668 669/669/669 374/374/374 
f 374/374/374 669/669/669 373/373/373 
f 669/669/669 670/670/670 373/373/373 
f 373/373/373 670/670/670 373/373/373 
f 670/670/670 671/671/671 373/373/373 
f 373/373/373 671/671/671 372/372/372 
f 671/671/671 672/672/672 372/372/372 
f 372/372/372 672/672/672 371/371/371 
f 672/672/672 673/673/673 371/371/371 
f 371/371/371 673/673/673 370/370/370 
f 673/673/673 674/674/674 370/370/370 
f 370/370/370 674/674/674 369/369/369 
f 674/674/674 675/675/675 369/369/369 
f 369/369/369 675/675/675 368/368/368 
f 675/675/675 676/676/676 368/368/368 
f 368/368/368 676/676/676 366/366/366 
f 676/676/676 676/676/676 366/366/366 
f 366/366/366 676/676/676 367/367/367 
f 676/676/676 676/676/676 367/367/367 
f 367/367/367 676/676/676 677/677/677 
f 676/676/676 678/678/678 677/677/677 
f 677/677/677 678/678/678 679/679/679 
f 678/678/678 679/679/679 679/679/679 
f 679/679/679 679/679/679 676/676/676 
f 679/679/679 676/676/676 676/676/676 
f 676/676/676 676/676/676 678/678/678 
f 676/676/676 675/675/675 678/678/678 
f 678/678/678 675/675/675 680/680/680 
f 675/675/675 674/674/674 680/680/680 
f 680/680/680 674/674/674 681/681/681 
f 674/674/674 673/673/673 681/681/681 
f 681/681/681 673/673/673 682/682/682 
f 673/673/673 672/672/672 682/682/682 
f 682/682/682 672/672/672 683/683/683 
f 672/672/672 671/671/671 683/683/683 
f 683/683/683 671/671/671 684/684/684 
f 671/671/671 670/670/670 684/684/684 
f 684/684/684 670/670/670 685/685/685 
f 670/670/670 670/670/670 685/685/685 
f 685/685/685 670/670/670 686/686/686 
f 670/670/670 669/669/669 686/686/686 
f 686/686/686 669/669/669 687/687/687 
f 669/669/669 668/668/668 687/687/687 
f 687/687/687 668/668/668 688/688/688 
f 668/668/668 667/667/667 688/688/688 
f 688/688/688 667/667/667 689/689/689 
f 667/667/667 666/666/666 689/689/689 
f 689/689/689 666/666/666 690/690/690 
f 666/666/666 665/665/665 690/690/690 
f 690/690/690 665/665/665 691/691/691 
f 665/665/665 664/664/664 691/691/691 
f 691/691/691 664/664/664 692/692/692 
f 664/664/664 663/663/663 692/692/692 
f 692/692/692 663/663/663 693/693/693 
f 663/663/663 663/663/663 693/693/693 
f 693/693/693 663/663/663 694/694/694 
f 663/663/663 662/662/662 694/694/694 
f 694/694/694 662/662/662 695/695/695 
f 662/662/662 661/661/661 695/695/695 
f 695/695/695 661/661/661 696/696/696 
f 661/661/661 660/660/660 696/696/696 
f 696/696/696 660/660/660 697/697/697 
f 660/660/660 659/659/659 697/697/697 
f 697/697/697 659/659/659 698/698/698 
f 659/659/659 658/658/658 698/698/698 
f 698/698/698 658/658/658 699/699/699 
f 658/658/658 657/657/657 699/699/699 
f 699/699/699 657/657/657 700/700/700 
f 657/657/657 656/656/656 700/700/700 
f 700/700/700 656/656/656 701/701/701 
f 656/656/656 655/655/655 701/701/701 
f 701/701/701 655/655/655 702/702/702 
f 655/655/655 654/654/654 702/702/702 
f 702/702/702 654/654/654 703/703/703 
f 654/654/654 653/653/653 703/703/703 
f 703/703/703 653/653/653 704/704/704 
f 653/653/653 652/652/652 704/704/704 
f 704/704/704 652/652/652 705/705/705 
f 652/652/652 651/651/651 705/705/705 
f 705/705/705 651/651/651 706/706/706 
f 651/651/651 650/650/650 706/706/706 
f 706/706/706 650/650/650 707/707/707 
f 650/650/650 649/649/649 707/707/707 
f 707/707/707 649/649/649 708/708/708 
f 649/649/649 648/648/648 708/708/708 
f 708/708/708 648/648/648 709/709/709 
f 648/648/648 647/647/647 709/709/709 
f 709/709/709 647/647/647 710/710/710 
f 647/647/647 646/646/646 710/710/710 
f 710/710/710 646/646/646 711/711/711 
f 646/646/646 645/645/645 711/711/711 
f 711/711/711 645/645/645 712/712/712 
f 645/645/645 644/644/644 712/712/712 
f 712/712/712 644/644/644 713/713/713 
f 644/644/644 643/643/643 713/713/713 
f 713/713/713 643/643/643 714/714/714 
f 643/643/643 642/642/642 714/714/714 
f 714/714/714 642/642/642 714/714/714 
f 642/642/642 641/641/641 714/714/714 
f 714/714/714 641/641/641 715/715/715 
f 641/641/641 640/640/640 715/715/715 
f 715/715/715 640/640/640 716/716/716 
f 640/640/640 638/638/638 716/716/716 
f 716/716/716 638/638/638 717/717/717 
f 638/638/638 639/639/639 717/717/717 
f 717/717/717 639/639/639 717/717/717 
f 639/639/639 718/718/718 717/717/717 
f 717/717/717 718/718/718 719/719/719 
f 718/718/718 720/720/720 719/719/719 
f 719/719/719 720/720/720 720/720/720 
f 720/720/720 719/719/719 720/720/720 
f 720/720/720 719/719/719 719/719/719 
f 719/719/719 721/721/721 719/719/719 
f 719/719/719 721/721/721 717/717/717 
f 721/721/721 721/721/721 717/717/717 
f 717/717/717 721/721/721 716/716/716 
f 721/721/721 722/722/722 716/716/716 
f 716/716/716 722/722/722 715/715/715 
f 722/722/722 723/723/723 715/715/715 
f 715/715/715 723/723/723 714/714/714 
f 723/723/723 723/723/723 714/714/714 
f 714/714/714 723/723/723 713/713/713 
f 723/723/723 724/724/724 713/713/713 
f 713/713/713 724/724/724 712/712/712 
f 724/724/724 725/725/725 712/712/712 
f 712/712/712 725/725/725 711/711/711 
f 725/725/725 726/726/726 711/711/711 
f 711/711/711 726/726/726 710/710/710 
f 726/726/726 727/727/727 710/710/710 
f 710/710/710 727/727/727 709/709/709 
f 727/727/727 728/728/728 709/709/709 
f 709/709/709 728/728/728 708/708/708 
f 728/728/728 729/729/729 708/708/708 
f 708/708/708 729/729/729 707/707/707 
f 729/729/729 730/730/730 707/707/707 
f 707/707/707 730/730/730 706/706/706 
f 730/730/730 731/731/731 706/706/706 
f 706/706/706 731/731/731 705/705/705 
f 731/731/731 732/732/732 705/705/705 
f 705/705/705 732/732/732 704/704/704 
f 732/732/732 733/733/733 704/704/704 
f 704/704/704 733/733/733 703/703/703 
f 733/733/733 734/734/734 703/703/703 
f 703/703/703 734/734/734 702/702/702 
f 734/734/734 735/735/735 702/702/702 
f 702/702/702 735/735/735 701/701/701 
f 735/735/735 736/736/736 701/701/701 
f 701/701/701 736/736/736 700/700/700 
f 736/736/736 737/737/737 700/700/700 
f 700/700/700 737/737/737 699/699/699 
f 737/737/737 738/738/738 699/699/699 
f 699/699/699 738/738/738 698/698/698 
f 738/738/738 739/739/739 698/698/698 
f 698/698/698 739/739/739 697/697/697 
f 739/739/739 740/740/740 697/697/697 
f 697/697/697 740/740/740 696/696/696 
f 740/740/740 741/741/741 696/696/696 
f 696/696/696 741/741/741 695/695/695 
f 741/741/741 742/742/742 695/695/695 
f 695/695/695 742/742/742 694/694/694 
f 742/742/742 743/743/743 694/694/694 
f 694/694/694 743/743/743 693/693/693 
f 743/743/743 744/744/744 693/693/693 
f 693/693/693 744/744/744 693/693/693 
f 744/744/744 745/745/745 693/693/693 
f 693/693/693 745/745/745 692/692/692 
f 745/745/745 746/746/746 692/692/692 
f 692/692/692 746/746/746 691/691/691 
f 746/746/746 747/747/747 691/691/691 
f 691/691/691 747/747/747 690/690/690 
f 747/747/747 748/748/748 690/690/690 
f 690/690/690 748/748/748 689/689/689 
f 748/748/748 749/749/749 689/689/689 
f 689/689/689 749/749/749 688/688/688 
f 749/749/749 750/750/750 688/688/688 
f 688/688/688 750/750/750 687/687/687 
f 750/750/750 751/751/751 687/687/687 
f 687/687/687 751/751/751 686/686/686 
f 751/751/751 752/752/752 686/686/686 
f 686/686/686 752/752/752 685/685/685 
f 752/752/752 753/753/753 685/685/685 
f 685/685/685 753/753/753 685/685/685 
f 753/753/753 754/754/754 685/685/685 
f 685/685/685 754/754/754 684/684/684 
f 754/754/754 755/755/755 684/684/684 
f 684/684/684 755/755/755 683/683/683 
f 755/755/755 756/756/756 683/683/683 
f 683/683/683 756/756/756 682/682/682 
f 756/756/756 757/757/757 682/682/682 
f 682/682/682 757/757/757 681/681/681 
f 757/757/757 758/758/758 681/681/681 
f 681/681/681 758/758/758 680/680/680 
f 758/758/758 759/759/759 680/680/680 
f 680/680/680 759/759/759 678/678/678 
f 759/759/759 759/759/759 678/678/678 
f 678/678/678 759/759/759 679/679/679 
f 759/759/759 759/759/759 679/679/679 
f 679/679/679 759/759/759 760/760/760 
f 759/759/759 761/761/761 760/760/760 
f 760/760/760 761/761/761 762/762/762 
f 761/761/761 762/762/762 762/762/762 
f 762/762/762 762/762/762 759/759/759 
f 762/762/762 759/759/759 759/759/759 
f 759/759/759 759/759/759 761/761/761 
f 759/759/759 758/758/758 761/761/761 
f 761/761/761 758/758/758 763/763/763 
f 758/758/758 757/757/757 763/763/763 
f 763/763/763 757/757/757 764/764/764 
f 757/757/757 756/756/756 764/764/764 
f 764/764/764 756/756/756 765/765/765 
f 756/756/756 755/755/755 765/765/765 
f 765/765/765 755/755/755 766/766/766 
f 755/755/755 754/754/754 766/766/766 
f 766/766/766 754/754/754 767/767/767 
f 754/754/754 753/753/753 767/767/767 
f 767/767/767 753/753/753 768/768/768 
f 753/753/753 753/753/753 768/768/768 
f 768/768/768 753/753/753 769/769/769 
f 753/753/753 752/752/752 769/769/769 
f 769/769/769 752/752/752 770/770/770 
f 752/752/752 751/751/751 770/770/770 
f 770/770/770 751/751/751 771/771/771 
f 751/751/751 750/750/750 771/771/771 
f 771/771/771 750/750/750 772/772/772 
f 750/750/750 749/749/749 772/772/772 
f 772/772/772 749/749/749 773/773/773 
f 749/749/749 748/748/748 773/773/773 
f 773/773/773 748/748/748 774/774/774 
f 748/748/748 747/747/747 774/774/774 
f 774/774/774 747/747/747 775/775/775 
f 747/747/747 746/746/746 775/775/775 
f 775/775/775 746/746/746 776/776/776 
f 746/746/746 745/745/745 776/776/776 
f 776/776/776 745/745/745 777/777/777 
f 745/745/745 744/744/744 777/777/777 
f 777/777/777 744/744/744 778/778/778 
f 744/744/744 744/744/744 778/778/778 
f 778/778/778 744/744/744 779/779/779 
f 744/744/744 743/743/743 779/779/779 
f 779/779/779 743/743/743 780/780/780 
f 743/743/743 742/742/742 780/780/780 
f 780/780/780 742/742/742 781/781/781 
f 742/742/742 741/741/741 781/781/781 
f 781/781/781 741/741/741 782/782/782 
f 741/741/741 740/740/740 782/782/782 
f 782/782/782 740/740/740 783/783/783 
f 740/740/740 739/739/739 783/783/783 
f 783/783/783 739/739/739 784/784/784 
f 739/739/739 738/738/738 784/784/784 
f 784/784/784 738/738/738 785/785/785 
f 738/738/738 737/737/737 785/785/785 
f 785/785/785 737/737/737 786/786/786 
f 737/737/737 736/736/736 786/786/786 
f 786/786/786 736/736/736 787/787/787 
f 736/736/736 735/735/735 787/787/787 
f 787/787/787 735/735/735 788/788/788 
f 735/735/735 734/734/734 788/788/788 
f 788/788/788 734/734/734 789/789/789 
f 734/734/734 733/733/733 789/789/789 
f 789/789/789 733/733/733 790/790/790 
f 733/733/733 732/732/732 790/790/790 
f 790/790/790 732/732/732 791/791/791 
f 732/732/732 731/731/731 791/791/791 
f 791/791/791 731/731/731 792/792/792 
f 731/731/731 730/730/730 792/792/792 
f 792/792/792 730/730/730 793/793/793 
f 730/730/730 729/729/729 793/793/793 
f 793/793/793 729/729/729 794/794/794 
f 729/729/729 728/728/728 794/794/794 
f 794/794/794 728/728/728 795/795/795 
f 728/728/728 727/727/727 795/795/795 
f 795/795/795 727/727/727 796/796/796 
f 727/727/727 726/726/726 796/796/796 
f 796/796/796 726/726/726 797/797/797 
f 726/726/726 725/725/725 797/797/797 
f 797/797/797 725/725/725 798/798/798 
f 725/725/725 724/724/724 798/798/798 
f 798/798/798 724/724/724 799/799/799 
f 724/724/724 723/723/723 799/799/799 
f 799/799/799 723/723/723 799/799/799 
f 723/723/723 722/722/722 799/799/799 
f 799/799/799 722/722/722 800/800/800 
f 722/722/722 721/721/721 800/800/800 
f 800/800/800 721/721/721 801/801/801 
f 721/721/721 719/719/719 801/801/801 
f 801/801/801 719/719/719 802/802/802 
f 719/719/719 720/720/720 802/802/802 
f 802/802/802 720/720/720 803/803/803 
f 720/720/720 804/804/804 803/803/803 
f 803/803/803 804/804/804 804/804/804 
f 804/804/804 803/803/803 804/804/804 
f 804/804/804 803/803/803 803/803/803 
f 803/803/803 805/805/805 803/803/803 
f 803/803/803 805/805/805 802/802/802 
f 805/805/805 806/806/806 802/802/802 
f 802/802/802 806/806/806 801/801/801 
f 806/806/806 807/807/807 801/801/801 
f 801/801/801 807/807/807 800/800/800 
f 807/807/807 800/800/800 800/800/800 
f 800/800/800 800/800/800 805/805/805 
f 800/800/800 805/805/805 805/805/805 
f 805/805/805 805/805/805 806/806/806 
f 805/805/805 808/808/808 806/806/806 
f 806/806/806 808/808/808 809/809/809 
f 808/808/808 810/810/810 809/809/809 
f 809/809/809 810/810/810 811/811/811 
f 810/810/810 812/812/812 811/811/811 
f 811/811/811 812/812/812 812/812/812 
f 812/812/812 806/806/806 812/812/812 
f 812/812/812 806/806/806 806/806/806 
f 806/806/806 809/809/809 806/806/806 
f 806/806/806 809/809/809 807/807/807 
f 809/809/809 813/813/813 807/807/807 
f 807/807/807 813/813/813 814/814/814 
f 813/813/813 815/815/815 814/814/814 
f 814/814/814 815/815/815 798/798/798 
f 815/815/815 797/797/797 798/798/798 
f 798/798/798 797/797/797 797/797/797 
f 797/797/797 809/809/809 797/797/797 
f 797/797/797 809/809/809 809/809/809 
f 809/809/809 811/811/811 809/809/809 
f 809/809/809 811/811/811 813/813/813 
f 811/811/811 816/816/816 813/813/813 
f 813/813/813 816/816/816 815/815/815 
f 816/816/816 817/817/817 815/815/815 
f 815/815/815 817/817/817 797/797/797 
f 817/817/817 817/817/817 797/797/797 
f 797/797/797 817/817/817 796/796/796 
f 817/817/817 818/818/818 796/796/796 
f 796/796/796 818/818/818 795/795/795 
f 818/818/818 819/819/819 795/795/795 
f 795/795/795 819/819/819 794/794/794 
f 819/819/819 820/820/820 794/794/794 
f 794/794/794 820/820/820 793/793/793 
f 820/820/820 821/821/821 793/793/793 
f 793/793/793 821/821/821 792/792/792 
f 821/821/821 822/822/822 792/792/792 
f 792/792/792 822/822/822 791/791/791 
f 822/822/822 823/823/823 791/791/791 
f 791/791/791 823/823/823 790/790/790 
f 823/823/823 824/824/824 790/790/790 
f 790/790/790 824/824/824 789/789/789 
f 824/824/824 825/825/825 789/789/789 
f 789/789/789 825/825/825 788/788/788 
f 825/825/825 826/826/826 788/788/788 
f 788/788/788 826/826/826 787/787/787 
f 826/826/826 827/827/827 787/787/787 
f 787/787/787 827/827/827 786/786/786 
f 827/827/827 828/828/828 786/786/786 
f 786/786/786 828/828/828 785/785/785 
f 828/828/828 829/829/829 785/785/785 
f 785/785/785 829/829/829 784/784/784 
f 829/829/829 830/830/830 784/784/784 
f 784/784/784 830/830/830 783/783/783 
f 830/830/830 831/831/831 783/783/783 
f 783/783/783 831/831/831 782/782/782 
f 831/831/831 832/832/832 782/782/782 
f 782/782/782 832/832/832 781/781/781 
f 832/832/832 833/833/833 781/781/781 
f 781/781/781 833/833/833 780/780/780 
f 833/833/833 834/834/834 780/780/780 
f 780/780/780 834/834/834 779/779/779 
f 834/834/834 835/835/835 779/779/779 
f 779/779/779 835/835/835 778/778/778 
f 835/835/835 836/836/836 778/778/778 
f 778/778/778 836/836/836 778/778/778 
f 836/836/836 837/837/837 778/778/778 
f 778/778/778 837/837/837 777/777/777 
f 837/837/837 838/838/838 777/777/777 
f 777/777/777 838/838/838 776/776/776 
f 838/838/838 839/839/839 776/776/776 
f 776/776/776 839/839/839 775/775/775 
f 839/839/839 840/840/840 775/775/775 
f 775/775/775 840/840/840 774/774/774 
f 840/840/840 841/841/841 774/774/774 
f 774/774/774 841/841/841 773/773/773 
f 841/841/841 842/842/842 773/773/773 
f 773/773/773 842/842/842 772/772/772 
f 842/842/842 843/843/843 772/772/772 
f 772/772/772 843/843/843 771/771/771 
f 843/843/843 844/844/844 771/771/771 
f 771/771/771 844/844/844 770/770/770 
f 844/844/844 845/845/845 770/770/770 
f 770/770/770 845/845/845 769/769/769 
f 845/845/845 846/846/846 769/769/769 
f 769/769/769 846/846/846 768/768/768 
f 846/846/846 847/847/847 768/768/768 
f 768/768/768 847/847/847 768/768/768 
f 847/847/847 848/848/848 768/768/768 
f 768/768/768 848/848/848 767/767/767 
f 848/848/848 849/849/849 767/767/767 
f 767/767/767 849/849/849 766/766/766 
f 849/849/849 850/850/850 766/766/766 
f 766/766/766 850/850/850 765/765/765 
f 850/850/850 851/851/851 765/765/765 
f 765/765/765 851/851/851 764/764/764 
f 851/851/851 852/852/852 764/764/764 
f 764/764/764 852/852/852 763/763/763 
f 852/852/852 853/853/853 763/763/763 
f 763/763/763 853/853/853 761/761/761 
f 853/853/853 853/853/853 761/761/761 
f 761/761/761 853/853/853 762/762/762 
f 853/853/853 853/853/853 762/762/762 
f 762/762/762 853/853/853 854/854/854 
f 853/853/853 855/855/855 854/854/854 
f 854/854/854 855/855/855 856/856/856 
f 855/855/855 856/856/856 856/856/856 
f 856/856/856 856/856/856 807/807/807 
f 856/856/856 807/807/807 807/807/807 
f 807/807/807 807/807/807 800/800/800 
f 807/807/807 814/814/814 800/800/800 
f 800/800/800 814/814/814 799/799/799 
f 814/814/814 798/798/798 799/799/799 
f 799/799/799 798/798/798 798/798/798 
f 798/798/798 853/853/853 798/798/798 
f 798/798/798 853/853/853 853/853/853 
f 853/853/853 852/852/852 853/853/853 
f 853/853/853 852/852/852 855/855/855 
f 852/852/852 852/852/852 855/855/855 
f 855/855/855 852/852/852 857/857/857 
f 852/852/852 851/851/851 857/857/857 
f 857/857/857 851/851/851 858/858/858 
f 851/851/851 850/850/850 858/858/858 
f 858/858/858 850/850/850 859/859/859 
f 850/850/850 849/849/849 859/859/859 
f 859/859/859 849/849/849 860/860/860 
f 849/849/849 848/848/848 860/860/860 
f 860/860/860 848/848/848 861/861/861 
f 848/848/848 847/847/847 861/861/861 
f 861/861/861 847/847/847 862/862/862 
f 847/847/847 847/847/847 862/862/862 
f 862/862/862 847/847/847 863/863/863 
f 847/847/847 846/846/846 863/863/863 
f 863/863/863 846/846/846 864/864/864 
f 846/846/846 845/845/845 864/864/864 
f 864/864/864 845/845/845 865/865/865 
f 845/845/845 844/844/844 865/865/865 
f 865/865/865 844/844/844 866/866/866 
f 844/844/844 843/843/843 866/866/866 
f 866/866/866 843/843/843 867/867/867 
f 843/843/843 842/842/842 867/867/867 
f 867/867/867 842/842/842 868/868/868 
f 842/842/842 841/841/841 868/868/868 
f 868/868/868 841/841/841 869/869/869 
f 841/841/841 840/840/840 869/869/869 
f 869/869/869 840/840/840 870/870/870 
f 840/840/840 839/839/839 870/870/870 
f 870/870/870 839/839/839 871/871/871 
f 839/839/839 838/838/838 871/871/871 
f 871/871/871 838/838/838 872/872/872 
f 838/838/838 837/837/837 872/872/872 
f 872/872/872 837/837/837 873/873/873 
f 837/837/837 836/836/836 873/873/873 
f 873/873/873 836/836/836 874/874/874 
f 836/836/836 836/836/836 874/874/874 
f 874/874/874 836/836/836 875/875/875 
f 836/836/836 835/835/835 875/875/875 
f 875/875/875 835/835/835 876/876/876 
f 835/835/835 834/834/834 876/876/876 
f 876/876/876 834/834/834 877/877/877 
f 834/834/834 833/833/833 877/877/877 
f 877/877/877 833/833/833 878/878/878 
f 833/833/833 832/832/832 878/878/878 
f 878/878/878 832/832/832 879/879/879 
f 832/832/832 831/831/831 879/879/879 
f 879/879/879 831/831/831 880/880/880 
f 831/831/831 830/830/830 880/880/880 
f 880/880/880 830/830/830 881/881/881 
f 830/830/830 829/829/829 881/881/881 
f 881/881/881 829/829/829 882/882/882 
f 829/829/829 828/828/828 882/882/882 
f 882/882/882 828/828/828 883/883/883 
f 828/828/828 827/827/827 883/883/883 
f 883/883/883 827/827/827 884/884/884 
f 827/827/827 826/826/826 884/884/884 
f 884/884/884 826/826/826 885/885/885 
f 826/826/826 825/825/825 885/885/885 
f 885/885/885 825/825/825 886/886/886 
f 825/825/825 824/824/824 886/886/886 
f 886/886/886 824/824/824 887/887/887 
f 824/824/824 823/823/823 887/887/887 
f 887/887/887 823/823/823 888/888/888 
f 823/823/823 822/822/822 888/888/888 
f 888/888/888 822/822/822 889/889/889 
f 822/822/822 821/821/821 889/889/889 
f 889/889/889 821/821/821 890/890/890 
f 821/821/821 820/820/820 890/890/890 
f 890/890/890 820/820/820 891/891/891 
f 820/820/820 819/819/819 891/891/891 
f 891/891/891 819/819/819 892/892/892 
f 819/819/819 818/818/818 892/892/892 
f 892/892/892 818/818/818 893/893/893 
f 818/818/818 817/817/817 893/893/893 
f 893/893/893 817/817/817 893/893/893 
f 817/817/817 816/816/816 893/893/893 
f 893/893/893 816/816/816 894/894/894 
f 816/816/816 811/811/811 894/894/894 
f 894/894/894 811/811/811 894/894/894 
f 811/811/811 812/812/812 894/894/894 
f 894/894/894 812/812/812 894/894/894 
f 812/812/812 895/895/895 894/894/894 
f 894/894/894 895/895/895 896/896/896 
f 895/895/895 897/897/897 896/896/896 
f 896/896/896 897/897/897 896/896/896 
f 897/897/897 898/898/898 896/896/896 
f 896/896/896 898/898/898 892/892/892 
f 898/898/898 898/898/898 892/892/892 
f 892/892/892 898/898/898 891/891/891 
f 898/898/898 899/899/899 891/891/891 
f 891/891/891 899/899/899 890/890/890 
f 899/899/899 900/900/900 890/890/890 
f 890/890/890 900/900/900 889/889/889 
f 900/900/900 901/901/901 889/889/889 
f 889/889/889 901/901/901 888/888/888 
f 901/901/901 902/902/902 888/888/888 
f 888/888/888 902/902/902 887/887/887 
f 902/902/902 903/903/903 887/887/887 
f 887/887/887 903/903/903 886/886/886 
f 903/903/903 904/904/904 886/886/886 
f 886/886/886 904/904/904 885/885/885 
f 904/904/904 905/905/905 885/885/885 
f 885/885/885 905/905/905 884/884/884 
f 905/905/905 906/906/906 884/884/884 
f 884/884/884 906/906/906 883/883/883 
f 906/906/906 907/907/907 883/883/883 
f 883/883/883 907/907/907 882/882/882 
f 907/907/907 908/908/908 882/882/882 
f 882/882/882 908/908/908 881/881/881 
f 908/908/908 909/909/909 881/881/881 
f 881/881/881 909/909/909 880/880/880 
f 909/909/909 910/910/910 880/880/880 
f 880/880/880 910/910/910 879/879/879 
f 910/910/910 911/911/911 879/879/879 
f 879/879/879 911/911/911 878/878/878 
f 911/911/911 912/912/912 878/878/878 
f 878/878/878 912/912/912 877/877/877 
f 912/912/912 913/913/913 877/877/877 
f 877/877/877 913/913/913 876/876/876 
f 913/913/913 914/914/914 876/876/876 
f 876/876/876 914/914/914 875/875/875 
f 914/914/914 915/915/915 875/875/875 
f 875/875/875 915/915/915 874/874/874 
f 915/915/915 916/916/916 874/874/874 
f 874/874/874 916/916/916 874/874/874 
f 916/916/916 917/917/917 874/874/874 
f 874/874/874 917/917/917 873/873/873 
f 917/917/917 918/918/918 873/873/873 
f 873/873/873 918/918/918 872/872/872 
f 918/918/918 919/919/919 872/872/872 
f 872/872/872 919/919/919 871/871/871 
f 919/919/919 920/920/920 871/871/871 
f 871/871/871 920/920/920 870/870/870 
f 920/920/920 921/921/921 870/870/870 
f 870/870/870 921/921/921 869/869/869 
f 921/921/921 922/922/922 869/869/869 
f 869/869/869 922/922/922 868/868/868 
f 922/922/922 923/923/923 868/868/868 
f 868/868/868 923/923/923 867/867/867 
f 923/923/923 924/924/924 867/867/867 
f 867/867/867 924/924/924 866/866/866 
f 924/924/924 925/925/925 866/866/866 
f 866/866/866 925/925/925 865/865/865 
f 925/925/925 926/926/926 865/865/865 
f 865/865/865 926/926/926 864/864/864 
f 926/926/926 927/927/927 864/864/864 
f 864/864/864 927/927/927 863/863/863 
f 927/927/927 928/928/928 863/863/863 
f 863/863/863 928/928/928 862/862/862 
f 928/928/928 929/929/929 862/862/862 
f 862/862/862 929/929/929 862/862/862 
f 929/929/929 930/930/930 862/862/862 
f 862/862/862 930/930/930 861/861/861 
f 930/930/930 931/931/931 861/861/861 
f 861/861/861 931/931/931 860/860/860 
f 931/931/931 932/932/932 860/860/860 
f 860/860/860 932/932/932 859/859/859 
f 932/932/932 933/933/933 859/859/859 
f 859/859/859 933/933/933 858/858/858 
f 933/933/933 934/934/934 858/858/858 
f 858/858/858 934/934/934 857/857/857 
f 934/934/934 935/935/935 857/857/857 
f 857/857/857 935/935/935 855/855/855 
f 935/935/935 935/935/935 855/855/855 
f 855/855/855 935/935/935 856/856/856 
f 935/935/935 935/935/935 856/856/856 
f 856/856/856 935/935/935 936/936/936 
f 935/935/935 937/937/937 936/936/936 
f 936/936/936 937/937/937 938/938/938 
f 937/937/937 938/938/938 938/938/938 
f 938/938/938 938/938/938 894/894/894 
f 938/938/938 894/894/894 894/894/894 
f 894/894/894 894/894/894 893/893/893 
f 894/894/894 896/896/896 893/893/893 
f 893/893/893 896/896/896 892/892/892 
f 896/896/896 892/892/892 892/892/892 
f 892/892/892 892/892/892 935/935/935 
f 892/892/892 935/935/935 935/935/935 
f 935/935/935 935/935/935 937/937/937 
f 935/935/935 934/934/934 937/937/937 
f 937/937/937 934/934/934 939/939/939 
f 934/934/934 933/933/933 939/939/939 
f 939/939/939 933/933/933 940/940/940 
f 933/933/933 932/932/932 940/940/940 
f 940/940/940 932/932/932 941/941/941 
f 932/932/932 931/931/931 941/941/941 
f 941/941/941 931/931/931 942/942/942 
f 931/931/931 930/930/930 942/942/942 
f 942/942/942 930/930/930 943/943/943 
f 930/930/930 929/929/929 943/943/943 
f 943/943/943 929/929/929 944/944/944 
f 929/929/929 929/929/929 944/944/944 
f 944/944/944 929/929/929 945/945/945 
f 929/929/929 928/928/928 945/945/945 
f 945/945/945 928/928/928 946/946/946 
f 928/928/928 927/927/927 946/946/946 
f 946/946/946 927/927/927 947/947/947 
f 927/927/927 926/926/926 947/947/947 
f 947/947/947 926/926/926 948/948/948 
f 926/926/926 925/925/925 948/948/948 
f 948/948/948 925/925/925 949/949/949 
f 925/925/925 924/924/924 949/949/949 
f 949/949/949 924/924/924 950/950/950 
f 924/924/924 923/923/923 950/950/950 
f 950/950/950 923/923/923 951/951/951 
f 923/923/923 922/922/922 951/951/951 
f 951/951/951 922/922/922 952/952/952 
f 922/922/922 921/921/921 952/952/952 
f 952/952/952 921/921/921 953/953/953 
f 921/921/921 920/920/920 953/953/953 
f 953/953/953 920/920/920 954/954/954 
f 920/920/920 919/919/919 954/954/954 
f 954/954/954 919/919/919 955/955/955 
f 919/919/919 918/918/918 955/955/955 
f 955/955/955 918/918/918 956/956/956 
f 918/918/918 917/917/917 956/956/956 
f 956/956/956 917/917/917 957/957/957 
f 917/917/917 916/916/916 957/957/957 
f 957/957/957 916/916/916 958/958/958 
f 916/916/916 916/916/916 958/958/958 
f 958/958/958 916/916/916 959/959/959 
f 916/916/916 915/915/915 959/959/959 
f 959/959/959 915/915/915 960/960/960 
f 915/915/915 914/914/914 960/960/960 
f 960/960/960 914/914/914 961/961/961 
f 914/914/914 913/913/913 961/961/961 
f 961/961/961 913/913/913 962/962/962 
f 913/913/913 912/912/912 962/962/962 
f 962/962/962 912/912/912 963/963/963 
f 912/912/912 911/911/911 963/963/963 
f 963/963/963 911/911/911 964/964/964 
f 911/911/911 910/910/910 964/964/964 
f 964/964/964 910/910/910 965/965/965 
f 910/910/910 909/909/909 965/965/965 
f 965/965/965 909/909/909 966/966/966 
f 909/909/909 908/908/908 966/966/966 
f 966/966/966 908/908/908 967/967/967 
f 908/908/908 907/907/907 967/967/967 
f 967/967/967 907/907/907 968/968/968 
f 907/907/907 906/906/906 968/968/968 
f 968/968/968 906/906/906 969/969/969 
f 906/906/906 905/905/905 969/969/969 
f 969/969/969 905/905/905 970/970/970 
f 905/905/905 904/904/904 970/970/970 
f 970/970/970 904/904/904 971/971/971 
f 904/904/904 903/903/903 971/971/971 
f 971/971/971 903/903/903 972/972/972 
f 903/903/903 902/902/902 972/972/972 
f 972/972/972 902/902/902 973/973/973 
f 902/902/902 901/901/901 973/973/973 
f 973/973/973 901/901/901 974/974/974 
f 901/901/901 900/900/900 974/974/974 
f 974/974/974 900/900/900 975/975/975 
f 900/900/900 899/899/899 975/975/975 
f 975/975/975 899/899/899 976/976/976 
f 899/899/899 898/898/898 976/976/976 
f 976/976/976 898/898/898 897/897/897 
f 898/898/898 897/897/897 897/897/897 
f 897/897/897 897/897/897 977/977/977 
f 897/897/897 977/977/977 977/977/977 
f 977/977/977 977/977/977 978/978/978 
f 977/977/977 979/979/979 978/978/978 
f 978/978/978 979/979/979 978/978/978 
f 979/979/979 980/980/980 978/978/978 
f 978/978/978 980/980/980 978/978/978 
f 980/980/980 981/981/981 978/978/978 
f 978/978/978 981/981/981 982/982/982 
f 981/981/981 983/983/983 982/982/982 
f 982/982/982 983/983/983 982/982/982 
f 983/983/983 984/984/984 982/982/982 
f 982/982/982 984/984/984 982/982/982 
f 984/984/984 985/985/985 982/982/982 
f 982/982/982 985/985/985 986/986/986 
f 985/985/985 987/987/987 986/986/986 
f 986/986/986 987/987/987 986/986/986 
f 987/987/987 988/988/988 986/986/986 
f 986/986/986 988/988/988 977/977/977 
f 988/988/988 989/989/989 977/977/977 
f 977/977/977 989/989/989 979/979/979 
f 989/989/989 990/990/990 979/979/979 
f 979/979/979 990/990/990 979/979/979 
f 990/990/990 991/991/991 979/979/979 
f 979/979/979 991/991/991 980/980/980 
f 991/991/991 992/992/992 980/980/980 
f 980/980/980 992/992/992 980/980/980 
f 992/992/992 993/993/993 980/980/980 
f 980/980/980 993/993/993 981/981/981 
f 993/993/993 994/994/994 981/981/981 
f 981/981/981 994/994/994 983/983/983 
f 994/994/994 995/995/995 983/983/983 
f 983/983/983 995/995/995 983/983/983 
f 995/995/995 996/996/996 983/983/983 
f 983/983/983 996/996/996 984/984/984 
f 996/996/996 997/997/997 984/984/984 
f 984/984/984 997/997/997 984/984/984 
f 997/997/997 998/998/998 984/984/984 
f 984/984/984 998/998/998 985/985/985 
f 998/998/998 999/999/999 985/985/985 
f 985/985/985 999/999/999 987/987/987 
f 999/999/999 1000/1000/1000 987/987/987 
f 987/987/987 1000/1000/1000 987/987/987 
f 1000/1000/1000 1001/1001/1001 987/987/987 
f 987/987/987 1001/1001/1001 988/988/988 
f 1001/1001/1001 1002/1002/1002 988/988/988 
f 988/988/988 1002/1002/1002 1003/1003/1003 
f 1002/1002/1002 1004/1004/1004 1003/1003/1003 
f 1003/1003/1003 1004/1004/1004 1003/1003/1003 
f 1004/1004/1004 1005/1005/1005 1003/1003/1003 
f 1003/1003/1003 1005/1005/1005 989/989/989 
f 1005/1005/1005 1006/1006/1006 989/989/989 
f 989/989/989 1006/1006/1006 990/990/990 
f 1006/1006/1006 990/990/990 990/990/990 
f 990/990/990 990/990/990 977/977/977 
f 990/990/990 977/977/977 977/977/977 
f 977/977/977 977/977/977 986/986/986 
f 977/977/977 978/978/978 986/986/986 
f 986/986/986 978/978/978 982/982/982 
f 978/978/978 982/982/982 982/982/982 
f 982/982/982 982/982/982 988/988/988 
f 982/982/982 988/988/988 988/988/988 
f 988/988/988 988/988/988 989/989/989 
f 988/988/988 1003/1003/1003 989/989/989 
f 989/989/989 1003/1003/1003 1003/1003/1003 
f 1003/1003/1003 1004/1004/1004 1003/1003/1003 
f 1003/1003/1003 1004/1004/1004 1004/1004/1004 
f 1004/1004/1004 1002/1002/1002 1004/1004/1004 
f 1004/1004/1004 1002/1002/1002 1007/1007/1007 
f 1002/1002/1002 1002/1002/1002 1007/1007/1007 
f 1007/1007/1007 1002/1002/1002 1008/1008/1008 
f 1002/1002/1002 1001/1001/1001 1008/1008/1008 
f 1008/1008/1008 1001/1001/1001 1009/1009/1009 
f 1001/1001/1001 1000/1000/1000 1009/1009/1009 
f 1009/1009/1009 1000/1000/1000 1010/1010/1010 
f 1000/1000/1000 1000/1000/1000 1010/1010/1010 
f 1010/1010/1010 1000/1000/1000 1011/1011/1011 
f 1000/1000/1000 999/999/999 1011/1011/1011 
f 1011/1011/1011 999/999/999 1012/1012/1012 
f 999/999/999 998/998/998 1012/1012/1012 
f 1012/1012/1012 998/998/998 1013/1013/1013 
f 998/998/998 997/997/997 1013/1013/1013 
f 1013/1013/1013 997/997/997 1014/1014/1014 
f 997/997/997 997/997/997 1014/1014/1014 
f 1014/1014/1014 997/997/997 1015/1015/1015 
f 997/997/997 996/996/996 1015/1015/1015 
f 1015/1015/1015 996/996/996 1016/1016/1016 
f 996/996/996 995/995/995 1016/1016/1016 
f 1016/1016/1016 995/995/995 1017/1017/1017 
f 995/995/995 995/995/995 1017/1017/1017 
f 1017/1017/1017 995/995/995 1018/1018/1018 
f 995/995/995 994/994/994 1018/1018/1018 
f 1018/1018/1018 994/994/994 1019/1019/1019 
f 994/994/994 993/993/993 1019/1019/1019 
f 1019/1019/1019 993/993/993 1020/1020/1020 
f 993/993/993 992/992/992 1020/1020/1020 
f 1020/1020/1020 992/992/992 1021/1021/1021 
f 992/992/992 992/992/992 1021/1021/1021 
f 1021/1021/1021 992/992/992 1022/1022/1022 
f 992/992/992 991/991/991 1022/1022/1022 
f 1022/1022/1022 991/991/991 1023/1023/1023 
f 991/991/991 990/990/990 1023/1023/1023 
f 1023/1023/1023 990/990/990 1024/1024/1024 
f 990/990/990 1006/1006/1006 1024/1024/1024 
f 1024/1024/1024 1006/1006/1006 1025/1025/1025 
f 1006/1006/1006 1006/1006/1006 1025/1025/1025 
f 1025/1025/1025 1006/1006/1006 1026/1026/1026 
f 1006/1006/1006 1005/1005/1005 1026/1026/1026 
f 1026/1026/1026 1005/1005/1005 1027/1027/1027 
f 1005/1005/1005 1004/1004/1004 1027/1027/1027 
f 1027/1027/1027 1004/1004/1004 1028/1028/1028 
f 1004/1004/1004 1007/1007/1007 1028/1028/1028 
f 1028/1028/1028 1007/1007/1007 1029/1029/1029 
f 1007/1007/1007 1007/1007/1007 1029/1029/1029 
f 1029/1029/1029 1007/1007/1007 1030/1030/1030 
f 1007/1007/1007 1008/1008/1008 1030/1030/1030 
f 1030/1030/1030 1008/1008/1008 1031/1031/1031 
f 1008/1008/1008 1009/1009/1009 1031/1031/1031 
f 1031/1031/1031 1009/1009/1009 1032/1032/1032 
f 1009/1009/1009 1010/1010/1010 1032/1032/1032 
f 1032/1032/1032 1010/1010/1010 1033/1033/1033 
f 1010/1010/1010 1010/1010/1010 1033/1033/1033 
f 1033/1033/1033 1010/1010/1010 1034/1034/1034 
f 1010/1010/1010 1011/1011/1011 1034/1034/1034 
f 1034/1034/1034 1011/1011/1011 1035/1035/1035 
f 1011/1011/1011 1012/1012/1012 1035/1035/1035 
f 1035/1035/1035 1012/1012/1012 1036/1036/1036 
f 1012/1012/1012 1013/1013/1013 1036/1036/1036 
f 1036/1036/1036 1013/1013/1013 1037/1037/1037 
f 1013/1013/1013 1014/1014/1014 1037/1037/1037 
f 1037/1037/1037 1014/1014/1014 1038/1038/1038 
f 1014/1014/1014 1014/1014/1014 1038/1038/1038 
f 1038/1038/1038 1014/1014/1014 1039/1039/1039 
f 1014/1014/1014 1015/1015/1015 1039/1039/1039 
f 1039/1039/1039 1015/1015/1015 1040/1040/1040 
f 1015/1015/1015 1016/1016/1016 1040/1040/1040 
f 1040/1040/1040 1016/1016/1016 1041/1041/1041 
f 1016/1016/1016 1017/1017/1017 1041/1041/1041 
f 1041/1041/1041 1017/1017/1017 1042/1042/1042 
f 1017/1017/1017 1017/1017/1017 1042/1042/1042 
f 1042/1042/1042 1017/1017/1017 1043/1043/1043 
f 1017/1017/1017 1018/1018/1018 1043/1043/1043 
f 1043/1043/1043 1018/1018/1018 1044/1044/1044 
f 1018/1018/1018 1019/1019/1019 1044/1044/1044 
f 1044/1044/1044 1019/1019/1019 1045/1045/1045 
f 1019/1019/1019 1020/1020/1020 1045/1045/1045 
f 1045/1045/1045 1020/1020/1020 1046/1046/1046 
f 1020/1020/1020 1021/1021/1021 1046/1046/1046 
f 1046/1046/1046 1021/1021/1021 1047/1047/1047 
f 1021/1021/1021 1021/1021/1021 1047/1047/1047 
f 1047/1047/1047 1021/1021/1021 1048/1048/1048 
f 1021/1021/1021 1022/1022/1022 1048/1048/1048 
f 1048/1048/1048 1022/1022/1022 1049/1049/1049 
f 1022/1022/1022 1023/1023/1023 1049/1049/1049 
f 1049/1049/1049 1023/1023/1023 1050/1050/1050 
f 1023/1023/1023 1024/1024/1024 1050/1050/1050 
f 1050/1050/1050 1024/1024/1024 1051/1051/1051 
f 1024/1024/1024 1025/1025/1025 1051/1051/1051 
f 1051/1051/1051 1025/1025/1025 1052/1052/1052 
f 1025/1025/1025 1025/1025/1025 1052/1052/1052 
f 1052/1052/1052 1025/1025/1025 1053/1053/1053 
f 1025/1025/1025 1026/1026/1026 1053/1053/1053 
f 1053/1053/1053 1026/1026/1026 1054/1054/1054 
f 1026/1026/1026 1027/1027/1027 1054/1054/1054 
f 1054/1054/1054 1027/1027/1027 1055/1055/1055 
f 1027/1027/1027 1028/1028/1028 1055/1055/1055 
f 1055/1055/1055 1028/1028/1028 1056/1056/1056 
f 1028/1028/1028 1029/1029/1029 1056/1056/1056 
f 1056/1056/1056 1029/1029/1029 1057/1057/1057 
f 1029/1029/1029 1029/1029/1029 1057/1057/1057 
f 1057/1057/1057 1029/1029/1029 1058/1058/1058 
f 1029/1029/1029 1030/1030/1030 1058/1058/1058 
f 1058/1058/1058 1030/1030/1030 1059/1059/1059 
f 1030/1030/1030 1031/1031/1031 1059/1059/1059 
f 1059/1059/1059 1031/1031/1031 1060/1060/1060 
f 1031/1031/1031 1032/1032/1032 1060/1060/1060 
f 1060/1060/1060 1032/1032/1032 1061/1061/1061 
f 1032/1032/1032 1033/1033/1033 1061/1061/1061 
f 1061/1061/1061 1033/1033/1033 1062/1062/1062 
f 1033/1033/1033 1033/1033/1033 1062/1062/1062 
f 1062/1062/1062 1033/1033/1033 1063/1063/1063 
f 1033/1033/1033 1034/1034/1034 1063/1063/1063 
f 1063/1063/1063 1034/1034/1034 1064/1064/1064 
f 1034/1034/1034 1035/1035/1035 1064/1064/1064 
f 1064/1064/1064 1035/1035/1035 1065/1065/1065 
f 1035/1035/1035 1036/1036/1036 1065/1065/1065 
f 1065/1065/1065 1036/1036/1036 1066/1066/1066 
f 1036/1036/1036 1037/1037/1037 1066/1066/1066 
f 1066/1066/1066 1037/1037/1037 1067/1067/1067 
f 1037/1037/1037 1038/1038/1038 1067/1067/1067 
f 1067/1067/1067 1038/1038/1038 1068/1068/1068 
f 1038/1038/1038 1038/1038/1038 1068/1068/1068 
f 1068/1068/1068 1038/1038/1038 1069/1069/1069 
f 1038/1038/1038 1039/1039/1039 1069/1069/1069 
f 1069/1069/1069 1039/1039/1039 1070/1070/1070 
f 1039/1039/1039 1040/1040/1040 1070/1070/1070 
f 1070/1070/1070 1040/1040/1040 1071/1071/1071 
f 1040/1040/1040 1041/1041/1041 1071/1071/1071 
f 1071/1071/1071 1041/1041/1041 1072/1072/1072 
f 1041/1041/1041 1042/1042/1042 1072/1072/1072 
f 1072/1072/1072 1042/1042/1042 1073/1073/1073 
f 1042/1042/1042 1042/1042/1042 1073/1073/1073 
f 1073/1073/1073 1042/1042/1042 1074/1074/1074 
f 1042/1042/1042 1043/1043/1043 1074/1074/1074 
f 1074/1074/1074 1043/1043/1043 1075/1075/1075 
f 1043/1043/1043 1044/1044/1044 1075/1075/1075 
f 1075/1075/1075 1044/1044/1044 1076/1076/1076 
f 1044/1044/1044 1045/1045/1045 1076/1076/1076 
f 1076/1076/1076 1045/1045/1045 1077/1077/1077 
f 1045/1045/1045 1046/1046/1046 1077/1077/1077 
f 1077/1077/1077 1046/1046/1046 1078/1078/1078 
f 1046/1046/1046 1047/1047/1047 1078/1078/1078 
f 1078/1078/1078 1047/1047/1047 1079/1079/1079 
f 1047/1047/1047 1047/1047/1047 1079/1079/1079 
f 1079/1079/1079 1047/1047/1047 1080/1080/1080 
f 1047/1047/1047 1048/1048/1048 1080/1080/1080 
f 1080/1080/1080 1048/1048/1048 1081/1081/1081 
f 1048/1048/1048 1049/1049/1049 1081/1081/1081 
f 1081/1081/1081 1049/1049/1049 1082/1082/1082 
f 1049/1049/1049 1050/1050/1050 1082/1082/1082 
f 1082/1082/1082 1050/1050/1050 1083/1083/1083 
f 1050/1050/1050 1051/1051/1051 1083/1083/1083 
f 1083/1083/1083 1051/1051/1051 1084/1084/1084 
f 1051/1051/1051 1052/1052/1052 1084/1084/1084 
f 1084/1084/1084 1052/1052/1052 1085/1085/1085 
f 1052/1052/1052 1052/1052/1052 1085/1085/1085 
f 1085/1085/1085 1052/1052/1052 1086/1086/1086 
f 1052/1052/1052 1053/1053/1053 1086/1086/1086 
f 1086/1086/1086 1053/1053/1053 1087/1087/1087 
f 1053/1053/1053 1054/1054/1054 1087/1087/1087 
f 1087/1087/1087 1054/1054/1054 1088/1088/1088 
f 1054/1054/1054 1055/1055/1055 1088/1088/1088 
f 1088/1088/1088 1055/1055/1055 1089/1089/1089 
f 1055/1055/1055 1056/1056/1056 1089/1089/1089 
f 1089/1089/1089 1056/1056/1056 1090/1090/1090 
f 1056/1056/1056 1057/1057/1057 1090/1090/1090 
f 1090/1090/1090 1057/1057/1057 1091/1091/1091 
f 1057/1057/1057 1057/1057/1057 1091/1091/1091 
f 1091/1091/1091 1057/1057/1057 1092/1092/1092 
f 1057/1057/1057 1058/1058/1058 1092/1092/1092 
f 1092/1092/1092 1058/1058/1058 1093/1093/1093 
f 1058/1058/1058 1059/1059/1059 1093/1093/1093 
f 1093/1093/1093 1059/1059/1059 1094/1094/1094 
f 1059/1059/1059 1060/1060/1060 1094/1094/1094 
f 1094/1094/1094 1060/1060/1060 1095/1095/1095 
f 1060/1060/1060 1061/1061/1061 1095/1095/1095 
f 1095/1095/1095 1061/1061/1061 1096/1096/1096 
f 1061/1061/1061 1062/1062/1062 1096/1096/1096 
f 1096/1096/1096 1062/1062/1062 1097/1097/1097 
f 1062/1062/1062 1098/1098/1098 1097/1097/1097 
f 1097/1097/1097 1098/1098/1098 1099/1099/1099 
f 1098/1098/1098 1099/1099/1099 1099/1099/1099 
f 1099/1099/1099 1099/1099/1099 1062/1062/1062 
f 1099/1099/1099 1062/1062/1062 1062/1062/1062 
f 1062/1062/1062 1062/1062/1062 1098/1098/1098 
f 1062/1062/1062 1063/1063/1063 1098/1098/1098 
f 1098/1098/1098 1063/1063/1063 1100/1100/1100 
f 1063/1063/1063 1064/1064/1064 1100/1100/1100 
f 1100/1100/1100 1064/1064/1064 1101/1101/1101 
f 1064/1064/1064 1065/1065/1065 1101/1101/1101 
f 1101/1101/1101 1065/1065/1065 1102/1102/1102 
f 1065/1065/1065 1066/1066/1066 1102/1102/1102 
f 1102/1102/1102 1066/1066/1066 1103/1103/1103 
f 1066/1066/1066 1067/1067/1067 1103/1103/1103 
f 1103/1103/1103 1067/1067/1067 1104/1104/1104 
f 1067/1067/1067 1068/1068/1068 1104/1104/1104 
f 1104/1104/1104 1068/1068/1068 1105/1105/1105 
f 1068/1068/1068 1068/1068/1068 1105/1105/1105 
f 1105/1105/1105 1068/1068/1068 1106/1106/1106 
f 1068/1068/1068 1069/1069/1069 1106/1106/1106 
f 1106/1106/1106 1069/1069/1069 1107/1107/1107 
f 1069/1069/1069 1070/1070/1070 1107/1107/1107 
f 1107/1107/1107 1070/1070/1070 1108/1108/1108 
f 1070/1070/1070 1071/1071/1071 1108/1108/1108 
f 1108/1108/1108 1071/1071/1071 1109/1109/1109 
f 1071/1071/1071 1072/1072/1072 1109/1109/1109 
f 1109/1109/1109 1072/1072/1072 1110/1110/1110 
f 1072/1072/1072 1073/1073/1073 1110/1110/1110 
f 1110/1110/1110 1073/1073/1073 1111/1111/1111 
f 1073/1073/1073 1073/1073/1073 1111/1111/1111 
f 1111/1111/1111 1073/1073/1073 1112/1112/1112 
f 1073/1073/1073 1074/1074/1074 1112/1112/1112 
f 1112/1112/1112 1074/1074/1074 1113/1113/1113 
f 1074/1074/1074 1075/1075/1075 1113/1113/1113 
f 1113/1113/1113 1075/1075/1075 1114/1114/1114 
f 1075/1075/1075 1076/1076/1076 1114/1114/1114 
f 1114/1114/1114 1076/1076/1076 1115/1115/1115 
f 1076/1076/1076 1077/1077/1077 1115/1115/1115 
f 1115/1115/1115 1077/1077/1077 1116/1116/1116 
f 1077/1077/1077 1078/1078/1078 1116/1116/1116 
f 1116/1116/1116 1078/1078/1078 1117/1117/1117 
f 1078/1078/1078 1079/1079/1079 1117/1117/1117 
f 1117/1117/1117 1079/1079/1079 1118/1118/1118 
f 1079/1079/1079 1079/1079/1079 1118/1118/1118 
f 1118/1118/1118 1079/1079/1079 1119/1119/1119 
f 1079/1079/1079 1080/1080/1080 1119/1119/1119 
f 1119/1119/1119 1080/1080/1080 1120/1120/1120 
f 1080/1080/1080 1081/1081/1081 1120/1120/1120 
f 1120/1120/1120 1081/1081/1081 1121/1121/1121 
f 1081/1081/1081 1082/1082/1082 1121/1121/1121 
f 1121/1121/1121 1082/1082/1082 1122/1122/1122 
f 1082/1082/1082 1083/1083/1083 1122/1122/1122 
f 1122/1122/1122 1083/1083/1083 1123/1123/1123 
f 1083/1083/1083 1084/1084/1084 1123/1123/1123 
f 1123/1123/1123 1084/1084/1084 1124/1124/1124 
f 1084/1084/1084 1085/1085/1085 1124/1124/1124 
f 1124/1124/1124 1085/1085/1085 1125/1125/1125 
f 1085/1085/1085 1085/1085/1085 1125/1125/1125 
f 1125/1125/1125 1085/1085/1085 1126/1126/1126 
f 1085/1085/1085 1086/1086/1086 1126/1126/1126 
f 1126/1126/1126 1086/1086/1086 1127/1127/1127 
f 1086/1086/1086 1087/1087/1087 1127/1127/1127 
f 1127/1127/1127 1087/1087/1087 1128/1128/1128 
f 1087/1087/1087 1088/1088/1088 1128/1128/1128 
f 1128/1128/1128 1088/1088/1088 1129/1129/1129 
f 1088/1088/1088 1089/1089/1089 1129/1129/1129 
f 1129/1129/1129 1089/1089/1089 1130/1130/1130 
f 1089/1089/1089 1090/1090/1090 1130/1130/1130 
f 1130/1130/1130 1090/1090/1090 1131/1131/1131 
f 1090/1090/1090 1091/1091/1091 1131/1131/1131 
f 1131/1131/1131 1091/1091/1091 1091/1091/1091 
f 1091/1091/1091 1131/1131/1131 1091/1091/1091 
f 1091/1091/1091 1131/1131/1131 1131/1131/1131 
f 1131/1131/1131 1132/1132/1132 1131/1131/1131 
f 1131/1131/1131 1132/1132/1132 1130/1130/1130 
f 1132/1132/1132 1133/1133/1133 1130/1130/1130 
f 1130/1130/1130 1133/1133/1133 1129/1129/1129 
f 1133/1133/1133 1134/1134/1134 1129/1129/1129 
f 1129/1129/1129 1134/1134/1134 1128/1128/1128 
f 1134/1134/1134 1135/1135/1135 1128/1128/1128 
f 1128/1128/1128 1135/1135/1135 1127/1127/1127 
f 1135/1135/1135 1136/1136/1136 1127/1127/1127 
f 1127/1127/1127 1136/1136/1136 1126/1126/1126 
f 1136/1136/1136 1137/1137/1137 1126/1126/1126 
f 1126/1126/1126 1137/1137/1137 1125/1125/1125 
f 1137/1137/1137 1138/1138/1138 1125/1125/1125 
f 1125/1125/1125 1138/1138/1138 1125/1125/1125 
f 1138/1138/1138 1139/1139/1139 1125/1125/1125 
f 1125/1125/1125 1139/1139/1139 1124/1124/1124 
f 1139/1139/1139 1140/1140/1140 1124/1124/1124 
f 1124/1124/1124 1140/1140/1140 1123/1123/1123 
f 1140/1140/1140 1141/1141/1141 1123/1123/1123 
f 1123/1123/1123 1141/1141/1141 1122/1122/1122 
f 1141/1141/1141 1142/1142/1142 1122/1122/1122 
f 1122/1122/1122 1142/1142/1142 1121/1121/1121 
f 1142/1142/1142 1143/1143/1143 1121/1121/1121 
f 1121/1121/1121 1143/1143/1143 1120/1120/1120 
f 1143/1143/1143 1144/1144/1144 1120/1120/1120 
f 1120/1120/1120 1144/1144/1144 1119/1119/1119 
f 1144/1144/1144 1145/1145/1145 1119/1119/1119 
f 1119/1119/1119 1145/1145/1145 1118/1118/1118 
f 1145/1145/1145 1118/1118/1118 1118/1118/1118 
f 1118/1118/1118 1118/1118/1118 1132/1132/1132 
f 1118/1118/1118 1132/1132/1132 1132/1132/1132 
f 1132/1132/1132 1132/1132/1132 1133/1133/1133 
f 1132/1132/1132 1146/1146/1146 1133/1133/1133 
f 1133/1133/1133 1146/1146/1146 1146/1146/1146 
f 1146/1146/1146 1145/1145/1145 1146/1146/1146 
f 1146/1146/1146 1145/1145/1145 1145/1145/1145 
f 1145/1145/1145 1144/1144/1144 1145/1145/1145 
f 1145/1145/1145 1144/1144/1144 1147/1147/1147 
f 1144/1144/1144 1144/1144/1144 1147/1147/1147 
f 1147/1147/1147 1144/1144/1144 1148/1148/1148 
f 1144/1144/1144 1143/1143/1143 1148/1148/1148 
f 1148/1148/1148 1143/1143/1143 1149/1149/1149 
f 1143/1143/1143 1142/1142/1142 1149/1149/1149 
f 1149/1149/1149 1142/1142/1142 1150/1150/1150 
f 1142/1142/1142 1141/1141/1141 1150/1150/1150 
f 1150/1150/1150 1141/1141/1141 1151/1151/1151 
f 1141/1141/1141 1140/1140/1140 1151/1151/1151 
f 1151/1151/1151 1140/1140/1140 1152/1152/1152 
f 1140/1140/1140 1139/1139/1139 1152/1152/1152 
f 1152/1152/1152 1139/1139/1139 1153/1153/1153 
f 1139/1139/1139 1138/1138/1138 1153/1153/1153 
f 1153/1153/1153 1138/1138/1138 1154/1154/1154 
f 1138/1138/1138 1138/1138/1138 1154/1154/1154 
f 1154/1154/1154 1138/1138/1138 1155/1155/1155 
f 1138/1138/1138 1137/1137/1137 1155/1155/1155 
f 1155/1155/1155 1137/1137/1137 1156/1156/1156 
f 1137/1137/1137 1136/1136/1136 1156/1156/1156 
f 1156/1156/1156 1136/1136/1136 1157/1157/1157 
f 1136/1136/1136 1135/1135/1135 1157/1157/1157 
f 1157/1157/1157 1135/1135/1135 1158/1158/1158 
f 1135/1135/1135 1134/1134/1134 1158/1158/1158 
f 1158/1158/1158 1134/1134/1134 1159/1159/1159 
f 1134/1134/1134 1133/1133/1133 1159/1159/1159 
f 1159/1159/1159 1133/1133/1133 1159/1159/1159 
f 1133/1133/1133 1146/1146/1146 1159/1159/1159 
f 1159/1159/1159 1146/1146/1146 1159/1159/1159 
f 1146/1146/1146 1160/1160/1160 1159/1159/1159 
f 1159/1159/1159 1160/1160/1160 1161/1161/1161 
f 1160/1160/1160 1162/1162/1162 1161/1161/1161 
f 1161/1161/1161 1162/1162/1162 1162/1162/1162 
f 1162/1162/1162 1159/1159/1159 1162/1162/1162 
f 1162/1162/1162 1159/1159/1159 1159/1159/1159 
f 1159/1159/1159 1161/1161/1161 1159/1159/1159 
f 1159/1159/1159 1161/1161/1161 1158/1158/1158 
f 1161/1161/1161 1163/1163/1163 1158/1158/1158 
f 1158/1158/1158 1163/1163/1163 1157/1157/1157 
f 1163/1163/1163 1164/1164/1164 1157/1157/1157 
f 1157/1157/1157 1164/1164/1164 1156/1156/1156 
f 1164/1164/1164 1165/1165/1165 1156/1156/1156 
f 1156/1156/1156 1165/1165/1165 1155/1155/1155 
f 1165/1165/1165 1166/1166/1166 1155/1155/1155 
f 1155/1155/1155 1166/1166/1166 1154/1154/1154 
f 1166/1166/1166 1167/1167/1167 1154/1154/1154 
f 1154/1154/1154 1167/1167/1167 1154/1154/1154 
f 1167/1167/1167 1168/1168/1168 1154/1154/1154 
f 1154/1154/1154 1168/1168/1168 1153/1153/1153 
f 1168/1168/1168 1169/1169/1169 1153/1153/1153 
f 1153/1153/1153 1169/1169/1169 1152/1152/1152 
f 1169/1169/1169 1170/1170/1170 1152/1152/1152 
f 1152/1152/1152 1170/1170/1170 1151/1151/1151 
f 1170/1170/1170 1171/1171/1171 1151/1151/1151 
f 1151/1151/1151 1171/1171/1171 1150/1150/1150 
f 1171/1171/1171 1172/1172/1172 1150/1150/1150 
f 1150/1150/1150 1172/1172/1172 1149/1149/1149 
f 1172/1172/1172 1173/1173/1173 1149/1149/1149 
f 1149/1149/1149 1173/1173/1173 1148/1148/1148 
f 1173/1173/1173 1174/1174/1174 1148/1148/1148 
f 1148/1148/1148 1174/1174/1174 1147/1147/1147 
f 1174/1174/1174 1147/1147/1147 1147/1147/1147 
f 1147/1147/1147 1147/1147/1147 1174/1174/1174 
f 1147/1147/1147 1174/1174/1174 1174/1174/1174 
f 1174/1174/1174 1174/1174/1174 1175/1175/1175 
f 1174/1174/1174 1173/1173/1173 1175/1175/1175 
f 1175/1175/1175 1173/1173/1173 1176/1176/1176 
f 1173/1173/1173 1172/1172/1172 1176/1176/1176 
f 1176/1176/1176 1172/1172/1172 1177/1177/1177 
f 1172/1172/1172 1171/1171/1171 1177/1177/1177 
f 1177/1177/1177 1171/1171/1171 1178/1178/1178 
f 1171/1171/1171 1170/1170/1170 1178/1178/1178 
f 1178/1178/1178 1170/1170/1170 1179/1179/1179 
f 1170/1170/1170 1169/1169/1169 1179/1179/1179 
f 1179/1179/1179 1169/1169/1169 1180/1180/1180 
f 1169/1169/1169 1168/1168/1168 1180/1180/1180 
f 1180/1180/1180 1168/1168/1168 1181/1181/1181 
f 1168/1168/1168 1167/1167/1167 1181/1181/1181 
f 1181/1181/1181 1167/1167/1167 1182/1182/1182 
f 1167/1167/1167 1167/1167/1167 1182/1182/1182 
f 1182/1182/1182 1167/1167/1167 1183/1183/1183 
f 1167/1167/1167 1166/1166/1166 1183/1183/1183 
f 1183/1183/1183 1166/1166/1166 1184/1184/1184 
f 1166/1166/1166 1165/1165/1165 1184/1184/1184 
f 1184/1184/1184 1165/1165/1165 1185/1185/1185 
f 1165/1165/1165 1164/1164/1164 1185/1185/1185 
f 1185/1185/1185 1164/1164/1164 1186/1186/1186 
f 1164/1164/1164 1163/1163/1163 1186/1186/1186 
f 1186/1186/1186 1163/1163/1163 1187/1187/1187 
f 1163/1163/1163 1161/1161/1161 1187/1187/1187 
f 1187/1187/1187 1161/1161/1161 1187/1187/1187 
f 1161/1161/1161 1162/1162/1162 1187/1187/1187 
f 1187/1187/1187 1162/1162/1162 1187/1187/1187 
f 1162/1162/1162 1188/1188/1188 1187/1187/1187 
f 1187/1187/1187 1188/1188/1188 1189/1189/1189 
f 1188/1188/1188 1190/1190/1190 1189/1189/1189 
f 1189/1189/1189 1190/1190/1190 1190/1190/1190 
f 1190/1190/1190 1187/1187/1187 1190/1190/1190 
f 1190/1190/1190 1187/1187/1187 1187/1187/1187 
f 1187/1187/1187 1189/1189/1189 1187/1187/1187 
f 1187/1187/1187 1189/1189/1189 1186/1186/1186 
f 1189/1189/1189 1191/1191/1191 1186/1186/1186 
f 1186/1186/1186 1191/1191/1191 1185/1185/1185 
f 1191/1191/1191 1192/1192/1192 1185/1185/1185 
f 1185/1185/1185 1192/1192/1192 1184/1184/1184 
f 1192/1192/1192 1193/1193/1193 1184/1184/1184 
f 1184/1184/1184 1193/1193/1193 1183/1183/1183 
f 1193/1193/1193 1194/1194/1194 1183/1183/1183 
f 1183/1183/1183 1194/1194/1194 1182/1182/1182 
f 1194/1194/1194 1195/1195/1195 1182/1182/1182 
f 1182/1182/1182 1195/1195/1195 1182/1182/1182 
f 1195/1195/1195 1196/1196/1196 1182/1182/1182 
f 1182/1182/1182 1196/1196/1196 1181/1181/1181 
f 1196/1196/1196 1197/1197/1197 1181/1181/1181 
f 1181/1181/1181 1197/1197/1197 1180/1180/1180 
f 1197/1197/1197 1198/1198/1198 1180/1180/1180 
f 1180/1180/1180 1198/1198/1198 1179/1179/1179 
f 1198/1198/1198 1199/1199/1199 1179/1179/1179 
f 1179/1179/1179 1199/1199/1199 1178/1178/1178 
f 1199/1199/1199 1200/1200/1200 1178/1178/1178 
f 1178/1178/1178 1200/1200/1200 1177/1177/1177 
f 1200/1200/1200 1201/1201/1201 1177/1177/1177 
f 1177/1177/1177 1201/1201/1201 1176/1176/1176 
f 1201/1201/1201 1202/1202/1202 1176/1176/1176 
f 1176/1176/1176 1202/1202/1202 1175/1175/1175 
f 1202/1202/1202 1175/1175/1175 1175/1175/1175 
f 1175/1175/1175 1175/1175/1175 1202/1202/1202 
f 1175/1175/1175 1202/1202/1202 1202/1202/1202 
f 1202/1202/1202 1202/1202/1202 1203/1203/1203 
f 1202/1202/1202 1201/1201/1201 1203/1203/1203 
f 1203/1203/1203 1201/1201/1201 1204/1204/1204 
f 1201/1201/1201 1200/1200/1200 1204/1204/1204 
f 1204/1204/1204 1200/1200/1200 1205/1205/1205 
f 1200/1200/1200 1199/1199/1199 1205/1205/1205 
f 1205/1205/1205 1199/1199/1199 1206/1206/1206 
f 1199/1199/1199 1198/1198/1198 1206/1206/1206 
f 1206/1206/1206 1198/1198/1198 1207/1207/1207 
f 1198/1198/1198 1197/1197/1197 1207/1207/1207 
f 1207/1207/1207 1197/1197/1197 1208/1208/1208 
f 1197/1197/1197 1196/1196/1196 1208/1208/1208 
f 1208/1208/1208 1196/1196/1196 944/944/944 
f 1196/1196/1196 1195/1195/1195 944/944/944 
f 944/944/944 1195/1195/1195 943/943/943 
f 1195/1195/1195 1209/1209/1209 943/943/943 
f 943/943/943 1209/1209/1209 942/942/942 
f 1209/1209/1209 1210/1210/1210 942/942/942 
f 942/942/942 1210/1210/1210 941/941/941 
f 1210/1210/1210 941/941/941 941/941/941 
f 941/941/941 941/941/941 1195/1195/1195 
f 941/941/941 1195/1195/1195 1195/1195/1195 
f 1195/1195/1195 1195/1195/1195 1209/1209/1209 
f 1195/1195/1195 1194/1194/1194 1209/1209/1209 
f 1209/1209/1209 1194/1194/1194 1211/1211/1211 
f 1194/1194/1194 1193/1193/1193 1211/1211/1211 
f 1211/1211/1211 1193/1193/1193 1212/1212/1212 
f 1193/1193/1193 1192/1192/1192 1212/1212/1212 
f 1212/1212/1212 1192/1192/1192 1213/1213/1213 
f 1192/1192/1192 1191/1191/1191 1213/1213/1213 
f 1213/1213/1213 1191/1191/1191 1214/1214/1214 
f 1191/1191/1191 1189/1189/1189 1214/1214/1214 
f 1214/1214/1214 1189/1189/1189 1214/1214/1214 
f 1189/1189/1189 1190/1190/1190 1214/1214/1214 
f 1214/1214/1214 1190/1190/1190 1214/1214/1214 
f 1190/1190/1190 1215/1215/1215 1214/1214/1214 
f 1214/1214/1214 1215/1215/1215 1216/1216/1216 
f 1215/1215/1215 1217/1217/1217 1216/1216/1216 
f 1216/1216/1216 1217/1217/1217 1217/1217/1217 
f 1217/1217/1217 1209/1209/1209 1217/1217/1217 
f 1217/1217/1217 1209/1209/1209 1209/1209/1209 
f 1209/1209/1209 1211/1211/1211 1209/1209/1209 
f 1209/1209/1209 1211/1211/1211 1210/1210/1210 
f 1211/1211/1211 1218/1218/1218 1210/1210/1210 
f 1210/1210/1210 1218/1218/1218 1210/1210/1210 
f 1218/1218/1218 1219/1219/1219 1210/1210/1210 
f 1210/1210/1210 1219/1219/1219 941/941/941 
f 1219/1219/1219 1219/1219/1219 941/941/941 
f 941/941/941 1219/1219/1219 940/940/940 
f 1219/1219/1219 1220/1220/1220 940/940/940 
f 940/940/940 1220/1220/1220 939/939/939 
f 1220/1220/1220 939/939/939 939/939/939 
f 939/939/939 939/939/939 1214/1214/1214 
f 939/939/939 1214/1214/1214 1214/1214/1214 
f 1214/1214/1214 1214/1214/1214 1213/1213/1213 
f 1214/1214/1214 1216/1216/1216 1213/1213/1213 
f 1213/1213/1213 1216/1216/1216 1213/1213/1213 
f 1216/1216/1216 1221/1221/1221 1213/1213/1213 
f 1213/1213/1213 1221/1221/1221 1212/1212/1212 
f 1221/1221/1221 1218/1218/1218 1212/1212/1212 
f 1212/1212/1212 1218/1218/1218 1211/1211/1211 
f 1218/1218/1218 1211/1211/1211 1211/1211/1211 
f 1211/1211/1211 1211/1211/1211 1220/1220/1220 
f 1211/1211/1211 1220/1220/1220 1220/1220/1220 
f 1220/1220/1220 1220/1220/1220 1222/1222/1222 
f 1220/1220/1220 1219/1219/1219 1222/1222/1222 
f 1222/1222/1222 1219/1219/1219 1222/1222/1222 
f 1219/1219/1219 1218/1218/1218 1222/1222/1222 
f 1222/1222/1222 1218/1218/1218 1222/1222/1222 
f 1218/1218/1218 1221/1221/1221 1222/1222/1222 
f 1222/1222/1222 1221/1221/1221 1223/1223/1223 
f 1221/1221/1221 1216/1216/1216 1223/1223/1223 
f 1223/1223/1223 1216/1216/1216 1223/1223/1223 
f 1216/1216/1216 1217/1217/1217 1223/1223/1223 
f 1223/1223/1223 1217/1217/1217 1223/1223/1223 
f 1217/1217/1217 1224/1224/1224 1223/1223/1223 
f 1223/1223/1223 1224/1224/1224 1225/1225/1225 
f 1224/1224/1224 1226/1226/1226 1225/1225/1225 
f 1225/1225/1225 1226/1226/1226 1227/1227/1227 
f 1226/1226/1226 938/938/938 1227/1227/1227 
f 1227/1227/1227 938/938/938 1227/1227/1227 
f 938/938/938 937/937/937 1227/1227/1227 
f 1227/1227/1227 937/937/937 1227/1227/1227 
f 937/937/937 939/939/939 1227/1227/1227 
f 1227/1227/1227 939/939/939 1227/1227/1227 
f 939/939/939 1220/1220/1220 1227/1227/1227 
f 1227/1227/1227 1220/1220/1220 1225/1225/1225 
f 1220/1220/1220 1222/1222/1222 1225/1225/1225 
f 1225/1225/1225 1222/1222/1222 1223/1223/1223 
f 1222/1222/1222 1223/1223/1223 1223/1223/1223 
f 1223/1223/1223 1223/1223/1223 1105/1105/1105 
f 1223/1223/1223 1105/1105/1105 1105/1105/1105 
f 1105/1105/1105 1105/1105/1105 1228/1228/1228 
f 1105/1105/1105 1106/1106/1106 1228/1228/1228 
f 1228/1228/1228 1106/1106/1106 1229/1229/1229 
f 1106/1106/1106 1107/1107/1107 1229/1229/1229 
f 1229/1229/1229 1107/1107/1107 1230/1230/1230 
f 1107/1107/1107 1108/1108/1108 1230/1230/1230 
f 1230/1230/1230 1108/1108/1108 1231/1231/1231 
f 1108/1108/1108 1109/1109/1109 1231/1231/1231 
f 1231/1231/1231 1109/1109/1109 1232/1232/1232 
f 1109/1109/1109 1110/1110/1110 1232/1232/1232 
f 1232/1232/1232 1110/1110/1110 1233/1233/1233 
f 1110/1110/1110 1111/1111/1111 1233/1233/1233 
f 1233/1233/1233 1111/1111/1111 1234/1234/1234 
f 1111/1111/1111 1111/1111/1111 1234/1234/1234 
f 1234/1234/1234 1111/1111/1111 1235/1235/1235 
f 1111/1111/1111 1112/1112/1112 1235/1235/1235 
f 1235/1235/1235 1112/1112/1112 1236/1236/1236 
f 1112/1112/1112 1113/1113/1113 1236/1236/1236 
f 1236/1236/1236 1113/1113/1113 1237/1237/1237 
f 1113/1113/1113 1114/1114/1114 1237/1237/1237 
f 1237/1237/1237 1114/1114/1114 1238/1238/1238 
f 1114/1114/1114 1115/1115/1115 1238/1238/1238 
f 1238/1238/1238 1115/1115/1115 1239/1239/1239 
f 1115/1115/1115 1116/1116/1116 1239/1239/1239 
f 1239/1239/1239 1116/1116/1116 1240/1240/1240 
f 1116/1116/1116 1117/1117/1117 1240/1240/1240 
f 1240/1240/1240 1117/1117/1117 1241/1241/1241 
f 1117/1117/1117 1118/1118/1118 1241/1241/1241 
f 1241/1241/1241 1118/1118/1118 1242/1242/1242 
f 1118/1118/1118 1145/1145/1145 1242/1242/1242 
f 1242/1242/1242 1145/1145/1145 1243/1243/1243 
f 1145/1145/1145 1147/1147/1147 1243/1243/1243 
f 1243/1243/1243 1147/1147/1147 1244/1244/1244 
f 1147/1147/1147 1174/1174/1174 1244/1244/1244 
f 1244/1244/1244 1174/1174/1174 1245/1245/1245 
f 1174/1174/1174 1175/1175/1175 1245/1245/1245 
f 1245/1245/1245 1175/1175/1175 1246/1246/1246 
f 1175/1175/1175 1202/1202/1202 1246/1246/1246 
f 1246/1246/1246 1202/1202/1202 1247/1247/1247 
f 1202/1202/1202 1203/1203/1203 1247/1247/1247 
f 1247/1247/1247 1203/1203/1203 1248/1248/1248 
f 1203/1203/1203 1203/1203/1203 1248/1248/1248 
f 1248/1248/1248 1203/1203/1203 1249/1249/1249 
f 1203/1203/1203 1204/1204/1204 1249/1249/1249 
f 1249/1249/1249 1204/1204/1204 1250/1250/1250 
f 1204/1204/1204 1205/1205/1205 1250/1250/1250 
f 1250/1250/1250 1205/1205/1205 1251/1251/1251 
f 1205/1205/1205 1206/1206/1206 1251/1251/1251 
f 1251/1251/1251 1206/1206/1206 1252/1252/1252 
f 1206/1206/1206 1207/1207/1207 1252/1252/1252 
f 1252/1252/1252 1207/1207/1207 1253/1253/1253 
f 1207/1207/1207 1208/1208/1208 1253/1253/1253 
f 1253/1253/1253 1208/1208/1208 945/945/945 
f 1208/1208/1208 944/944/944 945/945/945 
f 945/945/945 944/944/944 944/944/944 
f 944/944/944 945/945/945 944/944/944 
f 944/944/944 945/945/945 945/945/945 
f 945/945/945 946/946/946 945/945/945 
f 945/945/945 946/946/946 1253/1253/1253 
f 946/946/946 1254/1254/1254 1253/1253/1253 
f 1253/1253/1253 1254/1254/1254 1252/1252/1252 
f 1254/1254/1254 1252/1252/1252 1252/1252/1252 
f 1252/1252/1252 1252/1252/1252 946/946/946 
f 1252/1252/1252 946/946/946 946/946/946 
f 946/946/946 946/946/946 1254/1254/1254 
f 946/946/946 947/947/947 1254/1254/1254 
f 1254/1254/1254 947/947/947 1255/1255/1255 
f 947/947/947 948/948/948 1255/1255/1255 
f 1255/1255/1255 948/948/948 1256/1256/1256 
f 948/948/948 949/949/949 1256/1256/1256 
f 1256/1256/1256 949/949/949 1257/1257/1257 
f 949/949/949 950/950/950 1257/1257/1257 
f 1257/1257/1257 950/950/950 1258/1258/1258 
f 950/950/950 951/951/951 1258/1258/1258 
f 1258/1258/1258 951/951/951 1259/1259/1259 
f 951/951/951 952/952/952 1259/1259/1259 
f 1259/1259/1259 952/952/952 1260/1260/1260 
f 952/952/952 953/953/953 1260/1260/1260 
f 1260/1260/1260 953/953/953 1261/1261/1261 
f 953/953/953 954/954/954 1261/1261/1261 
f 1261/1261/1261 954/954/954 1262/1262/1262 
f 954/954/954 955/955/955 1262/1262/1262 
f 1262/1262/1262 955/955/955 1263/1263/1263 
f 955/955/955 956/956/956 1263/1263/1263 
f 1263/1263/1263 956/956/956 1264/1264/1264 
f 956/956/956 957/957/957 1264/1264/1264 
f 1264/1264/1264 957/957/957 1265/1265/1265 
f 957/957/957 958/958/958 1265/1265/1265 
f 1265/1265/1265 958/958/958 958/958/958 
f 958/958/958 1265/1265/1265 958/958/958 
f 958/958/958 1265/1265/1265 1265/1265/1265 
f 1265/1265/1265 1266/1266/1266 1265/1265/1265 
f 1265/1265/1265 1266/1266/1266 1264/1264/1264 
f 1266/1266/1266 1267/1267/1267 1264/1264/1264 
f 1264/1264/1264 1267/1267/1267 1263/1263/1263 
f 1267/1267/1267 1268/1268/1268 1263/1263/1263 
f 1263/1263/1263 1268/1268/1268 1262/1262/1262 
f 1268/1268/1268 1262/1262/1262 1262/1262/1262 
f 1262/1262/1262 1262/1262/1262 1266/1266/1266 
f 1262/1262/1262 1266/1266/1266 1266/1266/1266 
f 1266/1266/1266 1266/1266/1266 1267/1267/1267 
f 1266/1266/1266 1269/1269/1269 1267/1267/1267 
f 1267/1267/1267 1269/1269/1269 1270/1270/1270 
f 1269/1269/1269 1271/1271/1271 1270/1270/1270 
f 1270/1270/1270 1271/1271/1271 1272/1272/1272 
f 1271/1271/1271 1273/1273/1273 1272/1272/1272 
f 1272/1272/1272 1273/1273/1273 1273/1273/1273 
f 1273/1273/1273 1267/1267/1267 1273/1273/1273 
f 1273/1273/1273 1267/1267/1267 1267/1267/1267 
f 1267/1267/1267 1270/1270/1270 1267/1267/1267 
f 1267/1267/1267 1270/1270/1270 1268/1268/1268 
f 1270/1270/1270 1274/1274/1274 1268/1268/1268 
f 1268/1268/1268 1274/1274/1274 1275/1275/1275 
f 1274/1274/1274 1276/1276/1276 1275/1275/1275 
f 1275/1275/1275 1276/1276/1276 1275/1275/1275 
f 1276/1276/1276 1277/1277/1277 1275/1275/1275 
f 1275/1275/1275 1277/1277/1277 1261/1261/1261 
f 1277/1277/1277 1260/1260/1260 1261/1261/1261 
f 1261/1261/1261 1260/1260/1260 1260/1260/1260 
f 1260/1260/1260 1270/1270/1270 1260/1260/1260 
f 1260/1260/1260 1270/1270/1270 1270/1270/1270 
f 1270/1270/1270 1272/1272/1272 1270/1270/1270 
f 1270/1270/1270 1272/1272/1272 1274/1274/1274 
f 1272/1272/1272 1278/1278/1278 1274/1274/1274 
f 1274/1274/1274 1278/1278/1278 1276/1276/1276 
f 1278/1278/1278 1276/1276/1276 1276/1276/1276 
f 1276/1276/1276 1276/1276/1276 1268/1268/1268 
f 1276/1276/1276 1268/1268/1268 1268/1268/1268 
f 1268/1268/1268 1268/1268/1268 1262/1262/1262 
f 1268/1268/1268 1275/1275/1275 1262/1262/1262 
f 1262/1262/1262 1275/1275/1275 1261/1261/1261 
f 1275/1275/1275 1261/1261/1261 1261/1261/1261 
f 1261/1261/1261 1261/1261/1261 1278/1278/1278 
f 1261/1261/1261 1278/1278/1278 1278/1278/1278 
f 1278/1278/1278 1278/1278/1278 1279/1279/1279 
f 1278/1278/1278 1272/1272/1272 1279/1279/1279 
f 1279/1279/1279 1272/1272/1272 1279/1279/1279 
f 1272/1272/1272 1273/1273/1273 1279/1279/1279 
f 1279/1279/1279 1273/1273/1273 1279/1279/1279 
f 1273/1273/1273 1280/1280/1280 1279/1279/1279 
f 1279/1279/1279 1280/1280/1280 1281/1281/1281 
f 1280/1280/1280 1282/1282/1282 1281/1281/1281 
f 1281/1281/1281 1282/1282/1282 1282/1282/1282 
f 1282/1282/1282 1281/1281/1281 1282/1282/1282 
f 1282/1282/1282 1281/1281/1281 1281/1281/1281 
f 1281/1281/1281 1283/1283/1283 1281/1281/1281 
f 1281/1281/1281 1283/1283/1283 1279/1279/1279 
f 1283/1283/1283 1283/1283/1283 1279/1279/1279 
f 1279/1279/1279 1283/1283/1283 1278/1278/1278 
f 1283/1283/1283 1284/1284/1284 1278/1278/1278 
f 1278/1278/1278 1284/1284/1284 1276/1276/1276 
f 1284/1284/1284 1285/1285/1285 1276/1276/1276 
f 1276/1276/1276 1285/1285/1285 1277/1277/1277 
f 1285/1285/1285 1286/1286/1286 1277/1277/1277 
f 1277/1277/1277 1286/1286/1286 1260/1260/1260 
f 1286/1286/1286 1286/1286/1286 1260/1260/1260 
f 1260/1260/1260 1286/1286/1286 1259/1259/1259 
f 1286/1286/1286 1287/1287/1287 1259/1259/1259 
f 1259/1259/1259 1287/1287/1287 1258/1258/1258 
f 1287/1287/1287 1258/1258/1258 1258/1258/1258 
f 1258/1258/1258 1258/1258/1258 1287/1287/1287 
f 1258/1258/1258 1287/1287/1287 1287/1287/1287 
f 1287/1287/1287 1287/1287/1287 1288/1288/1288 
f 1287/1287/1287 1286/1286/1286 1288/1288/1288 
f 1288/1288/1288 1286/1286/1286 1288/1288/1288 
f 1286/1286/1286 1285/1285/1285 1288/1288/1288 
f 1288/1288/1288 1285/1285/1285 1289/1289/1289 
f 1285/1285/1285 1284/1284/1284 1289/1289/1289 
f 1289/1289/1289 1284/1284/1284 1290/1290/1290 
f 1284/1284/1284 1283/1283/1283 1290/1290/1290 
f 1290/1290/1290 1283/1283/1283 1291/1291/1291 
f 1283/1283/1283 1281/1281/1281 1291/1291/1291 
f 1291/1291/1291 1281/1281/1281 1292/1292/1292 
f 1281/1281/1281 1282/1282/1282 1292/1292/1292 
f 1292/1292/1292 1282/1282/1282 1292/1292/1292 
f 1282/1282/1282 1293/1293/1293 1292/1292/1292 
f 1292/1292/1292 1293/1293/1293 1294/1294/1294 
f 1293/1293/1293 1295/1295/1295 1294/1294/1294 
f 1294/1294/1294 1295/1295/1295 1295/1295/1295 
f 1295/1295/1295 1294/1294/1294 1295/1295/1295 
f 1295/1295/1295 1294/1294/1294 1294/1294/1294 
f 1294/1294/1294 1296/1296/1296 1294/1294/1294 
f 1294/1294/1294 1296/1296/1296 1292/1292/1292 
f 1296/1296/1296 1296/1296/1296 1292/1292/1292 
f 1292/1292/1292 1296/1296/1296 1291/1291/1291 
f 1296/1296/1296 1297/1297/1297 1291/1291/1291 
f 1291/1291/1291 1297/1297/1297 1290/1290/1290 
f 1297/1297/1297 1298/1298/1298 1290/1290/1290 
f 1290/1290/1290 1298/1298/1298 1289/1289/1289 
f 1298/1298/1298 1299/1299/1299 1289/1289/1289 
f 1289/1289/1289 1299/1299/1299 1288/1288/1288 
f 1299/1299/1299 1300/1300/1300 1288/1288/1288 
f 1288/1288/1288 1300/1300/1300 1287/1287/1287 
f 1300/1300/1300 1301/1301/1301 1287/1287/1287 
f 1287/1287/1287 1301/1301/1301 1258/1258/1258 
f 1301/1301/1301 1301/1301/1301 1258/1258/1258 
f 1258/1258/1258 1301/1301/1301 1257/1257/1257 
f 1301/1301/1301 1302/1302/1302 1257/1257/1257 
f 1257/1257/1257 1302/1302/1302 1256/1256/1256 
f 1302/1302/1302 1256/1256/1256 1256/1256/1256 
f 1256/1256/1256 1256/1256/1256 1302/1302/1302 
f 1256/1256/1256 1302/1302/1302 1302/1302/1302 
f 1302/1302/1302 1302/1302/1302 1303/1303/1303 
f 1302/1302/1302 1301/1301/1301 1303/1303/1303 
f 1303/1303/1303 1301/1301/1301 1303/1303/1303 
f 1301/1301/1301 1300/1300/1300 1303/1303/1303 
f 1303/1303/1303 1300/1300/1300 1304/1304/1304 
f 1300/1300/1300 1299/1299/1299 1304/1304/1304 
f 1304/1304/1304 1299/1299/1299 1305/1305/1305 
f 1299/1299/1299 1298/1298/1298 1305/1305/1305 
f 1305/1305/1305 1298/1298/1298 1306/1306/1306 
f 1298/1298/1298 1297/1297/1297 1306/1306/1306 
f 1306/1306/1306 1297/1297/1297 1307/1307/1307 
f 1297/1297/1297 1296/1296/1296 1307/1307/1307 
f 1307/1307/1307 1296/1296/1296 1308/1308/1308 
f 1296/1296/1296 1294/1294/1294 1308/1308/1308 
f 1308/1308/1308 1294/1294/1294 1309/1309/1309 
f 1294/1294/1294 1295/1295/1295 1309/1309/1309 
f 1309/1309/1309 1295/1295/1295 1309/1309/1309 
f 1295/1295/1295 1310/1310/1310 1309/1309/1309 
f 1309/1309/1309 1310/1310/1310 1311/1311/1311 
f 1310/1310/1310 1312/1312/1312 1311/1311/1311 
f 1311/1311/1311 1312/1312/1312 1312/1312/1312 
f 1312/1312/1312 1311/1311/1311 1312/1312/1312 
f 1312/1312/1312 1311/1311/1311 1311/1311/1311 
f 1311/1311/1311 1313/1313/1313 1311/1311/1311 
f 1311/1311/1311 1313/1313/1313 1309/1309/1309 
f 1313/1313/1313 1313/1313/1313 1309/1309/1309 
f 1309/1309/1309 1313/1313/1313 1308/1308/1308 
f 1313/1313/1313 1314/1314/1314 1308/1308/1308 
f 1308/1308/1308 1314/1314/1314 1307/1307/1307 
f 1314/1314/1314 1315/1315/1315 1307/1307/1307 
f 1307/1307/1307 1315/1315/1315 1306/1306/1306 
f 1315/1315/1315 1316/1316/1316 1306/1306/1306 
f 1306/1306/1306 1316/1316/1316 1305/1305/1305 
f 1316/1316/1316 1317/1317/1317 1305/1305/1305 
f 1305/1305/1305 1317/1317/1317 1304/1304/1304 
f 1317/1317/1317 1318/1318/1318 1304/1304/1304 
f 1304/1304/1304 1318/1318/1318 1303/1303/1303 
f 1318/1318/1318 1319/1319/1319 1303/1303/1303 
f 1303/1303/1303 1319/1319/1319 1302/1302/1302 
f 1319/1319/1319 1320/1320/1320 1302/1302/1302 
f 1302/1302/1302 1320/1320/1320 1256/1256/1256 
f 1320/1320/1320 1320/1320/1320 1256/1256/1256 
f 1256/1256/1256 1320/1320/1320 1255/1255/1255 
f 1320/1320/1320 1321/1321/1321 1255/1255/1255 
f 1255/1255/1255 1321/1321/1321 1254/1254/1254 
f 1321/1321/1321 1321/1321/1321 1254/1254/1254 
f 1254/1254/1254 1321/1321/1321 1252/1252/1252 
f 1321/1321/1321 1321/1321/1321 1252/1252/1252 
f 1252/1252/1252 1321/1321/1321 1251/1251/1251 
f 1321/1321/1321 1322/1322/1322 1251/1251/1251 
f 1251/1251/1251 1322/1322/1322 1250/1250/1250 
f 1322/1322/1322 1323/1323/1323 1250/1250/1250 
f 1250/1250/1250 1323/1323/1323 1249/1249/1249 
f 1323/1323/1323 1323/1323/1323 1249/1249/1249 
f 1249/1249/1249 1323/1323/1323 1324/1324/1324 
f 1323/1323/1323 1318/1318/1318 1324/1324/1324 
f 1324/1324/1324 1318/1318/1318 1324/1324/1324 
f 1318/1318/1318 1317/1317/1317 1324/1324/1324 
f 1324/1324/1324 1317/1317/1317 1325/1325/1325 
f 1317/1317/1317 1316/1316/1316 1325/1325/1325 
f 1325/1325/1325 1316/1316/1316 1316/1316/1316 
f 1316/1316/1316 1321/1321/1321 1316/1316/1316 
f 1316/1316/1316 1321/1321/1321 1321/1321/1321 
f 1321/1321/1321 1320/1320/1320 1321/1321/1321 
f 1321/1321/1321 1320/1320/1320 1322/1322/1322 
f 1320/1320/1320 1319/1319/1319 1322/1322/1322 
f 1322/1322/1322 1319/1319/1319 1323/1323/1323 
f 1319/1319/1319 1318/1318/1318 1323/1323/1323 
f 1323/1323/1323 1318/1318/1318 1318/1318/1318 
f 1318/1318/1318 1249/1249/1249 1318/1318/1318 
f 1318/1318/1318 1249/1249/1249 1249/1249/1249 
f 1249/1249/1249 1324/1324/1324 1249/1249/1249 
f 1249/1249/1249 1324/1324/1324 1248/1248/1248 
f 1324/1324/1324 1325/1325/1325 1248/1248/1248 
f 1248/1248/1248 1325/1325/1325 1248/1248/1248 
f 1325/1325/1325 1326/1326/1326 1248/1248/1248 
f 1248/1248/1248 1326/1326/1326 1247/1247/1247 
f 1326/1326/1326 1327/1327/1327 1247/1247/1247 
f 1247/1247/1247 1327/1327/1327 1246/1246/1246 
f 1327/1327/1327 1328/1328/1328 1246/1246/1246 
f 1246/1246/1246 1328/1328/1328 1245/1245/1245 
f 1328/1328/1328 1329/1329/1329 1245/1245/1245 
f 1245/1245/1245 1329/1329/1329 1244/1244/1244 
f 1329/1329/1329 1330/1330/1330 1244/1244/1244 
f 1244/1244/1244 1330/1330/1330 1243/1243/1243 
f 1330/1330/1330 1331/1331/1331 1243/1243/1243 
f 1243/1243/1243 1331/1331/1331 1242/1242/1242 
f 1331/1331/1331 1332/1332/1332 1242/1242/1242 
f 1242/1242/1242 1332/1332/1332 1241/1241/1241 
f 1332/1332/1332 1333/1333/1333 1241/1241/1241 
f 1241/1241/1241 1333/1333/1333 1240/1240/1240 
f 1333/1333/1333 1334/1334/1334 1240/1240/1240 
f 1240/1240/1240 1334/1334/1334 1239/1239/1239 
f 1334/1334/1334 1335/1335/1335 1239/1239/1239 
f 1239/1239/1239 1335/1335/1335 1238/1238/1238 
f 1335/1335/1335 1336/1336/1336 1238/1238/1238 
f 1238/1238/1238 1336/1336/1336 1237/1237/1237 
f 1336/1336/1336 1337/1337/1337 1237/1237/1237 
f 1237/1237/1237 1337/1337/1337 1236/1236/1236 
f 1337/1337/1337 1338/1338/1338 1236/1236/1236 
f 1236/1236/1236 1338/1338/1338 1235/1235/1235 
f 1338/1338/1338 1339/1339/1339 1235/1235/1235 
f 1235/1235/1235 1339/1339/1339 1234/1234/1234 
f 1339/1339/1339 1340/1340/1340 1234/1234/1234 
f 1234/1234/1234 1340/1340/1340 1234/1234/1234 
f 1340/1340/1340 1341/1341/1341 1234/1234/1234 
f 1234/1234/1234 1341/1341/1341 1233/1233/1233 
f 1341/1341/1341 1342/1342/1342 1233/1233/1233 
f 1233/1233/1233 1342/1342/1342 1232/1232/1232 
f 1342/1342/1342 1343/1343/1343 1232/1232/1232 
f 1232/1232/1232 1343/1343/1343 1231/1231/1231 
f 1343/1343/1343 1344/1344/1344 1231/1231/1231 
f 1231/1231/1231 1344/1344/1344 1230/1230/1230 
f 1344/1344/1344 1345/1345/1345 1230/1230/1230 
f 1230/1230/1230 1345/1345/1345 1229/1229/1229 
f 1345/1345/1345 1346/1346/1346 1229/1229/1229 
f 1229/1229/1229 1346/1346/1346 1228/1228/1228 
f 1346/1346/1346 1347/1347/1347 1228/1228/1228 
f 1228/1228/1228 1347/1347/1347 1228/1228/1228 
f 1347/1347/1347 1348/1348/1348 1228/1228/1228 
f 1228/1228/1228 1348/1348/1348 1105/1105/1105 
f 1348/1348/1348 1349/1349/1349 1105/1105/1105 
f 1105/1105/1105 1349/1349/1349 1104/1104/1104 
f 1349/1349/1349 1350/1350/1350 1104/1104/1104 
f 1104/1104/1104 1350/1350/1350 1103/1103/1103 
f 1350/1350/1350 1351/1351/1351 1103/1103/1103 
f 1103/1103/1103 1351/1351/1351 1102/1102/1102 
f 1351/1351/1351 1352/1352/1352 1102/1102/1102 
f 1102/1102/1102 1352/1352/1352 1101/1101/1101 
f 1352/1352/1352 1353/1353/1353 1101/1101/1101 
f 1101/1101/1101 1353/1353/1353 1100/1100/1100 
f 1353/1353/1353 1354/1354/1354 1100/1100/1100 
f 1100/1100/1100 1354/1354/1354 1098/1098/1098 
f 1354/1354/1354 1354/1354/1354 1098/1098/1098 
f 1098/1098/1098 1354/1354/1354 1099/1099/1099 
f 1354/1354/1354 1354/1354/1354 1099/1099/1099 
f 1099/1099/1099 1354/1354/1354 1355/1355/1355 
f 1354/1354/1354 1356/1356/1356 1355/1355/1355 
f 1355/1355/1355 1356/1356/1356 1357/1357/1357 
f 1356/1356/1356 1357/1357/1357 1357/1357/1357 
f 1357/1357/1357 1357/1357/1357 1354/1354/1354 
f 1357/1357/1357 1354/1354/1354 1354/1354/1354 
f 1354/1354/1354 1354/1354/1354 1356/1356/1356 
f 1354/1354/1354 1353/1353/1353 1356/1356/1356 
f 1356/1356/1356 1353/1353/1353 1358/1358/1358 
f 1353/1353/1353 1352/1352/1352 1358/1358/1358 
f 1358/1358/1358 1352/1352/1352 1359/1359/1359 
f 1352/1352/1352 1351/1351/1351 1359/1359/1359 
f 1359/1359/1359 1351/1351/1351 1360/1360/1360 
f 1351/1351/1351 1350/1350/1350 1360/1360/1360 
f 1360/1360/1360 1350/1350/1350 1361/1361/1361 
f 1350/1350/1350 1349/1349/1349 1361/1361/1361 
f 1361/1361/1361 1349/1349/1349 1362/1362/1362 
f 1349/1349/1349 1348/1348/1348 1362/1362/1362 
f 1362/1362/1362 1348/1348/1348 1363/1363/1363 
f 1348/1348/1348 1347/1347/1347 1363/1363/1363 
f 1363/1363/1363 1347/1347/1347 1364/1364/1364 
f 1347/1347/1347 1347/1347/1347 1364/1364/1364 
f 1364/1364/1364 1347/1347/1347 1365/1365/1365 
f 1347/1347/1347 1346/1346/1346 1365/1365/1365 
f 1365/1365/1365 1346/1346/1346 1366/1366/1366 
f 1346/1346/1346 1345/1345/1345 1366/1366/1366 
f 1366/1366/1366 1345/1345/1345 1367/1367/1367 
f 1345/1345/1345 1344/1344/1344 1367/1367/1367 
f 1367/1367/1367 1344/1344/1344 1368/1368/1368 
f 1344/1344/1344 1343/1343/1343 1368/1368/1368 
f 1368/1368/1368 1343/1343/1343 1369/1369/1369 
f 1343/1343/1343 1342/1342/1342 1369/1369/1369 
f 1369/1369/1369 1342/1342/1342 1370/1370/1370 
f 1342/1342/1342 1341/1341/1341 1370/1370/1370 
f 1370/1370/1370 1341/1341/1341 1371/1371/1371 
f 1341/1341/1341 1340/1340/1340 1371/1371/1371 
f 1371/1371/1371 1340/1340/1340 1372/1372/1372 
f 1340/1340/1340 1340/1340/1340 1372/1372/1372 
f 1372/1372/1372 1340/1340/1340 1373/1373/1373 
f 1340/1340/1340 1339/1339/1339 1373/1373/1373 
f 1373/1373/1373 1339/1339/1339 1374/1374/1374 
f 1339/1339/1339 1338/1338/1338 1374/1374/1374 
f 1374/1374/1374 1338/1338/1338 1375/1375/1375 
f 1338/1338/1338 1337/1337/1337 1375/1375/1375 
f 1375/1375/1375 1337/1337/1337 1376/1376/1376 
f 1337/1337/1337 1336/1336/1336 1376/1376/1376 
f 1376/1376/1376 1336/1336/1336 1377/1377/1377 
f 1336/1336/1336 1335/1335/1335 1377/1377/1377 
f 1377/1377/1377 1335/1335/1335 1378/1378/1378 
f 1335/1335/1335 1334/1334/1334 1378/1378/1378 
f 1378/1378/1378 1334/1334/1334 1379/1379/1379 
f 1334/1334/1334 1333/1333/1333 1379/1379/1379 
f 1379/1379/1379 1333/1333/1333 1380/1380/1380 
f 1333/1333/1333 1332/1332/1332 1380/1380/1380 
f 1380/1380/1380 1332/1332/1332 1381/1381/1381 
f 1332/1332/1332 1331/1331/1331 1381/1381/1381 
f 1381/1381/1381 1331/1331/1331 1382/1382/1382 
f 1331/1331/1331 1330/1330/1330 1382/1382/1382 
f 1382/1382/1382 1330/1330/1330 1383/1383/1383 
f 1330/1330/1330 1329/1329/1329 1383/1383/1383 
f 1383/1383/1383 1329/1329/1329 1384/1384/1384 
f 1329/1329/1329 1328/1328/1328 1384/1384/1384 
f 1384/1384/1384 1328/1328/1328 1385/1385/1385 
f 1328/1328/1328 1327/1327/1327 1385/1385/1385 
f 1385/1385/1385 1327/1327/1327 1386/1386/1386 
f 1327/1327/1327 1326/1326/1326 1386/1386/1386 
f 1386/1386/1386 1326/1326/1326 1387/1387/1387 
f 1326/1326/1326 1325/1325/1325 1387/1387/1387 
f 1387/1387/1387 1325/1325/1325 1387/1387/1387 
f 1325/1325/1325 1316/1316/1316 1387/1387/1387 
f 1387/1387/1387 1316/1316/1316 1387/1387/1387 
f 1316/1316/1316 1315/1315/1315 1387/1387/1387 
f 1387/1387/1387 1315/1315/1315 1388/1388/1388 
f 1315/1315/1315 1314/1314/1314 1388/1388/1388 
f 1388/1388/1388 1314/1314/1314 1314/1314/1314 
f 1314/1314/1314 1387/1387/1387 1314/1314/1314 
f 1314/1314/1314 1387/1387/1387 1387/1387/1387 
f 1387/1387/1387 1388/1388/1388 1387/1387/1387 
f 1387/1387/1387 1388/1388/1388 1386/1386/1386 
f 1388/1388/1388 1389/1389/1389 1386/1386/1386 
f 1386/1386/1386 1389/1389/1389 1385/1385/1385 
f 1389/1389/1389 1390/1390/1390 1385/1385/1385 
f 1385/1385/1385 1390/1390/1390 1384/1384/1384 
f 1390/1390/1390 1391/1391/1391 1384/1384/1384 
f 1384/1384/1384 1391/1391/1391 1383/1383/1383 
f 1391/1391/1391 1392/1392/1392 1383/1383/1383 
f 1383/1383/1383 1392/1392/1392 1382/1382/1382 
f 1392/1392/1392 1393/1393/1393 1382/1382/1382 
f 1382/1382/1382 1393/1393/1393 1381/1381/1381 
f 1393/1393/1393 1394/1394/1394 1381/1381/1381 
f 1381/1381/1381 1394/1394/1394 1380/1380/1380 
f 1394/1394/1394 1395/1395/1395 1380/1380/1380 
f 1380/1380/1380 1395/1395/1395 1379/1379/1379 
f 1395/1395/1395 1396/1396/1396 1379/1379/1379 
f 1379/1379/1379 1396/1396/1396 1378/1378/1378 
f 1396/1396/1396 1397/1397/1397 1378/1378/1378 
f 1378/1378/1378 1397/1397/1397 1377/1377/1377 
f 1397/1397/1397 1398/1398/1398 1377/1377/1377 
f 1377/1377/1377 1398/1398/1398 1376/1376/1376 
f 1398/1398/1398 1399/1399/1399 1376/1376/1376 
f 1376/1376/1376 1399/1399/1399 1375/1375/1375 
f 1399/1399/1399 1400/1400/1400 1375/1375/1375 
f 1375/1375/1375 1400/1400/1400 1374/1374/1374 
f 1400/1400/1400 1401/1401/1401 1374/1374/1374 
f 1374/1374/1374 1401/1401/1401 1373/1373/1373 
f 1401/1401/1401 1402/1402/1402 1373/1373/1373 
f 1373/1373/1373 1402/1402/1402 1372/1372/1372 
f 1402/1402/1402 1403/1403/1403 1372/1372/1372 
f 1372/1372/1372 1403/1403/1403 1372/1372/1372 
f 1403/1403/1403 1404/1404/1404 1372/1372/1372 
f 1372/1372/1372 1404/1404/1404 1371/1371/1371 
f 1404/1404/1404 1405/1405/1405 1371/1371/1371 
f 1371/1371/1371 1405/1405/1405 1370/1370/1370 
f 1405/1405/1405 1406/1406/1406 1370/1370/1370 
f 1370/1370/1370 1406/1406/1406 1369/1369/1369 
f 1406/1406/1406 1407/1407/1407 1369/1369/1369 
f 1369/1369/1369 1407/1407/1407 1368/1368/1368 
f 1407/1407/1407 1408/1408/1408 1368/1368/1368 
f 1368/1368/1368 1408/1408/1408 1367/1367/1367 
f 1408/1408/1408 1409/1409/1409 1367/1367/1367 
f 1367/1367/1367 1409/1409/1409 1366/1366/1366 
f 1409/1409/1409 1410/1410/1410 1366/1366/1366 
f 1366/1366/1366 1410/1410/1410 1365/1365/1365 
f 1410/1410/1410 1411/1411/1411 1365/1365/1365 
f 1365/1365/1365 1411/1411/1411 1364/1364/1364 
f 1411/1411/1411 1412/1412/1412 1364/1364/1364 
f 1364/1364/1364 1412/1412/1412 1413/1413/1413 
f 1412/1412/1412 1414/1414/1414 1413/1413/1413 
f 1413/1413/1413 1414/1414/1414 1415/1415/1415 
f 1414/1414/1414 1416/1416/1416 1415/1415/1415 
f 1415/1415/1415 1416/1416/1416 1417/1417/1417 
f 1416/1416/1416 1418/1418/1418 1417/1417/1417 
f 1417/1417/1417 1418/1418/1418 1419/1419/1419 
f 1418/1418/1418 1420/1420/1420 1419/1419/1419 
f 1419/1419/1419 1420/1420/1420 1421/1421/1421 
f 1420/1420/1420 1422/1422/1422 1421/1421/1421 
f 1421/1421/1421 1422/1422/1422 1423/1423/1423 
f 1422/1422/1422 1424/1424/1424 1423/1423/1423 
f 1423/1423/1423 1424/1424/1424 1423/1423/1423 
f 1424/1424/1424 1425/1425/1425 1423/1423/1423 
f 1423/1423/1423 1425/1425/1425 1426/1426/1426 
f 1425/1425/1425 1427/1427/1427 1426/1426/1426 
f 1426/1426/1426 1427/1427/1427 1426/1426/1426 
f 1427/1427/1427 1428/1428/1428 1426/1426/1426 
f 1426/1426/1426 1428/1428/1428 1429/1429/1429 
f 1428/1428/1428 1430/1430/1430 1429/1429/1429 
f 1429/1429/1429 1430/1430/1430 1431/1431/1431 
f 1430/1430/1430 1432/1432/1432 1431/1431/1431 
f 1431/1431/1431 1432/1432/1432 1433/1433/1433 
f 1432/1432/1432 1434/1434/1434 1433/1433/1433 
f 1433/1433/1433 1434/1434/1434 1435/1435/1435 
f 1434/1434/1434 1436/1436/1436 1435/1435/1435 
f 1435/1435/1435 1436/1436/1436 1437/1437/1437 
f 1436/1436/1436 1357/1357/1357 1437/1437/1437 
f 1437/1437/1437 1357/1357/1357 1437/1437/1437 
f 1357/1357/1357 1356/1356/1356 1437/1437/1437 
f 1437/1437/1437 1356/1356/1356 1437/1437/1437 
f 1356/1356/1356 1358/1358/1358 1437/1437/1437 
f 1437/1437/1437 1358/1358/1358 1438/1438/1438 
f 1358/1358/1358 1359/1359/1359 1438/1438/1438 
f 1438/1438/1438 1359/1359/1359 1359/1359/1359 
f 1359/1359/1359 1364/1364/1364 1359/1359/1359 
f 1359/1359/1359 1364/1364/1364 1364/1364/1364 
f 1364/1364/1364 1413/1413/1413 1364/1364/1364 
f 1364/1364/1364 1413/1413/1413 1363/1363/1363 
f 1413/1413/1413 1363/1363/1363 1363/1363/1363 
f 1363/1363/1363 1363/1363/1363 1437/1437/1437 
f 1363/1363/1363 1437/1437/1437 1437/1437/1437 
f 1437/1437/1437 1437/1437/1437 1435/1435/1435 
f 1437/1437/1437 1438/1438/1438 1435/1435/1435 
f 1435/1435/1435 1438/1438/1438 1435/1435/1435 
f 1438/1438/1438 1439/1439/1439 1435/1435/1435 
f 1435/1435/1435 1439/1439/1439 1433/1433/1433 
f 1439/1439/1439 1440/1440/1440 1433/1433/1433 
f 1433/1433/1433 1440/1440/1440 1431/1431/1431 
f 1440/1440/1440 1441/1441/1441 1431/1431/1431 
f 1431/1431/1431 1441/1441/1441 1429/1429/1429 
f 1441/1441/1441 1442/1442/1442 1429/1429/1429 
f 1429/1429/1429 1442/1442/1442 1426/1426/1426 
f 1442/1442/1442 1442/1442/1442 1426/1426/1426 
f 1426/1426/1426 1442/1442/1442 1423/1423/1423 
f 1442/1442/1442 1442/1442/1442 1423/1423/1423 
f 1423/1423/1423 1442/1442/1442 1421/1421/1421 
f 1442/1442/1442 1443/1443/1443 1421/1421/1421 
f 1421/1421/1421 1443/1443/1443 1419/1419/1419 
f 1443/1443/1443 1444/1444/1444 1419/1419/1419 
f 1419/1419/1419 1444/1444/1444 1417/1417/1417 
f 1444/1444/1444 1445/1445/1445 1417/1417/1417 
f 1417/1417/1417 1445/1445/1445 1415/1415/1415 
f 1445/1445/1445 1446/1446/1446 1415/1415/1415 
f 1415/1415/1415 1446/1446/1446 1413/1413/1413 
f 1446/1446/1446 1446/1446/1446 1413/1413/1413 
f 1413/1413/1413 1446/1446/1446 1363/1363/1363 
f 1446/1446/1446 1446/1446/1446 1363/1363/1363 
f 1363/1363/1363 1446/1446/1446 1362/1362/1362 
f 1446/1446/1446 1447/1447/1447 1362/1362/1362 
f 1362/1362/1362 1447/1447/1447 1361/1361/1361 
f 1447/1447/1447 1361/1361/1361 1361/1361/1361 
f 1361/1361/1361 1361/1361/1361 1442/1442/1442 
f 1361/1361/1361 1442/1442/1442 1442/1442/1442 
f 1442/1442/1442 1442/1442/1442 1443/1443/1443 
f 1442/1442/1442 1441/1441/1441 1443/1443/1443 
f 1443/1443/1443 1441/1441/1441 1448/1448/1448 
f 1441/1441/1441 1440/1440/1440 1448/1448/1448 
f 1448/1448/1448 1440/1440/1440 1449/1449/1449 
f 1440/1440/1440 1439/1439/1439 1449/1449/1449 
f 1449/1449/1449 1439/1439/1439 1450/1450/1450 
f 1439/1439/1439 1438/1438/1438 1450/1450/1450 
f 1450/1450/1450 1438/1438/1438 1450/1450/1450 
f 1438/1438/1438 1359/1359/1359 1450/1450/1450 
f 1450/1450/1450 1359/1359/1359 1450/1450/1450 
f 1359/1359/1359 1360/1360/1360 1450/1450/1450 
f 1450/1450/1450 1360/1360/1360 1450/1450/1450 
f 1360/1360/1360 1451/1451/1451 1450/1450/1450 
f 1450/1450/1450 1451/1451/1451 1449/1449/1449 
f 1451/1451/1451 1449/1449/1449 1449/1449/1449 
f 1449/1449/1449 1449/1449/1449 1443/1443/1443 
f 1449/1449/1449 1443/1443/1443 1443/1443/1443 
f 1443/1443/1443 1443/1443/1443 1444/1444/1444 
f 1443/1443/1443 1448/1448/1448 1444/1444/1444 
f 1444/1444/1444 1448/1448/1448 1452/1452/1452 
f 1448/1448/1448 1449/1449/1449 1452/1452/1452 
f 1452/1452/1452 1449/1449/1449 1452/1452/1452 
f 1449/1449/1449 1451/1451/1451 1452/1452/1452 
f 1452/1452/1452 1451/1451/1451 1447/1447/1447 
f 1451/1451/1451 1451/1451/1451 1447/1447/1447 
f 1447/1447/1447 1451/1451/1451 1361/1361/1361 
f 1451/1451/1451 1360/1360/1360 1361/1361/1361 
f 1361/1361/1361 1360/1360/1360 1360/1360/1360 
f 1360/1360/1360 1446/1446/1446 1360/1360/1360 
f 1360/1360/1360 1446/1446/1446 1446/1446/1446 
f 1446/1446/1446 1445/1445/1445 1446/1446/1446 
f 1446/1446/1446 1445/1445/1445 1447/1447/1447 
f 1445/1445/1445 1445/1445/1445 1447/1447/1447 
f 1447/1447/1447 1445/1445/1445 1452/1452/1452 
f 1445/1445/1445 1444/1444/1444 1452/1452/1452 
f 1452/1452/1452 1444/1444/1444 1444/1444/1444 
f 1444/1444/1444 1453/1453/1453 1444/1444/1444 
f 1444/1444/1444 1453/1453/1453 1453/1453/1453 
f 1453/1453/1453 1454/1454/1454 1453/1453/1453 
f 1453/1453/1453 1454/1454/1454 1455/1455/1455 
f 1454/1454/1454 1456/1456/1456 1455/1455/1455 
f 1455/1455/1455 1456/1456/1456 1457/1457/1457 
f 1456/1456/1456 1458/1458/1458 1457/1457/1457 
f 1457/1457/1457 1458/1458/1458 1459/1459/1459 
f 1458/1458/1458 1460/1460/1460 1459/1459/1459 
f 1459/1459/1459 1460/1460/1460 1461/1461/1461 
f 1460/1460/1460 1462/1462/1462 1461/1461/1461 
f 1461/1461/1461 1462/1462/1462 1463/1463/1463 
f 1462/1462/1462 1464/1464/1464 1463/1463/1463 
f 1463/1463/1463 1464/1464/1464 1465/1465/1465 
f 1464/1464/1464 1466/1466/1466 1465/1465/1465 
f 1465/1465/1465 1466/1466/1466 1467/1467/1467 
f 1466/1466/1466 1468/1468/1468 1467/1467/1467 
f 1467/1467/1467 1468/1468/1468 1469/1469/1469 
f 1468/1468/1468 1470/1470/1470 1469/1469/1469 
f 1469/1469/1469 1470/1470/1470 1471/1471/1471 
f 1470/1470/1470 1472/1472/1472 1471/1471/1471 
f 1471/1471/1471 1472/1472/1472 1473/1473/1473 
f 1472/1472/1472 1474/1474/1474 1473/1473/1473 
f 1473/1473/1473 1474/1474/1474 1475/1475/1475 
f 1474/1474/1474 1476/1476/1476 1475/1475/1475 
f 1475/1475/1475 1476/1476/1476 1477/1477/1477 
f 1476/1476/1476 1478/1478/1478 1477/1477/1477 
f 1477/1477/1477 1478/1478/1478 1479/1479/1479 
f 1478/1478/1478 1480/1480/1480 1479/1479/1479 
f 1479/1479/1479 1480/1480/1480 1481/1481/1481 
f 1480/1480/1480 1482/1482/1482 1481/1481/1481 
f 1481/1481/1481 1482/1482/1482 1483/1483/1483 
f 1482/1482/1482 1484/1484/1484 1483/1483/1483 
f 1483/1483/1483 1484/1484/1484 1485/1485/1485 
f 1484/1484/1484 1486/1486/1486 1485/1485/1485 
f 1485/1485/1485 1486/1486/1486 1487/1487/1487 
f 1486/1486/1486 1488/1488/1488 1487/1487/1487 
f 1487/1487/1487 1488/1488/1488 1489/1489/1489 
f 1488/1488/1488 1490/1490/1490 1489/1489/1489 
f 1489/1489/1489 1490/1490/1490 1491/1491/1491 
f 1490/1490/1490 1492/1492/1492 1491/1491/1491 
f 1491/1491/1491 1492/1492/1492 1493/1493/1493 
f 1492/1492/1492 1494/1494/1494 1493/1493/1493 
f 1493/1493/1493 1494/1494/1494 1495/1495/1495 
f 1494/1494/1494 1496/1496/1496 1495/1495/1495 
f 1495/1495/1495 1496/1496/1496 1497/1497/1497 
f 1496/1496/1496 1498/1498/1498 1497/1497/1497 
f 1497/1497/1497 1498/1498/1498 1499/1499/1499 
f 1498/1498/1498 1500/1500/1500 1499/1499/1499 
f 1499/1499/1499 1500/1500/1500 1501/1501/1501 
f 1500/1500/1500 1502/1502/1502 1501/1501/1501 
f 1501/1501/1501 1502/1502/1502 1503/1503/1503 
f 1502/1502/1502 1504/1504/1504 1503/1503/1503 
f 1503/1503/1503 1504/1504/1504 1505/1505/1505 
f 1504/1504/1504 1506/1506/1506 1505/1505/1505 
f 1505/1505/1505 1506/1506/1506 1507/1507/1507 
f 1506/1506/1506 1508/1508/1508 1507/1507/1507 
f 1507/1507/1507 1508/1508/1508 1509/1509/1509 
f 1508/1508/1508 1510/1510/1510 1509/1509/1509 
f 1509/1509/1509 1510/1510/1510 1511/1511/1511 
f 1510/1510/1510 1512/1512/1512 1511/1511/1511 
f 1511/1511/1511 1512/1512/1512 1513/1513/1513 
f 1512/1512/1512 1514/1514/1514 1513/1513/1513 
f 1513/1513/1513 1514/1514/1514 1515/1515/1515 
f 1514/1514/1514 1516/1516/1516 1515/1515/1515 
f 1515/1515/1515 1516/1516/1516 1517/1517/1517 
f 1516/1516/1516 1518/1518/1518 1517/1517/1517 
f 1517/1517/1517 1518/1518/1518 1519/1519/1519 
f 1518/1518/1518 1520/1520/1520 1519/1519/1519 
f 1519/1519/1519 1520/1520/1520 1521/1521/1521 
f 1520/1520/1520 1522/1522/1522 1521/1521/1521 
f 1521/1521/1521 1522/1522/1522 1523/1523/1523 
f 1522/1522/1522 1524/1524/1524 1523/1523/1523 
f 1523/1523/1523 1524/1524/1524 1525/1525/1525 
f 1524/1524/1524 1526/1526/1526 1525/1525/1525 
f 1525/1525/1525 1526/1526/1526 1527/1527/1527 
f 1526/1526/1526 1528/1528/1528 1527/1527/1527 
f 1527/1527/1527 1528/1528/1528 1529/1529/1529 
f 1528/1528/1528 1530/1530/1530 1529/1529/1529 
f 1529/1529/1529 1530/1530/1530 1531/1531/1531 
f 1530/1530/1530 1532/1532/1532 1531/1531/1531 
f 1531/1531/1531 1532/1532/1532 1533/1533/1533 
f 1532/1532/1532 1532/1532/1532 1533/1533/1533 
f 1533/1533/1533 1532/1532/1532 1534/1534/1534 
f 1532/1532/1532 1535/1535/1535 1534/1534/1534 
f 1534/1534/1534 1535/1535/1535 1536/1536/1536 
f 1535/1535/1535 1536/1536/1536 1536/1536/1536 
f 1536/1536/1536 1536/1536/1536 1535/1535/1535 
f 1536/1536/1536 1535/1535/1535 1535/1535/1535 
f 1535/1535/1535 1535/1535/1535 1537/1537/1537 
f 1535/1535/1535 1532/1532/1532 1537/1537/1537 
f 1537/1537/1537 1532/1532/1532 1537/1537/1537 
f 1532/1532/1532 1530/1530/1530 1537/1537/1537 
f 1537/1537/1537 1530/1530/1530 1538/1538/1538 
f 1530/1530/1530 1528/1528/1528 1538/1538/1538 
f 1538/1538/1538 1528/1528/1528 1539/1539/1539 
f 1528/1528/1528 1526/1526/1526 1539/1539/1539 
f 1539/1539/1539 1526/1526/1526 1540/1540/1540 
f 1526/1526/1526 1524/1524/1524 1540/1540/1540 
f 1540/1540/1540 1524/1524/1524 1541/1541/1541 
f 1524/1524/1524 1522/1522/1522 1541/1541/1541 
f 1541/1541/1541 1522/1522/1522 1542/1542/1542 
f 1522/1522/1522 1520/1520/1520 1542/1542/1542 
f 1542/1542/1542 1520/1520/1520 1543/1543/1543 
f 1520/1520/1520 1518/1518/1518 1543/1543/1543 
f 1543/1543/1543 1518/1518/1518 1544/1544/1544 
f 1518/1518/1518 1516/1516/1516 1544/1544/1544 
f 1544/1544/1544 1516/1516/1516 1545/1545/1545 
f 1516/1516/1516 1514/1514/1514 1545/1545/1545 
f 1545/1545/1545 1514/1514/1514 1546/1546/1546 
f 1514/1514/1514 1512/1512/1512 1546/1546/1546 
f 1546/1546/1546 1512/1512/1512 1547/1547/1547 
f 1512/1512/1512 1510/1510/1510 1547/1547/1547 
f 1547/1547/1547 1510/1510/1510 1548/1548/1548 
f 1510/1510/1510 1508/1508/1508 1548/1548/1548 
f 1548/1548/1548 1508/1508/1508 1549/1549/1549 
f 1508/1508/1508 1506/1506/1506 1549/1549/1549 
f 1549/1549/1549 1506/1506/1506 1550/1550/1550 
f 1506/1506/1506 1504/1504/1504 1550/1550/1550 
f 1550/1550/1550 1504/1504/1504 1551/1551/1551 
f 1504/1504/1504 1502/1502/1502 1551/1551/1551 
f 1551/1551/1551 1502/1502/1502 1552/1552/1552 
f 1502/1502/1502 1500/1500/1500 1552/1552/1552 
f 1552/1552/1552 1500/1500/1500 1553/1553/1553 
f 1500/1500/1500 1498/1498/1498 1553/1553/1553 
f 1553/1553/1553 1498/1498/1498 1554/1554/1554 
f 1498/1498/1498 1496/1496/1496 1554/1554/1554 
f 1554/1554/1554 1496/1496/1496 1555/1555/1555 
f 1496/1496/1496 1494/1494/1494 1555/1555/1555 
f 1555/1555/1555 1494/1494/1494 1556/1556/1556 
f 1494/1494/1494 1492/1492/1492 1556/1556/1556 
f 1556/1556/1556 1492/1492/1492 1557/1557/1557 
f 1492/1492/1492 1490/1490/1490 1557/1557/1557 
f 1557/1557/1557 1490/1490/1490 1558/1558/1558 
f 1490/1490/1490 1488/1488/1488 1558/1558/1558 
f 1558/1558/1558 1488/1488/1488 1559/1559/1559 
f 1488/1488/1488 1486/1486/1486 1559/1559/1559 
f 1559/1559/1559 1486/1486/1486 1560/1560/1560 
f 1486/1486/1486 1484/1484/1484 1560/1560/1560 
f 1560/1560/1560 1484/1484/1484 1561/1561/1561 
f 1484/1484/1484 1482/1482/1482 1561/1561/1561 
f 1561/1561/1561 1482/1482/1482 1562/1562/1562 
f 1482/1482/1482 1480/1480/1480 1562/1562/1562 
f 1562/1562/1562 1480/1480/1480 1563/1563/1563 
f 1480/1480/1480 1478/1478/1478 1563/1563/1563 
f 1563/1563/1563 1478/1478/1478 1564/1564/1564 
f 1478/1478/1478 1476/1476/1476 1564/1564/1564 
f 1564/1564/1564 1476/1476/1476 1565/1565/1565 
f 1476/1476/1476 1474/1474/1474 1565/1565/1565 
f 1565/1565/1565 1474/1474/1474 1566/1566/1566 
f 1474/1474/1474 1472/1472/1472 1566/1566/1566 
f 1566/1566/1566 1472/1472/1472 1567/1567/1567 
f 1472/1472/1472 1470/1470/1470 1567/1567/1567 
f 1567/1567/1567 1470/1470/1470 1568/1568/1568 
f 1470/1470/1470 1468/1468/1468 1568/1568/1568 
f 1568/1568/1568 1468/1468/1468 1569/1569/1569 
f 1468/1468/1468 1466/1466/1466 1569/1569/1569 
f 1569/1569/1569 1466/1466/1466 1570/1570/1570 
f 1466/1466/1466 1464/1464/1464 1570/1570/1570 
f 1570/1570/1570 1464/1464/1464 1571/1571/1571 
f 1464/1464/1464 1462/1462/1462 1571/1571/1571 
f 1571/1571/1571 1462/1462/1462 1572/1572/1572 
f 1462/1462/1462 1460/1460/1460 1572/1572/1572 
f 1572/1572/1572 1460/1460/1460 1573/1573/1573 
f 1460/1460/1460 1458/1458/1458 1573/1573/1573 
f 1573/1573/1573 1458/1458/1458 1574/1574/1574 
f 1458/1458/1458 1456/1456/1456 1574/1574/1574 
f 1574/1574/1574 1456/1456/1456 1575/1575/1575 
f 1456/1456/1456 1454/1454/1454 1575/1575/1575 
f 1575/1575/1575 1454/1454/1454 1576/1576/1576 
f 1454/1454/1454 1577/1577/1577 1576/1576/1576 
f 1576/1576/1576 1577/1577/1577 1578/1578/1578 
f 1577/1577/1577 1579/1579/1579 1578/1578/1578 
f 1578/1578/1578 1579/1579/1579 1580/1580/1580 
f 1579/1579/1579 1581/1581/1581 1580/1580/1580 
f 1580/1580/1580 1581/1581/1581 1582/1582/1582 
f 1581/1581/1581 1583/1583/1583 1582/1582/1582 
f 1582/1582/1582 1583/1583/1583 1584/1584/1584 
f 1583/1583/1583 1585/1585/1585 1584/1584/1584 
f 1584/1584/1584 1585/1585/1585 1586/1586/1586 
f 1585/1585/1585 1587/1587/1587 1586/1586/1586 
f 1586/1586/1586 1587/1587/1587 1588/1588/1588 
f 1587/1587/1587 1589/1589/1589 1588/1588/1588 
f 1588/1588/1588 1589/1589/1589 1590/1590/1590 
f 1589/1589/1589 1591/1591/1591 1590/1590/1590 
f 1590/1590/1590 1591/1591/1591 1592/1592/1592 
f 1591/1591/1591 1593/1593/1593 1592/1592/1592 
f 1592/1592/1592 1593/1593/1593 1594/1594/1594 
f 1593/1593/1593 1595/1595/1595 1594/1594/1594 
f 1594/1594/1594 1595/1595/1595 1596/1596/1596 
f 1595/1595/1595 1597/1597/1597 1596/1596/1596 
f 1596/1596/1596 1597/1597/1597 1598/1598/1598 
f 1597/1597/1597 1599/1599/1599 1598/1598/1598 
f 1598/1598/1598 1599/1599/1599 1600/1600/1600 
f 1599/1599/1599 1601/1601/1601 1600/1600/1600 
f 1600/1600/1600 1601/1601/1601 1602/1602/1602 
f 1601/1601/1601 1603/1603/1603 1602/1602/1602 
f 1602/1602/1602 1603/1603/1603 1604/1604/1604 
f 1603/1603/1603 1605/1605/1605 1604/1604/1604 
f 1604/1604/1604 1605/1605/1605 1606/1606/1606 
f 1605/1605/1605 1607/1607/1607 1606/1606/1606 
f 1606/1606/1606 1607/1607/1607 1608/1608/1608 
f 1607/1607/1607 1609/1609/1609 1608/1608/1608 
f 1608/1608/1608 1609/1609/1609 1610/1610/1610 
f 1609/1609/1609 1611/1611/1611 1610/1610/1610 
f 1610/1610/1610 1611/1611/1611 1612/1612/1612 
f 1611/1611/1611 1613/1613/1613 1612/1612/1612 
f 1612/1612/1612 1613/1613/1613 1614/1614/1614 
f 1613/1613/1613 1613/1613/1613 1614/1614/1614 
f 1614/1614/1614 1613/1613/1613 1615/1615/1615 
f 1613/1613/1613 1616/1616/1616 1615/1615/1615 
f 1615/1615/1615 1616/1616/1616 1617/1617/1617 
f 1616/1616/1616 1617/1617/1617 1617/1617/1617 
f 1617/1617/1617 1617/1617/1617 1454/1454/1454 
f 1617/1617/1617 1454/1454/1454 1454/1454/1454 
f 1454/1454/1454 1454/1454/1454 1577/1577/1577 
f 1454/1454/1454 1453/1453/1453 1577/1577/1577 
f 1577/1577/1577 1453/1453/1453 1577/1577/1577 
f 1453/1453/1453 1618/1618/1618 1577/1577/1577 
f 1577/1577/1577 1618/1618/1618 1579/1579/1579 
f 1618/1618/1618 1579/1579/1579 1579/1579/1579 
f 1579/1579/1579 1579/1579/1579 1616/1616/1616 
f 1579/1579/1579 1616/1616/1616 1616/1616/1616 
f 1616/1616/1616 1616/1616/1616 1619/1619/1619 
f 1616/1616/1616 1613/1613/1613 1619/1619/1619 
f 1619/1619/1619 1613/1613/1613 1619/1619/1619 
f 1613/1613/1613 1611/1611/1611 1619/1619/1619 
f 1619/1619/1619 1611/1611/1611 1620/1620/1620 
f 1611/1611/1611 1609/1609/1609 1620/1620/1620 
f 1620/1620/1620 1609/1609/1609 1621/1621/1621 
f 1609/1609/1609 1607/1607/1607 1621/1621/1621 
f 1621/1621/1621 1607/1607/1607 1622/1622/1622 
f 1607/1607/1607 1605/1605/1605 1622/1622/1622 
f 1622/1622/1622 1605/1605/1605 1623/1623/1623 
f 1605/1605/1605 1603/1603/1603 1623/1623/1623 
f 1623/1623/1623 1603/1603/1603 1624/1624/1624 
f 1603/1603/1603 1601/1601/1601 1624/1624/1624 
f 1624/1624/1624 1601/1601/1601 1625/1625/1625 
f 1601/1601/1601 1599/1599/1599 1625/1625/1625 
f 1625/1625/1625 1599/1599/1599 1626/1626/1626 
f 1599/1599/1599 1597/1597/1597 1626/1626/1626 
f 1626/1626/1626 1597/1597/1597 1627/1627/1627 
f 1597/1597/1597 1595/1595/1595 1627/1627/1627 
f 1627/1627/1627 1595/1595/1595 1628/1628/1628 
f 1595/1595/1595 1593/1593/1593 1628/1628/1628 
f 1628/1628/1628 1593/1593/1593 1629/1629/1629 
f 1593/1593/1593 1591/1591/1591 1629/1629/1629 
f 1629/1629/1629 1591/1591/1591 1630/1630/1630 
f 1591/1591/1591 1589/1589/1589 1630/1630/1630 
f 1630/1630/1630 1589/1589/1589 1631/1631/1631 
f 1589/1589/1589 1587/1587/1587 1631/1631/1631 
f 1631/1631/1631 1587/1587/1587 1632/1632/1632 
f 1587/1587/1587 1585/1585/1585 1632/1632/1632 
f 1632/1632/1632 1585/1585/1585 1633/1633/1633 
f 1585/1585/1585 1583/1583/1583 1633/1633/1633 
f 1633/1633/1633 1583/1583/1583 1634/1634/1634 
f 1583/1583/1583 1581/1581/1581 1634/1634/1634 
f 1634/1634/1634 1581/1581/1581 1635/1635/1635 
f 1581/1581/1581 1579/1579/1579 1635/1635/1635 
f 1635/1635/1635 1579/1579/1579 1618/1618/1618 
f 1579/1579/1579 1618/1618/1618 1618/1618/1618 
f 1618/1618/1618 1618/1618/1618 1389/1389/1389 
f 1618/1618/1618 1389/1389/1389 1389/1389/1389 
f 1389/1389/1389 1389/1389/1389 1636/1636/1636 
f 1389/1389/1389 1388/1388/1388 1636/1636/1636 
f 1636/1636/1636 1388/1388/1388 1636/1636/1636 
f 1388/1388/1388 1314/1314/1314 1636/1636/1636 
f 1636/1636/1636 1314/1314/1314 1636/1636/1636 
f 1314/1314/1314 1313/1313/1313 1636/1636/1636 
f 1636/1636/1636 1313/1313/1313 1637/1637/1637 
f 1313/1313/1313 1311/1311/1311 1637/1637/1637 
f 1637/1637/1637 1311/1311/1311 1311/1311/1311 
f 1311/1311/1311 1637/1637/1637 1311/1311/1311 
f 1311/1311/1311 1637/1637/1637 1637/1637/1637 
f 1637/1637/1637 1638/1638/1638 1637/1637/1637 
f 1637/1637/1637 1638/1638/1638 1636/1636/1636 
f 1638/1638/1638 1638/1638/1638 1636/1636/1636 
f 1636/1636/1636 1638/1638/1638 1389/1389/1389 
f 1638/1638/1638 1638/1638/1638 1389/1389/1389 
f 1389/1389/1389 1638/1638/1638 1390/1390/1390 
f 1638/1638/1638 1639/1639/1639 1390/1390/1390 
f 1390/1390/1390 1639/1639/1639 1391/1391/1391 
f 1639/1639/1639 1640/1640/1640 1391/1391/1391 
f 1391/1391/1391 1640/1640/1640 1392/1392/1392 
f 1640/1640/1640 1641/1641/1641 1392/1392/1392 
f 1392/1392/1392 1641/1641/1641 1393/1393/1393 
f 1641/1641/1641 1642/1642/1642 1393/1393/1393 
f 1393/1393/1393 1642/1642/1642 1394/1394/1394 
f 1642/1642/1642 1643/1643/1643 1394/1394/1394 
f 1394/1394/1394 1643/1643/1643 1395/1395/1395 
f 1643/1643/1643 1644/1644/1644 1395/1395/1395 
f 1395/1395/1395 1644/1644/1644 1396/1396/1396 
f 1644/1644/1644 1645/1645/1645 1396/1396/1396 
f 1396/1396/1396 1645/1645/1645 1397/1397/1397 
f 1645/1645/1645 1646/1646/1646 1397/1397/1397 
f 1397/1397/1397 1646/1646/1646 1398/1398/1398 
f 1646/1646/1646 1647/1647/1647 1398/1398/1398 
f 1398/1398/1398 1647/1647/1647 1399/1399/1399 
f 1647/1647/1647 1648/1648/1648 1399/1399/1399 
f 1399/1399/1399 1648/1648/1648 1400/1400/1400 
f 1648/1648/1648 1649/1649/1649 1400/1400/1400 
f 1400/1400/1400 1649/1649/1649 1401/1401/1401 
f 1649/1649/1649 1650/1650/1650 1401/1401/1401 
f 1401/1401/1401 1650/1650/1650 1402/1402/1402 
f 1650/1650/1650 1651/1651/1651 1402/1402/1402 
f 1402/1402/1402 1651/1651/1651 1403/1403/1403 
f 1651/1651/1651 1652/1652/1652 1403/1403/1403 
f 1403/1403/1403 1652/1652/1652 1403/1403/1403 
f 1652/1652/1652 1653/1653/1653 1403/1403/1403 
f 1403/1403/1403 1653/1653/1653 1404/1404/1404 
f 1653/1653/1653 1654/1654/1654 1404/1404/1404 
f 1404/1404/1404 1654/1654/1654 1405/1405/1405 
f 1654/1654/1654 1655/1655/1655 1405/1405/1405 
f 1405/1405/1405 1655/1655/1655 1406/1406/1406 
f 1655/1655/1655 1656/1656/1656 1406/1406/1406 
f 1406/1406/1406 1656/1656/1656 1407/1407/1407 
f 1656/1656/1656 1657/1657/1657 1407/1407/1407 
f 1407/1407/1407 1657/1657/1657 1408/1408/1408 
f 1657/1657/1657 1658/1658/1658 1408/1408/1408 
f 1408/1408/1408 1658/1658/1658 1409/1409/1409 
f 1658/1658/1658 1659/1659/1659 1409/1409/1409 
f 1409/1409/1409 1659/1659/1659 1410/1410/1410 
f 1659/1659/1659 1660/1660/1660 1410/1410/1410 
f 1410/1410/1410 1660/1660/1660 1411/1411/1411 
f 1660/1660/1660 1661/1661/1661 1411/1411/1411 
f 1411/1411/1411 1661/1661/1661 1412/1412/1412 
f 1661/1661/1661 1412/1412/1412 1412/1412/1412 
f 1412/1412/1412 1412/1412/1412 1661/1661/1661 
f 1412/1412/1412 1661/1661/1661 1661/1661/1661 
f 1661/1661/1661 1661/1661/1661 1662/1662/1662 
f 1661/1661/1661 1660/1660/1660 1662/1662/1662 
f 1662/1662/1662 1660/1660/1660 1663/1663/1663 
f 1660/1660/1660 1659/1659/1659 1663/1663/1663 
f 1663/1663/1663 1659/1659/1659 1664/1664/1664 
f 1659/1659/1659 1658/1658/1658 1664/1664/1664 
f 1664/1664/1664 1658/1658/1658 1665/1665/1665 
f 1658/1658/1658 1657/1657/1657 1665/1665/1665 
f 1665/1665/1665 1657/1657/1657 1666/1666/1666 
f 1657/1657/1657 1656/1656/1656 1666/1666/1666 
f 1666/1666/1666 1656/1656/1656 1667/1667/1667 
f 1656/1656/1656 1655/1655/1655 1667/1667/1667 
f 1667/1667/1667 1655/1655/1655 1668/1668/1668 
f 1655/1655/1655 1654/1654/1654 1668/1668/1668 
f 1668/1668/1668 1654/1654/1654 1669/1669/1669 
f 1654/1654/1654 1653/1653/1653 1669/1669/1669 
f 1669/1669/1669 1653/1653/1653 1670/1670/1670 
f 1653/1653/1653 1652/1652/1652 1670/1670/1670 
f 1670/1670/1670 1652/1652/1652 1671/1671/1671 
f 1652/1652/1652 1652/1652/1652 1671/1671/1671 
f 1671/1671/1671 1652/1652/1652 1672/1672/1672 
f 1652/1652/1652 1651/1651/1651 1672/1672/1672 
f 1672/1672/1672 1651/1651/1651 1673/1673/1673 
f 1651/1651/1651 1650/1650/1650 1673/1673/1673 
f 1673/1673/1673 1650/1650/1650 1674/1674/1674 
f 1650/1650/1650 1649/1649/1649 1674/1674/1674 
f 1674/1674/1674 1649/1649/1649 1675/1675/1675 
f 1649/1649/1649 1648/1648/1648 1675/1675/1675 
f 1675/1675/1675 1648/1648/1648 1676/1676/1676 
f 1648/1648/1648 1647/1647/1647 1676/1676/1676 
f 1676/1676/1676 1647/1647/1647 1677/1677/1677 
f 1647/1647/1647 1646/1646/1646 1677/1677/1677 
f 1677/1677/1677 1646/1646/1646 1678/1678/1678 
f 1646/1646/1646 1645/1645/1645 1678/1678/1678 
f 1678/1678/1678 1645/1645/1645 1679/1679/1679 
f 1645/1645/1645 1644/1644/1644 1679/1679/1679 
f 1679/1679/1679 1644/1644/1644 1680/1680/1680 
f 1644/1644/1644 1643/1643/1643 1680/1680/1680 
f 1680/1680/1680 1643/1643/1643 1681/1681/1681 
f 1643/1643/1643 1642/1642/1642 1681/1681/1681 
f 1681/1681/1681 1642/1642/1642 1682/1682/1682 
f 1642/1642/1642 1641/1641/1641 1682/1682/1682 
f 1682/1682/1682 1641/1641/1641 1683/1683/1683 
f 1641/1641/1641 1640/1640/1640 1683/1683/1683 
f 1683/1683/1683 1640/1640/1640 1684/1684/1684 
f 1640/1640/1640 1639/1639/1639 1684/1684/1684 
f 1684/1684/1684 1639/1639/1639 1685/1685/1685 
f 1639/1639/1639 1638/1638/1638 1685/1685/1685 
f 1685/1685/1685 1638/1638/1638 1685/1685/1685 
f 1638/1638/1638 1637/1637/1637 1685/1685/1685 
f 1685/1685/1685 1637/1637/1637 1686/1686/1686 
f 1637/1637/1637 1311/1311/1311 1686/1686/1686 
f 1686/1686/1686 1311/1311/1311 1686/1686/1686 
f 1311/1311/1311 1312/1312/1312 1686/1686/1686 
f 1686/1686/1686 1312/1312/1312 1686/1686/1686 
f 1312/1312/1312 1687/1687/1687 1686/1686/1686 
f 1686/1686/1686 1687/1687/1687 1688/1688/1688 
f 1687/1687/1687 1689/1689/1689 1688/1688/1688 
f 1688/1688/1688 1689/1689/1689 1688/1688/1688 
f 1689/1689/1689 1690/1690/1690 1688/1688/1688 
f 1688/1688/1688 1690/1690/1690 1684/1684/1684 
f 1690/1690/1690 1690/1690/1690 1684/1684/1684 
f 1684/1684/1684 1690/1690/1690 1683/1683/1683 
f 1690/1690/1690 1691/1691/1691 1683/1683/1683 
f 1683/1683/1683 1691/1691/1691 1682/1682/1682 
f 1691/1691/1691 1692/1692/1692 1682/1682/1682 
f 1682/1682/1682 1692/1692/1692 1681/1681/1681 
f 1692/1692/1692 1693/1693/1693 1681/1681/1681 
f 1681/1681/1681 1693/1693/1693 1680/1680/1680 
f 1693/1693/1693 1694/1694/1694 1680/1680/1680 
f 1680/1680/1680 1694/1694/1694 1679/1679/1679 
f 1694/1694/1694 1695/1695/1695 1679/1679/1679 
f 1679/1679/1679 1695/1695/1695 1678/1678/1678 
f 1695/1695/1695 1696/1696/1696 1678/1678/1678 
f 1678/1678/1678 1696/1696/1696 1677/1677/1677 
f 1696/1696/1696 1697/1697/1697 1677/1677/1677 
f 1677/1677/1677 1697/1697/1697 1676/1676/1676 
f 1697/1697/1697 1698/1698/1698 1676/1676/1676 
f 1676/1676/1676 1698/1698/1698 1675/1675/1675 
f 1698/1698/1698 1699/1699/1699 1675/1675/1675 
f 1675/1675/1675 1699/1699/1699 1674/1674/1674 
f 1699/1699/1699 1700/1700/1700 1674/1674/1674 
f 1674/1674/1674 1700/1700/1700 1673/1673/1673 
f 1700/1700/1700 1701/1701/1701 1673/1673/1673 
f 1673/1673/1673 1701/1701/1701 1672/1672/1672 
f 1701/1701/1701 1702/1702/1702 1672/1672/1672 
f 1672/1672/1672 1702/1702/1702 1671/1671/1671 
f 1702/1702/1702 1703/1703/1703 1671/1671/1671 
f 1671/1671/1671 1703/1703/1703 1671/1671/1671 
f 1703/1703/1703 1704/1704/1704 1671/1671/1671 
f 1671/1671/1671 1704/1704/1704 1670/1670/1670 
f 1704/1704/1704 1705/1705/1705 1670/1670/1670 
f 1670/1670/1670 1705/1705/1705 1669/1669/1669 
f 1705/1705/1705 1706/1706/1706 1669/1669/1669 
f 1669/1669/1669 1706/1706/1706 1668/1668/1668 
f 1706/1706/1706 1707/1707/1707 1668/1668/1668 
f 1668/1668/1668 1707/1707/1707 1667/1667/1667 
f 1707/1707/1707 1708/1708/1708 1667/1667/1667 
f 1667/1667/1667 1708/1708/1708 1666/1666/1666 
f 1708/1708/1708 1709/1709/1709 1666/1666/1666 
f 1666/1666/1666 1709/1709/1709 1665/1665/1665 
f 1709/1709/1709 1710/1710/1710 1665/1665/1665 
f 1665/1665/1665 1710/1710/1710 1664/1664/1664 
f 1710/1710/1710 1711/1711/1711 1664/1664/1664 
f 1664/1664/1664 1711/1711/1711 1663/1663/1663 
f 1711/1711/1711 1712/1712/1712 1663/1663/1663 
f 1663/1663/1663 1712/1712/1712 1662/1662/1662 
f 1712/1712/1712 1662/1662/1662 1662/1662/1662 
f 1662/1662/1662 1662/1662/1662 1686/1686/1686 
f 1662/1662/1662 1686/1686/1686 1686/1686/1686 
f 1686/1686/1686 1686/1686/1686 1685/1685/1685 
f 1686/1686/1686 1688/1688/1688 1685/1685/1685 
f 1685/1685/1685 1688/1688/1688 1684/1684/1684 
f 1688/1688/1688 1684/1684/1684 1684/1684/1684 
f 1684/1684/1684 1684/1684/1684 1711/1711/1711 
f 1684/1684/1684 1711/1711/1711 1711/1711/1711 
f 1711/1711/1711 1711/1711/1711 1713/1713/1713 
f 1711/1711/1711 1710/1710/1710 1713/1713/1713 
f 1713/1713/1713 1710/1710/1710 1714/1714/1714 
f 1710/1710/1710 1709/1709/1709 1714/1714/1714 
f 1714/1714/1714 1709/1709/1709 1715/1715/1715 
f 1709/1709/1709 1708/1708/1708 1715/1715/1715 
f 1715/1715/1715 1708/1708/1708 1716/1716/1716 
f 1708/1708/1708 1707/1707/1707 1716/1716/1716 
f 1716/1716/1716 1707/1707/1707 1717/1717/1717 
f 1707/1707/1707 1706/1706/1706 1717/1717/1717 
f 1717/1717/1717 1706/1706/1706 1718/1718/1718 
f 1706/1706/1706 1705/1705/1705 1718/1718/1718 
f 1718/1718/1718 1705/1705/1705 1719/1719/1719 
f 1705/1705/1705 1704/1704/1704 1719/1719/1719 
f 1719/1719/1719 1704/1704/1704 1720/1720/1720 
f 1704/1704/1704 1703/1703/1703 1720/1720/1720 
f 1720/1720/1720 1703/1703/1703 1721/1721/1721 
f 1703/1703/1703 1703/1703/1703 1721/1721/1721 
f 1721/1721/1721 1703/1703/1703 1722/1722/1722 
f 1703/1703/1703 1702/1702/1702 1722/1722/1722 
f 1722/1722/1722 1702/1702/1702 1723/1723/1723 
f 1702/1702/1702 1701/1701/1701 1723/1723/1723 
f 1723/1723/1723 1701/1701/1701 1724/1724/1724 
f 1701/1701/1701 1700/1700/1700 1724/1724/1724 
f 1724/1724/1724 1700/1700/1700 1725/1725/1725 
f 1700/1700/1700 1699/1699/1699 1725/1725/1725 
f 1725/1725/1725 1699/1699/1699 1726/1726/1726 
f 1699/1699/1699 1698/1698/1698 1726/1726/1726 
f 1726/1726/1726 1698/1698/1698 1727/1727/1727 
f 1698/1698/1698 1697/1697/1697 1727/1727/1727 
f 1727/1727/1727 1697/1697/1697 1728/1728/1728 
f 1697/1697/1697 1696/1696/1696 1728/1728/1728 
f 1728/1728/1728 1696/1696/1696 1729/1729/1729 
f 1696/1696/1696 1695/1695/1695 1729/1729/1729 
f 1729/1729/1729 1695/1695/1695 1730/1730/1730 
f 1695/1695/1695 1694/1694/1694 1730/1730/1730 
f 1730/1730/1730 1694/1694/1694 1731/1731/1731 
f 1694/1694/1694 1693/1693/1693 1731/1731/1731 
f 1731/1731/1731 1693/1693/1693 1732/1732/1732 
f 1693/1693/1693 1692/1692/1692 1732/1732/1732 
f 1732/1732/1732 1692/1692/1692 1733/1733/1733 
f 1692/1692/1692 1691/1691/1691 1733/1733/1733 
f 1733/1733/1733 1691/1691/1691 1734/1734/1734 
f 1691/1691/1691 1690/1690/1690 1734/1734/1734 
f 1734/1734/1734 1690/1690/1690 1689/1689/1689 
f 1690/1690/1690 1689/1689/1689 1689/1689/1689 
f 1689/1689/1689 1689/1689/1689 1714/1714/1714 
f 1689/1689/1689 1714/1714/1714 1714/1714/1714 
f 1714/1714/1714 1714/1714/1714 1713/1713/1713 
f 1714/1714/1714 1735/1735/1735 1713/1713/1713 
f 1713/1713/1713 1735/1735/1735 1735/1735/1735 
f 1735/1735/1735 1736/1736/1736 1735/1735/1735 
f 1735/1735/1735 1736/1736/1736 1736/1736/1736 
f 1736/1736/1736 1737/1737/1737 1736/1736/1736 
f 1736/1736/1736 1737/1737/1737 1738/1738/1738 
f 1737/1737/1737 1739/1739/1739 1738/1738/1738 
f 1738/1738/1738 1739/1739/1739 1738/1738/1738 
f 1739/1739/1739 1740/1740/1740 1738/1738/1738 
f 1738/1738/1738 1740/1740/1740 1738/1738/1738 
f 1740/1740/1740 1741/1741/1741 1738/1738/1738 
f 1738/1738/1738 1741/1741/1741 1742/1742/1742 
f 1741/1741/1741 1743/1743/1743 1742/1742/1742 
f 1742/1742/1742 1743/1743/1743 1742/1742/1742 
f 1743/1743/1743 1744/1744/1744 1742/1742/1742 
f 1742/1742/1742 1744/1744/1744 1742/1742/1742 
f 1744/1744/1744 1745/1745/1745 1742/1742/1742 
f 1742/1742/1742 1745/1745/1745 1736/1736/1736 
f 1745/1745/1745 1746/1746/1746 1736/1736/1736 
f 1736/1736/1736 1746/1746/1746 1736/1736/1736 
f 1746/1746/1746 1747/1747/1747 1736/1736/1736 
f 1736/1736/1736 1747/1747/1747 1737/1737/1737 
f 1747/1747/1747 1748/1748/1748 1737/1737/1737 
f 1737/1737/1737 1748/1748/1748 1737/1737/1737 
f 1748/1748/1748 1749/1749/1749 1737/1737/1737 
f 1737/1737/1737 1749/1749/1749 1739/1739/1739 
f 1749/1749/1749 1750/1750/1750 1739/1739/1739 
f 1739/1739/1739 1750/1750/1750 1739/1739/1739 
f 1750/1750/1750 1751/1751/1751 1739/1739/1739 
f 1739/1739/1739 1751/1751/1751 1740/1740/1740 
f 1751/1751/1751 1752/1752/1752 1740/1740/1740 
f 1740/1740/1740 1752/1752/1752 1740/1740/1740 
f 1752/1752/1752 1753/1753/1753 1740/1740/1740 
f 1740/1740/1740 1753/1753/1753 1741/1741/1741 
f 1753/1753/1753 1754/1754/1754 1741/1741/1741 
f 1741/1741/1741 1754/1754/1754 1743/1743/1743 
f 1754/1754/1754 1755/1755/1755 1743/1743/1743 
f 1743/1743/1743 1755/1755/1755 1743/1743/1743 
f 1755/1755/1755 1756/1756/1756 1743/1743/1743 
f 1743/1743/1743 1756/1756/1756 1744/1744/1744 
f 1756/1756/1756 1757/1757/1757 1744/1744/1744 
f 1744/1744/1744 1757/1757/1757 1744/1744/1744 
f 1757/1757/1757 1758/1758/1758 1744/1744/1744 
f 1744/1744/1744 1758/1758/1758 1745/1745/1745 
f 1758/1758/1758 1759/1759/1759 1745/1745/1745 
f 1745/1745/1745 1759/1759/1759 1746/1746/1746 
f 1759/1759/1759 1760/1760/1760 1746/1746/1746 
f 1746/1746/1746 1760/1760/1760 1746/1746/1746 
f 1760/1760/1760 1761/1761/1761 1746/1746/1746 
f 1746/1746/1746 1761/1761/1761 1747/1747/1747 
f 1761/1761/1761 1762/1762/1762 1747/1747/1747 
f 1747/1747/1747 1762/1762/1762 1748/1748/1748 
f 1762/1762/1762 1763/1763/1763 1748/1748/1748 
f 1748/1748/1748 1763/1763/1763 1764/1764/1764 
f 1763/1763/1763 1765/1765/1765 1764/1764/1764 
f 1764/1764/1764 1765/1765/1765 1764/1764/1764 
f 1765/1765/1765 1766/1766/1766 1764/1764/1764 
f 1764/1764/1764 1766/1766/1766 1764/1764/1764 
f 1766/1766/1766 1767/1767/1767 1764/1764/1764 
f 1764/1764/1764 1767/1767/1767 1749/1749/1749 
f 1767/1767/1767 1750/1750/1750 1749/1749/1749 
f 1749/1749/1749 1750/1750/1750 1750/1750/1750 
f 1750/1750/1750 1742/1742/1742 1750/1750/1750 
f 1750/1750/1750 1742/1742/1742 1742/1742/1742 
f 1742/1742/1742 1736/1736/1736 1742/1742/1742 
f 1742/1742/1742 1736/1736/1736 1738/1738/1738 
f 1736/1736/1736 1738/1738/1738 1738/1738/1738 
f 1738/1738/1738 1738/1738/1738 1764/1764/1764 
f 1738/1738/1738 1764/1764/1764 1764/1764/1764 
f 1764/1764/1764 1764/1764/1764 1748/1748/1748 
f 1764/1764/1764 1749/1749/1749 1748/1748/1748 
f 1748/1748/1748 1749/1749/1749 1749/1749/1749 
f 1749/1749/1749 1765/1765/1765 1749/1749/1749 
f 1749/1749/1749 1765/1765/1765 1765/1765/1765 
f 1765/1765/1765 1763/1763/1763 1765/1765/1765 
f 1765/1765/1765 1763/1763/1763 1768/1768/1768 
f 1763/1763/1763 1763/1763/1763 1768/1768/1768 
f 1768/1768/1768 1763/1763/1763 1769/1769/1769 
f 1763/1763/1763 1762/1762/1762 1769/1769/1769 
f 1769/1769/1769 1762/1762/1762 1770/1770/1770 
f 1762/1762/1762 1761/1761/1761 1770/1770/1770 
f 1770/1770/1770 1761/1761/1761 1771/1771/1771 
f 1761/1761/1761 1760/1760/1760 1771/1771/1771 
f 1771/1771/1771 1760/1760/1760 1772/1772/1772 
f 1760/1760/1760 1760/1760/1760 1772/1772/1772 
f 1772/1772/1772 1760/1760/1760 1773/1773/1773 
f 1760/1760/1760 1759/1759/1759 1773/1773/1773 
f 1773/1773/1773 1759/1759/1759 1774/1774/1774 
f 1759/1759/1759 1758/1758/1758 1774/1774/1774 
f 1774/1774/1774 1758/1758/1758 1775/1775/1775 
f 1758/1758/1758 1757/1757/1757 1775/1775/1775 
f 1775/1775/1775 1757/1757/1757 1776/1776/1776 
f 1757/1757/1757 1777/1777/1777 1776/1776/1776 
f 1776/1776/1776 1777/1777/1777 1778/1778/1778 
f 1777/1777/1777 1779/1779/1779 1778/1778/1778 
f 1778/1778/1778 1779/1779/1779 1780/1780/1780 
f 1779/1779/1779 1780/1780/1780 1780/1780/1780 
f 1780/1780/1780 1780/1780/1780 1757/1757/1757 
f 1780/1780/1780 1757/1757/1757 1757/1757/1757 
f 1757/1757/1757 1757/1757/1757 1777/1777/1777 
f 1757/1757/1757 1756/1756/1756 1777/1777/1777 
f 1777/1777/1777 1756/1756/1756 1781/1781/1781 
f 1756/1756/1756 1755/1755/1755 1781/1781/1781 
f 1781/1781/1781 1755/1755/1755 1782/1782/1782 
f 1755/1755/1755 1755/1755/1755 1782/1782/1782 
f 1782/1782/1782 1755/1755/1755 1783/1783/1783 
f 1755/1755/1755 1754/1754/1754 1783/1783/1783 
f 1783/1783/1783 1754/1754/1754 1784/1784/1784 
f 1754/1754/1754 1753/1753/1753 1784/1784/1784 
f 1784/1784/1784 1753/1753/1753 1785/1785/1785 
f 1753/1753/1753 1752/1752/1752 1785/1785/1785 
f 1785/1785/1785 1752/1752/1752 1786/1786/1786 
f 1752/1752/1752 1752/1752/1752 1786/1786/1786 
f 1786/1786/1786 1752/1752/1752 1787/1787/1787 
f 1752/1752/1752 1751/1751/1751 1787/1787/1787 
f 1787/1787/1787 1751/1751/1751 1788/1788/1788 
f 1751/1751/1751 1750/1750/1750 1788/1788/1788 
f 1788/1788/1788 1750/1750/1750 1789/1789/1789 
f 1750/1750/1750 1767/1767/1767 1789/1789/1789 
f 1789/1789/1789 1767/1767/1767 1790/1790/1790 
f 1767/1767/1767 1766/1766/1766 1790/1790/1790 
f 1790/1790/1790 1766/1766/1766 1791/1791/1791 
f 1766/1766/1766 1766/1766/1766 1791/1791/1791 
f 1791/1791/1791 1766/1766/1766 1792/1792/1792 
f 1766/1766/1766 1765/1765/1765 1792/1792/1792 
f 1792/1792/1792 1765/1765/1765 1793/1793/1793 
f 1765/1765/1765 1768/1768/1768 1793/1793/1793 
f 1793/1793/1793 1768/1768/1768 1794/1794/1794 
f 1768/1768/1768 1768/1768/1768 1794/1794/1794 
f 1794/1794/1794 1768/1768/1768 1795/1795/1795 
f 1768/1768/1768 1769/1769/1769 1795/1795/1795 
f 1795/1795/1795 1769/1769/1769 1796/1796/1796 
f 1769/1769/1769 1770/1770/1770 1796/1796/1796 
f 1796/1796/1796 1770/1770/1770 1797/1797/1797 
f 1770/1770/1770 1771/1771/1771 1797/1797/1797 
f 1797/1797/1797 1771/1771/1771 1798/1798/1798 
f 1771/1771/1771 1772/1772/1772 1798/1798/1798 
f 1798/1798/1798 1772/1772/1772 1772/1772/1772 
f 1772/1772/1772 1779/1779/1779 1772/1772/1772 
f 1772/1772/1772 1779/1779/1779 1779/1779/1779 
f 1779/1779/1779 1777/1777/1777 1779/1779/1779 
f 1779/1779/1779 1777/1777/1777 1781/1781/1781 
f 1777/1777/1777 1781/1781/1781 1781/1781/1781 
f 1781/1781/1781 1781/1781/1781 1798/1798/1798 
f 1781/1781/1781 1798/1798/1798 1798/1798/1798 
f 1798/1798/1798 1798/1798/1798 1797/1797/1797 
f 1798/1798/1798 1799/1799/1799 1797/1797/1797 
f 1797/1797/1797 1799/1799/1799 1800/1800/1800 
f 1799/1799/1799 1801/1801/1801 1800/1800/1800 
f 1800/1800/1800 1801/1801/1801 1802/1802/1802 
f 1801/1801/1801 1803/1803/1803 1802/1802/1802 
f 1802/1802/1802 1803/1803/1803 1804/1804/1804 
f 1803/1803/1803 1805/1805/1805 1804/1804/1804 
f 1804/1804/1804 1805/1805/1805 1805/1805/1805 
f 1805/1805/1805 1797/1797/1797 1805/1805/1805 
f 1805/1805/1805 1797/1797/1797 1797/1797/1797 
f 1797/1797/1797 1800/1800/1800 1797/1797/1797 
f 1797/1797/1797 1800/1800/1800 1796/1796/1796 
f 1800/1800/1800 1806/1806/1806 1796/1796/1796 
f 1796/1796/1796 1806/1806/1806 1795/1795/1795 
f 1806/1806/1806 1807/1807/1807 1795/1795/1795 
f 1795/1795/1795 1807/1807/1807 1794/1794/1794 
f 1807/1807/1807 1808/1808/1808 1794/1794/1794 
f 1794/1794/1794 1808/1808/1808 1794/1794/1794 
f 1808/1808/1808 1809/1809/1809 1794/1794/1794 
f 1794/1794/1794 1809/1809/1809 1793/1793/1793 
f 1809/1809/1809 1810/1810/1810 1793/1793/1793 
f 1793/1793/1793 1810/1810/1810 1792/1792/1792 
f 1810/1810/1810 1811/1811/1811 1792/1792/1792 
f 1792/1792/1792 1811/1811/1811 1791/1791/1791 
f 1811/1811/1811 1812/1812/1812 1791/1791/1791 
f 1791/1791/1791 1812/1812/1812 1791/1791/1791 
f 1812/1812/1812 1813/1813/1813 1791/1791/1791 
f 1791/1791/1791 1813/1813/1813 1790/1790/1790 
f 1813/1813/1813 1814/1814/1814 1790/1790/1790 
f 1790/1790/1790 1814/1814/1814 1789/1789/1789 
f 1814/1814/1814 1815/1815/1815 1789/1789/1789 
f 1789/1789/1789 1815/1815/1815 1788/1788/1788 
f 1815/1815/1815 1816/1816/1816 1788/1788/1788 
f 1788/1788/1788 1816/1816/1816 1787/1787/1787 
f 1816/1816/1816 1817/1817/1817 1787/1787/1787 
f 1787/1787/1787 1817/1817/1817 1786/1786/1786 
f 1817/1817/1817 1818/1818/1818 1786/1786/1786 
f 1786/1786/1786 1818/1818/1818 1819/1819/1819 
f 1818/1818/1818 1820/1820/1820 1819/1819/1819 
f 1819/1819/1819 1820/1820/1820 1821/1821/1821 
f 1820/1820/1820 1822/1822/1822 1821/1821/1821 
f 1821/1821/1821 1822/1822/1822 1823/1823/1823 
f 1822/1822/1822 1824/1824/1824 1823/1823/1823 
f 1823/1823/1823 1824/1824/1824 1825/1825/1825 
f 1824/1824/1824 1826/1826/1826 1825/1825/1825 
f 1825/1825/1825 1826/1826/1826 1827/1827/1827 
f 1826/1826/1826 1828/1828/1828 1827/1827/1827 
f 1827/1827/1827 1828/1828/1828 1829/1829/1829 
f 1828/1828/1828 1830/1830/1830 1829/1829/1829 
f 1829/1829/1829 1830/1830/1830 1831/1831/1831 
f 1830/1830/1830 1832/1832/1832 1831/1831/1831 
f 1831/1831/1831 1832/1832/1832 1833/1833/1833 
f 1832/1832/1832 1834/1834/1834 1833/1833/1833 
f 1833/1833/1833 1834/1834/1834 1835/1835/1835 
f 1834/1834/1834 1836/1836/1836 1835/1835/1835 
f 1835/1835/1835 1836/1836/1836 1837/1837/1837 
f 1836/1836/1836 1838/1838/1838 1837/1837/1837 
f 1837/1837/1837 1838/1838/1838 1839/1839/1839 
f 1838/1838/1838 1840/1840/1840 1839/1839/1839 
f 1839/1839/1839 1840/1840/1840 1841/1841/1841 
f 1840/1840/1840 1842/1842/1842 1841/1841/1841 
f 1841/1841/1841 1842/1842/1842 1843/1843/1843 
f 1842/1842/1842 1844/1844/1844 1843/1843/1843 
f 1843/1843/1843 1844/1844/1844 1845/1845/1845 
f 1844/1844/1844 1846/1846/1846 1845/1845/1845 
f 1845/1845/1845 1846/1846/1846 1847/1847/1847 
f 1846/1846/1846 1848/1848/1848 1847/1847/1847 
f 1847/1847/1847 1848/1848/1848 1849/1849/1849 
f 1848/1848/1848 1850/1850/1850 1849/1849/1849 
f 1849/1849/1849 1850/1850/1850 1851/1851/1851 
f 1850/1850/1850 1852/1852/1852 1851/1851/1851 
f 1851/1851/1851 1852/1852/1852 1853/1853/1853 
f 1852/1852/1852 1854/1854/1854 1853/1853/1853 
f 1853/1853/1853 1854/1854/1854 1855/1855/1855 
f 1854/1854/1854 1856/1856/1856 1855/1855/1855 
f 1855/1855/1855 1856/1856/1856 1857/1857/1857 
f 1856/1856/1856 1858/1858/1858 1857/1857/1857 
f 1857/1857/1857 1858/1858/1858 1859/1859/1859 
f 1858/1858/1858 1860/1860/1860 1859/1859/1859 
f 1859/1859/1859 1860/1860/1860 1861/1861/1861 
f 1860/1860/1860 1862/1862/1862 1861/1861/1861 
f 1861/1861/1861 1862/1862/1862 1863/1863/1863 
f 1862/1862/1862 1864/1864/1864 1863/1863/1863 
f 1863/1863/1863 1864/1864/1864 1865/1865/1865 
f 1864/1864/1864 1866/1866/1866 1865/1865/1865 
f 1865/1865/1865 1866/1866/1866 1867/1867/1867 
f 1866/1866/1866 1868/1868/1868 1867/1867/1867 
f 1867/1867/1867 1868/1868/1868 1869/1869/1869 
f 1868/1868/1868 1870/1870/1870 1869/1869/1869 
f 1869/1869/1869 1870/1870/1870 1871/1871/1871 
f 1870/1870/1870 1872/1872/1872 1871/1871/1871 
f 1871/1871/1871 1872/1872/1872 1873/1873/1873 
f 1872/1872/1872 1874/1874/1874 1873/1873/1873 
f 1873/1873/1873 1874/1874/1874 1875/1875/1875 
f 1874/1874/1874 1876/1876/1876 1875/1875/1875 
f 1875/1875/1875 1876/1876/1876 1877/1877/1877 
f 1876/1876/1876 1878/1878/1878 1877/1877/1877 
f 1877/1877/1877 1878/1878/1878 1879/1879/1879 
f 1878/1878/1878 1880/1880/1880 1879/1879/1879 
f 1879/1879/1879 1880/1880/1880 1881/1881/1881 
f 1880/1880/1880 1882/1882/1882 1881/1881/1881 
f 1881/1881/1881 1882/1882/1882 1883/1883/1883 
f 1882/1882/1882 1884/1884/1884 1883/1883/1883 
f 1883/1883/1883 1884/1884/1884 1885/1885/1885 
f 1884/1884/1884 1886/1886/1886 1885/1885/1885 
f 1885/1885/1885 1886/1886/1886 1887/1887/1887 
f 1886/1886/1886 1888/1888/1888 1887/1887/1887 
f 1887/1887/1887 1888/1888/1888 1889/1889/1889 
f 1888/1888/1888 1890/1890/1890 1889/1889/1889 
f 1889/1889/1889 1890/1890/1890 1891/1891/1891 
f 1890/1890/1890 1892/1892/1892 1891/1891/1891 
f 1891/1891/1891 1892/1892/1892 1893/1893/1893 
f 1892/1892/1892 1894/1894/1894 1893/1893/1893 
f 1893/1893/1893 1894/1894/1894 1895/1895/1895 
f 1894/1894/1894 1896/1896/1896 1895/1895/1895 
f 1895/1895/1895 1896/1896/1896 1897/1897/1897 
f 1896/1896/1896 1898/1898/1898 1897/1897/1897 
f 1897/1897/1897 1898/1898/1898 1899/1899/1899 
f 1898/1898/1898 1900/1900/1900 1899/1899/1899 
f 1899/1899/1899 1900/1900/1900 1901/1901/1901 
f 1900/1900/1900 1902/1902/1902 1901/1901/1901 
f 1901/1901/1901 1902/1902/1902 1903/1903/1903 
f 1902/1902/1902 1904/1904/1904 1903/1903/1903 
f 1903/1903/1903 1904/1904/1904 1905/1905/1905 
f 1904/1904/1904 1906/1906/1906 1905/1905/1905 
f 1905/1905/1905 1906/1906/1906 1907/1907/1907 
f 1906/1906/1906 1908/1908/1908 1907/1907/1907 
f 1907/1907/1907 1908/1908/1908 1909/1909/1909 
f 1908/1908/1908 1910/1910/1910 1909/1909/1909 
f 1909/1909/1909 1910/1910/1910 1911/1911/1911 
f 1910/1910/1910 1912/1912/1912 1911/1911/1911 
f 1911/1911/1911 1912/1912/1912 1913/1913/1913 
f 1912/1912/1912 1914/1914/1914 1913/1913/1913 
f 1913/1913/1913 1914/1914/1914 1914/1914/1914 
f 1914/1914/1914 1800/1800/1800 1914/1914/1914 
f 1914/1914/1914 1800/1800/1800 1800/1800/1800 
f 1800/1800/1800 1802/1802/1802 1800/1800/1800 
f 1800/1800/1800 1802/1802/1802 1806/1806/1806 
f 1802/1802/1802 1915/1915/1915 1806/1806/1806 
f 1806/1806/1806 1915/1915/1915 1807/1807/1807 
f 1915/1915/1915 1807/1807/1807 1807/1807/1807 
f 1807/1807/1807 1807/1807/1807 1802/1802/1802 
f 1807/1807/1807 1802/1802/1802 1802/1802/1802 
f 1802/1802/1802 1802/1802/1802 1915/1915/1915 
f 1802/1802/1802 1804/1804/1804 1915/1915/1915 
f 1915/1915/1915 1804/1804/1804 1804/1804/1804 
f 1804/1804/1804 1786/1786/1786 1804/1804/1804 
f 1804/1804/1804 1786/1786/1786 1786/1786/1786 
f 1786/1786/1786 1819/1819/1819 1786/1786/1786 
f 1786/1786/1786 1819/1819/1819 1785/1785/1785 
f 1819/1819/1819 1785/1785/1785 1785/1785/1785 
f 1785/1785/1785 1785/1785/1785 1913/1913/1913 
f 1785/1785/1785 1913/1913/1913 1913/1913/1913 
f 1913/1913/1913 1913/1913/1913 1911/1911/1911 
f 1913/1913/1913 1916/1916/1916 1911/1911/1911 
f 1911/1911/1911 1916/1916/1916 1917/1917/1917 
f 1916/1916/1916 1918/1918/1918 1917/1917/1917 
f 1917/1917/1917 1918/1918/1918 1918/1918/1918 
f 1918/1918/1918 1911/1911/1911 1918/1918/1918 
f 1918/1918/1918 1911/1911/1911 1911/1911/1911 
f 1911/1911/1911 1917/1917/1917 1911/1911/1911 
f 1911/1911/1911 1917/1917/1917 1909/1909/1909 
f 1917/1917/1917 1919/1919/1919 1909/1909/1909 
f 1909/1909/1909 1919/1919/1919 1907/1907/1907 
f 1919/1919/1919 1920/1920/1920 1907/1907/1907 
f 1907/1907/1907 1920/1920/1920 1905/1905/1905 
f 1920/1920/1920 1921/1921/1921 1905/1905/1905 
f 1905/1905/1905 1921/1921/1921 1903/1903/1903 
f 1921/1921/1921 1922/1922/1922 1903/1903/1903 
f 1903/1903/1903 1922/1922/1922 1901/1901/1901 
f 1922/1922/1922 1923/1923/1923 1901/1901/1901 
f 1901/1901/1901 1923/1923/1923 1899/1899/1899 
f 1923/1923/1923 1924/1924/1924 1899/1899/1899 
f 1899/1899/1899 1924/1924/1924 1897/1897/1897 
f 1924/1924/1924 1925/1925/1925 1897/1897/1897 
f 1897/1897/1897 1925/1925/1925 1895/1895/1895 
f 1925/1925/1925 1926/1926/1926 1895/1895/1895 
f 1895/1895/1895 1926/1926/1926 1893/1893/1893 
f 1926/1926/1926 1927/1927/1927 1893/1893/1893 
f 1893/1893/1893 1927/1927/1927 1891/1891/1891 
f 1927/1927/1927 1928/1928/1928 1891/1891/1891 
f 1891/1891/1891 1928/1928/1928 1889/1889/1889 
f 1928/1928/1928 1929/1929/1929 1889/1889/1889 
f 1889/1889/1889 1929/1929/1929 1887/1887/1887 
f 1929/1929/1929 1930/1930/1930 1887/1887/1887 
f 1887/1887/1887 1930/1930/1930 1885/1885/1885 
f 1930/1930/1930 1931/1931/1931 1885/1885/1885 
f 1885/1885/1885 1931/1931/1931 1883/1883/1883 
f 1931/1931/1931 1932/1932/1932 1883/1883/1883 
f 1883/1883/1883 1932/1932/1932 1881/1881/1881 
f 1932/1932/1932 1933/1933/1933 1881/1881/1881 
f 1881/1881/1881 1933/1933/1933 1879/1879/1879 
f 1933/1933/1933 1934/1934/1934 1879/1879/1879 
f 1879/1879/1879 1934/1934/1934 1877/1877/1877 
f 1934/1934/1934 1935/1935/1935 1877/1877/1877 
f 1877/1877/1877 1935/1935/1935 1875/1875/1875 
f 1935/1935/1935 1936/1936/1936 1875/1875/1875 
f 1875/1875/1875 1936/1936/1936 1873/1873/1873 
f 1936/1936/1936 1937/1937/1937 1873/1873/1873 
f 1873/1873/1873 1937/1937/1937 1871/1871/1871 
f 1937/1937/1937 1938/1938/1938 1871/1871/1871 
f 1871/1871/1871 1938/1938/1938 1869/1869/1869 
f 1938/1938/1938 1939/1939/1939 1869/1869/1869 
f 1869/1869/1869 1939/1939/1939 1867/1867/1867 
f 1939/1939/1939 1940/1940/1940 1867/1867/1867 
f 1867/1867/1867 1940/1940/1940 1865/1865/1865 
f 1940/1940/1940 1941/1941/1941 1865/1865/1865 
f 1865/1865/1865 1941/1941/1941 1863/1863/1863 
f 1941/1941/1941 1942/1942/1942 1863/1863/1863 
f 1863/1863/1863 1942/1942/1942 1861/1861/1861 
f 1942/1942/1942 1943/1943/1943 1861/1861/1861 
f 1861/1861/1861 1943/1943/1943 1859/1859/1859 
f 1943/1943/1943 1944/1944/1944 1859/1859/1859 
f 1859/1859/1859 1944/1944/1944 1857/1857/1857 
f 1944/1944/1944 1945/1945/1945 1857/1857/1857 
f 1857/1857/1857 1945/1945/1945 1855/1855/1855 
f 1945/1945/1945 1946/1946/1946 1855/1855/1855 
f 1855/1855/1855 1946/1946/1946 1853/1853/1853 
f 1946/1946/1946 1947/1947/1947 1853/1853/1853 
f 1853/1853/1853 1947/1947/1947 1851/1851/1851 
f 1947/1947/1947 1948/1948/1948 1851/1851/1851 
f 1851/1851/1851 1948/1948/1948 1849/1849/1849 
f 1948/1948/1948 1949/1949/1949 1849/1849/1849 
f 1849/1849/1849 1949/1949/1949 1847/1847/1847 
f 1949/1949/1949 1950/1950/1950 1847/1847/1847 
f 1847/1847/1847 1950/1950/1950 1845/1845/1845 
f 1950/1950/1950 1951/1951/1951 1845/1845/1845 
f 1845/1845/1845 1951/1951/1951 1843/1843/1843 
f 1951/1951/1951 1952/1952/1952 1843/1843/1843 
f 1843/1843/1843 1952/1952/1952 1841/1841/1841 
f 1952/1952/1952 1953/1953/1953 1841/1841/1841 
f 1841/1841/1841 1953/1953/1953 1839/1839/1839 
f 1953/1953/1953 1954/1954/1954 1839/1839/1839 
f 1839/1839/1839 1954/1954/1954 1837/1837/1837 
f 1954/1954/1954 1955/1955/1955 1837/1837/1837 
f 1837/1837/1837 1955/1955/1955 1835/1835/1835 
f 1955/1955/1955 1956/1956/1956 1835/1835/1835 
f 1835/1835/1835 1956/1956/1956 1833/1833/1833 
f 1956/1956/1956 1957/1957/1957 1833/1833/1833 
f 1833/1833/1833 1957/1957/1957 1831/1831/1831 
f 1957/1957/1957 1958/1958/1958 1831/1831/1831 
f 1831/1831/1831 1958/1958/1958 1829/1829/1829 
f 1958/1958/1958 1959/1959/1959 1829/1829/1829 
f 1829/1829/1829 1959/1959/1959 1827/1827/1827 
f 1959/1959/1959 1960/1960/1960 1827/1827/1827 
f 1827/1827/1827 1960/1960/1960 1825/1825/1825 
f 1960/1960/1960 1961/1961/1961 1825/1825/1825 
f 1825/1825/1825 1961/1961/1961 1823/1823/1823 
f 1961/1961/1961 1962/1962/1962 1823/1823/1823 
f 1823/1823/1823 1962/1962/1962 1821/1821/1821 
f 1962/1962/1962 1963/1963/1963 1821/1821/1821 
f 1821/1821/1821 1963/1963/1963 1819/1819/1819 
f 1963/1963/1963 1963/1963/1963 1819/1819/1819 
f 1819/1819/1819 1963/1963/1963 1785/1785/1785 
f 1963/1963/1963 1963/1963/1963 1785/1785/1785 
f 1785/1785/1785 1963/1963/1963 1784/1784/1784 
f 1963/1963/1963 1964/1964/1964 1784/1784/1784 
f 1784/1784/1784 1964/1964/1964 1783/1783/1783 
f 1964/1964/1964 1783/1783/1783 1783/1783/1783 
f 1783/1783/1783 1783/1783/1783 1963/1963/1963 
f 1783/1783/1783 1963/1963/1963 1963/1963/1963 
f 1963/1963/1963 1963/1963/1963 1964/1964/1964 
f 1963/1963/1963 1962/1962/1962 1964/1964/1964 
f 1964/1964/1964 1962/1962/1962 1965/1965/1965 
f 1962/1962/1962 1961/1961/1961 1965/1965/1965 
f 1965/1965/1965 1961/1961/1961 1966/1966/1966 
f 1961/1961/1961 1960/1960/1960 1966/1966/1966 
f 1966/1966/1966 1960/1960/1960 1967/1967/1967 
f 1960/1960/1960 1959/1959/1959 1967/1967/1967 
f 1967/1967/1967 1959/1959/1959 1968/1968/1968 
f 1959/1959/1959 1958/1958/1958 1968/1968/1968 
f 1968/1968/1968 1958/1958/1958 1969/1969/1969 
f 1958/1958/1958 1957/1957/1957 1969/1969/1969 
f 1969/1969/1969 1957/1957/1957 1970/1970/1970 
f 1957/1957/1957 1956/1956/1956 1970/1970/1970 
f 1970/1970/1970 1956/1956/1956 1971/1971/1971 
f 1956/1956/1956 1955/1955/1955 1971/1971/1971 
f 1971/1971/1971 1955/1955/1955 1972/1972/1972 
f 1955/1955/1955 1954/1954/1954 1972/1972/1972 
f 1972/1972/1972 1954/1954/1954 1973/1973/1973 
f 1954/1954/1954 1953/1953/1953 1973/1973/1973 
f 1973/1973/1973 1953/1953/1953 1974/1974/1974 
f 1953/1953/1953 1952/1952/1952 1974/1974/1974 
f 1974/1974/1974 1952/1952/1952 1975/1975/1975 
f 1952/1952/1952 1951/1951/1951 1975/1975/1975 
f 1975/1975/1975 1951/1951/1951 1976/1976/1976 
f 1951/1951/1951 1950/1950/1950 1976/1976/1976 
f 1976/1976/1976 1950/1950/1950 1977/1977/1977 
f 1950/1950/1950 1949/1949/1949 1977/1977/1977 
f 1977/1977/1977 1949/1949/1949 1978/1978/1978 
f 1949/1949/1949 1948/1948/1948 1978/1978/1978 
f 1978/1978/1978 1948/1948/1948 1979/1979/1979 
f 1948/1948/1948 1947/1947/1947 1979/1979/1979 
f 1979/1979/1979 1947/1947/1947 1980/1980/1980 
f 1947/1947/1947 1946/1946/1946 1980/1980/1980 
f 1980/1980/1980 1946/1946/1946 1981/1981/1981 
f 1946/1946/1946 1945/1945/1945 1981/1981/1981 
f 1981/1981/1981 1945/1945/1945 1982/1982/1982 
f 1945/1945/1945 1944/1944/1944 1982/1982/1982 
f 1982/1982/1982 1944/1944/1944 1983/1983/1983 
f 1944/1944/1944 1943/1943/1943 1983/1983/1983 
f 1983/1983/1983 1943/1943/1943 1984/1984/1984 
f 1943/1943/1943 1942/1942/1942 1984/1984/1984 
f 1984/1984/1984 1942/1942/1942 1985/1985/1985 
f 1942/1942/1942 1941/1941/1941 1985/1985/1985 
f 1985/1985/1985 1941/1941/1941 1986/1986/1986 
f 1941/1941/1941 1940/1940/1940 1986/1986/1986 
f 1986/1986/1986 1940/1940/1940 1987/1987/1987 
f 1940/1940/1940 1939/1939/1939 1987/1987/1987 
f 1987/1987/1987 1939/1939/1939 1988/1988/1988 
f 1939/1939/1939 1938/1938/1938 1988/1988/1988 
f 1988/1988/1988 1938/1938/1938 1989/1989/1989 
f 1938/1938/1938 1937/1937/1937 1989/1989/1989 
f 1989/1989/1989 1937/1937/1937 1990/1990/1990 
f 1937/1937/1937 1936/1936/1936 1990/1990/1990 
f 1990/1990/1990 1936/1936/1936 1991/1991/1991 
f 1936/1936/1936 1935/1935/1935 1991/1991/1991 
f 1991/1991/1991 1935/1935/1935 1992/1992/1992 
f 1935/1935/1935 1934/1934/1934 1992/1992/1992 
f 1992/1992/1992 1934/1934/1934 1993/1993/1993 
f 1934/1934/1934 1933/1933/1933 1993/1993/1993 
f 1993/1993/1993 1933/1933/1933 1994/1994/1994 
f 1933/1933/1933 1932/1932/1932 1994/1994/1994 
f 1994/1994/1994 1932/1932/1932 1995/1995/1995 
f 1932/1932/1932 1931/1931/1931 1995/1995/1995 
f 1995/1995/1995 1931/1931/1931 1996/1996/1996 
f 1931/1931/1931 1930/1930/1930 1996/1996/1996 
f 1996/1996/1996 1930/1930/1930 1997/1997/1997 
f 1930/1930/1930 1929/1929/1929 1997/1997/1997 
f 1997/1997/1997 1929/1929/1929 1998/1998/1998 
f 1929/1929/1929 1928/1928/1928 1998/1998/1998 
f 1998/1998/1998 1928/1928/1928 1999/1999/1999 
f 1928/1928/1928 1927/1927/1927 1999/1999/1999 
f 1999/1999/1999 1927/1927/1927 2000/2000/2000 
f 1927/1927/1927 1926/1926/1926 2000/2000/2000 
f 2000/2000/2000 1926/1926/1926 2001/2001/2001 
f 1926/1926/1926 1925/1925/1925 2001/2001/2001 
f 2001/2001/2001 1925/1925/1925 2002/2002/2002 
f 1925/1925/1925 1924/1924/1924 2002/2002/2002 
f 2002/2002/2002 1924/1924/1924 2003/2003/2003 
f 1924/1924/1924 1923/1923/1923 2003/2003/2003 
f 2003/2003/2003 1923/1923/1923 2004/2004/2004 
f 1923/1923/1923 1922/1922/1922 2004/2004/2004 
f 2004/2004/2004 1922/1922/1922 2005/2005/2005 
f 1922/1922/1922 1921/1921/1921 2005/2005/2005 
f 2005/2005/2005 1921/1921/1921 2006/2006/2006 
f 1921/1921/1921 1920/1920/1920 2006/2006/2006 
f 2006/2006/2006 1920/1920/1920 2007/2007/2007 
f 1920/1920/1920 1919/1919/1919 2007/2007/2007 
f 2007/2007/2007 1919/1919/1919 2008/2008/2008 
f 1919/1919/1919 1917/1917/1917 2008/2008/2008 
f 2008/2008/2008 1917/1917/1917 2008/2008/2008 
f 1917/1917/1917 1918/1918/1918 2008/2008/2008 
f 2008/2008/2008 1918/1918/1918 2008/2008/2008 
f 1918/1918/1918 2009/2009/2009 2008/2008/2008 
f 2008/2008/2008 2009/2009/2009 2010/2010/2010 
f 2009/2009/2009 2011/2011/2011 2010/2010/2010 
f 2010/2010/2010 2011/2011/2011 2011/2011/2011 
f 2011/2011/2011 2008/2008/2008 2011/2011/2011 
f 2011/2011/2011 2008/2008/2008 2008/2008/2008 
f 2008/2008/2008 2010/2010/2010 2008/2008/2008 
f 2008/2008/2008 2010/2010/2010 2007/2007/2007 
f 2010/2010/2010 2012/2012/2012 2007/2007/2007 
f 2007/2007/2007 2012/2012/2012 2006/2006/2006 
f 2012/2012/2012 2013/2013/2013 2006/2006/2006 
f 2006/2006/2006 2013/2013/2013 2005/2005/2005 
f 2013/2013/2013 2014/2014/2014 2005/2005/2005 
f 2005/2005/2005 2014/2014/2014 2004/2004/2004 
f 2014/2014/2014 2015/2015/2015 2004/2004/2004 
f 2004/2004/2004 2015/2015/2015 2003/2003/2003 
f 2015/2015/2015 2016/2016/2016 2003/2003/2003 
f 2003/2003/2003 2016/2016/2016 2002/2002/2002 
f 2016/2016/2016 2017/2017/2017 2002/2002/2002 
f 2002/2002/2002 2017/2017/2017 2001/2001/2001 
f 2017/2017/2017 2018/2018/2018 2001/2001/2001 
f 2001/2001/2001 2018/2018/2018 2000/2000/2000 
f 2018/2018/2018 2019/2019/2019 2000/2000/2000 
f 2000/2000/2000 2019/2019/2019 1999/1999/1999 
f 2019/2019/2019 2020/2020/2020 1999/1999/1999 
f 1999/1999/1999 2020/2020/2020 1998/1998/1998 
f 2020/2020/2020 2021/2021/2021 1998/1998/1998 
f 1998/1998/1998 2021/2021/2021 1997/1997/1997 
f 2021/2021/2021 2022/2022/2022 1997/1997/1997 
f 1997/1997/1997 2022/2022/2022 1996/1996/1996 
f 2022/2022/2022 2023/2023/2023 1996/1996/1996 
f 1996/1996/1996 2023/2023/2023 1995/1995/1995 
f 2023/2023/2023 2024/2024/2024 1995/1995/1995 
f 1995/1995/1995 2024/2024/2024 1994/1994/1994 
f 2024/2024/2024 2025/2025/2025 1994/1994/1994 
f 1994/1994/1994 2025/2025/2025 1993/1993/1993 
f 2025/2025/2025 2026/2026/2026 1993/1993/1993 
f 1993/1993/1993 2026/2026/2026 1992/1992/1992 
f 2026/2026/2026 2027/2027/2027 1992/1992/1992 
f 1992/1992/1992 2027/2027/2027 1991/1991/1991 
f 2027/2027/2027 2028/2028/2028 1991/1991/1991 
f 1991/1991/1991 2028/2028/2028 1990/1990/1990 
f 2028/2028/2028 2029/2029/2029 1990/1990/1990 
f 1990/1990/1990 2029/2029/2029 1989/1989/1989 
f 2029/2029/2029 2030/2030/2030 1989/1989/1989 
f 1989/1989/1989 2030/2030/2030 1988/1988/1988 
f 2030/2030/2030 2031/2031/2031 1988/1988/1988 
f 1988/1988/1988 2031/2031/2031 1987/1987/1987 
f 2031/2031/2031 2032/2032/2032 1987/1987/1987 
f 1987/1987/1987 2032/2032/2032 1986/1986/1986 
f 2032/2032/2032 2033/2033/2033 1986/1986/1986 
f 1986/1986/1986 2033/2033/2033 1985/1985/1985 
f 2033/2033/2033 2034/2034/2034 1985/1985/1985 
f 1985/1985/1985 2034/2034/2034 1984/1984/1984 
f 2034/2034/2034 2035/2035/2035 1984/1984/1984 
f 1984/1984/1984 2035/2035/2035 1983/1983/1983 
f 2035/2035/2035 2036/2036/2036 1983/1983/1983 
f 1983/1983/1983 2036/2036/2036 1982/1982/1982 
f 2036/2036/2036 2037/2037/2037 1982/1982/1982 
f 1982/1982/1982 2037/2037/2037 1981/1981/1981 
f 2037/2037/2037 2038/2038/2038 1981/1981/1981 
f 1981/1981/1981 2038/2038/2038 1980/1980/1980 
f 2038/2038/2038 2039/2039/2039 1980/1980/1980 
f 1980/1980/1980 2039/2039/2039 1979/1979/1979 
f 2039/2039/2039 2040/2040/2040 1979/1979/1979 
f 1979/1979/1979 2040/2040/2040 1978/1978/1978 
f 2040/2040/2040 2041/2041/2041 1978/1978/1978 
f 1978/1978/1978 2041/2041/2041 1977/1977/1977 
f 2041/2041/2041 2042/2042/2042 1977/1977/1977 
f 1977/1977/1977 2042/2042/2042 1976/1976/1976 
f 2042/2042/2042 2043/2043/2043 1976/1976/1976 
f 1976/1976/1976 2043/2043/2043 1975/1975/1975 
f 2043/2043/2043 2044/2044/2044 1975/1975/1975 
f 1975/1975/1975 2044/2044/2044 1974/1974/1974 
f 2044/2044/2044 2045/2045/2045 1974/1974/1974 
f 1974/1974/1974 2045/2045/2045 1973/1973/1973 
f 2045/2045/2045 2046/2046/2046 1973/1973/1973 
f 1973/1973/1973 2046/2046/2046 1972/1972/1972 
f 2046/2046/2046 2047/2047/2047 1972/1972/1972 
f 1972/1972/1972 2047/2047/2047 1971/1971/1971 
f 2047/2047/2047 2048/2048/2048 1971/1971/1971 
f 1971/1971/1971 2048/2048/2048 1970/1970/1970 
f 2048/2048/2048 2049/2049/2049 1970/1970/1970 
f 1970/1970/1970 2049/2049/2049 1969/1969/1969 
f 2049/2049/2049 2050/2050/2050 1969/1969/1969 
f 1969/1969/1969 2050/2050/2050 1968/1968/1968 
f 2050/2050/2050 2051/2051/2051 1968/1968/1968 
f 1968/1968/1968 2051/2051/2051 1967/1967/1967 
f 2051/2051/2051 2052/2052/2052 1967/1967/1967 
f 1967/1967/1967 2052/2052/2052 1966/1966/1966 
f 2052/2052/2052 2053/2053/2053 1966/1966/1966 
f 1966/1966/1966 2053/2053/2053 1965/1965/1965 
f 2053/2053/2053 2054/2054/2054 1965/1965/1965 
f 1965/1965/1965 2054/2054/2054 1964/1964/1964 
f 2054/2054/2054 2054/2054/2054 1964/1964/1964 
f 1964/1964/1964 2054/2054/2054 1783/1783/1783 
f 2054/2054/2054 2054/2054/2054 1783/1783/1783 
f 1783/1783/1783 2054/2054/2054 1782/1782/1782 
f 2054/2054/2054 2054/2054/2054 1782/1782/1782 
f 1782/1782/1782 2054/2054/2054 2055/2055/2055 
f 2054/2054/2054 2053/2053/2053 2055/2055/2055 
f 2055/2055/2055 2053/2053/2053 2056/2056/2056 
f 2053/2053/2053 2052/2052/2052 2056/2056/2056 
f 2056/2056/2056 2052/2052/2052 2057/2057/2057 
f 2052/2052/2052 2051/2051/2051 2057/2057/2057 
f 2057/2057/2057 2051/2051/2051 2058/2058/2058 
f 2051/2051/2051 2050/2050/2050 2058/2058/2058 
f 2058/2058/2058 2050/2050/2050 2059/2059/2059 
f 2050/2050/2050 2049/2049/2049 2059/2059/2059 
f 2059/2059/2059 2049/2049/2049 2060/2060/2060 
f 2049/2049/2049 2048/2048/2048 2060/2060/2060 
f 2060/2060/2060 2048/2048/2048 2061/2061/2061 
f 2048/2048/2048 2047/2047/2047 2061/2061/2061 
f 2061/2061/2061 2047/2047/2047 2062/2062/2062 
f 2047/2047/2047 2046/2046/2046 2062/2062/2062 
f 2062/2062/2062 2046/2046/2046 2063/2063/2063 
f 2046/2046/2046 2045/2045/2045 2063/2063/2063 
f 2063/2063/2063 2045/2045/2045 2064/2064/2064 
f 2045/2045/2045 2044/2044/2044 2064/2064/2064 
f 2064/2064/2064 2044/2044/2044 2065/2065/2065 
f 2044/2044/2044 2043/2043/2043 2065/2065/2065 
f 2065/2065/2065 2043/2043/2043 2066/2066/2066 
f 2043/2043/2043 2042/2042/2042 2066/2066/2066 
f 2066/2066/2066 2042/2042/2042 2067/2067/2067 
f 2042/2042/2042 2041/2041/2041 2067/2067/2067 
f 2067/2067/2067 2041/2041/2041 2068/2068/2068 
f 2041/2041/2041 2040/2040/2040 2068/2068/2068 
f 2068/2068/2068 2040/2040/2040 2069/2069/2069 
f 2040/2040/2040 2039/2039/2039 2069/2069/2069 
f 2069/2069/2069 2039/2039/2039 2070/2070/2070 
f 2039/2039/2039 2038/2038/2038 2070/2070/2070 
f 2070/2070/2070 2038/2038/2038 2071/2071/2071 
f 2038/2038/2038 2037/2037/2037 2071/2071/2071 
f 2071/2071/2071 2037/2037/2037 2072/2072/2072 
f 2037/2037/2037 2036/2036/2036 2072/2072/2072 
f 2072/2072/2072 2036/2036/2036 2073/2073/2073 
f 2036/2036/2036 2035/2035/2035 2073/2073/2073 
f 2073/2073/2073 2035/2035/2035 2074/2074/2074 
f 2035/2035/2035 2034/2034/2034 2074/2074/2074 
f 2074/2074/2074 2034/2034/2034 2075/2075/2075 
f 2034/2034/2034 2033/2033/2033 2075/2075/2075 
f 2075/2075/2075 2033/2033/2033 2076/2076/2076 
f 2033/2033/2033 2032/2032/2032 2076/2076/2076 
f 2076/2076/2076 2032/2032/2032 2077/2077/2077 
f 2032/2032/2032 2031/2031/2031 2077/2077/2077 
f 2077/2077/2077 2031/2031/2031 2078/2078/2078 
f 2031/2031/2031 2030/2030/2030 2078/2078/2078 
f 2078/2078/2078 2030/2030/2030 2079/2079/2079 
f 2030/2030/2030 2029/2029/2029 2079/2079/2079 
f 2079/2079/2079 2029/2029/2029 2080/2080/2080 
f 2029/2029/2029 2028/2028/2028 2080/2080/2080 
f 2080/2080/2080 2028/2028/2028 2081/2081/2081 
f 2028/2028/2028 2027/2027/2027 2081/2081/2081 
f 2081/2081/2081 2027/2027/2027 2082/2082/2082 
f 2027/2027/2027 2026/2026/2026 2082/2082/2082 
f 2082/2082/2082 2026/2026/2026 2083/2083/2083 
f 2026/2026/2026 2025/2025/2025 2083/2083/2083 
f 2083/2083/2083 2025/2025/2025 2084/2084/2084 
f 2025/2025/2025 2024/2024/2024 2084/2084/2084 
f 2084/2084/2084 2024/2024/2024 2085/2085/2085 
f 2024/2024/2024 2023/2023/2023 2085/2085/2085 
f 2085/2085/2085 2023/2023/2023 2086/2086/2086 
f 2023/2023/2023 2022/2022/2022 2086/2086/2086 
f 2086/2086/2086 2022/2022/2022 2087/2087/2087 
f 2022/2022/2022 2021/2021/2021 2087/2087/2087 
f 2087/2087/2087 2021/2021/2021 2088/2088/2088 
f 2021/2021/2021 2020/2020/2020 2088/2088/2088 
f 2088/2088/2088 2020/2020/2020 2089/2089/2089 
f 2020/2020/2020 2019/2019/2019 2089/2089/2089 
f 2089/2089/2089 2019/2019/2019 2090/2090/2090 
f 2019/2019/2019 2018/2018/2018 2090/2090/2090 
f 2090/2090/2090 2018/2018/2018 2091/2091/2091 
f 2018/2018/2018 2017/2017/2017 2091/2091/2091 
f 2091/2091/2091 2017/2017/2017 2092/2092/2092 
f 2017/2017/2017 2016/2016/2016 2092/2092/2092 
f 2092/2092/2092 2016/2016/2016 2093/2093/2093 
f 2016/2016/2016 2015/2015/2015 2093/2093/2093 
f 2093/2093/2093 2015/2015/2015 2094/2094/2094 
f 2015/2015/2015 2014/2014/2014 2094/2094/2094 
f 2094/2094/2094 2014/2014/2014 2095/2095/2095 
f 2014/2014/2014 2013/2013/2013 2095/2095/2095 
f 2095/2095/2095 2013/2013/2013 2096/2096/2096 
f 2013/2013/2013 2012/2012/2012 2096/2096/2096 
f 2096/2096/2096 2012/2012/2012 2097/2097/2097 
f 2012/2012/2012 2010/2010/2010 2097/2097/2097 
f 2097/2097/2097 2010/2010/2010 2097/2097/2097 
f 2010/2010/2010 2011/2011/2011 2097/2097/2097 
f 2097/2097/2097 2011/2011/2011 2097/2097/2097 
f 2011/2011/2011 2098/2098/2098 2097/2097/2097 
f 2097/2097/2097 2098/2098/2098 2099/2099/2099 
f 2098/2098/2098 2100/2100/2100 2099/2099/2099 
f 2099/2099/2099 2100/2100/2100 2100/2100/2100 
f 2100/2100/2100 2097/2097/2097 2100/2100/2100 
f 2100/2100/2100 2097/2097/2097 2097/2097/2097 
f 2097/2097/2097 2099/2099/2099 2097/2097/2097 
f 2097/2097/2097 2099/2099/2099 2096/2096/2096 
f 2099/2099/2099 2101/2101/2101 2096/2096/2096 
f 2096/2096/2096 2101/2101/2101 2095/2095/2095 
f 2101/2101/2101 2102/2102/2102 2095/2095/2095 
f 2095/2095/2095 2102/2102/2102 2094/2094/2094 
f 2102/2102/2102 2103/2103/2103 2094/2094/2094 
f 2094/2094/2094 2103/2103/2103 2093/2093/2093 
f 2103/2103/2103 2104/2104/2104 2093/2093/2093 
f 2093/2093/2093 2104/2104/2104 2092/2092/2092 
f 2104/2104/2104 2105/2105/2105 2092/2092/2092 
f 2092/2092/2092 2105/2105/2105 2091/2091/2091 
f 2105/2105/2105 2106/2106/2106 2091/2091/2091 
f 2091/2091/2091 2106/2106/2106 2090/2090/2090 
f 2106/2106/2106 2107/2107/2107 2090/2090/2090 
f 2090/2090/2090 2107/2107/2107 2089/2089/2089 
f 2107/2107/2107 2108/2108/2108 2089/2089/2089 
f 2089/2089/2089 2108/2108/2108 2088/2088/2088 
f 2108/2108/2108 2109/2109/2109 2088/2088/2088 
f 2088/2088/2088 2109/2109/2109 2087/2087/2087 
f 2109/2109/2109 2110/2110/2110 2087/2087/2087 
f 2087/2087/2087 2110/2110/2110 2086/2086/2086 
f 2110/2110/2110 2111/2111/2111 2086/2086/2086 
f 2086/2086/2086 2111/2111/2111 2085/2085/2085 
f 2111/2111/2111 2112/2112/2112 2085/2085/2085 
f 2085/2085/2085 2112/2112/2112 2084/2084/2084 
f 2112/2112/2112 2113/2113/2113 2084/2084/2084 
f 2084/2084/2084 2113/2113/2113 2083/2083/2083 
f 2113/2113/2113 2114/2114/2114 2083/2083/2083 
f 2083/2083/2083 2114/2114/2114 2082/2082/2082 
f 2114/2114/2114 2115/2115/2115 2082/2082/2082 
f 2082/2082/2082 2115/2115/2115 2081/2081/2081 
f 2115/2115/2115 2116/2116/2116 2081/2081/2081 
f 2081/2081/2081 2116/2116/2116 2080/2080/2080 
f 2116/2116/2116 2117/2117/2117 2080/2080/2080 
f 2080/2080/2080 2117/2117/2117 2079/2079/2079 
f 2117/2117/2117 2118/2118/2118 2079/2079/2079 
f 2079/2079/2079 2118/2118/2118 2078/2078/2078 
f 2118/2118/2118 2119/2119/2119 2078/2078/2078 
f 2078/2078/2078 2119/2119/2119 2077/2077/2077 
f 2119/2119/2119 2120/2120/2120 2077/2077/2077 
f 2077/2077/2077 2120/2120/2120 2076/2076/2076 
f 2120/2120/2120 2121/2121/2121 2076/2076/2076 
f 2076/2076/2076 2121/2121/2121 2075/2075/2075 
f 2121/2121/2121 2122/2122/2122 2075/2075/2075 
f 2075/2075/2075 2122/2122/2122 2074/2074/2074 
f 2122/2122/2122 2123/2123/2123 2074/2074/2074 
f 2074/2074/2074 2123/2123/2123 2073/2073/2073 
f 2123/2123/2123 2124/2124/2124 2073/2073/2073 
f 2073/2073/2073 2124/2124/2124 2072/2072/2072 
f 2124/2124/2124 2125/2125/2125 2072/2072/2072 
f 2072/2072/2072 2125/2125/2125 2071/2071/2071 
f 2125/2125/2125 2126/2126/2126 2071/2071/2071 
f 2071/2071/2071 2126/2126/2126 2070/2070/2070 
f 2126/2126/2126 2127/2127/2127 2070/2070/2070 
f 2070/2070/2070 2127/2127/2127 2069/2069/2069 
f 2127/2127/2127 2128/2128/2128 2069/2069/2069 
f 2069/2069/2069 2128/2128/2128 2068/2068/2068 
f 2128/2128/2128 2129/2129/2129 2068/2068/2068 
f 2068/2068/2068 2129/2129/2129 2067/2067/2067 
f 2129/2129/2129 2130/2130/2130 2067/2067/2067 
f 2067/2067/2067 2130/2130/2130 2066/2066/2066 
f 2130/2130/2130 2131/2131/2131 2066/2066/2066 
f 2066/2066/2066 2131/2131/2131 2065/2065/2065 
f 2131/2131/2131 2132/2132/2132 2065/2065/2065 
f 2065/2065/2065 2132/2132/2132 2064/2064/2064 
f 2132/2132/2132 2133/2133/2133 2064/2064/2064 
f 2064/2064/2064 2133/2133/2133 2063/2063/2063 
f 2133/2133/2133 2134/2134/2134 2063/2063/2063 
f 2063/2063/2063 2134/2134/2134 2062/2062/2062 
f 2134/2134/2134 2135/2135/2135 2062/2062/2062 
f 2062/2062/2062 2135/2135/2135 2061/2061/2061 
f 2135/2135/2135 2136/2136/2136 2061/2061/2061 
f 2061/2061/2061 2136/2136/2136 2060/2060/2060 
f 2136/2136/2136 2137/2137/2137 2060/2060/2060 
f 2060/2060/2060 2137/2137/2137 2059/2059/2059 
f 2137/2137/2137 2138/2138/2138 2059/2059/2059 
f 2059/2059/2059 2138/2138/2138 2058/2058/2058 
f 2138/2138/2138 2139/2139/2139 2058/2058/2058 
f 2058/2058/2058 2139/2139/2139 2057/2057/2057 
f 2139/2139/2139 2140/2140/2140 2057/2057/2057 
f 2057/2057/2057 2140/2140/2140 2056/2056/2056 
f 2140/2140/2140 2141/2141/2141 2056/2056/2056 
f 2056/2056/2056 2141/2141/2141 2055/2055/2055 
f 2141/2141/2141 2142/2142/2142 2055/2055/2055 
f 2055/2055/2055 2142/2142/2142 1782/1782/1782 
f 2142/2142/2142 2142/2142/2142 1782/1782/1782 
f 1782/1782/1782 2142/2142/2142 1781/1781/1781 
f 2142/2142/2142 2142/2142/2142 1781/1781/1781 
f 1781/1781/1781 2142/2142/2142 1779/1779/1779 
f 2142/2142/2142 2143/2143/2143 1779/1779/1779 
f 1779/1779/1779 2143/2143/2143 1780/1780/1780 
f 2143/2143/2143 2143/2143/2143 1780/1780/1780 
f 1780/1780/1780 2143/2143/2143 2144/2144/2144 
f 2143/2143/2143 2143/2143/2143 2144/2144/2144 
f 2144/2144/2144 2143/2143/2143 2145/2145/2145 
f 2143/2143/2143 2141/2141/2141 2145/2145/2145 
f 2145/2145/2145 2141/2141/2141 2145/2145/2145 
f 2141/2141/2141 2140/2140/2140 2145/2145/2145 
f 2145/2145/2145 2140/2140/2140 2146/2146/2146 
f 2140/2140/2140 2139/2139/2139 2146/2146/2146 
f 2146/2146/2146 2139/2139/2139 2147/2147/2147 
f 2139/2139/2139 2138/2138/2138 2147/2147/2147 
f 2147/2147/2147 2138/2138/2138 2148/2148/2148 
f 2138/2138/2138 2137/2137/2137 2148/2148/2148 
f 2148/2148/2148 2137/2137/2137 2149/2149/2149 
f 2137/2137/2137 2136/2136/2136 2149/2149/2149 
f 2149/2149/2149 2136/2136/2136 2150/2150/2150 
f 2136/2136/2136 2135/2135/2135 2150/2150/2150 
f 2150/2150/2150 2135/2135/2135 2151/2151/2151 
f 2135/2135/2135 2134/2134/2134 2151/2151/2151 
f 2151/2151/2151 2134/2134/2134 2152/2152/2152 
f 2134/2134/2134 2133/2133/2133 2152/2152/2152 
f 2152/2152/2152 2133/2133/2133 2153/2153/2153 
f 2133/2133/2133 2132/2132/2132 2153/2153/2153 
f 2153/2153/2153 2132/2132/2132 2154/2154/2154 
f 2132/2132/2132 2131/2131/2131 2154/2154/2154 
f 2154/2154/2154 2131/2131/2131 2155/2155/2155 
f 2131/2131/2131 2130/2130/2130 2155/2155/2155 
f 2155/2155/2155 2130/2130/2130 2156/2156/2156 
f 2130/2130/2130 2129/2129/2129 2156/2156/2156 
f 2156/2156/2156 2129/2129/2129 2157/2157/2157 
f 2129/2129/2129 2128/2128/2128 2157/2157/2157 
f 2157/2157/2157 2128/2128/2128 2158/2158/2158 
f 2128/2128/2128 2127/2127/2127 2158/2158/2158 
f 2158/2158/2158 2127/2127/2127 2159/2159/2159 
f 2127/2127/2127 2126/2126/2126 2159/2159/2159 
f 2159/2159/2159 2126/2126/2126 2160/2160/2160 
f 2126/2126/2126 2125/2125/2125 2160/2160/2160 
f 2160/2160/2160 2125/2125/2125 2161/2161/2161 
f 2125/2125/2125 2124/2124/2124 2161/2161/2161 
f 2161/2161/2161 2124/2124/2124 2162/2162/2162 
f 2124/2124/2124 2123/2123/2123 2162/2162/2162 
f 2162/2162/2162 2123/2123/2123 2163/2163/2163 
f 2123/2123/2123 2122/2122/2122 2163/2163/2163 
f 2163/2163/2163 2122/2122/2122 2164/2164/2164 
f 2122/2122/2122 2121/2121/2121 2164/2164/2164 
f 2164/2164/2164 2121/2121/2121 2165/2165/2165 
f 2121/2121/2121 2120/2120/2120 2165/2165/2165 
f 2165/2165/2165 2120/2120/2120 2166/2166/2166 
f 2120/2120/2120 2119/2119/2119 2166/2166/2166 
f 2166/2166/2166 2119/2119/2119 2167/2167/2167 
f 2119/2119/2119 2118/2118/2118 2167/2167/2167 
f 2167/2167/2167 2118/2118/2118 2168/2168/2168 
f 2118/2118/2118 2117/2117/2117 2168/2168/2168 
f 2168/2168/2168 2117/2117/2117 2169/2169/2169 
f 2117/2117/2117 2116/2116/2116 2169/2169/2169 
f 2169/2169/2169 2116/2116/2116 2170/2170/2170 
f 2116/2116/2116 2115/2115/2115 2170/2170/2170 
f 2170/2170/2170 2115/2115/2115 2171/2171/2171 
f 2115/2115/2115 2114/2114/2114 2171/2171/2171 
f 2171/2171/2171 2114/2114/2114 2172/2172/2172 
f 2114/2114/2114 2113/2113/2113 2172/2172/2172 
f 2172/2172/2172 2113/2113/2113 2173/2173/2173 
f 2113/2113/2113 2112/2112/2112 2173/2173/2173 
f 2173/2173/2173 2112/2112/2112 2174/2174/2174 
f 2112/2112/2112 2111/2111/2111 2174/2174/2174 
f 2174/2174/2174 2111/2111/2111 2175/2175/2175 
f 2111/2111/2111 2110/2110/2110 2175/2175/2175 
f 2175/2175/2175 2110/2110/2110 2176/2176/2176 
f 2110/2110/2110 2109/2109/2109 2176/2176/2176 
f 2176/2176/2176 2109/2109/2109 2177/2177/2177 
f 2109/2109/2109 2108/2108/2108 2177/2177/2177 
f 2177/2177/2177 2108/2108/2108 2178/2178/2178 
f 2108/2108/2108 2107/2107/2107 2178/2178/2178 
f 2178/2178/2178 2107/2107/2107 2179/2179/2179 
f 2107/2107/2107 2106/2106/2106 2179/2179/2179 
f 2179/2179/2179 2106/2106/2106 2180/2180/2180 
f 2106/2106/2106 2105/2105/2105 2180/2180/2180 
f 2180/2180/2180 2105/2105/2105 2181/2181/2181 
f 2105/2105/2105 2104/2104/2104 2181/2181/2181 
f 2181/2181/2181 2104/2104/2104 2182/2182/2182 
f 2104/2104/2104 2103/2103/2103 2182/2182/2182 
f 2182/2182/2182 2103/2103/2103 2183/2183/2183 
f 2103/2103/2103 2102/2102/2102 2183/2183/2183 
f 2183/2183/2183 2102/2102/2102 2184/2184/2184 
f 2102/2102/2102 2101/2101/2101 2184/2184/2184 
f 2184/2184/2184 2101/2101/2101 2185/2185/2185 
f 2101/2101/2101 2099/2099/2099 2185/2185/2185 
f 2185/2185/2185 2099/2099/2099 2185/2185/2185 
f 2099/2099/2099 2100/2100/2100 2185/2185/2185 
f 2185/2185/2185 2100/2100/2100 2186/2186/2186 
f 2100/2100/2100 2187/2187/2187 2186/2186/2186 
f 2186/2186/2186 2187/2187/2187 2187/2187/2187 
f 2187/2187/2187 2142/2142/2142 2187/2187/2187 
f 2187/2187/2187 2142/2142/2142 2142/2142/2142 
f 2142/2142/2142 2141/2141/2141 2142/2142/2142 
f 2142/2142/2142 2141/2141/2141 2143/2143/2143 
f 2141/2141/2141 2143/2143/2143 2143/2143/2143 
f 2143/2143/2143 2143/2143/2143 2186/2186/2186 
f 2143/2143/2143 2186/2186/2186 2186/2186/2186 
f 2186/2186/2186 2186/2186/2186 2185/2185/2185 
f 2186/2186/2186 2188/2188/2188 2185/2185/2185 
f 2185/2185/2185 2188/2188/2188 2184/2184/2184 
f 2188/2188/2188 2189/2189/2189 2184/2184/2184 
f 2184/2184/2184 2189/2189/2189 2183/2183/2183 
f 2189/2189/2189 2190/2190/2190 2183/2183/2183 
f 2183/2183/2183 2190/2190/2190 2182/2182/2182 
f 2190/2190/2190 2191/2191/2191 2182/2182/2182 
f 2182/2182/2182 2191/2191/2191 2181/2181/2181 
f 2191/2191/2191 2192/2192/2192 2181/2181/2181 
f 2181/2181/2181 2192/2192/2192 2180/2180/2180 
f 2192/2192/2192 2193/2193/2193 2180/2180/2180 
f 2180/2180/2180 2193/2193/2193 2179/2179/2179 
f 2193/2193/2193 2194/2194/2194 2179/2179/2179 
f 2179/2179/2179 2194/2194/2194 2178/2178/2178 
f 2194/2194/2194 2195/2195/2195 2178/2178/2178 
f 2178/2178/2178 2195/2195/2195 2177/2177/2177 
f 2195/2195/2195 2196/2196/2196 2177/2177/2177 
f 2177/2177/2177 2196/2196/2196 2176/2176/2176 
f 2196/2196/2196 2197/2197/2197 2176/2176/2176 
f 2176/2176/2176 2197/2197/2197 2175/2175/2175 
f 2197/2197/2197 2198/2198/2198 2175/2175/2175 
f 2175/2175/2175 2198/2198/2198 2174/2174/2174 
f 2198/2198/2198 2199/2199/2199 2174/2174/2174 
f 2174/2174/2174 2199/2199/2199 2173/2173/2173 
f 2199/2199/2199 2200/2200/2200 2173/2173/2173 
f 2173/2173/2173 2200/2200/2200 2172/2172/2172 
f 2200/2200/2200 2201/2201/2201 2172/2172/2172 
f 2172/2172/2172 2201/2201/2201 2171/2171/2171 
f 2201/2201/2201 2202/2202/2202 2171/2171/2171 
f 2171/2171/2171 2202/2202/2202 2170/2170/2170 
f 2202/2202/2202 2203/2203/2203 2170/2170/2170 
f 2170/2170/2170 2203/2203/2203 2169/2169/2169 
f 2203/2203/2203 2204/2204/2204 2169/2169/2169 
f 2169/2169/2169 2204/2204/2204 2168/2168/2168 
f 2204/2204/2204 2205/2205/2205 2168/2168/2168 
f 2168/2168/2168 2205/2205/2205 2167/2167/2167 
f 2205/2205/2205 2206/2206/2206 2167/2167/2167 
f 2167/2167/2167 2206/2206/2206 2166/2166/2166 
f 2206/2206/2206 2207/2207/2207 2166/2166/2166 
f 2166/2166/2166 2207/2207/2207 2165/2165/2165 
f 2207/2207/2207 2208/2208/2208 2165/2165/2165 
f 2165/2165/2165 2208/2208/2208 2164/2164/2164 
f 2208/2208/2208 2209/2209/2209 2164/2164/2164 
f 2164/2164/2164 2209/2209/2209 2163/2163/2163 
f 2209/2209/2209 2210/2210/2210 2163/2163/2163 
f 2163/2163/2163 2210/2210/2210 2162/2162/2162 
f 2210/2210/2210 2211/2211/2211 2162/2162/2162 
f 2162/2162/2162 2211/2211/2211 2161/2161/2161 
f 2211/2211/2211 2212/2212/2212 2161/2161/2161 
f 2161/2161/2161 2212/2212/2212 2160/2160/2160 
f 2212/2212/2212 2213/2213/2213 2160/2160/2160 
f 2160/2160/2160 2213/2213/2213 2159/2159/2159 
f 2213/2213/2213 2214/2214/2214 2159/2159/2159 
f 2159/2159/2159 2214/2214/2214 2158/2158/2158 
f 2214/2214/2214 2215/2215/2215 2158/2158/2158 
f 2158/2158/2158 2215/2215/2215 2157/2157/2157 
f 2215/2215/2215 2216/2216/2216 2157/2157/2157 
f 2157/2157/2157 2216/2216/2216 2156/2156/2156 
f 2216/2216/2216 2217/2217/2217 2156/2156/2156 
f 2156/2156/2156 2217/2217/2217 2155/2155/2155 
f 2217/2217/2217 2218/2218/2218 2155/2155/2155 
f 2155/2155/2155 2218/2218/2218 2154/2154/2154 
f 2218/2218/2218 2219/2219/2219 2154/2154/2154 
f 2154/2154/2154 2219/2219/2219 2153/2153/2153 
f 2219/2219/2219 2220/2220/2220 2153/2153/2153 
f 2153/2153/2153 2220/2220/2220 2152/2152/2152 
f 2220/2220/2220 2221/2221/2221 2152/2152/2152 
f 2152/2152/2152 2221/2221/2221 2151/2151/2151 
f 2221/2221/2221 2222/2222/2222 2151/2151/2151 
f 2151/2151/2151 2222/2222/2222 2150/2150/2150 
f 2222/2222/2222 2223/2223/2223 2150/2150/2150 
f 2150/2150/2150 2223/2223/2223 2149/2149/2149 
f 2223/2223/2223 2224/2224/2224 2149/2149/2149 
f 2149/2149/2149 2224/2224/2224 2148/2148/2148 
f 2224/2224/2224 2225/2225/2225 2148/2148/2148 
f 2148/2148/2148 2225/2225/2225 2147/2147/2147 
f 2225/2225/2225 2226/2226/2226 2147/2147/2147 
f 2147/2147/2147 2226/2226/2226 2146/2146/2146 
f 2226/2226/2226 2227/2227/2227 2146/2146/2146 
f 2146/2146/2146 2227/2227/2227 2145/2145/2145 
f 2227/2227/2227 2144/2144/2144 2145/2145/2145 
f 2145/2145/2145 2144/2144/2144 2144/2144/2144 
f 2144/2144/2144 1808/1808/1808 2144/2144/2144 
f 2144/2144/2144 1808/1808/1808 1808/1808/1808 
f 1808/1808/1808 1807/1807/1807 1808/1808/1808 
f 1808/1808/1808 1807/1807/1807 2228/2228/2228 
f 1807/1807/1807 1915/1915/1915 2228/2228/2228 
f 2228/2228/2228 1915/1915/1915 2229/2229/2229 
f 1915/1915/1915 1804/1804/1804 2229/2229/2229 
f 2229/2229/2229 1804/1804/1804 2230/2230/2230 
f 1804/1804/1804 1805/1805/1805 2230/2230/2230 
f 2230/2230/2230 1805/1805/1805 2230/2230/2230 
f 1805/1805/1805 2231/2231/2231 2230/2230/2230 
f 2230/2230/2230 2231/2231/2231 2232/2232/2232 
f 2231/2231/2231 2233/2233/2233 2232/2232/2232 
f 2232/2232/2232 2233/2233/2233 2233/2233/2233 
f 2233/2233/2233 2232/2232/2232 2233/2233/2233 
f 2233/2233/2233 2232/2232/2232 2232/2232/2232 
f 2232/2232/2232 2234/2234/2234 2232/2232/2232 
f 2232/2232/2232 2234/2234/2234 2230/2230/2230 
f 2234/2234/2234 2234/2234/2234 2230/2230/2230 
f 2230/2230/2230 2234/2234/2234 2229/2229/2229 
f 2234/2234/2234 2235/2235/2235 2229/2229/2229 
f 2229/2229/2229 2235/2235/2235 2228/2228/2228 
f 2235/2235/2235 2236/2236/2236 2228/2228/2228 
f 2228/2228/2228 2236/2236/2236 1808/1808/1808 
f 2236/2236/2236 2237/2237/2237 1808/1808/1808 
f 1808/1808/1808 2237/2237/2237 1809/1809/1809 
f 2237/2237/2237 2238/2238/2238 1809/1809/1809 
f 1809/1809/1809 2238/2238/2238 1810/1810/1810 
f 2238/2238/2238 2239/2239/2239 1810/1810/1810 
f 1810/1810/1810 2239/2239/2239 1811/1811/1811 
f 2239/2239/2239 2240/2240/2240 1811/1811/1811 
f 1811/1811/1811 2240/2240/2240 1812/1812/1812 
f 2240/2240/2240 1812/1812/1812 1812/1812/1812 
f 1812/1812/1812 1812/1812/1812 2240/2240/2240 
f 1812/1812/1812 2240/2240/2240 2240/2240/2240 
f 2240/2240/2240 2240/2240/2240 2241/2241/2241 
f 2240/2240/2240 2239/2239/2239 2241/2241/2241 
f 2241/2241/2241 2239/2239/2239 2242/2242/2242 
f 2239/2239/2239 2238/2238/2238 2242/2242/2242 
f 2242/2242/2242 2238/2238/2238 2243/2243/2243 
f 2238/2238/2238 2237/2237/2237 2243/2243/2243 
f 2243/2243/2243 2237/2237/2237 2237/2237/2237 
f 2237/2237/2237 2241/2241/2241 2237/2237/2237 
f 2237/2237/2237 2241/2241/2241 2241/2241/2241 
f 2241/2241/2241 2242/2242/2242 2241/2241/2241 
f 2241/2241/2241 2242/2242/2242 2244/2244/2244 
f 2242/2242/2242 2245/2245/2245 2244/2244/2244 
f 2244/2244/2244 2245/2245/2245 2246/2246/2246 
f 2245/2245/2245 2247/2247/2247 2246/2246/2246 
f 2246/2246/2246 2247/2247/2247 2248/2248/2248 
f 2247/2247/2247 2249/2249/2249 2248/2248/2248 
f 2248/2248/2248 2249/2249/2249 2250/2250/2250 
f 2249/2249/2249 2249/2249/2249 2250/2250/2250 
f 2250/2250/2250 2249/2249/2249 2251/2251/2251 
f 2249/2249/2249 2252/2252/2252 2251/2251/2251 
f 2251/2251/2251 2252/2252/2252 2253/2253/2253 
f 2252/2252/2252 2253/2253/2253 2253/2253/2253 
f 2253/2253/2253 2253/2253/2253 2242/2242/2242 
f 2253/2253/2253 2242/2242/2242 2242/2242/2242 
f 2242/2242/2242 2242/2242/2242 2245/2245/2245 
f 2242/2242/2242 2243/2243/2243 2245/2245/2245 
f 2245/2245/2245 2243/2243/2243 2254/2254/2254 
f 2243/2243/2243 2243/2243/2243 2254/2254/2254 
f 2254/2254/2254 2243/2243/2243 2255/2255/2255 
f 2243/2243/2243 2237/2237/2237 2255/2255/2255 
f 2255/2255/2255 2237/2237/2237 2255/2255/2255 
f 2237/2237/2237 2236/2236/2236 2255/2255/2255 
f 2255/2255/2255 2236/2236/2236 2256/2256/2256 
f 2236/2236/2236 2235/2235/2235 2256/2256/2256 
f 2256/2256/2256 2235/2235/2235 2235/2235/2235 
f 2235/2235/2235 2245/2245/2245 2235/2235/2235 
f 2235/2235/2235 2245/2245/2245 2245/2245/2245 
f 2245/2245/2245 2254/2254/2254 2245/2245/2245 
f 2245/2245/2245 2254/2254/2254 2247/2247/2247 
f 2254/2254/2254 2257/2257/2257 2247/2247/2247 
f 2247/2247/2247 2257/2257/2257 2249/2249/2249 
f 2257/2257/2257 2257/2257/2257 2249/2249/2249 
f 2249/2249/2249 2257/2257/2257 2252/2252/2252 
f 2257/2257/2257 2258/2258/2258 2252/2252/2252 
f 2252/2252/2252 2258/2258/2258 2252/2252/2252 
f 2258/2258/2258 2259/2259/2259 2252/2252/2252 
f 2252/2252/2252 2259/2259/2259 2253/2253/2253 
f 2259/2259/2259 2259/2259/2259 2253/2253/2253 
f 2253/2253/2253 2259/2259/2259 2260/2260/2260 
f 2259/2259/2259 2261/2261/2261 2260/2260/2260 
f 2260/2260/2260 2261/2261/2261 2262/2262/2262 
f 2261/2261/2261 2262/2262/2262 2262/2262/2262 
f 2262/2262/2262 2262/2262/2262 2256/2256/2256 
f 2262/2262/2262 2256/2256/2256 2256/2256/2256 
f 2256/2256/2256 2256/2256/2256 2255/2255/2255 
f 2256/2256/2256 2263/2263/2263 2255/2255/2255 
f 2255/2255/2255 2263/2263/2263 2254/2254/2254 
f 2263/2263/2263 2263/2263/2263 2254/2254/2254 
f 2254/2254/2254 2263/2263/2263 2257/2257/2257 
f 2263/2263/2263 2263/2263/2263 2257/2257/2257 
f 2257/2257/2257 2263/2263/2263 2258/2258/2258 
f 2263/2263/2263 2264/2264/2264 2258/2258/2258 
f 2258/2258/2258 2264/2264/2264 2258/2258/2258 
f 2264/2264/2264 2265/2265/2265 2258/2258/2258 
f 2258/2258/2258 2265/2265/2265 2259/2259/2259 
f 2265/2265/2265 2261/2261/2261 2259/2259/2259 
f 2259/2259/2259 2261/2261/2261 2261/2261/2261 
f 2261/2261/2261 2263/2263/2263 2261/2261/2261 
f 2261/2261/2261 2263/2263/2263 2263/2263/2263 
f 2263/2263/2263 2256/2256/2256 2263/2263/2263 
f 2263/2263/2263 2256/2256/2256 2264/2264/2264 
f 2256/2256/2256 2266/2266/2266 2264/2264/2264 
f 2264/2264/2264 2266/2266/2266 2267/2267/2267 
f 2266/2266/2266 2266/2266/2266 2267/2267/2267 
f 2267/2267/2267 2266/2266/2266 2268/2268/2268 
f 2266/2266/2266 2234/2234/2234 2268/2268/2268 
f 2268/2268/2268 2234/2234/2234 2232/2232/2232 
f 2234/2234/2234 2232/2232/2232 2232/2232/2232 
f 2232/2232/2232 2232/2232/2232 2256/2256/2256 
f 2232/2232/2232 2256/2256/2256 2256/2256/2256 
f 2256/2256/2256 2256/2256/2256 2266/2266/2266 
f 2256/2256/2256 2235/2235/2235 2266/2266/2266 
f 2266/2266/2266 2235/2235/2235 2234/2234/2234 
f 2235/2235/2235 2234/2234/2234 2234/2234/2234 
f 2234/2234/2234 2234/2234/2234 2264/2264/2264 
f 2234/2234/2234 2264/2264/2264 2264/2264/2264 
f 2264/2264/2264 2264/2264/2264 2265/2265/2265 
f 2264/2264/2264 2267/2267/2267 2265/2265/2265 
f 2265/2265/2265 2267/2267/2267 2265/2265/2265 
f 2267/2267/2267 2269/2269/2269 2265/2265/2265 
f 2265/2265/2265 2269/2269/2269 2261/2261/2261 
f 2269/2269/2269 2270/2270/2270 2261/2261/2261 
f 2261/2261/2261 2270/2270/2270 2262/2262/2262 
f 2270/2270/2270 2270/2270/2270 2262/2262/2262 
f 2262/2262/2262 2270/2270/2270 2271/2271/2271 
f 2270/2270/2270 2272/2272/2272 2271/2271/2271 
f 2271/2271/2271 2272/2272/2272 2273/2273/2273 
f 2272/2272/2272 2273/2273/2273 2273/2273/2273 
f 2273/2273/2273 2273/2273/2273 2272/2272/2272 
f 2273/2273/2273 2272/2272/2272 2272/2272/2272 
f 2272/2272/2272 2272/2272/2272 2274/2274/2274 
f 2272/2272/2272 2270/2270/2270 2274/2274/2274 
f 2274/2274/2274 2270/2270/2270 2274/2274/2274 
f 2270/2270/2270 2269/2269/2269 2274/2274/2274 
f 2274/2274/2274 2269/2269/2269 2275/2275/2275 
f 2269/2269/2269 2267/2267/2267 2275/2275/2275 
f 2275/2275/2275 2267/2267/2267 2275/2275/2275 
f 2267/2267/2267 2268/2268/2268 2275/2275/2275 
f 2275/2275/2275 2268/2268/2268 2276/2276/2276 
f 2268/2268/2268 2232/2232/2232 2276/2276/2276 
f 2276/2276/2276 2232/2232/2232 2276/2276/2276 
f 2232/2232/2232 2233/2233/2233 2276/2276/2276 
f 2276/2276/2276 2233/2233/2233 2276/2276/2276 
f 2233/2233/2233 2277/2277/2277 2276/2276/2276 
f 2276/2276/2276 2277/2277/2277 2278/2278/2278 
f 2277/2277/2277 2279/2279/2279 2278/2278/2278 
f 2278/2278/2278 2279/2279/2279 2278/2278/2278 
f 2279/2279/2279 2280/2280/2280 2278/2278/2278 
f 2278/2278/2278 2280/2280/2280 2274/2274/2274 
f 2280/2280/2280 2280/2280/2280 2274/2274/2274 
f 2274/2274/2274 2280/2280/2280 2272/2272/2272 
f 2280/2280/2280 2281/2281/2281 2272/2272/2272 
f 2272/2272/2272 2281/2281/2281 2273/2273/2273 
f 2281/2281/2281 2281/2281/2281 2273/2273/2273 
f 2273/2273/2273 2281/2281/2281 2282/2282/2282 
f 2281/2281/2281 2281/2281/2281 2282/2282/2282 
f 2282/2282/2282 2281/2281/2281 2283/2283/2283 
f 2281/2281/2281 2281/2281/2281 2283/2283/2283 
f 2283/2283/2283 2281/2281/2281 2284/2284/2284 
f 2281/2281/2281 2280/2280/2280 2284/2284/2284 
f 2284/2284/2284 2280/2280/2280 2279/2279/2279 
f 2280/2280/2280 2279/2279/2279 2279/2279/2279 
f 2279/2279/2279 2279/2279/2279 2276/2276/2276 
f 2279/2279/2279 2276/2276/2276 2276/2276/2276 
f 2276/2276/2276 2276/2276/2276 2275/2275/2275 
f 2276/2276/2276 2278/2278/2278 2275/2275/2275 
f 2275/2275/2275 2278/2278/2278 2274/2274/2274 
f 2278/2278/2278 2274/2274/2274 2274/2274/2274 
f 2274/2274/2274 2274/2274/2274 2285/2285/2285 
f 2274/2274/2274 2285/2285/2285 2285/2285/2285 
f 2285/2285/2285 2285/2285/2285 2286/2286/2286 
f 2285/2285/2285 2287/2287/2287 2286/2286/2286 
f 2286/2286/2286 2287/2287/2287 2288/2288/2288 
f 2287/2287/2287 2288/2288/2288 2288/2288/2288 
f 2288/2288/2288 2288/2288/2288 2286/2286/2286 
f 2288/2288/2288 2286/2286/2286 2286/2286/2286 
f 2286/2286/2286 2286/2286/2286 2285/2285/2285 
f 2286/2286/2286 2289/2289/2289 2285/2285/2285 
f 2285/2285/2285 2289/2289/2289 2290/2290/2290 
f 2289/2289/2289 2291/2291/2291 2290/2290/2290 
f 2290/2290/2290 2291/2291/2291 2292/2292/2292 
f 2291/2291/2291 2293/2293/2293 2292/2292/2292 
f 2292/2292/2292 2293/2293/2293 2294/2294/2294 
f 2293/2293/2293 2295/2295/2295 2294/2294/2294 
f 2294/2294/2294 2295/2295/2295 2296/2296/2296 
f 2295/2295/2295 2297/2297/2297 2296/2296/2296 
f 2296/2296/2296 2297/2297/2297 2298/2298/2298 
f 2297/2297/2297 2299/2299/2299 2298/2298/2298 
f 2298/2298/2298 2299/2299/2299 2300/2300/2300 
f 2299/2299/2299 2301/2301/2301 2300/2300/2300 
f 2300/2300/2300 2301/2301/2301 2302/2302/2302 
f 2301/2301/2301 2303/2303/2303 2302/2302/2302 
f 2302/2302/2302 2303/2303/2303 2304/2304/2304 
f 2303/2303/2303 2305/2305/2305 2304/2304/2304 
f 2304/2304/2304 2305/2305/2305 2306/2306/2306 
f 2305/2305/2305 2307/2307/2307 2306/2306/2306 
f 2306/2306/2306 2307/2307/2307 2308/2308/2308 
f 2307/2307/2307 2309/2309/2309 2308/2308/2308 
f 2308/2308/2308 2309/2309/2309 2310/2310/2310 
f 2309/2309/2309 2311/2311/2311 2310/2310/2310 
f 2310/2310/2310 2311/2311/2311 2312/2312/2312 
f 2311/2311/2311 2313/2313/2313 2312/2312/2312 
f 2312/2312/2312 2313/2313/2313 2313/2313/2313 
f 2313/2313/2313 2314/2314/2314 2313/2313/2313 
f 2313/2313/2313 2314/2314/2314 2314/2314/2314 
f 2314/2314/2314 2315/2315/2315 2314/2314/2314 
f 2314/2314/2314 2315/2315/2315 2316/2316/2316 
f 2315/2315/2315 2317/2317/2317 2316/2316/2316 
f 2316/2316/2316 2317/2317/2317 2318/2318/2318 
f 2317/2317/2317 2319/2319/2319 2318/2318/2318 
f 2318/2318/2318 2319/2319/2319 2320/2320/2320 
f 2319/2319/2319 2321/2321/2321 2320/2320/2320 
f 2320/2320/2320 2321/2321/2321 2322/2322/2322 
f 2321/2321/2321 2323/2323/2323 2322/2322/2322 
f 2322/2322/2322 2323/2323/2323 2324/2324/2324 
f 2323/2323/2323 2325/2325/2325 2324/2324/2324 
f 2324/2324/2324 2325/2325/2325 2326/2326/2326 
f 2325/2325/2325 2327/2327/2327 2326/2326/2326 
f 2326/2326/2326 2327/2327/2327 2328/2328/2328 
f 2327/2327/2327 2329/2329/2329 2328/2328/2328 
f 2328/2328/2328 2329/2329/2329 2330/2330/2330 
f 2329/2329/2329 2331/2331/2331 2330/2330/2330 
f 2330/2330/2330 2331/2331/2331 2332/2332/2332 
f 2331/2331/2331 2333/2333/2333 2332/2332/2332 
f 2332/2332/2332 2333/2333/2333 2334/2334/2334 
f 2333/2333/2333 2335/2335/2335 2334/2334/2334 
f 2334/2334/2334 2335/2335/2335 2336/2336/2336 
f 2335/2335/2335 2337/2337/2337 2336/2336/2336 
f 2336/2336/2336 2337/2337/2337 2338/2338/2338 
f 2337/2337/2337 2339/2339/2339 2338/2338/2338 
f 2338/2338/2338 2339/2339/2339 2340/2340/2340 
f 2339/2339/2339 2341/2341/2341 2340/2340/2340 
f 2340/2340/2340 2341/2341/2341 2342/2342/2342 
f 2341/2341/2341 2343/2343/2343 2342/2342/2342 
f 2342/2342/2342 2343/2343/2343 2344/2344/2344 
f 2343/2343/2343 2345/2345/2345 2344/2344/2344 
f 2344/2344/2344 2345/2345/2345 2346/2346/2346 
f 2345/2345/2345 2347/2347/2347 2346/2346/2346 
f 2346/2346/2346 2347/2347/2347 2348/2348/2348 
f 2347/2347/2347 2349/2349/2349 2348/2348/2348 
f 2348/2348/2348 2349/2349/2349 2350/2350/2350 
f 2349/2349/2349 2351/2351/2351 2350/2350/2350 
f 2350/2350/2350 2351/2351/2351 2352/2352/2352 
f 2351/2351/2351 2353/2353/2353 2352/2352/2352 
f 2352/2352/2352 2353/2353/2353 2354/2354/2354 
f 2353/2353/2353 2355/2355/2355 2354/2354/2354 
f 2354/2354/2354 2355/2355/2355 2356/2356/2356 
f 2355/2355/2355 2357/2357/2357 2356/2356/2356 
f 2356/2356/2356 2357/2357/2357 2358/2358/2358 
f 2357/2357/2357 2359/2359/2359 2358/2358/2358 
f 2358/2358/2358 2359/2359/2359 2360/2360/2360 
f 2359/2359/2359 2361/2361/2361 2360/2360/2360 
f 2360/2360/2360 2361/2361/2361 2362/2362/2362 
f 2361/2361/2361 2363/2363/2363 2362/2362/2362 
f 2362/2362/2362 2363/2363/2363 2364/2364/2364 
f 2363/2363/2363 2365/2365/2365 2364/2364/2364 
f 2364/2364/2364 2365/2365/2365 2366/2366/2366 
f 2365/2365/2365 2367/2367/2367 2366/2366/2366 
f 2366/2366/2366 2367/2367/2367 2368/2368/2368 
f 2367/2367/2367 2369/2369/2369 2368/2368/2368 
f 2368/2368/2368 2369/2369/2369 2370/2370/2370 
f 2369/2369/2369 2371/2371/2371 2370/2370/2370 
f 2370/2370/2370 2371/2371/2371 2372/2372/2372 
f 2371/2371/2371 2373/2373/2373 2372/2372/2372 
f 2372/2372/2372 2373/2373/2373 2374/2374/2374 
f 2373/2373/2373 2375/2375/2375 2374/2374/2374 
f 2374/2374/2374 2375/2375/2375 2376/2376/2376 
f 2375/2375/2375 2377/2377/2377 2376/2376/2376 
f 2376/2376/2376 2377/2377/2377 2378/2378/2378 
f 2377/2377/2377 2379/2379/2379 2378/2378/2378 
f 2378/2378/2378 2379/2379/2379 2380/2380/2380 
f 2379/2379/2379 2381/2381/2381 2380/2380/2380 
f 2380/2380/2380 2381/2381/2381 2382/2382/2382 
f 2381/2381/2381 2383/2383/2383 2382/2382/2382 
f 2382/2382/2382 2383/2383/2383 2384/2384/2384 
f 2383/2383/2383 2385/2385/2385 2384/2384/2384 
f 2384/2384/2384 2385/2385/2385 2386/2386/2386 
f 2385/2385/2385 2387/2387/2387 2386/2386/2386 
f 2386/2386/2386 2387/2387/2387 2388/2388/2388 
f 2387/2387/2387 2389/2389/2389 2388/2388/2388 
f 2388/2388/2388 2389/2389/2389 2390/2390/2390 
f 2389/2389/2389 2391/2391/2391 2390/2390/2390 
f 2390/2390/2390 2391/2391/2391 2392/2392/2392 
f 2391/2391/2391 2391/2391/2391 2392/2392/2392 
f 2392/2392/2392 2391/2391/2391 2393/2393/2393 
f 2391/2391/2391 2394/2394/2394 2393/2393/2393 
f 2393/2393/2393 2394/2394/2394 2395/2395/2395 
f 2394/2394/2394 2395/2395/2395 2395/2395/2395 
f 2395/2395/2395 2395/2395/2395 2394/2394/2394 
f 2395/2395/2395 2394/2394/2394 2394/2394/2394 
f 2394/2394/2394 2394/2394/2394 2396/2396/2396 
f 2394/2394/2394 2391/2391/2391 2396/2396/2396 
f 2396/2396/2396 2391/2391/2391 2396/2396/2396 
f 2391/2391/2391 2389/2389/2389 2396/2396/2396 
f 2396/2396/2396 2389/2389/2389 2397/2397/2397 
f 2389/2389/2389 2387/2387/2387 2397/2397/2397 
f 2397/2397/2397 2387/2387/2387 2398/2398/2398 
f 2387/2387/2387 2385/2385/2385 2398/2398/2398 
f 2398/2398/2398 2385/2385/2385 2399/2399/2399 
f 2385/2385/2385 2383/2383/2383 2399/2399/2399 
f 2399/2399/2399 2383/2383/2383 2400/2400/2400 
f 2383/2383/2383 2381/2381/2381 2400/2400/2400 
f 2400/2400/2400 2381/2381/2381 2401/2401/2401 
f 2381/2381/2381 2379/2379/2379 2401/2401/2401 
f 2401/2401/2401 2379/2379/2379 2402/2402/2402 
f 2379/2379/2379 2377/2377/2377 2402/2402/2402 
f 2402/2402/2402 2377/2377/2377 2403/2403/2403 
f 2377/2377/2377 2375/2375/2375 2403/2403/2403 
f 2403/2403/2403 2375/2375/2375 2404/2404/2404 
f 2375/2375/2375 2373/2373/2373 2404/2404/2404 
f 2404/2404/2404 2373/2373/2373 2405/2405/2405 
f 2373/2373/2373 2371/2371/2371 2405/2405/2405 
f 2405/2405/2405 2371/2371/2371 2406/2406/2406 
f 2371/2371/2371 2369/2369/2369 2406/2406/2406 
f 2406/2406/2406 2369/2369/2369 2407/2407/2407 
f 2369/2369/2369 2367/2367/2367 2407/2407/2407 
f 2407/2407/2407 2367/2367/2367 2408/2408/2408 
f 2367/2367/2367 2365/2365/2365 2408/2408/2408 
f 2408/2408/2408 2365/2365/2365 2409/2409/2409 
f 2365/2365/2365 2363/2363/2363 2409/2409/2409 
f 2409/2409/2409 2363/2363/2363 2410/2410/2410 
f 2363/2363/2363 2361/2361/2361 2410/2410/2410 
f 2410/2410/2410 2361/2361/2361 2411/2411/2411 
f 2361/2361/2361 2359/2359/2359 2411/2411/2411 
f 2411/2411/2411 2359/2359/2359 2412/2412/2412 
f 2359/2359/2359 2357/2357/2357 2412/2412/2412 
f 2412/2412/2412 2357/2357/2357 2413/2413/2413 
f 2357/2357/2357 2355/2355/2355 2413/2413/2413 
f 2413/2413/2413 2355/2355/2355 2414/2414/2414 
f 2355/2355/2355 2353/2353/2353 2414/2414/2414 
f 2414/2414/2414 2353/2353/2353 2415/2415/2415 
f 2353/2353/2353 2351/2351/2351 2415/2415/2415 
f 2415/2415/2415 2351/2351/2351 2416/2416/2416 
f 2351/2351/2351 2349/2349/2349 2416/2416/2416 
f 2416/2416/2416 2349/2349/2349 2417/2417/2417 
f 2349/2349/2349 2347/2347/2347 2417/2417/2417 
f 2417/2417/2417 2347/2347/2347 2418/2418/2418 
f 2347/2347/2347 2345/2345/2345 2418/2418/2418 
f 2418/2418/2418 2345/2345/2345 2419/2419/2419 
f 2345/2345/2345 2343/2343/2343 2419/2419/2419 
f 2419/2419/2419 2343/2343/2343 2420/2420/2420 
f 2343/2343/2343 2341/2341/2341 2420/2420/2420 
f 2420/2420/2420 2341/2341/2341 2421/2421/2421 
f 2341/2341/2341 2339/2339/2339 2421/2421/2421 
f 2421/2421/2421 2339/2339/2339 2422/2422/2422 
f 2339/2339/2339 2337/2337/2337 2422/2422/2422 
f 2422/2422/2422 2337/2337/2337 2423/2423/2423 
f 2337/2337/2337 2335/2335/2335 2423/2423/2423 
f 2423/2423/2423 2335/2335/2335 2424/2424/2424 
f 2335/2335/2335 2333/2333/2333 2424/2424/2424 
f 2424/2424/2424 2333/2333/2333 2425/2425/2425 
f 2333/2333/2333 2331/2331/2331 2425/2425/2425 
f 2425/2425/2425 2331/2331/2331 2426/2426/2426 
f 2331/2331/2331 2329/2329/2329 2426/2426/2426 
f 2426/2426/2426 2329/2329/2329 2427/2427/2427 
f 2329/2329/2329 2327/2327/2327 2427/2427/2427 
f 2427/2427/2427 2327/2327/2327 2428/2428/2428 
f 2327/2327/2327 2325/2325/2325 2428/2428/2428 
f 2428/2428/2428 2325/2325/2325 2429/2429/2429 
f 2325/2325/2325 2323/2323/2323 2429/2429/2429 
f 2429/2429/2429 2323/2323/2323 2430/2430/2430 
f 2323/2323/2323 2321/2321/2321 2430/2430/2430 
f 2430/2430/2430 2321/2321/2321 2431/2431/2431 
f 2321/2321/2321 2319/2319/2319 2431/2431/2431 
f 2431/2431/2431 2319/2319/2319 2432/2432/2432 
f 2319/2319/2319 2317/2317/2317 2432/2432/2432 
f 2432/2432/2432 2317/2317/2317 2433/2433/2433 
f 2317/2317/2317 2315/2315/2315 2433/2433/2433 
f 2433/2433/2433 2315/2315/2315 2434/2434/2434 
f 2315/2315/2315 2435/2435/2435 2434/2434/2434 
f 2434/2434/2434 2435/2435/2435 2436/2436/2436 
f 2435/2435/2435 2437/2437/2437 2436/2436/2436 
f 2436/2436/2436 2437/2437/2437 2438/2438/2438 
f 2437/2437/2437 2439/2439/2439 2438/2438/2438 
f 2438/2438/2438 2439/2439/2439 2440/2440/2440 
f 2439/2439/2439 2441/2441/2441 2440/2440/2440 
f 2440/2440/2440 2441/2441/2441 2442/2442/2442 
f 2441/2441/2441 2443/2443/2443 2442/2442/2442 
f 2442/2442/2442 2443/2443/2443 2444/2444/2444 
f 2443/2443/2443 2445/2445/2445 2444/2444/2444 
f 2444/2444/2444 2445/2445/2445 2446/2446/2446 
f 2445/2445/2445 2447/2447/2447 2446/2446/2446 
f 2446/2446/2446 2447/2447/2447 2448/2448/2448 
f 2447/2447/2447 2449/2449/2449 2448/2448/2448 
f 2448/2448/2448 2449/2449/2449 2450/2450/2450 
f 2449/2449/2449 2451/2451/2451 2450/2450/2450 
f 2450/2450/2450 2451/2451/2451 2452/2452/2452 
f 2451/2451/2451 2453/2453/2453 2452/2452/2452 
f 2452/2452/2452 2453/2453/2453 2454/2454/2454 
f 2453/2453/2453 2455/2455/2455 2454/2454/2454 
f 2454/2454/2454 2455/2455/2455 2456/2456/2456 
f 2455/2455/2455 2457/2457/2457 2456/2456/2456 
f 2456/2456/2456 2457/2457/2457 2458/2458/2458 
f 2457/2457/2457 2459/2459/2459 2458/2458/2458 
f 2458/2458/2458 2459/2459/2459 2460/2460/2460 
f 2459/2459/2459 2461/2461/2461 2460/2460/2460 
f 2460/2460/2460 2461/2461/2461 2462/2462/2462 
f 2461/2461/2461 2463/2463/2463 2462/2462/2462 
f 2462/2462/2462 2463/2463/2463 2464/2464/2464 
f 2463/2463/2463 2465/2465/2465 2464/2464/2464 
f 2464/2464/2464 2465/2465/2465 2466/2466/2466 
f 2465/2465/2465 2467/2467/2467 2466/2466/2466 
f 2466/2466/2466 2467/2467/2467 2468/2468/2468 
f 2467/2467/2467 2469/2469/2469 2468/2468/2468 
f 2468/2468/2468 2469/2469/2469 2470/2470/2470 
f 2469/2469/2469 2471/2471/2471 2470/2470/2470 
f 2470/2470/2470 2471/2471/2471 2472/2472/2472 
f 2471/2471/2471 2473/2473/2473 2472/2472/2472 
f 2472/2472/2472 2473/2473/2473 2474/2474/2474 
f 2473/2473/2473 2473/2473/2473 2474/2474/2474 
f 2474/2474/2474 2473/2473/2473 2475/2475/2475 
f 2473/2473/2473 2476/2476/2476 2475/2475/2475 
f 2475/2475/2475 2476/2476/2476 2477/2477/2477 
f 2476/2476/2476 2477/2477/2477 2477/2477/2477 
f 2477/2477/2477 2477/2477/2477 2315/2315/2315 
f 2477/2477/2477 2315/2315/2315 2315/2315/2315 
f 2315/2315/2315 2315/2315/2315 2435/2435/2435 
f 2315/2315/2315 2314/2314/2314 2435/2435/2435 
f 2435/2435/2435 2314/2314/2314 2435/2435/2435 
f 2314/2314/2314 2478/2478/2478 2435/2435/2435 
f 2435/2435/2435 2478/2478/2478 2437/2437/2437 
f 2478/2478/2478 2437/2437/2437 2437/2437/2437 
f 2437/2437/2437 2437/2437/2437 2476/2476/2476 
f 2437/2437/2437 2476/2476/2476 2476/2476/2476 
f 2476/2476/2476 2476/2476/2476 2479/2479/2479 
f 2476/2476/2476 2473/2473/2473 2479/2479/2479 
f 2479/2479/2479 2473/2473/2473 2479/2479/2479 
f 2473/2473/2473 2471/2471/2471 2479/2479/2479 
f 2479/2479/2479 2471/2471/2471 2480/2480/2480 
f 2471/2471/2471 2469/2469/2469 2480/2480/2480 
f 2480/2480/2480 2469/2469/2469 2481/2481/2481 
f 2469/2469/2469 2467/2467/2467 2481/2481/2481 
f 2481/2481/2481 2467/2467/2467 2482/2482/2482 
f 2467/2467/2467 2465/2465/2465 2482/2482/2482 
f 2482/2482/2482 2465/2465/2465 2483/2483/2483 
f 2465/2465/2465 2463/2463/2463 2483/2483/2483 
f 2483/2483/2483 2463/2463/2463 2484/2484/2484 
f 2463/2463/2463 2461/2461/2461 2484/2484/2484 
f 2484/2484/2484 2461/2461/2461 2485/2485/2485 
f 2461/2461/2461 2459/2459/2459 2485/2485/2485 
f 2485/2485/2485 2459/2459/2459 2486/2486/2486 
f 2459/2459/2459 2457/2457/2457 2486/2486/2486 
f 2486/2486/2486 2457/2457/2457 2487/2487/2487 
f 2457/2457/2457 2455/2455/2455 2487/2487/2487 
f 2487/2487/2487 2455/2455/2455 2488/2488/2488 
f 2455/2455/2455 2453/2453/2453 2488/2488/2488 
f 2488/2488/2488 2453/2453/2453 2489/2489/2489 
f 2453/2453/2453 2451/2451/2451 2489/2489/2489 
f 2489/2489/2489 2451/2451/2451 2490/2490/2490 
f 2451/2451/2451 2449/2449/2449 2490/2490/2490 
f 2490/2490/2490 2449/2449/2449 2491/2491/2491 
f 2449/2449/2449 2447/2447/2447 2491/2491/2491 
f 2491/2491/2491 2447/2447/2447 2492/2492/2492 
f 2447/2447/2447 2445/2445/2445 2492/2492/2492 
f 2492/2492/2492 2445/2445/2445 2493/2493/2493 
f 2445/2445/2445 2443/2443/2443 2493/2493/2493 
f 2493/2493/2493 2443/2443/2443 2494/2494/2494 
f 2443/2443/2443 2441/2441/2441 2494/2494/2494 
f 2494/2494/2494 2441/2441/2441 2495/2495/2495 
f 2441/2441/2441 2439/2439/2439 2495/2495/2495 
f 2495/2495/2495 2439/2439/2439 2496/2496/2496 
f 2439/2439/2439 2437/2437/2437 2496/2496/2496 
f 2496/2496/2496 2437/2437/2437 2478/2478/2478 
f 2437/2437/2437 2478/2478/2478 2478/2478/2478 
f 2478/2478/2478 2478/2478/2478 2287/2287/2287 
f 2478/2478/2478 2287/2287/2287 2287/2287/2287 
f 2287/2287/2287 2287/2287/2287 2288/2288/2288 
f 2287/2287/2287 2497/2497/2497 2288/2288/2288 
f 2288/2288/2288 2497/2497/2497 2498/2498/2498 
f 2497/2497/2497 2499/2499/2499 2498/2498/2498 
f 2498/2498/2498 2499/2499/2499 2500/2500/2500 
f 2499/2499/2499 2501/2501/2501 2500/2500/2500 
f 2500/2500/2500 2501/2501/2501 2502/2502/2502 
f 2501/2501/2501 2503/2503/2503 2502/2502/2502 
f 2502/2502/2502 2503/2503/2503 2504/2504/2504 
f 2503/2503/2503 2505/2505/2505 2504/2504/2504 
f 2504/2504/2504 2505/2505/2505 2506/2506/2506 
f 2505/2505/2505 2507/2507/2507 2506/2506/2506 
f 2506/2506/2506 2507/2507/2507 2508/2508/2508 
f 2507/2507/2507 2509/2509/2509 2508/2508/2508 
f 2508/2508/2508 2509/2509/2509 2510/2510/2510 
f 2509/2509/2509 2511/2511/2511 2510/2510/2510 
f 2510/2510/2510 2511/2511/2511 2512/2512/2512 
f 2511/2511/2511 2513/2513/2513 2512/2512/2512 
f 2512/2512/2512 2513/2513/2513 2514/2514/2514 
f 2513/2513/2513 2515/2515/2515 2514/2514/2514 
f 2514/2514/2514 2515/2515/2515 2516/2516/2516 
f 2515/2515/2515 2517/2517/2517 2516/2516/2516 
f 2516/2516/2516 2517/2517/2517 2518/2518/2518 
f 2517/2517/2517 2519/2519/2519 2518/2518/2518 
f 2518/2518/2518 2519/2519/2519 2520/2520/2520 
f 2519/2519/2519 2521/2521/2521 2520/2520/2520 
f 2520/2520/2520 2521/2521/2521 2522/2522/2522 
f 2521/2521/2521 2523/2523/2523 2522/2522/2522 
f 2522/2522/2522 2523/2523/2523 2524/2524/2524 
f 2523/2523/2523 2525/2525/2525 2524/2524/2524 
f 2524/2524/2524 2525/2525/2525 2526/2526/2526 
f 2525/2525/2525 2527/2527/2527 2526/2526/2526 
f 2526/2526/2526 2527/2527/2527 2528/2528/2528 
f 2527/2527/2527 2529/2529/2529 2528/2528/2528 
f 2528/2528/2528 2529/2529/2529 2530/2530/2530 
f 2529/2529/2529 2531/2531/2531 2530/2530/2530 
f 2530/2530/2530 2531/2531/2531 2532/2532/2532 
f 2531/2531/2531 2533/2533/2533 2532/2532/2532 
f 2532/2532/2532 2533/2533/2533 2534/2534/2534 
f 2533/2533/2533 2535/2535/2535 2534/2534/2534 
f 2534/2534/2534 2535/2535/2535 2536/2536/2536 
f 2535/2535/2535 2537/2537/2537 2536/2536/2536 
f 2536/2536/2536 2537/2537/2537 2538/2538/2538 
f 2537/2537/2537 2539/2539/2539 2538/2538/2538 
f 2538/2538/2538 2539/2539/2539 2540/2540/2540 
f 2539/2539/2539 2541/2541/2541 2540/2540/2540 
f 2540/2540/2540 2541/2541/2541 2542/2542/2542 
f 2541/2541/2541 2543/2543/2543 2542/2542/2542 
f 2542/2542/2542 2543/2543/2543 2544/2544/2544 
f 2543/2543/2543 2545/2545/2545 2544/2544/2544 
f 2544/2544/2544 2545/2545/2545 2546/2546/2546 
f 2545/2545/2545 2547/2547/2547 2546/2546/2546 
f 2546/2546/2546 2547/2547/2547 2548/2548/2548 
f 2547/2547/2547 2549/2549/2549 2548/2548/2548 
f 2548/2548/2548 2549/2549/2549 2550/2550/2550 
f 2549/2549/2549 2551/2551/2551 2550/2550/2550 
f 2550/2550/2550 2551/2551/2551 2552/2552/2552 
f 2551/2551/2551 2553/2553/2553 2552/2552/2552 
f 2552/2552/2552 2553/2553/2553 2554/2554/2554 
f 2553/2553/2553 2555/2555/2555 2554/2554/2554 
f 2554/2554/2554 2555/2555/2555 2556/2556/2556 
f 2555/2555/2555 2557/2557/2557 2556/2556/2556 
f 2556/2556/2556 2557/2557/2557 2558/2558/2558 
f 2557/2557/2557 2559/2559/2559 2558/2558/2558 
f 2558/2558/2558 2559/2559/2559 2560/2560/2560 
f 2559/2559/2559 2561/2561/2561 2560/2560/2560 
f 2560/2560/2560 2561/2561/2561 2562/2562/2562 
f 2561/2561/2561 2563/2563/2563 2562/2562/2562 
f 2562/2562/2562 2563/2563/2563 2564/2564/2564 
f 2563/2563/2563 2565/2565/2565 2564/2564/2564 
f 2564/2564/2564 2565/2565/2565 2566/2566/2566 
f 2565/2565/2565 2567/2567/2567 2566/2566/2566 
f 2566/2566/2566 2567/2567/2567 2568/2568/2568 
f 2567/2567/2567 2569/2569/2569 2568/2568/2568 
f 2568/2568/2568 2569/2569/2569 2570/2570/2570 
f 2569/2569/2569 2571/2571/2571 2570/2570/2570 
f 2570/2570/2570 2571/2571/2571 2572/2572/2572 
f 2571/2571/2571 2573/2573/2573 2572/2572/2572 
f 2572/2572/2572 2573/2573/2573 2574/2574/2574 
f 2573/2573/2573 2575/2575/2575 2574/2574/2574 
f 2574/2574/2574 2575/2575/2575 2576/2576/2576 
f 2575/2575/2575 2577/2577/2577 2576/2576/2576 
f 2576/2576/2576 2577/2577/2577 2578/2578/2578 
f 2577/2577/2577 2579/2579/2579 2578/2578/2578 
f 2578/2578/2578 2579/2579/2579 2580/2580/2580 
f 2579/2579/2579 2581/2581/2581 2580/2580/2580 
f 2580/2580/2580 2581/2581/2581 2582/2582/2582 
f 2581/2581/2581 2583/2583/2583 2582/2582/2582 
f 2582/2582/2582 2583/2583/2583 2584/2584/2584 
f 2583/2583/2583 2585/2585/2585 2584/2584/2584 
f 2584/2584/2584 2585/2585/2585 2586/2586/2586 
f 2585/2585/2585 2587/2587/2587 2586/2586/2586 
f 2586/2586/2586 2587/2587/2587 2588/2588/2588 
f 2587/2587/2587 2589/2589/2589 2588/2588/2588 
f 2588/2588/2588 2589/2589/2589 2589/2589/2589 
f 2589/2589/2589 2590/2590/2590 2589/2589/2589 
f 2589/2589/2589 2590/2590/2590 2590/2590/2590 
f 2590/2590/2590 2591/2591/2591 2590/2590/2590 
f 2590/2590/2590 2591/2591/2591 2592/2592/2592 
f 2591/2591/2591 2593/2593/2593 2592/2592/2592 
f 2592/2592/2592 2593/2593/2593 2592/2592/2592 
f 2593/2593/2593 2594/2594/2594 2592/2592/2592 
f 2592/2592/2592 2594/2594/2594 2595/2595/2595 
f 2594/2594/2594 2596/2596/2596 2595/2595/2595 
f 2595/2595/2595 2596/2596/2596 2596/2596/2596 
f 2596/2596/2596 2591/2591/2591 2596/2596/2596 
f 2596/2596/2596 2591/2591/2591 2591/2591/2591 
f 2591/2591/2591 2597/2597/2597 2591/2591/2591 
f 2591/2591/2591 2597/2597/2597 2593/2593/2593 
f 2597/2597/2597 2598/2598/2598 2593/2593/2593 
f 2593/2593/2593 2598/2598/2598 2593/2593/2593 
f 2598/2598/2598 2599/2599/2599 2593/2593/2593 
f 2593/2593/2593 2599/2599/2599 2594/2594/2594 
f 2599/2599/2599 2600/2600/2600 2594/2594/2594 
f 2594/2594/2594 2600/2600/2600 2596/2596/2596 
f 2600/2600/2600 2600/2600/2600 2596/2596/2596 
f 2596/2596/2596 2600/2600/2600 2601/2601/2601 
f 2600/2600/2600 2602/2602/2602 2601/2601/2601 
f 2601/2601/2601 2602/2602/2602 2603/2603/2603 
f 2602/2602/2602 2603/2603/2603 2603/2603/2603 
f 2603/2603/2603 2603/2603/2603 2598/2598/2598 
f 2603/2603/2603 2598/2598/2598 2598/2598/2598 
f 2598/2598/2598 2598/2598/2598 2604/2604/2604 
f 2598/2598/2598 2597/2597/2597 2604/2604/2604 
f 2604/2604/2604 2597/2597/2597 2597/2597/2597 
f 2597/2597/2597 2590/2590/2590 2597/2597/2597 
f 2597/2597/2597 2590/2590/2590 2590/2590/2590 
f 2590/2590/2590 2592/2592/2592 2590/2590/2590 
f 2590/2590/2590 2592/2592/2592 2605/2605/2605 
f 2592/2592/2592 2595/2595/2595 2605/2605/2605 
f 2605/2605/2605 2595/2595/2595 2595/2595/2595 
f 2595/2595/2595 2602/2602/2602 2595/2595/2595 
f 2595/2595/2595 2602/2602/2602 2602/2602/2602 
f 2602/2602/2602 2600/2600/2600 2602/2602/2602 
f 2602/2602/2602 2600/2600/2600 2606/2606/2606 
f 2600/2600/2600 2599/2599/2599 2606/2606/2606 
f 2606/2606/2606 2599/2599/2599 2607/2607/2607 
f 2599/2599/2599 2598/2598/2598 2607/2607/2607 
f 2607/2607/2607 2598/2598/2598 2608/2608/2608 
f 2598/2598/2598 2604/2604/2604 2608/2608/2608 
f 2608/2608/2608 2604/2604/2604 2608/2608/2608 
f 2604/2604/2604 2609/2609/2609 2608/2608/2608 
f 2608/2608/2608 2609/2609/2609 2610/2610/2610 
f 2609/2609/2609 2611/2611/2611 2610/2610/2610 
f 2610/2610/2610 2611/2611/2611 2611/2611/2611 
f 2611/2611/2611 2610/2610/2610 2611/2611/2611 
f 2611/2611/2611 2610/2610/2610 2610/2610/2610 
f 2610/2610/2610 2612/2612/2612 2610/2610/2610 
f 2610/2610/2610 2612/2612/2612 2608/2608/2608 
f 2612/2612/2612 2612/2612/2612 2608/2608/2608 
f 2608/2608/2608 2612/2612/2612 2607/2607/2607 
f 2612/2612/2612 2613/2613/2613 2607/2607/2607 
f 2607/2607/2607 2613/2613/2613 2606/2606/2606 
f 2613/2613/2613 2614/2614/2614 2606/2606/2606 
f 2606/2606/2606 2614/2614/2614 2602/2602/2602 
f 2614/2614/2614 2615/2615/2615 2602/2602/2602 
f 2602/2602/2602 2615/2615/2615 2603/2603/2603 
f 2615/2615/2615 2615/2615/2615 2603/2603/2603 
f 2603/2603/2603 2615/2615/2615 2616/2616/2616 
f 2615/2615/2615 2617/2617/2617 2616/2616/2616 
f 2616/2616/2616 2617/2617/2617 2618/2618/2618 
f 2617/2617/2617 1720/1720/1720 2618/2618/2618 
f 2618/2618/2618 1720/1720/1720 1721/1721/1721 
f 1720/1720/1720 1721/1721/1721 1721/1721/1721 
f 1721/1721/1721 1721/1721/1721 1720/1720/1720 
f 1721/1721/1721 1720/1720/1720 1720/1720/1720 
f 1720/1720/1720 1720/1720/1720 1719/1719/1719 
f 1720/1720/1720 2617/2617/2617 1719/1719/1719 
f 1719/1719/1719 2617/2617/2617 2619/2619/2619 
f 2617/2617/2617 2615/2615/2615 2619/2619/2619 
f 2619/2619/2619 2615/2615/2615 2619/2619/2619 
f 2615/2615/2615 2614/2614/2614 2619/2619/2619 
f 2619/2619/2619 2614/2614/2614 2620/2620/2620 
f 2614/2614/2614 2613/2613/2613 2620/2620/2620 
f 2620/2620/2620 2613/2613/2613 2621/2621/2621 
f 2613/2613/2613 2612/2612/2612 2621/2621/2621 
f 2621/2621/2621 2612/2612/2612 2622/2622/2622 
f 2612/2612/2612 2610/2610/2610 2622/2622/2622 
f 2622/2622/2622 2610/2610/2610 2623/2623/2623 
f 2610/2610/2610 2611/2611/2611 2623/2623/2623 
f 2623/2623/2623 2611/2611/2611 2623/2623/2623 
f 2611/2611/2611 1735/1735/1735 2623/2623/2623 
f 2623/2623/2623 1735/1735/1735 2623/2623/2623 
f 1735/1735/1735 1714/1714/1714 2623/2623/2623 
f 2623/2623/2623 1714/1714/1714 2623/2623/2623 
f 1714/1714/1714 1715/1715/1715 2623/2623/2623 
f 2623/2623/2623 1715/1715/1715 2622/2622/2622 
f 1715/1715/1715 1716/1716/1716 2622/2622/2622 
f 2622/2622/2622 1716/1716/1716 2621/2621/2621 
f 1716/1716/1716 1717/1717/1717 2621/2621/2621 
f 2621/2621/2621 1717/1717/1717 2620/2620/2620 
f 1717/1717/1717 1718/1718/1718 2620/2620/2620 
f 2620/2620/2620 1718/1718/1718 2619/2619/2619 
f 1718/1718/1718 1719/1719/1719 2619/2619/2619 
f 2619/2619/2619 1719/1719/1719 1719/1719/1719 
f 1719/1719/1719 2624/2624/2624 1719/1719/1719 
f 1719/1719/1719 2624/2624/2624 2624/2624/2624 
f 2624/2624/2624 2625/2625/2625 2624/2624/2624 
f 2624/2624/2624 2625/2625/2625 2626/2626/2626 
f 2625/2625/2625 2625/2625/2625 2626/2626/2626 
f 2626/2626/2626 2625/2625/2625 2627/2627/2627 
f 2625/2625/2625 2625/2625/2625 2627/2627/2627 
f 2627/2627/2627 2625/2625/2625 2628/2628/2628 
f 2625/2625/2625 2629/2629/2629 2628/2628/2628 
f 2628/2628/2628 2629/2629/2629 2630/2630/2630 
f 2629/2629/2629 2629/2629/2629 2630/2630/2630 
f 2630/2630/2630 2629/2629/2629 2631/2631/2631 
f 2629/2629/2629 2632/2632/2632 2631/2631/2631 
f 2631/2631/2631 2632/2632/2632 2631/2631/2631 
f 2632/2632/2632 2633/2633/2633 2631/2631/2631 
f 2631/2631/2631 2633/2633/2633 2634/2634/2634 
f 2633/2633/2633 2635/2635/2635 2634/2634/2634 
f 2634/2634/2634 2635/2635/2635 2635/2635/2635 
f 2635/2635/2635 2632/2632/2632 2635/2635/2635 
f 2635/2635/2635 2632/2632/2632 2632/2632/2632 
f 2632/2632/2632 2629/2629/2629 2632/2632/2632 
f 2632/2632/2632 2629/2629/2629 2636/2636/2636 
f 2629/2629/2629 2625/2625/2625 2636/2636/2636 
f 2636/2636/2636 2625/2625/2625 2624/2624/2624 
f 2625/2625/2625 2624/2624/2624 2624/2624/2624 
f 2624/2624/2624 2624/2624/2624 2626/2626/2626 
f 2624/2624/2624 2626/2626/2626 2626/2626/2626 
f 2626/2626/2626 2626/2626/2626 2624/2624/2624 
f 2626/2626/2626 2637/2637/2637 2624/2624/2624 
f 2624/2624/2624 2637/2637/2637 2637/2637/2637 
f 2637/2637/2637 2634/2634/2634 2637/2637/2637 
f 2637/2637/2637 2634/2634/2634 2634/2634/2634 
f 2634/2634/2634 2638/2638/2638 2634/2634/2634 
f 2634/2634/2634 2638/2638/2638 2631/2631/2631 
f 2638/2638/2638 2630/2630/2630 2631/2631/2631 
f 2631/2631/2631 2630/2630/2630 2630/2630/2630 
f 2630/2630/2630 2635/2635/2635 2630/2630/2630 
f 2630/2630/2630 2635/2635/2635 2635/2635/2635 
f 2635/2635/2635 2639/2639/2639 2635/2635/2635 
f 2635/2635/2635 2639/2639/2639 2634/2634/2634 
f 2639/2639/2639 2640/2640/2640 2634/2634/2634 
f 2634/2634/2634 2640/2640/2640 2638/2638/2638 
f 2640/2640/2640 2638/2638/2638 2638/2638/2638 
f 2638/2638/2638 2638/2638/2638 2635/2635/2635 
f 2638/2638/2638 2635/2635/2635 2635/2635/2635 
f 2635/2635/2635 2635/2635/2635 2639/2639/2639 
f 2635/2635/2635 2641/2641/2641 2639/2639/2639 
f 2639/2639/2639 2641/2641/2641 2642/2642/2642 
f 2641/2641/2641 2643/2643/2643 2642/2642/2642 
f 2642/2642/2642 2643/2643/2643 2644/2644/2644 
f 2643/2643/2643 2645/2645/2645 2644/2644/2644 
f 2644/2644/2644 2645/2645/2645 2646/2646/2646 
f 2645/2645/2645 2647/2647/2647 2646/2646/2646 
f 2646/2646/2646 2647/2647/2647 2647/2647/2647 
f 2647/2647/2647 2642/2642/2642 2647/2647/2647 
f 2647/2647/2647 2642/2642/2642 2642/2642/2642 
f 2642/2642/2642 2648/2648/2648 2642/2642/2642 
f 2642/2642/2642 2648/2648/2648 2639/2639/2639 
f 2648/2648/2648 2640/2640/2640 2639/2639/2639 
f 2639/2639/2639 2640/2640/2640 2640/2640/2640 
f 2640/2640/2640 2648/2648/2648 2640/2640/2640 
f 2640/2640/2640 2648/2648/2648 2648/2648/2648 
f 2648/2648/2648 2642/2642/2642 2648/2648/2648 
f 2648/2648/2648 2642/2642/2642 2649/2649/2649 
f 2642/2642/2642 2644/2644/2644 2649/2649/2649 
f 2649/2649/2649 2644/2644/2644 2650/2650/2650 
f 2644/2644/2644 2646/2646/2646 2650/2650/2650 
f 2650/2650/2650 2646/2646/2646 2651/2651/2651 
f 2646/2646/2646 2652/2652/2652 2651/2651/2651 
f 2651/2651/2651 2652/2652/2652 2653/2653/2653 
f 2652/2652/2652 2654/2654/2654 2653/2653/2653 
f 2653/2653/2653 2654/2654/2654 2655/2655/2655 
f 2654/2654/2654 2654/2654/2654 2655/2655/2655 
f 2655/2655/2655 2654/2654/2654 2656/2656/2656 
f 2654/2654/2654 2657/2657/2657 2656/2656/2656 
f 2656/2656/2656 2657/2657/2657 2656/2656/2656 
f 2657/2657/2657 2658/2658/2658 2656/2656/2656 
f 2656/2656/2656 2658/2658/2658 2659/2659/2659 
f 2658/2658/2658 2660/2660/2660 2659/2659/2659 
f 2659/2659/2659 2660/2660/2660 2660/2660/2660 
f 2660/2660/2660 2646/2646/2646 2660/2660/2660 
f 2660/2660/2660 2646/2646/2646 2646/2646/2646 
f 2646/2646/2646 2647/2647/2647 2646/2646/2646 
f 2646/2646/2646 2647/2647/2647 2652/2652/2652 
f 2647/2647/2647 2661/2661/2661 2652/2652/2652 
f 2652/2652/2652 2661/2661/2661 2654/2654/2654 
f 2661/2661/2661 2657/2657/2657 2654/2654/2654 
f 2654/2654/2654 2657/2657/2657 2657/2657/2657 
f 2657/2657/2657 2659/2659/2659 2657/2657/2657 
f 2657/2657/2657 2659/2659/2659 2659/2659/2659 
f 2659/2659/2659 2662/2662/2662 2659/2659/2659 
f 2659/2659/2659 2662/2662/2662 2656/2656/2656 
f 2662/2662/2662 2655/2655/2655 2656/2656/2656 
f 2656/2656/2656 2655/2655/2655 2655/2655/2655 
f 2655/2655/2655 2660/2660/2660 2655/2655/2655 
f 2655/2655/2655 2660/2660/2660 2660/2660/2660 
f 2660/2660/2660 2663/2663/2663 2660/2660/2660 
f 2660/2660/2660 2663/2663/2663 2659/2659/2659 
f 2663/2663/2663 2664/2664/2664 2659/2659/2659 
f 2659/2659/2659 2664/2664/2664 2662/2662/2662 
f 2664/2664/2664 2662/2662/2662 2662/2662/2662 
f 2662/2662/2662 2662/2662/2662 2660/2660/2660 
f 2662/2662/2662 2660/2660/2660 2660/2660/2660 
f 2660/2660/2660 2660/2660/2660 2663/2663/2663 
f 2660/2660/2660 2665/2665/2665 2663/2663/2663 
f 2663/2663/2663 2665/2665/2665 2666/2666/2666 
f 2665/2665/2665 2667/2667/2667 2666/2666/2666 
f 2666/2666/2666 2667/2667/2667 2668/2668/2668 
f 2667/2667/2667 2669/2669/2669 2668/2668/2668 
f 2668/2668/2668 2669/2669/2669 2670/2670/2670 
f 2669/2669/2669 2671/2671/2671 2670/2670/2670 
f 2670/2670/2670 2671/2671/2671 2671/2671/2671 
f 2671/2671/2671 2666/2666/2666 2671/2671/2671 
f 2671/2671/2671 2666/2666/2666 2666/2666/2666 
f 2666/2666/2666 2672/2672/2672 2666/2666/2666 
f 2666/2666/2666 2672/2672/2672 2663/2663/2663 
f 2672/2672/2672 2664/2664/2664 2663/2663/2663 
f 2663/2663/2663 2664/2664/2664 2664/2664/2664 
f 2664/2664/2664 2672/2672/2672 2664/2664/2664 
f 2664/2664/2664 2672/2672/2672 2672/2672/2672 
f 2672/2672/2672 2666/2666/2666 2672/2672/2672 
f 2672/2672/2672 2666/2666/2666 2673/2673/2673 
f 2666/2666/2666 2668/2668/2668 2673/2673/2673 
f 2673/2673/2673 2668/2668/2668 2674/2674/2674 
f 2668/2668/2668 2670/2670/2670 2674/2674/2674 
f 2674/2674/2674 2670/2670/2670 2675/2675/2675 
f 2670/2670/2670 2676/2676/2676 2675/2675/2675 
f 2675/2675/2675 2676/2676/2676 2677/2677/2677 
f 2676/2676/2676 2678/2678/2678 2677/2677/2677 
f 2677/2677/2677 2678/2678/2678 2679/2679/2679 
f 2678/2678/2678 2678/2678/2678 2679/2679/2679 
f 2679/2679/2679 2678/2678/2678 2680/2680/2680 
f 2678/2678/2678 2681/2681/2681 2680/2680/2680 
f 2680/2680/2680 2681/2681/2681 2680/2680/2680 
f 2681/2681/2681 2682/2682/2682 2680/2680/2680 
f 2680/2680/2680 2682/2682/2682 2683/2683/2683 
f 2682/2682/2682 2684/2684/2684 2683/2683/2683 
f 2683/2683/2683 2684/2684/2684 2684/2684/2684 
f 2684/2684/2684 2670/2670/2670 2684/2684/2684 
f 2684/2684/2684 2670/2670/2670 2670/2670/2670 
f 2670/2670/2670 2671/2671/2671 2670/2670/2670 
f 2670/2670/2670 2671/2671/2671 2676/2676/2676 
f 2671/2671/2671 2685/2685/2685 2676/2676/2676 
f 2676/2676/2676 2685/2685/2685 2678/2678/2678 
f 2685/2685/2685 2681/2681/2681 2678/2678/2678 
f 2678/2678/2678 2681/2681/2681 2681/2681/2681 
f 2681/2681/2681 2683/2683/2683 2681/2681/2681 
f 2681/2681/2681 2683/2683/2683 2683/2683/2683 
f 2683/2683/2683 2686/2686/2686 2683/2683/2683 
f 2683/2683/2683 2686/2686/2686 2680/2680/2680 
f 2686/2686/2686 2686/2686/2686 2680/2680/2680 
f 2680/2680/2680 2686/2686/2686 2679/2679/2679 
f 2686/2686/2686 2687/2687/2687 2679/2679/2679 
f 2679/2679/2679 2687/2687/2687 2679/2679/2679 
f 2687/2687/2687 2688/2688/2688 2679/2679/2679 
f 2679/2679/2679 2688/2688/2688 2677/2677/2677 
f 2688/2688/2688 2689/2689/2689 2677/2677/2677 
f 2677/2677/2677 2689/2689/2689 2675/2675/2675 
f 2689/2689/2689 2690/2690/2690 2675/2675/2675 
f 2675/2675/2675 2690/2690/2690 2674/2674/2674 
f 2690/2690/2690 2691/2691/2691 2674/2674/2674 
f 2674/2674/2674 2691/2691/2691 2673/2673/2673 
f 2691/2691/2691 2692/2692/2692 2673/2673/2673 
f 2673/2673/2673 2692/2692/2692 2672/2672/2672 
f 2692/2692/2692 2693/2693/2693 2672/2672/2672 
f 2672/2672/2672 2693/2693/2693 2664/2664/2664 
f 2693/2693/2693 2694/2694/2694 2664/2664/2664 
f 2664/2664/2664 2694/2694/2694 2662/2662/2662 
f 2694/2694/2694 2695/2695/2695 2662/2662/2662 
f 2662/2662/2662 2695/2695/2695 2655/2655/2655 
f 2695/2695/2695 2696/2696/2696 2655/2655/2655 
f 2655/2655/2655 2696/2696/2696 2653/2653/2653 
f 2696/2696/2696 2697/2697/2697 2653/2653/2653 
f 2653/2653/2653 2697/2697/2697 2651/2651/2651 
f 2697/2697/2697 2698/2698/2698 2651/2651/2651 
f 2651/2651/2651 2698/2698/2698 2650/2650/2650 
f 2698/2698/2698 2699/2699/2699 2650/2650/2650 
f 2650/2650/2650 2699/2699/2699 2649/2649/2649 
f 2699/2699/2699 2700/2700/2700 2649/2649/2649 
f 2649/2649/2649 2700/2700/2700 2648/2648/2648 
f 2700/2700/2700 2701/2701/2701 2648/2648/2648 
f 2648/2648/2648 2701/2701/2701 2640/2640/2640 
f 2701/2701/2701 2702/2702/2702 2640/2640/2640 
f 2640/2640/2640 2702/2702/2702 2638/2638/2638 
f 2702/2702/2702 2703/2703/2703 2638/2638/2638 
f 2638/2638/2638 2703/2703/2703 2630/2630/2630 
f 2703/2703/2703 2704/2704/2704 2630/2630/2630 
f 2630/2630/2630 2704/2704/2704 2628/2628/2628 
f 2704/2704/2704 2705/2705/2705 2628/2628/2628 
f 2628/2628/2628 2705/2705/2705 2627/2627/2627 
f 2705/2705/2705 2706/2706/2706 2627/2627/2627 
f 2627/2627/2627 2706/2706/2706 2627/2627/2627 
f 2706/2706/2706 2707/2707/2707 2627/2627/2627 
f 2627/2627/2627 2707/2707/2707 2626/2626/2626 
f 2707/2707/2707 2708/2708/2708 2626/2626/2626 
f 2626/2626/2626 2708/2708/2708 2637/2637/2637 
f 2708/2708/2708 2708/2708/2708 2637/2637/2637 
f 2637/2637/2637 2708/2708/2708 2709/2709/2709 
f 2708/2708/2708 2710/2710/2710 2709/2709/2709 
f 2709/2709/2709 2710/2710/2710 2711/2711/2711 
f 2710/2710/2710 2711/2711/2711 2711/2711/2711 
f 2711/2711/2711 2711/2711/2711 2710/2710/2710 
f 2711/2711/2711 2710/2710/2710 2710/2710/2710 
f 2710/2710/2710 2710/2710/2710 2712/2712/2712 
f 2710/2710/2710 2708/2708/2708 2712/2712/2712 
f 2712/2712/2712 2708/2708/2708 2712/2712/2712 
f 2708/2708/2708 2707/2707/2707 2712/2712/2712 
f 2712/2712/2712 2707/2707/2707 2713/2713/2713 
f 2707/2707/2707 2706/2706/2706 2713/2713/2713 
f 2713/2713/2713 2706/2706/2706 2714/2714/2714 
f 2706/2706/2706 2706/2706/2706 2714/2714/2714 
f 2714/2714/2714 2706/2706/2706 2715/2715/2715 
f 2706/2706/2706 2705/2705/2705 2715/2715/2715 
f 2715/2715/2715 2705/2705/2705 2716/2716/2716 
f 2705/2705/2705 2704/2704/2704 2716/2716/2716 
f 2716/2716/2716 2704/2704/2704 2717/2717/2717 
f 2704/2704/2704 2703/2703/2703 2717/2717/2717 
f 2717/2717/2717 2703/2703/2703 2718/2718/2718 
f 2703/2703/2703 2702/2702/2702 2718/2718/2718 
f 2718/2718/2718 2702/2702/2702 2719/2719/2719 
f 2702/2702/2702 2701/2701/2701 2719/2719/2719 
f 2719/2719/2719 2701/2701/2701 2720/2720/2720 
f 2701/2701/2701 2700/2700/2700 2720/2720/2720 
f 2720/2720/2720 2700/2700/2700 2721/2721/2721 
f 2700/2700/2700 2699/2699/2699 2721/2721/2721 
f 2721/2721/2721 2699/2699/2699 2722/2722/2722 
f 2699/2699/2699 2698/2698/2698 2722/2722/2722 
f 2722/2722/2722 2698/2698/2698 2723/2723/2723 
f 2698/2698/2698 2697/2697/2697 2723/2723/2723 
f 2723/2723/2723 2697/2697/2697 2724/2724/2724 
f 2697/2697/2697 2696/2696/2696 2724/2724/2724 
f 2724/2724/2724 2696/2696/2696 2725/2725/2725 
f 2696/2696/2696 2695/2695/2695 2725/2725/2725 
f 2725/2725/2725 2695/2695/2695 2726/2726/2726 
f 2695/2695/2695 2694/2694/2694 2726/2726/2726 
f 2726/2726/2726 2694/2694/2694 2727/2727/2727 
f 2694/2694/2694 2693/2693/2693 2727/2727/2727 
f 2727/2727/2727 2693/2693/2693 2728/2728/2728 
f 2693/2693/2693 2692/2692/2692 2728/2728/2728 
f 2728/2728/2728 2692/2692/2692 2729/2729/2729 
f 2692/2692/2692 2691/2691/2691 2729/2729/2729 
f 2729/2729/2729 2691/2691/2691 2730/2730/2730 
f 2691/2691/2691 2690/2690/2690 2730/2730/2730 
f 2730/2730/2730 2690/2690/2690 2731/2731/2731 
f 2690/2690/2690 2689/2689/2689 2731/2731/2731 
f 2731/2731/2731 2689/2689/2689 2732/2732/2732 
f 2689/2689/2689 2688/2688/2688 2732/2732/2732 
f 2732/2732/2732 2688/2688/2688 2733/2733/2733 
f 2688/2688/2688 2688/2688/2688 2733/2733/2733 
f 2733/2733/2733 2688/2688/2688 2734/2734/2734 
f 2688/2688/2688 2687/2687/2687 2734/2734/2734 
f 2734/2734/2734 2687/2687/2687 2735/2735/2735 
f 2687/2687/2687 2686/2686/2686 2735/2735/2735 
f 2735/2735/2735 2686/2686/2686 2736/2736/2736 
f 2686/2686/2686 2683/2683/2683 2736/2736/2736 
f 2736/2736/2736 2683/2683/2683 2737/2737/2737 
f 2683/2683/2683 2684/2684/2684 2737/2737/2737 
f 2737/2737/2737 2684/2684/2684 2737/2737/2737 
f 2684/2684/2684 2738/2738/2738 2737/2737/2737 
f 2737/2737/2737 2738/2738/2738 2739/2739/2739 
f 2738/2738/2738 2740/2740/2740 2739/2739/2739 
f 2739/2739/2739 2740/2740/2740 2740/2740/2740 
f 2740/2740/2740 2739/2739/2739 2740/2740/2740 
f 2740/2740/2740 2739/2739/2739 2739/2739/2739 
f 2739/2739/2739 2741/2741/2741 2739/2739/2739 
f 2739/2739/2739 2741/2741/2741 2737/2737/2737 
f 2741/2741/2741 2741/2741/2741 2737/2737/2737 
f 2737/2737/2737 2741/2741/2741 2736/2736/2736 
f 2741/2741/2741 2742/2742/2742 2736/2736/2736 
f 2736/2736/2736 2742/2742/2742 2735/2735/2735 
f 2742/2742/2742 2743/2743/2743 2735/2735/2735 
f 2735/2735/2735 2743/2743/2743 2734/2734/2734 
f 2743/2743/2743 2744/2744/2744 2734/2734/2734 
f 2734/2734/2734 2744/2744/2744 2734/2734/2734 
f 2744/2744/2744 2745/2745/2745 2734/2734/2734 
f 2734/2734/2734 2745/2745/2745 2733/2733/2733 
f 2745/2745/2745 2746/2746/2746 2733/2733/2733 
f 2733/2733/2733 2746/2746/2746 2732/2732/2732 
f 2746/2746/2746 2747/2747/2747 2732/2732/2732 
f 2732/2732/2732 2747/2747/2747 2731/2731/2731 
f 2747/2747/2747 2748/2748/2748 2731/2731/2731 
f 2731/2731/2731 2748/2748/2748 2730/2730/2730 
f 2748/2748/2748 2749/2749/2749 2730/2730/2730 
f 2730/2730/2730 2749/2749/2749 2729/2729/2729 
f 2749/2749/2749 2750/2750/2750 2729/2729/2729 
f 2729/2729/2729 2750/2750/2750 2728/2728/2728 
f 2750/2750/2750 2751/2751/2751 2728/2728/2728 
f 2728/2728/2728 2751/2751/2751 2727/2727/2727 
f 2751/2751/2751 2752/2752/2752 2727/2727/2727 
f 2727/2727/2727 2752/2752/2752 2726/2726/2726 
f 2752/2752/2752 2753/2753/2753 2726/2726/2726 
f 2726/2726/2726 2753/2753/2753 2725/2725/2725 
f 2753/2753/2753 2754/2754/2754 2725/2725/2725 
f 2725/2725/2725 2754/2754/2754 2724/2724/2724 
f 2754/2754/2754 2755/2755/2755 2724/2724/2724 
f 2724/2724/2724 2755/2755/2755 2723/2723/2723 
f 2755/2755/2755 2756/2756/2756 2723/2723/2723 
f 2723/2723/2723 2756/2756/2756 2722/2722/2722 
f 2756/2756/2756 2757/2757/2757 2722/2722/2722 
f 2722/2722/2722 2757/2757/2757 2721/2721/2721 
f 2757/2757/2757 2758/2758/2758 2721/2721/2721 
f 2721/2721/2721 2758/2758/2758 2720/2720/2720 
f 2758/2758/2758 2759/2759/2759 2720/2720/2720 
f 2720/2720/2720 2759/2759/2759 2719/2719/2719 
f 2759/2759/2759 2760/2760/2760 2719/2719/2719 
f 2719/2719/2719 2760/2760/2760 2718/2718/2718 
f 2760/2760/2760 2761/2761/2761 2718/2718/2718 
f 2718/2718/2718 2761/2761/2761 2717/2717/2717 
f 2761/2761/2761 2762/2762/2762 2717/2717/2717 
f 2717/2717/2717 2762/2762/2762 2716/2716/2716 
f 2762/2762/2762 2763/2763/2763 2716/2716/2716 
f 2716/2716/2716 2763/2763/2763 2715/2715/2715 
f 2763/2763/2763 2764/2764/2764 2715/2715/2715 
f 2715/2715/2715 2764/2764/2764 2714/2714/2714 
f 2764/2764/2764 2765/2765/2765 2714/2714/2714 
f 2714/2714/2714 2765/2765/2765 2714/2714/2714 
f 2765/2765/2765 2766/2766/2766 2714/2714/2714 
f 2714/2714/2714 2766/2766/2766 2713/2713/2713 
f 2766/2766/2766 2767/2767/2767 2713/2713/2713 
f 2713/2713/2713 2767/2767/2767 2712/2712/2712 
f 2767/2767/2767 2768/2768/2768 2712/2712/2712 
f 2712/2712/2712 2768/2768/2768 2710/2710/2710 
f 2768/2768/2768 2769/2769/2769 2710/2710/2710 
f 2710/2710/2710 2769/2769/2769 2711/2711/2711 
f 2769/2769/2769 2769/2769/2769 2711/2711/2711 
f 2711/2711/2711 2769/2769/2769 2770/2770/2770 
f 2769/2769/2769 2771/2771/2771 2770/2770/2770 
f 2770/2770/2770 2771/2771/2771 2772/2772/2772 
f 2771/2771/2771 2772/2772/2772 2772/2772/2772 
f 2772/2772/2772 2772/2772/2772 2771/2771/2771 
f 2772/2772/2772 2771/2771/2771 2771/2771/2771 
f 2771/2771/2771 2771/2771/2771 2773/2773/2773 
f 2771/2771/2771 2769/2769/2769 2773/2773/2773 
f 2773/2773/2773 2769/2769/2769 2773/2773/2773 
f 2769/2769/2769 2768/2768/2768 2773/2773/2773 
f 2773/2773/2773 2768/2768/2768 2774/2774/2774 
f 2768/2768/2768 2767/2767/2767 2774/2774/2774 
f 2774/2774/2774 2767/2767/2767 2775/2775/2775 
f 2767/2767/2767 2766/2766/2766 2775/2775/2775 
f 2775/2775/2775 2766/2766/2766 2776/2776/2776 
f 2766/2766/2766 2765/2765/2765 2776/2776/2776 
f 2776/2776/2776 2765/2765/2765 2777/2777/2777 
f 2765/2765/2765 2765/2765/2765 2777/2777/2777 
f 2777/2777/2777 2765/2765/2765 2778/2778/2778 
f 2765/2765/2765 2764/2764/2764 2778/2778/2778 
f 2778/2778/2778 2764/2764/2764 2779/2779/2779 
f 2764/2764/2764 2763/2763/2763 2779/2779/2779 
f 2779/2779/2779 2763/2763/2763 2780/2780/2780 
f 2763/2763/2763 2762/2762/2762 2780/2780/2780 
f 2780/2780/2780 2762/2762/2762 2781/2781/2781 
f 2762/2762/2762 2761/2761/2761 2781/2781/2781 
f 2781/2781/2781 2761/2761/2761 2782/2782/2782 
f 2761/2761/2761 2760/2760/2760 2782/2782/2782 
f 2782/2782/2782 2760/2760/2760 2783/2783/2783 
f 2760/2760/2760 2759/2759/2759 2783/2783/2783 
f 2783/2783/2783 2759/2759/2759 2784/2784/2784 
f 2759/2759/2759 2758/2758/2758 2784/2784/2784 
f 2784/2784/2784 2758/2758/2758 2785/2785/2785 
f 2758/2758/2758 2757/2757/2757 2785/2785/2785 
f 2785/2785/2785 2757/2757/2757 2786/2786/2786 
f 2757/2757/2757 2756/2756/2756 2786/2786/2786 
f 2786/2786/2786 2756/2756/2756 2787/2787/2787 
f 2756/2756/2756 2755/2755/2755 2787/2787/2787 
f 2787/2787/2787 2755/2755/2755 2788/2788/2788 
f 2755/2755/2755 2754/2754/2754 2788/2788/2788 
f 2788/2788/2788 2754/2754/2754 2789/2789/2789 
f 2754/2754/2754 2753/2753/2753 2789/2789/2789 
f 2789/2789/2789 2753/2753/2753 2790/2790/2790 
f 2753/2753/2753 2752/2752/2752 2790/2790/2790 
f 2790/2790/2790 2752/2752/2752 2791/2791/2791 
f 2752/2752/2752 2751/2751/2751 2791/2791/2791 
f 2791/2791/2791 2751/2751/2751 2792/2792/2792 
f 2751/2751/2751 2750/2750/2750 2792/2792/2792 
f 2792/2792/2792 2750/2750/2750 2793/2793/2793 
f 2750/2750/2750 2749/2749/2749 2793/2793/2793 
f 2793/2793/2793 2749/2749/2749 2794/2794/2794 
f 2749/2749/2749 2748/2748/2748 2794/2794/2794 
f 2794/2794/2794 2748/2748/2748 2795/2795/2795 
f 2748/2748/2748 2747/2747/2747 2795/2795/2795 
f 2795/2795/2795 2747/2747/2747 2796/2796/2796 
f 2747/2747/2747 2746/2746/2746 2796/2796/2796 
f 2796/2796/2796 2746/2746/2746 2797/2797/2797 
f 2746/2746/2746 2745/2745/2745 2797/2797/2797 
f 2797/2797/2797 2745/2745/2745 2798/2798/2798 
f 2745/2745/2745 2744/2744/2744 2798/2798/2798 
f 2798/2798/2798 2744/2744/2744 2799/2799/2799 
f 2744/2744/2744 2800/2800/2800 2799/2799/2799 
f 2799/2799/2799 2800/2800/2800 2801/2801/2801 
f 2800/2800/2800 2801/2801/2801 2801/2801/2801 
f 2801/2801/2801 2801/2801/2801 2744/2744/2744 
f 2801/2801/2801 2744/2744/2744 2744/2744/2744 
f 2744/2744/2744 2744/2744/2744 2800/2800/2800 
f 2744/2744/2744 2743/2743/2743 2800/2800/2800 
f 2800/2800/2800 2743/2743/2743 2802/2802/2802 
f 2743/2743/2743 2742/2742/2742 2802/2802/2802 
f 2802/2802/2802 2742/2742/2742 2803/2803/2803 
f 2742/2742/2742 2741/2741/2741 2803/2803/2803 
f 2803/2803/2803 2741/2741/2741 2804/2804/2804 
f 2741/2741/2741 2739/2739/2739 2804/2804/2804 
f 2804/2804/2804 2739/2739/2739 2805/2805/2805 
f 2739/2739/2739 2740/2740/2740 2805/2805/2805 
f 2805/2805/2805 2740/2740/2740 2805/2805/2805 
f 2740/2740/2740 2806/2806/2806 2805/2805/2805 
f 2805/2805/2805 2806/2806/2806 2807/2807/2807 
f 2806/2806/2806 2808/2808/2808 2807/2807/2807 
f 2807/2807/2807 2808/2808/2808 2808/2808/2808 
f 2808/2808/2808 2807/2807/2807 2808/2808/2808 
f 2808/2808/2808 2807/2807/2807 2807/2807/2807 
f 2807/2807/2807 2809/2809/2809 2807/2807/2807 
f 2807/2807/2807 2809/2809/2809 2805/2805/2805 
f 2809/2809/2809 2809/2809/2809 2805/2805/2805 
f 2805/2805/2805 2809/2809/2809 2804/2804/2804 
f 2809/2809/2809 2810/2810/2810 2804/2804/2804 
f 2804/2804/2804 2810/2810/2810 2803/2803/2803 
f 2810/2810/2810 2811/2811/2811 2803/2803/2803 
f 2803/2803/2803 2811/2811/2811 2802/2802/2802 
f 2811/2811/2811 2812/2812/2812 2802/2802/2802 
f 2802/2802/2802 2812/2812/2812 2800/2800/2800 
f 2812/2812/2812 2812/2812/2812 2800/2800/2800 
f 2800/2800/2800 2812/2812/2812 2801/2801/2801 
f 2812/2812/2812 2812/2812/2812 2801/2801/2801 
f 2801/2801/2801 2812/2812/2812 2813/2813/2813 
f 2812/2812/2812 2814/2814/2814 2813/2813/2813 
f 2813/2813/2813 2814/2814/2814 2815/2815/2815 
f 2814/2814/2814 2815/2815/2815 2815/2815/2815 
f 2815/2815/2815 2815/2815/2815 2812/2812/2812 
f 2815/2815/2815 2812/2812/2812 2812/2812/2812 
f 2812/2812/2812 2812/2812/2812 2814/2814/2814 
f 2812/2812/2812 2811/2811/2811 2814/2814/2814 
f 2814/2814/2814 2811/2811/2811 2816/2816/2816 
f 2811/2811/2811 2810/2810/2810 2816/2816/2816 
f 2816/2816/2816 2810/2810/2810 2817/2817/2817 
f 2810/2810/2810 2809/2809/2809 2817/2817/2817 
f 2817/2817/2817 2809/2809/2809 2818/2818/2818 
f 2809/2809/2809 2807/2807/2807 2818/2818/2818 
f 2818/2818/2818 2807/2807/2807 2819/2819/2819 
f 2807/2807/2807 2808/2808/2808 2819/2819/2819 
f 2819/2819/2819 2808/2808/2808 2819/2819/2819 
f 2808/2808/2808 2820/2820/2820 2819/2819/2819 
f 2819/2819/2819 2820/2820/2820 2821/2821/2821 
f 2820/2820/2820 2822/2822/2822 2821/2821/2821 
f 2821/2821/2821 2822/2822/2822 2822/2822/2822 
f 2822/2822/2822 2821/2821/2821 2822/2822/2822 
f 2822/2822/2822 2821/2821/2821 2821/2821/2821 
f 2821/2821/2821 2823/2823/2823 2821/2821/2821 
f 2821/2821/2821 2823/2823/2823 2819/2819/2819 
f 2823/2823/2823 2823/2823/2823 2819/2819/2819 
f 2819/2819/2819 2823/2823/2823 2818/2818/2818 
f 2823/2823/2823 2824/2824/2824 2818/2818/2818 
f 2818/2818/2818 2824/2824/2824 2817/2817/2817 
f 2824/2824/2824 2825/2825/2825 2817/2817/2817 
f 2817/2817/2817 2825/2825/2825 2816/2816/2816 
f 2825/2825/2825 2826/2826/2826 2816/2816/2816 
f 2816/2816/2816 2826/2826/2826 2814/2814/2814 
f 2826/2826/2826 2826/2826/2826 2814/2814/2814 
f 2814/2814/2814 2826/2826/2826 2815/2815/2815 
f 2826/2826/2826 2826/2826/2826 2815/2815/2815 
f 2815/2815/2815 2826/2826/2826 2827/2827/2827 
f 2826/2826/2826 2828/2828/2828 2827/2827/2827 
f 2827/2827/2827 2828/2828/2828 2829/2829/2829 
f 2828/2828/2828 2829/2829/2829 2829/2829/2829 
f 2829/2829/2829 2829/2829/2829 2826/2826/2826 
f 2829/2829/2829 2826/2826/2826 2826/2826/2826 
f 2826/2826/2826 2826/2826/2826 2828/2828/2828 
f 2826/2826/2826 2825/2825/2825 2828/2828/2828 
f 2828/2828/2828 2825/2825/2825 2830/2830/2830 
f 2825/2825/2825 2824/2824/2824 2830/2830/2830 
f 2830/2830/2830 2824/2824/2824 2831/2831/2831 
f 2824/2824/2824 2823/2823/2823 2831/2831/2831 
f 2831/2831/2831 2823/2823/2823 2832/2832/2832 
f 2823/2823/2823 2821/2821/2821 2832/2832/2832 
f 2832/2832/2832 2821/2821/2821 2833/2833/2833 
f 2821/2821/2821 2822/2822/2822 2833/2833/2833 
f 2833/2833/2833 2822/2822/2822 2833/2833/2833 
f 2822/2822/2822 2834/2834/2834 2833/2833/2833 
f 2833/2833/2833 2834/2834/2834 2835/2835/2835 
f 2834/2834/2834 2836/2836/2836 2835/2835/2835 
f 2835/2835/2835 2836/2836/2836 2836/2836/2836 
f 2836/2836/2836 2835/2835/2835 2836/2836/2836 
f 2836/2836/2836 2835/2835/2835 2835/2835/2835 
f 2835/2835/2835 2837/2837/2837 2835/2835/2835 
f 2835/2835/2835 2837/2837/2837 2833/2833/2833 
f 2837/2837/2837 2837/2837/2837 2833/2833/2833 
f 2833/2833/2833 2837/2837/2837 2832/2832/2832 
f 2837/2837/2837 2838/2838/2838 2832/2832/2832 
f 2832/2832/2832 2838/2838/2838 2831/2831/2831 
f 2838/2838/2838 2839/2839/2839 2831/2831/2831 
f 2831/2831/2831 2839/2839/2839 2830/2830/2830 
f 2839/2839/2839 2840/2840/2840 2830/2830/2830 
f 2830/2830/2830 2840/2840/2840 2828/2828/2828 
f 2840/2840/2840 2840/2840/2840 2828/2828/2828 
f 2828/2828/2828 2840/2840/2840 2829/2829/2829 
f 2840/2840/2840 2840/2840/2840 2829/2829/2829 
f 2829/2829/2829 2840/2840/2840 2841/2841/2841 
f 2840/2840/2840 2842/2842/2842 2841/2841/2841 
f 2841/2841/2841 2842/2842/2842 2843/2843/2843 
f 2842/2842/2842 2843/2843/2843 2843/2843/2843 
f 2843/2843/2843 2843/2843/2843 2840/2840/2840 
f 2843/2843/2843 2840/2840/2840 2840/2840/2840 
f 2840/2840/2840 2840/2840/2840 2842/2842/2842 
f 2840/2840/2840 2839/2839/2839 2842/2842/2842 
f 2842/2842/2842 2839/2839/2839 2844/2844/2844 
f 2839/2839/2839 2838/2838/2838 2844/2844/2844 
f 2844/2844/2844 2838/2838/2838 2845/2845/2845 
f 2838/2838/2838 2837/2837/2837 2845/2845/2845 
f 2845/2845/2845 2837/2837/2837 2846/2846/2846 
f 2837/2837/2837 2835/2835/2835 2846/2846/2846 
f 2846/2846/2846 2835/2835/2835 2847/2847/2847 
f 2835/2835/2835 2836/2836/2836 2847/2847/2847 
f 2847/2847/2847 2836/2836/2836 2847/2847/2847 
f 2836/2836/2836 2848/2848/2848 2847/2847/2847 
f 2847/2847/2847 2848/2848/2848 2849/2849/2849 
f 2848/2848/2848 2850/2850/2850 2849/2849/2849 
f 2849/2849/2849 2850/2850/2850 2850/2850/2850 
f 2850/2850/2850 2849/2849/2849 2850/2850/2850 
f 2850/2850/2850 2849/2849/2849 2849/2849/2849 
f 2849/2849/2849 2851/2851/2851 2849/2849/2849 
f 2849/2849/2849 2851/2851/2851 2847/2847/2847 
f 2851/2851/2851 2851/2851/2851 2847/2847/2847 
f 2847/2847/2847 2851/2851/2851 2846/2846/2846 
f 2851/2851/2851 2852/2852/2852 2846/2846/2846 
f 2846/2846/2846 2852/2852/2852 2845/2845/2845 
f 2852/2852/2852 2853/2853/2853 2845/2845/2845 
f 2845/2845/2845 2853/2853/2853 2844/2844/2844 
f 2853/2853/2853 2854/2854/2854 2844/2844/2844 
f 2844/2844/2844 2854/2854/2854 2842/2842/2842 
f 2854/2854/2854 2854/2854/2854 2842/2842/2842 
f 2842/2842/2842 2854/2854/2854 2843/2843/2843 
f 2854/2854/2854 2854/2854/2854 2843/2843/2843 
f 2843/2843/2843 2854/2854/2854 2855/2855/2855 
f 2854/2854/2854 2856/2856/2856 2855/2855/2855 
f 2855/2855/2855 2856/2856/2856 2857/2857/2857 
f 2856/2856/2856 2857/2857/2857 2857/2857/2857 
f 2857/2857/2857 2857/2857/2857 2854/2854/2854 
f 2857/2857/2857 2854/2854/2854 2854/2854/2854 
f 2854/2854/2854 2854/2854/2854 2856/2856/2856 
f 2854/2854/2854 2853/2853/2853 2856/2856/2856 
f 2856/2856/2856 2853/2853/2853 2858/2858/2858 
f 2853/2853/2853 2852/2852/2852 2858/2858/2858 
f 2858/2858/2858 2852/2852/2852 2859/2859/2859 
f 2852/2852/2852 2851/2851/2851 2859/2859/2859 
f 2859/2859/2859 2851/2851/2851 2860/2860/2860 
f 2851/2851/2851 2849/2849/2849 2860/2860/2860 
f 2860/2860/2860 2849/2849/2849 2861/2861/2861 
f 2849/2849/2849 2850/2850/2850 2861/2861/2861 
f 2861/2861/2861 2850/2850/2850 2861/2861/2861 
f 2850/2850/2850 2862/2862/2862 2861/2861/2861 
f 2861/2861/2861 2862/2862/2862 2863/2863/2863 
f 2862/2862/2862 2864/2864/2864 2863/2863/2863 
f 2863/2863/2863 2864/2864/2864 2864/2864/2864 
f 2864/2864/2864 2863/2863/2863 2864/2864/2864 
f 2864/2864/2864 2863/2863/2863 2863/2863/2863 
f 2863/2863/2863 2865/2865/2865 2863/2863/2863 
f 2863/2863/2863 2865/2865/2865 2861/2861/2861 
f 2865/2865/2865 2865/2865/2865 2861/2861/2861 
f 2861/2861/2861 2865/2865/2865 2860/2860/2860 
f 2865/2865/2865 2866/2866/2866 2860/2860/2860 
f 2860/2860/2860 2866/2866/2866 2859/2859/2859 
f 2866/2866/2866 2867/2867/2867 2859/2859/2859 
f 2859/2859/2859 2867/2867/2867 2858/2858/2858 
f 2867/2867/2867 2868/2868/2868 2858/2858/2858 
f 2858/2858/2858 2868/2868/2868 2856/2856/2856 
f 2868/2868/2868 2868/2868/2868 2856/2856/2856 
f 2856/2856/2856 2868/2868/2868 2857/2857/2857 
f 2868/2868/2868 2868/2868/2868 2857/2857/2857 
f 2857/2857/2857 2868/2868/2868 2869/2869/2869 
f 2868/2868/2868 2870/2870/2870 2869/2869/2869 
f 2869/2869/2869 2870/2870/2870 2871/2871/2871 
f 2870/2870/2870 2871/2871/2871 2871/2871/2871 
f 2871/2871/2871 2871/2871/2871 2868/2868/2868 
f 2871/2871/2871 2868/2868/2868 2868/2868/2868 
f 2868/2868/2868 2868/2868/2868 2870/2870/2870 
f 2868/2868/2868 2867/2867/2867 2870/2870/2870 
f 2870/2870/2870 2867/2867/2867 2872/2872/2872 
f 2867/2867/2867 2866/2866/2866 2872/2872/2872 
f 2872/2872/2872 2866/2866/2866 2873/2873/2873 
f 2866/2866/2866 2865/2865/2865 2873/2873/2873 
f 2873/2873/2873 2865/2865/2865 2874/2874/2874 
f 2865/2865/2865 2863/2863/2863 2874/2874/2874 
f 2874/2874/2874 2863/2863/2863 2875/2875/2875 
f 2863/2863/2863 2864/2864/2864 2875/2875/2875 
f 2875/2875/2875 2864/2864/2864 2875/2875/2875 
f 2864/2864/2864 2876/2876/2876 2875/2875/2875 
f 2875/2875/2875 2876/2876/2876 2877/2877/2877 
f 2876/2876/2876 2878/2878/2878 2877/2877/2877 
f 2877/2877/2877 2878/2878/2878 2878/2878/2878 
f 2878/2878/2878 2877/2877/2877 2878/2878/2878 
f 2878/2878/2878 2877/2877/2877 2877/2877/2877 
f 2877/2877/2877 2879/2879/2879 2877/2877/2877 
f 2877/2877/2877 2879/2879/2879 2875/2875/2875 
f 2879/2879/2879 2879/2879/2879 2875/2875/2875 
f 2875/2875/2875 2879/2879/2879 2874/2874/2874 
f 2879/2879/2879 2880/2880/2880 2874/2874/2874 
f 2874/2874/2874 2880/2880/2880 2873/2873/2873 
f 2880/2880/2880 2881/2881/2881 2873/2873/2873 
f 2873/2873/2873 2881/2881/2881 2872/2872/2872 
f 2881/2881/2881 2882/2882/2882 2872/2872/2872 
f 2872/2872/2872 2882/2882/2882 2870/2870/2870 
f 2882/2882/2882 2882/2882/2882 2870/2870/2870 
f 2870/2870/2870 2882/2882/2882 2871/2871/2871 
f 2882/2882/2882 2882/2882/2882 2871/2871/2871 
f 2871/2871/2871 2882/2882/2882 2883/2883/2883 
f 2882/2882/2882 2884/2884/2884 2883/2883/2883 
f 2883/2883/2883 2884/2884/2884 2885/2885/2885 
f 2884/2884/2884 2885/2885/2885 2885/2885/2885 
f 2885/2885/2885 2885/2885/2885 2882/2882/2882 
f 2885/2885/2885 2882/2882/2882 2882/2882/2882 
f 2882/2882/2882 2882/2882/2882 2884/2884/2884 
f 2882/2882/2882 2881/2881/2881 2884/2884/2884 
f 2884/2884/2884 2881/2881/2881 2886/2886/2886 
f 2881/2881/2881 2880/2880/2880 2886/2886/2886 
f 2886/2886/2886 2880/2880/2880 2887/2887/2887 
f 2880/2880/2880 2879/2879/2879 2887/2887/2887 
f 2887/2887/2887 2879/2879/2879 2888/2888/2888 
f 2879/2879/2879 2877/2877/2877 2888/2888/2888 
f 2888/2888/2888 2877/2877/2877 2889/2889/2889 
f 2877/2877/2877 2878/2878/2878 2889/2889/2889 
f 2889/2889/2889 2878/2878/2878 2889/2889/2889 
f 2878/2878/2878 2890/2890/2890 2889/2889/2889 
f 2889/2889/2889 2890/2890/2890 2891/2891/2891 
f 2890/2890/2890 2892/2892/2892 2891/2891/2891 
f 2891/2891/2891 2892/2892/2892 2892/2892/2892 
f 2892/2892/2892 2891/2891/2891 2892/2892/2892 
f 2892/2892/2892 2891/2891/2891 2891/2891/2891 
f 2891/2891/2891 2893/2893/2893 2891/2891/2891 
f 2891/2891/2891 2893/2893/2893 2889/2889/2889 
f 2893/2893/2893 2893/2893/2893 2889/2889/2889 
f 2889/2889/2889 2893/2893/2893 2888/2888/2888 
f 2893/2893/2893 2894/2894/2894 2888/2888/2888 
f 2888/2888/2888 2894/2894/2894 2887/2887/2887 
f 2894/2894/2894 2895/2895/2895 2887/2887/2887 
f 2887/2887/2887 2895/2895/2895 2886/2886/2886 
f 2895/2895/2895 2896/2896/2896 2886/2886/2886 
f 2886/2886/2886 2896/2896/2896 2884/2884/2884 
f 2896/2896/2896 2896/2896/2896 2884/2884/2884 
f 2884/2884/2884 2896/2896/2896 2885/2885/2885 
f 2896/2896/2896 2896/2896/2896 2885/2885/2885 
f 2885/2885/2885 2896/2896/2896 2897/2897/2897 
f 2896/2896/2896 2898/2898/2898 2897/2897/2897 
f 2897/2897/2897 2898/2898/2898 2899/2899/2899 
f 2898/2898/2898 2899/2899/2899 2899/2899/2899 
f 2899/2899/2899 2899/2899/2899 2896/2896/2896 
f 2899/2899/2899 2896/2896/2896 2896/2896/2896 
f 2896/2896/2896 2896/2896/2896 2898/2898/2898 
f 2896/2896/2896 2895/2895/2895 2898/2898/2898 
f 2898/2898/2898 2895/2895/2895 2900/2900/2900 
f 2895/2895/2895 2894/2894/2894 2900/2900/2900 
f 2900/2900/2900 2894/2894/2894 2901/2901/2901 
f 2894/2894/2894 2893/2893/2893 2901/2901/2901 
f 2901/2901/2901 2893/2893/2893 2902/2902/2902 
f 2893/2893/2893 2891/2891/2891 2902/2902/2902 
f 2902/2902/2902 2891/2891/2891 2903/2903/2903 
f 2891/2891/2891 2892/2892/2892 2903/2903/2903 
f 2903/2903/2903 2892/2892/2892 2903/2903/2903 
f 2892/2892/2892 2904/2904/2904 2903/2903/2903 
f 2903/2903/2903 2904/2904/2904 2905/2905/2905 
f 2904/2904/2904 2906/2906/2906 2905/2905/2905 
f 2905/2905/2905 2906/2906/2906 2905/2905/2905 
f 2906/2906/2906 2907/2907/2907 2905/2905/2905 
f 2905/2905/2905 2907/2907/2907 2905/2905/2905 
f 2907/2907/2907 2908/2908/2908 2905/2905/2905 
f 2905/2905/2905 2908/2908/2908 2909/2909/2909 
f 2908/2908/2908 2910/2910/2910 2909/2909/2909 
f 2909/2909/2909 2910/2910/2910 2911/2911/2911 
f 2910/2910/2910 2910/2910/2910 2911/2911/2911 
f 2911/2911/2911 2910/2910/2910 2912/2912/2912 
f 2910/2910/2910 2913/2913/2913 2912/2912/2912 
f 2912/2912/2912 2913/2913/2913 2912/2912/2912 
f 2913/2913/2913 2914/2914/2914 2912/2912/2912 
f 2912/2912/2912 2914/2914/2914 2915/2915/2915 
f 2914/2914/2914 2916/2916/2916 2915/2915/2915 
f 2915/2915/2915 2916/2916/2916 2915/2915/2915 
f 2916/2916/2916 2917/2917/2917 2915/2915/2915 
f 2915/2915/2915 2917/2917/2917 2918/2918/2918 
f 2917/2917/2917 2899/2899/2899 2918/2918/2918 
f 2918/2918/2918 2899/2899/2899 2918/2918/2918 
f 2899/2899/2899 2898/2898/2898 2918/2918/2918 
f 2918/2918/2918 2898/2898/2898 2918/2918/2918 
f 2898/2898/2898 2900/2900/2900 2918/2918/2918 
f 2918/2918/2918 2900/2900/2900 2919/2919/2919 
f 2900/2900/2900 2901/2901/2901 2919/2919/2919 
f 2919/2919/2919 2901/2901/2901 2911/2911/2911 
f 2901/2901/2901 2902/2902/2902 2911/2911/2911 
f 2911/2911/2911 2902/2902/2902 2909/2909/2909 
f 2902/2902/2902 2903/2903/2903 2909/2909/2909 
f 2909/2909/2909 2903/2903/2903 2905/2905/2905 
f 2903/2903/2903 2905/2905/2905 2905/2905/2905 
f 2905/2905/2905 2905/2905/2905 2918/2918/2918 
f 2905/2905/2905 2918/2918/2918 2918/2918/2918 
f 2918/2918/2918 2918/2918/2918 2915/2915/2915 
f 2918/2918/2918 2919/2919/2919 2915/2915/2915 
f 2915/2915/2915 2919/2919/2919 2912/2912/2912 
f 2919/2919/2919 2911/2911/2911 2912/2912/2912 
f 2912/2912/2912 2911/2911/2911 2911/2911/2911 
f 2911/2911/2911 2920/2920/2920 2911/2911/2911 
f 2911/2911/2911 2920/2920/2920 2920/2920/2920 
f 2920/2920/2920 2921/2921/2921 2920/2920/2920 
f 2920/2920/2920 2921/2921/2921 2922/2922/2922 
f 2921/2921/2921 2923/2923/2923 2922/2922/2922 
f 2922/2922/2922 2923/2923/2923 2923/2923/2923 
f 2923/2923/2923 2922/2922/2922 2923/2923/2923 
f 2923/2923/2923 2922/2922/2922 2922/2922/2922 
f 2922/2922/2922 2924/2924/2924 2922/2922/2922 
f 2922/2922/2922 2924/2924/2924 2920/2920/2920 
f 2924/2924/2924 2924/2924/2924 2920/2920/2920 
f 2920/2920/2920 2924/2924/2924 2925/2925/2925 
f 2924/2924/2924 2926/2926/2926 2925/2925/2925 
f 2925/2925/2925 2926/2926/2926 2927/2927/2927 
f 2926/2926/2926 2928/2928/2928 2927/2927/2927 
f 2927/2927/2927 2928/2928/2928 2929/2929/2929 
f 2928/2928/2928 2930/2930/2930 2929/2929/2929 
f 2929/2929/2929 2930/2930/2930 2931/2931/2931 
f 2930/2930/2930 2932/2932/2932 2931/2931/2931 
f 2931/2931/2931 2932/2932/2932 2933/2933/2933 
f 2932/2932/2932 2934/2934/2934 2933/2933/2933 
f 2933/2933/2933 2934/2934/2934 2935/2935/2935 
f 2934/2934/2934 2936/2936/2936 2935/2935/2935 
f 2935/2935/2935 2936/2936/2936 2937/2937/2937 
f 2936/2936/2936 2938/2938/2938 2937/2937/2937 
f 2937/2937/2937 2938/2938/2938 2939/2939/2939 
f 2938/2938/2938 2940/2940/2940 2939/2939/2939 
f 2939/2939/2939 2940/2940/2940 2941/2941/2941 
f 2940/2940/2940 2942/2942/2942 2941/2941/2941 
f 2941/2941/2941 2942/2942/2942 2943/2943/2943 
f 2942/2942/2942 2944/2944/2944 2943/2943/2943 
f 2943/2943/2943 2944/2944/2944 2945/2945/2945 
f 2944/2944/2944 2946/2946/2946 2945/2945/2945 
f 2945/2945/2945 2946/2946/2946 2947/2947/2947 
f 2946/2946/2946 2948/2948/2948 2947/2947/2947 
f 2947/2947/2947 2948/2948/2948 2949/2949/2949 
f 2948/2948/2948 2950/2950/2950 2949/2949/2949 
f 2949/2949/2949 2950/2950/2950 2951/2951/2951 
f 2950/2950/2950 2952/2952/2952 2951/2951/2951 
f 2951/2951/2951 2952/2952/2952 2953/2953/2953 
f 2952/2952/2952 2954/2954/2954 2953/2953/2953 
f 2953/2953/2953 2954/2954/2954 2955/2955/2955 
f 2954/2954/2954 2956/2956/2956 2955/2955/2955 
f 2955/2955/2955 2956/2956/2956 2957/2957/2957 
f 2956/2956/2956 2958/2958/2958 2957/2957/2957 
f 2957/2957/2957 2958/2958/2958 2959/2959/2959 
f 2958/2958/2958 2960/2960/2960 2959/2959/2959 
f 2959/2959/2959 2960/2960/2960 2961/2961/2961 
f 2960/2960/2960 2962/2962/2962 2961/2961/2961 
f 2961/2961/2961 2962/2962/2962 2963/2963/2963 
f 2962/2962/2962 2964/2964/2964 2963/2963/2963 
f 2963/2963/2963 2964/2964/2964 2965/2965/2965 
f 2964/2964/2964 2966/2966/2966 2965/2965/2965 
f 2965/2965/2965 2966/2966/2966 2967/2967/2967 
f 2966/2966/2966 2968/2968/2968 2967/2967/2967 
f 2967/2967/2967 2968/2968/2968 2969/2969/2969 
f 2968/2968/2968 2970/2970/2970 2969/2969/2969 
f 2969/2969/2969 2970/2970/2970 2971/2971/2971 
f 2970/2970/2970 2972/2972/2972 2971/2971/2971 
f 2971/2971/2971 2972/2972/2972 2973/2973/2973 
f 2972/2972/2972 2974/2974/2974 2973/2973/2973 
f 2973/2973/2973 2974/2974/2974 2975/2975/2975 
f 2974/2974/2974 2976/2976/2976 2975/2975/2975 
f 2975/2975/2975 2976/2976/2976 2977/2977/2977 
f 2976/2976/2976 2978/2978/2978 2977/2977/2977 
f 2977/2977/2977 2978/2978/2978 2979/2979/2979 
f 2978/2978/2978 2980/2980/2980 2979/2979/2979 
f 2979/2979/2979 2980/2980/2980 2981/2981/2981 
f 2980/2980/2980 2982/2982/2982 2981/2981/2981 
f 2981/2981/2981 2982/2982/2982 2983/2983/2983 
f 2982/2982/2982 2984/2984/2984 2983/2983/2983 
f 2983/2983/2983 2984/2984/2984 2985/2985/2985 
f 2984/2984/2984 2986/2986/2986 2985/2985/2985 
f 2985/2985/2985 2986/2986/2986 2987/2987/2987 
f 2986/2986/2986 2988/2988/2988 2987/2987/2987 
f 2987/2987/2987 2988/2988/2988 2989/2989/2989 
f 2988/2988/2988 2990/2990/2990 2989/2989/2989 
f 2989/2989/2989 2990/2990/2990 2991/2991/2991 
f 2990/2990/2990 2992/2992/2992 2991/2991/2991 
f 2991/2991/2991 2992/2992/2992 2993/2993/2993 
f 2992/2992/2992 2994/2994/2994 2993/2993/2993 
f 2993/2993/2993 2994/2994/2994 2995/2995/2995 
f 2994/2994/2994 2996/2996/2996 2995/2995/2995 
f 2995/2995/2995 2996/2996/2996 2997/2997/2997 
f 2996/2996/2996 2998/2998/2998 2997/2997/2997 
f 2997/2997/2997 2998/2998/2998 2998/2998/2998 
f 2998/2998/2998 2997/2997/2997 2998/2998/2998 
f 2998/2998/2998 2997/2997/2997 2997/2997/2997 
f 2997/2997/2997 2999/2999/2999 2997/2997/2997 
f 2997/2997/2997 2999/2999/2999 2995/2995/2995 
f 2999/2999/2999 3000/3000/3000 2995/2995/2995 
f 2995/2995/2995 3000/3000/3000 2993/2993/2993 
f 3000/3000/3000 3001/3001/3001 2993/2993/2993 
f 2993/2993/2993 3001/3001/3001 2991/2991/2991 
f 3001/3001/3001 3002/3002/3002 2991/2991/2991 
f 2991/2991/2991 3002/3002/3002 2989/2989/2989 
f 3002/3002/3002 3003/3003/3003 2989/2989/2989 
f 2989/2989/2989 3003/3003/3003 2987/2987/2987 
f 3003/3003/3003 3004/3004/3004 2987/2987/2987 
f 2987/2987/2987 3004/3004/3004 2985/2985/2985 
f 3004/3004/3004 3005/3005/3005 2985/2985/2985 
f 2985/2985/2985 3005/3005/3005 2983/2983/2983 
f 3005/3005/3005 3006/3006/3006 2983/2983/2983 
f 2983/2983/2983 3006/3006/3006 2981/2981/2981 
f 3006/3006/3006 3007/3007/3007 2981/2981/2981 
f 2981/2981/2981 3007/3007/3007 2979/2979/2979 
f 3007/3007/3007 3008/3008/3008 2979/2979/2979 
f 2979/2979/2979 3008/3008/3008 2977/2977/2977 
f 3008/3008/3008 3009/3009/3009 2977/2977/2977 
f 2977/2977/2977 3009/3009/3009 2975/2975/2975 
f 3009/3009/3009 3010/3010/3010 2975/2975/2975 
f 2975/2975/2975 3010/3010/3010 2973/2973/2973 
f 3010/3010/3010 3011/3011/3011 2973/2973/2973 
f 2973/2973/2973 3011/3011/3011 2971/2971/2971 
f 3011/3011/3011 3012/3012/3012 2971/2971/2971 
f 2971/2971/2971 3012/3012/3012 2969/2969/2969 
f 3012/3012/3012 3013/3013/3013 2969/2969/2969 
f 2969/2969/2969 3013/3013/3013 2967/2967/2967 
f 3013/3013/3013 3014/3014/3014 2967/2967/2967 
f 2967/2967/2967 3014/3014/3014 2965/2965/2965 
f 3014/3014/3014 3015/3015/3015 2965/2965/2965 
f 2965/2965/2965 3015/3015/3015 2963/2963/2963 
f 3015/3015/3015 3016/3016/3016 2963/2963/2963 
f 2963/2963/2963 3016/3016/3016 2961/2961/2961 
f 3016/3016/3016 3017/3017/3017 2961/2961/2961 
f 2961/2961/2961 3017/3017/3017 2959/2959/2959 
f 3017/3017/3017 3018/3018/3018 2959/2959/2959 
f 2959/2959/2959 3018/3018/3018 2957/2957/2957 
f 3018/3018/3018 3019/3019/3019 2957/2957/2957 
f 2957/2957/2957 3019/3019/3019 2955/2955/2955 
f 3019/3019/3019 3020/3020/3020 2955/2955/2955 
f 2955/2955/2955 3020/3020/3020 2953/2953/2953 
f 3020/3020/3020 3021/3021/3021 2953/2953/2953 
f 2953/2953/2953 3021/3021/3021 2951/2951/2951 
f 3021/3021/3021 3022/3022/3022 2951/2951/2951 
f 2951/2951/2951 3022/3022/3022 2949/2949/2949 
f 3022/3022/3022 3023/3023/3023 2949/2949/2949 
f 2949/2949/2949 3023/3023/3023 2947/2947/2947 
f 3023/3023/3023 3024/3024/3024 2947/2947/2947 
f 2947/2947/2947 3024/3024/3024 2945/2945/2945 
f 3024/3024/3024 3025/3025/3025 2945/2945/2945 
f 2945/2945/2945 3025/3025/3025 2943/2943/2943 
f 3025/3025/3025 3026/3026/3026 2943/2943/2943 
f 2943/2943/2943 3026/3026/3026 2941/2941/2941 
f 3026/3026/3026 3027/3027/3027 2941/2941/2941 
f 2941/2941/2941 3027/3027/3027 2939/2939/2939 
f 3027/3027/3027 3028/3028/3028 2939/2939/2939 
f 2939/2939/2939 3028/3028/3028 2937/2937/2937 
f 3028/3028/3028 3029/3029/3029 2937/2937/2937 
f 2937/2937/2937 3029/3029/3029 2935/2935/2935 
f 3029/3029/3029 3030/3030/3030 2935/2935/2935 
f 2935/2935/2935 3030/3030/3030 2933/2933/2933 
f 3030/3030/3030 3031/3031/3031 2933/2933/2933 
f 2933/2933/2933 3031/3031/3031 2931/2931/2931 
f 3031/3031/3031 3032/3032/3032 2931/2931/2931 
f 2931/2931/2931 3032/3032/3032 2929/2929/2929 
f 3032/3032/3032 3033/3033/3033 2929/2929/2929 
f 2929/2929/2929 3033/3033/3033 2927/2927/2927 
f 3033/3033/3033 3034/3034/3034 2927/2927/2927 
f 2927/2927/2927 3034/3034/3034 2925/2925/2925 
f 3034/3034/3034 3035/3035/3035 2925/2925/2925 
f 2925/2925/2925 3035/3035/3035 2920/2920/2920 
f 3035/3035/3035 3036/3036/3036 2920/2920/2920 
f 2920/2920/2920 3036/3036/3036 2921/2921/2921 
f 3036/3036/3036 3037/3037/3037 2921/2921/2921 
f 2921/2921/2921 3037/3037/3037 3038/3038/3038 
f 3037/3037/3037 3039/3039/3039 3038/3038/3038 
f 3038/3038/3038 3039/3039/3039 3040/3040/3040 
f 3039/3039/3039 3041/3041/3041 3040/3040/3040 
f 3040/3040/3040 3041/3041/3041 3042/3042/3042 
f 3041/3041/3041 3043/3043/3043 3042/3042/3042 
f 3042/3042/3042 3043/3043/3043 3042/3042/3042 
f 3043/3043/3043 3044/3044/3044 3042/3042/3042 
f 3042/3042/3042 3044/3044/3044 3042/3042/3042 
f 3044/3044/3044 3045/3045/3045 3042/3042/3042 
f 3042/3042/3042 3045/3045/3045 3042/3042/3042 
f 3045/3045/3045 3046/3046/3046 3042/3042/3042 
f 3042/3042/3042 3046/3046/3046 3040/3040/3040 
f 3046/3046/3046 3047/3047/3047 3040/3040/3040 
f 3040/3040/3040 3047/3047/3047 3038/3038/3038 
f 3047/3047/3047 2923/2923/2923 3038/3038/3038 
f 3038/3038/3038 2923/2923/2923 2921/2921/2921 
f 2923/2923/2923 2921/2921/2921 2921/2921/2921 
f 2921/2921/2921 2921/2921/2921 3043/3043/3043 
f 2921/2921/2921 3043/3043/3043 3043/3043/3043 
f 3043/3043/3043 3043/3043/3043 3044/3044/3044 
f 3043/3043/3043 3048/3048/3048 3044/3044/3044 
f 3044/3044/3044 3048/3048/3048 3049/3049/3049 
f 3048/3048/3048 3050/3050/3050 3049/3049/3049 
f 3049/3049/3049 3050/3050/3050 3051/3051/3051 
f 3050/3050/3050 3052/3052/3052 3051/3051/3051 
f 3051/3051/3051 3052/3052/3052 3053/3053/3053 
f 3052/3052/3052 3054/3054/3054 3053/3053/3053 
f 3053/3053/3053 3054/3054/3054 3054/3054/3054 
f 3054/3054/3054 3045/3045/3045 3054/3054/3054 
f 3054/3054/3054 3045/3045/3045 3045/3045/3045 
f 3045/3045/3045 3044/3044/3044 3045/3045/3045 
f 3045/3045/3045 3044/3044/3044 3055/3055/3055 
f 3044/3044/3044 3049/3049/3049 3055/3055/3055 
f 3055/3055/3055 3049/3049/3049 3056/3056/3056 
f 3049/3049/3049 3051/3051/3051 3056/3056/3056 
f 3056/3056/3056 3051/3051/3051 3057/3057/3057 
f 3051/3051/3051 3053/3053/3053 3057/3057/3057 
f 3057/3057/3057 3053/3053/3053 3058/3058/3058 
f 3053/3053/3053 3059/3059/3059 3058/3058/3058 
f 3058/3058/3058 3059/3059/3059 3060/3060/3060 
f 3059/3059/3059 3061/3061/3061 3060/3060/3060 
f 3060/3060/3060 3061/3061/3061 3062/3062/3062 
f 3061/3061/3061 3063/3063/3063 3062/3062/3062 
f 3062/3062/3062 3063/3063/3063 3064/3064/3064 
f 3063/3063/3063 3064/3064/3064 3064/3064/3064 
f 3064/3064/3064 3064/3064/3064 3053/3053/3053 
f 3064/3064/3064 3053/3053/3053 3053/3053/3053 
f 3053/3053/3053 3053/3053/3053 3059/3059/3059 
f 3053/3053/3053 3054/3054/3054 3059/3059/3059 
f 3059/3059/3059 3054/3054/3054 3059/3059/3059 
f 3054/3054/3054 3065/3065/3065 3059/3059/3059 
f 3059/3059/3059 3065/3065/3065 3061/3061/3061 
f 3065/3065/3065 3066/3066/3066 3061/3061/3061 
f 3061/3061/3061 3066/3066/3066 3063/3063/3063 
f 3066/3066/3066 3067/3067/3067 3063/3063/3063 
f 3063/3063/3063 3067/3067/3067 3068/3068/3068 
f 3067/3067/3067 3069/3069/3069 3068/3068/3068 
f 3068/3068/3068 3069/3069/3069 3070/3070/3070 
f 3069/3069/3069 3071/3071/3071 3070/3070/3070 
f 3070/3070/3070 3071/3071/3071 3072/3072/3072 
f 3071/3071/3071 3073/3073/3073 3072/3072/3072 
f 3072/3072/3072 3073/3073/3073 3072/3072/3072 
f 3073/3073/3073 3074/3074/3074 3072/3072/3072 
f 3072/3072/3072 3074/3074/3074 3072/3072/3072 
f 3074/3074/3074 3075/3075/3075 3072/3072/3072 
f 3072/3072/3072 3075/3075/3075 3072/3072/3072 
f 3075/3075/3075 3076/3076/3076 3072/3072/3072 
f 3072/3072/3072 3076/3076/3076 3070/3070/3070 
f 3076/3076/3076 3077/3077/3077 3070/3070/3070 
f 3070/3070/3070 3077/3077/3077 3068/3068/3068 
f 3077/3077/3077 3064/3064/3064 3068/3068/3068 
f 3068/3068/3068 3064/3064/3064 3063/3063/3063 
f 3064/3064/3064 3063/3063/3063 3063/3063/3063 
f 3063/3063/3063 3063/3063/3063 3073/3073/3073 
f 3063/3063/3063 3073/3073/3073 3073/3073/3073 
f 3073/3073/3073 3073/3073/3073 3074/3074/3074 
f 3073/3073/3073 3078/3078/3078 3074/3074/3074 
f 3074/3074/3074 3078/3078/3078 3079/3079/3079 
f 3078/3078/3078 3080/3080/3080 3079/3079/3079 
f 3079/3079/3079 3080/3080/3080 3081/3081/3081 
f 3080/3080/3080 3082/3082/3082 3081/3081/3081 
f 3081/3081/3081 3082/3082/3082 3083/3083/3083 
f 3082/3082/3082 3084/3084/3084 3083/3083/3083 
f 3083/3083/3083 3084/3084/3084 3084/3084/3084 
f 3084/3084/3084 3075/3075/3075 3084/3084/3084 
f 3084/3084/3084 3075/3075/3075 3075/3075/3075 
f 3075/3075/3075 3074/3074/3074 3075/3075/3075 
f 3075/3075/3075 3074/3074/3074 3085/3085/3085 
f 3074/3074/3074 3079/3079/3079 3085/3085/3085 
f 3085/3085/3085 3079/3079/3079 3086/3086/3086 
f 3079/3079/3079 3081/3081/3081 3086/3086/3086 
f 3086/3086/3086 3081/3081/3081 3087/3087/3087 
f 3081/3081/3081 3083/3083/3083 3087/3087/3087 
f 3087/3087/3087 3083/3083/3083 3088/3088/3088 
f 3083/3083/3083 3089/3089/3089 3088/3088/3088 
f 3088/3088/3088 3089/3089/3089 3090/3090/3090 
f 3089/3089/3089 3091/3091/3091 3090/3090/3090 
f 3090/3090/3090 3091/3091/3091 3092/3092/3092 
f 3091/3091/3091 3093/3093/3093 3092/3092/3092 
f 3092/3092/3092 3093/3093/3093 3094/3094/3094 
f 3093/3093/3093 3094/3094/3094 3094/3094/3094 
f 3094/3094/3094 3094/3094/3094 3083/3083/3083 
f 3094/3094/3094 3083/3083/3083 3083/3083/3083 
f 3083/3083/3083 3083/3083/3083 3089/3089/3089 
f 3083/3083/3083 3084/3084/3084 3089/3089/3089 
f 3089/3089/3089 3084/3084/3084 3089/3089/3089 
f 3084/3084/3084 3095/3095/3095 3089/3089/3089 
f 3089/3089/3089 3095/3095/3095 3091/3091/3091 
f 3095/3095/3095 3096/3096/3096 3091/3091/3091 
f 3091/3091/3091 3096/3096/3096 3093/3093/3093 
f 3096/3096/3096 3097/3097/3097 3093/3093/3093 
f 3093/3093/3093 3097/3097/3097 3098/3098/3098 
f 3097/3097/3097 3099/3099/3099 3098/3098/3098 
f 3098/3098/3098 3099/3099/3099 3100/3100/3100 
f 3099/3099/3099 3101/3101/3101 3100/3100/3100 
f 3100/3100/3100 3101/3101/3101 3101/3101/3101 
f 3101/3101/3101 3093/3093/3093 3101/3101/3101 
f 3101/3101/3101 3093/3093/3093 3093/3093/3093 
f 3093/3093/3093 3098/3098/3098 3093/3093/3093 
f 3093/3093/3093 3098/3098/3098 3094/3094/3094 
f 3098/3098/3098 3098/3098/3098 3094/3094/3094 
f 3094/3094/3094 3098/3098/3098 3102/3102/3102 
f 3098/3098/3098 3100/3100/3100 3102/3102/3102 
f 3102/3102/3102 3100/3100/3100 3100/3100/3100 
f 3100/3100/3100 2771/2771/2771 3100/3100/3100 
f 3100/3100/3100 2771/2771/2771 2771/2771/2771 
f 2771/2771/2771 2773/2773/2773 2771/2771/2771 
f 2771/2771/2771 2773/2773/2773 3103/3103/3103 
f 2773/2773/2773 2773/2773/2773 3103/3103/3103 
f 3103/3103/3103 2773/2773/2773 3104/3104/3104 
f 2773/2773/2773 2774/2774/2774 3104/3104/3104 
f 3104/3104/3104 2774/2774/2774 3105/3105/3105 
f 2774/2774/2774 2775/2775/2775 3105/3105/3105 
f 3105/3105/3105 2775/2775/2775 3106/3106/3106 
f 2775/2775/2775 2776/2776/2776 3106/3106/3106 
f 3106/3106/3106 2776/2776/2776 3107/3107/3107 
f 2776/2776/2776 2777/2777/2777 3107/3107/3107 
f 3107/3107/3107 2777/2777/2777 2777/2777/2777 
f 2777/2777/2777 3107/3107/3107 2777/2777/2777 
f 2777/2777/2777 3107/3107/3107 3107/3107/3107 
f 3107/3107/3107 3108/3108/3108 3107/3107/3107 
f 3107/3107/3107 3108/3108/3108 3106/3106/3106 
f 3108/3108/3108 3109/3109/3109 3106/3106/3106 
f 3106/3106/3106 3109/3109/3109 3105/3105/3105 
f 3109/3109/3109 3110/3110/3110 3105/3105/3105 
f 3105/3105/3105 3110/3110/3110 3104/3104/3104 
f 3110/3110/3110 3111/3111/3111 3104/3104/3104 
f 3104/3104/3104 3111/3111/3111 3103/3103/3103 
f 3111/3111/3111 3103/3103/3103 3103/3103/3103 
f 3103/3103/3103 3103/3103/3103 3108/3108/3108 
f 3103/3103/3103 3108/3108/3108 3108/3108/3108 
f 3108/3108/3108 3108/3108/3108 3109/3109/3109 
f 3108/3108/3108 3112/3112/3112 3109/3109/3109 
f 3109/3109/3109 3112/3112/3112 3113/3113/3113 
f 3112/3112/3112 3114/3114/3114 3113/3113/3113 
f 3113/3113/3113 3114/3114/3114 3115/3115/3115 
f 3114/3114/3114 3116/3116/3116 3115/3115/3115 
f 3115/3115/3115 3116/3116/3116 3117/3117/3117 
f 3116/3116/3116 3118/3118/3118 3117/3117/3117 
f 3117/3117/3117 3118/3118/3118 3119/3119/3119 
f 3118/3118/3118 3120/3120/3120 3119/3119/3119 
f 3119/3119/3119 3120/3120/3120 3121/3121/3121 
f 3120/3120/3120 3122/3122/3122 3121/3121/3121 
f 3121/3121/3121 3122/3122/3122 3123/3123/3123 
f 3122/3122/3122 3124/3124/3124 3123/3123/3123 
f 3123/3123/3123 3124/3124/3124 3125/3125/3125 
f 3124/3124/3124 3126/3126/3126 3125/3125/3125 
f 3125/3125/3125 3126/3126/3126 3127/3127/3127 
f 3126/3126/3126 3128/3128/3128 3127/3127/3127 
f 3127/3127/3127 3128/3128/3128 3129/3129/3129 
f 3128/3128/3128 3130/3130/3130 3129/3129/3129 
f 3129/3129/3129 3130/3130/3130 3131/3131/3131 
f 3130/3130/3130 3132/3132/3132 3131/3131/3131 
f 3131/3131/3131 3132/3132/3132 3133/3133/3133 
f 3132/3132/3132 3134/3134/3134 3133/3133/3133 
f 3133/3133/3133 3134/3134/3134 3135/3135/3135 
f 3134/3134/3134 3136/3136/3136 3135/3135/3135 
f 3135/3135/3135 3136/3136/3136 3137/3137/3137 
f 3136/3136/3136 3138/3138/3138 3137/3137/3137 
f 3137/3137/3137 3138/3138/3138 3139/3139/3139 
f 3138/3138/3138 3140/3140/3140 3139/3139/3139 
f 3139/3139/3139 3140/3140/3140 3141/3141/3141 
f 3140/3140/3140 3142/3142/3142 3141/3141/3141 
f 3141/3141/3141 3142/3142/3142 3143/3143/3143 
f 3142/3142/3142 3144/3144/3144 3143/3143/3143 
f 3143/3143/3143 3144/3144/3144 3145/3145/3145 
f 3144/3144/3144 3146/3146/3146 3145/3145/3145 
f 3145/3145/3145 3146/3146/3146 3147/3147/3147 
f 3146/3146/3146 3148/3148/3148 3147/3147/3147 
f 3147/3147/3147 3148/3148/3148 3148/3148/3148 
f 3148/3148/3148 3109/3109/3109 3148/3148/3148 
f 3148/3148/3148 3109/3109/3109 3109/3109/3109 
f 3109/3109/3109 3113/3113/3113 3109/3109/3109 
f 3109/3109/3109 3113/3113/3113 3110/3110/3110 
f 3113/3113/3113 3149/3149/3149 3110/3110/3110 
f 3110/3110/3110 3149/3149/3149 3111/3111/3111 
f 3149/3149/3149 3111/3111/3111 3111/3111/3111 
f 3111/3111/3111 3111/3111/3111 3113/3113/3113 
f 3111/3111/3111 3113/3113/3113 3113/3113/3113 
f 3113/3113/3113 3113/3113/3113 3149/3149/3149 
f 3113/3113/3113 3115/3115/3115 3149/3149/3149 
f 3149/3149/3149 3115/3115/3115 3115/3115/3115 
f 3115/3115/3115 3147/3147/3147 3115/3115/3115 
f 3115/3115/3115 3147/3147/3147 3147/3147/3147 
f 3147/3147/3147 3150/3150/3150 3147/3147/3147 
f 3147/3147/3147 3150/3150/3150 3145/3145/3145 
f 3150/3150/3150 3151/3151/3151 3145/3145/3145 
f 3145/3145/3145 3151/3151/3151 3143/3143/3143 
f 3151/3151/3151 3143/3143/3143 3143/3143/3143 
f 3143/3143/3143 3143/3143/3143 3150/3150/3150 
f 3143/3143/3143 3150/3150/3150 3150/3150/3150 
f 3150/3150/3150 3150/3150/3150 3151/3151/3151 
f 3150/3150/3150 3152/3152/3152 3151/3151/3151 
f 3151/3151/3151 3152/3152/3152 3153/3153/3153 
f 3152/3152/3152 3154/3154/3154 3153/3153/3153 
f 3153/3153/3153 3154/3154/3154 3155/3155/3155 
f 3154/3154/3154 3156/3156/3156 3155/3155/3155 
f 3155/3155/3155 3156/3156/3156 3156/3156/3156 
f 3156/3156/3156 3155/3155/3155 3156/3156/3156 
f 3156/3156/3156 3155/3155/3155 3155/3155/3155 
f 3155/3155/3155 3157/3157/3157 3155/3155/3155 
f 3155/3155/3155 3157/3157/3157 3153/3153/3153 
f 3157/3157/3157 3157/3157/3157 3153/3153/3153 
f 3153/3153/3153 3157/3157/3157 3151/3151/3151 
f 3157/3157/3157 3158/3158/3158 3151/3151/3151 
f 3151/3151/3151 3158/3158/3158 3143/3143/3143 
f 3158/3158/3158 3158/3158/3158 3143/3143/3143 
f 3143/3143/3143 3158/3158/3158 3141/3141/3141 
f 3158/3158/3158 3159/3159/3159 3141/3141/3141 
f 3141/3141/3141 3159/3159/3159 3139/3139/3139 
f 3159/3159/3159 3160/3160/3160 3139/3139/3139 
f 3139/3139/3139 3160/3160/3160 3137/3137/3137 
f 3160/3160/3160 3161/3161/3161 3137/3137/3137 
f 3137/3137/3137 3161/3161/3161 3135/3135/3135 
f 3161/3161/3161 3162/3162/3162 3135/3135/3135 
f 3135/3135/3135 3162/3162/3162 3133/3133/3133 
f 3162/3162/3162 3163/3163/3163 3133/3133/3133 
f 3133/3133/3133 3163/3163/3163 3131/3131/3131 
f 3163/3163/3163 3164/3164/3164 3131/3131/3131 
f 3131/3131/3131 3164/3164/3164 3129/3129/3129 
f 3164/3164/3164 3165/3165/3165 3129/3129/3129 
f 3129/3129/3129 3165/3165/3165 3127/3127/3127 
f 3165/3165/3165 3166/3166/3166 3127/3127/3127 
f 3127/3127/3127 3166/3166/3166 3125/3125/3125 
f 3166/3166/3166 3167/3167/3167 3125/3125/3125 
f 3125/3125/3125 3167/3167/3167 3123/3123/3123 
f 3167/3167/3167 3168/3168/3168 3123/3123/3123 
f 3123/3123/3123 3168/3168/3168 3121/3121/3121 
f 3168/3168/3168 3169/3169/3169 3121/3121/3121 
f 3121/3121/3121 3169/3169/3169 3119/3119/3119 
f 3169/3169/3169 3170/3170/3170 3119/3119/3119 
f 3119/3119/3119 3170/3170/3170 3117/3117/3117 
f 3170/3170/3170 3171/3171/3171 3117/3117/3117 
f 3117/3117/3117 3171/3171/3171 3115/3115/3115 
f 3171/3171/3171 3171/3171/3171 3115/3115/3115 
f 3115/3115/3115 3171/3171/3171 3149/3149/3149 
f 3171/3171/3171 3172/3172/3172 3149/3149/3149 
f 3149/3149/3149 3172/3172/3172 3111/3111/3111 
f 3172/3172/3172 3111/3111/3111 3111/3111/3111 
f 3111/3111/3111 3111/3111/3111 3172/3172/3172 
f 3111/3111/3111 3172/3172/3172 3172/3172/3172 
f 3172/3172/3172 3172/3172/3172 3173/3173/3173 
f 3172/3172/3172 3171/3171/3171 3173/3173/3173 
f 3173/3173/3173 3171/3171/3171 3173/3173/3173 
f 3171/3171/3171 3170/3170/3170 3173/3173/3173 
f 3173/3173/3173 3170/3170/3170 3174/3174/3174 
f 3170/3170/3170 3170/3170/3170 3174/3174/3174 
f 3174/3174/3174 3170/3170/3170 3175/3175/3175 
f 3170/3170/3170 3169/3169/3169 3175/3175/3175 
f 3175/3175/3175 3169/3169/3169 3175/3175/3175 
f 3169/3169/3169 3168/3168/3168 3175/3175/3175 
f 3175/3175/3175 3168/3168/3168 3176/3176/3176 
f 3168/3168/3168 3167/3167/3167 3176/3176/3176 
f 3176/3176/3176 3167/3167/3167 3177/3177/3177 
f 3167/3167/3167 3166/3166/3166 3177/3177/3177 
f 3177/3177/3177 3166/3166/3166 3178/3178/3178 
f 3166/3166/3166 3165/3165/3165 3178/3178/3178 
f 3178/3178/3178 3165/3165/3165 3179/3179/3179 
f 3165/3165/3165 3164/3164/3164 3179/3179/3179 
f 3179/3179/3179 3164/3164/3164 3180/3180/3180 
f 3164/3164/3164 3163/3163/3163 3180/3180/3180 
f 3180/3180/3180 3163/3163/3163 3181/3181/3181 
f 3163/3163/3163 3162/3162/3162 3181/3181/3181 
f 3181/3181/3181 3162/3162/3162 3182/3182/3182 
f 3162/3162/3162 3161/3161/3161 3182/3182/3182 
f 3182/3182/3182 3161/3161/3161 3183/3183/3183 
f 3161/3161/3161 3160/3160/3160 3183/3183/3183 
f 3183/3183/3183 3160/3160/3160 3184/3184/3184 
f 3160/3160/3160 3159/3159/3159 3184/3184/3184 
f 3184/3184/3184 3159/3159/3159 3185/3185/3185 
f 3159/3159/3159 3158/3158/3158 3185/3185/3185 
f 3185/3185/3185 3158/3158/3158 3185/3185/3185 
f 3158/3158/3158 3157/3157/3157 3185/3185/3185 
f 3185/3185/3185 3157/3157/3157 3186/3186/3186 
f 3157/3157/3157 3155/3155/3155 3186/3186/3186 
f 3186/3186/3186 3155/3155/3155 3187/3187/3187 
f 3155/3155/3155 3156/3156/3156 3187/3187/3187 
f 3187/3187/3187 3156/3156/3156 3188/3188/3188 
f 3156/3156/3156 3189/3189/3189 3188/3188/3188 
f 3188/3188/3188 3189/3189/3189 3189/3189/3189 
f 3189/3189/3189 3188/3188/3188 3189/3189/3189 
f 3189/3189/3189 3188/3188/3188 3188/3188/3188 
f 3188/3188/3188 3190/3190/3190 3188/3188/3188 
f 3188/3188/3188 3190/3190/3190 3187/3187/3187 
f 3190/3190/3190 3191/3191/3191 3187/3187/3187 
f 3187/3187/3187 3191/3191/3191 3186/3186/3186 
f 3191/3191/3191 3192/3192/3192 3186/3186/3186 
f 3186/3186/3186 3192/3192/3192 3185/3185/3185 
f 3192/3192/3192 3192/3192/3192 3185/3185/3185 
f 3185/3185/3185 3192/3192/3192 3184/3184/3184 
f 3192/3192/3192 3193/3193/3193 3184/3184/3184 
f 3184/3184/3184 3193/3193/3193 3183/3183/3183 
f 3193/3193/3193 3194/3194/3194 3183/3183/3183 
f 3183/3183/3183 3194/3194/3194 3182/3182/3182 
f 3194/3194/3194 3195/3195/3195 3182/3182/3182 
f 3182/3182/3182 3195/3195/3195 3181/3181/3181 
f 3195/3195/3195 3196/3196/3196 3181/3181/3181 
f 3181/3181/3181 3196/3196/3196 3180/3180/3180 
f 3196/3196/3196 3197/3197/3197 3180/3180/3180 
f 3180/3180/3180 3197/3197/3197 3179/3179/3179 
f 3197/3197/3197 3198/3198/3198 3179/3179/3179 
f 3179/3179/3179 3198/3198/3198 3178/3178/3178 
f 3198/3198/3198 3199/3199/3199 3178/3178/3178 
f 3178/3178/3178 3199/3199/3199 3177/3177/3177 
f 3199/3199/3199 3200/3200/3200 3177/3177/3177 
f 3177/3177/3177 3200/3200/3200 3176/3176/3176 
f 3200/3200/3200 3201/3201/3201 3176/3176/3176 
f 3176/3176/3176 3201/3201/3201 3175/3175/3175 
f 3201/3201/3201 3202/3202/3202 3175/3175/3175 
f 3175/3175/3175 3202/3202/3202 3174/3174/3174 
f 3202/3202/3202 3203/3203/3203 3174/3174/3174 
f 3174/3174/3174 3203/3203/3203 3173/3173/3173 
f 3203/3203/3203 3204/3204/3204 3173/3173/3173 
f 3173/3173/3173 3204/3204/3204 3172/3172/3172 
f 3204/3204/3204 3205/3205/3205 3172/3172/3172 
f 3172/3172/3172 3205/3205/3205 3111/3111/3111 
f 3205/3205/3205 3205/3205/3205 3111/3111/3111 
f 3111/3111/3111 3205/3205/3205 3103/3103/3103 
f 3205/3205/3205 3206/3206/3206 3103/3103/3103 
f 3103/3103/3103 3206/3206/3206 2771/2771/2771 
f 3206/3206/3206 3206/3206/3206 2771/2771/2771 
f 2771/2771/2771 3206/3206/3206 2772/2772/2772 
f 3206/3206/3206 3206/3206/3206 2772/2772/2772 
f 2772/2772/2772 3206/3206/3206 3207/3207/3207 
f 3206/3206/3206 3208/3208/3208 3207/3207/3207 
f 3207/3207/3207 3208/3208/3208 3209/3209/3209 
f 3208/3208/3208 3208/3208/3208 3209/3209/3209 
f 3209/3209/3209 3208/3208/3208 3210/3210/3210 
f 3208/3208/3208 3204/3204/3204 3210/3210/3210 
f 3210/3210/3210 3204/3204/3204 3210/3210/3210 
f 3204/3204/3204 3203/3203/3203 3210/3210/3210 
f 3210/3210/3210 3203/3203/3203 3211/3211/3211 
f 3203/3203/3203 3202/3202/3202 3211/3211/3211 
f 3211/3211/3211 3202/3202/3202 3212/3212/3212 
f 3202/3202/3202 3201/3201/3201 3212/3212/3212 
f 3212/3212/3212 3201/3201/3201 3213/3213/3213 
f 3201/3201/3201 3200/3200/3200 3213/3213/3213 
f 3213/3213/3213 3200/3200/3200 3214/3214/3214 
f 3200/3200/3200 3199/3199/3199 3214/3214/3214 
f 3214/3214/3214 3199/3199/3199 3215/3215/3215 
f 3199/3199/3199 3198/3198/3198 3215/3215/3215 
f 3215/3215/3215 3198/3198/3198 3216/3216/3216 
f 3198/3198/3198 3197/3197/3197 3216/3216/3216 
f 3216/3216/3216 3197/3197/3197 3217/3217/3217 
f 3197/3197/3197 3196/3196/3196 3217/3217/3217 
f 3217/3217/3217 3196/3196/3196 3218/3218/3218 
f 3196/3196/3196 3195/3195/3195 3218/3218/3218 
f 3218/3218/3218 3195/3195/3195 3219/3219/3219 
f 3195/3195/3195 3194/3194/3194 3219/3219/3219 
f 3219/3219/3219 3194/3194/3194 3220/3220/3220 
f 3194/3194/3194 3193/3193/3193 3220/3220/3220 
f 3220/3220/3220 3193/3193/3193 3221/3221/3221 
f 3193/3193/3193 3192/3192/3192 3221/3221/3221 
f 3221/3221/3221 3192/3192/3192 3221/3221/3221 
f 3192/3192/3192 3191/3191/3191 3221/3221/3221 
f 3221/3221/3221 3191/3191/3191 3222/3222/3222 
f 3191/3191/3191 3190/3190/3190 3222/3222/3222 
f 3222/3222/3222 3190/3190/3190 3190/3190/3190 
f 3190/3190/3190 3206/3206/3206 3190/3190/3190 
f 3190/3190/3190 3206/3206/3206 3206/3206/3206 
f 3206/3206/3206 3205/3205/3205 3206/3206/3206 
f 3206/3206/3206 3205/3205/3205 3208/3208/3208 
f 3205/3205/3205 3204/3204/3204 3208/3208/3208 
f 3208/3208/3208 3204/3204/3204 3204/3204/3204 
f 3204/3204/3204 3222/3222/3222 3204/3204/3204 
f 3204/3204/3204 3222/3222/3222 3222/3222/3222 
f 3222/3222/3222 3223/3223/3223 3222/3222/3222 
f 3222/3222/3222 3223/3223/3223 3221/3221/3221 
f 3223/3223/3223 3223/3223/3223 3221/3221/3221 
f 3221/3221/3221 3223/3223/3223 3220/3220/3220 
f 3223/3223/3223 3224/3224/3224 3220/3220/3220 
f 3220/3220/3220 3224/3224/3224 3219/3219/3219 
f 3224/3224/3224 3225/3225/3225 3219/3219/3219 
f 3219/3219/3219 3225/3225/3225 3218/3218/3218 
f 3225/3225/3225 3226/3226/3226 3218/3218/3218 
f 3218/3218/3218 3226/3226/3226 3217/3217/3217 
f 3226/3226/3226 3227/3227/3227 3217/3217/3217 
f 3217/3217/3217 3227/3227/3227 3216/3216/3216 
f 3227/3227/3227 3228/3228/3228 3216/3216/3216 
f 3216/3216/3216 3228/3228/3228 3215/3215/3215 
f 3228/3228/3228 3229/3229/3229 3215/3215/3215 
f 3215/3215/3215 3229/3229/3229 3214/3214/3214 
f 3229/3229/3229 3230/3230/3230 3214/3214/3214 
f 3214/3214/3214 3230/3230/3230 3213/3213/3213 
f 3230/3230/3230 3231/3231/3231 3213/3213/3213 
f 3213/3213/3213 3231/3231/3231 3212/3212/3212 
f 3231/3231/3231 3232/3232/3232 3212/3212/3212 
f 3212/3212/3212 3232/3232/3232 3211/3211/3211 
f 3232/3232/3232 3233/3233/3233 3211/3211/3211 
f 3211/3211/3211 3233/3233/3233 3210/3210/3210 
f 3233/3233/3233 3209/3209/3209 3210/3210/3210 
f 3210/3210/3210 3209/3209/3209 3209/3209/3209 
f 3209/3209/3209 3234/3234/3234 3209/3209/3209 
f 3209/3209/3209 3234/3234/3234 3234/3234/3234 
f 3234/3234/3234 3235/3235/3235 3234/3234/3234 
f 3234/3234/3234 3235/3235/3235 3236/3236/3236 
f 3235/3235/3235 3237/3237/3237 3236/3236/3236 
f 3236/3236/3236 3237/3237/3237 3236/3236/3236 
f 3237/3237/3237 3238/3238/3238 3236/3236/3236 
f 3236/3236/3236 3238/3238/3238 3236/3236/3236 
f 3238/3238/3238 3239/3239/3239 3236/3236/3236 
f 3236/3236/3236 3239/3239/3239 3236/3236/3236 
f 3239/3239/3239 3240/3240/3240 3236/3236/3236 
f 3236/3236/3236 3240/3240/3240 3236/3236/3236 
f 3240/3240/3240 3241/3241/3241 3236/3236/3236 
f 3236/3236/3236 3241/3241/3241 3236/3236/3236 
f 3241/3241/3241 3242/3242/3242 3236/3236/3236 
f 3236/3236/3236 3242/3242/3242 3236/3236/3236 
f 3242/3242/3242 3243/3243/3243 3236/3236/3236 
f 3236/3236/3236 3243/3243/3243 3236/3236/3236 
f 3243/3243/3243 3244/3244/3244 3236/3236/3236 
f 3236/3236/3236 3244/3244/3244 3236/3236/3236 
f 3244/3244/3244 3245/3245/3245 3236/3236/3236 
f 3236/3236/3236 3245/3245/3245 3236/3236/3236 
f 3245/3245/3245 3246/3246/3246 3236/3236/3236 
f 3236/3236/3236 3246/3246/3246 3236/3236/3236 
f 3246/3246/3246 3247/3247/3247 3236/3236/3236 
f 3236/3236/3236 3247/3247/3247 3236/3236/3236 
f 3247/3247/3247 3248/3248/3248 3236/3236/3236 
f 3236/3236/3236 3248/3248/3248 3236/3236/3236 
f 3248/3248/3248 3249/3249/3249 3236/3236/3236 
f 3236/3236/3236 3249/3249/3249 3236/3236/3236 
f 3249/3249/3249 3250/3250/3250 3236/3236/3236 
f 3236/3236/3236 3250/3250/3250 3236/3236/3236 
f 3250/3250/3250 3251/3251/3251 3236/3236/3236 
f 3236/3236/3236 3251/3251/3251 3236/3236/3236 
f 3251/3251/3251 3252/3252/3252 3236/3236/3236 
f 3236/3236/3236 3252/3252/3252 3236/3236/3236 
f 3252/3252/3252 3253/3253/3253 3236/3236/3236 
f 3236/3236/3236 3253/3253/3253 3236/3236/3236 
f 3253/3253/3253 3254/3254/3254 3236/3236/3236 
f 3236/3236/3236 3254/3254/3254 3236/3236/3236 
f 3254/3254/3254 3255/3255/3255 3236/3236/3236 
f 3236/3236/3236 3255/3255/3255 3236/3236/3236 
f 3255/3255/3255 3256/3256/3256 3236/3236/3236 
f 3236/3236/3236 3256/3256/3256 3236/3236/3236 
f 3256/3256/3256 3257/3257/3257 3236/3236/3236 
f 3236/3236/3236 3257/3257/3257 3236/3236/3236 
f 3257/3257/3257 3258/3258/3258 3236/3236/3236 
f 3236/3236/3236 3258/3258/3258 3236/3236/3236 
f 3258/3258/3258 3259/3259/3259 3236/3236/3236 
f 3236/3236/3236 3259/3259/3259 3236/3236/3236 
f 3259/3259/3259 3260/3260/3260 3236/3236/3236 
f 3236/3236/3236 3260/3260/3260 3236/3236/3236 
f 3260/3260/3260 3261/3261/3261 3236/3236/3236 
f 3236/3236/3236 3261/3261/3261 3236/3236/3236 
f 3261/3261/3261 3262/3262/3262 3236/3236/3236 
f 3236/3236/3236 3262/3262/3262 3236/3236/3236 
f 3262/3262/3262 3263/3263/3263 3236/3236/3236 
f 3236/3236/3236 3263/3263/3263 3236/3236/3236 
f 3263/3263/3263 3264/3264/3264 3236/3236/3236 
f 3236/3236/3236 3264/3264/3264 3236/3236/3236 
f 3264/3264/3264 3265/3265/3265 3236/3236/3236 
f 3236/3236/3236 3265/3265/3265 3236/3236/3236 
f 3265/3265/3265 3266/3266/3266 3236/3236/3236 
f 3236/3236/3236 3266/3266/3266 3236/3236/3236 
f 3266/3266/3266 3267/3267/3267 3236/3236/3236 
f 3236/3236/3236 3267/3267/3267 3236/3236/3236 
f 3267/3267/3267 3268/3268/3268 3236/3236/3236 
f 3236/3236/3236 3268/3268/3268 3236/3236/3236 
f 3268/3268/3268 3269/3269/3269 3236/3236/3236 
f 3236/3236/3236 3269/3269/3269 3236/3236/3236 
f 3269/3269/3269 3270/3270/3270 3236/3236/3236 
f 3236/3236/3236 3270/3270/3270 3236/3236/3236 
f 3270/3270/3270 3271/3271/3271 3236/3236/3236 
f 3236/3236/3236 3271/3271/3271 3236/3236/3236 
f 3271/3271/3271 3272/3272/3272 3236/3236/3236 
f 3236/3236/3236 3272/3272/3272 3236/3236/3236 
f 3272/3272/3272 3273/3273/3273 3236/3236/3236 
f 3236/3236/3236 3273/3273/3273 3236/3236/3236 
f 3273/3273/3273 3274/3274/3274 3236/3236/3236 
f 3236/3236/3236 3274/3274/3274 3236/3236/3236 
f 3274/3274/3274 3275/3275/3275 3236/3236/3236 
f 3236/3236/3236 3275/3275/3275 3236/3236/3236 
f 3275/3275/3275 3276/3276/3276 3236/3236/3236 
f 3236/3236/3236 3276/3276/3276 3236/3236/3236 
f 3276/3276/3276 3277/3277/3277 3236/3236/3236 
f 3236/3236/3236 3277/3277/3277 3236/3236/3236 
f 3277/3277/3277 3278/3278/3278 3236/3236/3236 
f 3236/3236/3236 3278/3278/3278 3236/3236/3236 
f 3278/3278/3278 3279/3279/3279 3236/3236/3236 
f 3236/3236/3236 3279/3279/3279 3236/3236/3236 
f 3279/3279/3279 3280/3280/3280 3236/3236/3236 
f 3236/3236/3236 3280/3280/3280 3236/3236/3236 
f 3280/3280/3280 3281/3281/3281 3236/3236/3236 
f 3236/3236/3236 3281/3281/3281 3236/3236/3236 
f 3281/3281/3281 3282/3282/3282 3236/3236/3236 
f 3236/3236/3236 3282/3282/3282 3236/3236/3236 
f 3282/3282/3282 3283/3283/3283 3236/3236/3236 
f 3236/3236/3236 3283/3283/3283 3236/3236/3236 
f 3283/3283/3283 3284/3284/3284 3236/3236/3236 
f 3236/3236/3236 3284/3284/3284 3236/3236/3236 
f 3284/3284/3284 3285/3285/3285 3236/3236/3236 
f 3236/3236/3236 3285/3285/3285 3236/3236/3236 
f 3285/3285/3285 3286/3286/3286 3236/3236/3236 
f 3236/3236/3236 3286/3286/3286 3236/3236/3236 
f 3286/3286/3286 3287/3287/3287 3236/3236/3236 
f 3236/3236/3236 3287/3287/3287 3236/3236/3236 
f 3287/3287/3287 3288/3288/3288 3236/3236/3236 
f 3236/3236/3236 3288/3288/3288 3236/3236/3236 
f 3288/3288/3288 3289/3289/3289 3236/3236/3236 
f 3236/3236/3236 3289/3289/3289 3236/3236/3236 
f 3289/3289/3289 3290/3290/3290 3236/3236/3236 
f 3236/3236/3236 3290/3290/3290 3236/3236/3236 
f 3290/3290/3290 3291/3291/3291 3236/3236/3236 
f 3236/3236/3236 3291/3291/3291 3236/3236/3236 
f 3291/3291/3291 3292/3292/3292 3236/3236/3236 
f 3236/3236/3236 3292/3292/3292 3293/3293/3293 
f 3292/3292/3292 3293/3293/3293 3293/3293/3293 
f 3293/3293/3293 3293/3293/3293 3294/3294/3294 
f 3293/3293/3293 3294/3294/3294 3294/3294/3294 
f 3294/3294/3294 3294/3294/3294 3295/3295/3295 
f 3294/3294/3294 3296/3296/3296 3295/3295/3295 
f 3295/3295/3295 3296/3296/3296 3295/3295/3295 
f 3296/3296/3296 3297/3297/3297 3295/3295/3295 
f 3295/3295/3295 3297/3297/3297 3298/3298/3298 
f 3297/3297/3297 3299/3299/3299 3298/3298/3298 
f 3298/3298/3298 3299/3299/3299 3300/3300/3300 
f 3299/3299/3299 3301/3301/3301 3300/3300/3300 
f 3300/3300/3300 3301/3301/3301 3302/3302/3302 
f 3301/3301/3301 3303/3303/3303 3302/3302/3302 
f 3302/3302/3302 3303/3303/3303 3304/3304/3304 
f 3303/3303/3303 3305/3305/3305 3304/3304/3304 
f 3304/3304/3304 3305/3305/3305 3306/3306/3306 
f 3305/3305/3305 3307/3307/3307 3306/3306/3306 
f 3306/3306/3306 3307/3307/3307 3308/3308/3308 
f 3307/3307/3307 3309/3309/3309 3308/3308/3308 
f 3308/3308/3308 3309/3309/3309 3310/3310/3310 
f 3309/3309/3309 3311/3311/3311 3310/3310/3310 
f 3310/3310/3310 3311/3311/3311 3312/3312/3312 
f 3311/3311/3311 3313/3313/3313 3312/3312/3312 
f 3312/3312/3312 3313/3313/3313 3314/3314/3314 
f 3313/3313/3313 3315/3315/3315 3314/3314/3314 
f 3314/3314/3314 3315/3315/3315 3316/3316/3316 
f 3315/3315/3315 3317/3317/3317 3316/3316/3316 
f 3316/3316/3316 3317/3317/3317 3318/3318/3318 
f 3317/3317/3317 3319/3319/3319 3318/3318/3318 
f 3318/3318/3318 3319/3319/3319 3320/3320/3320 
f 3319/3319/3319 3321/3321/3321 3320/3320/3320 
f 3320/3320/3320 3321/3321/3321 3322/3322/3322 
f 3321/3321/3321 3323/3323/3323 3322/3322/3322 
f 3322/3322/3322 3323/3323/3323 3324/3324/3324 
f 3323/3323/3323 3325/3325/3325 3324/3324/3324 
f 3324/3324/3324 3325/3325/3325 3326/3326/3326 
f 3325/3325/3325 3327/3327/3327 3326/3326/3326 
f 3326/3326/3326 3327/3327/3327 3328/3328/3328 
f 3327/3327/3327 3329/3329/3329 3328/3328/3328 
f 3328/3328/3328 3329/3329/3329 3330/3330/3330 
f 3329/3329/3329 3331/3331/3331 3330/3330/3330 
f 3330/3330/3330 3331/3331/3331 3332/3332/3332 
f 3331/3331/3331 3333/3333/3333 3332/3332/3332 
f 3332/3332/3332 3333/3333/3333 3334/3334/3334 
f 3333/3333/3333 3335/3335/3335 3334/3334/3334 
f 3334/3334/3334 3335/3335/3335 3336/3336/3336 
f 3335/3335/3335 3337/3337/3337 3336/3336/3336 
f 3336/3336/3336 3337/3337/3337 3338/3338/3338 
f 3337/3337/3337 3339/3339/3339 3338/3338/3338 
f 3338/3338/3338 3339/3339/3339 3340/3340/3340 
f 3339/3339/3339 3341/3341/3341 3340/3340/3340 
f 3340/3340/3340 3341/3341/3341 3342/3342/3342 
f 3341/3341/3341 3343/3343/3343 3342/3342/3342 
f 3342/3342/3342 3343/3343/3343 3344/3344/3344 
f 3343/3343/3343 3345/3345/3345 3344/3344/3344 
f 3344/3344/3344 3345/3345/3345 3346/3346/3346 
f 3345/3345/3345 3347/3347/3347 3346/3346/3346 
f 3346/3346/3346 3347/3347/3347 3348/3348/3348 
f 3347/3347/3347 3349/3349/3349 3348/3348/3348 
f 3348/3348/3348 3349/3349/3349 3350/3350/3350 
f 3349/3349/3349 3351/3351/3351 3350/3350/3350 
f 3350/3350/3350 3351/3351/3351 3352/3352/3352 
f 3351/3351/3351 3353/3353/3353 3352/3352/3352 
f 3352/3352/3352 3353/3353/3353 3354/3354/3354 
f 3353/3353/3353 3355/3355/3355 3354/3354/3354 
f 3354/3354/3354 3355/3355/3355 3356/3356/3356 
f 3355/3355/3355 3357/3357/3357 3356/3356/3356 
f 3356/3356/3356 3357/3357/3357 3358/3358/3358 
f 3357/3357/3357 3359/3359/3359 3358/3358/3358 
f 3358/3358/3358 3359/3359/3359 3360/3360/3360 
f 3359/3359/3359 3361/3361/3361 3360/3360/3360 
f 3360/3360/3360 3361/3361/3361 3362/3362/3362 
f 3361/3361/3361 3363/3363/3363 3362/3362/3362 
f 3362/3362/3362 3363/3363/3363 3364/3364/3364 
f 3363/3363/3363 3365/3365/3365 3364/3364/3364 
f 3364/3364/3364 3365/3365/3365 3366/3366/3366 
f 3365/3365/3365 3367/3367/3367 3366/3366/3366 
f 3366/3366/3366 3367/3367/3367 3368/3368/3368 
f 3367/3367/3367 3369/3369/3369 3368/3368/3368 
f 3368/3368/3368 3369/3369/3369 3370/3370/3370 
f 3369/3369/3369 3371/3371/3371 3370/3370/3370 
f 3370/3370/3370 3371/3371/3371 3372/3372/3372 
f 3371/3371/3371 3373/3373/3373 3372/3372/3372 
f 3372/3372/3372 3373/3373/3373 3374/3374/3374 
f 3373/3373/3373 3375/3375/3375 3374/3374/3374 
f 3374/3374/3374 3375/3375/3375 3376/3376/3376 
f 3375/3375/3375 3377/3377/3377 3376/3376/3376 
f 3376/3376/3376 3377/3377/3377 3378/3378/3378 
f 3377/3377/3377 3379/3379/3379 3378/3378/3378 
f 3378/3378/3378 3379/3379/3379 3380/3380/3380 
f 3379/3379/3379 3381/3381/3381 3380/3380/3380 
f 3380/3380/3380 3381/3381/3381 3382/3382/3382 
f 3381/3381/3381 3383/3383/3383 3382/3382/3382 
f 3382/3382/3382 3383/3383/3383 3384/3384/3384 
f 3383/3383/3383 3385/3385/3385 3384/3384/3384 
f 3384/3384/3384 3385/3385/3385 3386/3386/3386 
f 3385/3385/3385 3387/3387/3387 3386/3386/3386 
f 3386/3386/3386 3387/3387/3387 3388/3388/3388 
f 3387/3387/3387 3389/3389/3389 3388/3388/3388 
f 3388/3388/3388 3389/3389/3389 3390/3390/3390 
f 3389/3389/3389 3391/3391/3391 3390/3390/3390 
f 3390/3390/3390 3391/3391/3391 3392/3392/3392 
f 3391/3391/3391 3393/3393/3393 3392/3392/3392 
f 3392/3392/3392 3393/3393/3393 3394/3394/3394 
f 3393/3393/3393 3395/3395/3395 3394/3394/3394 
f 3394/3394/3394 3395/3395/3395 3396/3396/3396 
f 3395/3395/3395 3397/3397/3397 3396/3396/3396 
f 3396/3396/3396 3397/3397/3397 3398/3398/3398 
f 3397/3397/3397 3399/3399/3399 3398/3398/3398 
f 3398/3398/3398 3399/3399/3399 3400/3400/3400 
f 3399/3399/3399 3401/3401/3401 3400/3400/3400 
f 3400/3400/3400 3401/3401/3401 3402/3402/3402 
f 3401/3401/3401 3403/3403/3403 3402/3402/3402 
f 3402/3402/3402 3403/3403/3403 3404/3404/3404 
f 3403/3403/3403 3405/3405/3405 3404/3404/3404 
f 3404/3404/3404 3405/3405/3405 3406/3406/3406 
f 3405/3405/3405 3407/3407/3407 3406/3406/3406 
f 3406/3406/3406 3407/3407/3407 3408/3408/3408 
f 3407/3407/3407 3409/3409/3409 3408/3408/3408 
f 3408/3408/3408 3409/3409/3409 3410/3410/3410 
f 3409/3409/3409 3411/3411/3411 3410/3410/3410 
f 3410/3410/3410 3411/3411/3411 3412/3412/3412 
f 3411/3411/3411 3413/3413/3413 3412/3412/3412 
f 3412/3412/3412 3413/3413/3413 3414/3414/3414 
f 3413/3413/3413 3415/3415/3415 3414/3414/3414 
f 3414/3414/3414 3415/3415/3415 3415/3415/3415 
f 3415/3415/3415 3416/3416/3416 3415/3415/3415 
f 3415/3415/3415 3416/3416/3416 3416/3416/3416 
f 3416/3416/3416 3417/3417/3417 3416/3416/3416 
f 3416/3416/3416 3417/3417/3417 3418/3418/3418 
f 3417/3417/3417 3419/3419/3419 3418/3418/3418 
f 3418/3418/3418 3419/3419/3419 3418/3418/3418 
f 3419/3419/3419 3420/3420/3420 3418/3418/3418 
f 3418/3418/3418 3420/3420/3420 3418/3418/3418 
f 3420/3420/3420 3421/3421/3421 3418/3418/3418 
f 3418/3418/3418 3421/3421/3421 3418/3418/3418 
f 3421/3421/3421 3422/3422/3422 3418/3418/3418 
f 3418/3418/3418 3422/3422/3422 3418/3418/3418 
f 3422/3422/3422 3423/3423/3423 3418/3418/3418 
f 3418/3418/3418 3423/3423/3423 3418/3418/3418 
f 3423/3423/3423 3424/3424/3424 3418/3418/3418 
f 3418/3418/3418 3424/3424/3424 3418/3418/3418 
f 3424/3424/3424 3425/3425/3425 3418/3418/3418 
f 3418/3418/3418 3425/3425/3425 3418/3418/3418 
f 3425/3425/3425 3426/3426/3426 3418/3418/3418 
f 3418/3418/3418 3426/3426/3426 3418/3418/3418 
f 3426/3426/3426 3427/3427/3427 3418/3418/3418 
f 3418/3418/3418 3427/3427/3427 3418/3418/3418 
f 3427/3427/3427 3428/3428/3428 3418/3418/3418 
f 3418/3418/3418 3428/3428/3428 3418/3418/3418 
f 3428/3428/3428 3429/3429/3429 3418/3418/3418 
f 3418/3418/3418 3429/3429/3429 3418/3418/3418 
f 3429/3429/3429 3430/3430/3430 3418/3418/3418 
f 3418/3418/3418 3430/3430/3430 3418/3418/3418 
f 3430/3430/3430 3431/3431/3431 3418/3418/3418 
f 3418/3418/3418 3431/3431/3431 3418/3418/3418 
f 3431/3431/3431 3432/3432/3432 3418/3418/3418 
f 3418/3418/3418 3432/3432/3432 3418/3418/3418 
f 3432/3432/3432 3433/3433/3433 3418/3418/3418 
f 3418/3418/3418 3433/3433/3433 3418/3418/3418 
f 3433/3433/3433 3434/3434/3434 3418/3418/3418 
f 3418/3418/3418 3434/3434/3434 3418/3418/3418 
f 3434/3434/3434 3435/3435/3435 3418/3418/3418 
f 3418/3418/3418 3435/3435/3435 3418/3418/3418 
f 3435/3435/3435 3436/3436/3436 3418/3418/3418 
f 3418/3418/3418 3436/3436/3436 3418/3418/3418 
f 3436/3436/3436 3437/3437/3437 3418/3418/3418 
f 3418/3418/3418 3437/3437/3437 3418/3418/3418 
f 3437/3437/3437 3438/3438/3438 3418/3418/3418 
f 3418/3418/3418 3438/3438/3438 3418/3418/3418 
f 3438/3438/3438 3439/3439/3439 3418/3418/3418 
f 3418/3418/3418 3439/3439/3439 3418/3418/3418 
f 3439/3439/3439 3440/3440/3440 3418/3418/3418 
f 3418/3418/3418 3440/3440/3440 3418/3418/3418 
f 3440/3440/3440 3441/3441/3441 3418/3418/3418 
f 3418/3418/3418 3441/3441/3441 3418/3418/3418 
f 3441/3441/3441 3442/3442/3442 3418/3418/3418 
f 3418/3418/3418 3442/3442/3442 3418/3418/3418 
f 3442/3442/3442 3443/3443/3443 3418/3418/3418 
f 3418/3418/3418 3443/3443/3443 3418/3418/3418 
f 3443/3443/3443 3444/3444/3444 3418/3418/3418 
f 3418/3418/3418 3444/3444/3444 3418/3418/3418 
f 3444/3444/3444 3445/3445/3445 3418/3418/3418 
f 3418/3418/3418 3445/3445/3445 3418/3418/3418 
f 3445/3445/3445 3446/3446/3446 3418/3418/3418 
f 3418/3418/3418 3446/3446/3446 3418/3418/3418 
f 3446/3446/3446 3447/3447/3447 3418/3418/3418 
f 3418/3418/3418 3447/3447/3447 3418/3418/3418 
f 3447/3447/3447 3448/3448/3448 3418/3418/3418 
f 3418/3418/3418 3448/3448/3448 3418/3418/3418 
f 3448/3448/3448 3449/3449/3449 3418/3418/3418 
f 3418/3418/3418 3449/3449/3449 3418/3418/3418 
f 3449/3449/3449 3450/3450/3450 3418/3418/3418 
f 3418/3418/3418 3450/3450/3450 3418/3418/3418 
f 3450/3450/3450 3451/3451/3451 3418/3418/3418 
f 3418/3418/3418 3451/3451/3451 3418/3418/3418 
f 3451/3451/3451 3452/3452/3452 3418/3418/3418 
f 3418/3418/3418 3452/3452/3452 3418/3418/3418 
f 3452/3452/3452 3453/3453/3453 3418/3418/3418 
f 3418/3418/3418 3453/3453/3453 3418/3418/3418 
f 3453/3453/3453 3454/3454/3454 3418/3418/3418 
f 3418/3418/3418 3454/3454/3454 3418/3418/3418 
f 3454/3454/3454 3455/3455/3455 3418/3418/3418 
f 3418/3418/3418 3455/3455/3455 3418/3418/3418 
f 3455/3455/3455 3456/3456/3456 3418/3418/3418 
f 3418/3418/3418 3456/3456/3456 3418/3418/3418 
f 3456/3456/3456 3457/3457/3457 3418/3418/3418 
f 3418/3418/3418 3457/3457/3457 3418/3418/3418 
f 3457/3457/3457 3458/3458/3458 3418/3418/3418 
f 3418/3418/3418 3458/3458/3458 3418/3418/3418 
f 3458/3458/3458 3459/3459/3459 3418/3418/3418 
f 3418/3418/3418 3459/3459/3459 3418/3418/3418 
f 3459/3459/3459 3460/3460/3460 3418/3418/3418 
f 3418/3418/3418 3460/3460/3460 3418/3418/3418 
f 3460/3460/3460 3461/3461/3461 3418/3418/3418 
f 3418/3418/3418 3461/3461/3461 3418/3418/3418 
f 3461/3461/3461 3462/3462/3462 3418/3418/3418 
f 3418/3418/3418 3462/3462/3462 3418/3418/3418 
f 3462/3462/3462 3463/3463/3463 3418/3418/3418 
f 3418/3418/3418 3463/3463/3463 3418/3418/3418 
f 3463/3463/3463 3464/3464/3464 3418/3418/3418 
f 3418/3418/3418 3464/3464/3464 3418/3418/3418 
f 3464/3464/3464 3465/3465/3465 3418/3418/3418 
f 3418/3418/3418 3465/3465/3465 3418/3418/3418 
f 3465/3465/3465 3466/3466/3466 3418/3418/3418 
f 3418/3418/3418 3466/3466/3466 3418/3418/3418 
f 3466/3466/3466 3467/3467/3467 3418/3418/3418 
f 3418/3418/3418 3467/3467/3467 3418/3418/3418 
f 3467/3467/3467 3468/3468/3468 3418/3418/3418 
f 3418/3418/3418 3468/3468/3468 3418/3418/3418 
f 3468/3468/3468 3469/3469/3469 3418/3418/3418 
f 3418/3418/3418 3469/3469/3469 3418/3418/3418 
f 3469/3469/3469 3470/3470/3470 3418/3418/3418 
f 3418/3418/3418 3470/3470/3470 3418/3418/3418 
f 3470/3470/3470 3471/3471/3471 3418/3418/3418 
f 3418/3418/3418 3471/3471/3471 3418/3418/3418 
f 3471/3471/3471 3472/3472/3472 3418/3418/3418 
f 3418/3418/3418 3472/3472/3472 3418/3418/3418 
f 3472/3472/3472 3473/3473/3473 3418/3418/3418 
f 3418/3418/3418 3473/3473/3473 3418/3418/3418 
f 3473/3473/3473 3474/3474/3474 3418/3418/3418 
f 3418/3418/3418 3474/3474/3474 3475/3475/3475 
f 3474/3474/3474 3475/3475/3475 3475/3475/3475 
f 3475/3475/3475 3475/3475/3475 3476/3476/3476 
f 3475/3475/3475 3476/3476/3476 3476/3476/3476 
f 3476/3476/3476 3476/3476/3476 3477/3477/3477 
f 3476/3476/3476 3478/3478/3478 3477/3477/3477 
f 3477/3477/3477 3478/3478/3478 3477/3477/3477 
f 3478/3478/3478 3479/3479/3479 3477/3477/3477 
f 3477/3477/3477 3479/3479/3479 3480/3480/3480 
f 3479/3479/3479 3481/3481/3481 3480/3480/3480 
f 3480/3480/3480 3481/3481/3481 3482/3482/3482 
f 3481/3481/3481 3483/3483/3483 3482/3482/3482 
f 3482/3482/3482 3483/3483/3483 3484/3484/3484 
f 3483/3483/3483 3485/3485/3485 3484/3484/3484 
f 3484/3484/3484 3485/3485/3485 3486/3486/3486 
f 3485/3485/3485 3487/3487/3487 3486/3486/3486 
f 3486/3486/3486 3487/3487/3487 3488/3488/3488 
f 3487/3487/3487 3489/3489/3489 3488/3488/3488 
f 3488/3488/3488 3489/3489/3489 3490/3490/3490 
f 3489/3489/3489 3491/3491/3491 3490/3490/3490 
f 3490/3490/3490 3491/3491/3491 3492/3492/3492 
f 3491/3491/3491 3493/3493/3493 3492/3492/3492 
f 3492/3492/3492 3493/3493/3493 3494/3494/3494 
f 3493/3493/3493 3495/3495/3495 3494/3494/3494 
f 3494/3494/3494 3495/3495/3495 3496/3496/3496 
f 3495/3495/3495 3497/3497/3497 3496/3496/3496 
f 3496/3496/3496 3497/3497/3497 3498/3498/3498 
f 3497/3497/3497 3499/3499/3499 3498/3498/3498 
f 3498/3498/3498 3499/3499/3499 3500/3500/3500 
f 3499/3499/3499 3501/3501/3501 3500/3500/3500 
f 3500/3500/3500 3501/3501/3501 3502/3502/3502 
f 3501/3501/3501 3503/3503/3503 3502/3502/3502 
f 3502/3502/3502 3503/3503/3503 3504/3504/3504 
f 3503/3503/3503 3505/3505/3505 3504/3504/3504 
f 3504/3504/3504 3505/3505/3505 3506/3506/3506 
f 3505/3505/3505 3507/3507/3507 3506/3506/3506 
f 3506/3506/3506 3507/3507/3507 3508/3508/3508 
f 3507/3507/3507 3509/3509/3509 3508/3508/3508 
f 3508/3508/3508 3509/3509/3509 3510/3510/3510 
f 3509/3509/3509 3511/3511/3511 3510/3510/3510 
f 3510/3510/3510 3511/3511/3511 3512/3512/3512 
f 3511/3511/3511 3513/3513/3513 3512/3512/3512 
f 3512/3512/3512 3513/3513/3513 3514/3514/3514 
f 3513/3513/3513 3515/3515/3515 3514/3514/3514 
f 3514/3514/3514 3515/3515/3515 3516/3516/3516 
f 3515/3515/3515 3517/3517/3517 3516/3516/3516 
f 3516/3516/3516 3517/3517/3517 3518/3518/3518 
f 3517/3517/3517 3519/3519/3519 3518/3518/3518 
f 3518/3518/3518 3519/3519/3519 3520/3520/3520 
f 3519/3519/3519 3521/3521/3521 3520/3520/3520 
f 3520/3520/3520 3521/3521/3521 3522/3522/3522 
f 3521/3521/3521 3523/3523/3523 3522/3522/3522 
f 3522/3522/3522 3523/3523/3523 3524/3524/3524 
f 3523/3523/3523 3525/3525/3525 3524/3524/3524 
f 3524/3524/3524 3525/3525/3525 3526/3526/3526 
f 3525/3525/3525 3527/3527/3527 3526/3526/3526 
f 3526/3526/3526 3527/3527/3527 3528/3528/3528 
f 3527/3527/3527 3529/3529/3529 3528/3528/3528 
f 3528/3528/3528 3529/3529/3529 3530/3530/3530 
f 3529/3529/3529 3531/3531/3531 3530/3530/3530 
f 3530/3530/3530 3531/3531/3531 3532/3532/3532 
f 3531/3531/3531 3533/3533/3533 3532/3532/3532 
f 3532/3532/3532 3533/3533/3533 3534/3534/3534 
f 3533/3533/3533 3535/3535/3535 3534/3534/3534 
f 3534/3534/3534 3535/3535/3535 3536/3536/3536 
f 3535/3535/3535 3537/3537/3537 3536/3536/3536 
f 3536/3536/3536 3537/3537/3537 3538/3538/3538 
f 3537/3537/3537 3539/3539/3539 3538/3538/3538 
f 3538/3538/3538 3539/3539/3539 3540/3540/3540 
f 3539/3539/3539 3541/3541/3541 3540/3540/3540 
f 3540/3540/3540 3541/3541/3541 3542/3542/3542 
f 3541/3541/3541 3543/3543/3543 3542/3542/3542 
f 3542/3542/3542 3543/3543/3543 3544/3544/3544 
f 3543/3543/3543 3545/3545/3545 3544/3544/3544 
f 3544/3544/3544 3545/3545/3545 3546/3546/3546 
f 3545/3545/3545 3547/3547/3547 3546/3546/3546 
f 3546/3546/3546 3547/3547/3547 3548/3548/3548 
f 3547/3547/3547 3549/3549/3549 3548/3548/3548 
f 3548/3548/3548 3549/3549/3549 3550/3550/3550 
f 3549/3549/3549 3551/3551/3551 3550/3550/3550 
f 3550/3550/3550 3551/3551/3551 3552/3552/3552 
f 3551/3551/3551 3553/3553/3553 3552/3552/3552 
f 3552/3552/3552 3553/3553/3553 3554/3554/3554 
f 3553/3553/3553 3555/3555/3555 3554/3554/3554 
f 3554/3554/3554 3555/3555/3555 3556/3556/3556 
f 3555/3555/3555 3557/3557/3557 3556/3556/3556 
f 3556/3556/3556 3557/3557/3557 3558/3558/3558 
f 3557/3557/3557 3559/3559/3559 3558/3558/3558 
f 3558/3558/3558 3559/3559/3559 3560/3560/3560 
f 3559/3559/3559 3561/3561/3561 3560/3560/3560 
f 3560/3560/3560 3561/3561/3561 3562/3562/3562 
f 3561/3561/3561 3563/3563/3563 3562/3562/3562 
f 3562/3562/3562 3563/3563/3563 3564/3564/3564 
f 3563/3563/3563 3565/3565/3565 3564/3564/3564 
f 3564/3564/3564 3565/3565/3565 3566/3566/3566 
f 3565/3565/3565 3567/3567/3567 3566/3566/3566 
f 3566/3566/3566 3567/3567/3567 3568/3568/3568 
f 3567/3567/3567 3569/3569/3569 3568/3568/3568 
f 3568/3568/3568 3569/3569/3569 3570/3570/3570 
f 3569/3569/3569 3571/3571/3571 3570/3570/3570 
f 3570/3570/3570 3571/3571/3571 3572/3572/3572 
f 3571/3571/3571 3573/3573/3573 3572/3572/3572 
f 3572/3572/3572 3573/3573/3573 3574/3574/3574 
f 3573/3573/3573 3575/3575/3575 3574/3574/3574 
f 3574/3574/3574 3575/3575/3575 3576/3576/3576 
f 3575/3575/3575 3577/3577/3577 3576/3576/3576 
f 3576/3576/3576 3577/3577/3577 3578/3578/3578 
f 3577/3577/3577 3579/3579/3579 3578/3578/3578 
f 3578/3578/3578 3579/3579/3579 3580/3580/3580 
f 3579/3579/3579 3581/3581/3581 3580/3580/3580 
f 3580/3580/3580 3581/3581/3581 3582/3582/3582 
f 3581/3581/3581 3583/3583/3583 3582/3582/3582 
f 3582/3582/3582 3583/3583/3583 3584/3584/3584 
f 3583/3583/3583 3585/3585/3585 3584/3584/3584 
f 3584/3584/3584 3585/3585/3585 3586/3586/3586 
f 3585/3585/3585 3587/3587/3587 3586/3586/3586 
f 3586/3586/3586 3587/3587/3587 3588/3588/3588 
f 3587/3587/3587 3589/3589/3589 3588/3588/3588 
f 3588/3588/3588 3589/3589/3589 3590/3590/3590 
f 3589/3589/3589 3591/3591/3591 3590/3590/3590 
f 3590/3590/3590 3591/3591/3591 3592/3592/3592 
f 3591/3591/3591 3593/3593/3593 3592/3592/3592 
f 3592/3592/3592 3593/3593/3593 3594/3594/3594 
f 3593/3593/3593 3595/3595/3595 3594/3594/3594 
f 3594/3594/3594 3595/3595/3595 3596/3596/3596 
f 3595/3595/3595 3597/3597/3597 3596/3596/3596 

