mtllib model_2.mtl
o model_2
v 0.505501925945282 0.4683302044868469 -2.870569944381714 
v 0.448543518781662 0.09014459699392319 -2.5508387088775635 
v -0.5055096745491028 0.4683302044868469 -2.870569944381714 
v -0.4485512673854828 0.09014459699392319 -2.5508387088775635 
v -1.4567149877548218 0.4683302044868469 -2.525596857070923 
v -1.2943835258483887 0.09014459699392319 -2.242326259613037 
v -2.2341971397399902 0.4683302044868469 -1.8749157190322876 
v -1.9835801124572754 0.09014459699392319 -1.664566159248352 
v -2.738278865814209 0.4683302044868469 -0.9970571398735046 
v -2.433551549911499 0.09014459699392319 -0.884870707988739 
v -2.9148499965667725 0.4683302044868469 -0.0014028199948370457 
v -2.5901870727539062 0.09014459699392319 -0.0014028199948370457 
v -2.738278865814209 0.4683302044868469 0.9970561265945435 
v -2.433551549911499 0.09014459699392319 0.8848697543144226 
v -2.2341971397399902 0.4683302044868469 1.8749147653579712 
v -1.9835801124572754 0.09014459699392319 1.6645652055740356 
v -1.4567149877548218 0.4683302044868469 2.5255959033966064 
v -1.2943835258483887 0.09014459699392319 2.2423250675201416 
v -0.5055096745491028 0.4683302044868469 2.8705689907073975 
v -0.4485512673854828 0.09014459699392319 2.550837755203247 
v 0.505501925945282 0.4683302044868469 2.8705689907073975 
v 0.448543518781662 0.09014459699392319 2.550837755203247 
v 1.456707239151001 0.4683302044868469 2.5255959033966064 
v 1.2943757772445679 0.09014459699392319 2.2423250675201416 
v 2.23418927192688 0.4683302044868469 1.8749147653579712 
v 1.9835723638534546 0.09014459699392319 1.6645652055740356 
v 2.7382712364196777 0.4683302044868469 0.9970561265945435 
v 2.4335436820983887 0.09014459699392319 0.8848697543144226 
v 2.914842128753662 0.4683302044868469 0.0014018400106579065 
v 2.590179443359375 0.09014459699392319 0.0014018400106579065 
v 2.7382712364196777 0.4683302044868469 -0.9970571398735046 
v 2.4335436820983887 0.09014459699392319 -0.884870707988739 
v 2.23418927192688 0.4683302044868469 -1.8749157190322876 
v 1.9835723638534546 0.09014459699392319 -1.664566159248352 
v 1.456707239151001 0.4683302044868469 -2.525596857070923 
v 1.2943757772445679 0.09014459699392319 -2.242326259613037 
v 0.505501925945282 0.4683302044868469 -2.870569944381714 
v 0.448543518781662 0.09014459699392319 -2.5508387088775635 
v 1.180458903312683 0.24378250539302826 -2.0460000038146973 
v 0.4115205705165863 0.24378250539302826 -2.3264658451080322 
v -0.4485512673854828 0.09014459699392319 -2.5508387088775635 
v -0.4115283191204071 0.24378250539302826 -2.3264658451080322 
v -1.2943835258483887 0.09014459699392319 -2.242326259613037 
v -1.1804667711257935 0.24378250539302826 -2.0460000038146973 
v -1.9835801124572754 0.09014459699392319 -1.664566159248352 
v -1.8098570108413696 0.24378250539302826 -1.5187238454818726 
v -2.433551549911499 0.09014459699392319 -0.884870707988739 
v -2.2199575901031494 0.24378250539302826 -0.809144914150238 
v -2.5901870727539062 0.09014459699392319 -0.0014028199948370457 
v -2.362353563308716 0.24378250539302826 -0.0014028199948370457 
v -2.433551549911499 0.09014459699392319 0.8848697543144226 
v -2.2199575901031494 0.24378250539302826 0.8091439008712769 
v -1.9835801124572754 0.09014459699392319 1.6645652055740356 
v -1.8098570108413696 0.24378250539302826 1.5187228918075562 
v -1.2943835258483887 0.09014459699392319 2.2423250675201416 
v -1.1804667711257935 0.24378250539302826 2.045999050140381 
v -0.4485512673854828 0.09014459699392319 2.550837755203247 
v -0.4115283191204071 0.24378250539302826 2.326464891433716 
v 0.448543518781662 0.09014459699392319 2.550837755203247 
v 0.4115205705165863 0.24378250539302826 2.326464891433716 
v 1.2943757772445679 0.09014459699392319 2.2423250675201416 
v 1.180458903312683 0.24378250539302826 2.045999050140381 
v 1.9835723638534546 0.09014459699392319 1.6645652055740356 
v 1.8098492622375488 0.24378250539302826 1.5187228918075562 
v 2.4335436820983887 0.09014459699392319 0.8848697543144226 
v 2.219949722290039 0.24378250539302826 0.8091439008712769 
v 2.3623456954956055 0.24378250539302826 0.0014018400106579065 
v 2.219949722290039 0.24378250539302826 -0.809144914150238 
v 1.8098492622375488 0.24378250539302826 -1.5187238454818726 
v 0.25203704833984375 0.44469359517097473 -0.21175232529640198 
v 0.1637515127658844 0.44469359517097473 -0.2846734821796417 
v 0.05837848037481308 0.44469359517097473 -0.3239387273788452 
v -0.058386240154504776 0.44469359517097473 -0.3239387273788452 
v -0.1637592762708664 0.44469359517097473 -0.2846734821796417 
v -0.25204479694366455 0.44469359517097473 -0.21175232529640198 
v -0.30900320410728455 0.44469359517097473 -0.11358921974897385 
v -0.32893863320350647 0.44469359517097473 -0.0014028199948370457 
v -0.30900320410728455 0.44469359517097473 0.11358824372291565 
v -0.25204479694366455 0.44469359517097473 0.21175134181976318 
v -0.1637592762708664 0.44469359517097473 0.28467249870300293 
v -0.058386240154504776 0.44469359517097473 0.3239377439022064 
v 0.05837848037481308 0.44469359517097473 0.3239377439022064 
v 0.1637515127658844 0.44469359517097473 0.28467249870300293 
v 0.25203704833984375 0.44469359517097473 0.21175134181976318 
v 0.30899542570114136 0.44469359517097473 0.11358824372291565 
v 0.32893088459968567 0.44469359517097473 -0.0014028199948370457 
v 0.30899542570114136 0.44469359517097473 -0.11358921974897385 
v 0.16090360283851624 24.28220558166504 -0.904503345489502 
v 0.1979265660047531 23.974929809570312 -1.1232668161392212 
v -0.16091136634349823 24.28220558166504 -0.904503345489502 
v -0.1979343146085739 23.974929809570312 -1.1232668161392212 
v -0.4599429666996002 24.28220558166504 -0.7951216101646423 
v -0.5710118412971497 23.974929809570312 -0.9886431694030762 
v -0.7048640847206116 24.28220558166504 -0.5903814435005188 
v -0.872891366481781 23.974929809570312 -0.7334190607070923 
v -0.8643475770950317 24.28220558166504 -0.31552472710609436 
v -1.072245717048645 23.974929809570312 -0.3912505507469177 
v -0.918458104133606 24.28220558166504 0.0014018400106579065 
v -1.14059579372406 23.974929809570312 0.0014018400106579065 
v -0.8643475770950317 24.28220558166504 0.31552377343177795 
v -1.072245717048645 23.974929809570312 0.39124956727027893 
v -0.7048640847206116 24.28220558166504 0.5903804302215576 
v -0.872891366481781 23.974929809570312 0.7334181070327759 
v -0.4599429666996002 24.28220558166504 0.7951205968856812 
v -0.5710118412971497 23.974929809570312 0.988642156124115 
v -0.16091136634349823 24.28220558166504 0.9045023322105408 
v -0.1979343146085739 23.974929809570312 1.1232658624649048 
v 0.16090360283851624 24.28220558166504 0.9045023322105408 
v 0.1979265660047531 23.974929809570312 1.1232658624649048 
v 0.45993518829345703 24.28220558166504 0.7951205968856812 
v 0.5710040926933289 23.974929809570312 0.988642156124115 
v 0.7048563361167908 24.28220558166504 0.5903804302215576 
v 0.8728836178779602 23.974929809570312 0.7334181070327759 
v 0.8643398284912109 24.28220558166504 0.31552377343177795 
v 1.0722379684448242 23.974929809570312 0.39124956727027893 
v 0.9184502959251404 24.28220558166504 0.0014018400106579065 
v 1.1405880451202393 23.974929809570312 0.0014018400106579065 
v 0.8643398284912109 24.28220558166504 -0.31552472710609436 
v 1.0722379684448242 23.974929809570312 -0.3912505507469177 
v 0.7048563361167908 24.28220558166504 -0.5903814435005188 
v 0.8728836178779602 23.974929809570312 -0.7334190607070923 
v 0.45993518829345703 24.28220558166504 -0.7951216101646423 
v 0.5710040926933289 23.974929809570312 -0.9886431694030762 
v 0.16090360283851624 24.28220558166504 -0.904503345489502 
v 0.1979265660047531 23.974929809570312 -1.1232668161392212 
v 0.16659943759441376 23.6912899017334 -0.9437685608863831 
v -0.16660720109939575 23.6912899017334 -0.9437685608863831 
v -0.47987839579582214 23.6912899017334 -0.8315821886062622 
v -0.7333433032035828 23.6912899017334 -0.6156233549118042 
v -0.9013705849647522 23.6912899017334 -0.32674339413642883 
v -0.9583289623260498 23.6912899017334 0.0014018400106579065 
v -0.9013705849647522 23.6912899017334 0.32674241065979004 
v -0.7333433032035828 23.6912899017334 0.6156224012374878 
v -0.47987839579582214 23.6912899017334 0.831581175327301 
v -0.16660720109939575 23.6912899017334 0.9437676072120667 
v 0.16659943759441376 23.6912899017334 0.9437676072120667 
v 0.47987064719200134 23.6912899017334 0.831581175327301 
v 0.7333354949951172 23.6912899017334 0.6156224012374878 
v 0.9013627767562866 23.6912899017334 0.32674241065979004 
v 0.958321213722229 23.6912899017334 0.0014018400106579065 
v 0.9013627767562866 23.6912899017334 -0.32674339413642883 
v 0.7333354949951172 23.6912899017334 -0.6156233549118042 
v 0.47987064719200134 23.6912899017334 -0.8315821886062622 
v 0.16659943759441376 23.6912899017334 -0.9437685608863831 
v 0.20647032558918 23.384014129638672 -1.1709460020065308 
v -0.2064780741930008 23.384014129638672 -1.1709460020065308 
v -0.5937951803207397 23.384014129638672 -1.0279083251953125 
v -0.9099143147468567 23.384014129638672 -0.7642703652381897 
v -1.1178125143051147 23.384014129638672 -0.4052738547325134 
v -1.189010500907898 23.384014129638672 0.0014018400106579065 
v -1.1178125143051147 23.384014129638672 0.40527287125587463 
v -0.9099143147468567 23.384014129638672 0.7642693519592285 
v -0.5937951803207397 23.384014129638672 1.027907371520996 
v -0.2064780741930008 23.384014129638672 1.1709450483322144 
v 0.20647032558918 23.384014129638672 1.1709450483322144 
v 0.593787431716919 23.384014129638672 1.027907371520996 
v 0.9099065661430359 23.384014129638672 0.7642693519592285 
v 1.117804765701294 23.384014129638672 0.40527287125587463 
v 1.1890027523040771 23.384014129638672 0.0014018400106579065 
v 1.117804765701294 23.384014129638672 -0.4052738547325134 
v 0.9099065661430359 23.384014129638672 -0.7642703652381897 
v 0.593787431716919 23.384014129638672 -1.0279083251953125 
v 0.20647032558918 23.384014129638672 -1.1709460020065308 
v 0.17229528725147247 23.13582992553711 -0.9830338358879089 
v -0.17230303585529327 23.13582992553711 -0.9830338358879089 
v -0.49981385469436646 23.13582992553711 -0.8624334335327148 
v -0.7646703720092773 23.13582992553711 -0.6408653259277344 
v -0.9355456233024597 23.13582992553711 -0.34076666831970215 
v -0.9981998205184937 23.13582992553711 0.0014018400106579065 
v -0.9355456233024597 23.13582992553711 0.34076571464538574 
v -0.7646703720092773 23.13582992553711 0.6408643126487732 
v -0.49981385469436646 23.13582992553711 0.8624324798583984 
v -0.17230303585529327 23.13582992553711 0.9830328226089478 
v 0.17229528725147247 23.13582992553711 0.9830328226089478 
v 0.49980607628822327 23.13582992553711 0.8624324798583984 
v 0.7646626234054565 23.13582992553711 0.6408643126487732 
v 0.9355378150939941 23.13582992553711 0.34076571464538574 
v 0.9981920719146729 23.13582992553711 0.0014018400106579065 
v 0.9355378150939941 23.13582992553711 -0.34076666831970215 
v 0.7646626234054565 23.13582992553711 -0.6408653259277344 
v 0.49980607628822327 23.13582992553711 -0.8624334335327148 
v 0.17229528725147247 23.13582992553711 -0.9830338358879089 
v 0.21501408517360687 19.495792388916016 -1.2214299440383911 
v -0.21502183377742767 19.495792388916016 -1.2214299440383911 
v -0.6194264888763428 19.495792388916016 -1.0755876302719116 
v -0.9497851729393005 19.495792388916016 -0.7979262471199036 
v -1.166227102279663 19.495792388916016 -0.42490649223327637 
v -1.2402729988098145 19.495792388916016 0.0014018400106579065 
v -1.166227102279663 19.495792388916016 0.4249055087566376 
v -0.9497851729393005 19.495792388916016 0.7979252934455872 
v -0.6194264888763428 19.495792388916016 1.0755866765975952 
v -0.21502183377742767 19.495792388916016 1.2214289903640747 
v 0.21501408517360687 19.495792388916016 1.2214289903640747 
v 0.619418740272522 19.495792388916016 1.0755866765975952 
v 0.9497774243354797 19.495792388916016 0.7979252934455872 
v 1.1662193536758423 19.495792388916016 0.4249055087566376 
v 1.2402652502059937 19.495792388916016 0.0014018400106579065 
v 1.1662193536758423 19.495792388916016 -0.42490649223327637 
v 0.9497774243354797 19.495792388916016 -0.7979262471199036 
v 0.619418740272522 19.495792388916016 -1.0755876302719116 
v 0.21501408517360687 19.495792388916016 -1.2214299440383911 
v -0.19508640468120575 15.560298919677734 -1.1064388751983643 
v -0.5624680519104004 15.560298919677734 -0.9718151688575745 
v -0.8614996671676636 15.560298919677734 -0.7222004532814026 
v -1.055158257484436 15.560298919677734 -0.3856412470340729 
v -1.123508334159851 15.560298919677734 0.0014018400106579065 
v -1.055158257484436 15.560298919677734 0.3856402635574341 
v -0.8614996671676636 15.560298919677734 0.7221994400024414 
v -0.5624680519104004 15.560298919677734 0.9718142151832581 
v -0.19508640468120575 15.560298919677734 1.1064379215240479 
v 0.19507864117622375 15.560298919677734 1.1064379215240479 
v 0.5624603033065796 15.560298919677734 0.9718142151832581 
v 0.8614919185638428 15.560298919677734 0.7221994400024414 
v 1.0551505088806152 15.560298919677734 0.3856402635574341 
v 1.1235005855560303 15.560298919677734 0.0014018400106579065 
v 1.0551505088806152 15.560298919677734 -0.3856412470340729 
v 0.8614919185638428 15.560298919677734 -0.7222004532814026 
v 0.5624603033065796 15.560298919677734 -0.9718151688575745 
v 0.19507864117622375 15.560298919677734 -1.1064388751983643 
v -0.26628440618515015 13.728463172912598 -1.5075052976608276 
v -0.7646703720092773 13.728463172912598 -1.3252023458480835 
v -1.1719229221343994 13.728463172912598 -0.9830338358879089 
v -1.4396274089813232 13.728463172912598 -0.5230695605278015 
v -1.5307608842849731 13.728463172912598 0.0014018400106579065 
v -1.4396274089813232 13.728463172912598 0.5230686068534851 
v -1.1719229221343994 13.728463172912598 0.9830328226089478 
v -0.7646703720092773 13.728463172912598 1.325201392173767 
v -0.26628440618515015 13.728463172912598 1.5075042247772217 
v 0.26627662777900696 13.728463172912598 1.5075042247772217 
v 0.7646626234054565 13.728463172912598 1.325201392173767 
v 1.1719151735305786 13.728463172912598 0.9830328226089478 
v 1.4396196603775024 13.728463172912598 0.5230686068534851 
v 1.5307531356811523 13.728463172912598 0.0014018400106579065 
v 1.4396196603775024 13.728463172912598 -0.5230695605278015 
v 1.1719151735305786 13.728463172912598 -0.9830338358879089 
v 0.7646626234054565 13.728463172912598 -1.3252023458480835 
v 0.26627662777900696 13.728463172912598 -1.5075052976608276 
v -0.3773532807826996 12.771180152893066 -2.144163131713867 
v -1.0893332958221436 12.771180152893066 -1.886134386062622 
v -1.6674610376358032 12.771180152893066 -1.4009281396865845 
v -2.046234369277954 12.771180152893066 -0.7446377277374268 
v -2.177238702774048 12.771180152893066 -0.0014028199948370457 
v -2.046234369277954 12.771180152893066 0.7446367144584656 
v -1.6674610376358032 12.771180152893066 1.400927186012268 
v -1.0893332958221436 12.771180152893066 1.8861333131790161 
v -0.3773532807826996 12.771180152893066 2.144162178039551 
v 0.3773455321788788 12.771180152893066 2.144162178039551 
v 1.0893255472183228 12.771180152893066 1.8861333131790161 
v 1.6674532890319824 12.771180152893066 1.400927186012268 
v 2.046226739883423 12.771180152893066 0.7446367144584656 
v 2.1772310733795166 12.771180152893066 0.0014018400106579065 
v 2.046226739883423 12.771180152893066 -0.7446377277374268 
v 1.6674532890319824 12.771180152893066 -1.4009281396865845 
v 1.0893255472183228 12.771180152893066 -1.886134386062622 
v 0.3773455321788788 12.771180152893066 -2.144163131713867 
v -0.4827263057231903 11.577531814575195 -2.7443602085113525 
v -1.394060730934143 11.577531814575195 -2.4134104251861572 
v -2.1345198154449463 11.577531814575195 -1.7907758951187134 
v -2.618666410446167 11.577531814575195 -0.9521825313568115 
v -2.786693572998047 11.577531814575195 -0.0014028199948370457 
v -2.618666410446167 11.577531814575195 0.9521815776824951 
v -2.1345198154449463 11.577531814575195 1.790774941444397 
v -1.394060730934143 11.577531814575195 2.413409471511841 
v -0.4827263057231903 11.577531814575195 2.744359254837036 
v 0.4827185571193695 11.577531814575195 2.744359254837036 
v 1.3940529823303223 11.577531814575195 2.413409471511841 
v 2.134512186050415 11.577531814575195 1.790774941444397 
v 2.6186585426330566 11.577531814575195 0.9521815776824951 
v 2.7866859436035156 11.577531814575195 0.0014018400106579065 
v 2.6186585426330566 11.577531814575195 -0.9521825313568115 
v 2.134512186050415 11.577531814575195 -1.7907758951187134 
v 1.3940529823303223 11.577531814575195 -2.4134104251861572 
v 0.4827185571193695 11.577531814575195 -2.7443602085113525 
v 0.4827185571193695 11.577531814575195 -2.7443602085113525 
v 0.3773455321788788 12.771180152893066 -2.144163131713867 
v 0.26627662777900696 13.728463172912598 -1.5075052976608276 
v 0.19507864117622375 15.560298919677734 -1.1064388751983643 
v 2.3965208530426025 11.518440246582031 -0.8736521005630493 
v 2.3965208530426025 0.4919668138027191 -0.8736521005630493 
v 2.5503084659576416 11.518440246582031 0.0014018400106579065 
v 2.5503084659576416 0.4919668138027191 0.0014018400106579065 
v -2.550316333770752 11.518440246582031 0.0014018400106579065 
v -2.550316333770752 0.4919668138027191 0.0014018400106579065 
v -2.396528482437134 11.518440246582031 -0.8736521005630493 
v -2.396528482437134 0.4919668138027191 -0.8736521005630493 
v -1.9551010131835938 11.518440246582031 -1.6393243074417114 
v -1.9551010131835938 0.4919668138027191 -1.6393243074417114 
v -1.274448037147522 11.518440246582031 -2.208670139312744 
v -1.274448037147522 0.4919668138027191 -2.208670139312744 
v -0.44285544753074646 11.518440246582031 -2.511573553085327 
v -0.44285544753074646 0.4919668138027191 -2.511573553085327 
v 0.44284766912460327 11.518440246582031 -2.511573553085327 
v 0.44284766912460327 0.4919668138027191 -2.511573553085327 
v 1.2744402885437012 11.518440246582031 -2.208670139312744 
v 1.2744402885437012 0.4919668138027191 -2.208670139312744 
v 1.9550931453704834 11.518440246582031 -1.6393243074417114 
v 1.9550931453704834 0.4919668138027191 -1.6393243074417114 
v 2.3965208530426025 11.518440246582031 -0.8736521005630493 
v 2.3965208530426025 0.4919668138027191 -0.8736521005630493 
v -2.550316333770752 0.4919668138027191 0.0014018400106579065 
v -2.550316333770752 11.518440246582031 0.0014018400106579065 
v -2.396528482437134 0.4919668138027191 0.8736510872840881 
v -2.396528482437134 11.518440246582031 0.8736510872840881 
v -1.9551010131835938 0.4919668138027191 1.6393232345581055 
v -1.9551010131835938 11.518440246582031 1.6393232345581055 
v -1.274448037147522 0.4919668138027191 2.2086691856384277 
v -1.274448037147522 11.518440246582031 2.2086691856384277 
v -0.44285544753074646 0.4919668138027191 2.5115725994110107 
v -0.44285544753074646 11.518440246582031 2.5115725994110107 
v 0.44284766912460327 0.4919668138027191 2.5115725994110107 
v 0.44284766912460327 11.518440246582031 2.5115725994110107 
v 1.2744402885437012 0.4919668138027191 2.2086691856384277 
v 1.2744402885437012 11.518440246582031 2.2086691856384277 
v 1.9550931453704834 0.4919668138027191 1.6393232345581055 
v 1.9550931453704834 11.518440246582031 1.6393232345581055 
v 2.3965208530426025 0.4919668138027191 0.8736510872840881 
v 2.3965208530426025 11.518440246582031 0.8736510872840881 
v 2.5503084659576416 0.4919668138027191 0.0014018400106579065 
v 2.5503084659576416 11.518440246582031 0.0014018400106579065 
v 2.914842128753662 0.4683302044868469 0.0014018400106579065 
v 2.914842128753662 9.686604499816895 0.0014018400106579065 
v 2.7382712364196777 0.4683302044868469 0.9970561265945435 
v 2.7382712364196777 9.686604499816895 0.9970561265945435 
v 2.23418927192688 0.4683302044868469 1.8749147653579712 
v 2.23418927192688 9.686604499816895 1.8749147653579712 
v 1.456707239151001 0.4683302044868469 2.5255959033966064 
v 1.456707239151001 9.686604499816895 2.5255959033966064 
v 0.505501925945282 0.4683302044868469 2.8705689907073975 
v 0.505501925945282 9.686604499816895 2.8705689907073975 
v -0.5055096745491028 0.4683302044868469 2.8705689907073975 
v -0.5055096745491028 9.686604499816895 2.8705689907073975 
v -1.4567149877548218 0.4683302044868469 2.5255959033966064 
v -1.4567149877548218 9.686604499816895 2.5255959033966064 
v -2.2341971397399902 0.4683302044868469 1.8749147653579712 
v -2.2341971397399902 9.686604499816895 1.8749147653579712 
v -2.738278865814209 0.4683302044868469 0.9970561265945435 
v -2.738278865814209 9.686604499816895 0.9970561265945435 
v -2.9148499965667725 0.4683302044868469 -0.0014028199948370457 
v -2.9148499965667725 9.686604499816895 -0.0014028199948370457 
v 2.6186585426330566 11.577531814575195 0.9521815776824951 
v 2.134512186050415 11.577531814575195 1.790774941444397 
v 1.3940529823303223 11.577531814575195 2.413409471511841 
v 0.4827185571193695 11.577531814575195 2.744359254837036 
v -0.4827263057231903 11.577531814575195 2.744359254837036 
v -1.394060730934143 11.577531814575195 2.413409471511841 
v -2.1345198154449463 11.577531814575195 1.790774941444397 
v -2.618666410446167 11.577531814575195 0.9521815776824951 
v -2.786693572998047 11.577531814575195 -0.0014028199948370457 
v -2.9148499965667725 0.4683302044868469 -0.0014028199948370457 
v -2.9148499965667725 9.686604499816895 -0.0014028199948370457 
v -2.738278865814209 0.4683302044868469 -0.9970571398735046 
v -2.738278865814209 9.686604499816895 -0.9970571398735046 
v -2.2341971397399902 0.4683302044868469 -1.8749157190322876 
v -2.2341971397399902 9.686604499816895 -1.8749157190322876 
v -1.4567149877548218 0.4683302044868469 -2.525596857070923 
v -1.4567149877548218 9.686604499816895 -2.525596857070923 
v -0.5055096745491028 0.4683302044868469 -2.870569944381714 
v -0.5055096745491028 9.686604499816895 -2.870569944381714 
v 0.505501925945282 0.4683302044868469 -2.870569944381714 
v 0.505501925945282 9.686604499816895 -2.870569944381714 
v 1.456707239151001 0.4683302044868469 -2.525596857070923 
v 1.456707239151001 9.686604499816895 -2.525596857070923 
v 2.23418927192688 0.4683302044868469 -1.8749157190322876 
v 2.23418927192688 9.686604499816895 -1.8749157190322876 
v 2.7382712364196777 0.4683302044868469 -0.9970571398735046 
v 2.7382712364196777 9.686604499816895 -0.9970571398735046 
v 2.914842128753662 0.4683302044868469 0.0014018400106579065 
v 2.914842128753662 9.686604499816895 0.0014018400106579065 
v -2.618666410446167 11.577531814575195 -0.9521825313568115 
v -2.1345198154449463 11.577531814575195 -1.7907758951187134 
v -1.394060730934143 11.577531814575195 -2.4134104251861572 
v -0.4827263057231903 11.577531814575195 -2.7443602085113525 
v 0.4827185571193695 11.577531814575195 -2.7443602085113525 
v 1.3940529823303223 11.577531814575195 -2.4134104251861572 
v 2.134512186050415 11.577531814575195 -1.7907758951187134 
v 2.6186585426330566 11.577531814575195 -0.9521825313568115 
v 2.7866859436035156 11.577531814575195 0.0014018400106579065 
v 0.7048563361167908 24.28220558166504 0.5903804302215576 
v 0.662137508392334 24.28220558166504 0.5539198517799377 
v 0.45993518829345703 24.28220558166504 0.7951205968856812 
v 0.4314559996128082 24.28220558166504 0.7474414110183716 
v 0.16090360283851624 24.28220558166504 0.9045023322105408 
v 0.14951191842556 24.28220558166504 0.851213812828064 
v -0.16091136634349823 24.28220558166504 0.9045023322105408 
v -0.149519681930542 24.28220558166504 0.851213812828064 
v -0.4599429666996002 24.28220558166504 0.7951205968856812 
v -0.43146374821662903 24.28220558166504 0.7474414110183716 
v -0.7048640847206116 24.28220558166504 0.5903804302215576 
v -0.6621452569961548 24.28220558166504 0.5539198517799377 
v -0.8643475770950317 24.28220558166504 0.31552377343177795 
v -0.8102371096611023 24.28220558166504 0.295891135931015 
v -0.918458104133606 24.28220558166504 0.0014018400106579065 
v -0.8643475770950317 24.28220558166504 0.0014018400106579065 
v -0.8643475770950317 24.28220558166504 -0.31552472710609436 
v -0.8102371096611023 24.28220558166504 -0.2958921194076538 
v -0.7048640847206116 24.28220558166504 -0.5903814435005188 
v -0.6621452569961548 24.28220558166504 -0.5539208650588989 
v -0.4599429666996002 24.28220558166504 -0.7951216101646423 
v -0.43146374821662903 24.28220558166504 -0.747442364692688 
v -0.16091136634349823 24.28220558166504 -0.904503345489502 
v -0.149519681930542 24.28220558166504 -0.8512148261070251 
v 0.14951191842556 24.28220558166504 -0.8512148261070251 
v 0.4314559996128082 24.28220558166504 -0.747442364692688 
v 0.662137508392334 24.28220558166504 -0.5539208650588989 
v 0.8102293610572815 24.28220558166504 -0.2958921194076538 
v 0.8643398284912109 24.28220558166504 0.0014018400106579065 
v 0.8102293610572815 24.28220558166504 0.295891135931015 
v 0.958321213722229 15.536663055419922 0.3491796851158142 
v 0.7817501425743103 15.536663055419922 0.6548876166343689 
v 0.5111977458000183 15.536663055419922 0.8848697543144226 
v 0.17799112200737 15.536663055419922 1.0054701566696167 
v -0.177998885512352 15.536663055419922 1.0054701566696167 
v -0.5112054944038391 15.536663055419922 0.8848697543144226 
v -0.7817578911781311 15.536663055419922 0.6548876166343689 
v -0.9583289623260498 15.536663055419922 0.3491796851158142 
v -1.0209832191467285 15.536663055419922 0.0014018400106579065 
v -0.9583289623260498 15.536663055419922 -0.349180668592453 
v -0.7817578911781311 15.536663055419922 -0.6548885703086853 
v -0.5112054944038391 15.536663055419922 -0.884870707988739 
v -0.177998885512352 15.536663055419922 -1.005471110343933 
v 0.17799112200737 15.536663055419922 -1.005471110343933 
v 0.5111977458000183 15.536663055419922 -0.884870707988739 
v 0.7817501425743103 15.536663055419922 -0.6548885703086853 
v 0.958321213722229 15.536663055419922 -0.349180668592453 
v 1.0209754705429077 15.536663055419922 0.0014018400106579065 
v 1.3855092525482178 13.693007469177246 0.0014018400106579065 
v 1.3000715970993042 13.693007469177246 0.47258472442626953 
v 1.0608463287353516 13.693007469177246 0.8904790878295898 
v 0.6934646368026733 13.693007469177246 1.1989916563034058 
v 0.2406453639268875 13.693007469177246 1.3644665479660034 
v -0.2406531274318695 13.693007469177246 1.3644665479660034 
v -0.6934723854064941 13.693007469177246 1.1989916563034058 
v -1.0608540773391724 13.693007469177246 0.8904790878295898 
v -1.300079345703125 13.693007469177246 0.47258472442626953 
v -1.3855170011520386 13.693007469177246 0.0014018400106579065 
v -1.300079345703125 13.693007469177246 -0.4725857079029083 
v -1.0608540773391724 13.693007469177246 -0.8904800415039062 
v -0.6934723854064941 13.693007469177246 -1.1989926099777222 
v -0.2406531274318695 13.693007469177246 -1.3644676208496094 
v 0.2406453639268875 13.693007469177246 -1.3644676208496094 
v 0.6934646368026733 13.693007469177246 -1.1989926099777222 
v 1.0608463287353516 13.693007469177246 -0.8904800415039062 
v 1.3000715970993042 13.693007469177246 -0.4725857079029083 
v 2.3965208530426025 11.518440246582031 -0.8736521005630493 
v 2.5503084659576416 11.518440246582031 0.0014018400106579065 
v 2.3965208530426025 11.518440246582031 0.8736510872840881 
v 1.9550931453704834 11.518440246582031 1.6393232345581055 
v 1.2744402885437012 11.518440246582031 2.2086691856384277 
v 0.44284766912460327 11.518440246582031 2.5115725994110107 
v -0.44285544753074646 11.518440246582031 2.5115725994110107 
v -1.274448037147522 11.518440246582031 2.2086691856384277 
v -1.9551010131835938 11.518440246582031 1.6393232345581055 
v -2.396528482437134 11.518440246582031 0.8736510872840881 
v -2.550316333770752 11.518440246582031 0.0014018400106579065 
v -2.396528482437134 11.518440246582031 -0.8736521005630493 
v -1.9551010131835938 11.518440246582031 -1.6393243074417114 
v -1.274448037147522 11.518440246582031 -2.208670139312744 
v -0.44285544753074646 11.518440246582031 -2.511573553085327 
v 0.44284766912460327 11.518440246582031 -2.511573553085327 
v 1.2744402885437012 11.518440246582031 -2.208670139312744 
v 1.9550931453704834 11.518440246582031 -1.6393243074417114 
v 0.44284766912460327 0.4919668138027191 -2.511573553085327 
v 0.04698679968714714 0.7874243259429932 -0.25943154096603394 
v 1.2744402885437012 0.4919668138027191 -2.208670139312744 
v 0.13242439925670624 0.7874243259429932 -0.2285802811384201 
v 1.9550931453704834 0.4919668138027191 -1.6393243074417114 
v 0.20077447593212128 0.7874243259429932 -0.16968241333961487 
v 2.3965208530426025 0.4919668138027191 -0.8736521005630493 
v 0.24634119868278503 0.7874243259429932 -0.09115193784236908 
v 2.5503084659576416 0.4919668138027191 0.0014018400106579065 
v 0.2634287178516388 0.7874243259429932 -0.0014028199948370457 
v 2.3965208530426025 0.4919668138027191 0.8736510872840881 
v 0.24634119868278503 0.7874243259429932 0.09115096181631088 
v 1.9550931453704834 0.4919668138027191 1.6393232345581055 
v 0.20077447593212128 0.7874243259429932 0.16968144476413727 
v 1.2744402885437012 0.4919668138027191 2.2086691856384277 
v 0.13242439925670624 0.7874243259429932 0.2285792976617813 
v 0.44284766912460327 0.4919668138027191 2.5115725994110107 
v 0.04698679968714714 0.7874243259429932 0.25943055748939514 
v -0.44285544753074646 0.4919668138027191 2.5115725994110107 
v -0.04699455946683884 0.7874243259429932 0.25943055748939514 
v -1.274448037147522 0.4919668138027191 2.2086691856384277 
v -0.13243216276168823 0.7874243259429932 0.2285792976617813 
v -1.9551010131835938 0.4919668138027191 1.6393232345581055 
v -0.20078223943710327 0.7874243259429932 0.16968144476413727 
v -2.396528482437134 0.4919668138027191 0.8736510872840881 
v -0.24634896218776703 0.7874243259429932 0.09115096181631088 
v -2.550316333770752 0.4919668138027191 0.0014018400106579065 
v -0.2634364664554596 0.7874243259429932 0.0014018400106579065 
v -2.396528482437134 0.4919668138027191 -0.8736521005630493 
v -0.24634896218776703 0.7874243259429932 -0.09115193784236908 
v -1.9551010131835938 0.4919668138027191 -1.6393243074417114 
v -0.20078223943710327 0.7874243259429932 -0.16968241333961487 
v -1.274448037147522 0.4919668138027191 -2.208670139312744 
v -0.13243216276168823 0.7874243259429932 -0.2285802811384201 
v -0.44285544753074646 0.4919668138027191 -2.511573553085327 
v -0.04699455946683884 0.7874243259429932 -0.25943154096603394 
v -2.786693572998047 11.577531814575195 -0.0014028199948370457 
v 2.7866859436035156 11.577531814575195 0.0014018400106579065 
vn 0.16080330312252045 -0.3388857841491699 -0.926983654499054 
vn 0.035858526825904846 -0.9787738919258118 -0.2017817199230194 
vn -0.16080330312252045 -0.3388857841491699 -0.926983654499054 
vn -0.03208537399768829 -0.9789048433303833 -0.2017817199230194 
vn -0.46947523951530457 -0.34296348690986633 -0.8136147856712341 
vn -0.09989135712385178 -0.979301929473877 -0.1760382205247879 
vn -0.7206552624702454 -0.33986568450927734 -0.6042742133140564 
vn -0.15597926080226898 -0.978782594203949 -0.1328723281621933 
vn -0.884462833404541 -0.3397832214832306 -0.3198012113571167 
vn -0.19134262204170227 -0.978876531124115 -0.07203252613544464 
vn -0.940263032913208 -0.34044185280799866 0.002184694167226553 
vn -0.20249100029468536 -0.9792816638946533 -0.002184694167226553 
vn -0.8832623958587646 -0.342891663312912 0.3198012113571167 
vn -0.19134262204170227 -0.978876531124115 0.07203252613544464 
vn -0.7192668318748474 -0.3427942395210266 0.6042742133140564 
vn -0.15597926080226898 -0.978782594203949 0.1328723281621933 
vn -0.470365971326828 -0.3417408764362335 0.8136147856712341 
vn -0.09989135712385178 -0.979301929473877 0.1760382205247879 
vn -0.1654106229543686 -0.3366609513759613 0.926983654499054 
vn -0.03208537399768829 -0.9789048433303833 0.2017817199230194 
vn 0.16202327609062195 -0.33830419182777405 0.926983654499054 
vn 0.035858526825904846 -0.9787738919258118 0.2017817199230194 
vn 0.47256970405578613 -0.33868691325187683 0.8136147856712341 
vn 0.10364710539579391 -0.9789115786552429 0.1760382205247879 
vn 0.7192668318748474 -0.3427942395210266 0.6042742133140564 
vn 0.15970531105995178 -0.9781815409660339 0.1328723281621933 
vn 0.884620726108551 -0.33937203884124756 0.3198012113571167 
vn 0.19134262204170227 -0.978876531124115 0.07203252613544464 
vn 0.940263032913208 -0.34044185280799866 0.002184694167226553 
vn 0.20249100029468536 -0.9792816638946533 0.002184694167226553 
vn 0.884462833404541 -0.3397832214832306 -0.3198012113571167 
vn 0.19134262204170227 -0.978876531124115 -0.07203252613544464 
vn 0.7222575545310974 -0.3364470899105072 -0.6042742133140564 
vn 0.15970531105995178 -0.9781815409660339 -0.1328723281621933 
vn 0.47169604897499084 -0.3399026095867157 -0.8136147856712341 
vn 0.10364710539579391 -0.9789115786552429 -0.1760382205247879 
vn 0.16080330312252045 -0.3388857841491699 -0.926983654499054 
vn 0.035858526825904846 -0.9787738919258118 -0.2017817199230194 
vn -0.18191176652908325 -0.9326682686805725 0.31150925159454346 
vn -0.062219440937042236 -0.9336585998535156 0.3527185618877411 
vn -0.03208537399768829 -0.9789048433303833 -0.2017817199230194 
vn 0.06598423421382904 -0.9334000945091248 0.3527185618877411 
vn -0.09989135712385178 -0.979301929473877 -0.1760382205247879 
vn 0.17820608615875244 -0.9333834052085876 0.31150925159454346 
vn -0.15597926080226898 -0.978782594203949 -0.1328723281621933 
vn 0.2717653512954712 -0.9340700507164001 0.23163928091526031 
vn -0.19134262204170227 -0.978876531124115 -0.07203252613544464 
vn 0.33661195635795593 -0.9334158897399902 0.1242060661315918 
vn -0.20249100029468536 -0.9792816638946533 -0.002184694167226553 
vn 0.36165499687194824 -0.9323094487190247 0.002184694167226553 
vn -0.19134262204170227 -0.978876531124115 0.07203252613544464 
vn 0.33661195635795593 -0.9334158897399902 -0.1242060661315918 
vn -0.15597926080226898 -0.978782594203949 0.1328723281621933 
vn 0.27752792835235596 -0.932374119758606 -0.23163928091526031 
vn -0.09989135712385178 -0.979301929473877 0.1760382205247879 
vn 0.17820608615875244 -0.9333834052085876 -0.31150925159454346 
vn -0.03208537399768829 -0.9789048433303833 0.2017817199230194 
vn 0.06418423354625702 -0.933525562286377 -0.3527185618877411 
vn 0.035858526825904846 -0.9787738919258118 0.2017817199230194 
vn -0.06418423354625702 -0.933525562286377 -0.3527185618877411 
vn 0.10364710539579391 -0.9789115786552429 0.1760382205247879 
vn -0.18191176652908325 -0.9326682686805725 -0.31150925159454346 
vn 0.15970531105995178 -0.9781815409660339 0.1328723281621933 
vn -0.2739051580429077 -0.9334447979927063 -0.23163928091526031 
vn 0.19134262204170227 -0.978876531124115 0.07203252613544464 
vn -0.33661195635795593 -0.9334158897399902 -0.1242060661315918 
vn -0.36165499687194824 -0.9323094487190247 0.002184694167226553 
vn -0.33661195635795593 -0.9334158897399902 0.1242060661315918 
vn -0.2717653512954712 -0.9340700507164001 0.23163928091526031 
vn -0.04526469111442566 -0.9982846975326538 0.03713129088282585 
vn -0.03208813816308975 -0.9982222318649292 0.05022686347365379 
vn -0.009437007829546928 -0.9984642267227173 0.05459024757146835 
vn 0.013211621902883053 -0.9984214305877686 0.05459024757146835 
vn 0.028314143419265747 -0.9983363747596741 0.05022686347365379 
vn 0.04526469111442566 -0.9982846975326538 0.03713129088282585 
vn 0.052828505635261536 -0.9984100461006165 0.01966099627315998 
vn 0.06037835404276848 -0.998173177242279 0.002184694167226553 
vn 0.052828505635261536 -0.9984100461006165 -0.01966099627315998 
vn 0.04526469111442566 -0.9982846975326538 -0.03713129088282585 
vn 0.028314143419265747 -0.9983363747596741 -0.05022686347365379 
vn 0.013211621902883053 -0.9984214305877686 -0.05459024757146835 
vn -0.009437007829546928 -0.9984642267227173 -0.05459024757146835 
vn -0.03208813816308975 -0.9982222318649292 -0.05022686347365379 
vn -0.04526469111442566 -0.9982846975326538 -0.03713129088282585 
vn -0.052828505635261536 -0.9984100461006165 -0.01966099627315998 
vn -0.06037835404276848 -0.998173177242279 -0.002184694167226553 
vn -0.052828505635261536 -0.9984100461006165 0.01966099627315998 
vn 0.08676515519618988 0.8688942790031433 -0.48733407258987427 
vn 0.173225536942482 0.01515527069568634 -0.9847655892372131 
vn -0.08676515519618988 0.8688942790031433 -0.48733407258987427 
vn -0.173225536942482 0.01515527069568634 -0.9847655892372131 
vn -0.24804335832595825 0.868533194065094 -0.42909738421440125 
vn -0.5004021525382996 0.015120557509362698 -0.865661084651947 
vn -0.3816923499107361 0.8672013282775879 -0.3198012113571167 
vn -0.7666752934455872 0.015102777630090714 -0.641857385635376 
vn -0.4639771282672882 0.8690409660339355 -0.17173540592193604 
vn -0.940151035785675 0.015109083615243435 -0.34042292833328247 
vn -0.49781718850135803 0.8672792315483093 -0.002184694167226553 
vn -0.9998835325241089 0.015103200450539589 0.002184694167226553 
vn -0.4639771282672882 0.8690409660339355 0.17173540592193604 
vn -0.9400832056999207 0.01886177994310856 0.34042292833328247 
vn -0.37950894236564636 0.8681590557098389 0.3198012113571167 
vn -0.7665923833847046 0.018848247826099396 0.641857385635376 
vn -0.24590709805488586 0.8691404461860657 0.42909738421440125 
vn -0.5004042983055115 0.015048232860863209 0.865661084651947 
vn -0.08476859331130981 0.8690913319587708 0.48733407258987427 
vn -0.17324352264404297 0.014948180876672268 0.9847655892372131 
vn 0.08852340281009674 0.8687169551849365 0.48733407258987427 
vn 0.17324352264404297 0.014948180876672268 0.9847655892372131 
vn 0.24590709805488586 0.8691404461860657 0.42909738421440125 
vn 0.5004042983055115 0.015048232860863209 0.865661084651947 
vn 0.382962703704834 0.8666410446166992 0.3198012113571167 
vn 0.7666757702827454 0.015079145319759846 0.641857385635376 
vn 0.4639771282672882 0.8690409660339355 0.17173540592193604 
vn 0.9401513338088989 0.015089788474142551 0.34042292833328247 
vn 0.49781718850135803 0.8672792315483093 0.002184694167226553 
vn 0.9998835325241089 0.015103200450539589 0.002184694167226553 
vn 0.4639771282672882 0.8690409660339355 -0.17173540592193604 
vn 0.940151035785675 0.015109083615243435 -0.34042292833328247 
vn 0.3816923499107361 0.8672013282775879 -0.3198012113571167 
vn 0.7666752934455872 0.015102777630090714 -0.641857385635376 
vn 0.25167444348335266 0.8674879670143127 -0.42909738421440125 
vn 0.5004021525382996 0.015120557509362698 -0.865661084651947 
vn 0.08676515519618988 0.8688942790031433 -0.48733407258987427 
vn 0.173225536942482 0.01515527069568634 -0.9847655892372131 
vn 0.17562530934810638 0.030113982036709785 -0.9839963912963867 
vn -0.17562530934810638 0.030113982036709785 -0.9839963912963867 
vn -0.49971717596054077 0.03022732026875019 -0.865661084651947 
vn -0.7662291526794434 0.030199695378541946 -0.641857385635376 
vn -0.9397868514060974 0.03021426498889923 -0.34042292833328247 
vn -0.9995414018630981 0.0302029550075531 0.002184694167226553 
vn -0.9396594762802124 0.03394610434770584 0.34042292833328247 
vn -0.7660735249519348 0.03391919285058975 0.641857385635376 
vn -0.499725878238678 0.030082866549491882 0.865661084651947 
vn -0.17569303512573242 0.02971625328063965 0.9839963912963867 
vn 0.17569303512573242 0.02971625328063965 0.9839963912963867 
vn 0.499725878238678 0.030082866549491882 0.865661084651947 
vn 0.7662310004234314 0.03015245869755745 0.641857385635376 
vn 0.9397881031036377 0.030175691470503807 0.34042292833328247 
vn 0.9995414018630981 0.0302029550075531 0.002184694167226553 
vn 0.9397868514060974 0.03021426498889923 -0.34042292833328247 
vn 0.7662291526794434 0.030199695378541946 -0.641857385635376 
vn 0.49971717596054077 0.03022732026875019 -0.865661084651947 
vn 0.17562530934810638 0.030113982036709785 -0.9839963912963867 
vn 0.1738872230052948 0 -0.9847655892372131 
vn -0.1738872230052948 -3.596389746879543e-14 -0.9847655892372131 
vn -0.5006305575370789 -1.0354196476993274e-13 -0.865661084651947 
vn -0.7668240666389465 -1.5859693116085372e-13 -0.641857385635376 
vn -0.9402724504470825 -1.9447006396715316e-13 -0.34042292833328247 
vn -0.999997615814209 -2.0682260971124217e-13 -0.002184694167226553 
vn -0.940264880657196 0.0037725989241153 0.34042292833328247 
vn -0.7668147683143616 0.0037700142711400986 0.641857385635376 
vn -0.5006305575370789 -1.0354196476993274e-13 0.865661084651947 
vn -0.1738872230052948 -3.596389746879543e-14 0.9847655892372131 
vn 0.1738872230052948 0 0.9847655892372131 
vn 0.5006305575370789 0 0.865661084651947 
vn 0.7668240666389465 0 0.641857385635376 
vn 0.9402724504470825 0 0.34042292833328247 
vn 0.999997615814209 0 0.002184694167226553 
vn 0.9402724504470825 0 -0.34042292833328247 
vn 0.7668240666389465 0 -0.641857385635376 
vn 0.5006305575370789 0 -0.865661084651947 
vn 0.1738872230052948 0 -0.9847655892372131 
vn 0.16274607181549072 -0.2919568419456482 -0.9424833655357361 
vn -0.16274607181549072 -0.2919568419456482 -0.9424833655357361 
vn -0.47811317443847656 -0.29132452607154846 -0.8285757899284363 
vn -0.731602132320404 -0.29486215114593506 -0.6146662831306458 
vn -0.8991166949272156 -0.28975871205329895 -0.3280687630176544 
vn -0.9569380283355713 -0.2902839779853821 -0.002184694167226553 
vn -0.8980689644813538 -0.2929897904396057 0.3280687630176544 
vn -0.7331734895706177 -0.2909329831600189 0.6146662831306458 
vn -0.4787946343421936 -0.29020318388938904 0.8285757899284363 
vn -0.16712650656700134 -0.2894715964794159 0.9424833655357361 
vn 0.16385647654533386 -0.2913351058959961 0.9424833655357361 
vn 0.4768315553665161 -0.2934175133705139 0.8285757899284363 
vn 0.7317739129066467 -0.2944354712963104 0.6146662831306458 
vn 0.8992313742637634 -0.2894025146961212 0.3280687630176544 
vn 0.9569380283355713 -0.2902839779853821 0.002184694167226553 
vn 0.8991166949272156 -0.28975871205329895 -0.3280687630176544 
vn 0.731602132320404 -0.29486215114593506 -0.6146662831306458 
vn 0.4761340618133545 -0.29454803466796875 -0.8285757899284363 
vn 0.16274607181549072 -0.2919568419456482 -0.9424833655357361 
vn 0.173225536942482 0.01515527069568634 -0.9847655892372131 
vn -0.173225536942482 0.01515527069568634 -0.9847655892372131 
vn -0.5004021525382996 0.015120557509362698 -0.865661084651947 
vn -0.7666752934455872 0.015102777630090714 -0.641857385635376 
vn -0.940151035785675 0.015109083615243435 -0.34042292833328247 
vn -0.9998835325241089 0.015103200450539589 -0.002184694167226553 
vn -0.9400832056999207 0.01886177994310856 0.34042292833328247 
vn -0.7665923833847046 0.018848247826099396 0.641857385635376 
vn -0.5004042983055115 0.015048232860863209 0.865661084651947 
vn -0.17324352264404297 0.014948180876672268 0.9847655892372131 
vn 0.17324352264404297 0.014948180876672268 0.9847655892372131 
vn 0.5004042983055115 0.015048232860863209 0.865661084651947 
vn 0.7666757702827454 0.015079145319759846 0.641857385635376 
vn 0.9401513338088989 0.015089788474142551 0.34042292833328247 
vn 0.9998835325241089 0.015103200450539589 0.002184694167226553 
vn 0.940151035785675 0.015109083615243435 -0.34042292833328247 
vn 0.7666752934455872 0.015102777630090714 -0.641857385635376 
vn 0.5004021525382996 0.015120557509362698 -0.865661084651947 
vn 0.173225536942482 0.01515527069568634 -0.9847655892372131 
vn -0.1759566217660904 0.09431853145360947 -0.97986900806427 
vn -0.4986865222454071 0.09774845093488693 -0.8612531423568726 
vn -0.7633616924285889 0.09795816242694855 -0.6385006904602051 
vn -0.9351478219032288 0.09803477674722672 -0.34042292833328247 
vn -0.9951823353767395 0.0980169028043747 -0.002184694167226553 
vn -0.9355461597442627 0.0941571518778801 0.34042292833328247 
vn -0.7638513445854187 0.09406361728906631 0.6385006904602051 
vn -0.49877554178237915 0.09729310125112534 0.8612531423568726 
vn -0.17443813383579254 0.09709818661212921 0.97986900806427 
vn 0.17623376846313477 0.09379968047142029 0.97986900806427 
vn 0.49877554178237915 0.09729310125112534 0.8612531423568726 
vn 0.7633811831474304 0.0978061705827713 0.6385006904602051 
vn 0.9351608753204346 0.09791003167629242 0.34042292833328247 
vn 0.9951823353767395 0.0980169028043747 0.002184694167226553 
vn 0.9351478219032288 0.09803477674722672 -0.34042292833328247 
vn 0.7633616924285889 0.09795816242694855 -0.6385006904602051 
vn 0.4986865222454071 0.09774845093488693 -0.8612531423568726 
vn 0.1759566217660904 0.09431853145360947 -0.97986900806427 
vn -0.1588280200958252 0.400742769241333 -0.9023185968399048 
vn -0.4562048316001892 0.4041622281074524 -0.7927988767623901 
vn -0.700638473033905 0.4008771479129791 -0.590256929397583 
vn -0.8593873977661133 0.4054814875125885 -0.31150925159454346 
vn -0.9149710536003113 0.4035136103630066 -0.002184694167226553 
vn -0.8593873977661133 0.4054814875125885 0.31150925159454346 
vn -0.699069082736969 0.40360772609710693 0.590256929397583 
vn -0.45926782488822937 0.40067821741104126 0.7927988767623901 
vn -0.1614815592765808 0.39968088269233704 0.9023185968399048 
vn 0.1614815592765808 0.39968088269233704 0.9023185968399048 
vn 0.45926782488822937 0.40067821741104126 0.7927988767623901 
vn 0.699069082736969 0.40360772609710693 0.590256929397583 
vn 0.8609910607337952 0.40206509828567505 0.31150925159454346 
vn 0.9149710536003113 0.4035136103630066 0.002184694167226553 
vn 0.8609910607337952 0.40206509828567505 -0.31150925159454346 
vn 0.6987538933753967 0.40415307879447937 -0.590256929397583 
vn 0.4587004482746124 0.40132763981819153 -0.7927988767623901 
vn 0.1588280200958252 0.400742769241333 -0.9023185968399048 
vn -0.1527160108089447 0.5042508244514465 -0.8499464392662048 
vn -0.4302526116371155 0.5049237608909607 -0.7482877969741821 
vn -0.6606335639953613 0.5061282515525818 -0.5544344186782837 
vn -0.8110119700431824 0.5052923560142517 -0.2948545813560486 
vn -0.8634950518608093 0.5043525099754333 0.002184694167226553 
vn -0.8093671798706055 0.5079228281974792 0.2948545813560486 
vn -0.6633955240249634 0.5025026202201843 0.5544344186782837 
vn -0.428170382976532 0.5066906809806824 0.7482877969741821 
vn -0.14843618869781494 0.5055272579193115 0.8499464392662048 
vn 0.14843618869781494 0.5055272579193115 0.8499464392662048 
vn 0.431041955947876 0.5042501091957092 0.7482877969741821 
vn 0.6611106991767883 0.5055047869682312 0.5544344186782837 
vn 0.8093671798706055 0.5079228281974792 0.2948545813560486 
vn 0.8634950518608093 0.5043525099754333 0.002184694167226553 
vn 0.8090088963508606 0.5084932446479797 -0.2948545813560486 
vn 0.6606335639953613 0.5061282515525818 -0.5544344186782837 
vn 0.4302526116371155 0.5049237608909607 -0.7482877969741821 
vn 0.1527160108089447 0.5042508244514465 -0.8499464392662048 
vn -0.16974322497844696 0.25871938467025757 -0.9509214162826538 
vn -0.48280298709869385 0.2612799108028412 -0.8358433246612549 
vn -0.7392464876174927 0.259244829416275 -0.6215357780456543 
vn -0.9079206585884094 0.2608657777309418 -0.3280687630176544 
vn -0.9652689099311829 0.2612491250038147 -0.002184694167226553 
vn -0.9069660902023315 0.2641655504703522 0.3280687630176544 
vn -0.7381263375282288 0.26241713762283325 0.6215357780456543 
vn -0.48336780071258545 0.26023349165916443 0.8358433246612549 
vn -0.1654217690229416 0.26150357723236084 0.9509214162826538 
vn 0.16858148574829102 0.2594778835773468 0.9509214162826538 
vn 0.48336780071258545 0.26023349165916443 0.8358433246612549 
vn 0.7393803000450134 0.2588629722595215 0.6215357780456543 
vn 0.9080133438110352 0.26054298877716064 0.3280687630176544 
vn 0.9652689099311829 0.2612491250038147 0.002184694167226553 
vn 0.9079206585884094 0.2608657777309418 -0.3280687630176544 
vn 0.7392464876174927 0.259244829416275 -0.6215357780456543 
vn 0.48280298709869385 0.2612799108028412 -0.8358433246612549 
vn 0.16656801104545593 0.26077497005462646 -0.9509214162826538 
vn 0.16656801104545593 0.26077497005462646 -0.9509214162826538 
vn 0.1527160108089447 0.5042508244514465 -0.8499464392662048 
vn 0.1588280200958252 0.400742769241333 -0.9023185968399048 
vn 0.1759566217660904 0.09431853145360947 -0.97986900806427 
vn -0.9133906364440918 -0.235298290848732 0.33219319581985474 
vn -0.6592164039611816 0.7125802636146545 0.2401314377784729 
vn -0.9709395170211792 -0.23931509256362915 -0.002184694167226553 
vn -0.7017449736595154 0.7124248743057251 -0.002184694167226553 
vn 0.9709395170211792 -0.23931509256362915 0.002184694167226553 
vn 0.7017449736595154 0.7124248743057251 -0.002184694167226553 
vn 0.912441611289978 -0.23895180225372314 0.33219319581985474 
vn 0.6592164039611816 0.7125802636146545 0.2401314377784729 
vn 0.7436115145683289 -0.23764675855636597 0.6249527335166931 
vn 0.5389606952667236 0.710387110710144 0.45262736082077026 
vn 0.48564592003822327 -0.23984386026859283 0.8406086564064026 
vn 0.35278236865997314 0.7114665508270264 0.607749879360199 
vn 0.17056162655353546 -0.2379513531923294 0.9561840295791626 
vn 0.12009268254041672 0.7100305557250977 0.6938546895980835 
vn -0.1674964874982834 -0.24011880159378052 0.9561840295791626 
vn -0.12009268254041672 0.7100305557250977 0.6938546895980835 
vn -0.48564592003822327 -0.23984386026859283 0.8406086564064026 
vn -0.35278236865997314 0.7114665508270264 0.607749879360199 
vn -0.7436115145683289 -0.23764675855636597 0.6249527335166931 
vn -0.5359522104263306 0.7126595973968506 0.45262736082077026 
vn -0.9133906364440918 -0.235298290848732 0.33219319581985474 
vn -0.6592164039611816 0.7125802636146545 0.2401314377784729 
vn 0.7017449736595154 0.7124248743057251 -0.002184694167226553 
vn 0.9709395170211792 -0.23931509256362915 0.002184694167226553 
vn 0.6592164039611816 0.7125802636146545 -0.2401314377784729 
vn 0.912441611289978 -0.23895180225372314 -0.33219319581985474 
vn 0.5380777716636658 0.7110560536384583 -0.45262736082077026 
vn 0.7434981465339661 -0.23800113797187805 -0.6249527335166931 
vn 0.35038626194000244 0.7126496434211731 -0.607749879360199 
vn 0.48515594005584717 -0.24083349108695984 -0.8406086564064026 
vn 0.11842900514602661 0.7103099226951599 -0.6938546895980835 
vn 0.16869810223579407 -0.23927612602710724 -0.9561840295791626 
vn -0.12215273827314377 0.7096790671348572 -0.6938546895980835 
vn -0.1717773675918579 -0.23707519471645355 -0.9561840295791626 
vn -0.35038626194000244 0.7126496434211731 -0.607749879360199 
vn -0.48515594005584717 -0.24083349108695984 -0.8406086564064026 
vn -0.5380777716636658 0.7110560536384583 -0.45262736082077026 
vn -0.7446415424346924 -0.23439934849739075 -0.6249527335166931 
vn -0.6592164039611816 0.7125802636146545 -0.2401314377784729 
vn -0.9133906364440918 -0.235298290848732 -0.33219319581985474 
vn -0.7017449736595154 0.7124248743057251 -0.002184694167226553 
vn -0.9709395170211792 -0.23931509256362915 -0.002184694167226553 
vn 0.940263032913208 -0.34044185280799866 0.002184694167226553 
vn 0.9995414018630981 0.0302029550075531 0.002184694167226553 
vn 0.884620726108551 -0.33937203884124756 0.3198012113571167 
vn 0.9397881031036377 0.030175691470503807 0.34042292833328247 
vn 0.7192668318748474 -0.3427942395210266 0.6042742133140564 
vn 0.7662310004234314 0.03015245869755745 0.641857385635376 
vn 0.47256970405578613 -0.33868691325187683 0.8136147856712341 
vn 0.499725878238678 0.030082866549491882 0.865661084651947 
vn 0.16202327609062195 -0.33830419182777405 0.926983654499054 
vn 0.17429453134536743 0.03704744949936867 0.9839963912963867 
vn -0.1654106229543686 -0.3366609513759613 0.926983654499054 
vn -0.17429453134536743 0.03704744949936867 0.9839963912963867 
vn -0.470365971326828 -0.3417408764362335 0.8136147856712341 
vn -0.499725878238678 0.030082866549491882 0.865661084651947 
vn -0.7192668318748474 -0.3427942395210266 0.6042742133140564 
vn -0.7660735249519348 0.03391919285058975 0.641857385635376 
vn -0.8832623958587646 -0.342891663312912 0.3198012113571167 
vn -0.9396594762802124 0.03394610434770584 0.34042292833328247 
vn -0.940263032913208 -0.34044185280799866 0.002184694167226553 
vn -0.9995414018630981 0.0302029550075531 -0.002184694167226553 
vn 0.9080133438110352 0.26054298877716064 0.3280687630176544 
vn 0.7393803000450134 0.2588629722595215 0.6215357780456543 
vn 0.48336780071258545 0.26023349165916443 0.8358433246612549 
vn 0.16858148574829102 0.2594778835773468 0.9509214162826538 
vn -0.1654217690229416 0.26150357723236084 0.9509214162826538 
vn -0.48336780071258545 0.26023349165916443 0.8358433246612549 
vn -0.7381263375282288 0.26241713762283325 0.6215357780456543 
vn -0.9069660902023315 0.2641655504703522 0.3280687630176544 
vn -0.9652689099311829 0.2612491250038147 -0.002184694167226553 
vn -0.940263032913208 -0.34044185280799866 0.002184694167226553 
vn -0.9995414018630981 0.0302029550075531 -0.002184694167226553 
vn -0.884462833404541 -0.3397832214832306 -0.3198012113571167 
vn -0.9397868514060974 0.03021426498889923 -0.34042292833328247 
vn -0.7206552624702454 -0.33986568450927734 -0.6042742133140564 
vn -0.7662291526794434 0.030199695378541946 -0.641857385635376 
vn -0.46947523951530457 -0.34296348690986633 -0.8136147856712341 
vn -0.49971717596054077 0.03022732026875019 -0.865661084651947 
vn -0.16080330312252045 -0.3388857841491699 -0.926983654499054 
vn -0.17562530934810638 0.030113982036709785 -0.9839963912963867 
vn 0.16080330312252045 -0.3388857841491699 -0.926983654499054 
vn 0.17562530934810638 0.030113982036709785 -0.9839963912963867 
vn 0.47169604897499084 -0.3399026095867157 -0.8136147856712341 
vn 0.49971717596054077 0.03022732026875019 -0.865661084651947 
vn 0.7222575545310974 -0.3364470899105072 -0.6042742133140564 
vn 0.7662291526794434 0.030199695378541946 -0.641857385635376 
vn 0.884462833404541 -0.3397832214832306 -0.3198012113571167 
vn 0.9397868514060974 0.03021426498889923 -0.34042292833328247 
vn 0.940263032913208 -0.34044185280799866 0.002184694167226553 
vn 0.9995414018630981 0.0302029550075531 0.002184694167226553 
vn -0.9079206585884094 0.2608657777309418 -0.3280687630176544 
vn -0.7392464876174927 0.259244829416275 -0.6215357780456543 
vn -0.48280298709869385 0.2612799108028412 -0.8358433246612549 
vn -0.16974322497844696 0.25871938467025757 -0.9509214162826538 
vn 0.16656801104545593 0.26077497005462646 -0.9509214162826538 
vn 0.48280298709869385 0.2612799108028412 -0.8358433246612549 
vn 0.7392464876174927 0.259244829416275 -0.6215357780456543 
vn 0.9079206585884094 0.2608657777309418 -0.3280687630176544 
vn 0.9652689099311829 0.2612491250038147 0.002184694167226553 
vn 0.382962703704834 0.8666410446166992 0.3198012113571167 
vn -0.5133483409881592 0.7432017922401428 -0.42909738421440125 
vn 0.24590709805488586 0.8691404461860657 0.42909738421440125 
vn -0.3335111737251282 0.7435083389282227 -0.5796254277229309 
vn 0.08852340281009674 0.8687169551849365 0.48733407258987427 
vn -0.11661633849143982 0.7435299754142761 -0.6584556698799133 
vn -0.08476859331130981 0.8690913319587708 0.48733407258987427 
vn 0.11661633849143982 0.7435299754142761 -0.6584556698799133 
vn -0.24590709805488586 0.8691404461860657 0.42909738421440125 
vn 0.3335111737251282 0.7435083389282227 -0.5796254277229309 
vn -0.37950894236564636 0.8681590557098389 0.3198012113571167 
vn 0.5164527893066406 0.7410478591918945 -0.42909738421440125 
vn -0.4639771282672882 0.8690409660339355 0.17173540592193604 
vn 0.628838062286377 0.7435442209243774 -0.22738653421401978 
vn -0.49781718850135803 0.8672792315483093 -0.002184694167226553 
vn 0.6687547564506531 0.74347984790802 -0.002184694167226553 
vn -0.4639771282672882 0.8690409660339355 -0.17173540592193604 
vn 0.6296342611312866 0.7428701519966125 0.22738653421401978 
vn -0.3816923499107361 0.8672013282775879 -0.3198012113571167 
vn 0.5111963748931885 0.7446836233139038 0.42909738421440125 
vn -0.24804335832595825 0.868533194065094 -0.42909738421440125 
vn 0.33476898074150085 0.7429428696632385 0.5796254277229309 
vn -0.08676515519618988 0.8688942790031433 -0.48733407258987427 
vn 0.11829429119825363 0.7432648539543152 0.6584556698799133 
vn -0.11456868052482605 0.7438482046127319 0.6584556698799133 
vn -0.3382028341293335 0.7413859963417053 0.5796254277229309 
vn -0.5111963748931885 0.7446836233139038 0.42909738421440125 
vn -0.6325072050094604 0.7404255867004395 0.22738653421401978 
vn -0.6687547564506531 0.74347984790802 0.002184694167226553 
vn -0.628838062286377 0.7435442209243774 -0.22738653421401978 
vn -0.9343299269676208 -0.10554522275924683 -0.34042292833328247 
vn -0.7623631954193115 -0.10544760525226593 -0.6385006904602051 
vn -0.4971759021282196 -0.10516231507062912 -0.8612531423568726 
vn -0.1750001460313797 -0.10468389093875885 -0.9789873361587524 
vn 0.1730240285396576 -0.10791874676942825 -0.9789873361587524 
vn 0.4971759021282196 -0.10516231507062912 -0.8612531423568726 
vn 0.7623631954193115 -0.10544760525226593 -0.6385006904602051 
vn 0.9343299269676208 -0.10554522275924683 -0.34042292833328247 
vn 0.9944137930870056 -0.10552956163883209 0.002184694167226553 
vn 0.9343450665473938 -0.10541100054979324 0.34042292833328247 
vn 0.7623857855796814 -0.10528413951396942 0.6385006904602051 
vn 0.4972790777683258 -0.10467342287302017 0.8612531423568726 
vn 0.1737242490053177 -0.10678789764642715 0.9789873361587524 
vn -0.17173314094543457 -0.10996133834123611 0.9789873361587524 
vn -0.4972790777683258 -0.10467342287302017 0.8612531423568726 
vn -0.7618606090545654 -0.10901937633752823 0.6385006904602051 
vn -0.9339146614074707 -0.1091589629650116 0.34042292833328247 
vn -0.9944137930870056 -0.10552956163883209 -0.002184694167226553 
vn -0.940263032913208 -0.34044185280799866 -0.002184694167226553 
vn -0.884462833404541 -0.3397832214832306 -0.3198012113571167 
vn -0.7206552624702454 -0.33986568450927734 -0.6042742133140564 
vn -0.46947523951530457 -0.34296348690986633 -0.8136147856712341 
vn -0.1628008633852005 -0.34241703152656555 -0.9253358840942383 
vn 0.16620774567127228 -0.34077638387680054 -0.9253358840942383 
vn 0.47169604897499084 -0.3399026095867157 -0.8136147856712341 
vn 0.7190366983413696 -0.34327664971351624 -0.6042742133140564 
vn 0.884462833404541 -0.3397832214832306 -0.3198012113571167 
vn 0.940263032913208 -0.34044185280799866 -0.002184694167226553 
vn 0.884620726108551 -0.33937203884124756 0.3198012113571167 
vn 0.7192668318748474 -0.3427942395210266 0.6042742133140564 
vn 0.46814247965812683 -0.34478047490119934 0.8136147856712341 
vn 0.16184143722057343 -0.3428715467453003 0.9253358840942383 
vn -0.16523142158985138 -0.34125083684921265 0.9253358840942383 
vn -0.470365971326828 -0.3417408764362335 0.8136147856712341 
vn -0.7192668318748474 -0.3427942395210266 0.6042742133140564 
vn -0.8832623958587646 -0.342891663312912 0.3198012113571167 
vn -0.9133906364440918 -0.235298290848732 0.33219319581985474 
vn -0.9709395170211792 -0.23931509256362915 -0.002184694167226553 
vn -0.9133906364440918 -0.235298290848732 -0.33219319581985474 
vn -0.7446415424346924 -0.23439934849739075 -0.6249527335166931 
vn -0.48515594005584717 -0.24083349108695984 -0.8406086564064026 
vn -0.1717773675918579 -0.23707519471645355 -0.9561840295791626 
vn 0.16869810223579407 -0.23927612602710724 -0.9561840295791626 
vn 0.48515594005584717 -0.24083349108695984 -0.8406086564064026 
vn 0.7434981465339661 -0.23800113797187805 -0.6249527335166931 
vn 0.912441611289978 -0.23895180225372314 -0.33219319581985474 
vn 0.9709395170211792 -0.23931509256362915 0.002184694167226553 
vn 0.912441611289978 -0.23895180225372314 0.33219319581985474 
vn 0.7436115145683289 -0.23764675855636597 0.6249527335166931 
vn 0.48564592003822327 -0.23984386026859283 0.8406086564064026 
vn 0.17056162655353546 -0.2379513531923294 0.9561840295791626 
vn -0.1674964874982834 -0.24011880159378052 0.9561840295791626 
vn -0.48564592003822327 -0.23984386026859283 0.8406086564064026 
vn -0.7436115145683289 -0.23764675855636597 0.6249527335166931 
vn -0.12009268254041672 0.7100305557250977 0.6938546895980835 
vn 0.011328878812491894 0.9976431727409363 -0.06767380982637405 
vn -0.35278236865997314 0.7114665508270264 0.607749879360199 
vn 0.03584454581141472 0.9976170659065247 -0.058952588587999344 
vn -0.5359522104263306 0.7126595973968506 0.45262736082077026 
vn 0.05096087232232094 0.9976470470428467 -0.04586252197623253 
vn -0.6592164039611816 0.7125802636146545 0.2401314377784729 
vn 0.06789521872997284 0.9974030256271362 -0.024029340595006943 
vn -0.7017449736595154 0.7124248743057251 -0.002184694167226553 
vn 0.06791467219591141 0.9976887702941895 0.002184694167226553 
vn -0.6592164039611816 0.7125802636146545 -0.2401314377784729 
vn 0.06789521872997284 0.9974030256271362 0.024029340595006943 
vn -0.5380777716636658 0.7110560536384583 -0.45262736082077026 
vn 0.05096087232232094 0.9976470470428467 0.04586252197623253 
vn -0.35038626194000244 0.7126496434211731 -0.607749879360199 
vn 0.03584454581141472 0.9976170659065247 0.058952588587999344 
vn -0.12215273827314377 0.7096790671348572 -0.6938546895980835 
vn 0.011328878812491894 0.9976431727409363 0.06767380982637405 
vn 0.11842900514602661 0.7103099226951599 -0.6938546895980835 
vn -0.011328878812491894 0.9976431727409363 0.06767380982637405 
vn 0.35038626194000244 0.7126496434211731 -0.607749879360199 
vn -0.03207281231880188 0.9977453947067261 0.058952588587999344 
vn 0.5380777716636658 0.7110560536384583 -0.45262736082077026 
vn -0.054732099175453186 0.9974472522735596 0.04586252197623253 
vn 0.6592164039611816 0.7125802636146545 -0.2401314377784729 
vn -0.06789521872997284 0.9974030256271362 0.024029340595006943 
vn 0.7017449736595154 0.7124248743057251 -0.002184694167226553 
vn -0.06791467219591141 0.9976887702941895 -0.002184694167226553 
vn 0.6592164039611816 0.7125802636146545 0.2401314377784729 
vn -0.06789521872997284 0.9974030256271362 -0.024029340595006943 
vn 0.5389606952667236 0.710387110710144 0.45262736082077026 
vn -0.054732099175453186 0.9974472522735596 -0.04586252197623253 
vn 0.35278236865997314 0.7114665508270264 0.607749879360199 
vn -0.03207281231880188 0.9977453947067261 -0.058952588587999344 
vn 0.12009268254041672 0.7100305557250977 0.6938546895980835 
vn -0.011328878812491894 0.9976431727409363 -0.06767380982637405 
vn -0.9652689099311829 0.2612491250038147 -0.002184694167226553 
vn 0.9652689099311829 0.2612491250038147 0.002184694167226553 
vt 0.04041830822825432 0.17080475389957428 
vt 0.04041830822825432 0.2142905592918396 
vt 0.050085172057151794 0.17080475389957428 
vt 0.050085172057151794 0.2142905592918396 
vt 0.05975203588604927 0.17080475389957428 
vt 0.05975203588604927 0.2142905592918396 
vt 0.06941889971494675 0.17080475389957428 
vt 0.06941889971494675 0.2142905592918396 
vt 0.07908576726913452 0.17080475389957428 
vt 0.07908576726913452 0.2142905592918396 
vt 0.0887526273727417 0.17080475389957428 
vt 0.0887526273727417 0.2142905592918396 
vt 0.09841949492692947 0.17080475389957428 
vt 0.09841949492692947 0.2142905592918396 
vt 0.10808635503053665 0.17080475389957428 
vt 0.10808635503053665 0.2142905592918396 
vt 0.11775322258472443 0.17080475389957428 
vt 0.11775322258472443 0.2142905592918396 
vt 0.1274200826883316 0.17080475389957428 
vt 0.1274200826883316 0.2142905592918396 
vt 0.13708694279193878 0.17080475389957428 
vt 0.13708694279193878 0.2142905592918396 
vt 0.14675381779670715 0.17080475389957428 
vt 0.14675381779670715 0.2142905592918396 
vt 0.15642067790031433 0.17080475389957428 
vt 0.15642067790031433 0.2142905592918396 
vt 0.1660875380039215 0.17080475389957428 
vt 0.1660875380039215 0.2142905592918396 
vt 0.1757543981075287 0.17080475389957428 
vt 0.1757543981075287 0.2142905592918396 
vt 0.18542127311229706 0.17080475389957428 
vt 0.18542127311229706 0.2142905592918396 
vt 0.19508813321590424 0.17080475389957428 
vt 0.19508813321590424 0.2142905592918396 
vt 0.2047549933195114 0.17080475389957428 
vt 0.2047549933195114 0.2142905592918396 
vt 0.2144218534231186 0.17080475389957428 
vt 0.2144218534231186 0.2142905592918396 
vt 0.2047549933195114 0.2142905592918396 
vt 0.2144218534231186 0.2142905592918396 
vt 0.21415333449840546 0.2142905592918396 
vt 0.21415333449840546 0.2142905592918396 
vt 0.20403893291950226 0.2142905592918396 
vt 0.20403893291950226 0.2142905592918396 
vt 0.18524225056171417 0.2142905592918396 
vt 0.18524225056171417 0.2142905592918396 
vt 0.16009050607681274 0.2142905592918396 
vt 0.16009050607681274 0.2142905592918396 
vt 0.13153745234012604 0.2142905592918396 
vt 0.13153745234012604 0.2142905592918396 
vt 0.10307390987873077 0.2142905592918396 
vt 0.10307390987873077 0.2142905592918396 
vt 0.07819068431854248 0.2142905592918396 
vt 0.07819068431854248 0.2142905592918396 
vt 0.05975203588604927 0.2142905592918396 
vt 0.05975203588604927 0.2142905592918396 
vt 0.050085172057151794 0.2142905592918396 
vt 0.050085172057151794 0.2142905592918396 
vt 0.05035369470715523 0.2142905592918396 
vt 0.05035369470715523 0.2142905592918396 
vt 0.060468100011348724 0.2142905592918396 
vt 0.060468100011348724 0.2142905592918396 
vt 0.07926478236913681 0.2142905592918396 
vt 0.07926478236913681 0.2142905592918396 
vt 0.10441652685403824 0.2142905592918396 
vt 0.10441652685403824 0.2142905592918396 
vt 0.1757543981075287 0.2142905592918396 
vt 0.18542127311229706 0.2142905592918396 
vt 0.19508813321590424 0.2142905592918396 
vt 0.19508813321590424 0.2142905592918396 
vt 0.2047549933195114 0.2142905592918396 
vt 0.2144218534231186 0.2142905592918396 
vt 0.21415333449840546 0.2142905592918396 
vt 0.20403893291950226 0.2142905592918396 
vt 0.18524225056171417 0.2142905592918396 
vt 0.16009050607681274 0.2142905592918396 
vt 0.13153745234012604 0.2142905592918396 
vt 0.10307390987873077 0.2142905592918396 
vt 0.07819068431854248 0.2142905592918396 
vt 0.05975203588604927 0.2142905592918396 
vt 0.050085172057151794 0.2142905592918396 
vt 0.05035369470715523 0.2142905592918396 
vt 0.060468100011348724 0.2142905592918396 
vt 0.07926478236913681 0.2142905592918396 
vt 0.10441652685403824 0.2142905592918396 
vt 0.1757543981075287 0.2142905592918396 
vt 0.18542127311229706 0.2142905592918396 
vt 0.04041830822825432 0.040347300469875336 
vt 0.04041830822825432 0.04228761047124863 
vt 0.050085172057151794 0.040347300469875336 
vt 0.050085172057151794 0.04228761047124863 
vt 0.05975203588604927 0.040347300469875336 
vt 0.05975203588604927 0.04228761047124863 
vt 0.06941889971494675 0.040347300469875336 
vt 0.06941889971494675 0.04228761047124863 
vt 0.07908576726913452 0.040347300469875336 
vt 0.07908576726913452 0.04228761047124863 
vt 0.0887526273727417 0.040347300469875336 
vt 0.0887526273727417 0.04228761047124863 
vt 0.09841949492692947 0.040347300469875336 
vt 0.09841949492692947 0.04228761047124863 
vt 0.10808635503053665 0.040347300469875336 
vt 0.10808635503053665 0.04228761047124863 
vt 0.11775322258472443 0.040347300469875336 
vt 0.11775322258472443 0.04228761047124863 
vt 0.1274200826883316 0.040347300469875336 
vt 0.1274200826883316 0.04228761047124863 
vt 0.13708694279193878 0.040347300469875336 
vt 0.13708694279193878 0.04228761047124863 
vt 0.14675381779670715 0.040347300469875336 
vt 0.14675381779670715 0.04228761047124863 
vt 0.15642067790031433 0.040347300469875336 
vt 0.15642067790031433 0.04228761047124863 
vt 0.1660875380039215 0.040347300469875336 
vt 0.1660875380039215 0.04228761047124863 
vt 0.1757543981075287 0.040347300469875336 
vt 0.1757543981075287 0.04228761047124863 
vt 0.18542127311229706 0.040347300469875336 
vt 0.18542127311229706 0.04228761047124863 
vt 0.19508813321590424 0.040347300469875336 
vt 0.19508813321590424 0.04228761047124863 
vt 0.2047549933195114 0.040347300469875336 
vt 0.2047549933195114 0.04228761047124863 
vt 0.2144218534231186 0.040347300469875336 
vt 0.2144218534231186 0.04228761047124863 
vt 0.04041830822825432 0.04388551414012909 
vt 0.050085172057151794 0.04388551414012909 
vt 0.05975203588604927 0.04388551414012909 
vt 0.06941889971494675 0.04388551414012909 
vt 0.07908576726913452 0.04388551414012909 
vt 0.0887526273727417 0.04388551414012909 
vt 0.09841949492692947 0.04388551414012909 
vt 0.10808635503053665 0.04388551414012909 
vt 0.11775322258472443 0.04388551414012909 
vt 0.1274200826883316 0.04388551414012909 
vt 0.13708694279193878 0.04388551414012909 
vt 0.14675381779670715 0.04388551414012909 
vt 0.15642067790031433 0.04388551414012909 
vt 0.1660875380039215 0.04388551414012909 
vt 0.1757543981075287 0.04388551414012909 
vt 0.18542127311229706 0.04388551414012909 
vt 0.19508813321590424 0.04388551414012909 
vt 0.2047549933195114 0.04388551414012909 
vt 0.2144218534231186 0.04388551414012909 
vt 0.04041830822825432 0.04582582786679268 
vt 0.050085172057151794 0.04582582786679268 
vt 0.05975203588604927 0.04582582786679268 
vt 0.06941889971494675 0.04582582786679268 
vt 0.07908576726913452 0.04582582786679268 
vt 0.0887526273727417 0.04582582786679268 
vt 0.09841949492692947 0.04582582786679268 
vt 0.10808635503053665 0.04582582786679268 
vt 0.11775322258472443 0.04582582786679268 
vt 0.1274200826883316 0.04582582786679268 
vt 0.13708694279193878 0.04582582786679268 
vt 0.14675381779670715 0.04582582786679268 
vt 0.15642067790031433 0.04582582786679268 
vt 0.1660875380039215 0.04582582786679268 
vt 0.1757543981075287 0.04582582786679268 
vt 0.18542127311229706 0.04582582786679268 
vt 0.19508813321590424 0.04582582786679268 
vt 0.2047549933195114 0.04582582786679268 
vt 0.2144218534231186 0.04582582786679268 
vt 0.04041830822825432 0.04742373153567314 
vt 0.050085172057151794 0.04742373153567314 
vt 0.05975203588604927 0.04742373153567314 
vt 0.06941889971494675 0.04742373153567314 
vt 0.07908576726913452 0.04742373153567314 
vt 0.0887526273727417 0.04742373153567314 
vt 0.09841949492692947 0.04742373153567314 
vt 0.10808635503053665 0.04742373153567314 
vt 0.11775322258472443 0.04742373153567314 
vt 0.1274200826883316 0.04742373153567314 
vt 0.13708694279193878 0.04742373153567314 
vt 0.14675381779670715 0.04742373153567314 
vt 0.15642067790031433 0.04742373153567314 
vt 0.1660875380039215 0.04742373153567314 
vt 0.1757543981075287 0.04742373153567314 
vt 0.18542127311229706 0.04742373153567314 
vt 0.19508813321590424 0.04742373153567314 
vt 0.2047549933195114 0.04742373153567314 
vt 0.2144218534231186 0.04742373153567314 
vt 0.04041830822825432 0.061234187334775925 
vt 0.050085172057151794 0.061234187334775925 
vt 0.05975203588604927 0.061234187334775925 
vt 0.06941889971494675 0.061234187334775925 
vt 0.07908576726913452 0.061234187334775925 
vt 0.0887526273727417 0.061234187334775925 
vt 0.09841949492692947 0.061234187334775925 
vt 0.10808635503053665 0.061234187334775925 
vt 0.11775322258472443 0.061234187334775925 
vt 0.1274200826883316 0.061234187334775925 
vt 0.13708694279193878 0.061234187334775925 
vt 0.14675381779670715 0.061234187334775925 
vt 0.15642067790031433 0.061234187334775925 
vt 0.1660875380039215 0.061234187334775925 
vt 0.1757543981075287 0.061234187334775925 
vt 0.18542127311229706 0.061234187334775925 
vt 0.19508813321590424 0.061234187334775925 
vt 0.2047549933195114 0.061234187334775925 
vt 0.2144218534231186 0.061234187334775925 
vt 0.050085172057151794 0.08383311331272125 
vt 0.05975203588604927 0.08383311331272125 
vt 0.06941889971494675 0.08383311331272125 
vt 0.07908576726913452 0.08383311331272125 
vt 0.0887526273727417 0.08383311331272125 
vt 0.09841949492692947 0.08383311331272125 
vt 0.10808635503053665 0.08383311331272125 
vt 0.11775322258472443 0.08383311331272125 
vt 0.1274200826883316 0.08383311331272125 
vt 0.13708694279193878 0.08383311331272125 
vt 0.14675381779670715 0.08383311331272125 
vt 0.15642067790031433 0.08383311331272125 
vt 0.1660875380039215 0.08383311331272125 
vt 0.1757543981075287 0.08383311331272125 
vt 0.18542127311229706 0.08383311331272125 
vt 0.19508813321590424 0.08383311331272125 
vt 0.2047549933195114 0.08383311331272125 
vt 0.2144218534231186 0.08383311331272125 
vt 0.050085172057151794 0.09536085277795792 
vt 0.05975203588604927 0.09536085277795792 
vt 0.06941889971494675 0.09536085277795792 
vt 0.07908576726913452 0.09536085277795792 
vt 0.0887526273727417 0.09536085277795792 
vt 0.09841949492692947 0.09536085277795792 
vt 0.10808635503053665 0.09536085277795792 
vt 0.11775322258472443 0.09536085277795792 
vt 0.1274200826883316 0.09536085277795792 
vt 0.13708694279193878 0.09536085277795792 
vt 0.14675381779670715 0.09536085277795792 
vt 0.15642067790031433 0.09536085277795792 
vt 0.1660875380039215 0.09536085277795792 
vt 0.1757543981075287 0.09536085277795792 
vt 0.18542127311229706 0.09536085277795792 
vt 0.19508813321590424 0.09536085277795792 
vt 0.2047549933195114 0.09536085277795792 
vt 0.2144218534231186 0.09536085277795792 
vt 0.050085172057151794 0.10038283467292786 
vt 0.05975203588604927 0.10038283467292786 
vt 0.06941889971494675 0.10038283467292786 
vt 0.07908576726913452 0.10038283467292786 
vt 0.0887526273727417 0.10038283467292786 
vt 0.09841949492692947 0.10038283467292786 
vt 0.10808635503053665 0.10038283467292786 
vt 0.11775322258472443 0.10038283467292786 
vt 0.1274200826883316 0.10038283467292786 
vt 0.13708694279193878 0.10038283467292786 
vt 0.14675381779670715 0.10038283467292786 
vt 0.15642067790031433 0.10038283467292786 
vt 0.1660875380039215 0.10038283467292786 
vt 0.1757543981075287 0.10038283467292786 
vt 0.18542127311229706 0.10038283467292786 
vt 0.19508813321590424 0.10038283467292786 
vt 0.2047549933195114 0.10038283467292786 
vt 0.2144218534231186 0.10038283467292786 
vt 0.050085172057151794 0.10620377212762833 
vt 0.05975203588604927 0.10620377212762833 
vt 0.06941889971494675 0.10620377212762833 
vt 0.07908576726913452 0.10620377212762833 
vt 0.0887526273727417 0.10620377212762833 
vt 0.09841949492692947 0.10620377212762833 
vt 0.10808635503053665 0.10620377212762833 
vt 0.11775322258472443 0.10620377212762833 
vt 0.1274200826883316 0.10620377212762833 
vt 0.13708694279193878 0.10620377212762833 
vt 0.14675381779670715 0.10620377212762833 
vt 0.15642067790031433 0.10620377212762833 
vt 0.1660875380039215 0.10620377212762833 
vt 0.1757543981075287 0.10620377212762833 
vt 0.18542127311229706 0.10620377212762833 
vt 0.19508813321590424 0.10620377212762833 
vt 0.2047549933195114 0.10620377212762833 
vt 0.2144218534231186 0.10620377212762833 
vt 0.04041830822825432 0.10620377212762833 
vt 0.04041830822825432 0.10038283467292786 
vt 0.04041830822825432 0.09536085277795792 
vt 0.04041830822825432 0.08383311331272125 
vt 0.21236316859722137 0.2553795278072357 
vt 0.21236316859722137 0.30012083053588867 
vt 0.20690318942070007 0.2553795278072357 
vt 0.20690318942070007 0.30012083053588867 
vt 0.1577633023262024 0.2553795278072357 
vt 0.1577633023262024 0.30012083053588867 
vt 0.15221379697322845 0.2553795278072357 
vt 0.15221379697322845 0.30012083053588867 
vt 0.14675381779670715 0.2553795278072357 
vt 0.14675381779670715 0.30012083053588867 
vt 0.14129382371902466 0.2553795278072357 
vt 0.14129382371902466 0.30012083053588867 
vt 0.1359233409166336 0.2553795278072357 
vt 0.1359233409166336 0.30012083053588867 
vt 0.13055285811424255 0.2553795278072357 
vt 0.13055285811424255 0.30012083053588867 
vt 0.1251823902130127 0.2553795278072357 
vt 0.1251823902130127 0.30012083053588867 
vt 0.1197223961353302 0.2553795278072357 
vt 0.1197223961353302 0.30012083053588867 
vt 0.11417289823293686 0.2553795278072357 
vt 0.11417289823293686 0.30012083053588867 
vt 0.040328800678253174 0.29829466342926025 
vt 0.040328800678253174 0.24636277556419373 
vt 0.046683866530656815 0.29829466342926025 
vt 0.046683866530656815 0.24636277556419373 
vt 0.053038936108350754 0.29829466342926025 
vt 0.053038936108350754 0.24636277556419373 
vt 0.05939400568604469 0.29829466342926025 
vt 0.05939400568604469 0.24636277556419373 
vt 0.06557005643844604 0.29829466342926025 
vt 0.06557005643844604 0.24636277556419373 
vt 0.07183561474084854 0.29829466342926025 
vt 0.07183561474084854 0.24636277556419373 
vt 0.07801166921854019 0.29829466342926025 
vt 0.07801166921854019 0.24636277556419373 
vt 0.08436673879623413 0.29829466342926025 
vt 0.08436673879623413 0.24636277556419373 
vt 0.09072180092334747 0.29829466342926025 
vt 0.09072180092334747 0.24636277556419373 
vt 0.09707687050104141 0.29829466342926025 
vt 0.09707687050104141 0.24636277556419373 
vt 0.5843584537506104 0.9752352833747864 
vt 0.5843584537506104 0.6922921538352966 
vt 0.5495398044586182 0.9752352833747864 
vt 0.5495398044586182 0.6922921538352966 
vt 0.5149002075195312 0.9752352833747864 
vt 0.5149002075195312 0.6922921538352966 
vt 0.4806186556816101 0.9752352833747864 
vt 0.4806186556816101 0.6922921538352966 
vt 0.4466056227684021 0.9752352833747864 
vt 0.4466056227684021 0.6922921538352966 
vt 0.41268208622932434 0.9752352833747864 
vt 0.41268208622932434 0.6922921538352966 
vt 0.3787585496902466 0.9752352833747864 
vt 0.3787585496902466 0.6922921538352966 
vt 0.34447699785232544 0.9752352833747864 
vt 0.34447699785232544 0.6922921538352966 
vt 0.3098374009132385 0.9752352833747864 
vt 0.3098374009132385 0.6922921538352966 
vt 0.2749292552471161 0.9752352833747864 
vt 0.2749292552471161 0.6922921538352966 
vt 0.5495398044586182 0.6352241039276123 
vt 0.5149002075195312 0.6352241039276123 
vt 0.4806186556816101 0.6352241039276123 
vt 0.4466056227684021 0.6352241039276123 
vt 0.41268208622932434 0.6352241039276123 
vt 0.3787585496902466 0.6352241039276123 
vt 0.34447699785232544 0.6352241039276123 
vt 0.3098374009132385 0.6352241039276123 
vt 0.2749292552471161 0.6352241039276123 
vt 0.7734888195991516 0.6322565674781799 
vt 0.7734888195991516 0.30354490876197815 
vt 0.7380436658859253 0.6322565674781799 
vt 0.7380436658859253 0.30354490876197815 
vt 0.7025089859962463 0.6322565674781799 
vt 0.7025089859962463 0.30354490876197815 
vt 0.6668847799301147 0.6322565674781799 
vt 0.6668847799301147 0.30354490876197815 
vt 0.6312606334686279 0.6322565674781799 
vt 0.6312606334686279 0.30354490876197815 
vt 0.5955469012260437 0.6322565674781799 
vt 0.5955469012260437 0.30354490876197815 
vt 0.5599227547645569 0.6322565674781799 
vt 0.5599227547645569 0.30354490876197815 
vt 0.5242090225219727 0.6322565674781799 
vt 0.5242090225219727 0.30354490876197815 
vt 0.48903241753578186 0.6322565674781799 
vt 0.48903241753578186 0.30354490876197815 
vt 0.45197609066963196 0.6322565674781799 
vt 0.45197609066963196 0.30354490876197815 
vt 0.7380436658859253 0.23551985621452332 
vt 0.7025089859962463 0.23551985621452332 
vt 0.6668847799301147 0.23551985621452332 
vt 0.6312606334686279 0.23551985621452332 
vt 0.5955469012260437 0.23551985621452332 
vt 0.5599227547645569 0.23551985621452332 
vt 0.5242090225219727 0.23551985621452332 
vt 0.48903241753578186 0.23551985621452332 
vt 0.45197609066963196 0.23551985621452332 
vt 0.07926478236913681 0.040347300469875336 
vt 0.07926478236913681 0.040347300469875336 
vt 0.060468100011348724 0.040347300469875336 
vt 0.060468100011348724 0.040347300469875336 
vt 0.05035369470715523 0.040347300469875336 
vt 0.05035369470715523 0.040347300469875336 
vt 0.050085172057151794 0.040347300469875336 
vt 0.050085172057151794 0.040347300469875336 
vt 0.05975203588604927 0.040347300469875336 
vt 0.05975203588604927 0.040347300469875336 
vt 0.07819068431854248 0.040347300469875336 
vt 0.07819068431854248 0.040347300469875336 
vt 0.10307390987873077 0.040347300469875336 
vt 0.10307390987873077 0.040347300469875336 
vt 0.13153745234012604 0.040347300469875336 
vt 0.13153745234012604 0.040347300469875336 
vt 0.16009050607681274 0.040347300469875336 
vt 0.16009050607681274 0.040347300469875336 
vt 0.18524225056171417 0.040347300469875336 
vt 0.18524225056171417 0.040347300469875336 
vt 0.20403893291950226 0.040347300469875336 
vt 0.20403893291950226 0.040347300469875336 
vt 0.21415333449840546 0.040347300469875336 
vt 0.21415333449840546 0.040347300469875336 
vt 0.2144218534231186 0.040347300469875336 
vt 0.2047549933195114 0.040347300469875336 
vt 0.19508813321590424 0.040347300469875336 
vt 0.18542127311229706 0.040347300469875336 
vt 0.1757543981075287 0.040347300469875336 
vt 0.1660875380039215 0.040347300469875336 
vt 0.1660875380039215 0.040347300469875336 
vt 0.07926478236913681 0.040347300469875336 
vt 0.060468100011348724 0.040347300469875336 
vt 0.05035369470715523 0.040347300469875336 
vt 0.050085172057151794 0.040347300469875336 
vt 0.05975203588604927 0.040347300469875336 
vt 0.07819068431854248 0.040347300469875336 
vt 0.10307390987873077 0.040347300469875336 
vt 0.13153745234012604 0.040347300469875336 
vt 0.16009050607681274 0.040347300469875336 
vt 0.18524225056171417 0.040347300469875336 
vt 0.20403893291950226 0.040347300469875336 
vt 0.21415333449840546 0.040347300469875336 
vt 0.2144218534231186 0.040347300469875336 
vt 0.2047549933195114 0.040347300469875336 
vt 0.19508813321590424 0.040347300469875336 
vt 0.18542127311229706 0.040347300469875336 
vt 0.1757543981075287 0.040347300469875336 
vt 0.1757543981075287 0.040347300469875336 
vt 0.1660875380039215 0.040347300469875336 
vt 0.07926478236913681 0.040347300469875336 
vt 0.060468100011348724 0.040347300469875336 
vt 0.05035369470715523 0.040347300469875336 
vt 0.050085172057151794 0.040347300469875336 
vt 0.05975203588604927 0.040347300469875336 
vt 0.07819068431854248 0.040347300469875336 
vt 0.10307390987873077 0.040347300469875336 
vt 0.13153745234012604 0.040347300469875336 
vt 0.16009050607681274 0.040347300469875336 
vt 0.18524225056171417 0.040347300469875336 
vt 0.20403893291950226 0.040347300469875336 
vt 0.21415333449840546 0.040347300469875336 
vt 0.2144218534231186 0.040347300469875336 
vt 0.2047549933195114 0.040347300469875336 
vt 0.19508813321590424 0.040347300469875336 
vt 0.18542127311229706 0.040347300469875336 
vt 0.18542127311229706 0.040347300469875336 
vt 0.1757543981075287 0.040347300469875336 
vt 0.1660875380039215 0.040347300469875336 
vt 0.07926478236913681 0.040347300469875336 
vt 0.060468100011348724 0.040347300469875336 
vt 0.05035369470715523 0.040347300469875336 
vt 0.050085172057151794 0.040347300469875336 
vt 0.05975203588604927 0.040347300469875336 
vt 0.07819068431854248 0.040347300469875336 
vt 0.10307390987873077 0.040347300469875336 
vt 0.13153745234012604 0.040347300469875336 
vt 0.16009050607681274 0.040347300469875336 
vt 0.18524225056171417 0.040347300469875336 
vt 0.20403893291950226 0.040347300469875336 
vt 0.21415333449840546 0.040347300469875336 
vt 0.2144218534231186 0.040347300469875336 
vt 0.2047549933195114 0.040347300469875336 
vt 0.19508813321590424 0.040347300469875336 
vt 0.2144218534231186 0.040347300469875336 
vt 0.2144218534231186 0.040347300469875336 
vt 0.2047549933195114 0.040347300469875336 
vt 0.2047549933195114 0.040347300469875336 
vt 0.19508813321590424 0.040347300469875336 
vt 0.19508813321590424 0.040347300469875336 
vt 0.18542127311229706 0.040347300469875336 
vt 0.18542127311229706 0.040347300469875336 
vt 0.1757543981075287 0.040347300469875336 
vt 0.1757543981075287 0.040347300469875336 
vt 0.1660875380039215 0.040347300469875336 
vt 0.1660875380039215 0.040347300469875336 
vt 0.07926478236913681 0.040347300469875336 
vt 0.07926478236913681 0.040347300469875336 
vt 0.060468100011348724 0.040347300469875336 
vt 0.060468100011348724 0.040347300469875336 
vt 0.05035369470715523 0.040347300469875336 
vt 0.05035369470715523 0.040347300469875336 
vt 0.050085172057151794 0.040347300469875336 
vt 0.050085172057151794 0.040347300469875336 
vt 0.05975203588604927 0.040347300469875336 
vt 0.05975203588604927 0.040347300469875336 
vt 0.07819068431854248 0.040347300469875336 
vt 0.07819068431854248 0.040347300469875336 
vt 0.10307390987873077 0.040347300469875336 
vt 0.10307390987873077 0.040347300469875336 
vt 0.13153745234012604 0.040347300469875336 
vt 0.13153745234012604 0.040347300469875336 
vt 0.16009050607681274 0.040347300469875336 
vt 0.16009050607681274 0.040347300469875336 
vt 0.18524225056171417 0.040347300469875336 
vt 0.18524225056171417 0.040347300469875336 
vt 0.20403893291950226 0.040347300469875336 
vt 0.20403893291950226 0.040347300469875336 
vt 0.21415333449840546 0.040347300469875336 
vt 0.21415333449840546 0.040347300469875336 
vt 0.7734888195991516 0.23551985621452332 
vt 0.5843584537506104 0.6352241039276123 
s on 
f 1/1/1 2/2/2 3/3/3 
f 2/2/2 4/4/4 3/3/3 
f 3/3/3 4/4/4 5/5/5 
f 4/4/4 6/6/6 5/5/5 
f 5/5/5 6/6/6 7/7/7 
f 6/6/6 8/8/8 7/7/7 
f 7/7/7 8/8/8 9/9/9 
f 8/8/8 10/10/10 9/9/9 
f 9/9/9 10/10/10 11/11/11 
f 10/10/10 12/12/12 11/11/11 
f 11/11/11 12/12/12 13/13/13 
f 12/12/12 14/14/14 13/13/13 
f 13/13/13 14/14/14 15/15/15 
f 14/14/14 16/16/16 15/15/15 
f 15/15/15 16/16/16 17/17/17 
f 16/16/16 18/18/18 17/17/17 
f 17/17/17 18/18/18 19/19/19 
f 18/18/18 20/20/20 19/19/19 
f 19/19/19 20/20/20 21/21/21 
f 20/20/20 22/22/22 21/21/21 
f 21/21/21 22/22/22 23/23/23 
f 22/22/22 24/24/24 23/23/23 
f 23/23/23 24/24/24 25/25/25 
f 24/24/24 26/26/26 25/25/25 
f 25/25/25 26/26/26 27/27/27 
f 26/26/26 28/28/28 27/27/27 
f 27/27/27 28/28/28 29/29/29 
f 28/28/28 30/30/30 29/29/29 
f 29/29/29 30/30/30 31/31/31 
f 30/30/30 32/32/32 31/31/31 
f 31/31/31 32/32/32 33/33/33 
f 32/32/32 34/34/34 33/33/33 
f 33/33/33 34/34/34 35/35/35 
f 34/34/34 36/36/36 35/35/35 
f 35/35/35 36/36/36 37/37/37 
f 36/36/36 38/38/38 37/37/37 
f 37/37/37 38/38/38 38/38/38 
f 38/38/38 36/36/36 38/38/38 
f 38/38/38 36/36/36 36/36/36 
f 36/36/36 39/39/39 36/36/36 
f 36/36/36 39/39/39 38/38/38 
f 39/39/39 40/40/40 38/38/38 
f 38/38/38 40/40/40 41/41/41 
f 40/40/40 42/42/42 41/41/41 
f 41/41/41 42/42/42 43/43/43 
f 42/42/42 44/44/44 43/43/43 
f 43/43/43 44/44/44 45/45/45 
f 44/44/44 46/46/46 45/45/45 
f 45/45/45 46/46/46 47/47/47 
f 46/46/46 48/48/48 47/47/47 
f 47/47/47 48/48/48 49/49/49 
f 48/48/48 50/50/50 49/49/49 
f 49/49/49 50/50/50 51/51/51 
f 50/50/50 52/52/52 51/51/51 
f 51/51/51 52/52/52 53/53/53 
f 52/52/52 54/54/54 53/53/53 
f 53/53/53 54/54/54 55/55/55 
f 54/54/54 56/56/56 55/55/55 
f 55/55/55 56/56/56 57/57/57 
f 56/56/56 58/58/58 57/57/57 
f 57/57/57 58/58/58 59/59/59 
f 58/58/58 60/60/60 59/59/59 
f 59/59/59 60/60/60 61/61/61 
f 60/60/60 62/62/62 61/61/61 
f 61/61/61 62/62/62 63/63/63 
f 62/62/62 64/64/64 63/63/63 
f 63/63/63 64/64/64 65/65/65 
f 64/64/64 66/66/66 65/65/65 
f 65/65/65 66/66/66 30/30/30 
f 66/66/66 67/67/67 30/30/30 
f 30/30/30 67/67/67 32/32/32 
f 67/67/67 68/68/68 32/32/32 
f 32/32/32 68/68/68 34/34/34 
f 68/68/68 69/69/69 34/34/34 
f 34/34/34 69/69/69 36/36/36 
f 69/69/69 39/39/39 36/36/36 
f 36/36/36 39/39/39 39/39/39 
f 39/39/39 69/69/69 39/39/39 
f 39/39/39 69/69/69 69/69/69 
f 69/69/69 70/70/70 69/69/69 
f 69/69/69 70/70/70 39/39/39 
f 70/70/70 71/71/71 39/39/39 
f 39/39/39 71/71/71 40/40/40 
f 71/71/71 72/72/72 40/40/40 
f 40/40/40 72/72/72 42/42/42 
f 72/72/72 73/73/73 42/42/42 
f 42/42/42 73/73/73 44/44/44 
f 73/73/73 74/74/74 44/44/44 
f 44/44/44 74/74/74 46/46/46 
f 74/74/74 75/75/75 46/46/46 
f 46/46/46 75/75/75 48/48/48 
f 75/75/75 76/76/76 48/48/48 
f 48/48/48 76/76/76 50/50/50 
f 76/76/76 77/77/77 50/50/50 
f 50/50/50 77/77/77 52/52/52 
f 77/77/77 78/78/78 52/52/52 
f 52/52/52 78/78/78 54/54/54 
f 78/78/78 79/79/79 54/54/54 
f 54/54/54 79/79/79 56/56/56 
f 79/79/79 80/80/80 56/56/56 
f 56/56/56 80/80/80 58/58/58 
f 80/80/80 81/81/81 58/58/58 
f 58/58/58 81/81/81 60/60/60 
f 81/81/81 82/82/82 60/60/60 
f 60/60/60 82/82/82 62/62/62 
f 82/82/82 83/83/83 62/62/62 
f 62/62/62 83/83/83 64/64/64 
f 83/83/83 84/84/84 64/64/64 
f 64/64/64 84/84/84 66/66/66 
f 84/84/84 85/85/85 66/66/66 
f 66/66/66 85/85/85 67/67/67 
f 85/85/85 86/86/86 67/67/67 
f 67/67/67 86/86/86 68/68/68 
f 86/86/86 87/87/87 68/68/68 
f 68/68/68 87/87/87 69/69/69 
f 87/87/87 70/70/70 69/69/69 
f 69/69/69 70/70/70 70/70/70 
f 70/70/70 85/85/85 70/70/70 
f 70/70/70 85/85/85 85/85/85 
f 85/85/85 84/84/84 85/85/85 
f 85/85/85 84/84/84 86/86/86 
f 84/84/84 82/82/82 86/86/86 
f 86/86/86 82/82/82 70/70/70 
f 82/82/82 78/78/78 70/70/70 
f 70/70/70 78/78/78 74/74/74 
f 78/78/78 76/76/76 74/74/74 
f 74/74/74 76/76/76 75/75/75 
f 76/76/76 75/75/75 75/75/75 
f 75/75/75 75/75/75 74/74/74 
f 75/75/75 74/74/74 74/74/74 
f 74/74/74 74/74/74 74/74/74 
f 74/74/74 72/72/72 74/74/74 
f 74/74/74 72/72/72 70/70/70 
f 72/72/72 71/71/71 70/70/70 
f 70/70/70 71/71/71 71/71/71 
f 71/71/71 81/81/81 71/71/71 
f 71/71/71 81/81/81 81/81/81 
f 81/81/81 80/80/80 81/81/81 
f 81/81/81 80/80/80 82/82/82 
f 80/80/80 78/78/78 82/82/82 
f 82/82/82 78/78/78 78/78/78 
f 78/78/78 88/88/88 78/78/78 
f 78/78/78 88/88/88 88/88/88 
f 88/88/88 89/89/89 88/88/88 
f 88/88/88 89/89/89 90/90/90 
f 89/89/89 91/91/91 90/90/90 
f 90/90/90 91/91/91 92/92/92 
f 91/91/91 93/93/93 92/92/92 
f 92/92/92 93/93/93 94/94/94 
f 93/93/93 95/95/95 94/94/94 
f 94/94/94 95/95/95 96/96/96 
f 95/95/95 97/97/97 96/96/96 
f 96/96/96 97/97/97 98/98/98 
f 97/97/97 99/99/99 98/98/98 
f 98/98/98 99/99/99 100/100/100 
f 99/99/99 101/101/101 100/100/100 
f 100/100/100 101/101/101 102/102/102 
f 101/101/101 103/103/103 102/102/102 
f 102/102/102 103/103/103 104/104/104 
f 103/103/103 105/105/105 104/104/104 
f 104/104/104 105/105/105 106/106/106 
f 105/105/105 107/107/107 106/106/106 
f 106/106/106 107/107/107 108/108/108 
f 107/107/107 109/109/109 108/108/108 
f 108/108/108 109/109/109 110/110/110 
f 109/109/109 111/111/111 110/110/110 
f 110/110/110 111/111/111 112/112/112 
f 111/111/111 113/113/113 112/112/112 
f 112/112/112 113/113/113 114/114/114 
f 113/113/113 115/115/115 114/114/114 
f 114/114/114 115/115/115 116/116/116 
f 115/115/115 117/117/117 116/116/116 
f 116/116/116 117/117/117 118/118/118 
f 117/117/117 119/119/119 118/118/118 
f 118/118/118 119/119/119 120/120/120 
f 119/119/119 121/121/121 120/120/120 
f 120/120/120 121/121/121 122/122/122 
f 121/121/121 123/123/123 122/122/122 
f 122/122/122 123/123/123 124/124/124 
f 123/123/123 125/125/125 124/124/124 
f 124/124/124 125/125/125 125/125/125 
f 125/125/125 89/89/89 125/125/125 
f 125/125/125 89/89/89 89/89/89 
f 89/89/89 126/126/126 89/89/89 
f 89/89/89 126/126/126 91/91/91 
f 126/126/126 127/127/127 91/91/91 
f 91/91/91 127/127/127 93/93/93 
f 127/127/127 128/128/128 93/93/93 
f 93/93/93 128/128/128 95/95/95 
f 128/128/128 129/129/129 95/95/95 
f 95/95/95 129/129/129 97/97/97 
f 129/129/129 130/130/130 97/97/97 
f 97/97/97 130/130/130 99/99/99 
f 130/130/130 131/131/131 99/99/99 
f 99/99/99 131/131/131 101/101/101 
f 131/131/131 132/132/132 101/101/101 
f 101/101/101 132/132/132 103/103/103 
f 132/132/132 133/133/133 103/103/103 
f 103/103/103 133/133/133 105/105/105 
f 133/133/133 134/134/134 105/105/105 
f 105/105/105 134/134/134 107/107/107 
f 134/134/134 135/135/135 107/107/107 
f 107/107/107 135/135/135 109/109/109 
f 135/135/135 136/136/136 109/109/109 
f 109/109/109 136/136/136 111/111/111 
f 136/136/136 137/137/137 111/111/111 
f 111/111/111 137/137/137 113/113/113 
f 137/137/137 138/138/138 113/113/113 
f 113/113/113 138/138/138 115/115/115 
f 138/138/138 139/139/139 115/115/115 
f 115/115/115 139/139/139 117/117/117 
f 139/139/139 140/140/140 117/117/117 
f 117/117/117 140/140/140 119/119/119 
f 140/140/140 141/141/141 119/119/119 
f 119/119/119 141/141/141 121/121/121 
f 141/141/141 142/142/142 121/121/121 
f 121/121/121 142/142/142 123/123/123 
f 142/142/142 143/143/143 123/123/123 
f 123/123/123 143/143/143 125/125/125 
f 143/143/143 144/144/144 125/125/125 
f 125/125/125 144/144/144 144/144/144 
f 144/144/144 126/126/126 144/144/144 
f 144/144/144 126/126/126 126/126/126 
f 126/126/126 145/145/145 126/126/126 
f 126/126/126 145/145/145 127/127/127 
f 145/145/145 146/146/146 127/127/127 
f 127/127/127 146/146/146 128/128/128 
f 146/146/146 147/147/147 128/128/128 
f 128/128/128 147/147/147 129/129/129 
f 147/147/147 148/148/148 129/129/129 
f 129/129/129 148/148/148 130/130/130 
f 148/148/148 149/149/149 130/130/130 
f 130/130/130 149/149/149 131/131/131 
f 149/149/149 150/150/150 131/131/131 
f 131/131/131 150/150/150 132/132/132 
f 150/150/150 151/151/151 132/132/132 
f 132/132/132 151/151/151 133/133/133 
f 151/151/151 152/152/152 133/133/133 
f 133/133/133 152/152/152 134/134/134 
f 152/152/152 153/153/153 134/134/134 
f 134/134/134 153/153/153 135/135/135 
f 153/153/153 154/154/154 135/135/135 
f 135/135/135 154/154/154 136/136/136 
f 154/154/154 155/155/155 136/136/136 
f 136/136/136 155/155/155 137/137/137 
f 155/155/155 156/156/156 137/137/137 
f 137/137/137 156/156/156 138/138/138 
f 156/156/156 157/157/157 138/138/138 
f 138/138/138 157/157/157 139/139/139 
f 157/157/157 158/158/158 139/139/139 
f 139/139/139 158/158/158 140/140/140 
f 158/158/158 159/159/159 140/140/140 
f 140/140/140 159/159/159 141/141/141 
f 159/159/159 160/160/160 141/141/141 
f 141/141/141 160/160/160 142/142/142 
f 160/160/160 161/161/161 142/142/142 
f 142/142/142 161/161/161 143/143/143 
f 161/161/161 162/162/162 143/143/143 
f 143/143/143 162/162/162 144/144/144 
f 162/162/162 163/163/163 144/144/144 
f 144/144/144 163/163/163 163/163/163 
f 163/163/163 145/145/145 163/163/163 
f 163/163/163 145/145/145 145/145/145 
f 145/145/145 164/164/164 145/145/145 
f 145/145/145 164/164/164 146/146/146 
f 164/164/164 165/165/165 146/146/146 
f 146/146/146 165/165/165 147/147/147 
f 165/165/165 166/166/166 147/147/147 
f 147/147/147 166/166/166 148/148/148 
f 166/166/166 167/167/167 148/148/148 
f 148/148/148 167/167/167 149/149/149 
f 167/167/167 168/168/168 149/149/149 
f 149/149/149 168/168/168 150/150/150 
f 168/168/168 169/169/169 150/150/150 
f 150/150/150 169/169/169 151/151/151 
f 169/169/169 170/170/170 151/151/151 
f 151/151/151 170/170/170 152/152/152 
f 170/170/170 171/171/171 152/152/152 
f 152/152/152 171/171/171 153/153/153 
f 171/171/171 172/172/172 153/153/153 
f 153/153/153 172/172/172 154/154/154 
f 172/172/172 173/173/173 154/154/154 
f 154/154/154 173/173/173 155/155/155 
f 173/173/173 174/174/174 155/155/155 
f 155/155/155 174/174/174 156/156/156 
f 174/174/174 175/175/175 156/156/156 
f 156/156/156 175/175/175 157/157/157 
f 175/175/175 176/176/176 157/157/157 
f 157/157/157 176/176/176 158/158/158 
f 176/176/176 177/177/177 158/158/158 
f 158/158/158 177/177/177 159/159/159 
f 177/177/177 178/178/178 159/159/159 
f 159/159/159 178/178/178 160/160/160 
f 178/178/178 179/179/179 160/160/160 
f 160/160/160 179/179/179 161/161/161 
f 179/179/179 180/180/180 161/161/161 
f 161/161/161 180/180/180 162/162/162 
f 180/180/180 181/181/181 162/162/162 
f 162/162/162 181/181/181 163/163/163 
f 181/181/181 182/182/182 163/163/163 
f 163/163/163 182/182/182 182/182/182 
f 182/182/182 164/164/164 182/182/182 
f 182/182/182 164/164/164 164/164/164 
f 164/164/164 183/183/183 164/164/164 
f 164/164/164 183/183/183 165/165/165 
f 183/183/183 184/184/184 165/165/165 
f 165/165/165 184/184/184 166/166/166 
f 184/184/184 185/185/185 166/166/166 
f 166/166/166 185/185/185 167/167/167 
f 185/185/185 186/186/186 167/167/167 
f 167/167/167 186/186/186 168/168/168 
f 186/186/186 187/187/187 168/168/168 
f 168/168/168 187/187/187 169/169/169 
f 187/187/187 188/188/188 169/169/169 
f 169/169/169 188/188/188 170/170/170 
f 188/188/188 189/189/189 170/170/170 
f 170/170/170 189/189/189 171/171/171 
f 189/189/189 190/190/190 171/171/171 
f 171/171/171 190/190/190 172/172/172 
f 190/190/190 191/191/191 172/172/172 
f 172/172/172 191/191/191 173/173/173 
f 191/191/191 192/192/192 173/173/173 
f 173/173/173 192/192/192 174/174/174 
f 192/192/192 193/193/193 174/174/174 
f 174/174/174 193/193/193 175/175/175 
f 193/193/193 194/194/194 175/175/175 
f 175/175/175 194/194/194 176/176/176 
f 194/194/194 195/195/195 176/176/176 
f 176/176/176 195/195/195 177/177/177 
f 195/195/195 196/196/196 177/177/177 
f 177/177/177 196/196/196 178/178/178 
f 196/196/196 197/197/197 178/178/178 
f 178/178/178 197/197/197 179/179/179 
f 197/197/197 198/198/198 179/179/179 
f 179/179/179 198/198/198 180/180/180 
f 198/198/198 199/199/199 180/180/180 
f 180/180/180 199/199/199 181/181/181 
f 199/199/199 200/200/200 181/181/181 
f 181/181/181 200/200/200 182/182/182 
f 200/200/200 201/201/201 182/182/182 
f 182/182/182 201/201/201 201/201/201 
f 201/201/201 183/183/183 201/201/201 
f 201/201/201 183/183/183 183/183/183 
f 183/183/183 202/202/202 183/183/183 
f 183/183/183 202/202/202 184/184/184 
f 202/202/202 203/203/203 184/184/184 
f 184/184/184 203/203/203 185/185/185 
f 203/203/203 204/204/204 185/185/185 
f 185/185/185 204/204/204 186/186/186 
f 204/204/204 205/205/205 186/186/186 
f 186/186/186 205/205/205 187/187/187 
f 205/205/205 206/206/206 187/187/187 
f 187/187/187 206/206/206 188/188/188 
f 206/206/206 207/207/207 188/188/188 
f 188/188/188 207/207/207 189/189/189 
f 207/207/207 208/208/208 189/189/189 
f 189/189/189 208/208/208 190/190/190 
f 208/208/208 209/209/209 190/190/190 
f 190/190/190 209/209/209 191/191/191 
f 209/209/209 210/210/210 191/191/191 
f 191/191/191 210/210/210 192/192/192 
f 210/210/210 211/211/211 192/192/192 
f 192/192/192 211/211/211 193/193/193 
f 211/211/211 212/212/212 193/193/193 
f 193/193/193 212/212/212 194/194/194 
f 212/212/212 213/213/213 194/194/194 
f 194/194/194 213/213/213 195/195/195 
f 213/213/213 214/214/214 195/195/195 
f 195/195/195 214/214/214 196/196/196 
f 214/214/214 215/215/215 196/196/196 
f 196/196/196 215/215/215 197/197/197 
f 215/215/215 216/216/216 197/197/197 
f 197/197/197 216/216/216 198/198/198 
f 216/216/216 217/217/217 198/198/198 
f 198/198/198 217/217/217 199/199/199 
f 217/217/217 218/218/218 199/199/199 
f 199/199/199 218/218/218 200/200/200 
f 218/218/218 219/219/219 200/200/200 
f 200/200/200 219/219/219 201/201/201 
f 219/219/219 201/201/201 201/201/201 
f 201/201/201 201/201/201 202/202/202 
f 201/201/201 202/202/202 202/202/202 
f 202/202/202 202/202/202 202/202/202 
f 202/202/202 220/220/220 202/202/202 
f 202/202/202 220/220/220 203/203/203 
f 220/220/220 221/221/221 203/203/203 
f 203/203/203 221/221/221 204/204/204 
f 221/221/221 222/222/222 204/204/204 
f 204/204/204 222/222/222 205/205/205 
f 222/222/222 223/223/223 205/205/205 
f 205/205/205 223/223/223 206/206/206 
f 223/223/223 224/224/224 206/206/206 
f 206/206/206 224/224/224 207/207/207 
f 224/224/224 225/225/225 207/207/207 
f 207/207/207 225/225/225 208/208/208 
f 225/225/225 226/226/226 208/208/208 
f 208/208/208 226/226/226 209/209/209 
f 226/226/226 227/227/227 209/209/209 
f 209/209/209 227/227/227 210/210/210 
f 227/227/227 228/228/228 210/210/210 
f 210/210/210 228/228/228 211/211/211 
f 228/228/228 229/229/229 211/211/211 
f 211/211/211 229/229/229 212/212/212 
f 229/229/229 230/230/230 212/212/212 
f 212/212/212 230/230/230 213/213/213 
f 230/230/230 231/231/231 213/213/213 
f 213/213/213 231/231/231 214/214/214 
f 231/231/231 232/232/232 214/214/214 
f 214/214/214 232/232/232 215/215/215 
f 232/232/232 233/233/233 215/215/215 
f 215/215/215 233/233/233 216/216/216 
f 233/233/233 234/234/234 216/216/216 
f 216/216/216 234/234/234 217/217/217 
f 234/234/234 235/235/235 217/217/217 
f 217/217/217 235/235/235 218/218/218 
f 235/235/235 236/236/236 218/218/218 
f 218/218/218 236/236/236 219/219/219 
f 236/236/236 237/237/237 219/219/219 
f 219/219/219 237/237/237 237/237/237 
f 237/237/237 220/220/220 237/237/237 
f 237/237/237 220/220/220 220/220/220 
f 220/220/220 238/238/238 220/220/220 
f 220/220/220 238/238/238 221/221/221 
f 238/238/238 239/239/239 221/221/221 
f 221/221/221 239/239/239 222/222/222 
f 239/239/239 240/240/240 222/222/222 
f 222/222/222 240/240/240 223/223/223 
f 240/240/240 241/241/241 223/223/223 
f 223/223/223 241/241/241 224/224/224 
f 241/241/241 242/242/242 224/224/224 
f 224/224/224 242/242/242 225/225/225 
f 242/242/242 243/243/243 225/225/225 
f 225/225/225 243/243/243 226/226/226 
f 243/243/243 244/244/244 226/226/226 
f 226/226/226 244/244/244 227/227/227 
f 244/244/244 245/245/245 227/227/227 
f 227/227/227 245/245/245 228/228/228 
f 245/245/245 246/246/246 228/228/228 
f 228/228/228 246/246/246 229/229/229 
f 246/246/246 247/247/247 229/229/229 
f 229/229/229 247/247/247 230/230/230 
f 247/247/247 248/248/248 230/230/230 
f 230/230/230 248/248/248 231/231/231 
f 248/248/248 249/249/249 231/231/231 
f 231/231/231 249/249/249 232/232/232 
f 249/249/249 250/250/250 232/232/232 
f 232/232/232 250/250/250 233/233/233 
f 250/250/250 251/251/251 233/233/233 
f 233/233/233 251/251/251 234/234/234 
f 251/251/251 252/252/252 234/234/234 
f 234/234/234 252/252/252 235/235/235 
f 252/252/252 253/253/253 235/235/235 
f 235/235/235 253/253/253 236/236/236 
f 253/253/253 254/254/254 236/236/236 
f 236/236/236 254/254/254 237/237/237 
f 254/254/254 255/255/255 237/237/237 
f 237/237/237 255/255/255 255/255/255 
f 255/255/255 238/238/238 255/255/255 
f 255/255/255 238/238/238 238/238/238 
f 238/238/238 256/256/256 238/238/238 
f 238/238/238 256/256/256 239/239/239 
f 256/256/256 257/257/257 239/239/239 
f 239/239/239 257/257/257 240/240/240 
f 257/257/257 258/258/258 240/240/240 
f 240/240/240 258/258/258 241/241/241 
f 258/258/258 259/259/259 241/241/241 
f 241/241/241 259/259/259 242/242/242 
f 259/259/259 260/260/260 242/242/242 
f 242/242/242 260/260/260 243/243/243 
f 260/260/260 261/261/261 243/243/243 
f 243/243/243 261/261/261 244/244/244 
f 261/261/261 262/262/262 244/244/244 
f 244/244/244 262/262/262 245/245/245 
f 262/262/262 263/263/263 245/245/245 
f 245/245/245 263/263/263 246/246/246 
f 263/263/263 264/264/264 246/246/246 
f 246/246/246 264/264/264 247/247/247 
f 264/264/264 265/265/265 247/247/247 
f 247/247/247 265/265/265 248/248/248 
f 265/265/265 266/266/266 248/248/248 
f 248/248/248 266/266/266 249/249/249 
f 266/266/266 267/267/267 249/249/249 
f 249/249/249 267/267/267 250/250/250 
f 267/267/267 268/268/268 250/250/250 
f 250/250/250 268/268/268 251/251/251 
f 268/268/268 269/269/269 251/251/251 
f 251/251/251 269/269/269 252/252/252 
f 269/269/269 270/270/270 252/252/252 
f 252/252/252 270/270/270 253/253/253 
f 270/270/270 271/271/271 253/253/253 
f 253/253/253 271/271/271 254/254/254 
f 271/271/271 272/272/272 254/254/254 
f 254/254/254 272/272/272 255/255/255 
f 272/272/272 273/273/273 255/255/255 
f 255/255/255 273/273/273 273/273/273 
f 273/273/273 256/256/256 273/273/273 
f 273/273/273 256/256/256 256/256/256 
f 256/256/256 238/238/238 256/256/256 
f 256/256/256 238/238/238 274/274/274 
f 238/238/238 275/275/275 274/274/274 
f 274/274/274 275/275/275 275/275/275 
f 275/275/275 238/238/238 275/275/275 
f 275/275/275 238/238/238 238/238/238 
f 238/238/238 220/220/220 238/238/238 
f 238/238/238 220/220/220 275/275/275 
f 220/220/220 276/276/276 275/275/275 
f 275/275/275 276/276/276 276/276/276 
f 276/276/276 220/220/220 276/276/276 
f 276/276/276 220/220/220 220/220/220 
f 220/220/220 202/202/202 220/220/220 
f 220/220/220 202/202/202 276/276/276 
f 202/202/202 277/277/277 276/276/276 
f 276/276/276 277/277/277 277/277/277 
f 277/277/277 278/278/278 277/277/277 
f 277/277/277 278/278/278 278/278/278 
f 278/278/278 279/279/279 278/278/278 
f 278/278/278 279/279/279 280/280/280 
f 279/279/279 281/281/281 280/280/280 
f 280/280/280 281/281/281 281/281/281 
f 281/281/281 282/282/282 281/281/281 
f 281/281/281 282/282/282 282/282/282 
f 282/282/282 283/283/283 282/282/282 
f 282/282/282 283/283/283 284/284/284 
f 283/283/283 285/285/285 284/284/284 
f 284/284/284 285/285/285 286/286/286 
f 285/285/285 287/287/287 286/286/286 
f 286/286/286 287/287/287 288/288/288 
f 287/287/287 289/289/289 288/288/288 
f 288/288/288 289/289/289 290/290/290 
f 289/289/289 291/291/291 290/290/290 
f 290/290/290 291/291/291 292/292/292 
f 291/291/291 293/293/293 292/292/292 
f 292/292/292 293/293/293 294/294/294 
f 293/293/293 295/295/295 294/294/294 
f 294/294/294 295/295/295 296/296/296 
f 295/295/295 297/297/297 296/296/296 
f 296/296/296 297/297/297 298/298/298 
f 297/297/297 299/299/299 298/298/298 
f 298/298/298 299/299/299 299/299/299 
f 299/299/299 300/300/300 299/299/299 
f 299/299/299 300/300/300 300/300/300 
f 300/300/300 301/301/301 300/300/300 
f 300/300/300 301/301/301 302/302/302 
f 301/301/301 303/303/303 302/302/302 
f 302/302/302 303/303/303 304/304/304 
f 303/303/303 305/305/305 304/304/304 
f 304/304/304 305/305/305 306/306/306 
f 305/305/305 307/307/307 306/306/306 
f 306/306/306 307/307/307 308/308/308 
f 307/307/307 309/309/309 308/308/308 
f 308/308/308 309/309/309 310/310/310 
f 309/309/309 311/311/311 310/310/310 
f 310/310/310 311/311/311 312/312/312 
f 311/311/311 313/313/313 312/312/312 
f 312/312/312 313/313/313 314/314/314 
f 313/313/313 315/315/315 314/314/314 
f 314/314/314 315/315/315 316/316/316 
f 315/315/315 317/317/317 316/316/316 
f 316/316/316 317/317/317 318/318/318 
f 317/317/317 319/319/319 318/318/318 
f 318/318/318 319/319/319 319/319/319 
f 319/319/319 320/320/320 319/319/319 
f 319/319/319 320/320/320 320/320/320 
f 320/320/320 321/321/321 320/320/320 
f 320/320/320 321/321/321 322/322/322 
f 321/321/321 323/323/323 322/322/322 
f 322/322/322 323/323/323 324/324/324 
f 323/323/323 325/325/325 324/324/324 
f 324/324/324 325/325/325 326/326/326 
f 325/325/325 327/327/327 326/326/326 
f 326/326/326 327/327/327 328/328/328 
f 327/327/327 329/329/329 328/328/328 
f 328/328/328 329/329/329 330/330/330 
f 329/329/329 331/331/331 330/330/330 
f 330/330/330 331/331/331 332/332/332 
f 331/331/331 333/333/333 332/332/332 
f 332/332/332 333/333/333 334/334/334 
f 333/333/333 335/335/335 334/334/334 
f 334/334/334 335/335/335 336/336/336 
f 335/335/335 337/337/337 336/336/336 
f 336/336/336 337/337/337 338/338/338 
f 337/337/337 339/339/339 338/338/338 
f 338/338/338 339/339/339 339/339/339 
f 339/339/339 321/321/321 339/339/339 
f 339/339/339 321/321/321 321/321/321 
f 321/321/321 340/340/340 321/321/321 
f 321/321/321 340/340/340 323/323/323 
f 340/340/340 341/341/341 323/323/323 
f 323/323/323 341/341/341 325/325/325 
f 341/341/341 342/342/342 325/325/325 
f 325/325/325 342/342/342 327/327/327 
f 342/342/342 343/343/343 327/327/327 
f 327/327/327 343/343/343 329/329/329 
f 343/343/343 344/344/344 329/329/329 
f 329/329/329 344/344/344 331/331/331 
f 344/344/344 345/345/345 331/331/331 
f 331/331/331 345/345/345 333/333/333 
f 345/345/345 346/346/346 333/333/333 
f 333/333/333 346/346/346 335/335/335 
f 346/346/346 347/347/347 335/335/335 
f 335/335/335 347/347/347 337/337/337 
f 347/347/347 348/348/348 337/337/337 
f 337/337/337 348/348/348 339/339/339 
f 348/348/348 339/339/339 339/339/339 
f 339/339/339 339/339/339 349/349/349 
f 339/339/339 349/349/349 349/349/349 
f 349/349/349 349/349/349 349/349/349 
f 349/349/349 350/350/350 349/349/349 
f 349/349/349 350/350/350 351/351/351 
f 350/350/350 352/352/352 351/351/351 
f 351/351/351 352/352/352 353/353/353 
f 352/352/352 354/354/354 353/353/353 
f 353/353/353 354/354/354 355/355/355 
f 354/354/354 356/356/356 355/355/355 
f 355/355/355 356/356/356 357/357/357 
f 356/356/356 358/358/358 357/357/357 
f 357/357/357 358/358/358 359/359/359 
f 358/358/358 360/360/360 359/359/359 
f 359/359/359 360/360/360 361/361/361 
f 360/360/360 362/362/362 361/361/361 
f 361/361/361 362/362/362 363/363/363 
f 362/362/362 364/364/364 363/363/363 
f 363/363/363 364/364/364 365/365/365 
f 364/364/364 366/366/366 365/365/365 
f 365/365/365 366/366/366 367/367/367 
f 366/366/366 368/368/368 367/367/367 
f 367/367/367 368/368/368 368/368/368 
f 368/368/368 350/350/350 368/368/368 
f 368/368/368 350/350/350 350/350/350 
f 350/350/350 369/369/369 350/350/350 
f 350/350/350 369/369/369 352/352/352 
f 369/369/369 370/370/370 352/352/352 
f 352/352/352 370/370/370 354/354/354 
f 370/370/370 371/371/371 354/354/354 
f 354/354/354 371/371/371 356/356/356 
f 371/371/371 372/372/372 356/356/356 
f 356/356/356 372/372/372 358/358/358 
f 372/372/372 373/373/373 358/358/358 
f 358/358/358 373/373/373 360/360/360 
f 373/373/373 374/374/374 360/360/360 
f 360/360/360 374/374/374 362/362/362 
f 374/374/374 375/375/375 362/362/362 
f 362/362/362 375/375/375 364/364/364 
f 375/375/375 376/376/376 364/364/364 
f 364/364/364 376/376/376 366/366/366 
f 376/376/376 377/377/377 366/366/366 
f 366/366/366 377/377/377 368/368/368 
f 377/377/377 368/368/368 368/368/368 
f 368/368/368 368/368/368 378/378/378 
f 368/368/368 378/378/378 378/378/378 
f 378/378/378 378/378/378 378/378/378 
f 378/378/378 379/379/379 378/378/378 
f 378/378/378 379/379/379 380/380/380 
f 379/379/379 381/381/381 380/380/380 
f 380/380/380 381/381/381 382/382/382 
f 381/381/381 383/383/383 382/382/382 
f 382/382/382 383/383/383 384/384/384 
f 383/383/383 385/385/385 384/384/384 
f 384/384/384 385/385/385 386/386/386 
f 385/385/385 387/387/387 386/386/386 
f 386/386/386 387/387/387 388/388/388 
f 387/387/387 389/389/389 388/388/388 
f 388/388/388 389/389/389 390/390/390 
f 389/389/389 391/391/391 390/390/390 
f 390/390/390 391/391/391 392/392/392 
f 391/391/391 393/393/393 392/392/392 
f 392/392/392 393/393/393 394/394/394 
f 393/393/393 395/395/395 394/394/394 
f 394/394/394 395/395/395 396/396/396 
f 395/395/395 397/397/397 396/396/396 
f 396/396/396 397/397/397 398/398/398 
f 397/397/397 399/399/399 398/398/398 
f 398/398/398 399/399/399 400/400/400 
f 399/399/399 401/401/401 400/400/400 
f 400/400/400 401/401/401 124/124/124 
f 401/401/401 402/402/402 124/124/124 
f 124/124/124 402/402/402 122/122/122 
f 402/402/402 403/403/403 122/122/122 
f 122/122/122 403/403/403 120/120/120 
f 403/403/403 404/404/404 120/120/120 
f 120/120/120 404/404/404 118/118/118 
f 404/404/404 405/405/405 118/118/118 
f 118/118/118 405/405/405 116/116/116 
f 405/405/405 406/406/406 116/116/116 
f 116/116/116 406/406/406 114/114/114 
f 406/406/406 407/407/407 114/114/114 
f 114/114/114 407/407/407 378/378/378 
f 407/407/407 379/379/379 378/378/378 
f 378/378/378 379/379/379 379/379/379 
f 379/379/379 407/407/407 379/379/379 
f 379/379/379 407/407/407 407/407/407 
f 407/407/407 408/408/408 407/407/407 
f 407/407/407 408/408/408 379/379/379 
f 408/408/408 409/409/409 379/379/379 
f 379/379/379 409/409/409 381/381/381 
f 409/409/409 410/410/410 381/381/381 
f 381/381/381 410/410/410 383/383/383 
f 410/410/410 411/411/411 383/383/383 
f 383/383/383 411/411/411 385/385/385 
f 411/411/411 412/412/412 385/385/385 
f 385/385/385 412/412/412 387/387/387 
f 412/412/412 413/413/413 387/387/387 
f 387/387/387 413/413/413 389/389/389 
f 413/413/413 414/414/414 389/389/389 
f 389/389/389 414/414/414 391/391/391 
f 414/414/414 415/415/415 391/391/391 
f 391/391/391 415/415/415 393/393/393 
f 415/415/415 416/416/416 393/393/393 
f 393/393/393 416/416/416 395/395/395 
f 416/416/416 417/417/417 395/395/395 
f 395/395/395 417/417/417 397/397/397 
f 417/417/417 418/418/418 397/397/397 
f 397/397/397 418/418/418 399/399/399 
f 418/418/418 419/419/419 399/399/399 
f 399/399/399 419/419/419 401/401/401 
f 419/419/419 420/420/420 401/401/401 
f 401/401/401 420/420/420 402/402/402 
f 420/420/420 421/421/421 402/402/402 
f 402/402/402 421/421/421 403/403/403 
f 421/421/421 422/422/422 403/403/403 
f 403/403/403 422/422/422 404/404/404 
f 422/422/422 423/423/423 404/404/404 
f 404/404/404 423/423/423 405/405/405 
f 423/423/423 424/424/424 405/405/405 
f 405/405/405 424/424/424 406/406/406 
f 424/424/424 425/425/425 406/406/406 
f 406/406/406 425/425/425 407/407/407 
f 425/425/425 408/408/408 407/407/407 
f 407/407/407 408/408/408 408/408/408 
f 408/408/408 425/425/425 408/408/408 
f 408/408/408 425/425/425 425/425/425 
f 425/425/425 426/426/426 425/425/425 
f 425/425/425 426/426/426 408/408/408 
f 426/426/426 427/427/427 408/408/408 
f 408/408/408 427/427/427 409/409/409 
f 427/427/427 428/428/428 409/409/409 
f 409/409/409 428/428/428 410/410/410 
f 428/428/428 429/429/429 410/410/410 
f 410/410/410 429/429/429 411/411/411 
f 429/429/429 430/430/430 411/411/411 
f 411/411/411 430/430/430 412/412/412 
f 430/430/430 431/431/431 412/412/412 
f 412/412/412 431/431/431 413/413/413 
f 431/431/431 432/432/432 413/413/413 
f 413/413/413 432/432/432 414/414/414 
f 432/432/432 433/433/433 414/414/414 
f 414/414/414 433/433/433 415/415/415 
f 433/433/433 434/434/434 415/415/415 
f 415/415/415 434/434/434 416/416/416 
f 434/434/434 435/435/435 416/416/416 
f 416/416/416 435/435/435 417/417/417 
f 435/435/435 436/436/436 417/417/417 
f 417/417/417 436/436/436 418/418/418 
f 436/436/436 437/437/437 418/418/418 
f 418/418/418 437/437/437 419/419/419 
f 437/437/437 438/438/438 419/419/419 
f 419/419/419 438/438/438 420/420/420 
f 438/438/438 439/439/439 420/420/420 
f 420/420/420 439/439/439 421/421/421 
f 439/439/439 440/440/440 421/421/421 
f 421/421/421 440/440/440 422/422/422 
f 440/440/440 441/441/441 422/422/422 
f 422/422/422 441/441/441 423/423/423 
f 441/441/441 442/442/442 423/423/423 
f 423/423/423 442/442/442 424/424/424 
f 442/442/442 443/443/443 424/424/424 
f 424/424/424 443/443/443 425/425/425 
f 443/443/443 426/426/426 425/425/425 
f 425/425/425 426/426/426 426/426/426 
f 426/426/426 443/443/443 426/426/426 
f 426/426/426 443/443/443 443/443/443 
f 443/443/443 444/444/444 443/443/443 
f 443/443/443 444/444/444 426/426/426 
f 444/444/444 445/445/445 426/426/426 
f 426/426/426 445/445/445 427/427/427 
f 445/445/445 446/446/446 427/427/427 
f 427/427/427 446/446/446 428/428/428 
f 446/446/446 447/447/447 428/428/428 
f 428/428/428 447/447/447 429/429/429 
f 447/447/447 448/448/448 429/429/429 
f 429/429/429 448/448/448 430/430/430 
f 448/448/448 449/449/449 430/430/430 
f 430/430/430 449/449/449 431/431/431 
f 449/449/449 450/450/450 431/431/431 
f 431/431/431 450/450/450 432/432/432 
f 450/450/450 451/451/451 432/432/432 
f 432/432/432 451/451/451 433/433/433 
f 451/451/451 452/452/452 433/433/433 
f 433/433/433 452/452/452 434/434/434 
f 452/452/452 453/453/453 434/434/434 
f 434/434/434 453/453/453 435/435/435 
f 453/453/453 454/454/454 435/435/435 
f 435/435/435 454/454/454 436/436/436 
f 454/454/454 455/455/455 436/436/436 
f 436/436/436 455/455/455 437/437/437 
f 455/455/455 456/456/456 437/437/437 
f 437/437/437 456/456/456 438/438/438 
f 456/456/456 457/457/457 438/438/438 
f 438/438/438 457/457/457 439/439/439 
f 457/457/457 458/458/458 439/439/439 
f 439/439/439 458/458/458 440/440/440 
f 458/458/458 459/459/459 440/440/440 
f 440/440/440 459/459/459 441/441/441 
f 459/459/459 460/460/460 441/441/441 
f 441/441/441 460/460/460 442/442/442 
f 460/460/460 461/461/461 442/442/442 
f 442/442/442 461/461/461 443/443/443 
f 461/461/461 444/444/444 443/443/443 
f 443/443/443 444/444/444 444/444/444 
f 444/444/444 462/462/462 444/444/444 
f 444/444/444 462/462/462 462/462/462 
f 462/462/462 463/463/463 462/462/462 
f 462/462/462 463/463/463 464/464/464 
f 463/463/463 465/465/465 464/464/464 
f 464/464/464 465/465/465 466/466/466 
f 465/465/465 467/467/467 466/466/466 
f 466/466/466 467/467/467 468/468/468 
f 467/467/467 469/469/469 468/468/468 
f 468/468/468 469/469/469 470/470/470 
f 469/469/469 471/471/471 470/470/470 
f 470/470/470 471/471/471 472/472/472 
f 471/471/471 473/473/473 472/472/472 
f 472/472/472 473/473/473 474/474/474 
f 473/473/473 475/475/475 474/474/474 
f 474/474/474 475/475/475 476/476/476 
f 475/475/475 477/477/477 476/476/476 
f 476/476/476 477/477/477 478/478/478 
f 477/477/477 479/479/479 478/478/478 
f 478/478/478 479/479/479 480/480/480 
f 479/479/479 481/481/481 480/480/480 
f 480/480/480 481/481/481 482/482/482 
f 481/481/481 483/483/483 482/482/482 
f 482/482/482 483/483/483 484/484/484 
f 483/483/483 485/485/485 484/484/484 
f 484/484/484 485/485/485 486/486/486 
f 485/485/485 487/487/487 486/486/486 
f 486/486/486 487/487/487 488/488/488 
f 487/487/487 489/489/489 488/488/488 
f 488/488/488 489/489/489 490/490/490 
f 489/489/489 491/491/491 490/490/490 
f 490/490/490 491/491/491 492/492/492 
f 491/491/491 493/493/493 492/492/492 
f 492/492/492 493/493/493 494/494/494 
f 493/493/493 495/495/495 494/494/494 
f 494/494/494 495/495/495 496/496/496 
f 495/495/495 497/497/497 496/496/496 
f 496/496/496 497/497/497 462/462/462 
f 497/497/497 463/463/463 462/462/462 
f 462/462/462 463/463/463 463/463/463 
f 463/463/463 473/473/473 463/463/463 
f 463/463/463 473/473/473 473/473/473 
f 473/473/473 471/471/471 473/473/473 
f 473/473/473 471/471/471 475/475/475 
f 471/471/471 467/467/467 475/475/475 
f 475/475/475 467/467/467 479/479/479 
f 467/467/467 495/495/495 479/479/479 
f 479/479/479 495/495/495 487/487/487 
f 495/495/495 491/491/491 487/487/487 
f 487/487/487 491/491/491 489/489/489 
f 491/491/491 489/489/489 489/489/489 
f 489/489/489 489/489/489 487/487/487 
f 489/489/489 487/487/487 487/487/487 
f 487/487/487 487/487/487 487/487/487 
f 487/487/487 483/483/483 487/487/487 
f 487/487/487 483/483/483 479/479/479 
f 483/483/483 481/481/481 479/479/479 
f 479/479/479 481/481/481 481/481/481 
f 481/481/481 497/497/497 481/481/481 
f 481/481/481 497/497/497 497/497/497 
f 497/497/497 495/495/495 497/497/497 
f 497/497/497 495/495/495 463/463/463 
f 495/495/495 467/467/467 463/463/463 
f 463/463/463 467/467/467 465/465/465 
f 84/84/84 83/83/83 82/82/82 
f 80/80/80 79/79/79 78/78/78 
f 78/78/78 77/77/77 76/76/76 
f 74/74/74 73/73/73 72/72/72 
f 70/70/70 87/87/87 86/86/86 
f 350/350/350 498/498/498 369/369/369 
f 321/321/321 499/499/499 340/340/340 
f 183/183/183 277/277/277 202/202/202 
f 471/471/471 469/469/469 467/467/467 
f 495/495/495 493/493/493 491/491/491 
f 487/487/487 485/485/485 483/483/483 
f 479/479/479 477/477/477 475/475/475 

